09-27-2026 19:34:23 RAM 4619/6833MB (lfb 54x4MB) SWAP 1070/3416MB (cached 0MB) CPU [31%@1420,30%@1420,38%@1420,100%@1420,30%@1420,100%@1420] EMC_FREQ 0% GR3D_FREQ 0% AUX@45.5C CPU@47.5C thermal@45.95C AO@45C GPU@45.5C PMIC@50C
09-27-2026 19:34:24 RAM 4636/6833MB (lfb 54x4MB) SWAP 1070/3416MB (cached 0MB) CPU [100%@1420,100%@1420,100%@1420,100%@1420,100%@1420,100%@1420] EMC_FREQ 0% GR3D_FREQ 0% AUX@45.5C CPU@47.5C thermal@46.1C AO@45.5C GPU@45.5C PMIC@50C
09-27-2026 19:34:25 RAM 4768/6833MB (lfb 24x4MB) SWAP 1070/3416MB (cached 0MB) CPU [64%@1420,82%@1420,63%@1420,90%@1420,60%@1420,75%@1420] EMC_FREQ 0% GR3D_FREQ 0% AUX@45.5C CPU@47.5C thermal@45.95C AO@45.5C GPU@45.5C PMIC@50C
09-27-2026 19:34:26 RAM 4779/6833MB (lfb 24x4MB) SWAP 1070/3416MB (cached 0MB) CPU [16%@1420,16%@1420,7%@1420,100%@1420,3%@1420,100%@1420] EMC_FREQ 0% GR3D_FREQ 0% AUX@46C CPU@47.5C thermal@46.25C AO@46C GPU@45.5C PMIC@50C
09-27-2026 19:34:27 RAM 4652/6833MB (lfb 24x4MB) SWAP 1070/3416MB (cached 0MB) CPU [37%@1420,15%@1420,8%@1420,14%@1420,8%@1420,100%@1420] EMC_FREQ 0% GR3D_FREQ 0% AUX@45.5C CPU@47C thermal@46.15C AO@45.5C GPU@45.5C PMIC@50C
09-27-2026 19:34:28 RAM 4652/6833MB (lfb 24x4MB) SWAP 1070/3416MB (cached 0MB) CPU [8%@1420,6%@1420,6%@1420,5%@1420,3%@1420,100%@1420] EMC_FREQ 0% GR3D_FREQ 0% AUX@45.5C CPU@47C thermal@45.95C AO@45.5C GPU@45.5C PMIC@50C
09-27-2026 19:34:29 RAM 4652/6833MB (lfb 24x4MB) SWAP 1070/3416MB (cached 0MB) CPU [20%@1420,16%@1420,22%@1420,17%@1420,15%@1420,100%@1420] EMC_FREQ 0% GR3D_FREQ 0% AUX@45.5C CPU@47.5C thermal@45.95C AO@45.5C GPU@45.5C PMIC@50C
09-27-2026 19:34:30 RAM 4652/6833MB (lfb 24x4MB) SWAP 1070/3416MB (cached 0MB) CPU [36%@1420,17%@1420,18%@1420,17%@1420,9%@1420,100%@1420] EMC_FREQ 0% GR3D_FREQ 0% AUX@45.5C CPU@46.5C thermal@45.95C AO@45.5C GPU@45C PMIC@50C
09-27-2026 19:34:31 RAM 4650/6833MB (lfb 54x4MB) SWAP 1070/3416MB (cached 0MB) CPU [8%@1420,15%@1420,13%@1420,10%@1420,8%@1420,100%@1420] EMC_FREQ 0% GR3D_FREQ 0% AUX@45.5C CPU@47C thermal@45.65C AO@45.5C GPU@45.5C PMIC@50C
09-27-2026 19:34:32 RAM 4650/6833MB (lfb 54x4MB) SWAP 1070/3416MB (cached 0MB) CPU [7%@1420,5%@1420,10%@1420,4%@1420,3%@1420,100%@1420] EMC_FREQ 0% GR3D_FREQ 0% AUX@45.5C CPU@47C thermal@45.95C AO@45.5C GPU@45.5C PMIC@50C
09-27-2026 19:34:33 RAM 4650/6833MB (lfb 54x4MB) SWAP 1070/3416MB (cached 0MB) CPU [3%@1420,16%@1420,8%@1420,11%@1420,3%@1420,100%@1420] EMC_FREQ 0% GR3D_FREQ 0% AUX@45.5C CPU@46.5C thermal@45.8C AO@45.5C GPU@45.5C PMIC@50C
09-27-2026 19:34:34 RAM 4650/6833MB (lfb 54x4MB) SWAP 1070/3416MB (cached 0MB) CPU [7%@1420,3%@1420,7%@1420,5%@1420,4%@1420,100%@1420] EMC_FREQ 0% GR3D_FREQ 0% AUX@45C CPU@46.5C thermal@45.6C AO@45.5C GPU@45.5C PMIC@50C
09-27-2026 19:34:35 RAM 4772/6833MB (lfb 54x4MB) SWAP 1070/3416MB (cached 0MB) CPU [36%@1420,40%@1420,70%@1420,35%@1420,57%@1420,55%@1420] EMC_FREQ 0% GR3D_FREQ 0% AUX@45.5C CPU@46.5C thermal@45.95C AO@45.5C GPU@45.5C PMIC@50C
09-27-2026 19:34:36 RAM 4773/6833MB (lfb 24x4MB) SWAP 1070/3416MB (cached 0MB) CPU [18%@1420,13%@1420,100%@1420,12%@1420,100%@1420,11%@1420] EMC_FREQ 0% GR3D_FREQ 0% AUX@45C CPU@46.5C thermal@45.65C AO@45.5C GPU@45.5C PMIC@50C
09-27-2026 19:34:37 RAM 4648/6833MB (lfb 24x4MB) SWAP 1070/3416MB (cached 0MB) CPU [17%@1420,33%@1420,100%@1420,11%@1420,34%@1420,13%@1420] EMC_FREQ 0% GR3D_FREQ 0% AUX@45C CPU@46.5C thermal@45.6C AO@45.5C GPU@45.5C PMIC@50C
09-27-2026 19:34:38 RAM 4649/6833MB (lfb 24x4MB) SWAP 1070/3416MB (cached 0MB) CPU [8%@1420,6%@1420,100%@1420,6%@1420,7%@1420,3%@1420] EMC_FREQ 0% GR3D_FREQ 0% AUX@45C CPU@46C thermal@45.3C AO@45.5C GPU@45.5C PMIC@50C
09-27-2026 19:34:39 RAM 4648/6833MB (lfb 24x4MB) SWAP 1070/3416MB (cached 0MB) CPU [8%@1420,5%@1420,100%@1420,7%@1420,4%@1420,5%@1420] EMC_FREQ 0% GR3D_FREQ 0% AUX@45C CPU@46C thermal@45.3C AO@45C GPU@45.5C PMIC@50C
09-27-2026 19:34:40 RAM 4648/6833MB (lfb 24x4MB) SWAP 1070/3416MB (cached 0MB) CPU [18%@1420,4%@1420,100%@1420,12%@1420,4%@1420,5%@1420] EMC_FREQ 0% GR3D_FREQ 0% AUX@45C CPU@46C thermal@45.3C AO@45C GPU@45C PMIC@50C
09-27-2026 19:34:41 RAM 4648/6833MB (lfb 54x4MB) SWAP 1070/3416MB (cached 0MB) CPU [14%@1420,10%@1420,100%@1420,5%@1420,13%@1420,5%@1420] EMC_FREQ 0% GR3D_FREQ 99% AUX@45C CPU@46C thermal@45.3C AO@45C GPU@45.5C PMIC@50C
09-27-2026 19:34:42 RAM 4647/6833MB (lfb 54x4MB) SWAP 1070/3416MB (cached 0MB) CPU [6%@1420,10%@1420,100%@1420,3%@1420,8%@1420,8%@1420] EMC_FREQ 0% GR3D_FREQ 0% AUX@45C CPU@46C thermal@45.6C AO@45C GPU@45C PMIC@50C
09-27-2026 19:34:43 RAM 4647/6833MB (lfb 54x4MB) SWAP 1070/3416MB (cached 0MB) CPU [8%@1420,7%@1420,100%@1420,1%@1420,7%@1420,4%@1420] EMC_FREQ 0% GR3D_FREQ 0% AUX@45C CPU@46C thermal@45.3C AO@44.5C GPU@45C PMIC@50C
09-27-2026 19:34:44 RAM 4647/6833MB (lfb 54x4MB) SWAP 1070/3416MB (cached 0MB) CPU [8%@1420,8%@1420,100%@1420,3%@1420,7%@1420,5%@1420] EMC_FREQ 0% GR3D_FREQ 0% AUX@45C CPU@46C thermal@45.3C AO@45C GPU@45C PMIC@50C
09-27-2026 19:34:45 RAM 4770/6833MB (lfb 54x4MB) SWAP 1070/3416MB (cached 0MB) CPU [30%@1420,37%@1420,100%@1420,24%@1420,38%@1420,29%@1420] EMC_FREQ 0% GR3D_FREQ 0% AUX@45C CPU@46.5C thermal@45.3C AO@45C GPU@45C PMIC@50C
09-27-2026 19:34:46 RAM 4772/6833MB (lfb 54x4MB) SWAP 1070/3416MB (cached 0MB) CPU [14%@1420,7%@1420,100%@1420,6%@1420,100%@1420,7%@1420] EMC_FREQ 0% GR3D_FREQ 0% AUX@45C CPU@46C thermal@45.3C AO@45C GPU@44.5C PMIC@50C
09-27-2026 19:34:47 RAM 4648/6833MB (lfb 24x4MB) SWAP 1070/3416MB (cached 0MB) CPU [50%@1420,20%@1420,100%@1420,13%@1420,38%@1420,31%@1420] EMC_FREQ 0% GR3D_FREQ 0% AUX@45C CPU@46C thermal@45.45C AO@44.5C GPU@45C PMIC@50C
09-27-2026 19:34:48 RAM 4648/6833MB (lfb 24x4MB) SWAP 1070/3416MB (cached 0MB) CPU [5%@1420,7%@1420,100%@1420,8%@1420,3%@1420,6%@1420] EMC_FREQ 0% GR3D_FREQ 0% AUX@45C CPU@46C thermal@45.3C AO@44.5C GPU@45C PMIC@50C
09-27-2026 19:34:49 RAM 4647/6833MB (lfb 24x4MB) SWAP 1070/3416MB (cached 0MB) CPU [5%@1420,6%@1420,100%@1420,10%@1420,4%@1420,6%@1420] EMC_FREQ 0% GR3D_FREQ 0% AUX@45C CPU@45.5C thermal@45.3C AO@44.5C GPU@45C PMIC@50C
09-27-2026 19:34:50 RAM 4647/6833MB (lfb 24x4MB) SWAP 1070/3416MB (cached 0MB) CPU [5%@1420,7%@1420,100%@1420,9%@1420,3%@1420,5%@1420] EMC_FREQ 0% GR3D_FREQ 0% AUX@45C CPU@45.5C thermal@45.15C AO@44.5C GPU@44.5C PMIC@50C
09-27-2026 19:34:51 RAM 4647/6833MB (lfb 24x4MB) SWAP 1070/3416MB (cached 0MB) CPU [18%@1420,3%@1420,100%@1420,9%@1420,6%@1420,9%@1420] EMC_FREQ 0% GR3D_FREQ 0% AUX@44.5C CPU@45.5C thermal@45.15C AO@45C GPU@45C PMIC@50C
09-27-2026 19:34:52 RAM 4647/6833MB (lfb 54x4MB) SWAP 1070/3416MB (cached 0MB) CPU [8%@1420,7%@1420,86%@1420,11%@1420,25%@1420,12%@1420] EMC_FREQ 0% GR3D_FREQ 0% AUX@44.5C CPU@45.5C thermal@45.1C AO@45C GPU@45C PMIC@50C
09-27-2026 19:34:53 RAM 4647/6833MB (lfb 54x4MB) SWAP 1070/3416MB (cached 0MB) CPU [9%@1420,12%@1420,100%@1420,3%@1420,3%@1420,5%@1420] EMC_FREQ 0% GR3D_FREQ 0% AUX@44.5C CPU@45.5C thermal@44.95C AO@45C GPU@44.5C PMIC@50C
09-27-2026 19:34:54 RAM 4647/6833MB (lfb 54x4MB) SWAP 1070/3416MB (cached 0MB) CPU [7%@1420,12%@1420,100%@1420,3%@1420,3%@1420,3%@1420] EMC_FREQ 0% GR3D_FREQ 0% AUX@44.5C CPU@45.5C thermal@45C AO@44.5C GPU@44.5C PMIC@50C
09-27-2026 19:34:55 RAM 4688/6833MB (lfb 54x4MB) SWAP 1070/3416MB (cached 0MB) CPU [23%@1420,20%@1420,100%@1420,16%@1420,20%@1420,31%@1420] EMC_FREQ 0% GR3D_FREQ 0% AUX@44.5C CPU@46C thermal@44.8C AO@44.5C GPU@44.5C PMIC@50C
09-27-2026 19:34:56 RAM 4780/6833MB (lfb 54x4MB) SWAP 1070/3416MB (cached 0MB) CPU [76%@1420,70%@1420,98%@1420,60%@1420,68%@1420,68%@1420] EMC_FREQ 0% GR3D_FREQ 0% AUX@45C CPU@46C thermal@45.1C AO@44.5C GPU@44.5C PMIC@50C
09-27-2026 19:34:57 RAM 4782/6833MB (lfb 24x4MB) SWAP 1070/3416MB (cached 0MB) CPU [81%@1420,16%@1420,100%@1420,9%@1420,31%@1420,12%@1420] EMC_FREQ 0% GR3D_FREQ 99% AUX@44.5C CPU@46C thermal@44.95C AO@44.5C GPU@45.5C PMIC@50C
09-27-2026 19:34:58 RAM 4654/6833MB (lfb 24x4MB) SWAP 1070/3416MB (cached 0MB) CPU [30%@1420,15%@1420,100%@1420,12%@1420,69%@1420,24%@1420] EMC_FREQ 0% GR3D_FREQ 0% AUX@44.5C CPU@45.5C thermal@45C AO@44.5C GPU@45C PMIC@50C
09-27-2026 19:34:59 RAM 4654/6833MB (lfb 24x4MB) SWAP 1070/3416MB (cached 0MB) CPU [6%@1420,8%@1420,100%@1420,3%@1420,9%@1420,4%@1420] EMC_FREQ 0% GR3D_FREQ 0% AUX@44.5C CPU@45.5C thermal@45C AO@44.5C GPU@44.5C PMIC@50C
09-27-2026 19:35:00 RAM 4654/6833MB (lfb 24x4MB) SWAP 1070/3416MB (cached 0MB) CPU [6%@1420,7%@1420,100%@1420,4%@1420,4%@1420,8%@1420] EMC_FREQ 0% GR3D_FREQ 0% AUX@45C CPU@45.5C thermal@45.15C AO@44.5C GPU@45C PMIC@50C
09-27-2026 19:35:01 RAM 4654/6833MB (lfb 24x4MB) SWAP 1070/3416MB (cached 0MB) CPU [17%@1420,6%@1420,100%@1420,5%@1420,11%@1420,5%@1420] EMC_FREQ 0% GR3D_FREQ 0% AUX@44.5C CPU@46C thermal@45.3C AO@45C GPU@44.5C PMIC@50C
09-27-2026 19:35:02 RAM 4654/6833MB (lfb 24x4MB) SWAP 1070/3416MB (cached 0MB) CPU [7%@1420,9%@1420,100%@1420,4%@1420,3%@1420,6%@1420] EMC_FREQ 0% GR3D_FREQ 0% AUX@45C CPU@46C thermal@45.15C AO@45C GPU@44.5C PMIC@50C
09-27-2026 19:35:03 RAM 4655/6833MB (lfb 54x4MB) SWAP 1070/3416MB (cached 0MB) CPU [12%@1420,20%@1420,100%@1420,3%@1420,4%@1420,8%@1420] EMC_FREQ 0% GR3D_FREQ 0% AUX@45C CPU@46C thermal@46.05C AO@45C GPU@45.5C PMIC@50C
09-27-2026 19:35:04 RAM 4655/6833MB (lfb 54x4MB) SWAP 1070/3416MB (cached 0MB) CPU [14%@1420,4%@1420,100%@1420,3%@1420,15%@1420,4%@1420] EMC_FREQ 0% GR3D_FREQ 0% AUX@45C CPU@46C thermal@45.3C AO@45C GPU@45C PMIC@50C
09-27-2026 19:35:05 RAM 4655/6833MB (lfb 54x4MB) SWAP 1070/3416MB (cached 0MB) CPU [13%@1420,6%@1420,100%@1420,4%@1420,3%@1420,5%@1420] EMC_FREQ 0% GR3D_FREQ 0% AUX@45C CPU@46C thermal@45.45C AO@45.5C GPU@45.5C PMIC@50C
09-27-2026 19:35:06 RAM 4673/6833MB (lfb 54x4MB) SWAP 1070/3416MB (cached 0MB) CPU [20%@1420,17%@1420,100%@1420,13%@1420,17%@1420,16%@1420] EMC_FREQ 0% GR3D_FREQ 0% AUX@45C CPU@46.5C thermal@45.6C AO@45.5C GPU@45.5C PMIC@50C
09-27-2026 19:35:07 RAM 4779/6833MB (lfb 54x4MB) SWAP 1070/3416MB (cached 0MB) CPU [73%@1420,87%@1420,85%@1420,76%@1420,87%@1420,80%@1420] EMC_FREQ 0% GR3D_FREQ 0% AUX@45.5C CPU@47C thermal@45.95C AO@45.5C GPU@45.5C PMIC@50C
09-27-2026 19:35:08 RAM 4800/6833MB (lfb 23x4MB) SWAP 1070/3416MB (cached 0MB) CPU [19%@1420,100%@1420,50%@1420,49%@1420,32%@1420,37%@1420] EMC_FREQ 0% GR3D_FREQ 0% AUX@45.5C CPU@47C thermal@46.25C AO@45.5C GPU@46.5C PMIC@50C
09-27-2026 19:35:09 RAM 4823/6833MB (lfb 24x4MB) SWAP 1070/3416MB (cached 0MB) CPU [31%@1420,100%@1420,35%@1420,67%@1420,37%@1420,22%@1420] EMC_FREQ 0% GR3D_FREQ 0% AUX@46C CPU@47.5C thermal@46.25C AO@45.5C GPU@45.5C PMIC@50C
09-27-2026 19:35:10 RAM 4696/6833MB (lfb 24x4MB) SWAP 1070/3416MB (cached 0MB) CPU [19%@1420,100%@1420,11%@1420,11%@1420,22%@1420,7%@1420] EMC_FREQ 0% GR3D_FREQ 0% AUX@45.5C CPU@47C thermal@46.3C AO@45.5C GPU@46C PMIC@50C
09-27-2026 19:35:11 RAM 4696/6833MB (lfb 24x4MB) SWAP 1070/3416MB (cached 0MB) CPU [12%@1420,100%@1420,4%@1420,2%@1420,3%@1420,5%@1420] EMC_FREQ 0% GR3D_FREQ 0% AUX@45.5C CPU@47C thermal@46.3C AO@45.5C GPU@46C PMIC@50C
09-27-2026 19:35:12 RAM 4696/6833MB (lfb 24x4MB) SWAP 1070/3416MB (cached 0MB) CPU [20%@1420,100%@1420,5%@1420,6%@1420,3%@1420,7%@1420] EMC_FREQ 0% GR3D_FREQ 0% AUX@45.5C CPU@47C thermal@46.1C AO@45.5C GPU@46C PMIC@50C
09-27-2026 19:35:13 RAM 4694/6833MB (lfb 53x4MB) SWAP 1070/3416MB (cached 0MB) CPU [11%@1420,100%@1420,8%@1420,8%@1420,10%@1420,27%@1420] EMC_FREQ 0% GR3D_FREQ 99% AUX@45.5C CPU@47C thermal@46.1C AO@45.5C GPU@46.5C PMIC@50C
09-27-2026 19:35:14 RAM 4694/6833MB (lfb 53x4MB) SWAP 1070/3416MB (cached 0MB) CPU [8%@1420,100%@1420,7%@1420,9%@1420,16%@1420,8%@1420] EMC_FREQ 0% GR3D_FREQ 0% AUX@45.5C CPU@47C thermal@46.1C AO@45.5C GPU@46C PMIC@50C
09-27-2026 19:35:15 RAM 4694/6833MB (lfb 53x4MB) SWAP 1070/3416MB (cached 0MB) CPU [4%@1420,100%@1420,7%@1420,9%@1420,5%@1420,6%@1420] EMC_FREQ 0% GR3D_FREQ 0% AUX@45.5C CPU@47C thermal@45.95C AO@45.5C GPU@45.5C PMIC@50C
09-27-2026 19:35:16 RAM 4694/6833MB (lfb 53x4MB) SWAP 1070/3416MB (cached 0MB) CPU [9%@1420,100%@1420,7%@1420,6%@1420,4%@1420,3%@1420] EMC_FREQ 0% GR3D_FREQ 0% AUX@45.5C CPU@46.5C thermal@45.8C AO@45.5C GPU@45.5C PMIC@50C
09-27-2026 19:35:17 RAM 4694/6833MB (lfb 53x4MB) SWAP 1070/3416MB (cached 0MB) CPU [15%@1420,100%@1420,10%@1420,8%@1420,6%@1420,6%@1420] EMC_FREQ 0% GR3D_FREQ 0% AUX@45.5C CPU@46.5C thermal@45.8C AO@45.5C GPU@45.5C PMIC@50C
09-27-2026 19:35:18 RAM 4821/6833MB (lfb 49x4MB) SWAP 1070/3416MB (cached 0MB) CPU [35%@1420,100%@1420,42%@1420,41%@1420,54%@1420,43%@1420] EMC_FREQ 0% GR3D_FREQ 0% AUX@45C CPU@46.5C thermal@45.8C AO@45.5C GPU@45.5C PMIC@50C
09-27-2026 19:35:19 RAM 4706/6833MB (lfb 24x4MB) SWAP 1070/3416MB (cached 0MB) CPU [34%@1420,100%@1420,61%@1420,46%@1420,31%@1420,42%@1420] EMC_FREQ 0% GR3D_FREQ 0% AUX@45.5C CPU@46.5C thermal@45.8C AO@45.5C GPU@45.5C PMIC@50C
09-27-2026 19:35:20 RAM 4705/6833MB (lfb 24x4MB) SWAP 1070/3416MB (cached 0MB) CPU [2%@1420,100%@1420,5%@1420,5%@1420,10%@1420,9%@1420] EMC_FREQ 0% GR3D_FREQ 0% AUX@45.5C CPU@46.5C thermal@45.8C AO@45.5C GPU@45.5C PMIC@50C
09-27-2026 19:35:21 RAM 4705/6833MB (lfb 24x4MB) SWAP 1070/3416MB (cached 0MB) CPU [5%@1420,100%@1420,4%@1420,3%@1420,6%@1420,10%@1420] EMC_FREQ 0% GR3D_FREQ 0% AUX@45C CPU@46.5C thermal@45.8C AO@45.5C GPU@45.5C PMIC@50C
09-27-2026 19:35:22 RAM 4705/6833MB (lfb 24x4MB) SWAP 1070/3416MB (cached 0MB) CPU [6%@1420,100%@1420,4%@1420,4%@1420,5%@1420,13%@1420] EMC_FREQ 0% GR3D_FREQ 0% AUX@45.5C CPU@46C thermal@45.6C AO@45C GPU@45.5C PMIC@50C
09-27-2026 19:35:23 RAM 4705/6833MB (lfb 24x4MB) SWAP 1070/3416MB (cached 0MB) CPU [14%@1420,100%@1420,4%@1420,6%@1420,8%@1420,11%@1420] EMC_FREQ 0% GR3D_FREQ 0% AUX@45C CPU@46C thermal@45.45C AO@45C GPU@45C PMIC@50C
09-27-2026 19:35:24 RAM 4706/6833MB (lfb 49x4MB) SWAP 1070/3416MB (cached 0MB) CPU [6%@1420,100%@1420,12%@1420,14%@1420,10%@1420,6%@1420] EMC_FREQ 0% GR3D_FREQ 0% AUX@45C CPU@46.5C thermal@45.45C AO@45C GPU@45C PMIC@50C
09-27-2026 19:35:25 RAM 4706/6833MB (lfb 49x4MB) SWAP 1070/3416MB (cached 0MB) CPU [5%@1420,100%@1420,7%@1420,12%@1420,3%@1420,4%@1420] EMC_FREQ 0% GR3D_FREQ 0% AUX@45C CPU@46.5C thermal@45.45C AO@45C GPU@45C PMIC@50C
09-27-2026 19:35:26 RAM 4706/6833MB (lfb 49x4MB) SWAP 1070/3416MB (cached 0MB) CPU [4%@1420,100%@1420,10%@1420,9%@1420,4%@1420,6%@1420] EMC_FREQ 0% GR3D_FREQ 0% AUX@45C CPU@46C thermal@45.45C AO@45C GPU@45C PMIC@50C
09-27-2026 19:35:27 RAM 4793/6833MB (lfb 49x4MB) SWAP 1070/3416MB (cached 0MB) CPU [21%@1420,100%@1420,19%@1420,20%@1420,29%@1420,28%@1420] EMC_FREQ 0% GR3D_FREQ 0% AUX@45C CPU@47C thermal@45.45C AO@45C GPU@45C PMIC@50C
09-27-2026 19:35:28 RAM 4818/6833MB (lfb 49x4MB) SWAP 1070/3416MB (cached 0MB) CPU [15%@1420,100%@1420,13%@1420,17%@1420,14%@1420,98%@1420] EMC_FREQ 0% GR3D_FREQ 0% AUX@45C CPU@46.5C thermal@45.45C AO@45C GPU@45C PMIC@50C
09-27-2026 19:35:29 RAM 4694/6833MB (lfb 24x4MB) SWAP 1070/3416MB (cached 0MB) CPU [16%@1420,100%@1420,28%@1420,24%@1420,25%@1420,45%@1420] EMC_FREQ 0% GR3D_FREQ 99% AUX@45C CPU@46.5C thermal@45.3C AO@45C GPU@46C PMIC@50C
09-27-2026 19:35:30 RAM 4694/6833MB (lfb 24x4MB) SWAP 1070/3416MB (cached 0MB) CPU [8%@1420,100%@1420,9%@1420,9%@1420,3%@1420,4%@1420] EMC_FREQ 0% GR3D_FREQ 0% AUX@45C CPU@46C thermal@45.3C AO@45C GPU@45C PMIC@50C
09-27-2026 19:35:31 RAM 4694/6833MB (lfb 24x4MB) SWAP 1070/3416MB (cached 0MB) CPU [6%@1420,100%@1420,9%@1420,4%@1420,4%@1420,5%@1420] EMC_FREQ 0% GR3D_FREQ 0% AUX@45C CPU@46C thermal@45.3C AO@45C GPU@45C PMIC@50C
09-27-2026 19:35:32 RAM 4693/6833MB (lfb 24x4MB) SWAP 1070/3416MB (cached 0MB) CPU [4%@1420,100%@1420,9%@1420,7%@1420,4%@1420,5%@1420] EMC_FREQ 0% GR3D_FREQ 0% AUX@45C CPU@46C thermal@45.3C AO@44.5C GPU@45C PMIC@50C
09-27-2026 19:35:34 RAM 4693/6833MB (lfb 24x4MB) SWAP 1070/3416MB (cached 0MB) CPU [16%@1420,100%@1420,6%@1420,11%@1420,4%@1420,4%@1420] EMC_FREQ 0% GR3D_FREQ 0% AUX@45C CPU@46C thermal@45.3C AO@44.5C GPU@45C PMIC@50C
09-27-2026 19:35:35 RAM 4694/6833MB (lfb 49x4MB) SWAP 1070/3416MB (cached 0MB) CPU [4%@1420,100%@1420,17%@1420,9%@1420,10%@1420,6%@1420] EMC_FREQ 0% GR3D_FREQ 99% AUX@45C CPU@46C thermal@45.3C AO@45C GPU@45C PMIC@50C
09-27-2026 19:35:36 RAM 4694/6833MB (lfb 49x4MB) SWAP 1070/3416MB (cached 0MB) CPU [3%@1420,100%@1420,7%@1420,9%@1420,5%@1420,7%@1420] EMC_FREQ 0% GR3D_FREQ 0% AUX@44.5C CPU@46C thermal@45.45C AO@45C GPU@45C PMIC@50C
09-27-2026 19:35:37 RAM 4694/6833MB (lfb 49x4MB) SWAP 1070/3416MB (cached 0MB) CPU [10%@1420,100%@1420,6%@1420,10%@1420,4%@1420,3%@1420] EMC_FREQ 0% GR3D_FREQ 0% AUX@45C CPU@45.5C thermal@45.3C AO@45C GPU@45C PMIC@50C
09-27-2026 19:35:38 RAM 4816/6833MB (lfb 49x4MB) SWAP 1070/3416MB (cached 0MB) CPU [28%@1420,100%@1420,33%@1420,29%@1420,55%@1420,32%@1420] EMC_FREQ 0% GR3D_FREQ 0% AUX@45C CPU@46.5C thermal@45.3C AO@45C GPU@45C PMIC@50C
09-27-2026 19:35:39 RAM 4820/6833MB (lfb 49x4MB) SWAP 1070/3416MB (cached 0MB) CPU [7%@1420,100%@1420,13%@1420,13%@1420,100%@1420,22%@1420] EMC_FREQ 0% GR3D_FREQ 0% AUX@45C CPU@46.5C thermal@45.3C AO@44.5C GPU@45C PMIC@50C
09-27-2026 19:35:40 RAM 4900/6833MB (lfb 14x4MB) SWAP 1070/3416MB (cached 0MB) CPU [9%@1420,100%@1420,10%@1420,15%@1420,10%@1420,23%@1420] EMC_FREQ 0% GR3D_FREQ 0% AUX@45C CPU@46C thermal@45C AO@44.5C GPU@44.5C PMIC@50C
09-27-2026 19:35:41 RAM 4693/6833MB (lfb 24x4MB) SWAP 1070/3416MB (cached 0MB) CPU [12%@1420,100%@1420,7%@1420,10%@1420,6%@1420,11%@1420] EMC_FREQ 0% GR3D_FREQ 0% AUX@45C CPU@46C thermal@45.1C AO@45C GPU@45C PMIC@50C
09-27-2026 19:35:42 RAM 4693/6833MB (lfb 24x4MB) SWAP 1070/3416MB (cached 0MB) CPU [3%@1420,100%@1420,4%@1420,6%@1420,6%@1420,8%@1420] EMC_FREQ 0% GR3D_FREQ 0% AUX@44.5C CPU@46C thermal@44.95C AO@44.5C GPU@44.5C PMIC@50C
09-27-2026 19:35:43 RAM 4693/6833MB (lfb 24x4MB) SWAP 1070/3416MB (cached 0MB) CPU [5%@1420,100%@1420,3%@1420,8%@1420,5%@1420,10%@1420] EMC_FREQ 0% GR3D_FREQ 0% AUX@44.5C CPU@45.5C thermal@44.95C AO@44.5C GPU@44.5C PMIC@50C
09-27-2026 19:35:44 RAM 4693/6833MB (lfb 24x4MB) SWAP 1070/3416MB (cached 0MB) CPU [5%@1420,100%@1420,7%@1420,7%@1420,6%@1420,16%@1420] EMC_FREQ 0% GR3D_FREQ 0% AUX@44.5C CPU@45.5C thermal@44.95C AO@44.5C GPU@44.5C PMIC@50C
09-27-2026 19:35:45 RAM 4693/6833MB (lfb 24x4MB) SWAP 1070/3416MB (cached 0MB) CPU [6%@1420,100%@1420,3%@1420,6%@1420,8%@1420,9%@1420] EMC_FREQ 0% GR3D_FREQ 0% AUX@44.5C CPU@45.5C thermal@44.8C AO@44.5C GPU@44.5C PMIC@50C
09-27-2026 19:35:46 RAM 4694/6833MB (lfb 50x4MB) SWAP 1070/3416MB (cached 0MB) CPU [7%@1420,100%@1420,5%@1420,17%@1420,11%@1420,7%@1420] EMC_FREQ 0% GR3D_FREQ 0% AUX@44.5C CPU@45.5C thermal@44.65C AO@45C GPU@45C PMIC@50C
09-27-2026 19:35:47 RAM 4695/6833MB (lfb 50x4MB) SWAP 1070/3416MB (cached 0MB) CPU [5%@1420,100%@1420,8%@1420,7%@1420,15%@1420,9%@1420] EMC_FREQ 0% GR3D_FREQ 0% AUX@44.5C CPU@45.5C thermal@44.8C AO@44.5C GPU@44.5C PMIC@50C
09-27-2026 19:35:48 RAM 4818/6833MB (lfb 50x4MB) SWAP 1070/3416MB (cached 0MB) CPU [47%@1420,84%@1420,66%@1420,55%@1420,75%@1420,69%@1420] EMC_FREQ 0% GR3D_FREQ 0% AUX@44.5C CPU@46C thermal@45.1C AO@44.5C GPU@44.5C PMIC@50C
09-27-2026 19:35:49 RAM 4814/6833MB (lfb 50x4MB) SWAP 1070/3416MB (cached 0MB) CPU [10%@1420,9%@1420,100%@1420,14%@1420,99%@1420,14%@1420] EMC_FREQ 0% GR3D_FREQ 0% AUX@44.5C CPU@46C thermal@44.8C AO@44.5C GPU@45C PMIC@50C
09-27-2026 19:35:50 RAM 4695/6833MB (lfb 50x4MB) SWAP 1070/3416MB (cached 0MB) CPU [27%@1420,21%@1420,16%@1420,19%@1420,100%@1420,12%@1420] EMC_FREQ 0% GR3D_FREQ 0% AUX@44.5C CPU@45.5C thermal@44.8C AO@44C GPU@44.5C PMIC@50C
09-27-2026 19:35:51 RAM 4694/6833MB (lfb 24x4MB) SWAP 1070/3416MB (cached 0MB) CPU [13%@1420,13%@1420,11%@1420,16%@1420,100%@1420,6%@1420] EMC_FREQ 0% GR3D_FREQ 0% AUX@44.5C CPU@45.5C thermal@45.1C AO@44.5C GPU@45C PMIC@50C
09-27-2026 19:35:52 RAM 4694/6833MB (lfb 24x4MB) SWAP 1070/3416MB (cached 0MB) CPU [14%@1420,8%@1420,5%@1420,2%@1420,100%@1420,3%@1420] EMC_FREQ 0% GR3D_FREQ 0% AUX@44.5C CPU@45.5C thermal@44.8C AO@44.5C GPU@44.5C PMIC@50C
09-27-2026 19:35:53 RAM 4694/6833MB (lfb 24x4MB) SWAP 1070/3416MB (cached 0MB) CPU [7%@1420,7%@1420,5%@1420,6%@1420,100%@1420,3%@1420] EMC_FREQ 0% GR3D_FREQ 0% AUX@44.5C CPU@45.5C thermal@44.8C AO@44.5C GPU@44.5C PMIC@50C
09-27-2026 19:35:54 RAM 4694/6833MB (lfb 24x4MB) SWAP 1070/3416MB (cached 0MB) CPU [7%@1420,5%@1420,30%@1420,13%@1420,75%@1420,16%@1420] EMC_FREQ 0% GR3D_FREQ 0% AUX@44.5C CPU@45.5C thermal@44.6C AO@44C GPU@44.5C PMIC@50C
09-27-2026 19:35:55 RAM 4694/6833MB (lfb 24x4MB) SWAP 1070/3416MB (cached 0MB) CPU [7%@1420,9%@1420,59%@1420,11%@1420,43%@1420,1%@1420] EMC_FREQ 0% GR3D_FREQ 0% AUX@44.5C CPU@45.5C thermal@44.8C AO@44.5C GPU@44.5C PMIC@50C
09-27-2026 19:35:56 RAM 4694/6833MB (lfb 50x4MB) SWAP 1070/3416MB (cached 0MB) CPU [13%@1420,9%@1420,93%@1420,12%@1420,12%@1420,16%@1420] EMC_FREQ 0% GR3D_FREQ 0% AUX@44.5C CPU@45.5C thermal@44.5C AO@44C GPU@44C PMIC@50C
09-27-2026 19:35:57 RAM 4694/6833MB (lfb 50x4MB) SWAP 1070/3416MB (cached 0MB) CPU [7%@1420,11%@1420,5%@1420,5%@1420,100%@1420,8%@1420] EMC_FREQ 0% GR3D_FREQ 0% AUX@44C CPU@45.5C thermal@44.9C AO@44.5C GPU@44.5C PMIC@50C
09-27-2026 19:35:58 RAM 4822/6833MB (lfb 48x4MB) SWAP 1070/3416MB (cached 0MB) CPU [40%@1420,33%@1420,48%@1420,49%@1420,85%@1420,43%@1420] EMC_FREQ 0% GR3D_FREQ 0% AUX@44.5C CPU@45.5C thermal@44.8C AO@44C GPU@44.5C PMIC@50C
09-27-2026 19:35:59 RAM 4823/6833MB (lfb 48x4MB) SWAP 1070/3416MB (cached 0MB) CPU [39%@1420,47%@1420,100%@1420,22%@1420,45%@1420,32%@1420] EMC_FREQ 0% GR3D_FREQ 0% AUX@44C CPU@46C thermal@44.8C AO@44C GPU@44C PMIC@50C
09-27-2026 19:36:00 RAM 4704/6833MB (lfb 48x4MB) SWAP 1070/3416MB (cached 0MB) CPU [6%@1420,6%@1420,6%@1420,14%@1420,99%@1420,7%@1420] EMC_FREQ 0% GR3D_FREQ 0% AUX@44C CPU@45.5C thermal@44.5C AO@44C GPU@44C PMIC@50C
09-27-2026 19:36:01 RAM 4704/6833MB (lfb 48x4MB) SWAP 1070/3416MB (cached 0MB) CPU [9%@1420,3%@1420,8%@1420,16%@1420,100%@1420,7%@1420] EMC_FREQ 0% GR3D_FREQ 0% AUX@44.5C CPU@45C thermal@44.45C AO@44C GPU@44C PMIC@50C
09-27-2026 19:36:02 RAM 4704/6833MB (lfb 24x4MB) SWAP 1070/3416MB (cached 0MB) CPU [14%@1420,12%@1420,16%@1420,5%@1420,100%@1420,5%@1420] EMC_FREQ 0% GR3D_FREQ 0% AUX@44.5C CPU@45.5C thermal@44.8C AO@44.5C GPU@44.5C PMIC@50C
09-27-2026 19:36:03 RAM 4703/6833MB (lfb 24x4MB) SWAP 1070/3416MB (cached 0MB) CPU [10%@1420,9%@1420,5%@1420,4%@1420,100%@1420,4%@1420] EMC_FREQ 0% GR3D_FREQ 0% AUX@44C CPU@45.5C thermal@44.8C AO@44C GPU@44C PMIC@50C
09-27-2026 19:36:04 RAM 4704/6833MB (lfb 24x4MB) SWAP 1070/3416MB (cached 0MB) CPU [17%@1420,6%@1420,18%@1420,8%@1420,80%@1420,15%@1420] EMC_FREQ 0% GR3D_FREQ 0% AUX@44.5C CPU@45.5C thermal@44.65C AO@44C GPU@44C PMIC@50C
09-27-2026 19:36:05 RAM 4703/6833MB (lfb 24x4MB) SWAP 1070/3416MB (cached 0MB) CPU [11%@1420,6%@1420,100%@1420,5%@1420,4%@1420,4%@1420] EMC_FREQ 0% GR3D_FREQ 0% AUX@44C CPU@45C thermal@44.3C AO@44C GPU@44C PMIC@50C
09-27-2026 19:36:06 RAM 4703/6833MB (lfb 24x4MB) SWAP 1070/3416MB (cached 0MB) CPU [9%@1420,8%@1420,97%@1420,5%@1420,7%@1420,15%@1420] EMC_FREQ 0% GR3D_FREQ 0% AUX@44C CPU@45C thermal@44.3C AO@43.5C GPU@43.5C PMIC@50C
09-27-2026 19:36:07 RAM 4703/6833MB (lfb 48x4MB) SWAP 1070/3416MB (cached 0MB) CPU [12%@1420,10%@1420,12%@1420,14%@1420,100%@1420,5%@1420] EMC_FREQ 0% GR3D_FREQ 0% AUX@44C CPU@45C thermal@44.15C AO@44C GPU@44.5C PMIC@50C
09-27-2026 19:36:08 RAM 4816/6833MB (lfb 48x4MB) SWAP 1070/3416MB (cached 0MB) CPU [46%@1420,82%@1420,51%@1420,48%@1420,100%@1420,43%@1420] EMC_FREQ 0% GR3D_FREQ 0% AUX@44C CPU@45.5C thermal@44.6C AO@44C GPU@44C PMIC@50C
09-27-2026 19:36:09 RAM 4817/6833MB (lfb 48x4MB) SWAP 1070/3416MB (cached 0MB) CPU [8%@1420,100%@1420,27%@1420,11%@1420,80%@1420,18%@1420] EMC_FREQ 0% GR3D_FREQ 0% AUX@44C CPU@45C thermal@44.45C AO@44C GPU@44C PMIC@50C
09-27-2026 19:36:10 RAM 4692/6833MB (lfb 48x4MB) SWAP 1070/3416MB (cached 0MB) CPU [16%@1420,55%@1420,23%@1420,87%@1420,18%@1420,32%@1420] EMC_FREQ 0% GR3D_FREQ 0% AUX@44C CPU@45C thermal@44.3C AO@44C GPU@43.5C PMIC@50C
09-27-2026 19:36:11 RAM 4692/6833MB (lfb 48x4MB) SWAP 1070/3416MB (cached 0MB) CPU [8%@1420,13%@1420,5%@1420,100%@1420,2%@1420,17%@1420] EMC_FREQ 0% GR3D_FREQ 0% AUX@44C CPU@45C thermal@44.3C AO@44C GPU@43.5C PMIC@50C
09-27-2026 19:36:12 RAM 4693/6833MB (lfb 24x4MB) SWAP 1070/3416MB (cached 0MB) CPU [13%@1420,9%@1420,9%@1420,100%@1420,4%@1420,11%@1420] EMC_FREQ 0% GR3D_FREQ 92% AUX@44C CPU@45C thermal@44.3C AO@43.5C GPU@43.5C PMIC@50C
09-27-2026 19:36:13 RAM 4693/6833MB (lfb 24x4MB) SWAP 1070/3416MB (cached 0MB) CPU [10%@1420,5%@1420,4%@1420,100%@1420,3%@1420,8%@1420] EMC_FREQ 0% GR3D_FREQ 0% AUX@44C CPU@44.5C thermal@44.15C AO@44C GPU@43.5C PMIC@50C
09-27-2026 19:36:14 RAM 4693/6833MB (lfb 24x4MB) SWAP 1070/3416MB (cached 0MB) CPU [11%@1420,6%@1420,4%@1420,100%@1420,2%@1420,6%@1420] EMC_FREQ 0% GR3D_FREQ 0% AUX@44C CPU@45C thermal@44.15C AO@44C GPU@44C PMIC@50C
09-27-2026 19:36:15 RAM 4692/6833MB (lfb 24x4MB) SWAP 1070/3416MB (cached 0MB) CPU [9%@1420,8%@1420,3%@1420,100%@1420,4%@1420,16%@1420] EMC_FREQ 0% GR3D_FREQ 0% AUX@44C CPU@45C thermal@44.3C AO@43.5C GPU@43.5C PMIC@50C
09-27-2026 19:36:16 RAM 4692/6833MB (lfb 24x4MB) SWAP 1070/3416MB (cached 0MB) CPU [10%@1420,10%@1420,3%@1420,100%@1420,5%@1420,2%@1420] EMC_FREQ 0% GR3D_FREQ 0% AUX@44C CPU@45C thermal@44.15C AO@44C GPU@43.5C PMIC@50C
09-27-2026 19:36:17 RAM 4692/6833MB (lfb 24x4MB) SWAP 1070/3416MB (cached 0MB) CPU [13%@1420,6%@1420,5%@1420,100%@1420,4%@1420,3%@1420] EMC_FREQ 0% GR3D_FREQ 0% AUX@44C CPU@44.5C thermal@43.95C AO@43.5C GPU@43.5C PMIC@50C
09-27-2026 19:36:18 RAM 4810/6833MB (lfb 49x4MB) SWAP 1070/3416MB (cached 0MB) CPU [32%@1420,31%@1420,27%@1420,100%@1420,39%@1420,42%@1420] EMC_FREQ 0% GR3D_FREQ 0% AUX@44C CPU@45.5C thermal@44.75C AO@43.5C GPU@44C PMIC@50C
09-27-2026 19:36:19 RAM 4821/6833MB (lfb 48x4MB) SWAP 1070/3416MB (cached 0MB) CPU [32%@1420,28%@1420,19%@1420,100%@1420,48%@1420,35%@1420] EMC_FREQ 0% GR3D_FREQ 0% AUX@44C CPU@45C thermal@44.15C AO@43.5C GPU@43.5C PMIC@50C
09-27-2026 19:36:20 RAM 4707/6833MB (lfb 48x4MB) SWAP 1070/3416MB (cached 0MB) CPU [30%@1420,19%@1420,16%@1420,100%@1420,18%@1420,33%@1420] EMC_FREQ 0% GR3D_FREQ 0% AUX@44C CPU@45C thermal@44.15C AO@44C GPU@43.5C PMIC@50C
09-27-2026 19:36:21 RAM 4707/6833MB (lfb 48x4MB) SWAP 1070/3416MB (cached 0MB) CPU [7%@1420,6%@1420,7%@1420,100%@1420,5%@1420,16%@1420] EMC_FREQ 0% GR3D_FREQ 0% AUX@44C CPU@45C thermal@44.15C AO@44C GPU@43.5C PMIC@50C
09-27-2026 19:36:22 RAM 4707/6833MB (lfb 48x4MB) SWAP 1070/3416MB (cached 0MB) CPU [8%@1420,8%@1420,8%@1420,100%@1420,3%@1420,2%@1420] EMC_FREQ 0% GR3D_FREQ 0% AUX@44C CPU@45C thermal@44.15C AO@44C GPU@43.5C PMIC@50C
09-27-2026 19:36:23 RAM 4707/6833MB (lfb 24x4MB) SWAP 1070/3416MB (cached 0MB) CPU [11%@1420,10%@1420,5%@1420,100%@1420,15%@1420,9%@1420] EMC_FREQ 0% GR3D_FREQ 0% AUX@44C CPU@45C thermal@44.15C AO@44C GPU@44.5C PMIC@50C
09-27-2026 19:36:24 RAM 4707/6833MB (lfb 24x4MB) SWAP 1070/3416MB (cached 0MB) CPU [6%@1420,4%@1420,10%@1420,100%@1420,5%@1420,4%@1420] EMC_FREQ 0% GR3D_FREQ 0% AUX@44C CPU@45C thermal@44.3C AO@44C GPU@44C PMIC@50C
09-27-2026 19:36:25 RAM 4707/6833MB (lfb 24x4MB) SWAP 1070/3416MB (cached 0MB) CPU [4%@1420,5%@1420,9%@1420,100%@1420,5%@1420,6%@1420] EMC_FREQ 0% GR3D_FREQ 0% AUX@44C CPU@45C thermal@44.5C AO@44C GPU@44C PMIC@50C
09-27-2026 19:36:26 RAM 4707/6833MB (lfb 24x4MB) SWAP 1070/3416MB (cached 0MB) CPU [7%@1420,7%@1420,7%@1420,100%@1420,16%@1420,12%@1420] EMC_FREQ 0% GR3D_FREQ 0% AUX@44.5C CPU@45C thermal@44.65C AO@44C GPU@44C PMIC@50C
09-27-2026 19:36:27 RAM 4707/6833MB (lfb 24x4MB) SWAP 1070/3416MB (cached 0MB) CPU [7%@1420,4%@1420,3%@1420,100%@1420,12%@1420,8%@1420] EMC_FREQ 0% GR3D_FREQ 0% AUX@44.5C CPU@45C thermal@44.65C AO@44.5C GPU@44C PMIC@50C
09-27-2026 19:36:28 RAM 4818/6833MB (lfb 48x4MB) SWAP 1070/3416MB (cached 0MB) CPU [51%@1420,46%@1420,42%@1420,100%@1420,37%@1420,32%@1420] EMC_FREQ 0% GR3D_FREQ 99% AUX@44.5C CPU@45.5C thermal@44.8C AO@44.5C GPU@45C PMIC@50C
09-27-2026 19:36:29 RAM 4822/6833MB (lfb 48x4MB) SWAP 1070/3416MB (cached 0MB) CPU [8%@1420,100%@1420,9%@1420,100%@1420,14%@1420,18%@1420] EMC_FREQ 0% GR3D_FREQ 0% AUX@44.5C CPU@46C thermal@44.8C AO@44.5C GPU@44.5C PMIC@50C
09-27-2026 19:36:30 RAM 4696/6833MB (lfb 48x4MB) SWAP 1070/3416MB (cached 0MB) CPU [13%@1420,10%@1420,9%@1420,100%@1420,24%@1420,15%@1420] EMC_FREQ 0% GR3D_FREQ 0% AUX@45C CPU@46C thermal@45C AO@44.5C GPU@44.5C PMIC@50C
09-27-2026 19:36:31 RAM 4696/6833MB (lfb 48x4MB) SWAP 1070/3416MB (cached 0MB) CPU [9%@1420,9%@1420,5%@1420,100%@1420,15%@1420,6%@1420] EMC_FREQ 0% GR3D_FREQ 0% AUX@45C CPU@46C thermal@45C AO@45C GPU@45C PMIC@50C
09-27-2026 19:36:32 RAM 4696/6833MB (lfb 48x4MB) SWAP 1070/3416MB (cached 0MB) CPU [6%@1420,4%@1420,4%@1420,100%@1420,9%@1420,5%@1420] EMC_FREQ 0% GR3D_FREQ 0% AUX@45C CPU@46C thermal@45C AO@45C GPU@45C PMIC@50C
09-27-2026 19:36:33 RAM 4696/6833MB (lfb 48x4MB) SWAP 1070/3416MB (cached 0MB) CPU [5%@1420,7%@1420,3%@1420,100%@1420,9%@1420,5%@1420] EMC_FREQ 0% GR3D_FREQ 0% AUX@45C CPU@46C thermal@45.3C AO@45.5C GPU@45C PMIC@50C
09-27-2026 19:36:34 RAM 4696/6833MB (lfb 24x4MB) SWAP 1070/3416MB (cached 0MB) CPU [10%@1420,8%@1420,7%@1420,100%@1420,11%@1420,13%@1420] EMC_FREQ 0% GR3D_FREQ 0% AUX@45C CPU@46C thermal@45.45C AO@45.5C GPU@45.5C PMIC@50C
09-27-2026 19:36:35 RAM 4696/6833MB (lfb 24x4MB) SWAP 1070/3416MB (cached 0MB) CPU [6%@1420,8%@1420,1%@1420,100%@1420,7%@1420,5%@1420] EMC_FREQ 0% GR3D_FREQ 0% AUX@45C CPU@46C thermal@45.45C AO@45.5C GPU@45.5C PMIC@50C
09-27-2026 19:36:36 RAM 4696/6833MB (lfb 24x4MB) SWAP 1070/3416MB (cached 0MB) CPU [8%@1420,5%@1420,3%@1420,100%@1420,18%@1420,9%@1420] EMC_FREQ 0% GR3D_FREQ 0% AUX@45C CPU@46C thermal@45.8C AO@45.5C GPU@45C PMIC@50C
09-27-2026 19:36:37 RAM 4696/6833MB (lfb 24x4MB) SWAP 1070/3416MB (cached 0MB) CPU [11%@1420,7%@1420,14%@1420,100%@1420,6%@1420,5%@1420] EMC_FREQ 0% GR3D_FREQ 0% AUX@45.5C CPU@46.5C thermal@45.8C AO@45.5C GPU@45.5C PMIC@50C
09-27-2026 19:36:38 RAM 4824/6833MB (lfb 24x4MB) SWAP 1070/3416MB (cached 0MB) CPU [40%@1420,44%@1420,32%@1420,100%@1420,56%@1420,42%@1420] EMC_FREQ 0% GR3D_FREQ 0% AUX@45.5C CPU@47C thermal@45.8C AO@45.5C GPU@45.5C PMIC@50C
09-27-2026 19:36:39 RAM 4817/6833MB (lfb 47x4MB) SWAP 1070/3416MB (cached 0MB) CPU [55%@1420,79%@1420,49%@1420,100%@1420,64%@1420,58%@1420] EMC_FREQ 0% GR3D_FREQ 99% AUX@45.5C CPU@47.5C thermal@46.1C AO@46C GPU@46.5C PMIC@50C
09-27-2026 19:36:40 RAM 4706/6833MB (lfb 47x4MB) SWAP 1070/3416MB (cached 0MB) CPU [17%@1420,15%@1420,7%@1420,11%@1420,99%@1420,7%@1420] EMC_FREQ 0% GR3D_FREQ 0% AUX@45.5C CPU@47C thermal@45.95C AO@46C GPU@45.5C PMIC@50C
09-27-2026 19:36:41 RAM 4706/6833MB (lfb 47x4MB) SWAP 1070/3416MB (cached 0MB) CPU [13%@1420,8%@1420,3%@1420,3%@1420,100%@1420,4%@1420] EMC_FREQ 0% GR3D_FREQ 0% AUX@45.5C CPU@47C thermal@46.15C AO@45.5C GPU@45.5C PMIC@50C
09-27-2026 19:36:42 RAM 4706/6833MB (lfb 47x4MB) SWAP 1070/3416MB (cached 0MB) CPU [32%@1420,11%@1420,9%@1420,17%@1420,73%@1420,13%@1420] EMC_FREQ 0% GR3D_FREQ 0% AUX@45.5C CPU@47C thermal@46.15C AO@45.5C GPU@45.5C PMIC@50C
09-27-2026 19:36:43 RAM 4706/6833MB (lfb 47x4MB) SWAP 1070/3416MB (cached 0MB) CPU [7%@1420,9%@1420,60%@1420,8%@1420,45%@1420,3%@1420] EMC_FREQ 0% GR3D_FREQ 0% AUX@45.5C CPU@46.5C thermal@45.95C AO@45.5C GPU@45.5C PMIC@50C
09-27-2026 19:36:44 RAM 4985/6833MB (lfb 42x1MB) SWAP 1070/3416MB (cached 0MB) CPU [5%@1420,18%@1420,100%@1420,4%@1420,5%@1420,4%@1420] EMC_FREQ 0% GR3D_FREQ 0% AUX@45.5C CPU@47C thermal@45.8C AO@45.5C GPU@45.5C PMIC@50C
09-27-2026 19:36:45 RAM 4703/6833MB (lfb 24x4MB) SWAP 1070/3416MB (cached 0MB) CPU [11%@1420,11%@1420,100%@1420,6%@1420,7%@1420,9%@1420] EMC_FREQ 0% GR3D_FREQ 0% AUX@45.5C CPU@47C thermal@46.55C AO@45.5C GPU@45.5C PMIC@50C
09-27-2026 19:36:46 RAM 4703/6833MB (lfb 24x4MB) SWAP 1070/3416MB (cached 0MB) CPU [10%@1420,9%@1420,100%@1420,3%@1420,3%@1420,3%@1420] EMC_FREQ 0% GR3D_FREQ 0% AUX@45.5C CPU@46.5C thermal@45.8C AO@45.5C GPU@45.5C PMIC@50C
09-27-2026 19:36:47 RAM 4704/6833MB (lfb 24x4MB) SWAP 1070/3416MB (cached 0MB) CPU [10%@1420,7%@1420,100%@1420,3%@1420,3%@1420,17%@1420] EMC_FREQ 0% GR3D_FREQ 0% AUX@45.5C CPU@46.5C thermal@45.8C AO@45.5C GPU@45.5C PMIC@50C
09-27-2026 19:36:48 RAM 4783/6833MB (lfb 24x4MB) SWAP 1070/3416MB (cached 0MB) CPU [78%@1420,86%@1420,95%@1420,76%@1420,85%@1420,75%@1420] EMC_FREQ 0% GR3D_FREQ 0% AUX@45.5C CPU@47.5C thermal@46.1C AO@45.5C GPU@45.5C PMIC@50C
09-27-2026 19:36:49 RAM 4825/6833MB (lfb 24x4MB) SWAP 1070/3416MB (cached 0MB) CPU [44%@1420,54%@1420,40%@1420,97%@1420,88%@1420,37%@1420] EMC_FREQ 0% GR3D_FREQ 0% AUX@45.5C CPU@47C thermal@45.8C AO@45.5C GPU@45C PMIC@50C
09-27-2026 19:36:50 RAM 4823/6833MB (lfb 47x4MB) SWAP 1070/3416MB (cached 0MB) CPU [22%@1420,18%@1420,6%@1420,100%@1420,100%@1420,12%@1420] EMC_FREQ 0% GR3D_FREQ 0% AUX@45.5C CPU@47C thermal@45.95C AO@45.5C GPU@45.5C PMIC@50C
09-27-2026 19:36:51 RAM 4698/6833MB (lfb 47x4MB) SWAP 1070/3416MB (cached 0MB) CPU [32%@1420,25%@1420,11%@1420,54%@1420,45%@1420,68%@1420] EMC_FREQ 0% GR3D_FREQ 0% AUX@45.5C CPU@47C thermal@45.95C AO@45.5C GPU@45.5C PMIC@50C
09-27-2026 19:36:52 RAM 4698/6833MB (lfb 47x4MB) SWAP 1070/3416MB (cached 0MB) CPU [12%@1420,6%@1420,5%@1420,4%@1420,4%@1420,100%@1420] EMC_FREQ 0% GR3D_FREQ 0% AUX@45.5C CPU@46.5C thermal@45.95C AO@45.5C GPU@45C PMIC@50C
09-27-2026 19:36:53 RAM 4698/6833MB (lfb 47x4MB) SWAP 1070/3416MB (cached 0MB) CPU [4%@1420,18%@1420,9%@1420,5%@1420,1%@1420,100%@1420] EMC_FREQ 0% GR3D_FREQ 0% AUX@45.5C CPU@46.5C thermal@45.8C AO@45C GPU@45.5C PMIC@50C
09-27-2026 19:36:54 RAM 4698/6833MB (lfb 47x4MB) SWAP 1070/3416MB (cached 0MB) CPU [9%@1420,7%@1420,21%@1420,81%@1420,4%@1420,7%@1420] EMC_FREQ 0% GR3D_FREQ 0% AUX@45.5C CPU@46.5C thermal@45.5C AO@45.5C GPU@45C PMIC@50C
09-27-2026 19:36:55 RAM 4696/6833MB (lfb 24x4MB) SWAP 1070/3416MB (cached 0MB) CPU [13%@1420,18%@1420,1%@1420,100%@1420,11%@1420,8%@1420] EMC_FREQ 0% GR3D_FREQ 0% AUX@45.5C CPU@46.5C thermal@45.8C AO@45.5C GPU@45.5C PMIC@50C
09-27-2026 19:36:56 RAM 4696/6833MB (lfb 24x4MB) SWAP 1070/3416MB (cached 0MB) CPU [7%@1420,9%@1420,4%@1420,100%@1420,9%@1420,3%@1420] EMC_FREQ 0% GR3D_FREQ 0% AUX@45C CPU@46.5C thermal@45.6C AO@45C GPU@45.5C PMIC@50C
09-27-2026 19:36:57 RAM 4696/6833MB (lfb 24x4MB) SWAP 1070/3416MB (cached 0MB) CPU [7%@1420,6%@1420,3%@1420,100%@1420,13%@1420,4%@1420] EMC_FREQ 0% GR3D_FREQ 0% AUX@45C CPU@46.5C thermal@45.65C AO@45C GPU@45C PMIC@50C
09-27-2026 19:36:58 RAM 4696/6833MB (lfb 24x4MB) SWAP 1070/3416MB (cached 0MB) CPU [5%@1420,18%@1420,2%@1420,100%@1420,12%@1420,5%@1420] EMC_FREQ 0% GR3D_FREQ 0% AUX@45C CPU@46C thermal@45.45C AO@45C GPU@45C PMIC@50C
09-27-2026 19:36:59 RAM 4817/6833MB (lfb 24x4MB) SWAP 1070/3416MB (cached 0MB) CPU [33%@1420,37%@1420,36%@1420,100%@1420,30%@1420,30%@1420] EMC_FREQ 0% GR3D_FREQ 0% AUX@45C CPU@46.5C thermal@45.8C AO@45C GPU@45.5C PMIC@50C
09-27-2026 19:37:00 RAM 4823/6833MB (lfb 47x4MB) SWAP 1070/3416MB (cached 0MB) CPU [82%@1420,24%@1420,7%@1420,100%@1420,25%@1420,24%@1420] EMC_FREQ 0% GR3D_FREQ 99% AUX@45C CPU@46.5C thermal@45.45C AO@45C GPU@45C PMIC@50C
09-27-2026 19:37:01 RAM 4818/6833MB (lfb 47x4MB) SWAP 1070/3416MB (cached 0MB) CPU [13%@1420,8%@1420,11%@1420,100%@1420,22%@1420,12%@1420] EMC_FREQ 0% GR3D_FREQ 0% AUX@45C CPU@46C thermal@45.45C AO@45C GPU@45.5C PMIC@50C
09-27-2026 19:37:02 RAM 4818/6833MB (lfb 47x4MB) SWAP 1070/3416MB (cached 0MB) CPU [7%@1420,6%@1420,8%@1420,100%@1420,3%@1420,4%@1420] EMC_FREQ 0% GR3D_FREQ 0% AUX@45C CPU@46C thermal@45.45C AO@45C GPU@45C PMIC@50C
09-27-2026 19:37:03 RAM 4818/6833MB (lfb 47x4MB) SWAP 1070/3416MB (cached 0MB) CPU [11%@1420,19%@1420,4%@1420,100%@1420,5%@1420,5%@1420] EMC_FREQ 0% GR3D_FREQ 0% AUX@45C CPU@46C thermal@45.3C AO@45C GPU@45C PMIC@50C
09-27-2026 19:37:04 RAM 4818/6833MB (lfb 47x4MB) SWAP 1070/3416MB (cached 0MB) CPU [8%@1420,5%@1420,3%@1420,100%@1420,10%@1420,5%@1420] EMC_FREQ 0% GR3D_FREQ 0% AUX@44.5C CPU@46C thermal@45.3C AO@45C GPU@45C PMIC@50C
09-27-2026 19:37:05 RAM 4818/6833MB (lfb 47x4MB) SWAP 1070/3416MB (cached 0MB) CPU [6%@1420,6%@1420,4%@1420,100%@1420,10%@1420,6%@1420] EMC_FREQ 0% GR3D_FREQ 0% AUX@45C CPU@46C thermal@45.15C AO@44.5C GPU@44.5C PMIC@50C
09-27-2026 19:37:06 RAM 4816/6833MB (lfb 24x4MB) SWAP 1070/3416MB (cached 0MB) CPU [6%@1420,23%@1420,4%@1420,100%@1420,10%@1420,10%@1420] EMC_FREQ 0% GR3D_FREQ 0% AUX@45C CPU@46C thermal@45.25C AO@45C GPU@45C PMIC@50C
09-27-2026 19:37:07 RAM 4816/6833MB (lfb 24x4MB) SWAP 1070/3416MB (cached 0MB) CPU [7%@1420,6%@1420,2%@1420,100%@1420,11%@1420,3%@1420] EMC_FREQ 0% GR3D_FREQ 0% AUX@44.5C CPU@46C thermal@45.15C AO@45C GPU@44.5C PMIC@50C
09-27-2026 19:37:08 RAM 4816/6833MB (lfb 24x4MB) SWAP 1070/3416MB (cached 0MB) CPU [18%@1420,7%@1420,3%@1420,100%@1420,9%@1420,10%@1420] EMC_FREQ 0% GR3D_FREQ 0% AUX@45C CPU@46C thermal@45C AO@44.5C GPU@44.5C PMIC@50C
09-27-2026 19:37:09 RAM 4831/6833MB (lfb 24x4MB) SWAP 1070/3416MB (cached 0MB) CPU [32%@1420,34%@1420,19%@1420,100%@1420,48%@1420,43%@1420] EMC_FREQ 0% GR3D_FREQ 0% AUX@45C CPU@46.5C thermal@45.15C AO@45C GPU@44.5C PMIC@50C
09-27-2026 19:37:10 RAM 4709/6833MB (lfb 24x4MB) SWAP 1070/3416MB (cached 0MB) CPU [31%@1420,44%@1420,22%@1420,100%@1420,17%@1420,37%@1420] EMC_FREQ 0% GR3D_FREQ 0% AUX@45C CPU@46C thermal@45.15C AO@44.5C GPU@44.5C PMIC@50C
09-27-2026 19:37:11 RAM 4707/6833MB (lfb 47x4MB) SWAP 1070/3416MB (cached 0MB) CPU [26%@1420,15%@1420,5%@1420,100%@1420,4%@1420,7%@1420] EMC_FREQ 0% GR3D_FREQ 0% AUX@45C CPU@45.5C thermal@45.3C AO@44.5C GPU@45C PMIC@50C
09-27-2026 19:37:12 RAM 4706/6833MB (lfb 47x4MB) SWAP 1070/3416MB (cached 0MB) CPU [12%@1420,7%@1420,2%@1420,100%@1420,4%@1420,4%@1420] EMC_FREQ 0% GR3D_FREQ 0% AUX@44.5C CPU@45.5C thermal@45.3C AO@44.5C GPU@44.5C PMIC@50C
09-27-2026 19:37:13 RAM 4707/6833MB (lfb 47x4MB) SWAP 1070/3416MB (cached 0MB) CPU [18%@1420,6%@1420,5%@1420,100%@1420,9%@1420,6%@1420] EMC_FREQ 0% GR3D_FREQ 0% AUX@45C CPU@45.5C thermal@44.95C AO@44.5C GPU@44.5C PMIC@50C
09-27-2026 19:37:14 RAM 4707/6833MB (lfb 47x4MB) SWAP 1070/3416MB (cached 0MB) CPU [19%@1420,8%@1420,5%@1420,100%@1420,4%@1420,7%@1420] EMC_FREQ 0% GR3D_FREQ 0% AUX@45C CPU@45.5C thermal@45C AO@44.5C GPU@44.5C PMIC@50C
09-27-2026 19:37:15 RAM 4707/6833MB (lfb 47x4MB) SWAP 1070/3416MB (cached 0MB) CPU [7%@1420,12%@1420,2%@1420,100%@1420,5%@1420,5%@1420] EMC_FREQ 0% GR3D_FREQ 0% AUX@44.5C CPU@45.5C thermal@44.8C AO@44.5C GPU@44.5C PMIC@50C
09-27-2026 19:37:16 RAM 4707/6833MB (lfb 24x4MB) SWAP 1070/3416MB (cached 0MB) CPU [18%@1420,9%@1420,4%@1420,100%@1420,10%@1420,8%@1420] EMC_FREQ 0% GR3D_FREQ 99% AUX@44.5C CPU@45.5C thermal@44.8C AO@44.5C GPU@44.5C PMIC@50C
09-27-2026 19:37:17 RAM 4707/6833MB (lfb 24x4MB) SWAP 1070/3416MB (cached 0MB) CPU [7%@1420,9%@1420,3%@1420,100%@1420,8%@1420,8%@1420] EMC_FREQ 0% GR3D_FREQ 0% AUX@44.5C CPU@45.5C thermal@44.8C AO@44.5C GPU@44.5C PMIC@50C
09-27-2026 19:37:18 RAM 4810/6833MB (lfb 24x4MB) SWAP 1070/3416MB (cached 0MB) CPU [32%@1420,28%@1420,23%@1420,100%@1420,38%@1420,27%@1420] EMC_FREQ 0% GR3D_FREQ 0% AUX@44.5C CPU@46C thermal@44.8C AO@44.5C GPU@44.5C PMIC@50C
09-27-2026 19:37:19 RAM 4828/6833MB (lfb 24x4MB) SWAP 1070/3416MB (cached 0MB) CPU [25%@1420,61%@1420,12%@1420,100%@1420,26%@1420,39%@1420] EMC_FREQ 0% GR3D_FREQ 0% AUX@44.5C CPU@46C thermal@44.95C AO@44.5C GPU@44.5C PMIC@50C
09-27-2026 19:37:20 RAM 4714/6833MB (lfb 24x4MB) SWAP 1070/3416MB (cached 0MB) CPU [27%@1420,22%@1420,14%@1420,100%@1420,37%@1420,27%@1420] EMC_FREQ 0% GR3D_FREQ 0% AUX@44.5C CPU@45.5C thermal@44.8C AO@44.5C GPU@44.5C PMIC@50C
09-27-2026 19:37:21 RAM 4714/6833MB (lfb 24x4MB) SWAP 1070/3416MB (cached 0MB) CPU [7%@1420,5%@1420,5%@1420,100%@1420,8%@1420,7%@1420] EMC_FREQ 0% GR3D_FREQ 0% AUX@44.5C CPU@45.5C thermal@44.65C AO@44.5C GPU@44C PMIC@50C
09-27-2026 19:37:22 RAM 4710/6833MB (lfb 47x4MB) SWAP 1070/3416MB (cached 0MB) CPU [20%@1420,13%@1420,10%@1420,100%@1420,5%@1420,7%@1420] EMC_FREQ 0% GR3D_FREQ 0% AUX@44.5C CPU@45.5C thermal@44.65C AO@44.5C GPU@44.5C PMIC@50C
09-27-2026 19:37:23 RAM 4710/6833MB (lfb 47x4MB) SWAP 1070/3416MB (cached 0MB) CPU [6%@1420,15%@1420,10%@1420,100%@1420,6%@1420,6%@1420] EMC_FREQ 0% GR3D_FREQ 0% AUX@44.5C CPU@45.5C thermal@44.8C AO@45C GPU@44.5C PMIC@50C
09-27-2026 19:37:24 RAM 4711/6833MB (lfb 47x4MB) SWAP 1070/3416MB (cached 0MB) CPU [7%@1420,18%@1420,8%@1420,100%@1420,4%@1420,8%@1420] EMC_FREQ 0% GR3D_FREQ 0% AUX@45C CPU@46C thermal@44.95C AO@45C GPU@44.5C PMIC@50C
09-27-2026 19:37:25 RAM 4711/6833MB (lfb 47x4MB) SWAP 1070/3416MB (cached 0MB) CPU [12%@1420,6%@1420,1%@1420,100%@1420,6%@1420,4%@1420] EMC_FREQ 0% GR3D_FREQ 0% AUX@45C CPU@46C thermal@45.3C AO@45C GPU@45C PMIC@50C
09-27-2026 19:37:26 RAM 4711/6833MB (lfb 47x4MB) SWAP 1070/3416MB (cached 0MB) CPU [8%@1420,11%@1420,4%@1420,100%@1420,5%@1420,7%@1420] EMC_FREQ 0% GR3D_FREQ 0% AUX@45C CPU@46C thermal@45.3C AO@45C GPU@45C PMIC@50C
09-27-2026 19:37:27 RAM 4712/6833MB (lfb 25x4MB) SWAP 1070/3416MB (cached 0MB) CPU [17%@1420,11%@1420,5%@1420,100%@1420,14%@1420,6%@1420] EMC_FREQ 0% GR3D_FREQ 0% AUX@45C CPU@46.5C thermal@45.15C AO@45C GPU@45.5C PMIC@50C
09-27-2026 19:37:28 RAM 4823/6833MB (lfb 25x4MB) SWAP 1070/3416MB (cached 0MB) CPU [31%@1420,29%@1420,28%@1420,100%@1420,50%@1420,32%@1420] EMC_FREQ 0% GR3D_FREQ 0% AUX@45.5C CPU@46.5C thermal@45.6C AO@45C GPU@45C PMIC@50C
09-27-2026 19:37:29 RAM 4823/6833MB (lfb 25x4MB) SWAP 1070/3416MB (cached 0MB) CPU [14%@1420,17%@1420,5%@1420,100%@1420,100%@1420,8%@1420] EMC_FREQ 0% GR3D_FREQ 0% AUX@45.5C CPU@46.5C thermal@45.8C AO@45.5C GPU@45.5C PMIC@50C
09-27-2026 19:37:30 RAM 4707/6833MB (lfb 25x4MB) SWAP 1070/3416MB (cached 0MB) CPU [65%@1420,41%@1420,37%@1420,48%@1420,36%@1420,63%@1420] EMC_FREQ 0% GR3D_FREQ 0% AUX@45.5C CPU@47C thermal@45.95C AO@45C GPU@45.5C PMIC@50C
09-27-2026 19:37:31 RAM 4706/6833MB (lfb 25x4MB) SWAP 1070/3416MB (cached 0MB) CPU [13%@1420,11%@1420,10%@1420,9%@1420,4%@1420,100%@1420] EMC_FREQ 0% GR3D_FREQ 0% AUX@45.5C CPU@46.5C thermal@45.8C AO@45.5C GPU@45.5C PMIC@50C
09-27-2026 19:37:32 RAM 4704/6833MB (lfb 47x4MB) SWAP 1070/3416MB (cached 0MB) CPU [18%@1420,12%@1420,7%@1420,8%@1420,6%@1420,100%@1420] EMC_FREQ 0% GR3D_FREQ 99% AUX@45.5C CPU@47C thermal@45.8C AO@45.5C GPU@45.5C PMIC@50C
09-27-2026 19:37:33 RAM 4704/6833MB (lfb 47x4MB) SWAP 1070/3416MB (cached 0MB) CPU [9%@1420,6%@1420,12%@1420,4%@1420,0%@1420,100%@1420] EMC_FREQ 0% GR3D_FREQ 0% AUX@46C CPU@47C thermal@46.1C AO@46C GPU@45.5C PMIC@50C
09-27-2026 19:37:34 RAM 4704/6833MB (lfb 47x4MB) SWAP 1070/3416MB (cached 0MB) CPU [7%@1420,5%@1420,5%@1420,10%@1420,0%@1420,100%@1420] EMC_FREQ 0% GR3D_FREQ 0% AUX@45.5C CPU@47C thermal@45.95C AO@46C GPU@46C PMIC@50C
09-27-2026 19:37:36 RAM 4704/6833MB (lfb 47x4MB) SWAP 1070/3416MB (cached 0MB) CPU [17%@1420,8%@1420,6%@1420,9%@1420,0%@1420,100%@1420] EMC_FREQ 0% GR3D_FREQ 0% AUX@45.5C CPU@47C thermal@46.3C AO@46C GPU@46C PMIC@50C
09-27-2026 19:37:37 RAM 4704/6833MB (lfb 47x4MB) SWAP 1070/3416MB (cached 0MB) CPU [5%@1420,5%@1420,7%@1420,8%@1420,1%@1420,100%@1420] EMC_FREQ 0% GR3D_FREQ 0% AUX@45.5C CPU@47C thermal@46.15C AO@46C GPU@45.5C PMIC@50C
09-27-2026 19:37:38 RAM 4703/6833MB (lfb 25x4MB) SWAP 1070/3416MB (cached 0MB) CPU [11%@1420,7%@1420,8%@1420,14%@1420,7%@1420,100%@1420] EMC_FREQ 0% GR3D_FREQ 63% AUX@45.5C CPU@47.5C thermal@45.95C AO@45.5C GPU@46.5C PMIC@50C
09-27-2026 19:37:39 RAM 4823/6833MB (lfb 25x4MB) SWAP 1070/3416MB (cached 0MB) CPU [34%@1420,36%@1420,74%@1420,26%@1420,26%@1420,100%@1420] EMC_FREQ 0% GR3D_FREQ 0% AUX@45.5C CPU@47.5C thermal@46.6C AO@46C GPU@45.5C PMIC@50C
09-27-2026 19:37:40 RAM 4823/6833MB (lfb 25x4MB) SWAP 1070/3416MB (cached 0MB) CPU [10%@1420,11%@1420,100%@1420,3%@1420,9%@1420,100%@1420] EMC_FREQ 0% GR3D_FREQ 0% AUX@45.5C CPU@47.5C thermal@46.25C AO@45.5C GPU@45.5C PMIC@50C
09-27-2026 19:37:41 RAM 4703/6833MB (lfb 25x4MB) SWAP 1070/3416MB (cached 0MB) CPU [18%@1420,38%@1420,30%@1420,13%@1420,8%@1420,100%@1420] EMC_FREQ 0% GR3D_FREQ 0% AUX@45.5C CPU@47C thermal@45.95C AO@46C GPU@46C PMIC@50C
09-27-2026 19:37:42 RAM 4703/6833MB (lfb 25x4MB) SWAP 1070/3416MB (cached 0MB) CPU [11%@1420,6%@1420,5%@1420,4%@1420,3%@1420,100%@1420] EMC_FREQ 0% GR3D_FREQ 0% AUX@45.5C CPU@47C thermal@45.95C AO@45.5C GPU@45.5C PMIC@50C
09-27-2026 19:37:43 RAM 4703/6833MB (lfb 25x4MB) SWAP 1070/3416MB (cached 0MB) CPU [7%@1420,7%@1420,6%@1420,4%@1420,4%@1420,100%@1420] EMC_FREQ 0% GR3D_FREQ 0% AUX@45.5C CPU@47C thermal@45.95C AO@46C GPU@45.5C PMIC@50C
09-27-2026 19:37:44 RAM 4703/6833MB (lfb 47x4MB) SWAP 1070/3416MB (cached 0MB) CPU [15%@1420,10%@1420,7%@1420,22%@1420,7%@1420,100%@1420] EMC_FREQ 0% GR3D_FREQ 0% AUX@45.5C CPU@47C thermal@46.1C AO@45.5C GPU@46C PMIC@50C
09-27-2026 19:37:45 RAM 4703/6833MB (lfb 47x4MB) SWAP 1070/3416MB (cached 0MB) CPU [12%@1420,6%@1420,4%@1420,2%@1420,6%@1420,100%@1420] EMC_FREQ 0% GR3D_FREQ 0% AUX@45.5C CPU@47C thermal@46.1C AO@45.5C GPU@45.5C PMIC@50C
09-27-2026 19:37:46 RAM 4703/6833MB (lfb 47x4MB) SWAP 1070/3416MB (cached 0MB) CPU [5%@1420,20%@1420,6%@1420,5%@1420,3%@1420,100%@1420] EMC_FREQ 0% GR3D_FREQ 0% AUX@45.5C CPU@46.5C thermal@45.95C AO@45.5C GPU@45.5C PMIC@50C
09-27-2026 19:37:47 RAM 4703/6833MB (lfb 47x4MB) SWAP 1070/3416MB (cached 0MB) CPU [13%@1420,3%@1420,3%@1420,4%@1420,3%@1420,100%@1420] EMC_FREQ 0% GR3D_FREQ 0% AUX@45.5C CPU@46.5C thermal@45.8C AO@45.5C GPU@45.5C PMIC@50C
09-27-2026 19:37:48 RAM 4703/6833MB (lfb 47x4MB) SWAP 1070/3416MB (cached 0MB) CPU [11%@1420,4%@1420,4%@1420,3%@1420,3%@1420,100%@1420] EMC_FREQ 0% GR3D_FREQ 0% AUX@45C CPU@46.5C thermal@45.8C AO@45.5C GPU@45.5C PMIC@50C
09-27-2026 19:37:49 RAM 4829/6833MB (lfb 25x4MB) SWAP 1070/3416MB (cached 0MB) CPU [64%@1420,40%@1420,60%@1420,44%@1420,44%@1420,100%@1420] EMC_FREQ 0% GR3D_FREQ 0% AUX@45.5C CPU@47.5C thermal@46.1C AO@45.5C GPU@45.5C PMIC@50C
09-27-2026 19:37:50 RAM 4833/6833MB (lfb 25x4MB) SWAP 1070/3416MB (cached 0MB) CPU [41%@1420,42%@1420,42%@1420,33%@1420,14%@1420,100%@1420] EMC_FREQ 0% GR3D_FREQ 0% AUX@45.5C CPU@47C thermal@45.75C AO@45.5C GPU@45.5C PMIC@50C
09-27-2026 19:37:51 RAM 4712/6833MB (lfb 25x4MB) SWAP 1070/3416MB (cached 0MB) CPU [6%@1420,7%@1420,20%@1420,4%@1420,1%@1420,100%@1420] EMC_FREQ 0% GR3D_FREQ 0% AUX@45.5C CPU@46.5C thermal@45.75C AO@45.5C GPU@45.5C PMIC@50C
09-27-2026 19:37:52 RAM 4712/6833MB (lfb 25x4MB) SWAP 1070/3416MB (cached 0MB) CPU [6%@1420,5%@1420,5%@1420,6%@1420,1%@1420,100%@1420] EMC_FREQ 0% GR3D_FREQ 0% AUX@45.5C CPU@46.5C thermal@45.6C AO@45C GPU@45.5C PMIC@50C
09-27-2026 19:37:53 RAM 4712/6833MB (lfb 25x4MB) SWAP 1070/3416MB (cached 0MB) CPU [9%@1420,7%@1420,8%@1420,5%@1420,2%@1420,100%@1420] EMC_FREQ 0% GR3D_FREQ 0% AUX@45C CPU@46.5C thermal@45.6C AO@45C GPU@45.5C PMIC@50C
09-27-2026 19:37:54 RAM 4712/6833MB (lfb 47x4MB) SWAP 1070/3416MB (cached 0MB) CPU [9%@1420,21%@1420,11%@1420,19%@1420,5%@1420,100%@1420] EMC_FREQ 0% GR3D_FREQ 0% AUX@45C CPU@46.5C thermal@46.2C AO@45.5C GPU@45.5C PMIC@50C
09-27-2026 19:37:55 RAM 4711/6833MB (lfb 47x4MB) SWAP 1070/3416MB (cached 0MB) CPU [7%@1420,6%@1420,5%@1420,10%@1420,2%@1420,100%@1420] EMC_FREQ 0% GR3D_FREQ 0% AUX@45C CPU@46.5C thermal@45.6C AO@45C GPU@45.5C PMIC@50C
09-27-2026 19:37:56 RAM 4711/6833MB (lfb 47x4MB) SWAP 1070/3416MB (cached 0MB) CPU [6%@1420,16%@1420,6%@1420,8%@1420,1%@1420,100%@1420] EMC_FREQ 0% GR3D_FREQ 0% AUX@45C CPU@46C thermal@45.45C AO@45C GPU@45C PMIC@50C
09-27-2026 19:37:57 RAM 4711/6833MB (lfb 47x4MB) SWAP 1070/3416MB (cached 0MB) CPU [6%@1420,9%@1420,3%@1420,10%@1420,1%@1420,100%@1420] EMC_FREQ 0% GR3D_FREQ 0% AUX@45C CPU@46.5C thermal@45.45C AO@45C GPU@45C PMIC@50C
09-27-2026 19:37:58 RAM 4739/6833MB (lfb 47x4MB) SWAP 1070/3416MB (cached 0MB) CPU [14%@1420,13%@1420,13%@1420,16%@1420,9%@1420,100%@1420] EMC_FREQ 0% GR3D_FREQ 0% AUX@45C CPU@46.5C thermal@45.45C AO@45C GPU@45C PMIC@50C
09-27-2026 19:37:59 RAM 4823/6833MB (lfb 26x4MB) SWAP 1070/3416MB (cached 0MB) CPU [30%@1420,30%@1420,33%@1420,93%@1420,23%@1420,100%@1420] EMC_FREQ 0% GR3D_FREQ 99% AUX@45C CPU@46.5C thermal@45.6C AO@45C GPU@46.5C PMIC@50C
09-27-2026 19:38:00 RAM 4703/6833MB (lfb 26x4MB) SWAP 1070/3416MB (cached 0MB) CPU [34%@1420,20%@1420,17%@1420,70%@1420,5%@1420,100%@1420] EMC_FREQ 0% GR3D_FREQ 0% AUX@45C CPU@46.5C thermal@45.6C AO@45C GPU@45C PMIC@50C
09-27-2026 19:38:01 RAM 4702/6833MB (lfb 26x4MB) SWAP 1070/3416MB (cached 0MB) CPU [18%@1420,7%@1420,7%@1420,7%@1420,4%@1420,100%@1420] EMC_FREQ 0% GR3D_FREQ 0% AUX@45C CPU@46C thermal@45.45C AO@45C GPU@45C PMIC@50C
09-27-2026 19:38:02 RAM 4702/6833MB (lfb 26x4MB) SWAP 1070/3416MB (cached 0MB) CPU [8%@1420,5%@1420,6%@1420,4%@1420,5%@1420,100%@1420] EMC_FREQ 0% GR3D_FREQ 0% AUX@45C CPU@46C thermal@45.45C AO@45C GPU@45C PMIC@50C
09-27-2026 19:38:03 RAM 4702/6833MB (lfb 26x4MB) SWAP 1070/3416MB (cached 0MB) CPU [8%@1420,5%@1420,3%@1420,10%@1420,4%@1420,100%@1420] EMC_FREQ 0% GR3D_FREQ 0% AUX@44.5C CPU@46C thermal@45.3C AO@45C GPU@45C PMIC@50C
09-27-2026 19:38:04 RAM 4702/6833MB (lfb 46x4MB) SWAP 1070/3416MB (cached 0MB) CPU [13%@1420,17%@1420,8%@1420,11%@1420,10%@1420,100%@1420] EMC_FREQ 0% GR3D_FREQ 23% AUX@45C CPU@46.5C thermal@45.3C AO@44.5C GPU@44.5C PMIC@50C
09-27-2026 19:38:05 RAM 4702/6833MB (lfb 46x4MB) SWAP 1070/3416MB (cached 0MB) CPU [4%@1420,18%@1420,11%@1420,7%@1420,3%@1420,100%@1420] EMC_FREQ 0% GR3D_FREQ 0% AUX@45C CPU@46C thermal@45.15C AO@45C GPU@45C PMIC@50C
09-27-2026 19:38:06 RAM 4701/6833MB (lfb 46x4MB) SWAP 1070/3416MB (cached 0MB) CPU [14%@1420,4%@1420,5%@1420,3%@1420,3%@1420,100%@1420] EMC_FREQ 0% GR3D_FREQ 0% AUX@45C CPU@46C thermal@45.15C AO@45C GPU@45C PMIC@50C
09-27-2026 19:38:07 RAM 4701/6833MB (lfb 46x4MB) SWAP 1070/3416MB (cached 0MB) CPU [13%@1420,6%@1420,3%@1420,3%@1420,2%@1420,100%@1420] EMC_FREQ 0% GR3D_FREQ 0% AUX@45C CPU@46C thermal@45.15C AO@44.5C GPU@44.5C PMIC@50C
09-27-2026 19:38:08 RAM 4730/6833MB (lfb 46x4MB) SWAP 1070/3416MB (cached 0MB) CPU [30%@1420,27%@1420,23%@1420,28%@1420,23%@1420,100%@1420] EMC_FREQ 0% GR3D_FREQ 0% AUX@45C CPU@46.5C thermal@45.15C AO@45C GPU@44.5C PMIC@50C
09-27-2026 19:38:09 RAM 4799/6833MB (lfb 46x4MB) SWAP 1070/3416MB (cached 0MB) CPU [88%@1420,86%@1420,85%@1420,79%@1420,74%@1420,100%@1420] EMC_FREQ 0% GR3D_FREQ 0% AUX@44.5C CPU@46C thermal@45.3C AO@44.5C GPU@44.5C PMIC@50C
09-27-2026 19:38:10 RAM 4819/6833MB (lfb 25x4MB) SWAP 1070/3416MB (cached 0MB) CPU [44%@1420,39%@1420,34%@1420,99%@1420,34%@1420,100%@1420] EMC_FREQ 0% GR3D_FREQ 0% AUX@45C CPU@46.5C thermal@45.3C AO@45C GPU@45C PMIC@50C
09-27-2026 19:38:11 RAM 4821/6833MB (lfb 25x4MB) SWAP 1070/3416MB (cached 0MB) CPU [33%@1420,13%@1420,14%@1420,90%@1420,9%@1420,100%@1420] EMC_FREQ 0% GR3D_FREQ 0% AUX@44.5C CPU@46.5C thermal@45.3C AO@44.5C GPU@45C PMIC@50C
09-27-2026 19:38:12 RAM 4694/6833MB (lfb 25x4MB) SWAP 1070/3416MB (cached 0MB) CPU [20%@1420,17%@1420,6%@1420,2%@1420,3%@1420,100%@1420] EMC_FREQ 0% GR3D_FREQ 0% AUX@44.5C CPU@46C thermal@45.15C AO@44.5C GPU@44.5C PMIC@50C
09-27-2026 19:38:13 RAM 4694/6833MB (lfb 25x4MB) SWAP 1070/3416MB (cached 0MB) CPU [7%@1420,7%@1420,4%@1420,3%@1420,7%@1420,100%@1420] EMC_FREQ 0% GR3D_FREQ 0% AUX@44.5C CPU@46C thermal@44.95C AO@44.5C GPU@44.5C PMIC@50C
09-27-2026 19:38:14 RAM 4694/6833MB (lfb 25x4MB) SWAP 1070/3416MB (cached 0MB) CPU [10%@1420,12%@1420,2%@1420,4%@1420,4%@1420,100%@1420] EMC_FREQ 0% GR3D_FREQ 0% AUX@44.5C CPU@45.5C thermal@45.1C AO@44.5C GPU@44.5C PMIC@50C
09-27-2026 19:38:15 RAM 4694/6833MB (lfb 46x4MB) SWAP 1070/3416MB (cached 0MB) CPU [25%@1420,13%@1420,7%@1420,12%@1420,4%@1420,100%@1420] EMC_FREQ 0% GR3D_FREQ 0% AUX@44.5C CPU@45.5C thermal@45.4C AO@44.5C GPU@45C PMIC@50C
09-27-2026 19:38:16 RAM 4694/6833MB (lfb 46x4MB) SWAP 1070/3416MB (cached 0MB) CPU [5%@1420,5%@1420,7%@1420,7%@1420,3%@1420,100%@1420] EMC_FREQ 0% GR3D_FREQ 0% AUX@44.5C CPU@45.5C thermal@44.95C AO@44.5C GPU@44.5C PMIC@50C
09-27-2026 19:38:17 RAM 4694/6833MB (lfb 46x4MB) SWAP 1070/3416MB (cached 0MB) CPU [6%@1420,8%@1420,10%@1420,4%@1420,1%@1420,100%@1420] EMC_FREQ 0% GR3D_FREQ 0% AUX@44.5C CPU@46C thermal@44.95C AO@44.5C GPU@44.5C PMIC@50C
09-27-2026 19:38:18 RAM 4694/6833MB (lfb 46x4MB) SWAP 1070/3416MB (cached 0MB) CPU [8%@1420,5%@1420,11%@1420,4%@1420,1%@1420,100%@1420] EMC_FREQ 0% GR3D_FREQ 0% AUX@45C CPU@45.5C thermal@44.95C AO@44.5C GPU@44.5C PMIC@50C
09-27-2026 19:38:19 RAM 4694/6833MB (lfb 46x4MB) SWAP 1070/3416MB (cached 0MB) CPU [8%@1420,3%@1420,6%@1420,7%@1420,5%@1420,100%@1420] EMC_FREQ 0% GR3D_FREQ 0% AUX@45C CPU@45.5C thermal@45.3C AO@44.5C GPU@44.5C PMIC@50C
09-27-2026 19:38:20 RAM 4816/6833MB (lfb 26x4MB) SWAP 1070/3416MB (cached 0MB) CPU [58%@1420,59%@1420,41%@1420,42%@1420,40%@1420,100%@1420] EMC_FREQ 0% GR3D_FREQ 99% AUX@45C CPU@46.5C thermal@45.3C AO@45C GPU@45C PMIC@50C
09-27-2026 19:38:21 RAM 4819/6833MB (lfb 26x4MB) SWAP 1070/3416MB (cached 0MB) CPU [98%@1420,18%@1420,29%@1420,23%@1420,18%@1420,100%@1420] EMC_FREQ 0% GR3D_FREQ 0% AUX@45C CPU@46.5C thermal@45.45C AO@45C GPU@45C PMIC@50C
09-27-2026 19:38:22 RAM 4696/6833MB (lfb 26x4MB) SWAP 1070/3416MB (cached 0MB) CPU [33%@1420,22%@1420,41%@1420,28%@1420,19%@1420,100%@1420] EMC_FREQ 0% GR3D_FREQ 0% AUX@45C CPU@46C thermal@45.6C AO@45.5C GPU@45C PMIC@50C
09-27-2026 19:38:23 RAM 4695/6833MB (lfb 26x4MB) SWAP 1070/3416MB (cached 0MB) CPU [7%@1420,6%@1420,5%@1420,12%@1420,7%@1420,100%@1420] EMC_FREQ 0% GR3D_FREQ 0% AUX@45C CPU@46.5C thermal@45.65C AO@45C GPU@45C PMIC@50C
09-27-2026 19:38:24 RAM 4695/6833MB (lfb 26x4MB) SWAP 1070/3416MB (cached 0MB) CPU [13%@1420,14%@1420,8%@1420,10%@1420,12%@1420,100%@1420] EMC_FREQ 0% GR3D_FREQ 0% AUX@45.5C CPU@46.5C thermal@45.65C AO@45C GPU@45.5C PMIC@50C
09-27-2026 19:38:25 RAM 4695/6833MB (lfb 26x4MB) SWAP 1070/3416MB (cached 0MB) CPU [7%@1420,5%@1420,9%@1420,6%@1420,1%@1420,100%@1420] EMC_FREQ 0% GR3D_FREQ 0% AUX@45.5C CPU@46.5C thermal@45.65C AO@45.5C GPU@45C PMIC@50C
09-27-2026 19:38:26 RAM 4695/6833MB (lfb 46x4MB) SWAP 1070/3416MB (cached 0MB) CPU [11%@1420,10%@1420,15%@1420,11%@1420,2%@1420,100%@1420] EMC_FREQ 0% GR3D_FREQ 0% AUX@45.5C CPU@47C thermal@45.8C AO@45.5C GPU@45.5C PMIC@50C
09-27-2026 19:38:27 RAM 4695/6833MB (lfb 46x4MB) SWAP 1070/3416MB (cached 0MB) CPU [7%@1420,7%@1420,7%@1420,8%@1420,1%@1420,100%@1420] EMC_FREQ 0% GR3D_FREQ 0% AUX@45.5C CPU@47C thermal@45.8C AO@45.5C GPU@45.5C PMIC@50C
09-27-2026 19:38:28 RAM 4695/6833MB (lfb 46x4MB) SWAP 1070/3416MB (cached 0MB) CPU [6%@1420,5%@1420,7%@1420,6%@1420,5%@1420,100%@1420] EMC_FREQ 0% GR3D_FREQ 0% AUX@46C CPU@47C thermal@45.95C AO@45.5C GPU@45.5C PMIC@50C
09-27-2026 19:38:29 RAM 4695/6833MB (lfb 46x4MB) SWAP 1070/3416MB (cached 0MB) CPU [18%@1420,6%@1420,7%@1420,11%@1420,3%@1420,100%@1420] EMC_FREQ 0% GR3D_FREQ 0% AUX@45.5C CPU@47C thermal@45.8C AO@45.5C GPU@46C PMIC@50C
09-27-2026 19:38:30 RAM 4815/6833MB (lfb 46x4MB) SWAP 1070/3416MB (cached 0MB) CPU [36%@1420,30%@1420,40%@1420,61%@1420,28%@1420,100%@1420] EMC_FREQ 0% GR3D_FREQ 0% AUX@46C CPU@47C thermal@46.15C AO@45.5C GPU@45.5C PMIC@50C
09-27-2026 19:38:31 RAM 4816/6833MB (lfb 26x4MB) SWAP 1070/3416MB (cached 0MB) CPU [17%@1420,14%@1420,15%@1420,100%@1420,9%@1420,100%@1420] EMC_FREQ 0% GR3D_FREQ 0% AUX@46C CPU@47.5C thermal@46.15C AO@46C GPU@46C PMIC@50C
09-27-2026 19:38:32 RAM 4695/6833MB (lfb 26x4MB) SWAP 1070/3416MB (cached 0MB) CPU [18%@1420,27%@1420,15%@1420,32%@1420,13%@1420,100%@1420] EMC_FREQ 0% GR3D_FREQ 0% AUX@46C CPU@47C thermal@46.45C AO@45.5C GPU@46C PMIC@50C
09-27-2026 19:38:33 RAM 4694/6833MB (lfb 26x4MB) SWAP 1070/3416MB (cached 0MB) CPU [4%@1420,6%@1420,9%@1420,2%@1420,8%@1420,100%@1420] EMC_FREQ 0% GR3D_FREQ 0% AUX@46C CPU@47C thermal@46.15C AO@46C GPU@45.5C PMIC@50C
09-27-2026 19:38:34 RAM 4693/6833MB (lfb 26x4MB) SWAP 1070/3416MB (cached 0MB) CPU [9%@1420,8%@1420,8%@1420,6%@1420,4%@1420,100%@1420] EMC_FREQ 0% GR3D_FREQ 0% AUX@46C CPU@47C thermal@46.1C AO@45.5C GPU@45.5C PMIC@50C
09-27-2026 19:38:35 RAM 4693/6833MB (lfb 26x4MB) SWAP 1070/3416MB (cached 0MB) CPU [21%@1420,7%@1420,5%@1420,6%@1420,3%@1420,100%@1420] EMC_FREQ 0% GR3D_FREQ 0% AUX@45.5C CPU@47C thermal@46.1C AO@45.5C GPU@46C PMIC@50C
09-27-2026 19:38:36 RAM 4692/6833MB (lfb 46x4MB) SWAP 1070/3416MB (cached 0MB) CPU [11%@1420,17%@1420,19%@1420,7%@1420,12%@1420,100%@1420] EMC_FREQ 0% GR3D_FREQ 51% AUX@45.5C CPU@47.5C thermal@46.85C AO@46C GPU@48C PMIC@50C
09-27-2026 19:38:37 RAM 4692/6833MB (lfb 46x4MB) SWAP 1070/3416MB (cached 0MB) CPU [8%@1420,8%@1420,5%@1420,6%@1420,2%@1420,100%@1420] EMC_FREQ 0% GR3D_FREQ 0% AUX@46C CPU@47C thermal@46.85C AO@45.5C GPU@46C PMIC@50C
09-27-2026 19:38:38 RAM 4692/6833MB (lfb 46x4MB) SWAP 1070/3416MB (cached 0MB) CPU [5%@1420,8%@1420,7%@1420,6%@1420,3%@1420,100%@1420] EMC_FREQ 0% GR3D_FREQ 0% AUX@45.5C CPU@47C thermal@46.1C AO@45.5C GPU@45.5C PMIC@50C
09-27-2026 19:38:39 RAM 4692/6833MB (lfb 46x4MB) SWAP 1070/3416MB (cached 0MB) CPU [8%@1420,6%@1420,7%@1420,8%@1420,2%@1420,100%@1420] EMC_FREQ 0% GR3D_FREQ 0% AUX@45.5C CPU@46.5C thermal@46.15C AO@45.5C GPU@45.5C PMIC@50C
09-27-2026 19:38:40 RAM 4766/6833MB (lfb 46x4MB) SWAP 1070/3416MB (cached 0MB) CPU [51%@1420,45%@1420,47%@1420,48%@1420,39%@1420,100%@1420] EMC_FREQ 0% GR3D_FREQ 0% AUX@45.5C CPU@47.5C thermal@45.8C AO@45.5C GPU@45.5C PMIC@50C
09-27-2026 19:38:41 RAM 4830/6833MB (lfb 42x4MB) SWAP 1070/3416MB (cached 0MB) CPU [71%@1420,50%@1420,54%@1420,42%@1420,36%@1420,100%@1420] EMC_FREQ 0% GR3D_FREQ 0% AUX@45.5C CPU@47C thermal@46.1C AO@45.5C GPU@45.5C PMIC@50C
09-27-2026 19:38:42 RAM 4709/6833MB (lfb 27x4MB) SWAP 1070/3416MB (cached 0MB) CPU [55%@1420,38%@1420,37%@1420,48%@1420,23%@1420,100%@1420] EMC_FREQ 0% GR3D_FREQ 0% AUX@45.5C CPU@47C thermal@46.55C AO@45.5C GPU@45.5C PMIC@50C
09-27-2026 19:38:43 RAM 4708/6833MB (lfb 27x4MB) SWAP 1070/3416MB (cached 0MB) CPU [10%@1420,6%@1420,4%@1420,4%@1420,3%@1420,100%@1420] EMC_FREQ 0% GR3D_FREQ 0% AUX@45.5C CPU@46.5C thermal@45.95C AO@45.5C GPU@45.5C PMIC@50C
09-27-2026 19:38:44 RAM 4708/6833MB (lfb 27x4MB) SWAP 1070/3416MB (cached 0MB) CPU [5%@1420,6%@1420,7%@1420,6%@1420,5%@1420,100%@1420] EMC_FREQ 0% GR3D_FREQ 0% AUX@45.5C CPU@46.5C thermal@45.8C AO@45.5C GPU@45.5C PMIC@50C
09-27-2026 19:38:45 RAM 4708/6833MB (lfb 27x4MB) SWAP 1070/3416MB (cached 0MB) CPU [19%@1420,6%@1420,8%@1420,6%@1420,6%@1420,100%@1420] EMC_FREQ 0% GR3D_FREQ 0% AUX@45.5C CPU@46.5C thermal@45.8C AO@45.5C GPU@45.5C PMIC@50C
09-27-2026 19:38:46 RAM 4708/6833MB (lfb 27x4MB) SWAP 1070/3416MB (cached 0MB) CPU [11%@1420,5%@1420,5%@1420,4%@1420,3%@1420,100%@1420] EMC_FREQ 0% GR3D_FREQ 0% AUX@45.5C CPU@46.5C thermal@45.8C AO@45C GPU@45.5C PMIC@50C
09-27-2026 19:38:47 RAM 4709/6833MB (lfb 45x4MB) SWAP 1070/3416MB (cached 0MB) CPU [11%@1420,10%@1420,20%@1420,12%@1420,2%@1420,100%@1420] EMC_FREQ 0% GR3D_FREQ 0% AUX@45.5C CPU@46.5C thermal@45.8C AO@45.5C GPU@46.5C PMIC@50C
09-27-2026 19:38:48 RAM 4709/6833MB (lfb 45x4MB) SWAP 1070/3416MB (cached 0MB) CPU [12%@1420,8%@1420,4%@1420,3%@1420,2%@1420,100%@1420] EMC_FREQ 0% GR3D_FREQ 0% AUX@45.5C CPU@46.5C thermal@45.8C AO@45C GPU@45.5C PMIC@50C
09-27-2026 19:38:49 RAM 4709/6833MB (lfb 45x4MB) SWAP 1070/3416MB (cached 0MB) CPU [9%@1420,6%@1420,6%@1420,4%@1420,5%@1420,100%@1420] EMC_FREQ 0% GR3D_FREQ 0% AUX@45.5C CPU@46.5C thermal@45.8C AO@45C GPU@45.5C PMIC@50C
09-27-2026 19:38:50 RAM 4806/6833MB (lfb 45x4MB) SWAP 1070/3416MB (cached 0MB) CPU [29%@1420,29%@1420,28%@1420,27%@1420,26%@1420,100%@1420] EMC_FREQ 0% GR3D_FREQ 0% AUX@45.5C CPU@47C thermal@45.8C AO@45C GPU@45C PMIC@50C
09-27-2026 19:38:51 RAM 4825/6833MB (lfb 33x4MB) SWAP 1070/3416MB (cached 0MB) CPU [47%@1420,32%@1420,34%@1420,43%@1420,16%@1420,100%@1420] EMC_FREQ 0% GR3D_FREQ 0% AUX@45C CPU@47C thermal@45.8C AO@45C GPU@45C PMIC@50C
09-27-2026 19:38:52 RAM 4991/6833MB (lfb 61x1MB) SWAP 1070/3416MB (cached 0MB) CPU [31%@1420,32%@1420,17%@1420,21%@1420,9%@1420,100%@1420] EMC_FREQ 0% GR3D_FREQ 0% AUX@45C CPU@46.5C thermal@45.45C AO@45C GPU@45C PMIC@50C
09-27-2026 19:38:54 RAM 4709/6833MB (lfb 27x4MB) SWAP 1070/3416MB (cached 0MB) CPU [8%@1420,4%@1420,19%@1420,5%@1420,3%@1420,100%@1420] EMC_FREQ 0% GR3D_FREQ 0% AUX@45C CPU@46.5C thermal@45.6C AO@45C GPU@45C PMIC@50C
09-27-2026 19:38:55 RAM 4709/6833MB (lfb 27x4MB) SWAP 1070/3416MB (cached 0MB) CPU [4%@1420,5%@1420,6%@1420,8%@1420,6%@1420,100%@1420] EMC_FREQ 0% GR3D_FREQ 0% AUX@45C CPU@46.5C thermal@45.45C AO@45C GPU@45C PMIC@50C
09-27-2026 19:38:56 RAM 4709/6833MB (lfb 27x4MB) SWAP 1070/3416MB (cached 0MB) CPU [11%@1420,4%@1420,5%@1420,8%@1420,4%@1420,100%@1420] EMC_FREQ 0% GR3D_FREQ 0% AUX@45C CPU@46.5C thermal@45.3C AO@45C GPU@45C PMIC@50C
09-27-2026 19:38:57 RAM 4709/6833MB (lfb 27x4MB) SWAP 1070/3416MB (cached 0MB) CPU [5%@1420,5%@1420,14%@1420,8%@1420,5%@1420,100%@1420] EMC_FREQ 0% GR3D_FREQ 0% AUX@45C CPU@46C thermal@45.3C AO@45C GPU@45C PMIC@50C
09-27-2026 19:38:58 RAM 4709/6833MB (lfb 27x4MB) SWAP 1070/3416MB (cached 0MB) CPU [5%@1420,6%@1420,4%@1420,8%@1420,4%@1420,100%@1420] EMC_FREQ 0% GR3D_FREQ 0% AUX@45C CPU@46.5C thermal@45.3C AO@45C GPU@45C PMIC@50C
09-27-2026 19:38:59 RAM 4710/6833MB (lfb 42x4MB) SWAP 1070/3416MB (cached 0MB) CPU [20%@1420,8%@1420,8%@1420,9%@1420,5%@1420,100%@1420] EMC_FREQ 0% GR3D_FREQ 0% AUX@45C CPU@46.5C thermal@45.3C AO@45C GPU@45.5C PMIC@50C
09-27-2026 19:39:00 RAM 4709/6833MB (lfb 42x4MB) SWAP 1070/3416MB (cached 0MB) CPU [7%@1420,5%@1420,2%@1420,9%@1420,3%@1420,100%@1420] EMC_FREQ 0% GR3D_FREQ 0% AUX@45C CPU@46.5C thermal@45.3C AO@44.5C GPU@45C PMIC@50C
09-27-2026 19:39:01 RAM 4821/6833MB (lfb 42x4MB) SWAP 1070/3416MB (cached 0MB) CPU [69%@1420,64%@1420,63%@1420,64%@1420,60%@1420,100%@1420] EMC_FREQ 0% GR3D_FREQ 0% AUX@45C CPU@46.5C thermal@45.3C AO@45C GPU@45C PMIC@50C
09-27-2026 19:39:02 RAM 4829/6833MB (lfb 33x4MB) SWAP 1070/3416MB (cached 0MB) CPU [54%@1420,38%@1420,28%@1420,31%@1420,23%@1420,100%@1420] EMC_FREQ 0% GR3D_FREQ 0% AUX@45C CPU@46.5C thermal@45.45C AO@44.5C GPU@45C PMIC@50C
09-27-2026 19:39:03 RAM 4709/6833MB (lfb 40x4MB) SWAP 1070/3416MB (cached 0MB) CPU [34%@1420,31%@1420,17%@1420,25%@1420,7%@1420,100%@1420] EMC_FREQ 0% GR3D_FREQ 0% AUX@45C CPU@46C thermal@45.45C AO@44.5C GPU@44.5C PMIC@50C
09-27-2026 19:39:04 RAM 4707/6833MB (lfb 27x4MB) SWAP 1070/3416MB (cached 0MB) CPU [13%@1420,9%@1420,23%@1420,7%@1420,10%@1420,100%@1420] EMC_FREQ 0% GR3D_FREQ 0% AUX@45C CPU@46C thermal@45.15C AO@45C GPU@45C PMIC@50C
09-27-2026 19:39:05 RAM 4707/6833MB (lfb 27x4MB) SWAP 1070/3416MB (cached 0MB) CPU [3%@1420,4%@1420,12%@1420,5%@1420,3%@1420,100%@1420] EMC_FREQ 0% GR3D_FREQ 0% AUX@45C CPU@46C thermal@45.3C AO@45C GPU@45C PMIC@50C
09-27-2026 19:39:06 RAM 4707/6833MB (lfb 27x4MB) SWAP 1070/3416MB (cached 0MB) CPU [6%@1420,3%@1420,11%@1420,3%@1420,2%@1420,100%@1420] EMC_FREQ 0% GR3D_FREQ 0% AUX@45C CPU@46C thermal@45.3C AO@45C GPU@45C PMIC@50C
09-27-2026 19:39:07 RAM 4706/6833MB (lfb 27x4MB) SWAP 1070/3416MB (cached 0MB) CPU [15%@1420,4%@1420,12%@1420,6%@1420,3%@1420,100%@1420] EMC_FREQ 0% GR3D_FREQ 0% AUX@45C CPU@46C thermal@45C AO@44.5C GPU@44.5C PMIC@50C
09-27-2026 19:39:08 RAM 4707/6833MB (lfb 27x4MB) SWAP 1070/3416MB (cached 0MB) CPU [6%@1420,7%@1420,8%@1420,8%@1420,3%@1420,100%@1420] EMC_FREQ 0% GR3D_FREQ 0% AUX@45C CPU@46C thermal@45.15C AO@44.5C GPU@44.5C PMIC@50C
09-27-2026 19:39:09 RAM 4707/6833MB (lfb 41x4MB) SWAP 1070/3416MB (cached 0MB) CPU [9%@1420,6%@1420,15%@1420,16%@1420,4%@1420,100%@1420] EMC_FREQ 0% GR3D_FREQ 0% AUX@45C CPU@46C thermal@45.15C AO@45C GPU@46C PMIC@50C
09-27-2026 19:39:10 RAM 4708/6833MB (lfb 41x4MB) SWAP 1070/3416MB (cached 0MB) CPU [6%@1420,7%@1420,4%@1420,9%@1420,2%@1420,100%@1420] EMC_FREQ 0% GR3D_FREQ 0% AUX@45C CPU@46C thermal@45.45C AO@44.5C GPU@44.5C PMIC@50C
09-27-2026 19:39:11 RAM 4819/6833MB (lfb 41x4MB) SWAP 1070/3416MB (cached 0MB) CPU [60%@1420,57%@1420,61%@1420,61%@1420,48%@1420,100%@1420] EMC_FREQ 0% GR3D_FREQ 0% AUX@45C CPU@46.5C thermal@45.3C AO@45C GPU@45C PMIC@50C
09-27-2026 19:39:12 RAM 4832/6833MB (lfb 38x4MB) SWAP 1070/3416MB (cached 0MB) CPU [30%@1420,27%@1420,39%@1420,66%@1420,13%@1420,100%@1420] EMC_FREQ 0% GR3D_FREQ 0% AUX@45C CPU@46.5C thermal@45.45C AO@45C GPU@45C PMIC@50C
09-27-2026 19:39:13 RAM 4713/6833MB (lfb 38x4MB) SWAP 1070/3416MB (cached 0MB) CPU [32%@1420,38%@1420,32%@1420,32%@1420,33%@1420,100%@1420] EMC_FREQ 0% GR3D_FREQ 0% AUX@45C CPU@46.5C thermal@45.45C AO@45C GPU@44.5C PMIC@50C
09-27-2026 19:39:14 RAM 4707/6833MB (lfb 27x4MB) SWAP 1070/3416MB (cached 0MB) CPU [35%@1420,19%@1420,21%@1420,13%@1420,11%@1420,100%@1420] EMC_FREQ 0% GR3D_FREQ 0% AUX@45C CPU@46.5C thermal@45.15C AO@45C GPU@45C PMIC@50C
09-27-2026 19:39:15 RAM 4708/6833MB (lfb 27x4MB) SWAP 1070/3416MB (cached 0MB) CPU [10%@1420,10%@1420,10%@1420,3%@1420,4%@1420,100%@1420] EMC_FREQ 0% GR3D_FREQ 0% AUX@45.5C CPU@46.5C thermal@45.6C AO@45C GPU@45C PMIC@50C
09-27-2026 19:39:16 RAM 4708/6833MB (lfb 27x4MB) SWAP 1070/3416MB (cached 0MB) CPU [6%@1420,5%@1420,20%@1420,8%@1420,3%@1420,100%@1420] EMC_FREQ 0% GR3D_FREQ 0% AUX@45C CPU@46.5C thermal@45.6C AO@45C GPU@45C PMIC@50C
09-27-2026 19:39:17 RAM 4708/6833MB (lfb 27x4MB) SWAP 1070/3416MB (cached 0MB) CPU [12%@1420,10%@1420,2%@1420,4%@1420,2%@1420,100%@1420] EMC_FREQ 0% GR3D_FREQ 0% AUX@45.5C CPU@46.5C thermal@45.8C AO@45.5C GPU@45.5C PMIC@50C
09-27-2026 19:39:18 RAM 4708/6833MB (lfb 27x4MB) SWAP 1070/3416MB (cached 0MB) CPU [10%@1420,4%@1420,5%@1420,4%@1420,4%@1420,100%@1420] EMC_FREQ 0% GR3D_FREQ 0% AUX@45.5C CPU@46.5C thermal@45.8C AO@45.5C GPU@45.5C PMIC@50C
09-27-2026 19:39:19 RAM 4708/6833MB (lfb 27x4MB) SWAP 1070/3416MB (cached 0MB) CPU [11%@1420,7%@1420,4%@1420,4%@1420,2%@1420,100%@1420] EMC_FREQ 0% GR3D_FREQ 0% AUX@45.5C CPU@46.5C thermal@45.8C AO@45.5C GPU@45.5C PMIC@50C
09-27-2026 19:39:20 RAM 4708/6833MB (lfb 39x4MB) SWAP 1070/3416MB (cached 0MB) CPU [11%@1420,13%@1420,3%@1420,13%@1420,8%@1420,100%@1420] EMC_FREQ 0% GR3D_FREQ 0% AUX@45.5C CPU@47C thermal@45.8C AO@46C GPU@46C PMIC@50C
09-27-2026 19:39:21 RAM 4827/6833MB (lfb 33x4MB) SWAP 1070/3416MB (cached 0MB) CPU [51%@1420,34%@1420,41%@1420,45%@1420,31%@1420,100%@1420] EMC_FREQ 0% GR3D_FREQ 0% AUX@45.5C CPU@47C thermal@46.1C AO@45.5C GPU@46C PMIC@50C
09-27-2026 19:39:22 RAM 4713/6833MB (lfb 36x4MB) SWAP 1070/3416MB (cached 0MB) CPU [51%@1420,34%@1420,37%@1420,25%@1420,15%@1420,100%@1420] EMC_FREQ 0% GR3D_FREQ 0% AUX@46C CPU@47.5C thermal@46.1C AO@46C GPU@46C PMIC@50C
09-27-2026 19:39:23 RAM 4712/6833MB (lfb 36x4MB) SWAP 1070/3416MB (cached 0MB) CPU [5%@1420,5%@1420,10%@1420,18%@1420,2%@1420,100%@1420] EMC_FREQ 0% GR3D_FREQ 0% AUX@46C CPU@47C thermal@46.3C AO@45.5C GPU@46C PMIC@50C
09-27-2026 19:39:24 RAM 4712/6833MB (lfb 36x4MB) SWAP 1070/3416MB (cached 0MB) CPU [6%@1420,6%@1420,9%@1420,6%@1420,4%@1420,100%@1420] EMC_FREQ 0% GR3D_FREQ 0% AUX@45.5C CPU@46.5C thermal@46.3C AO@46C GPU@45.5C PMIC@50C
09-27-2026 19:39:25 RAM 4710/6833MB (lfb 27x4MB) SWAP 1070/3416MB (cached 0MB) CPU [14%@1420,11%@1420,16%@1420,10%@1420,3%@1420,100%@1420] EMC_FREQ 0% GR3D_FREQ 0% AUX@46C CPU@47C thermal@46.15C AO@45.5C GPU@46C PMIC@50C
09-27-2026 19:39:26 RAM 4710/6833MB (lfb 27x4MB) SWAP 1070/3416MB (cached 0MB) CPU [11%@1420,6%@1420,5%@1420,3%@1420,4%@1420,100%@1420] EMC_FREQ 0% GR3D_FREQ 0% AUX@46C CPU@47C thermal@46.3C AO@45.5C GPU@46C PMIC@50C
09-27-2026 19:39:27 RAM 4710/6833MB (lfb 27x4MB) SWAP 1070/3416MB (cached 0MB) CPU [23%@1420,5%@1420,4%@1420,5%@1420,4%@1420,100%@1420] EMC_FREQ 0% GR3D_FREQ 0% AUX@45.5C CPU@47C thermal@46.3C AO@45.5C GPU@45.5C PMIC@50C
09-27-2026 19:39:28 RAM 4710/6833MB (lfb 27x4MB) SWAP 1070/3416MB (cached 0MB) CPU [9%@1420,8%@1420,18%@1420,5%@1420,3%@1420,100%@1420] EMC_FREQ 0% GR3D_FREQ 0% AUX@45.5C CPU@47C thermal@45.95C AO@45.5C GPU@45.5C PMIC@50C
09-27-2026 19:39:29 RAM 4710/6833MB (lfb 27x4MB) SWAP 1070/3416MB (cached 0MB) CPU [10%@1420,9%@1420,2%@1420,5%@1420,3%@1420,100%@1420] EMC_FREQ 0% GR3D_FREQ 0% AUX@45.5C CPU@47C thermal@45.95C AO@45.5C GPU@45.5C PMIC@50C
09-27-2026 19:39:30 RAM 4757/6833MB (lfb 36x4MB) SWAP 1070/3416MB (cached 0MB) CPU [26%@1420,20%@1420,19%@1420,27%@1420,16%@1420,100%@1420] EMC_FREQ 0% GR3D_FREQ 44% AUX@45.5C CPU@47.5C thermal@46.7C AO@46C GPU@47C PMIC@50C
09-27-2026 19:39:31 RAM 4827/6833MB (lfb 33x4MB) SWAP 1070/3416MB (cached 0MB) CPU [34%@1420,50%@1420,61%@1420,39%@1420,21%@1420,100%@1420] EMC_FREQ 0% GR3D_FREQ 0% AUX@45.5C CPU@47.5C thermal@46.7C AO@46C GPU@46C PMIC@50C
09-27-2026 19:39:32 RAM 4710/6833MB (lfb 34x4MB) SWAP 1070/3416MB (cached 0MB) CPU [25%@1420,28%@1420,40%@1420,21%@1420,19%@1420,100%@1420] EMC_FREQ 0% GR3D_FREQ 0% AUX@45.5C CPU@47C thermal@46.1C AO@45.5C GPU@45.5C PMIC@50C
09-27-2026 19:39:33 RAM 4710/6833MB (lfb 34x4MB) SWAP 1070/3416MB (cached 0MB) CPU [8%@1420,10%@1420,5%@1420,7%@1420,0%@1420,100%@1420] EMC_FREQ 0% GR3D_FREQ 0% AUX@45.5C CPU@46.5C thermal@45.95C AO@45.5C GPU@45.5C PMIC@50C
09-27-2026 19:39:34 RAM 4710/6833MB (lfb 34x4MB) SWAP 1070/3416MB (cached 0MB) CPU [9%@1420,8%@1420,5%@1420,4%@1420,2%@1420,100%@1420] EMC_FREQ 0% GR3D_FREQ 0% AUX@45.5C CPU@47C thermal@45.95C AO@45.5C GPU@45.5C PMIC@50C
09-27-2026 19:39:35 RAM 4867/6833MB (lfb 17x4MB) SWAP 1070/3416MB (cached 0MB) CPU [8%@1420,6%@1420,4%@1420,13%@1420,5%@1420,100%@1420] EMC_FREQ 0% GR3D_FREQ 0% AUX@45.5C CPU@47C thermal@45.95C AO@45.5C GPU@45.5C PMIC@50C
09-27-2026 19:39:36 RAM 4710/6833MB (lfb 27x4MB) SWAP 1070/3416MB (cached 0MB) CPU [15%@1420,9%@1420,7%@1420,9%@1420,6%@1420,100%@1420] EMC_FREQ 0% GR3D_FREQ 0% AUX@45.5C CPU@46.5C thermal@46.1C AO@45.5C GPU@45.5C PMIC@50C
09-27-2026 19:39:37 RAM 4710/6833MB (lfb 27x4MB) SWAP 1070/3416MB (cached 0MB) CPU [6%@1420,6%@1420,7%@1420,5%@1420,3%@1420,100%@1420] EMC_FREQ 0% GR3D_FREQ 0% AUX@45.5C CPU@46.5C thermal@45.8C AO@45.5C GPU@45.5C PMIC@50C
09-27-2026 19:39:38 RAM 4710/6833MB (lfb 27x4MB) SWAP 1070/3416MB (cached 0MB) CPU [20%@1420,7%@1420,3%@1420,7%@1420,4%@1420,100%@1420] EMC_FREQ 0% GR3D_FREQ 0% AUX@45.5C CPU@46.5C thermal@45.8C AO@45.5C GPU@45.5C PMIC@50C
09-27-2026 19:39:39 RAM 4710/6833MB (lfb 27x4MB) SWAP 1070/3416MB (cached 0MB) CPU [10%@1420,8%@1420,4%@1420,4%@1420,0%@1420,100%@1420] EMC_FREQ 0% GR3D_FREQ 0% AUX@45.5C CPU@46.5C thermal@45.8C AO@45.5C GPU@45.5C PMIC@50C
09-27-2026 19:39:40 RAM 4818/6833MB (lfb 27x4MB) SWAP 1070/3416MB (cached 0MB) CPU [41%@1420,29%@1420,33%@1420,36%@1420,28%@1420,100%@1420] EMC_FREQ 0% GR3D_FREQ 0% AUX@45C CPU@46.5C thermal@45.6C AO@45C GPU@45.5C PMIC@50C
09-27-2026 19:39:41 RAM 4833/6833MB (lfb 36x4MB) SWAP 1070/3416MB (cached 0MB) CPU [39%@1420,54%@1420,52%@1420,50%@1420,23%@1420,100%@1420] EMC_FREQ 0% GR3D_FREQ 0% AUX@45.5C CPU@47C thermal@45.6C AO@45.5C GPU@45.5C PMIC@50C
09-27-2026 19:39:42 RAM 4713/6833MB (lfb 36x4MB) SWAP 1070/3416MB (cached 0MB) CPU [16%@1420,12%@1420,10%@1420,21%@1420,9%@1420,100%@1420] EMC_FREQ 0% GR3D_FREQ 0% AUX@45.5C CPU@46.5C thermal@45.95C AO@45.5C GPU@45.5C PMIC@50C
09-27-2026 19:39:43 RAM 4713/6833MB (lfb 36x4MB) SWAP 1070/3416MB (cached 0MB) CPU [22%@1420,4%@1420,4%@1420,6%@1420,3%@1420,100%@1420] EMC_FREQ 0% GR3D_FREQ 0% AUX@45C CPU@46.5C thermal@45.8C AO@45C GPU@45.5C PMIC@50C
09-27-2026 19:39:44 RAM 4713/6833MB (lfb 36x4MB) SWAP 1070/3416MB (cached 0MB) CPU [6%@1420,8%@1420,3%@1420,10%@1420,1%@1420,100%@1420] EMC_FREQ 0% GR3D_FREQ 0% AUX@45C CPU@46.5C thermal@45.45C AO@45C GPU@45.5C PMIC@50C
09-27-2026 19:39:45 RAM 4713/6833MB (lfb 36x4MB) SWAP 1070/3416MB (cached 0MB) CPU [9%@1420,6%@1420,3%@1420,10%@1420,2%@1420,100%@1420] EMC_FREQ 0% GR3D_FREQ 0% AUX@45C CPU@46C thermal@45.3C AO@45C GPU@45C PMIC@50C
09-27-2026 19:39:46 RAM 4714/6833MB (lfb 38x4MB) SWAP 1070/3416MB (cached 0MB) CPU [17%@1420,15%@1420,5%@1420,9%@1420,2%@1420,100%@1420] EMC_FREQ 0% GR3D_FREQ 99% AUX@45C CPU@46.5C thermal@45.3C AO@45C GPU@46.5C PMIC@50C
09-27-2026 19:39:47 RAM 4714/6833MB (lfb 38x4MB) SWAP 1070/3416MB (cached 0MB) CPU [6%@1420,5%@1420,9%@1420,9%@1420,3%@1420,100%@1420] EMC_FREQ 0% GR3D_FREQ 0% AUX@45C CPU@46.5C thermal@45.45C AO@45C GPU@45.5C PMIC@50C
09-27-2026 19:39:48 RAM 4714/6833MB (lfb 38x4MB) SWAP 1070/3416MB (cached 0MB) CPU [5%@1420,6%@1420,4%@1420,10%@1420,3%@1420,100%@1420] EMC_FREQ 0% GR3D_FREQ 0% AUX@45C CPU@46C thermal@45.3C AO@45C GPU@45C PMIC@50C
09-27-2026 19:39:49 RAM 4714/6833MB (lfb 38x4MB) SWAP 1070/3416MB (cached 0MB) CPU [17%@1420,6%@1420,11%@1420,6%@1420,3%@1420,100%@1420] EMC_FREQ 0% GR3D_FREQ 0% AUX@45C CPU@46C thermal@45.3C AO@45C GPU@45C PMIC@50C
09-27-2026 19:39:50 RAM 4825/6833MB (lfb 38x4MB) SWAP 1070/3416MB (cached 0MB) CPU [34%@1420,31%@1420,75%@1420,30%@1420,32%@1420,100%@1420] EMC_FREQ 0% GR3D_FREQ 0% AUX@45C CPU@46.5C thermal@45.3C AO@45C GPU@45C PMIC@50C
09-27-2026 19:39:51 RAM 4825/6833MB (lfb 38x4MB) SWAP 1070/3416MB (cached 0MB) CPU [12%@1420,8%@1420,100%@1420,7%@1420,2%@1420,100%@1420] EMC_FREQ 0% GR3D_FREQ 0% AUX@45C CPU@46C thermal@45.45C AO@45C GPU@45C PMIC@50C
09-27-2026 19:39:52 RAM 4702/6833MB (lfb 26x4MB) SWAP 1070/3416MB (cached 0MB) CPU [30%@1420,25%@1420,33%@1420,18%@1420,14%@1420,100%@1420] EMC_FREQ 0% GR3D_FREQ 0% AUX@45C CPU@46.5C thermal@45.45C AO@45C GPU@45C PMIC@50C
09-27-2026 19:39:53 RAM 4702/6833MB (lfb 26x4MB) SWAP 1070/3416MB (cached 0MB) CPU [12%@1420,7%@1420,3%@1420,6%@1420,2%@1420,100%@1420] EMC_FREQ 0% GR3D_FREQ 0% AUX@45C CPU@46.5C thermal@45.3C AO@44.5C GPU@45C PMIC@50C
09-27-2026 19:39:54 RAM 4702/6833MB (lfb 26x4MB) SWAP 1070/3416MB (cached 0MB) CPU [7%@1420,17%@1420,6%@1420,9%@1420,2%@1420,100%@1420] EMC_FREQ 0% GR3D_FREQ 0% AUX@45C CPU@46C thermal@45.3C AO@45C GPU@45C PMIC@50C
09-27-2026 19:39:55 RAM 4702/6833MB (lfb 26x4MB) SWAP 1070/3416MB (cached 0MB) CPU [9%@1420,6%@1420,8%@1420,7%@1420,3%@1420,100%@1420] EMC_FREQ 0% GR3D_FREQ 0% AUX@45C CPU@46C thermal@45.1C AO@44.5C GPU@45C PMIC@50C
09-27-2026 19:39:56 RAM 4702/6833MB (lfb 26x4MB) SWAP 1070/3416MB (cached 0MB) CPU [7%@1420,7%@1420,8%@1420,4%@1420,1%@1420,100%@1420] EMC_FREQ 0% GR3D_FREQ 0% AUX@44.5C CPU@46C thermal@45.3C AO@44.5C GPU@45C PMIC@50C
09-27-2026 19:39:57 RAM 4702/6833MB (lfb 39x4MB) SWAP 1070/3416MB (cached 0MB) CPU [19%@1420,7%@1420,11%@1420,10%@1420,2%@1420,100%@1420] EMC_FREQ 0% GR3D_FREQ 0% AUX@44.5C CPU@46C thermal@45.85C AO@45C GPU@45C PMIC@50C
09-27-2026 19:39:58 RAM 4702/6833MB (lfb 39x4MB) SWAP 1070/3416MB (cached 0MB) CPU [13%@1420,7%@1420,1%@1420,4%@1420,6%@1420,100%@1420] EMC_FREQ 0% GR3D_FREQ 0% AUX@44.5C CPU@46C thermal@44.95C AO@44.5C GPU@45C PMIC@50C
09-27-2026 19:39:59 RAM 4702/6833MB (lfb 39x4MB) SWAP 1070/3416MB (cached 0MB) CPU [17%@1420,10%@1420,4%@1420,5%@1420,3%@1420,100%@1420] EMC_FREQ 0% GR3D_FREQ 0% AUX@44.5C CPU@46C thermal@45.1C AO@44.5C GPU@45C PMIC@50C
09-27-2026 19:40:00 RAM 4827/6833MB (lfb 39x4MB) SWAP 1070/3416MB (cached 0MB) CPU [40%@1420,45%@1420,52%@1420,33%@1420,26%@1420,100%@1420] EMC_FREQ 0% GR3D_FREQ 0% AUX@45C CPU@46C thermal@45.1C AO@44.5C GPU@44.5C PMIC@50C
09-27-2026 19:40:01 RAM 4714/6833MB (lfb 39x4MB) SWAP 1070/3416MB (cached 0MB) CPU [60%@1420,19%@1420,44%@1420,29%@1420,26%@1420,100%@1420] EMC_FREQ 0% GR3D_FREQ 0% AUX@45C CPU@46C thermal@45.45C AO@44.5C GPU@45C PMIC@50C
09-27-2026 19:40:02 RAM 4708/6833MB (lfb 25x4MB) SWAP 1070/3416MB (cached 0MB) CPU [18%@1420,9%@1420,8%@1420,14%@1420,4%@1420,100%@1420] EMC_FREQ 0% GR3D_FREQ 99% AUX@44.5C CPU@45.5C thermal@45.3C AO@44.5C GPU@45C PMIC@50C
09-27-2026 19:40:03 RAM 4709/6833MB (lfb 25x4MB) SWAP 1070/3416MB (cached 0MB) CPU [11%@1420,6%@1420,9%@1420,5%@1420,2%@1420,100%@1420] EMC_FREQ 0% GR3D_FREQ 0% AUX@45C CPU@45.5C thermal@45.1C AO@44.5C GPU@45C PMIC@50C
09-27-2026 19:40:04 RAM 4713/6833MB (lfb 25x4MB) SWAP 1070/3416MB (cached 0MB) CPU [27%@1420,29%@1420,27%@1420,24%@1420,15%@1420,100%@1420] EMC_FREQ 0% GR3D_FREQ 0% AUX@45C CPU@46.5C thermal@45.15C AO@44.5C GPU@45C PMIC@50C
09-27-2026 19:40:05 RAM 4712/6833MB (lfb 25x4MB) SWAP 1070/3416MB (cached 0MB) CPU [13%@1420,22%@1420,16%@1420,10%@1420,5%@1420,100%@1420] EMC_FREQ 0% GR3D_FREQ 0% AUX@45C CPU@46C thermal@45.3C AO@45C GPU@45C PMIC@50C
09-27-2026 19:40:06 RAM 4712/6833MB (lfb 25x4MB) SWAP 1070/3416MB (cached 0MB) CPU [4%@1420,8%@1420,6%@1420,8%@1420,3%@1420,100%@1420] EMC_FREQ 0% GR3D_FREQ 0% AUX@45C CPU@46C thermal@45.45C AO@45C GPU@45C PMIC@50C
09-27-2026 19:40:07 RAM 4712/6833MB (lfb 25x4MB) SWAP 1070/3416MB (cached 0MB) CPU [9%@1420,6%@1420,6%@1420,3%@1420,2%@1420,100%@1420] EMC_FREQ 0% GR3D_FREQ 0% AUX@45C CPU@46.5C thermal@45.6C AO@45C GPU@45C PMIC@50C
09-27-2026 19:40:08 RAM 4711/6833MB (lfb 39x4MB) SWAP 1070/3416MB (cached 0MB) CPU [9%@1420,11%@1420,18%@1420,10%@1420,2%@1420,100%@1420] EMC_FREQ 0% GR3D_FREQ 0% AUX@45C CPU@46.5C thermal@45.6C AO@45C GPU@45.5C PMIC@50C
09-27-2026 19:40:09 RAM 4718/6833MB (lfb 39x4MB) SWAP 1070/3416MB (cached 0MB) CPU [11%@1420,10%@1420,11%@1420,11%@1420,8%@1420,100%@1420] EMC_FREQ 0% GR3D_FREQ 0% AUX@45.5C CPU@46.5C thermal@45.6C AO@45C GPU@45.5C PMIC@50C
09-27-2026 19:40:10 RAM 4822/6833MB (lfb 39x4MB) SWAP 1070/3416MB (cached 0MB) CPU [33%@1420,30%@1420,24%@1420,95%@1420,27%@1420,100%@1420] EMC_FREQ 0% GR3D_FREQ 0% AUX@45.5C CPU@47C thermal@45.8C AO@45.5C GPU@45.5C PMIC@50C
09-27-2026 19:40:11 RAM 4741/6833MB (lfb 39x4MB) SWAP 1070/3416MB (cached 0MB) CPU [16%@1420,23%@1420,18%@1420,87%@1420,15%@1420,100%@1420] EMC_FREQ 0% GR3D_FREQ 0% AUX@45.5C CPU@47C thermal@45.75C AO@45.5C GPU@45.5C PMIC@50C
09-27-2026 19:40:12 RAM 4701/6833MB (lfb 39x4MB) SWAP 1070/3416MB (cached 0MB) CPU [8%@1420,7%@1420,1%@1420,11%@1420,5%@1420,100%@1420] EMC_FREQ 0% GR3D_FREQ 0% AUX@45.5C CPU@46.5C thermal@46.1C AO@45.5C GPU@45.5C PMIC@50C
09-27-2026 19:40:13 RAM 4699/6833MB (lfb 25x4MB) SWAP 1070/3416MB (cached 0MB) CPU [14%@1420,6%@1420,10%@1420,11%@1420,6%@1420,100%@1420] EMC_FREQ 0% GR3D_FREQ 0% AUX@45.5C CPU@47C thermal@45.8C AO@45.5C GPU@46C PMIC@50C
09-27-2026 19:40:14 RAM 4699/6833MB (lfb 25x4MB) SWAP 1070/3416MB (cached 0MB) CPU [5%@1420,6%@1420,7%@1420,7%@1420,3%@1420,100%@1420] EMC_FREQ 0% GR3D_FREQ 0% AUX@45.5C CPU@47C thermal@46.25C AO@46C GPU@46C PMIC@50C
09-27-2026 19:40:15 RAM 4699/6833MB (lfb 25x4MB) SWAP 1070/3416MB (cached 0MB) CPU [6%@1420,6%@1420,9%@1420,15%@1420,4%@1420,100%@1420] EMC_FREQ 0% GR3D_FREQ 0% AUX@45.5C CPU@47C thermal@46.3C AO@46C GPU@46C PMIC@50C
09-27-2026 19:40:16 RAM 4699/6833MB (lfb 25x4MB) SWAP 1070/3416MB (cached 0MB) CPU [7%@1420,5%@1420,9%@1420,5%@1420,3%@1420,100%@1420] EMC_FREQ 0% GR3D_FREQ 0% AUX@45.5C CPU@47C thermal@46.3C AO@45.5C GPU@46C PMIC@50C
09-27-2026 19:40:17 RAM 4699/6833MB (lfb 25x4MB) SWAP 1070/3416MB (cached 0MB) CPU [6%@1420,5%@1420,11%@1420,3%@1420,1%@1420,100%@1420] EMC_FREQ 0% GR3D_FREQ 0% AUX@45.5C CPU@47C thermal@46.1C AO@46C GPU@46C PMIC@50C
09-27-2026 19:40:18 RAM 4700/6833MB (lfb 39x4MB) SWAP 1070/3416MB (cached 0MB) CPU [15%@1420,6%@1420,15%@1420,9%@1420,4%@1420,100%@1420] EMC_FREQ 0% GR3D_FREQ 0% AUX@45.5C CPU@47C thermal@46.7C AO@46C GPU@47C PMIC@50C
09-27-2026 19:40:19 RAM 4700/6833MB (lfb 39x4MB) SWAP 1070/3416MB (cached 0MB) CPU [17%@1420,5%@1420,4%@1420,5%@1420,8%@1420,100%@1420] EMC_FREQ 0% GR3D_FREQ 0% AUX@45.5C CPU@47C thermal@46.1C AO@45.5C GPU@46C PMIC@50C
09-27-2026 19:40:20 RAM 4828/6833MB (lfb 39x4MB) SWAP 1070/3416MB (cached 0MB) CPU [38%@1420,39%@1420,62%@1420,45%@1420,38%@1420,100%@1420] EMC_FREQ 0% GR3D_FREQ 0% AUX@45.5C CPU@47.5C thermal@46.1C AO@45.5C GPU@46C PMIC@50C
09-27-2026 19:40:21 RAM 4709/6833MB (lfb 39x4MB) SWAP 1070/3416MB (cached 0MB) CPU [38%@1420,27%@1420,51%@1420,21%@1420,25%@1420,100%@1420] EMC_FREQ 0% GR3D_FREQ 0% AUX@45.5C CPU@47C thermal@46.25C AO@45.5C GPU@46C PMIC@50C
09-27-2026 19:40:22 RAM 4709/6833MB (lfb 39x4MB) SWAP 1070/3416MB (cached 0MB) CPU [3%@1420,6%@1420,11%@1420,4%@1420,3%@1420,100%@1420] EMC_FREQ 0% GR3D_FREQ 0% AUX@45.5C CPU@47C thermal@46.1C AO@45.5C GPU@46C PMIC@50C
09-27-2026 19:40:23 RAM 4929/6833MB (lfb 11x4MB) SWAP 1070/3416MB (cached 0MB) CPU [11%@1420,8%@1420,11%@1420,5%@1420,2%@1420,100%@1420] EMC_FREQ 0% GR3D_FREQ 0% AUX@45.5C CPU@47C thermal@45.95C AO@45.5C GPU@45.5C PMIC@50C
09-27-2026 19:40:24 RAM 4707/6833MB (lfb 25x4MB) SWAP 1070/3416MB (cached 0MB) CPU [14%@1420,11%@1420,15%@1420,6%@1420,3%@1420,100%@1420] EMC_FREQ 0% GR3D_FREQ 0% AUX@45.5C CPU@47C thermal@46.25C AO@45.5C GPU@46C PMIC@50C
09-27-2026 19:40:25 RAM 4707/6833MB (lfb 25x4MB) SWAP 1070/3416MB (cached 0MB) CPU [8%@1420,17%@1420,5%@1420,19%@1420,2%@1420,100%@1420] EMC_FREQ 0% GR3D_FREQ 0% AUX@45.5C CPU@47C thermal@45.95C AO@45.5C GPU@45.5C PMIC@50C
09-27-2026 19:40:26 RAM 4707/6833MB (lfb 25x4MB) SWAP 1070/3416MB (cached 0MB) CPU [81%@1420,8%@1420,3%@1420,4%@1420,7%@1420,25%@1420] EMC_FREQ 0% GR3D_FREQ 0% AUX@45.5C CPU@46.5C thermal@45.8C AO@45.5C GPU@45.5C PMIC@50C
09-27-2026 19:40:28 RAM 4707/6833MB (lfb 25x4MB) SWAP 1070/3416MB (cached 0MB) CPU [100%@1420,8%@1420,6%@1420,5%@1420,9%@1420,5%@1420] EMC_FREQ 0% GR3D_FREQ 0% AUX@45.5C CPU@46.5C thermal@45.8C AO@45.5C GPU@45.5C PMIC@50C
09-27-2026 19:40:29 RAM 4708/6833MB (lfb 25x4MB) SWAP 1070/3416MB (cached 0MB) CPU [100%@1420,5%@1420,4%@1420,3%@1420,8%@1420,3%@1420] EMC_FREQ 0% GR3D_FREQ 0% AUX@45C CPU@46.5C thermal@45.65C AO@45C GPU@45C PMIC@50C
09-27-2026 19:40:30 RAM 4770/6833MB (lfb 39x4MB) SWAP 1070/3416MB (cached 0MB) CPU [49%@1420,26%@1420,24%@1420,26%@1420,72%@1420,19%@1420] EMC_FREQ 0% GR3D_FREQ 0% AUX@45C CPU@47C thermal@45.65C AO@45.5C GPU@45.5C PMIC@50C
09-27-2026 19:40:31 RAM 4820/6833MB (lfb 39x4MB) SWAP 1070/3416MB (cached 0MB) CPU [25%@1420,85%@1420,17%@1420,24%@1420,100%@1420,12%@1420] EMC_FREQ 0% GR3D_FREQ 0% AUX@45C CPU@46.5C thermal@45.75C AO@45.5C GPU@45.5C PMIC@50C
09-27-2026 19:40:32 RAM 4700/6833MB (lfb 39x4MB) SWAP 1070/3416MB (cached 0MB) CPU [26%@1420,41%@1420,49%@1420,24%@1420,100%@1420,8%@1420] EMC_FREQ 0% GR3D_FREQ 0% AUX@45C CPU@46.5C thermal@45.6C AO@45C GPU@45.5C PMIC@50C
09-27-2026 19:40:33 RAM 4700/6833MB (lfb 39x4MB) SWAP 1070/3416MB (cached 0MB) CPU [11%@1420,8%@1420,5%@1420,3%@1420,100%@1420,4%@1420] EMC_FREQ 0% GR3D_FREQ 0% AUX@45C CPU@46.5C thermal@45.8C AO@45C GPU@45.5C PMIC@50C
09-27-2026 19:40:34 RAM 4700/6833MB (lfb 39x4MB) SWAP 1070/3416MB (cached 0MB) CPU [7%@1420,6%@1420,5%@1420,6%@1420,100%@1420,7%@1420] EMC_FREQ 0% GR3D_FREQ 0% AUX@45C CPU@46.5C thermal@45.6C AO@45C GPU@45.5C PMIC@50C
09-27-2026 19:40:35 RAM 4698/6833MB (lfb 25x4MB) SWAP 1070/3416MB (cached 0MB) CPU [11%@1420,7%@1420,9%@1420,17%@1420,100%@1420,9%@1420] EMC_FREQ 0% GR3D_FREQ 0% AUX@45C CPU@46.5C thermal@45.3C AO@45C GPU@46C PMIC@50C
09-27-2026 19:40:36 RAM 4698/6833MB (lfb 25x4MB) SWAP 1070/3416MB (cached 0MB) CPU [17%@1420,6%@1420,6%@1420,6%@1420,100%@1420,7%@1420] EMC_FREQ 0% GR3D_FREQ 0% AUX@45C CPU@46C thermal@45.45C AO@45C GPU@45C PMIC@50C
09-27-2026 19:40:37 RAM 4698/6833MB (lfb 25x4MB) SWAP 1070/3416MB (cached 0MB) CPU [7%@1420,7%@1420,6%@1420,13%@1420,100%@1420,7%@1420] EMC_FREQ 0% GR3D_FREQ 0% AUX@45C CPU@46C thermal@45.45C AO@45C GPU@45C PMIC@50C
09-27-2026 19:40:38 RAM 4698/6833MB (lfb 25x4MB) SWAP 1070/3416MB (cached 0MB) CPU [6%@1420,5%@1420,7%@1420,3%@1420,100%@1420,8%@1420] EMC_FREQ 0% GR3D_FREQ 0% AUX@45C CPU@46C thermal@45.3C AO@45C GPU@45.5C PMIC@50C
09-27-2026 19:40:39 RAM 4698/6833MB (lfb 25x4MB) SWAP 1070/3416MB (cached 0MB) CPU [6%@1420,6%@1420,7%@1420,2%@1420,100%@1420,7%@1420] EMC_FREQ 0% GR3D_FREQ 0% AUX@45C CPU@46C thermal@45.45C AO@45C GPU@45C PMIC@50C
09-27-2026 19:40:40 RAM 4740/6833MB (lfb 39x4MB) SWAP 1070/3416MB (cached 0MB) CPU [14%@1420,16%@1420,18%@1420,18%@1420,65%@1420,52%@1420] EMC_FREQ 0% GR3D_FREQ 0% AUX@45C CPU@46.5C thermal@45.45C AO@45C GPU@45C PMIC@50C
09-27-2026 19:40:41 RAM 4820/6833MB (lfb 40x4MB) SWAP 1070/3416MB (cached 0MB) CPU [23%@1420,27%@1420,32%@1420,95%@1420,28%@1420,100%@1420] EMC_FREQ 0% GR3D_FREQ 0% AUX@45C CPU@46.5C thermal@45.45C AO@45C GPU@45.5C PMIC@50C
09-27-2026 19:40:42 RAM 4699/6833MB (lfb 40x4MB) SWAP 1070/3416MB (cached 0MB) CPU [24%@1420,24%@1420,25%@1420,74%@1420,11%@1420,100%@1420] EMC_FREQ 0% GR3D_FREQ 0% AUX@45C CPU@46.5C thermal@45.45C AO@45C GPU@45C PMIC@50C
09-27-2026 19:40:43 RAM 4699/6833MB (lfb 40x4MB) SWAP 1070/3416MB (cached 0MB) CPU [8%@1420,8%@1420,7%@1420,3%@1420,3%@1420,100%@1420] EMC_FREQ 0% GR3D_FREQ 0% AUX@45C CPU@46C thermal@45.45C AO@45C GPU@45C PMIC@50C
09-27-2026 19:40:44 RAM 4699/6833MB (lfb 40x4MB) SWAP 1070/3416MB (cached 0MB) CPU [4%@1420,6%@1420,10%@1420,4%@1420,1%@1420,100%@1420] EMC_FREQ 0% GR3D_FREQ 0% AUX@45C CPU@46C thermal@45.3C AO@44.5C GPU@45C PMIC@50C
09-27-2026 19:40:45 RAM 4699/6833MB (lfb 40x4MB) SWAP 1070/3416MB (cached 0MB) CPU [5%@1420,5%@1420,11%@1420,3%@1420,2%@1420,100%@1420] EMC_FREQ 0% GR3D_FREQ 0% AUX@45C CPU@46C thermal@45.3C AO@45C GPU@44.5C PMIC@50C
09-27-2026 19:40:46 RAM 4698/6833MB (lfb 25x4MB) SWAP 1070/3416MB (cached 0MB) CPU [19%@1420,8%@1420,15%@1420,20%@1420,3%@1420,100%@1420] EMC_FREQ 0% GR3D_FREQ 0% AUX@45C CPU@46C thermal@45.45C AO@44.5C GPU@45C PMIC@50C
09-27-2026 19:40:47 RAM 4698/6833MB (lfb 25x4MB) SWAP 1070/3416MB (cached 0MB) CPU [8%@1420,9%@1420,6%@1420,5%@1420,1%@1420,100%@1420] EMC_FREQ 0% GR3D_FREQ 0% AUX@45C CPU@46C thermal@45.3C AO@44.5C GPU@45C PMIC@50C
09-27-2026 19:40:48 RAM 4698/6833MB (lfb 25x4MB) SWAP 1070/3416MB (cached 0MB) CPU [12%@1420,17%@1420,6%@1420,5%@1420,4%@1420,100%@1420] EMC_FREQ 0% GR3D_FREQ 0% AUX@45C CPU@46C thermal@45.3C AO@44.5C GPU@45C PMIC@50C
09-27-2026 19:40:49 RAM 4698/6833MB (lfb 25x4MB) SWAP 1070/3416MB (cached 0MB) CPU [9%@1420,8%@1420,4%@1420,3%@1420,2%@1420,100%@1420] EMC_FREQ 0% GR3D_FREQ 0% AUX@45C CPU@45.5C thermal@44.8C AO@44.5C GPU@44.5C PMIC@50C
09-27-2026 19:40:50 RAM 4755/6833MB (lfb 25x4MB) SWAP 1070/3416MB (cached 0MB) CPU [20%@1420,16%@1420,16%@1420,19%@1420,13%@1420,100%@1420] EMC_FREQ 0% GR3D_FREQ 0% AUX@44.5C CPU@46C thermal@44.8C AO@44.5C GPU@44.5C PMIC@50C
09-27-2026 19:40:51 RAM 4818/6833MB (lfb 40x4MB) SWAP 1070/3416MB (cached 0MB) CPU [30%@1420,34%@1420,35%@1420,100%@1420,16%@1420,100%@1420] EMC_FREQ 0% GR3D_FREQ 0% AUX@44.5C CPU@46C thermal@45.1C AO@45C GPU@45.5C PMIC@50C
09-27-2026 19:40:52 RAM 4697/6833MB (lfb 40x4MB) SWAP 1070/3416MB (cached 0MB) CPU [22%@1420,24%@1420,18%@1420,65%@1420,7%@1420,100%@1420] EMC_FREQ 0% GR3D_FREQ 0% AUX@44.5C CPU@46C thermal@45.1C AO@44.5C GPU@45C PMIC@50C
09-27-2026 19:40:53 RAM 4697/6833MB (lfb 40x4MB) SWAP 1070/3416MB (cached 0MB) CPU [21%@1420,10%@1420,6%@1420,4%@1420,1%@1420,100%@1420] EMC_FREQ 0% GR3D_FREQ 0% AUX@44.5C CPU@46C thermal@45.1C AO@44.5C GPU@45C PMIC@50C
09-27-2026 19:40:54 RAM 4697/6833MB (lfb 40x4MB) SWAP 1070/3416MB (cached 0MB) CPU [12%@1420,8%@1420,1%@1420,4%@1420,3%@1420,100%@1420] EMC_FREQ 0% GR3D_FREQ 0% AUX@45C CPU@46C thermal@45.1C AO@44.5C GPU@45C PMIC@50C
09-27-2026 19:40:55 RAM 4697/6833MB (lfb 40x4MB) SWAP 1070/3416MB (cached 0MB) CPU [11%@1420,9%@1420,5%@1420,3%@1420,2%@1420,100%@1420] EMC_FREQ 0% GR3D_FREQ 0% AUX@44.5C CPU@46C thermal@45.3C AO@44.5C GPU@45C PMIC@50C
09-27-2026 19:40:56 RAM 4699/6833MB (lfb 25x4MB) SWAP 1070/3416MB (cached 0MB) CPU [29%@1420,35%@1420,26%@1420,27%@1420,15%@1420,100%@1420] EMC_FREQ 0% GR3D_FREQ 0% AUX@45C CPU@46.5C thermal@45.3C AO@44.5C GPU@45C PMIC@50C
09-27-2026 19:40:57 RAM 4697/6833MB (lfb 25x4MB) SWAP 1070/3416MB (cached 0MB) CPU [21%@1420,15%@1420,14%@1420,22%@1420,6%@1420,100%@1420] EMC_FREQ 0% GR3D_FREQ 0% AUX@45C CPU@46.5C thermal@45.45C AO@45C GPU@45.5C PMIC@50C
09-27-2026 19:40:58 RAM 4697/6833MB (lfb 25x4MB) SWAP 1070/3416MB (cached 0MB) CPU [5%@1420,18%@1420,5%@1420,9%@1420,3%@1420,100%@1420] EMC_FREQ 0% GR3D_FREQ 0% AUX@45.5C CPU@46.5C thermal@45.6C AO@45C GPU@45C PMIC@50C
09-27-2026 19:40:59 RAM 4697/6833MB (lfb 25x4MB) SWAP 1070/3416MB (cached 0MB) CPU [5%@1420,3%@1420,12%@1420,4%@1420,3%@1420,100%@1420] EMC_FREQ 0% GR3D_FREQ 0% AUX@45.5C CPU@46.5C thermal@45.6C AO@45C GPU@45.5C PMIC@50C
09-27-2026 19:41:00 RAM 4775/6833MB (lfb 25x4MB) SWAP 1070/3416MB (cached 0MB) CPU [21%@1420,20%@1420,24%@1420,24%@1420,17%@1420,100%@1420] EMC_FREQ 0% GR3D_FREQ 0% AUX@45.5C CPU@47C thermal@45.6C AO@45.5C GPU@45.5C PMIC@50C
09-27-2026 19:41:01 RAM 4829/6833MB (lfb 25x4MB) SWAP 1070/3416MB (cached 0MB) CPU [54%@1420,23%@1420,43%@1420,40%@1420,20%@1420,100%@1420] EMC_FREQ 0% GR3D_FREQ 0% AUX@45.5C CPU@47C thermal@45.95C AO@45.5C GPU@45.5C PMIC@50C
09-27-2026 19:41:02 RAM 4711/6833MB (lfb 40x4MB) SWAP 1070/3416MB (cached 0MB) CPU [35%@1420,25%@1420,43%@1420,27%@1420,22%@1420,100%@1420] EMC_FREQ 0% GR3D_FREQ 0% AUX@45.5C CPU@47C thermal@46.25C AO@45.5C GPU@46C PMIC@50C
09-27-2026 19:41:03 RAM 4711/6833MB (lfb 40x4MB) SWAP 1070/3416MB (cached 0MB) CPU [5%@1420,6%@1420,5%@1420,9%@1420,1%@1420,100%@1420] EMC_FREQ 0% GR3D_FREQ 0% AUX@45.5C CPU@47C thermal@46.1C AO@45.5C GPU@46C PMIC@50C
09-27-2026 19:41:04 RAM 4711/6833MB (lfb 40x4MB) SWAP 1070/3416MB (cached 0MB) CPU [15%@1420,5%@1420,7%@1420,3%@1420,5%@1420,100%@1420] EMC_FREQ 0% GR3D_FREQ 0% AUX@45.5C CPU@47C thermal@46.1C AO@45.5C GPU@46C PMIC@50C
09-27-2026 19:41:05 RAM 4711/6833MB (lfb 40x4MB) SWAP 1070/3416MB (cached 0MB) CPU [5%@1420,4%@1420,4%@1420,9%@1420,4%@1420,100%@1420] EMC_FREQ 0% GR3D_FREQ 0% AUX@45.5C CPU@47C thermal@46.1C AO@45.5C GPU@46C PMIC@50C
09-27-2026 19:41:06 RAM 4712/6833MB (lfb 40x4MB) SWAP 1070/3416MB (cached 0MB) CPU [7%@1420,6%@1420,3%@1420,9%@1420,4%@1420,100%@1420] EMC_FREQ 0% GR3D_FREQ 0% AUX@45.5C CPU@46.5C thermal@45.95C AO@45.5C GPU@45.5C PMIC@50C
09-27-2026 19:41:07 RAM 4711/6833MB (lfb 25x4MB) SWAP 1070/3416MB (cached 0MB) CPU [14%@1420,11%@1420,16%@1420,7%@1420,6%@1420,100%@1420] EMC_FREQ 0% GR3D_FREQ 0% AUX@45.5C CPU@47C thermal@46.85C AO@45.5C GPU@46C PMIC@50C
09-27-2026 19:41:08 RAM 4711/6833MB (lfb 25x4MB) SWAP 1070/3416MB (cached 0MB) CPU [17%@1420,7%@1420,5%@1420,6%@1420,8%@1420,100%@1420] EMC_FREQ 0% GR3D_FREQ 0% AUX@45.5C CPU@47C thermal@45.95C AO@45.5C GPU@45.5C PMIC@50C
09-27-2026 19:41:09 RAM 4711/6833MB (lfb 25x4MB) SWAP 1070/3416MB (cached 0MB) CPU [8%@1420,5%@1420,7%@1420,4%@1420,7%@1420,100%@1420] EMC_FREQ 0% GR3D_FREQ 0% AUX@45.5C CPU@46.5C thermal@45.95C AO@45.5C GPU@45.5C PMIC@50C
09-27-2026 19:41:10 RAM 4827/6833MB (lfb 25x4MB) SWAP 1070/3416MB (cached 0MB) CPU [36%@1420,35%@1420,53%@1420,32%@1420,32%@1420,100%@1420] EMC_FREQ 0% GR3D_FREQ 0% AUX@45.5C CPU@47C thermal@45.95C AO@45C GPU@45.5C PMIC@50C
09-27-2026 19:41:11 RAM 4714/6833MB (lfb 25x4MB) SWAP 1070/3416MB (cached 0MB) CPU [33%@1420,58%@1420,26%@1420,34%@1420,13%@1420,100%@1420] EMC_FREQ 0% GR3D_FREQ 0% AUX@45.5C CPU@47C thermal@45.95C AO@45.5C GPU@45.5C PMIC@50C
09-27-2026 19:41:12 RAM 4710/6833MB (lfb 40x4MB) SWAP 1070/3416MB (cached 0MB) CPU [12%@1420,6%@1420,12%@1420,21%@1420,5%@1420,100%@1420] EMC_FREQ 0% GR3D_FREQ 99% AUX@45.5C CPU@46.5C thermal@45.8C AO@45.5C GPU@46C PMIC@50C
09-27-2026 19:41:13 RAM 4710/6833MB (lfb 40x4MB) SWAP 1070/3416MB (cached 0MB) CPU [8%@1420,2%@1420,7%@1420,4%@1420,2%@1420,100%@1420] EMC_FREQ 0% GR3D_FREQ 0% AUX@45.5C CPU@46.5C thermal@45.95C AO@45.5C GPU@45.5C PMIC@50C
09-27-2026 19:41:14 RAM 4711/6833MB (lfb 40x4MB) SWAP 1070/3416MB (cached 0MB) CPU [22%@1420,6%@1420,6%@1420,7%@1420,3%@1420,100%@1420] EMC_FREQ 0% GR3D_FREQ 0% AUX@45C CPU@46C thermal@45.8C AO@45.5C GPU@45.5C PMIC@50C
09-27-2026 19:41:15 RAM 4711/6833MB (lfb 40x4MB) SWAP 1070/3416MB (cached 0MB) CPU [9%@1420,7%@1420,3%@1420,3%@1420,5%@1420,100%@1420] EMC_FREQ 0% GR3D_FREQ 0% AUX@45C CPU@46.5C thermal@45.6C AO@45.5C GPU@45.5C PMIC@50C
09-27-2026 19:41:16 RAM 4711/6833MB (lfb 40x4MB) SWAP 1070/3416MB (cached 0MB) CPU [7%@1420,7%@1420,5%@1420,2%@1420,7%@1420,100%@1420] EMC_FREQ 0% GR3D_FREQ 0% AUX@45C CPU@46.5C thermal@45.6C AO@45C GPU@45.5C PMIC@50C
09-27-2026 19:41:17 RAM 4711/6833MB (lfb 40x4MB) SWAP 1070/3416MB (cached 0MB) CPU [5%@1420,4%@1420,6%@1420,8%@1420,4%@1420,100%@1420] EMC_FREQ 0% GR3D_FREQ 0% AUX@45C CPU@46C thermal@45.45C AO@45C GPU@45C PMIC@50C
09-27-2026 19:41:18 RAM 4711/6833MB (lfb 25x4MB) SWAP 1070/3416MB (cached 0MB) CPU [10%@1420,12%@1420,13%@1420,10%@1420,4%@1420,100%@1420] EMC_FREQ 0% GR3D_FREQ 0% AUX@45C CPU@46C thermal@45.6C AO@45C GPU@45.5C PMIC@50C
09-27-2026 19:41:19 RAM 4730/6833MB (lfb 25x4MB) SWAP 1070/3416MB (cached 0MB) CPU [10%@1420,23%@1420,17%@1420,10%@1420,6%@1420,100%@1420] EMC_FREQ 0% GR3D_FREQ 0% AUX@45C CPU@46.5C thermal@45.3C AO@45C GPU@45C PMIC@50C
09-27-2026 19:41:20 RAM 4827/6833MB (lfb 25x4MB) SWAP 1070/3416MB (cached 0MB) CPU [47%@1420,62%@1420,38%@1420,43%@1420,25%@1420,100%@1420] EMC_FREQ 0% GR3D_FREQ 0% AUX@45C CPU@46.5C thermal@45.3C AO@45C GPU@45C PMIC@50C
09-27-2026 19:41:21 RAM 4707/6833MB (lfb 25x4MB) SWAP 1070/3416MB (cached 0MB) CPU [24%@1420,29%@1420,24%@1420,37%@1420,19%@1420,100%@1420] EMC_FREQ 0% GR3D_FREQ 0% AUX@45.5C CPU@46C thermal@45.45C AO@45C GPU@45.5C PMIC@50C
09-27-2026 19:41:22 RAM 4707/6833MB (lfb 25x4MB) SWAP 1070/3416MB (cached 0MB) CPU [7%@1420,4%@1420,4%@1420,6%@1420,6%@1420,100%@1420] EMC_FREQ 0% GR3D_FREQ 0% AUX@45C CPU@46C thermal@45.45C AO@45C GPU@45C PMIC@50C
09-27-2026 19:41:23 RAM 4708/6833MB (lfb 41x4MB) SWAP 1070/3416MB (cached 0MB) CPU [9%@1420,9%@1420,18%@1420,14%@1420,4%@1420,100%@1420] EMC_FREQ 0% GR3D_FREQ 0% AUX@45C CPU@46C thermal@45.3C AO@45C GPU@45.5C PMIC@50C
09-27-2026 19:41:24 RAM 4708/6833MB (lfb 41x4MB) SWAP 1070/3416MB (cached 0MB) CPU [21%@1420,8%@1420,7%@1420,5%@1420,1%@1420,100%@1420] EMC_FREQ 0% GR3D_FREQ 0% AUX@45C CPU@46C thermal@45.45C AO@45C GPU@45.5C PMIC@50C
09-27-2026 19:41:25 RAM 4708/6833MB (lfb 41x4MB) SWAP 1070/3416MB (cached 0MB) CPU [6%@1420,6%@1420,5%@1420,6%@1420,11%@1420,100%@1420] EMC_FREQ 0% GR3D_FREQ 0% AUX@45C CPU@46C thermal@45.3C AO@44.5C GPU@45.5C PMIC@50C
09-27-2026 19:41:26 RAM 4708/6833MB (lfb 41x4MB) SWAP 1070/3416MB (cached 0MB) CPU [5%@1420,7%@1420,4%@1420,4%@1420,8%@1420,100%@1420] EMC_FREQ 0% GR3D_FREQ 0% AUX@45C CPU@46C thermal@45.3C AO@45C GPU@45C PMIC@50C
09-27-2026 19:41:27 RAM 4708/6833MB (lfb 41x4MB) SWAP 1070/3416MB (cached 0MB) CPU [4%@1420,6%@1420,3%@1420,3%@1420,8%@1420,100%@1420] EMC_FREQ 0% GR3D_FREQ 0% AUX@45C CPU@46C thermal@45.3C AO@45C GPU@45C PMIC@50C
09-27-2026 19:41:28 RAM 4708/6833MB (lfb 27x4MB) SWAP 1070/3416MB (cached 0MB) CPU [9%@1420,6%@1420,10%@1420,14%@1420,8%@1420,100%@1420] EMC_FREQ 0% GR3D_FREQ 99% AUX@45C CPU@46C thermal@45.3C AO@44.5C GPU@47C PMIC@50C
09-27-2026 19:41:29 RAM 4724/6833MB (lfb 27x4MB) SWAP 1070/3416MB (cached 0MB) CPU [36%@1420,34%@1420,35%@1420,37%@1420,34%@1420,100%@1420] EMC_FREQ 0% GR3D_FREQ 0% AUX@45C CPU@46.5C thermal@45.45C AO@45C GPU@45C PMIC@50C
09-27-2026 19:41:30 RAM 4786/6833MB (lfb 27x4MB) SWAP 1070/3416MB (cached 0MB) CPU [100%@1420,85%@1420,90%@1420,86%@1420,80%@1420,100%@1420] EMC_FREQ 0% GR3D_FREQ 0% AUX@45C CPU@46.5C thermal@45.45C AO@45C GPU@45C PMIC@50C
09-27-2026 19:41:31 RAM 4836/6833MB (lfb 27x4MB) SWAP 1070/3416MB (cached 0MB) CPU [58%@1420,53%@1420,86%@1420,61%@1420,50%@1420,100%@1420] EMC_FREQ 0% GR3D_FREQ 0% AUX@45C CPU@46.5C thermal@45.45C AO@44.5C GPU@45C PMIC@50C
09-27-2026 19:41:32 RAM 4711/6833MB (lfb 27x4MB) SWAP 1070/3416MB (cached 0MB) CPU [34%@1420,54%@1420,27%@1420,51%@1420,21%@1420,100%@1420] EMC_FREQ 0% GR3D_FREQ 0% AUX@45C CPU@46.5C thermal@45.45C AO@44.5C GPU@44.5C PMIC@50C
09-27-2026 19:41:33 RAM 4789/6833MB (lfb 27x4MB) SWAP 1070/3416MB (cached 0MB) CPU [10%@1420,9%@1420,3%@1420,3%@1420,4%@1420,100%@1420] EMC_FREQ 0% GR3D_FREQ 0% AUX@45C CPU@46C thermal@45.15C AO@44.5C GPU@44.5C PMIC@50C
09-27-2026 19:41:34 RAM 4710/6833MB (lfb 37x4MB) SWAP 1070/3416MB (cached 0MB) CPU [14%@1420,7%@1420,6%@1420,6%@1420,7%@1420,100%@1420] EMC_FREQ 0% GR3D_FREQ 0% AUX@45C CPU@46C thermal@45.45C AO@44.5C GPU@45C PMIC@50C
09-27-2026 19:41:35 RAM 4710/6833MB (lfb 37x4MB) SWAP 1070/3416MB (cached 0MB) CPU [21%@1420,9%@1420,7%@1420,3%@1420,2%@1420,100%@1420] EMC_FREQ 0% GR3D_FREQ 0% AUX@45C CPU@46C thermal@45.1C AO@44.5C GPU@45C PMIC@50C
09-27-2026 19:41:36 RAM 4710/6833MB (lfb 37x4MB) SWAP 1070/3416MB (cached 0MB) CPU [3%@1420,7%@1420,3%@1420,10%@1420,3%@1420,100%@1420] EMC_FREQ 0% GR3D_FREQ 0% AUX@45C CPU@45.5C thermal@45.3C AO@44C GPU@45C PMIC@50C
09-27-2026 19:41:37 RAM 4710/6833MB (lfb 37x4MB) SWAP 1070/3416MB (cached 0MB) CPU [19%@1420,3%@1420,7%@1420,8%@1420,3%@1420,100%@1420] EMC_FREQ 0% GR3D_FREQ 0% AUX@44.5C CPU@46C thermal@44.95C AO@44.5C GPU@44.5C PMIC@50C
09-27-2026 19:41:38 RAM 4709/6833MB (lfb 37x4MB) SWAP 1070/3416MB (cached 0MB) CPU [6%@1420,4%@1420,10%@1420,5%@1420,3%@1420,100%@1420] EMC_FREQ 0% GR3D_FREQ 0% AUX@44.5C CPU@45.5C thermal@44.8C AO@44.5C GPU@44.5C PMIC@50C
09-27-2026 19:41:39 RAM 4710/6833MB (lfb 30x4MB) SWAP 1070/3416MB (cached 0MB) CPU [15%@1420,8%@1420,10%@1420,10%@1420,5%@1420,100%@1420] EMC_FREQ 0% GR3D_FREQ 0% AUX@44.5C CPU@45.5C thermal@44.8C AO@44.5C GPU@44.5C PMIC@50C
09-27-2026 19:41:40 RAM 4751/6833MB (lfb 30x4MB) SWAP 1070/3416MB (cached 0MB) CPU [16%@1420,14%@1420,15%@1420,17%@1420,12%@1420,100%@1420] EMC_FREQ 0% GR3D_FREQ 0% AUX@44.5C CPU@46C thermal@44.8C AO@44.5C GPU@44.5C PMIC@50C
09-27-2026 19:41:41 RAM 4831/6833MB (lfb 30x4MB) SWAP 1070/3416MB (cached 0MB) CPU [33%@1420,31%@1420,32%@1420,28%@1420,76%@1420,100%@1420] EMC_FREQ 0% GR3D_FREQ 0% AUX@44.5C CPU@46C thermal@44.95C AO@44C GPU@44.5C PMIC@50C
09-27-2026 19:41:42 RAM 4715/6833MB (lfb 30x4MB) SWAP 1070/3416MB (cached 0MB) CPU [22%@1420,33%@1420,27%@1420,27%@1420,8%@1420,100%@1420] EMC_FREQ 0% GR3D_FREQ 0% AUX@44.5C CPU@45.5C thermal@44.95C AO@44C GPU@44.5C PMIC@50C
09-27-2026 19:41:43 RAM 4715/6833MB (lfb 30x4MB) SWAP 1070/3416MB (cached 0MB) CPU [8%@1420,11%@1420,4%@1420,4%@1420,2%@1420,100%@1420] EMC_FREQ 0% GR3D_FREQ 0% AUX@44.5C CPU@45.5C thermal@44.8C AO@44C GPU@44.5C PMIC@50C
09-27-2026 19:41:44 RAM 4715/6833MB (lfb 34x4MB) SWAP 1070/3416MB (cached 0MB) CPU [15%@1420,7%@1420,12%@1420,11%@1420,3%@1420,100%@1420] EMC_FREQ 0% GR3D_FREQ 0% AUX@44.5C CPU@45.5C thermal@44.65C AO@44.5C GPU@45C PMIC@50C
09-27-2026 19:41:45 RAM 4715/6833MB (lfb 34x4MB) SWAP 1070/3416MB (cached 0MB) CPU [6%@1420,4%@1420,3%@1420,10%@1420,4%@1420,100%@1420] EMC_FREQ 0% GR3D_FREQ 0% AUX@44.5C CPU@45.5C thermal@44.8C AO@44.5C GPU@44.5C PMIC@50C
09-27-2026 19:41:46 RAM 4715/6833MB (lfb 34x4MB) SWAP 1070/3416MB (cached 0MB) CPU [22%@1420,5%@1420,6%@1420,8%@1420,2%@1420,100%@1420] EMC_FREQ 0% GR3D_FREQ 0% AUX@44.5C CPU@45.5C thermal@44.8C AO@44C GPU@44.5C PMIC@50C
09-27-2026 19:41:47 RAM 4717/6833MB (lfb 34x4MB) SWAP 1070/3416MB (cached 0MB) CPU [27%@1420,38%@1420,73%@1420,19%@1420,19%@1420,47%@1420] EMC_FREQ 0% GR3D_FREQ 0% AUX@44.5C CPU@45.5C thermal@44.8C AO@44.5C GPU@44.5C PMIC@50C
09-27-2026 19:41:48 RAM 4717/6833MB (lfb 34x4MB) SWAP 1070/3416MB (cached 0MB) CPU [10%@1420,14%@1420,100%@1420,9%@1420,14%@1420,14%@1420] EMC_FREQ 0% GR3D_FREQ 0% AUX@44.5C CPU@45.5C thermal@44.6C AO@44C GPU@44C PMIC@50C
09-27-2026 19:41:49 RAM 4716/6833MB (lfb 30x4MB) SWAP 1070/3416MB (cached 0MB) CPU [17%@1420,6%@1420,100%@1420,9%@1420,7%@1420,6%@1420] EMC_FREQ 0% GR3D_FREQ 99% AUX@44C CPU@45.5C thermal@44.45C AO@44.5C GPU@44.5C PMIC@50C
09-27-2026 19:41:50 RAM 4806/6833MB (lfb 30x4MB) SWAP 1070/3416MB (cached 0MB) CPU [56%@1420,58%@1420,84%@1420,62%@1420,55%@1420,52%@1420] EMC_FREQ 0% GR3D_FREQ 0% AUX@44.5C CPU@46C thermal@44.45C AO@44C GPU@44.5C PMIC@50C
09-27-2026 19:41:51 RAM 4832/6833MB (lfb 29x4MB) SWAP 1070/3416MB (cached 0MB) CPU [39%@1420,33%@1420,22%@1420,100%@1420,36%@1420,66%@1420] EMC_FREQ 0% GR3D_FREQ 0% AUX@44C CPU@45.5C thermal@44.75C AO@44C GPU@44.5C PMIC@50C
09-27-2026 19:41:52 RAM 4713/6833MB (lfb 29x4MB) SWAP 1070/3416MB (cached 0MB) CPU [31%@1420,24%@1420,21%@1420,100%@1420,34%@1420,28%@1420] EMC_FREQ 0% GR3D_FREQ 0% AUX@44.5C CPU@45.5C thermal@44.8C AO@44C GPU@44C PMIC@50C
09-27-2026 19:41:53 RAM 4712/6833MB (lfb 29x4MB) SWAP 1070/3416MB (cached 0MB) CPU [10%@1420,6%@1420,3%@1420,100%@1420,4%@1420,5%@1420] EMC_FREQ 0% GR3D_FREQ 0% AUX@44C CPU@45.5C thermal@44.65C AO@44C GPU@44C PMIC@50C
09-27-2026 19:41:54 RAM 4712/6833MB (lfb 29x4MB) SWAP 1070/3416MB (cached 0MB) CPU [6%@1420,4%@1420,2%@1420,100%@1420,4%@1420,8%@1420] EMC_FREQ 0% GR3D_FREQ 0% AUX@44C CPU@45C thermal@44.3C AO@44C GPU@44C PMIC@50C
09-27-2026 19:41:55 RAM 4708/6833MB (lfb 32x4MB) SWAP 1070/3416MB (cached 0MB) CPU [10%@1420,7%@1420,8%@1420,100%@1420,12%@1420,12%@1420] EMC_FREQ 0% GR3D_FREQ 0% AUX@44C CPU@45.5C thermal@44.9C AO@44C GPU@44.5C PMIC@50C
09-27-2026 19:41:56 RAM 4708/6833MB (lfb 32x4MB) SWAP 1070/3416MB (cached 0MB) CPU [20%@1420,6%@1420,1%@1420,100%@1420,5%@1420,10%@1420] EMC_FREQ 0% GR3D_FREQ 0% AUX@44C CPU@45C thermal@44.45C AO@43.5C GPU@44C PMIC@50C
09-27-2026 19:41:57 RAM 4708/6833MB (lfb 32x4MB) SWAP 1070/3416MB (cached 0MB) CPU [7%@1420,8%@1420,1%@1420,100%@1420,5%@1420,7%@1420] EMC_FREQ 0% GR3D_FREQ 0% AUX@44C CPU@45C thermal@44.3C AO@44C GPU@44C PMIC@50C
09-27-2026 19:41:58 RAM 4708/6833MB (lfb 32x4MB) SWAP 1070/3416MB (cached 0MB) CPU [11%@1420,8%@1420,2%@1420,100%@1420,3%@1420,5%@1420] EMC_FREQ 0% GR3D_FREQ 0% AUX@44C CPU@45C thermal@44.3C AO@44C GPU@44C PMIC@50C
09-27-2026 19:41:59 RAM 4708/6833MB (lfb 32x4MB) SWAP 1070/3416MB (cached 0MB) CPU [10%@1420,3%@1420,4%@1420,100%@1420,2%@1420,7%@1420] EMC_FREQ 0% GR3D_FREQ 0% AUX@44C CPU@45C thermal@44.15C AO@43.5C GPU@44C PMIC@50C
09-27-2026 19:42:00 RAM 4766/6833MB (lfb 30x4MB) SWAP 1070/3416MB (cached 0MB) CPU [40%@1420,41%@1420,35%@1420,100%@1420,43%@1420,46%@1420] EMC_FREQ 0% GR3D_FREQ 0% AUX@44C CPU@45.5C thermal@44.15C AO@44C GPU@44.5C PMIC@50C
09-27-2026 19:42:01 RAM 4822/6833MB (lfb 30x4MB) SWAP 1070/3416MB (cached 0MB) CPU [37%@1420,36%@1420,29%@1420,100%@1420,97%@1420,33%@1420] EMC_FREQ 0% GR3D_FREQ 0% AUX@44C CPU@45.5C thermal@44.6C AO@44C GPU@44C PMIC@50C
09-27-2026 19:42:02 RAM 4826/6833MB (lfb 30x4MB) SWAP 1070/3416MB (cached 0MB) CPU [24%@1420,16%@1420,19%@1420,100%@1420,87%@1420,13%@1420] EMC_FREQ 0% GR3D_FREQ 0% AUX@44C CPU@45.5C thermal@44.45C AO@44C GPU@44C PMIC@50C
09-27-2026 19:42:03 RAM 4700/6833MB (lfb 30x4MB) SWAP 1070/3416MB (cached 0MB) CPU [16%@1420,9%@1420,3%@1420,100%@1420,7%@1420,20%@1420] EMC_FREQ 0% GR3D_FREQ 0% AUX@44C CPU@45C thermal@44.3C AO@44C GPU@44C PMIC@50C
09-27-2026 19:42:04 RAM 4700/6833MB (lfb 30x4MB) SWAP 1070/3416MB (cached 0MB) CPU [12%@1420,5%@1420,2%@1420,100%@1420,3%@1420,4%@1420] EMC_FREQ 0% GR3D_FREQ 0% AUX@44C CPU@44.5C thermal@44.3C AO@43.5C GPU@44C PMIC@50C
09-27-2026 19:42:05 RAM 4700/6833MB (lfb 32x4MB) SWAP 1070/3416MB (cached 0MB) CPU [15%@1420,7%@1420,10%@1420,100%@1420,5%@1420,12%@1420] EMC_FREQ 0% GR3D_FREQ 99% AUX@44C CPU@44.5C thermal@44C AO@44C GPU@44.5C PMIC@50C
09-27-2026 19:42:06 RAM 4700/6833MB (lfb 32x4MB) SWAP 1070/3416MB (cached 0MB) CPU [8%@1420,8%@1420,2%@1420,100%@1420,5%@1420,10%@1420] EMC_FREQ 0% GR3D_FREQ 0% AUX@44C CPU@45C thermal@44.3C AO@43.5C GPU@44C PMIC@50C
09-27-2026 19:42:07 RAM 4700/6833MB (lfb 32x4MB) SWAP 1070/3416MB (cached 0MB) CPU [7%@1420,17%@1420,6%@1420,100%@1420,8%@1420,6%@1420] EMC_FREQ 0% GR3D_FREQ 0% AUX@44C CPU@45C thermal@44.3C AO@44C GPU@44C PMIC@50C
09-27-2026 19:42:08 RAM 4700/6833MB (lfb 32x4MB) SWAP 1070/3416MB (cached 0MB) CPU [5%@1420,6%@1420,4%@1420,100%@1420,9%@1420,3%@1420] EMC_FREQ 0% GR3D_FREQ 0% AUX@44C CPU@45C thermal@44.3C AO@43.5C GPU@44C PMIC@50C
09-27-2026 19:42:09 RAM 4700/6833MB (lfb 32x4MB) SWAP 1070/3416MB (cached 0MB) CPU [10%@1420,8%@1420,4%@1420,100%@1420,8%@1420,5%@1420] EMC_FREQ 0% GR3D_FREQ 0% AUX@44C CPU@44.5C thermal@44.3C AO@43.5C GPU@44C PMIC@50C
09-27-2026 19:42:10 RAM 4700/6833MB (lfb 32x4MB) SWAP 1070/3416MB (cached 0MB) CPU [7%@1420,7%@1420,2%@1420,100%@1420,6%@1420,7%@1420] EMC_FREQ 0% GR3D_FREQ 0% AUX@43.5C CPU@44.5C thermal@44.3C AO@43.5C GPU@43.5C PMIC@50C
09-27-2026 19:42:11 RAM 4830/6833MB (lfb 29x4MB) SWAP 1070/3416MB (cached 0MB) CPU [41%@1420,48%@1420,37%@1420,100%@1420,50%@1420,75%@1420] EMC_FREQ 0% GR3D_FREQ 0% AUX@43.5C CPU@45.5C thermal@44.3C AO@43.5C GPU@44C PMIC@50C
09-27-2026 19:42:12 RAM 4710/6833MB (lfb 29x4MB) SWAP 1070/3416MB (cached 0MB) CPU [28%@1420,40%@1420,21%@1420,100%@1420,29%@1420,58%@1420] EMC_FREQ 0% GR3D_FREQ 0% AUX@44C CPU@45C thermal@44.45C AO@44C GPU@44C PMIC@50C
09-27-2026 19:42:13 RAM 4710/6833MB (lfb 29x4MB) SWAP 1070/3416MB (cached 0MB) CPU [7%@1420,10%@1420,4%@1420,100%@1420,3%@1420,5%@1420] EMC_FREQ 0% GR3D_FREQ 0% AUX@44C CPU@44.5C thermal@44.1C AO@43.5C GPU@43.5C PMIC@50C
09-27-2026 19:42:14 RAM 4709/6833MB (lfb 29x4MB) SWAP 1070/3416MB (cached 0MB) CPU [4%@1420,12%@1420,3%@1420,100%@1420,4%@1420,5%@1420] EMC_FREQ 0% GR3D_FREQ 0% AUX@43.5C CPU@44.5C thermal@43.8C AO@43.5C GPU@44C PMIC@50C
09-27-2026 19:42:15 RAM 4709/6833MB (lfb 29x4MB) SWAP 1070/3416MB (cached 0MB) CPU [7%@1420,9%@1420,4%@1420,100%@1420,4%@1420,3%@1420] EMC_FREQ 0% GR3D_FREQ 0% AUX@44C CPU@44.5C thermal@43.8C AO@43.5C GPU@43.5C PMIC@50C
09-27-2026 19:42:16 RAM 4706/6833MB (lfb 30x4MB) SWAP 1070/3416MB (cached 0MB) CPU [16%@1420,18%@1420,5%@1420,100%@1420,4%@1420,6%@1420] EMC_FREQ 0% GR3D_FREQ 0% AUX@44C CPU@44.5C thermal@44.1C AO@44C GPU@44C PMIC@50C
09-27-2026 19:42:17 RAM 4706/6833MB (lfb 30x4MB) SWAP 1070/3416MB (cached 0MB) CPU [7%@1420,19%@1420,3%@1420,100%@1420,7%@1420,5%@1420] EMC_FREQ 0% GR3D_FREQ 0% AUX@43.5C CPU@44.5C thermal@44.3C AO@43.5C GPU@44C PMIC@50C
09-27-2026 19:42:18 RAM 4706/6833MB (lfb 30x4MB) SWAP 1070/3416MB (cached 0MB) CPU [5%@1420,2%@1420,3%@1420,100%@1420,8%@1420,8%@1420] EMC_FREQ 0% GR3D_FREQ 0% AUX@44C CPU@44.5C thermal@44.3C AO@43.5C GPU@44C PMIC@50C
09-27-2026 19:42:19 RAM 4706/6833MB (lfb 30x4MB) SWAP 1070/3416MB (cached 0MB) CPU [8%@1420,6%@1420,2%@1420,100%@1420,5%@1420,9%@1420] EMC_FREQ 0% GR3D_FREQ 0% AUX@44C CPU@45C thermal@44.3C AO@44C GPU@44C PMIC@50C
09-27-2026 19:42:20 RAM 4711/6833MB (lfb 30x4MB) SWAP 1070/3416MB (cached 0MB) CPU [7%@1420,8%@1420,5%@1420,100%@1420,12%@1420,8%@1420] EMC_FREQ 0% GR3D_FREQ 0% AUX@44C CPU@45C thermal@44.3C AO@44C GPU@44C PMIC@50C
09-27-2026 19:42:21 RAM 4830/6833MB (lfb 29x4MB) SWAP 1070/3416MB (cached 0MB) CPU [37%@1420,60%@1420,40%@1420,100%@1420,57%@1420,61%@1420] EMC_FREQ 0% GR3D_FREQ 0% AUX@44C CPU@45.5C thermal@44.45C AO@44C GPU@44C PMIC@50C
09-27-2026 19:42:22 RAM 4713/6833MB (lfb 30x4MB) SWAP 1070/3416MB (cached 0MB) CPU [48%@1420,34%@1420,15%@1420,100%@1420,27%@1420,28%@1420] EMC_FREQ 0% GR3D_FREQ 0% AUX@44.5C CPU@45.5C thermal@45.05C AO@44.5C GPU@44.5C PMIC@50C
09-27-2026 19:42:23 RAM 4713/6833MB (lfb 30x4MB) SWAP 1070/3416MB (cached 0MB) CPU [5%@1420,12%@1420,5%@1420,100%@1420,5%@1420,5%@1420] EMC_FREQ 0% GR3D_FREQ 0% AUX@44.5C CPU@45.5C thermal@44.6C AO@44.5C GPU@44.5C PMIC@50C
09-27-2026 19:42:24 RAM 4713/6833MB (lfb 30x4MB) SWAP 1070/3416MB (cached 0MB) CPU [8%@1420,10%@1420,1%@1420,100%@1420,4%@1420,4%@1420] EMC_FREQ 0% GR3D_FREQ 0% AUX@44.5C CPU@45.5C thermal@44.6C AO@44.5C GPU@44.5C PMIC@50C
09-27-2026 19:42:25 RAM 4713/6833MB (lfb 30x4MB) SWAP 1070/3416MB (cached 0MB) CPU [13%@1420,2%@1420,3%@1420,100%@1420,3%@1420,6%@1420] EMC_FREQ 0% GR3D_FREQ 0% AUX@44.5C CPU@45.5C thermal@44.8C AO@44.5C GPU@44.5C PMIC@50C
09-27-2026 19:42:26 RAM 4713/6833MB (lfb 30x4MB) SWAP 1070/3416MB (cached 0MB) CPU [14%@1420,6%@1420,1%@1420,100%@1420,3%@1420,4%@1420] EMC_FREQ 0% GR3D_FREQ 0% AUX@44.5C CPU@45C thermal@44.8C AO@44.5C GPU@44.5C PMIC@50C
09-27-2026 19:42:27 RAM 4714/6833MB (lfb 42x4MB) SWAP 1070/3416MB (cached 0MB) CPU [21%@1420,19%@1420,2%@1420,100%@1420,5%@1420,6%@1420] EMC_FREQ 0% GR3D_FREQ 0% AUX@45C CPU@45.5C thermal@45.1C AO@45C GPU@45C PMIC@50C
09-27-2026 19:42:28 RAM 4714/6833MB (lfb 42x4MB) SWAP 1070/3416MB (cached 0MB) CPU [19%@1420,4%@1420,4%@1420,100%@1420,7%@1420,8%@1420] EMC_FREQ 0% GR3D_FREQ 0% AUX@45C CPU@45.5C thermal@45.15C AO@45C GPU@45C PMIC@50C
09-27-2026 19:42:29 RAM 4714/6833MB (lfb 42x4MB) SWAP 1070/3416MB (cached 0MB) CPU [9%@1420,5%@1420,2%@1420,100%@1420,6%@1420,4%@1420] EMC_FREQ 0% GR3D_FREQ 0% AUX@45C CPU@46C thermal@45.15C AO@45C GPU@45C PMIC@50C
09-27-2026 19:42:30 RAM 4736/6833MB (lfb 42x4MB) SWAP 1070/3416MB (cached 0MB) CPU [42%@1420,37%@1420,26%@1420,100%@1420,31%@1420,26%@1420] EMC_FREQ 0% GR3D_FREQ 0% AUX@45C CPU@46.5C thermal@45.3C AO@45C GPU@45.5C PMIC@50C
09-27-2026 19:42:31 RAM 4811/6833MB (lfb 42x4MB) SWAP 1070/3416MB (cached 0MB) CPU [77%@1420,80%@1420,73%@1420,100%@1420,78%@1420,98%@1420] EMC_FREQ 0% GR3D_FREQ 0% AUX@45C CPU@46.5C thermal@45.6C AO@45C GPU@45C PMIC@50C
09-27-2026 19:42:32 RAM 4824/6833MB (lfb 21x4MB) SWAP 1070/3416MB (cached 0MB) CPU [39%@1420,41%@1420,26%@1420,100%@1420,43%@1420,81%@1420] EMC_FREQ 0% GR3D_FREQ 0% AUX@45.5C CPU@46.5C thermal@45.65C AO@45.5C GPU@46C PMIC@50C
09-27-2026 19:42:33 RAM 4824/6833MB (lfb 21x4MB) SWAP 1070/3416MB (cached 0MB) CPU [14%@1420,21%@1420,6%@1420,100%@1420,4%@1420,100%@1420] EMC_FREQ 0% GR3D_FREQ 0% AUX@45.5C CPU@47C thermal@45.8C AO@45.5C GPU@45.5C PMIC@50C
09-27-2026 19:42:34 RAM 4700/6833MB (lfb 21x4MB) SWAP 1070/3416MB (cached 0MB) CPU [22%@1420,16%@1420,16%@1420,100%@1420,29%@1420,57%@1420] EMC_FREQ 0% GR3D_FREQ 0% AUX@45.5C CPU@46.5C thermal@45.95C AO@45.5C GPU@45.5C PMIC@50C
09-27-2026 19:42:35 RAM 4700/6833MB (lfb 21x4MB) SWAP 1070/3416MB (cached 0MB) CPU [12%@1420,10%@1420,3%@1420,100%@1420,2%@1420,4%@1420] EMC_FREQ 0% GR3D_FREQ 0% AUX@45.5C CPU@46.5C thermal@45.8C AO@45.5C GPU@45.5C PMIC@50C
09-27-2026 19:42:36 RAM 4699/6833MB (lfb 21x4MB) SWAP 1070/3416MB (cached 0MB) CPU [12%@1420,6%@1420,1%@1420,100%@1420,3%@1420,6%@1420] EMC_FREQ 0% GR3D_FREQ 0% AUX@45.5C CPU@46.5C thermal@45.8C AO@46C GPU@45.5C PMIC@50C
09-27-2026 19:42:37 RAM 4699/6833MB (lfb 45x4MB) SWAP 1070/3416MB (cached 0MB) CPU [19%@1420,10%@1420,8%@1420,100%@1420,7%@1420,6%@1420] EMC_FREQ 0% GR3D_FREQ 99% AUX@45.5C CPU@47C thermal@45.95C AO@46C GPU@46C PMIC@50C
09-27-2026 19:42:38 RAM 4701/6833MB (lfb 45x4MB) SWAP 1070/3416MB (cached 0MB) CPU [20%@1420,34%@1420,14%@1420,100%@1420,26%@1420,26%@1420] EMC_FREQ 0% GR3D_FREQ 0% AUX@45.5C CPU@47.5C thermal@46.25C AO@46C GPU@46C PMIC@50C
09-27-2026 19:42:39 RAM 4702/6833MB (lfb 45x4MB) SWAP 1070/3416MB (cached 0MB) CPU [16%@1420,14%@1420,8%@1420,100%@1420,18%@1420,18%@1420] EMC_FREQ 0% GR3D_FREQ 0% AUX@46C CPU@47C thermal@46.25C AO@46C GPU@46.5C PMIC@50C
09-27-2026 19:42:40 RAM 4701/6833MB (lfb 45x4MB) SWAP 1070/3416MB (cached 0MB) CPU [6%@1420,6%@1420,1%@1420,100%@1420,7%@1420,8%@1420] EMC_FREQ 0% GR3D_FREQ 0% AUX@46C CPU@47C thermal@46.3C AO@46C GPU@46C PMIC@50C
09-27-2026 19:42:41 RAM 4701/6833MB (lfb 45x4MB) SWAP 1070/3416MB (cached 0MB) CPU [6%@1420,7%@1420,3%@1420,100%@1420,5%@1420,10%@1420] EMC_FREQ 0% GR3D_FREQ 0% AUX@46C CPU@47C thermal@46.65C AO@46C GPU@46C PMIC@50C
09-27-2026 19:42:42 RAM 4742/6833MB (lfb 45x4MB) SWAP 1070/3416MB (cached 0MB) CPU [15%@1420,18%@1420,14%@1420,100%@1420,15%@1420,17%@1420] EMC_FREQ 0% GR3D_FREQ 0% AUX@46C CPU@47.5C thermal@46.3C AO@46C GPU@46C PMIC@50C
09-27-2026 19:42:43 RAM 4821/6833MB (lfb 21x4MB) SWAP 1070/3416MB (cached 0MB) CPU [25%@1420,60%@1420,22%@1420,100%@1420,54%@1420,43%@1420] EMC_FREQ 0% GR3D_FREQ 0% AUX@46C CPU@47.5C thermal@46.9C AO@46C GPU@46.5C PMIC@50C
09-27-2026 19:42:44 RAM 4825/6833MB (lfb 21x4MB) SWAP 1070/3416MB (cached 0MB) CPU [27%@1420,16%@1420,11%@1420,100%@1420,95%@1420,7%@1420] EMC_FREQ 0% GR3D_FREQ 0% AUX@46C CPU@47.5C thermal@46.45C AO@46C GPU@46.5C PMIC@50C
09-27-2026 19:42:45 RAM 4699/6833MB (lfb 21x4MB) SWAP 1070/3416MB (cached 0MB) CPU [9%@1420,11%@1420,9%@1420,100%@1420,2%@1420,14%@1420] EMC_FREQ 0% GR3D_FREQ 0% AUX@46C CPU@47C thermal@46.45C AO@46C GPU@46C PMIC@50C
09-27-2026 19:42:46 RAM 4699/6833MB (lfb 21x4MB) SWAP 1070/3416MB (cached 0MB) CPU [10%@1420,10%@1420,2%@1420,100%@1420,2%@1420,5%@1420] EMC_FREQ 0% GR3D_FREQ 0% AUX@45.5C CPU@47C thermal@46.3C AO@46C GPU@46C PMIC@50C
09-27-2026 19:42:47 RAM 4698/6833MB (lfb 21x4MB) SWAP 1070/3416MB (cached 0MB) CPU [5%@1420,8%@1420,3%@1420,100%@1420,10%@1420,4%@1420] EMC_FREQ 0% GR3D_FREQ 0% AUX@46C CPU@46.5C thermal@46.15C AO@46C GPU@45.5C PMIC@50C
09-27-2026 19:42:48 RAM 4699/6833MB (lfb 46x4MB) SWAP 1070/3416MB (cached 0MB) CPU [11%@1420,16%@1420,7%@1420,100%@1420,13%@1420,21%@1420] EMC_FREQ 0% GR3D_FREQ 0% AUX@45.5C CPU@47C thermal@46.15C AO@46C GPU@46C PMIC@50C
09-27-2026 19:42:49 RAM 4698/6833MB (lfb 46x4MB) SWAP 1070/3416MB (cached 0MB) CPU [6%@1420,5%@1420,3%@1420,100%@1420,13%@1420,2%@1420] EMC_FREQ 0% GR3D_FREQ 0% AUX@45.5C CPU@47C thermal@46.1C AO@46C GPU@46C PMIC@50C
09-27-2026 19:42:50 RAM 4698/6833MB (lfb 46x4MB) SWAP 1070/3416MB (cached 0MB) CPU [5%@1420,6%@1420,2%@1420,100%@1420,14%@1420,5%@1420] EMC_FREQ 0% GR3D_FREQ 0% AUX@45.5C CPU@46.5C thermal@45.95C AO@46C GPU@46C PMIC@50C
09-27-2026 19:42:51 RAM 4698/6833MB (lfb 46x4MB) SWAP 1070/3416MB (cached 0MB) CPU [7%@1420,6%@1420,5%@1420,100%@1420,10%@1420,5%@1420] EMC_FREQ 0% GR3D_FREQ 0% AUX@45.5C CPU@46.5C thermal@45.95C AO@45.5C GPU@45.5C PMIC@50C
09-27-2026 19:42:52 RAM 4698/6833MB (lfb 46x4MB) SWAP 1070/3416MB (cached 0MB) CPU [2%@1420,6%@1420,5%@1420,100%@1420,7%@1420,7%@1420] EMC_FREQ 0% GR3D_FREQ 0% AUX@45.5C CPU@46.5C thermal@45.8C AO@45.5C GPU@45.5C PMIC@50C
09-27-2026 19:42:53 RAM 5106/6833MB (lfb 11x1MB) SWAP 1070/3416MB (cached 0MB) CPU [53%@1420,57%@1420,39%@1420,100%@1420,62%@1420,44%@1420] EMC_FREQ 0% GR3D_FREQ 0% AUX@45.5C CPU@46.5C thermal@45.95C AO@45.5C GPU@45.5C PMIC@50C
09-27-2026 19:42:54 RAM 4712/6833MB (lfb 22x4MB) SWAP 1070/3416MB (cached 0MB) CPU [41%@1420,31%@1420,21%@1420,100%@1420,49%@1420,40%@1420] EMC_FREQ 0% GR3D_FREQ 0% AUX@45.5C CPU@47C thermal@46.1C AO@45.5C GPU@46C PMIC@50C
09-27-2026 19:42:55 RAM 4712/6833MB (lfb 22x4MB) SWAP 1070/3416MB (cached 0MB) CPU [4%@1420,7%@1420,3%@1420,100%@1420,3%@1420,9%@1420] EMC_FREQ 0% GR3D_FREQ 0% AUX@45.5C CPU@46.5C thermal@45.8C AO@45.5C GPU@45.5C PMIC@50C
09-27-2026 19:42:56 RAM 4712/6833MB (lfb 22x4MB) SWAP 1070/3416MB (cached 0MB) CPU [6%@1420,7%@1420,2%@1420,100%@1420,4%@1420,9%@1420] EMC_FREQ 0% GR3D_FREQ 0% AUX@45.5C CPU@46.5C thermal@45.8C AO@45.5C GPU@45.5C PMIC@50C
09-27-2026 19:42:57 RAM 4712/6833MB (lfb 22x4MB) SWAP 1070/3416MB (cached 0MB) CPU [7%@1420,7%@1420,3%@1420,100%@1420,9%@1420,5%@1420] EMC_FREQ 0% GR3D_FREQ 0% AUX@45C CPU@46.5C thermal@45.8C AO@45.5C GPU@45.5C PMIC@50C
09-27-2026 19:42:58 RAM 4712/6833MB (lfb 22x4MB) SWAP 1070/3416MB (cached 0MB) CPU [6%@1420,6%@1420,2%@1420,100%@1420,6%@1420,13%@1420] EMC_FREQ 0% GR3D_FREQ 0% AUX@45C CPU@46C thermal@45.8C AO@45.5C GPU@45C PMIC@50C
09-27-2026 19:43:00 RAM 4713/6833MB (lfb 47x4MB) SWAP 1070/3416MB (cached 0MB) CPU [9%@1420,20%@1420,4%@1420,100%@1420,10%@1420,11%@1420] EMC_FREQ 0% GR3D_FREQ 0% AUX@45C CPU@46.5C thermal@45.65C AO@45.5C GPU@45.5C PMIC@50C
09-27-2026 19:43:01 RAM 4713/6833MB (lfb 47x4MB) SWAP 1070/3416MB (cached 0MB) CPU [5%@1420,6%@1420,5%@1420,100%@1420,10%@1420,4%@1420] EMC_FREQ 0% GR3D_FREQ 0% AUX@45C CPU@46C thermal@45.8C AO@45C GPU@45.5C PMIC@50C
09-27-2026 19:43:02 RAM 4713/6833MB (lfb 47x4MB) SWAP 1070/3416MB (cached 0MB) CPU [6%@1420,9%@1420,2%@1420,100%@1420,5%@1420,8%@1420] EMC_FREQ 0% GR3D_FREQ 0% AUX@45C CPU@46C thermal@45.6C AO@45.5C GPU@45.5C PMIC@50C
09-27-2026 19:43:03 RAM 4814/6833MB (lfb 47x4MB) SWAP 1070/3416MB (cached 0MB) CPU [27%@1420,27%@1420,22%@1420,100%@1420,29%@1420,29%@1420] EMC_FREQ 0% GR3D_FREQ 0% AUX@45C CPU@46.5C thermal@45.6C AO@45C GPU@45.5C PMIC@50C
09-27-2026 19:43:04 RAM 4824/6833MB (lfb 47x4MB) SWAP 1070/3416MB (cached 0MB) CPU [18%@1420,11%@1420,12%@1420,100%@1420,95%@1420,13%@1420] EMC_FREQ 0% GR3D_FREQ 0% AUX@45C CPU@46.5C thermal@45.6C AO@45C GPU@45C PMIC@50C
09-27-2026 19:43:05 RAM 4704/6833MB (lfb 25x4MB) SWAP 1070/3416MB (cached 0MB) CPU [48%@1420,21%@1420,13%@1420,100%@1420,47%@1420,34%@1420] EMC_FREQ 0% GR3D_FREQ 0% AUX@45C CPU@46.5C thermal@45.45C AO@45.5C GPU@45.5C PMIC@50C
09-27-2026 19:43:06 RAM 4704/6833MB (lfb 25x4MB) SWAP 1070/3416MB (cached 0MB) CPU [7%@1420,5%@1420,3%@1420,100%@1420,9%@1420,6%@1420] EMC_FREQ 0% GR3D_FREQ 0% AUX@45C CPU@46C thermal@45.45C AO@45.5C GPU@45.5C PMIC@50C
09-27-2026 19:43:07 RAM 4704/6833MB (lfb 25x4MB) SWAP 1070/3416MB (cached 0MB) CPU [4%@1420,6%@1420,4%@1420,100%@1420,6%@1420,10%@1420] EMC_FREQ 0% GR3D_FREQ 0% AUX@45C CPU@46.5C thermal@45.45C AO@45C GPU@45C PMIC@50C
09-27-2026 19:43:08 RAM 4704/6833MB (lfb 25x4MB) SWAP 1070/3416MB (cached 0MB) CPU [6%@1420,6%@1420,2%@1420,100%@1420,11%@1420,6%@1420] EMC_FREQ 0% GR3D_FREQ 0% AUX@45C CPU@46C thermal@45.3C AO@45C GPU@45C PMIC@50C
09-27-2026 19:43:09 RAM 4704/6833MB (lfb 25x4MB) SWAP 1070/3416MB (cached 0MB) CPU [13%@1420,7%@1420,1%@1420,100%@1420,5%@1420,5%@1420] EMC_FREQ 0% GR3D_FREQ 0% AUX@45C CPU@46C thermal@45.15C AO@45C GPU@45C PMIC@50C
09-27-2026 19:43:10 RAM 4704/6833MB (lfb 47x4MB) SWAP 1070/3416MB (cached 0MB) CPU [19%@1420,9%@1420,8%@1420,100%@1420,18%@1420,6%@1420] EMC_FREQ 0% GR3D_FREQ 0% AUX@45C CPU@46C thermal@45.9C AO@45.5C GPU@46.5C PMIC@50C
09-27-2026 19:43:11 RAM 4704/6833MB (lfb 47x4MB) SWAP 1070/3416MB (cached 0MB) CPU [11%@1420,6%@1420,6%@1420,100%@1420,2%@1420,4%@1420] EMC_FREQ 0% GR3D_FREQ 0% AUX@45C CPU@46C thermal@45.9C AO@45C GPU@45C PMIC@50C
09-27-2026 19:43:12 RAM 4704/6833MB (lfb 47x4MB) SWAP 1070/3416MB (cached 0MB) CPU [13%@1420,6%@1420,3%@1420,100%@1420,4%@1420,6%@1420] EMC_FREQ 0% GR3D_FREQ 0% AUX@45C CPU@46C thermal@45.3C AO@45C GPU@45C PMIC@50C
09-27-2026 19:43:13 RAM 4821/6833MB (lfb 47x4MB) SWAP 1070/3416MB (cached 0MB) CPU [30%@1420,28%@1420,26%@1420,100%@1420,35%@1420,26%@1420] EMC_FREQ 0% GR3D_FREQ 0% AUX@45C CPU@46.5C thermal@45.3C AO@44.5C GPU@45C PMIC@50C
09-27-2026 19:43:14 RAM 4833/6833MB (lfb 27x4MB) SWAP 1070/3416MB (cached 0MB) CPU [28%@1420,45%@1420,24%@1420,100%@1420,29%@1420,25%@1420] EMC_FREQ 0% GR3D_FREQ 0% AUX@45C CPU@46C thermal@45.3C AO@45C GPU@45C PMIC@50C
09-27-2026 19:43:15 RAM 4720/6833MB (lfb 22x4MB) SWAP 1070/3416MB (cached 0MB) CPU [38%@1420,26%@1420,18%@1420,100%@1420,25%@1420,25%@1420] EMC_FREQ 0% GR3D_FREQ 0% AUX@45C CPU@46C thermal@44.95C AO@45C GPU@44.5C PMIC@50C
09-27-2026 19:43:16 RAM 4720/6833MB (lfb 22x4MB) SWAP 1070/3416MB (cached 0MB) CPU [15%@1420,11%@1420,8%@1420,100%@1420,7%@1420,6%@1420] EMC_FREQ 0% GR3D_FREQ 0% AUX@44.5C CPU@45.5C thermal@44.95C AO@45C GPU@45C PMIC@50C
09-27-2026 19:43:17 RAM 4720/6833MB (lfb 22x4MB) SWAP 1070/3416MB (cached 0MB) CPU [12%@1420,5%@1420,4%@1420,100%@1420,4%@1420,5%@1420] EMC_FREQ 0% GR3D_FREQ 0% AUX@44.5C CPU@45.5C thermal@45.1C AO@45C GPU@45C PMIC@50C
09-27-2026 19:43:18 RAM 4719/6833MB (lfb 22x4MB) SWAP 1070/3416MB (cached 0MB) CPU [11%@1420,7%@1420,3%@1420,100%@1420,4%@1420,4%@1420] EMC_FREQ 0% GR3D_FREQ 0% AUX@44.5C CPU@46C thermal@44.8C AO@44.5C GPU@44.5C PMIC@50C
09-27-2026 19:43:19 RAM 4719/6833MB (lfb 22x4MB) SWAP 1070/3416MB (cached 0MB) CPU [9%@1420,10%@1420,2%@1420,100%@1420,6%@1420,6%@1420] EMC_FREQ 0% GR3D_FREQ 0% AUX@44.5C CPU@45.5C thermal@44.8C AO@44.5C GPU@44.5C PMIC@50C
09-27-2026 19:43:20 RAM 4719/6833MB (lfb 22x4MB) SWAP 1070/3416MB (cached 0MB) CPU [11%@1420,4%@1420,3%@1420,100%@1420,4%@1420,6%@1420] EMC_FREQ 0% GR3D_FREQ 0% AUX@44.5C CPU@45.5C thermal@44.8C AO@44.5C GPU@44.5C PMIC@50C
09-27-2026 19:43:21 RAM 4719/6833MB (lfb 41x4MB) SWAP 1070/3416MB (cached 0MB) CPU [17%@1420,10%@1420,15%@1420,100%@1420,8%@1420,16%@1420] EMC_FREQ 0% GR3D_FREQ 0% AUX@44.5C CPU@45.5C thermal@44.8C AO@44.5C GPU@44.5C PMIC@50C
09-27-2026 19:43:22 RAM 4720/6833MB (lfb 41x4MB) SWAP 1070/3416MB (cached 0MB) CPU [5%@1420,6%@1420,3%@1420,100%@1420,6%@1420,8%@1420] EMC_FREQ 0% GR3D_FREQ 0% AUX@44.5C CPU@45.5C thermal@44.95C AO@44.5C GPU@44.5C PMIC@50C
09-27-2026 19:43:23 RAM 4829/6833MB (lfb 42x4MB) SWAP 1070/3416MB (cached 0MB) CPU [30%@1420,25%@1420,21%@1420,100%@1420,35%@1420,58%@1420] EMC_FREQ 0% GR3D_FREQ 0% AUX@44.5C CPU@46C thermal@44.8C AO@44.5C GPU@44.5C PMIC@50C
09-27-2026 19:43:24 RAM 4829/6833MB (lfb 42x4MB) SWAP 1070/3416MB (cached 0MB) CPU [7%@1420,8%@1420,10%@1420,100%@1420,6%@1420,100%@1420] EMC_FREQ 0% GR3D_FREQ 0% AUX@44.5C CPU@45.5C thermal@44.95C AO@44.5C GPU@44.5C PMIC@50C
09-27-2026 19:43:25 RAM 4709/6833MB (lfb 42x4MB) SWAP 1070/3416MB (cached 0MB) CPU [16%@1420,16%@1420,10%@1420,100%@1420,21%@1420,28%@1420] EMC_FREQ 0% GR3D_FREQ 0% AUX@44.5C CPU@45.5C thermal@44.8C AO@44.5C GPU@44.5C PMIC@50C
09-27-2026 19:43:26 RAM 4708/6833MB (lfb 24x4MB) SWAP 1070/3416MB (cached 0MB) CPU [12%@1420,6%@1420,20%@1420,100%@1420,10%@1420,16%@1420] EMC_FREQ 0% GR3D_FREQ 0% AUX@44.5C CPU@45.5C thermal@44.95C AO@44.5C GPU@45.5C PMIC@50C
09-27-2026 19:43:27 RAM 4708/6833MB (lfb 24x4MB) SWAP 1070/3416MB (cached 0MB) CPU [12%@1420,7%@1420,0%@1420,100%@1420,5%@1420,7%@1420] EMC_FREQ 0% GR3D_FREQ 0% AUX@44.5C CPU@45.5C thermal@44.95C AO@44.5C GPU@44.5C PMIC@50C
09-27-2026 19:43:28 RAM 4708/6833MB (lfb 24x4MB) SWAP 1070/3416MB (cached 0MB) CPU [12%@1420,8%@1420,0%@1420,100%@1420,4%@1420,6%@1420] EMC_FREQ 0% GR3D_FREQ 0% AUX@44C CPU@45.5C thermal@44.8C AO@44.5C GPU@44.5C PMIC@50C
09-27-2026 19:43:29 RAM 4708/6833MB (lfb 24x4MB) SWAP 1070/3416MB (cached 0MB) CPU [7%@1420,6%@1420,0%@1420,100%@1420,7%@1420,11%@1420] EMC_FREQ 0% GR3D_FREQ 0% AUX@44C CPU@45.5C thermal@44.8C AO@44.5C GPU@44.5C PMIC@50C
09-27-2026 19:43:30 RAM 4712/6833MB (lfb 24x4MB) SWAP 1070/3416MB (cached 0MB) CPU [21%@1420,26%@1420,11%@1420,100%@1420,25%@1420,26%@1420] EMC_FREQ 0% GR3D_FREQ 0% AUX@44.5C CPU@46C thermal@44.8C AO@44.5C GPU@44.5C PMIC@50C
09-27-2026 19:43:31 RAM 4709/6833MB (lfb 42x4MB) SWAP 1070/3416MB (cached 0MB) CPU [15%@1420,16%@1420,6%@1420,100%@1420,19%@1420,30%@1420] EMC_FREQ 0% GR3D_FREQ 0% AUX@44.5C CPU@45.5C thermal@44.8C AO@44.5C GPU@44C PMIC@50C
09-27-2026 19:43:32 RAM 4709/6833MB (lfb 42x4MB) SWAP 1070/3416MB (cached 0MB) CPU [18%@1420,6%@1420,3%@1420,100%@1420,14%@1420,6%@1420] EMC_FREQ 0% GR3D_FREQ 0% AUX@44C CPU@45.5C thermal@44.75C AO@44C GPU@44.5C PMIC@50C
09-27-2026 19:43:33 RAM 4751/6833MB (lfb 42x4MB) SWAP 1070/3416MB (cached 0MB) CPU [48%@1420,56%@1420,47%@1420,100%@1420,61%@1420,56%@1420] EMC_FREQ 0% GR3D_FREQ 0% AUX@44C CPU@46.5C thermal@44.6C AO@44.5C GPU@44.5C PMIC@50C
09-27-2026 19:43:34 RAM 4805/6833MB (lfb 42x4MB) SWAP 1070/3416MB (cached 0MB) CPU [84%@1420,82%@1420,90%@1420,100%@1420,87%@1420,89%@1420] EMC_FREQ 0% GR3D_FREQ 0% AUX@44.5C CPU@46.5C thermal@44.95C AO@44.5C GPU@44.5C PMIC@50C
09-27-2026 19:43:35 RAM 4834/6833MB (lfb 42x4MB) SWAP 1070/3416MB (cached 0MB) CPU [54%@1420,64%@1420,59%@1420,98%@1420,62%@1420,99%@1420] EMC_FREQ 0% GR3D_FREQ 0% AUX@44.5C CPU@46C thermal@45.1C AO@44.5C GPU@44.5C PMIC@50C
09-27-2026 19:43:36 RAM 4833/6833MB (lfb 42x4MB) SWAP 1070/3416MB (cached 0MB) CPU [8%@1420,6%@1420,6%@1420,100%@1420,12%@1420,100%@1420] EMC_FREQ 0% GR3D_FREQ 0% AUX@44.5C CPU@46C thermal@44.95C AO@45C GPU@44.5C PMIC@50C
09-27-2026 19:43:37 RAM 4706/6833MB (lfb 23x4MB) SWAP 1070/3416MB (cached 0MB) CPU [28%@1420,26%@1420,30%@1420,69%@1420,30%@1420,100%@1420] EMC_FREQ 0% GR3D_FREQ 0% AUX@45C CPU@46C thermal@45.6C AO@45C GPU@45.5C PMIC@50C
09-27-2026 19:43:38 RAM 4706/6833MB (lfb 23x4MB) SWAP 1070/3416MB (cached 0MB) CPU [6%@1420,8%@1420,4%@1420,7%@1420,4%@1420,100%@1420] EMC_FREQ 0% GR3D_FREQ 0% AUX@45C CPU@46C thermal@45.3C AO@45C GPU@45C PMIC@50C
09-27-2026 19:43:39 RAM 4706/6833MB (lfb 23x4MB) SWAP 1070/3416MB (cached 0MB) CPU [5%@1420,7%@1420,12%@1420,7%@1420,2%@1420,100%@1420] EMC_FREQ 0% GR3D_FREQ 0% AUX@45C CPU@46C thermal@45.3C AO@45.5C GPU@45C PMIC@50C
09-27-2026 19:43:40 RAM 4706/6833MB (lfb 23x4MB) SWAP 1070/3416MB (cached 0MB) CPU [6%@1420,6%@1420,8%@1420,7%@1420,2%@1420,100%@1420] EMC_FREQ 0% GR3D_FREQ 0% AUX@45C CPU@46C thermal@45.3C AO@45C GPU@45C PMIC@50C
09-27-2026 19:43:41 RAM 4706/6833MB (lfb 23x4MB) SWAP 1070/3416MB (cached 0MB) CPU [7%@1420,7%@1420,6%@1420,8%@1420,4%@1420,100%@1420] EMC_FREQ 0% GR3D_FREQ 0% AUX@45.5C CPU@46.5C thermal@45.6C AO@45.5C GPU@45C PMIC@50C
09-27-2026 19:43:42 RAM 4706/6833MB (lfb 43x4MB) SWAP 1070/3416MB (cached 0MB) CPU [26%@1420,9%@1420,15%@1420,11%@1420,7%@1420,100%@1420] EMC_FREQ 0% GR3D_FREQ 0% AUX@45.5C CPU@46.5C thermal@45.45C AO@45.5C GPU@45.5C PMIC@50C
09-27-2026 19:43:43 RAM 4706/6833MB (lfb 43x4MB) SWAP 1070/3416MB (cached 0MB) CPU [6%@1420,10%@1420,3%@1420,5%@1420,6%@1420,100%@1420] EMC_FREQ 0% GR3D_FREQ 0% AUX@45.5C CPU@46.5C thermal@45.95C AO@45.5C GPU@45.5C PMIC@50C
09-27-2026 19:43:44 RAM 4706/6833MB (lfb 43x4MB) SWAP 1070/3416MB (cached 0MB) CPU [7%@1420,12%@1420,2%@1420,2%@1420,4%@1420,100%@1420] EMC_FREQ 0% GR3D_FREQ 0% AUX@45.5C CPU@47C thermal@45.95C AO@45.5C GPU@45.5C PMIC@50C
09-27-2026 19:43:45 RAM 4779/6833MB (lfb 43x4MB) SWAP 1070/3416MB (cached 0MB) CPU [23%@1420,29%@1420,19%@1420,18%@1420,20%@1420,100%@1420] EMC_FREQ 0% GR3D_FREQ 0% AUX@45.5C CPU@47.5C thermal@45.8C AO@45.5C GPU@45.5C PMIC@50C
09-27-2026 19:43:46 RAM 4835/6833MB (lfb 26x4MB) SWAP 1070/3416MB (cached 0MB) CPU [38%@1420,39%@1420,57%@1420,34%@1420,28%@1420,100%@1420] EMC_FREQ 0% GR3D_FREQ 0% AUX@46C CPU@47.5C thermal@46.45C AO@46C GPU@45.5C PMIC@50C
09-27-2026 19:43:47 RAM 4713/6833MB (lfb 22x4MB) SWAP 1070/3416MB (cached 0MB) CPU [31%@1420,27%@1420,36%@1420,44%@1420,19%@1420,100%@1420] EMC_FREQ 0% GR3D_FREQ 99% AUX@46C CPU@47C thermal@46.15C AO@46C GPU@45.5C PMIC@50C
09-27-2026 19:43:48 RAM 4712/6833MB (lfb 22x4MB) SWAP 1070/3416MB (cached 0MB) CPU [4%@1420,6%@1420,5%@1420,7%@1420,9%@1420,100%@1420] EMC_FREQ 0% GR3D_FREQ 0% AUX@45.5C CPU@47C thermal@46.45C AO@46C GPU@46C PMIC@50C
09-27-2026 19:43:49 RAM 4712/6833MB (lfb 22x4MB) SWAP 1070/3416MB (cached 0MB) CPU [8%@1420,5%@1420,4%@1420,5%@1420,8%@1420,100%@1420] EMC_FREQ 0% GR3D_FREQ 0% AUX@45.5C CPU@47C thermal@46.45C AO@45.5C GPU@45.5C PMIC@50C
09-27-2026 19:43:50 RAM 4712/6833MB (lfb 22x4MB) SWAP 1070/3416MB (cached 0MB) CPU [3%@1420,4%@1420,5%@1420,5%@1420,9%@1420,100%@1420] EMC_FREQ 0% GR3D_FREQ 0% AUX@45.5C CPU@47C thermal@45.95C AO@46C GPU@46C PMIC@50C
09-27-2026 19:43:51 RAM 4712/6833MB (lfb 22x4MB) SWAP 1070/3416MB (cached 0MB) CPU [8%@1420,8%@1420,3%@1420,5%@1420,3%@1420,100%@1420] EMC_FREQ 0% GR3D_FREQ 0% AUX@45.5C CPU@47C thermal@45.95C AO@45.5C GPU@45.5C PMIC@50C
09-27-2026 19:43:52 RAM 4712/6833MB (lfb 22x4MB) SWAP 1070/3416MB (cached 0MB) CPU [7%@1420,4%@1420,5%@1420,7%@1420,3%@1420,100%@1420] EMC_FREQ 0% GR3D_FREQ 0% AUX@45.5C CPU@47C thermal@45.95C AO@45.5C GPU@45.5C PMIC@50C
09-27-2026 19:43:53 RAM 4712/6833MB (lfb 43x4MB) SWAP 1070/3416MB (cached 0MB) CPU [9%@1420,20%@1420,13%@1420,18%@1420,6%@1420,100%@1420] EMC_FREQ 0% GR3D_FREQ 0% AUX@45.5C CPU@47C thermal@46.7C AO@46C GPU@45.5C PMIC@50C
09-27-2026 19:43:54 RAM 4712/6833MB (lfb 43x4MB) SWAP 1070/3416MB (cached 0MB) CPU [7%@1420,9%@1420,6%@1420,6%@1420,1%@1420,100%@1420] EMC_FREQ 0% GR3D_FREQ 0% AUX@45.5C CPU@47C thermal@45.95C AO@45.5C GPU@45.5C PMIC@50C
09-27-2026 19:43:55 RAM 4786/6833MB (lfb 43x4MB) SWAP 1070/3416MB (cached 0MB) CPU [41%@1420,35%@1420,46%@1420,43%@1420,38%@1420,100%@1420] EMC_FREQ 0% GR3D_FREQ 0% AUX@45.5C CPU@47.5C thermal@45.95C AO@45.5C GPU@45.5C PMIC@50C
09-27-2026 19:43:56 RAM 4836/6833MB (lfb 26x4MB) SWAP 1070/3416MB (cached 0MB) CPU [43%@1420,40%@1420,53%@1420,46%@1420,29%@1420,100%@1420] EMC_FREQ 0% GR3D_FREQ 0% AUX@45.5C CPU@47.5C thermal@45.95C AO@45.5C GPU@45.5C PMIC@50C
09-27-2026 19:43:57 RAM 4719/6833MB (lfb 39x4MB) SWAP 1070/3416MB (cached 0MB) CPU [28%@1420,26%@1420,36%@1420,17%@1420,21%@1420,100%@1420] EMC_FREQ 0% GR3D_FREQ 0% AUX@45.5C CPU@46.5C thermal@45.8C AO@45.5C GPU@45.5C PMIC@50C
09-27-2026 19:43:58 RAM 4720/6833MB (lfb 21x4MB) SWAP 1070/3416MB (cached 0MB) CPU [16%@1420,19%@1420,5%@1420,17%@1420,5%@1420,100%@1420] EMC_FREQ 0% GR3D_FREQ 0% AUX@45.5C CPU@47C thermal@46.1C AO@45.5C GPU@45.5C PMIC@50C
09-27-2026 19:43:59 RAM 4719/6833MB (lfb 21x4MB) SWAP 1070/3416MB (cached 0MB) CPU [8%@1420,3%@1420,9%@1420,5%@1420,3%@1420,100%@1420] EMC_FREQ 0% GR3D_FREQ 0% AUX@45.5C CPU@47C thermal@46.1C AO@45.5C GPU@45.5C PMIC@50C
09-27-2026 19:44:00 RAM 4719/6833MB (lfb 21x4MB) SWAP 1070/3416MB (cached 0MB) CPU [5%@1420,7%@1420,9%@1420,6%@1420,3%@1420,100%@1420] EMC_FREQ 0% GR3D_FREQ 0% AUX@45C CPU@46.5C thermal@45.8C AO@45.5C GPU@45.5C PMIC@50C
09-27-2026 19:44:01 RAM 4719/6833MB (lfb 21x4MB) SWAP 1070/3416MB (cached 0MB) CPU [7%@1420,6%@1420,12%@1420,8%@1420,7%@1420,100%@1420] EMC_FREQ 0% GR3D_FREQ 0% AUX@45C CPU@46.5C thermal@45.6C AO@45.5C GPU@45.5C PMIC@50C
09-27-2026 19:44:02 RAM 4719/6833MB (lfb 21x4MB) SWAP 1070/3416MB (cached 0MB) CPU [3%@1420,6%@1420,3%@1420,9%@1420,4%@1420,100%@1420] EMC_FREQ 0% GR3D_FREQ 0% AUX@45C CPU@46.5C thermal@45.65C AO@45.5C GPU@45C PMIC@50C
09-27-2026 19:44:03 RAM 4718/6833MB (lfb 41x4MB) SWAP 1070/3416MB (cached 0MB) CPU [23%@1420,17%@1420,6%@1420,12%@1420,7%@1420,100%@1420] EMC_FREQ 0% GR3D_FREQ 99% AUX@45C CPU@46.5C thermal@45.45C AO@45.5C GPU@46.5C PMIC@50C
09-27-2026 19:44:04 RAM 4718/6833MB (lfb 41x4MB) SWAP 1070/3416MB (cached 0MB) CPU [7%@1420,5%@1420,4%@1420,10%@1420,6%@1420,100%@1420] EMC_FREQ 0% GR3D_FREQ 0% AUX@45C CPU@46.5C thermal@45.45C AO@45C GPU@45.5C PMIC@50C
09-27-2026 19:44:05 RAM 4830/6833MB (lfb 42x4MB) SWAP 1070/3416MB (cached 0MB) CPU [31%@1420,27%@1420,29%@1420,46%@1420,28%@1420,100%@1420] EMC_FREQ 0% GR3D_FREQ 0% AUX@45C CPU@46.5C thermal@45.45C AO@45C GPU@45C PMIC@50C
09-27-2026 19:44:06 RAM 4835/6833MB (lfb 42x4MB) SWAP 1070/3416MB (cached 0MB) CPU [17%@1420,15%@1420,18%@1420,100%@1420,7%@1420,100%@1420] EMC_FREQ 0% GR3D_FREQ 0% AUX@45C CPU@46.5C thermal@45.6C AO@45C GPU@45C PMIC@50C
09-27-2026 19:44:07 RAM 4830/6833MB (lfb 42x4MB) SWAP 1070/3416MB (cached 0MB) CPU [14%@1420,18%@1420,7%@1420,8%@1420,8%@1420,100%@1420] EMC_FREQ 0% GR3D_FREQ 0% AUX@45C CPU@46.5C thermal@45.45C AO@45C GPU@45.5C PMIC@50C
09-27-2026 19:44:08 RAM 4830/6833MB (lfb 42x4MB) SWAP 1070/3416MB (cached 0MB) CPU [6%@1420,4%@1420,6%@1420,8%@1420,1%@1420,100%@1420] EMC_FREQ 0% GR3D_FREQ 0% AUX@45C CPU@45.5C thermal@45.15C AO@45C GPU@44.5C PMIC@50C
09-27-2026 19:44:09 RAM 4830/6833MB (lfb 23x4MB) SWAP 1070/3416MB (cached 0MB) CPU [18%@1420,13%@1420,16%@1420,11%@1420,9%@1420,100%@1420] EMC_FREQ 0% GR3D_FREQ 0% AUX@45C CPU@46.5C thermal@45.15C AO@45C GPU@45C PMIC@50C
09-27-2026 19:44:10 RAM 4830/6833MB (lfb 23x4MB) SWAP 1070/3416MB (cached 0MB) CPU [5%@1420,5%@1420,9%@1420,3%@1420,4%@1420,100%@1420] EMC_FREQ 0% GR3D_FREQ 0% AUX@45C CPU@46C thermal@45.45C AO@45C GPU@45C PMIC@50C
09-27-2026 19:44:11 RAM 4830/6833MB (lfb 23x4MB) SWAP 1070/3416MB (cached 0MB) CPU [5%@1420,6%@1420,6%@1420,4%@1420,3%@1420,100%@1420] EMC_FREQ 0% GR3D_FREQ 0% AUX@45C CPU@46C thermal@45.3C AO@45C GPU@45C PMIC@50C
09-27-2026 19:44:12 RAM 4830/6833MB (lfb 23x4MB) SWAP 1070/3416MB (cached 0MB) CPU [6%@1420,5%@1420,10%@1420,5%@1420,3%@1420,100%@1420] EMC_FREQ 0% GR3D_FREQ 0% AUX@45C CPU@46C thermal@45.3C AO@45C GPU@45C PMIC@50C
09-27-2026 19:44:13 RAM 4830/6833MB (lfb 23x4MB) SWAP 1070/3416MB (cached 0MB) CPU [5%@1420,9%@1420,5%@1420,8%@1420,2%@1420,100%@1420] EMC_FREQ 0% GR3D_FREQ 0% AUX@44.5C CPU@46C thermal@45.3C AO@44.5C GPU@44.5C PMIC@50C
09-27-2026 19:44:14 RAM 4829/6833MB (lfb 42x4MB) SWAP 1070/3416MB (cached 0MB) CPU [15%@1420,17%@1420,13%@1420,8%@1420,6%@1420,100%@1420] EMC_FREQ 0% GR3D_FREQ 0% AUX@45C CPU@46C thermal@45.3C AO@44.5C GPU@45C PMIC@50C
09-27-2026 19:44:15 RAM 4831/6833MB (lfb 42x4MB) SWAP 1070/3416MB (cached 0MB) CPU [22%@1420,21%@1420,83%@1420,24%@1420,17%@1420,100%@1420] EMC_FREQ 0% GR3D_FREQ 0% AUX@44.5C CPU@46C thermal@45.25C AO@44.5C GPU@45C PMIC@50C
09-27-2026 19:44:16 RAM 4709/6833MB (lfb 42x4MB) SWAP 1070/3416MB (cached 0MB) CPU [15%@1420,33%@1420,78%@1420,13%@1420,9%@1420,100%@1420] EMC_FREQ 0% GR3D_FREQ 0% AUX@45C CPU@46.5C thermal@45.45C AO@44.5C GPU@45C PMIC@50C
09-27-2026 19:44:17 RAM 4708/6833MB (lfb 42x4MB) SWAP 1070/3416MB (cached 0MB) CPU [4%@1420,4%@1420,4%@1420,4%@1420,9%@1420,100%@1420] EMC_FREQ 0% GR3D_FREQ 0% AUX@45C CPU@46C thermal@45.3C AO@44.5C GPU@45C PMIC@50C
09-27-2026 19:44:18 RAM 4708/6833MB (lfb 42x4MB) SWAP 1070/3416MB (cached 0MB) CPU [8%@1420,8%@1420,2%@1420,3%@1420,10%@1420,100%@1420] EMC_FREQ 0% GR3D_FREQ 0% AUX@44.5C CPU@46C thermal@45.3C AO@44.5C GPU@44.5C PMIC@50C
09-27-2026 19:44:19 RAM 4708/6833MB (lfb 24x4MB) SWAP 1070/3416MB (cached 0MB) CPU [17%@1420,13%@1420,7%@1420,14%@1420,7%@1420,100%@1420] EMC_FREQ 0% GR3D_FREQ 60% AUX@44.5C CPU@46C thermal@45.1C AO@44.5C GPU@46.5C PMIC@50C
09-27-2026 19:44:20 RAM 4707/6833MB (lfb 24x4MB) SWAP 1070/3416MB (cached 0MB) CPU [8%@1420,10%@1420,6%@1420,6%@1420,3%@1420,100%@1420] EMC_FREQ 0% GR3D_FREQ 0% AUX@44.5C CPU@46C thermal@45.1C AO@44.5C GPU@44.5C PMIC@50C
09-27-2026 19:44:21 RAM 4710/6833MB (lfb 24x4MB) SWAP 1070/3416MB (cached 0MB) CPU [23%@1420,17%@1420,21%@1420,22%@1420,14%@1420,100%@1420] EMC_FREQ 0% GR3D_FREQ 0% AUX@45C CPU@46C thermal@44.8C AO@44.5C GPU@44.5C PMIC@50C
09-27-2026 19:44:22 RAM 4713/6833MB (lfb 24x4MB) SWAP 1070/3416MB (cached 0MB) CPU [14%@1420,18%@1420,18%@1420,19%@1420,10%@1420,100%@1420] EMC_FREQ 0% GR3D_FREQ 0% AUX@44.5C CPU@45.5C thermal@44.95C AO@44.5C GPU@44.5C PMIC@50C
09-27-2026 19:44:23 RAM 4713/6833MB (lfb 24x4MB) SWAP 1070/3416MB (cached 0MB) CPU [5%@1420,4%@1420,9%@1420,8%@1420,2%@1420,100%@1420] EMC_FREQ 0% GR3D_FREQ 0% AUX@44.5C CPU@45.5C thermal@44.8C AO@44.5C GPU@44.5C PMIC@50C
09-27-2026 19:44:24 RAM 4750/6833MB (lfb 24x4MB) SWAP 1070/3416MB (cached 0MB) CPU [20%@1420,10%@1420,11%@1420,13%@1420,8%@1420,100%@1420] EMC_FREQ 0% GR3D_FREQ 0% AUX@44.5C CPU@45.5C thermal@44.8C AO@44C GPU@44.5C PMIC@50C
09-27-2026 19:44:25 RAM 4832/6833MB (lfb 42x4MB) SWAP 1070/3416MB (cached 0MB) CPU [98%@1420,29%@1420,30%@1420,33%@1420,33%@1420,100%@1420] EMC_FREQ 0% GR3D_FREQ 0% AUX@44.5C CPU@46C thermal@44.95C AO@44.5C GPU@44.5C PMIC@50C
09-27-2026 19:44:26 RAM 4837/6833MB (lfb 42x4MB) SWAP 1070/3416MB (cached 0MB) CPU [95%@1420,16%@1420,12%@1420,9%@1420,22%@1420,100%@1420] EMC_FREQ 0% GR3D_FREQ 0% AUX@44.5C CPU@46C thermal@44.95C AO@44C GPU@44.5C PMIC@50C
09-27-2026 19:44:27 RAM 4712/6833MB (lfb 42x4MB) SWAP 1070/3416MB (cached 0MB) CPU [7%@1420,8%@1420,9%@1420,12%@1420,8%@1420,100%@1420] EMC_FREQ 0% GR3D_FREQ 0% AUX@44.5C CPU@45.5C thermal@44.95C AO@44.5C GPU@44.5C PMIC@50C
09-27-2026 19:44:28 RAM 4712/6833MB (lfb 42x4MB) SWAP 1070/3416MB (cached 0MB) CPU [9%@1420,8%@1420,2%@1420,6%@1420,3%@1420,100%@1420] EMC_FREQ 0% GR3D_FREQ 0% AUX@44.5C CPU@45.5C thermal@44.95C AO@44C GPU@44.5C PMIC@50C
09-27-2026 19:44:29 RAM 4712/6833MB (lfb 42x4MB) SWAP 1070/3416MB (cached 0MB) CPU [9%@1420,7%@1420,6%@1420,2%@1420,2%@1420,100%@1420] EMC_FREQ 0% GR3D_FREQ 0% AUX@44.5C CPU@45.5C thermal@44.8C AO@44C GPU@44C PMIC@50C
09-27-2026 19:44:30 RAM 4711/6833MB (lfb 24x4MB) SWAP 1070/3416MB (cached 0MB) CPU [25%@1420,11%@1420,10%@1420,6%@1420,8%@1420,100%@1420] EMC_FREQ 0% GR3D_FREQ 0% AUX@44.5C CPU@45.5C thermal@44.6C AO@44.5C GPU@44.5C PMIC@50C
09-27-2026 19:44:31 RAM 4711/6833MB (lfb 24x4MB) SWAP 1070/3416MB (cached 0MB) CPU [4%@1420,6%@1420,8%@1420,6%@1420,3%@1420,100%@1420] EMC_FREQ 0% GR3D_FREQ 0% AUX@44C CPU@45.5C thermal@44.8C AO@44C GPU@44.5C PMIC@50C
09-27-2026 19:44:32 RAM 4711/6833MB (lfb 24x4MB) SWAP 1070/3416MB (cached 0MB) CPU [8%@1420,6%@1420,7%@1420,6%@1420,3%@1420,100%@1420] EMC_FREQ 0% GR3D_FREQ 0% AUX@44C CPU@45.5C thermal@44.8C AO@44C GPU@44.5C PMIC@50C
09-27-2026 19:44:33 RAM 4711/6833MB (lfb 24x4MB) SWAP 1070/3416MB (cached 0MB) CPU [3%@1420,6%@1420,8%@1420,2%@1420,4%@1420,100%@1420] EMC_FREQ 0% GR3D_FREQ 0% AUX@44C CPU@45.5C thermal@44.6C AO@44C GPU@44C PMIC@50C
09-27-2026 19:44:34 RAM 4711/6833MB (lfb 24x4MB) SWAP 1070/3416MB (cached 0MB) CPU [5%@1420,7%@1420,8%@1420,5%@1420,5%@1420,100%@1420] EMC_FREQ 0% GR3D_FREQ 0% AUX@44C CPU@45.5C thermal@44.6C AO@44C GPU@44C PMIC@50C
09-27-2026 19:44:35 RAM 4761/6833MB (lfb 40x4MB) SWAP 1070/3416MB (cached 0MB) CPU [71%@1420,70%@1420,73%@1420,76%@1420,79%@1420,100%@1420] EMC_FREQ 0% GR3D_FREQ 99% AUX@44C CPU@46C thermal@44.65C AO@44C GPU@44.5C PMIC@50C
09-27-2026 19:44:36 RAM 4826/6833MB (lfb 40x4MB) SWAP 1070/3416MB (cached 0MB) CPU [78%@1420,86%@1420,90%@1420,85%@1420,83%@1420,99%@1420] EMC_FREQ 0% GR3D_FREQ 0% AUX@44.5C CPU@46C thermal@44.95C AO@44C GPU@44.5C PMIC@50C
09-27-2026 19:44:37 RAM 4842/6833MB (lfb 24x4MB) SWAP 1070/3416MB (cached 0MB) CPU [22%@1420,38%@1420,93%@1420,21%@1420,62%@1420,50%@1420] EMC_FREQ 0% GR3D_FREQ 0% AUX@44C CPU@45.5C thermal@44.6C AO@44C GPU@44.5C PMIC@50C
09-27-2026 19:44:38 RAM 4714/6833MB (lfb 37x4MB) SWAP 1070/3416MB (cached 0MB) CPU [30%@1420,29%@1420,100%@1420,19%@1420,35%@1420,38%@1420] EMC_FREQ 0% GR3D_FREQ 0% AUX@44.5C CPU@45C thermal@44.6C AO@44C GPU@44.5C PMIC@50C
09-27-2026 19:44:39 RAM 4714/6833MB (lfb 37x4MB) SWAP 1070/3416MB (cached 0MB) CPU [7%@1420,6%@1420,100%@1420,4%@1420,5%@1420,6%@1420] EMC_FREQ 0% GR3D_FREQ 0% AUX@44C CPU@45.5C thermal@44.6C AO@44C GPU@44.5C PMIC@50C
09-27-2026 19:44:40 RAM 4907/6833MB (lfb 15x4MB) SWAP 1070/3416MB (cached 0MB) CPU [14%@1420,7%@1420,100%@1420,11%@1420,5%@1420,7%@1420] EMC_FREQ 0% GR3D_FREQ 0% AUX@44C CPU@45C thermal@44.3C AO@44C GPU@43.5C PMIC@50C
09-27-2026 19:44:41 RAM 4713/6833MB (lfb 21x4MB) SWAP 1070/3416MB (cached 0MB) CPU [12%@1420,13%@1420,100%@1420,5%@1420,4%@1420,10%@1420] EMC_FREQ 0% GR3D_FREQ 0% AUX@44C CPU@45C thermal@45.05C AO@44C GPU@44.5C PMIC@50C
09-27-2026 19:44:42 RAM 4713/6833MB (lfb 21x4MB) SWAP 1070/3416MB (cached 0MB) CPU [5%@1420,9%@1420,100%@1420,3%@1420,17%@1420,8%@1420] EMC_FREQ 0% GR3D_FREQ 0% AUX@44C CPU@45C thermal@44.3C AO@44C GPU@44C PMIC@50C
09-27-2026 19:44:43 RAM 4713/6833MB (lfb 21x4MB) SWAP 1070/3416MB (cached 0MB) CPU [6%@1420,5%@1420,100%@1420,3%@1420,3%@1420,13%@1420] EMC_FREQ 0% GR3D_FREQ 0% AUX@44C CPU@45C thermal@44.3C AO@44C GPU@44C PMIC@50C
09-27-2026 19:44:44 RAM 4713/6833MB (lfb 21x4MB) SWAP 1070/3416MB (cached 0MB) CPU [5%@1420,7%@1420,100%@1420,1%@1420,5%@1420,10%@1420] EMC_FREQ 0% GR3D_FREQ 0% AUX@44C CPU@45C thermal@44.3C AO@44C GPU@44C PMIC@50C
09-27-2026 19:44:45 RAM 4713/6833MB (lfb 21x4MB) SWAP 1070/3416MB (cached 0MB) CPU [5%@1420,7%@1420,100%@1420,2%@1420,5%@1420,9%@1420] EMC_FREQ 0% GR3D_FREQ 0% AUX@44C CPU@45C thermal@44.3C AO@43.5C GPU@44C PMIC@50C
09-27-2026 19:44:46 RAM 4826/6833MB (lfb 36x4MB) SWAP 1070/3416MB (cached 0MB) CPU [47%@1420,38%@1420,100%@1420,27%@1420,38%@1420,38%@1420] EMC_FREQ 0% GR3D_FREQ 0% AUX@44C CPU@45.5C thermal@44.45C AO@44C GPU@44C PMIC@50C
09-27-2026 19:44:47 RAM 4829/6833MB (lfb 32x4MB) SWAP 1070/3416MB (cached 0MB) CPU [27%@1420,27%@1420,100%@1420,12%@1420,46%@1420,42%@1420] EMC_FREQ 0% GR3D_FREQ 0% AUX@44C CPU@45.5C thermal@44.3C AO@44C GPU@44C PMIC@50C
09-27-2026 19:44:48 RAM 4718/6833MB (lfb 32x4MB) SWAP 1070/3416MB (cached 0MB) CPU [26%@1420,25%@1420,100%@1420,14%@1420,17%@1420,28%@1420] EMC_FREQ 0% GR3D_FREQ 0% AUX@44C CPU@45C thermal@44.3C AO@44C GPU@44C PMIC@50C
09-27-2026 19:44:49 RAM 4717/6833MB (lfb 32x4MB) SWAP 1070/3416MB (cached 0MB) CPU [6%@1420,6%@1420,100%@1420,2%@1420,6%@1420,8%@1420] EMC_FREQ 0% GR3D_FREQ 0% AUX@44C CPU@45C thermal@44.45C AO@44C GPU@44C PMIC@50C
09-27-2026 19:44:50 RAM 4717/6833MB (lfb 32x4MB) SWAP 1070/3416MB (cached 0MB) CPU [11%@1420,6%@1420,100%@1420,1%@1420,4%@1420,4%@1420] EMC_FREQ 0% GR3D_FREQ 0% AUX@44C CPU@44.5C thermal@44.3C AO@44C GPU@43.5C PMIC@50C
09-27-2026 19:44:51 RAM 4717/6833MB (lfb 17x4MB) SWAP 1070/3416MB (cached 0MB) CPU [23%@1420,10%@1420,100%@1420,7%@1420,12%@1420,9%@1420] EMC_FREQ 0% GR3D_FREQ 0% AUX@44C CPU@45C thermal@44C AO@44C GPU@44.5C PMIC@50C
09-27-2026 19:44:52 RAM 4717/6833MB (lfb 17x4MB) SWAP 1070/3416MB (cached 0MB) CPU [5%@1420,6%@1420,100%@1420,1%@1420,8%@1420,6%@1420] EMC_FREQ 0% GR3D_FREQ 0% AUX@44C CPU@44.5C thermal@43.95C AO@43.5C GPU@44C PMIC@50C
09-27-2026 19:44:53 RAM 4717/6833MB (lfb 17x4MB) SWAP 1070/3416MB (cached 0MB) CPU [5%@1420,18%@1420,100%@1420,4%@1420,12%@1420,3%@1420] EMC_FREQ 0% GR3D_FREQ 0% AUX@43.5C CPU@44.5C thermal@43.95C AO@43.5C GPU@43.5C PMIC@50C
09-27-2026 19:44:54 RAM 4716/6833MB (lfb 17x4MB) SWAP 1070/3416MB (cached 0MB) CPU [6%@1420,5%@1420,100%@1420,4%@1420,11%@1420,3%@1420] EMC_FREQ 0% GR3D_FREQ 0% AUX@43.5C CPU@44.5C thermal@44C AO@43.5C GPU@44C PMIC@50C
09-27-2026 19:44:55 RAM 4716/6833MB (lfb 17x4MB) SWAP 1070/3416MB (cached 0MB) CPU [6%@1420,7%@1420,100%@1420,2%@1420,8%@1420,6%@1420] EMC_FREQ 0% GR3D_FREQ 0% AUX@44C CPU@44.5C thermal@44C AO@43.5C GPU@43.5C PMIC@50C
09-27-2026 19:44:56 RAM 5064/6833MB (lfb 10x1MB) SWAP 1070/3416MB (cached 0MB) CPU [43%@1420,39%@1420,100%@1420,30%@1420,52%@1420,48%@1420] EMC_FREQ 0% GR3D_FREQ 0% AUX@44C CPU@45C thermal@43.95C AO@43.5C GPU@43.5C PMIC@50C
09-27-2026 19:44:57 RAM 4774/6833MB (lfb 30x4MB) SWAP 1070/3416MB (cached 0MB) CPU [91%@1420,37%@1420,37%@1420,63%@1420,45%@1420,40%@1420] EMC_FREQ 0% GR3D_FREQ 0% AUX@44C CPU@45C thermal@43.95C AO@43.5C GPU@44C PMIC@50C
09-27-2026 19:44:58 RAM 4720/6833MB (lfb 31x4MB) SWAP 1070/3416MB (cached 0MB) CPU [100%@1420,4%@1420,6%@1420,5%@1420,7%@1420,9%@1420] EMC_FREQ 0% GR3D_FREQ 0% AUX@44C CPU@44.5C thermal@44.3C AO@43.5C GPU@44C PMIC@50C
09-27-2026 19:44:59 RAM 4720/6833MB (lfb 31x4MB) SWAP 1070/3416MB (cached 0MB) CPU [100%@1420,1%@1420,5%@1420,6%@1420,5%@1420,12%@1420] EMC_FREQ 0% GR3D_FREQ 0% AUX@44C CPU@45C thermal@44.1C AO@43.5C GPU@44C PMIC@50C
09-27-2026 19:45:00 RAM 4720/6833MB (lfb 31x4MB) SWAP 1070/3416MB (cached 0MB) CPU [100%@1420,4%@1420,5%@1420,3%@1420,5%@1420,9%@1420] EMC_FREQ 0% GR3D_FREQ 0% AUX@43.5C CPU@45C thermal@44.3C AO@43.5C GPU@44C PMIC@50C
09-27-2026 19:45:01 RAM 4720/6833MB (lfb 31x4MB) SWAP 1070/3416MB (cached 0MB) CPU [100%@1420,2%@1420,7%@1420,3%@1420,5%@1420,11%@1420] EMC_FREQ 0% GR3D_FREQ 0% AUX@44C CPU@44.5C thermal@44.3C AO@43.5C GPU@44C PMIC@50C
09-27-2026 19:45:02 RAM 4721/6833MB (lfb 30x4MB) SWAP 1070/3416MB (cached 0MB) CPU [100%@1420,14%@1420,14%@1420,6%@1420,12%@1420,15%@1420] EMC_FREQ 0% GR3D_FREQ 0% AUX@44C CPU@45C thermal@44.3C AO@44C GPU@44.5C PMIC@50C
09-27-2026 19:45:03 RAM 4721/6833MB (lfb 30x4MB) SWAP 1070/3416MB (cached 0MB) CPU [100%@1420,3%@1420,6%@1420,2%@1420,9%@1420,7%@1420] EMC_FREQ 0% GR3D_FREQ 0% AUX@44C CPU@45.5C thermal@44.45C AO@44C GPU@44.5C PMIC@50C
09-27-2026 19:45:04 RAM 4721/6833MB (lfb 30x4MB) SWAP 1070/3416MB (cached 0MB) CPU [100%@1420,1%@1420,6%@1420,5%@1420,5%@1420,9%@1420] EMC_FREQ 0% GR3D_FREQ 0% AUX@44.5C CPU@45.5C thermal@44.6C AO@44C GPU@44.5C PMIC@50C
09-27-2026 19:45:05 RAM 4756/6833MB (lfb 30x4MB) SWAP 1070/3416MB (cached 0MB) CPU [98%@1420,11%@1420,15%@1420,13%@1420,14%@1420,17%@1420] EMC_FREQ 0% GR3D_FREQ 0% AUX@44.5C CPU@45.5C thermal@44.8C AO@44.5C GPU@44.5C PMIC@50C
09-27-2026 19:45:06 RAM 4833/6833MB (lfb 30x4MB) SWAP 1070/3416MB (cached 0MB) CPU [37%@1420,23%@1420,100%@1420,20%@1420,100%@1420,22%@1420] EMC_FREQ 0% GR3D_FREQ 0% AUX@44.5C CPU@46C thermal@44.8C AO@44.5C GPU@44.5C PMIC@50C
09-27-2026 19:45:07 RAM 4712/6833MB (lfb 20x4MB) SWAP 1070/3416MB (cached 0MB) CPU [48%@1420,17%@1420,73%@1420,23%@1420,78%@1420,34%@1420] EMC_FREQ 0% GR3D_FREQ 0% AUX@44.5C CPU@46C thermal@45.4C AO@45C GPU@46C PMIC@50C
09-27-2026 19:45:08 RAM 4712/6833MB (lfb 20x4MB) SWAP 1070/3416MB (cached 0MB) CPU [100%@1420,2%@1420,6%@1420,5%@1420,9%@1420,4%@1420] EMC_FREQ 0% GR3D_FREQ 0% AUX@44.5C CPU@45.5C thermal@45.4C AO@44.5C GPU@44.5C PMIC@50C
09-27-2026 19:45:09 RAM 4712/6833MB (lfb 20x4MB) SWAP 1070/3416MB (cached 0MB) CPU [100%@1420,1%@1420,11%@1420,8%@1420,4%@1420,2%@1420] EMC_FREQ 0% GR3D_FREQ 0% AUX@45C CPU@45.5C thermal@45.15C AO@45C GPU@45C PMIC@50C
09-27-2026 19:45:10 RAM 4712/6833MB (lfb 20x4MB) SWAP 1070/3416MB (cached 0MB) CPU [100%@1420,4%@1420,11%@1420,5%@1420,4%@1420,4%@1420] EMC_FREQ 0% GR3D_FREQ 0% AUX@45C CPU@46C thermal@45.3C AO@45C GPU@45C PMIC@50C
09-27-2026 19:45:11 RAM 4711/6833MB (lfb 20x4MB) SWAP 1070/3416MB (cached 0MB) CPU [92%@1420,15%@1420,14%@1420,4%@1420,5%@1420,6%@1420] EMC_FREQ 0% GR3D_FREQ 0% AUX@45C CPU@46C thermal@45.3C AO@45C GPU@45C PMIC@50C
09-27-2026 19:45:12 RAM 4714/6833MB (lfb 31x4MB) SWAP 1070/3416MB (cached 0MB) CPU [24%@1420,25%@1420,100%@1420,19%@1420,29%@1420,31%@1420] EMC_FREQ 0% GR3D_FREQ 0% AUX@45C CPU@46.5C thermal@45.3C AO@45C GPU@45C PMIC@50C
09-27-2026 19:45:13 RAM 4712/6833MB (lfb 31x4MB) SWAP 1070/3416MB (cached 0MB) CPU [13%@1420,13%@1420,100%@1420,6%@1420,18%@1420,7%@1420] EMC_FREQ 0% GR3D_FREQ 0% AUX@45C CPU@46.5C thermal@45.6C AO@45.5C GPU@45.5C PMIC@50C
09-27-2026 19:45:14 RAM 4712/6833MB (lfb 31x4MB) SWAP 1070/3416MB (cached 0MB) CPU [8%@1420,6%@1420,100%@1420,2%@1420,10%@1420,6%@1420] EMC_FREQ 0% GR3D_FREQ 0% AUX@45.5C CPU@46.5C thermal@45.6C AO@45.5C GPU@45.5C PMIC@50C
09-27-2026 19:45:15 RAM 4758/6833MB (lfb 31x4MB) SWAP 1070/3416MB (cached 0MB) CPU [14%@1420,14%@1420,100%@1420,12%@1420,16%@1420,17%@1420] EMC_FREQ 0% GR3D_FREQ 0% AUX@45.5C CPU@47C thermal@45.8C AO@45.5C GPU@45.5C PMIC@50C
09-27-2026 19:45:16 RAM 4838/6833MB (lfb 31x4MB) SWAP 1070/3416MB (cached 0MB) CPU [44%@1420,41%@1420,83%@1420,38%@1420,80%@1420,22%@1420] EMC_FREQ 0% GR3D_FREQ 0% AUX@45.5C CPU@47C thermal@45.95C AO@45.5C GPU@45.5C PMIC@50C
09-27-2026 19:45:18 RAM 4718/6833MB (lfb 31x4MB) SWAP 1070/3416MB (cached 0MB) CPU [27%@1420,19%@1420,23%@1420,30%@1420,100%@1420,18%@1420] EMC_FREQ 0% GR3D_FREQ 0% AUX@45.5C CPU@47C thermal@45.95C AO@45.5C GPU@45.5C PMIC@50C
09-27-2026 19:45:19 RAM 4713/6833MB (lfb 20x4MB) SWAP 1070/3416MB (cached 0MB) CPU [16%@1420,22%@1420,7%@1420,6%@1420,100%@1420,8%@1420] EMC_FREQ 0% GR3D_FREQ 0% AUX@46C CPU@47C thermal@46.1C AO@46C GPU@46C PMIC@50C
09-27-2026 19:45:20 RAM 4713/6833MB (lfb 20x4MB) SWAP 1070/3416MB (cached 0MB) CPU [9%@1420,17%@1420,4%@1420,9%@1420,100%@1420,2%@1420] EMC_FREQ 0% GR3D_FREQ 0% AUX@46C CPU@47C thermal@46.1C AO@46C GPU@46C PMIC@50C
09-27-2026 19:45:21 RAM 4713/6833MB (lfb 20x4MB) SWAP 1070/3416MB (cached 0MB) CPU [6%@1420,5%@1420,5%@1420,7%@1420,100%@1420,5%@1420] EMC_FREQ 0% GR3D_FREQ 0% AUX@46C CPU@47C thermal@46.3C AO@46C GPU@46C PMIC@50C
09-27-2026 19:45:22 RAM 4713/6833MB (lfb 20x4MB) SWAP 1070/3416MB (cached 0MB) CPU [6%@1420,4%@1420,9%@1420,5%@1420,100%@1420,3%@1420] EMC_FREQ 0% GR3D_FREQ 0% AUX@45.5C CPU@47C thermal@46.3C AO@46C GPU@46C PMIC@50C
09-27-2026 19:45:23 RAM 4713/6833MB (lfb 20x4MB) SWAP 1070/3416MB (cached 0MB) CPU [9%@1420,16%@1420,3%@1420,9%@1420,100%@1420,4%@1420] EMC_FREQ 0% GR3D_FREQ 0% AUX@45.5C CPU@47C thermal@46.1C AO@45.5C GPU@46C PMIC@50C
09-27-2026 19:45:24 RAM 4713/6833MB (lfb 31x4MB) SWAP 1070/3416MB (cached 0MB) CPU [12%@1420,13%@1420,11%@1420,8%@1420,100%@1420,3%@1420] EMC_FREQ 0% GR3D_FREQ 0% AUX@45.5C CPU@47C thermal@46.1C AO@46C GPU@46C PMIC@50C
09-27-2026 19:45:25 RAM 4713/6833MB (lfb 31x4MB) SWAP 1070/3416MB (cached 0MB) CPU [7%@1420,5%@1420,9%@1420,7%@1420,100%@1420,3%@1420] EMC_FREQ 0% GR3D_FREQ 0% AUX@45.5C CPU@47C thermal@46.1C AO@46C GPU@46C PMIC@50C
09-27-2026 19:45:26 RAM 4826/6833MB (lfb 31x4MB) SWAP 1070/3416MB (cached 0MB) CPU [31%@1420,30%@1420,29%@1420,74%@1420,100%@1420,26%@1420] EMC_FREQ 0% GR3D_FREQ 0% AUX@45.5C CPU@47C thermal@46.25C AO@45.5C GPU@46C PMIC@50C
09-27-2026 19:45:27 RAM 4830/6833MB (lfb 31x4MB) SWAP 1070/3416MB (cached 0MB) CPU [14%@1420,12%@1420,11%@1420,100%@1420,100%@1420,2%@1420] EMC_FREQ 0% GR3D_FREQ 0% AUX@45.5C CPU@47C thermal@46.1C AO@46C GPU@46C PMIC@50C
09-27-2026 19:45:28 RAM 4704/6833MB (lfb 31x4MB) SWAP 1070/3416MB (cached 0MB) CPU [15%@1420,14%@1420,26%@1420,9%@1420,100%@1420,6%@1420] EMC_FREQ 0% GR3D_FREQ 0% AUX@45.5C CPU@47C thermal@45.95C AO@45.5C GPU@46C PMIC@50C
09-27-2026 19:45:29 RAM 4704/6833MB (lfb 20x4MB) SWAP 1070/3416MB (cached 0MB) CPU [20%@1420,12%@1420,7%@1420,5%@1420,100%@1420,7%@1420] EMC_FREQ 0% GR3D_FREQ 0% AUX@45.5C CPU@47C thermal@46.25C AO@46C GPU@46.5C PMIC@50C
09-27-2026 19:45:30 RAM 4703/6833MB (lfb 20x4MB) SWAP 1070/3416MB (cached 0MB) CPU [14%@1420,6%@1420,4%@1420,5%@1420,100%@1420,4%@1420] EMC_FREQ 0% GR3D_FREQ 0% AUX@45.5C CPU@46.5C thermal@45.95C AO@45.5C GPU@45.5C PMIC@50C
09-27-2026 19:45:31 RAM 4703/6833MB (lfb 20x4MB) SWAP 1070/3416MB (cached 0MB) CPU [14%@1420,3%@1420,7%@1420,6%@1420,100%@1420,2%@1420] EMC_FREQ 0% GR3D_FREQ 0% AUX@45.5C CPU@46.5C thermal@45.95C AO@45.5C GPU@46C PMIC@50C
09-27-2026 19:45:32 RAM 4703/6833MB (lfb 20x4MB) SWAP 1070/3416MB (cached 0MB) CPU [18%@1420,6%@1420,6%@1420,3%@1420,100%@1420,3%@1420] EMC_FREQ 0% GR3D_FREQ 0% AUX@45.5C CPU@46.5C thermal@45.95C AO@45.5C GPU@45.5C PMIC@50C
09-27-2026 19:45:33 RAM 4703/6833MB (lfb 20x4MB) SWAP 1070/3416MB (cached 0MB) CPU [19%@1420,6%@1420,2%@1420,3%@1420,100%@1420,4%@1420] EMC_FREQ 0% GR3D_FREQ 0% AUX@45C CPU@46.5C thermal@45.8C AO@45.5C GPU@45.5C PMIC@50C
09-27-2026 19:45:34 RAM 4704/6833MB (lfb 31x4MB) SWAP 1070/3416MB (cached 0MB) CPU [12%@1420,16%@1420,6%@1420,11%@1420,100%@1420,6%@1420] EMC_FREQ 0% GR3D_FREQ 30% AUX@45C CPU@47C thermal@45.8C AO@45.5C GPU@47.5C PMIC@50C
09-27-2026 19:45:35 RAM 4703/6833MB (lfb 31x4MB) SWAP 1070/3416MB (cached 0MB) CPU [9%@1420,7%@1420,8%@1420,11%@1420,100%@1420,3%@1420] EMC_FREQ 0% GR3D_FREQ 0% AUX@45.5C CPU@46.5C thermal@45.95C AO@45.5C GPU@45.5C PMIC@50C
09-27-2026 19:45:36 RAM 4826/6833MB (lfb 31x4MB) SWAP 1070/3416MB (cached 0MB) CPU [30%@1420,35%@1420,34%@1420,94%@1420,100%@1420,29%@1420] EMC_FREQ 0% GR3D_FREQ 0% AUX@45.5C CPU@46.5C thermal@45.95C AO@45.5C GPU@45.5C PMIC@50C
09-27-2026 19:45:37 RAM 4788/6833MB (lfb 31x4MB) SWAP 1070/3416MB (cached 0MB) CPU [16%@1420,25%@1420,13%@1420,89%@1420,100%@1420,12%@1420] EMC_FREQ 0% GR3D_FREQ 0% AUX@45C CPU@46.5C thermal@45.6C AO@45.5C GPU@45.5C PMIC@50C
09-27-2026 19:45:38 RAM 4705/6833MB (lfb 31x4MB) SWAP 1070/3416MB (cached 0MB) CPU [11%@1420,13%@1420,4%@1420,2%@1420,100%@1420,6%@1420] EMC_FREQ 0% GR3D_FREQ 0% AUX@45C CPU@46.5C thermal@45.6C AO@45C GPU@45.5C PMIC@50C
09-27-2026 19:45:39 RAM 4923/6833MB (lfb 15x4MB) SWAP 1070/3416MB (cached 0MB) CPU [9%@1420,11%@1420,4%@1420,4%@1420,100%@1420,6%@1420] EMC_FREQ 0% GR3D_FREQ 0% AUX@45C CPU@46.5C thermal@45.3C AO@45C GPU@45C PMIC@50C
09-27-2026 19:45:40 RAM 4703/6833MB (lfb 20x4MB) SWAP 1070/3416MB (cached 0MB) CPU [6%@1420,7%@1420,11%@1420,6%@1420,100%@1420,10%@1420] EMC_FREQ 0% GR3D_FREQ 0% AUX@45C CPU@46.5C thermal@45.45C AO@45C GPU@45.5C PMIC@50C
09-27-2026 19:45:41 RAM 4703/6833MB (lfb 20x4MB) SWAP 1070/3416MB (cached 0MB) CPU [4%@1420,6%@1420,6%@1420,5%@1420,100%@1420,10%@1420] EMC_FREQ 0% GR3D_FREQ 0% AUX@45C CPU@46.5C thermal@45.45C AO@45C GPU@45C PMIC@50C
09-27-2026 19:45:42 RAM 4703/6833MB (lfb 20x4MB) SWAP 1070/3416MB (cached 0MB) CPU [7%@1420,6%@1420,9%@1420,3%@1420,100%@1420,9%@1420] EMC_FREQ 0% GR3D_FREQ 0% AUX@45C CPU@46C thermal@45.3C AO@45C GPU@45.5C PMIC@50C
09-27-2026 19:45:43 RAM 4703/6833MB (lfb 20x4MB) SWAP 1070/3416MB (cached 0MB) CPU [6%@1420,5%@1420,9%@1420,4%@1420,100%@1420,8%@1420] EMC_FREQ 0% GR3D_FREQ 0% AUX@45C CPU@46.5C thermal@45.3C AO@45C GPU@45C PMIC@50C
09-27-2026 19:45:44 RAM 4703/6833MB (lfb 20x4MB) SWAP 1070/3416MB (cached 0MB) CPU [7%@1420,7%@1420,4%@1420,4%@1420,100%@1420,9%@1420] EMC_FREQ 0% GR3D_FREQ 0% AUX@45C CPU@46C thermal@45.3C AO@45C GPU@45C PMIC@50C
09-27-2026 19:45:45 RAM 4714/6833MB (lfb 31x4MB) SWAP 1070/3416MB (cached 0MB) CPU [15%@1420,18%@1420,10%@1420,9%@1420,100%@1420,11%@1420] EMC_FREQ 0% GR3D_FREQ 0% AUX@45C CPU@46.5C thermal@45.3C AO@45C GPU@45C PMIC@50C
09-27-2026 19:45:46 RAM 4833/6833MB (lfb 31x4MB) SWAP 1070/3416MB (cached 0MB) CPU [50%@1420,38%@1420,64%@1420,45%@1420,100%@1420,29%@1420] EMC_FREQ 0% GR3D_FREQ 0% AUX@45C CPU@46.5C thermal@45.6C AO@44.5C GPU@45C PMIC@50C
09-27-2026 19:45:47 RAM 4718/6833MB (lfb 31x4MB) SWAP 1070/3416MB (cached 0MB) CPU [54%@1420,18%@1420,27%@1420,23%@1420,100%@1420,13%@1420] EMC_FREQ 0% GR3D_FREQ 0% AUX@45C CPU@46C thermal@45.45C AO@44.5C GPU@45C PMIC@50C
09-27-2026 19:45:48 RAM 4718/6833MB (lfb 31x4MB) SWAP 1070/3416MB (cached 0MB) CPU [18%@1420,6%@1420,6%@1420,8%@1420,100%@1420,5%@1420] EMC_FREQ 0% GR3D_FREQ 0% AUX@45C CPU@46C thermal@45.3C AO@45C GPU@45C PMIC@50C
09-27-2026 19:45:49 RAM 4718/6833MB (lfb 31x4MB) SWAP 1070/3416MB (cached 0MB) CPU [7%@1420,5%@1420,6%@1420,8%@1420,100%@1420,4%@1420] EMC_FREQ 0% GR3D_FREQ 0% AUX@44.5C CPU@45.5C thermal@45.15C AO@45C GPU@44.5C PMIC@50C
09-27-2026 19:45:50 RAM 4715/6833MB (lfb 20x4MB) SWAP 1070/3416MB (cached 0MB) CPU [16%@1420,12%@1420,31%@1420,17%@1420,80%@1420,9%@1420] EMC_FREQ 0% GR3D_FREQ 0% AUX@44.5C CPU@46C thermal@45.15C AO@45C GPU@45.5C PMIC@50C
09-27-2026 19:45:51 RAM 4716/6833MB (lfb 20x4MB) SWAP 1070/3416MB (cached 0MB) CPU [4%@1420,5%@1420,100%@1420,8%@1420,2%@1420,6%@1420] EMC_FREQ 0% GR3D_FREQ 0% AUX@45C CPU@46C thermal@45.1C AO@45C GPU@45C PMIC@50C
09-27-2026 19:45:52 RAM 4716/6833MB (lfb 20x4MB) SWAP 1070/3416MB (cached 0MB) CPU [9%@1420,6%@1420,100%@1420,7%@1420,6%@1420,4%@1420] EMC_FREQ 0% GR3D_FREQ 0% AUX@45C CPU@46C thermal@45C AO@44.5C GPU@45C PMIC@50C
09-27-2026 19:45:53 RAM 4716/6833MB (lfb 20x4MB) SWAP 1070/3416MB (cached 0MB) CPU [19%@1420,5%@1420,100%@1420,3%@1420,8%@1420,5%@1420] EMC_FREQ 0% GR3D_FREQ 0% AUX@45C CPU@45.5C thermal@45C AO@44.5C GPU@45C PMIC@50C
09-27-2026 19:45:54 RAM 4716/6833MB (lfb 20x4MB) SWAP 1070/3416MB (cached 0MB) CPU [6%@1420,4%@1420,100%@1420,2%@1420,5%@1420,10%@1420] EMC_FREQ 0% GR3D_FREQ 0% AUX@44.5C CPU@45.5C thermal@44.95C AO@44.5C GPU@44.5C PMIC@50C
09-27-2026 19:45:55 RAM 4830/6833MB (lfb 32x4MB) SWAP 1070/3416MB (cached 0MB) CPU [34%@1420,37%@1420,100%@1420,35%@1420,35%@1420,37%@1420] EMC_FREQ 0% GR3D_FREQ 0% AUX@44.5C CPU@46C thermal@44.8C AO@44.5C GPU@44.5C PMIC@50C
09-27-2026 19:45:56 RAM 4834/6833MB (lfb 32x4MB) SWAP 1070/3416MB (cached 0MB) CPU [14%@1420,14%@1420,100%@1420,6%@1420,11%@1420,100%@1420] EMC_FREQ 0% GR3D_FREQ 0% AUX@44.5C CPU@46C thermal@45.55C AO@44.5C GPU@45C PMIC@50C
09-27-2026 19:45:57 RAM 4709/6833MB (lfb 32x4MB) SWAP 1070/3416MB (cached 0MB) CPU [20%@1420,17%@1420,100%@1420,10%@1420,10%@1420,9%@1420] EMC_FREQ 0% GR3D_FREQ 0% AUX@44.5C CPU@46C thermal@45.1C AO@44.5C GPU@45C PMIC@50C
09-27-2026 19:45:58 RAM 4709/6833MB (lfb 32x4MB) SWAP 1070/3416MB (cached 0MB) CPU [8%@1420,11%@1420,100%@1420,4%@1420,4%@1420,4%@1420] EMC_FREQ 0% GR3D_FREQ 0% AUX@44.5C CPU@46C thermal@44.8C AO@44.5C GPU@45C PMIC@50C
09-27-2026 19:45:59 RAM 4709/6833MB (lfb 32x4MB) SWAP 1070/3416MB (cached 0MB) CPU [96%@1420,6%@1420,7%@1420,15%@1420,5%@1420,12%@1420] EMC_FREQ 0% GR3D_FREQ 0% AUX@44.5C CPU@46C thermal@45.3C AO@45C GPU@45C PMIC@50C
09-27-2026 19:46:00 RAM 4709/6833MB (lfb 32x4MB) SWAP 1070/3416MB (cached 0MB) CPU [100%@1420,5%@1420,3%@1420,1%@1420,10%@1420,8%@1420] EMC_FREQ 0% GR3D_FREQ 0% AUX@45C CPU@46C thermal@45.1C AO@45C GPU@45C PMIC@50C
09-27-2026 19:46:01 RAM 4708/6833MB (lfb 20x4MB) SWAP 1070/3416MB (cached 0MB) CPU [100%@1420,7%@1420,8%@1420,5%@1420,11%@1420,20%@1420] EMC_FREQ 0% GR3D_FREQ 0% AUX@45C CPU@46.5C thermal@45.3C AO@45C GPU@45.5C PMIC@50C
09-27-2026 19:46:02 RAM 4708/6833MB (lfb 20x4MB) SWAP 1070/3416MB (cached 0MB) CPU [43%@1420,5%@1420,63%@1420,5%@1420,8%@1420,4%@1420] EMC_FREQ 0% GR3D_FREQ 0% AUX@45C CPU@46.5C thermal@45.6C AO@45C GPU@45.5C PMIC@50C
09-27-2026 19:46:03 RAM 4708/6833MB (lfb 20x4MB) SWAP 1070/3416MB (cached 0MB) CPU [10%@1420,5%@1420,100%@1420,4%@1420,10%@1420,9%@1420] EMC_FREQ 0% GR3D_FREQ 0% AUX@45C CPU@46.5C thermal@45.6C AO@45C GPU@45C PMIC@50C
09-27-2026 19:46:04 RAM 4709/6833MB (lfb 20x4MB) SWAP 1070/3416MB (cached 0MB) CPU [64%@1420,34%@1420,58%@1420,26%@1420,29%@1420,27%@1420] EMC_FREQ 0% GR3D_FREQ 0% AUX@45C CPU@46.5C thermal@45.6C AO@45C GPU@45.5C PMIC@50C
09-27-2026 19:46:05 RAM 4828/6833MB (lfb 20x4MB) SWAP 1070/3416MB (cached 0MB) CPU [100%@1420,28%@1420,33%@1420,77%@1420,28%@1420,31%@1420] EMC_FREQ 0% GR3D_FREQ 0% AUX@45.5C CPU@46.5C thermal@45.65C AO@45.5C GPU@45.5C PMIC@50C
09-27-2026 19:46:06 RAM 4828/6833MB (lfb 32x4MB) SWAP 1070/3416MB (cached 0MB) CPU [100%@1420,9%@1420,10%@1420,100%@1420,12%@1420,22%@1420] EMC_FREQ 0% GR3D_FREQ 0% AUX@45.5C CPU@47C thermal@45.8C AO@45.5C GPU@46.5C PMIC@50C
09-27-2026 19:46:07 RAM 4707/6833MB (lfb 32x4MB) SWAP 1070/3416MB (cached 0MB) CPU [100%@1420,12%@1420,15%@1420,21%@1420,19%@1420,27%@1420] EMC_FREQ 0% GR3D_FREQ 0% AUX@45.5C CPU@47C thermal@46.1C AO@45.5C GPU@45.5C PMIC@50C
09-27-2026 19:46:08 RAM 4707/6833MB (lfb 32x4MB) SWAP 1070/3416MB (cached 0MB) CPU [99%@1420,3%@1420,9%@1420,3%@1420,7%@1420,7%@1420] EMC_FREQ 0% GR3D_FREQ 0% AUX@45.5C CPU@47C thermal@46.1C AO@45.5C GPU@46C PMIC@50C
09-27-2026 19:46:09 RAM 4707/6833MB (lfb 32x4MB) SWAP 1070/3416MB (cached 0MB) CPU [100%@1420,4%@1420,9%@1420,4%@1420,15%@1420,7%@1420] EMC_FREQ 0% GR3D_FREQ 0% AUX@45.5C CPU@47C thermal@46.1C AO@46C GPU@46C PMIC@50C
09-27-2026 19:46:10 RAM 4707/6833MB (lfb 32x4MB) SWAP 1070/3416MB (cached 0MB) CPU [100%@1420,4%@1420,7%@1420,5%@1420,4%@1420,5%@1420] EMC_FREQ 0% GR3D_FREQ 0% AUX@46C CPU@47C thermal@46.1C AO@46C GPU@46C PMIC@50C
09-27-2026 19:46:11 RAM 4706/6833MB (lfb 20x4MB) SWAP 1070/3416MB (cached 0MB) CPU [100%@1420,5%@1420,6%@1420,11%@1420,16%@1420,11%@1420] EMC_FREQ 0% GR3D_FREQ 99% AUX@45.5C CPU@47C thermal@46.1C AO@46C GPU@46.5C PMIC@50C
09-27-2026 19:46:12 RAM 4706/6833MB (lfb 20x4MB) SWAP 1070/3416MB (cached 0MB) CPU [100%@1420,3%@1420,8%@1420,5%@1420,4%@1420,8%@1420] EMC_FREQ 0% GR3D_FREQ 0% AUX@46C CPU@47C thermal@46.1C AO@46C GPU@46C PMIC@50C
09-27-2026 19:46:13 RAM 4706/6833MB (lfb 20x4MB) SWAP 1070/3416MB (cached 0MB) CPU [100%@1420,6%@1420,5%@1420,5%@1420,6%@1420,6%@1420] EMC_FREQ 0% GR3D_FREQ 0% AUX@45.5C CPU@47C thermal@46.3C AO@46C GPU@46C PMIC@50C
09-27-2026 19:46:14 RAM 4706/6833MB (lfb 20x4MB) SWAP 1070/3416MB (cached 0MB) CPU [100%@1420,5%@1420,7%@1420,7%@1420,2%@1420,5%@1420] EMC_FREQ 0% GR3D_FREQ 0% AUX@46C CPU@47C thermal@46.1C AO@46C GPU@46C PMIC@50C
09-27-2026 19:46:15 RAM 4834/6833MB (lfb 20x4MB) SWAP 1070/3416MB (cached 0MB) CPU [56%@1420,31%@1420,78%@1420,41%@1420,54%@1420,47%@1420] EMC_FREQ 0% GR3D_FREQ 0% AUX@45.5C CPU@47.5C thermal@46.3C AO@45.5C GPU@46C PMIC@50C
09-27-2026 19:46:16 RAM 4716/6833MB (lfb 20x4MB) SWAP 1070/3416MB (cached 0MB) CPU [100%@1420,19%@1420,29%@1420,32%@1420,44%@1420,49%@1420] EMC_FREQ 0% GR3D_FREQ 0% AUX@45.5C CPU@47.5C thermal@46.25C AO@46C GPU@46C PMIC@50C
09-27-2026 19:46:17 RAM 4715/6833MB (lfb 31x4MB) SWAP 1070/3416MB (cached 0MB) CPU [100%@1420,4%@1420,8%@1420,9%@1420,16%@1420,14%@1420] EMC_FREQ 0% GR3D_FREQ 0% AUX@45.5C CPU@47C thermal@46.25C AO@46C GPU@46C PMIC@50C
09-27-2026 19:46:18 RAM 4715/6833MB (lfb 31x4MB) SWAP 1070/3416MB (cached 0MB) CPU [100%@1420,4%@1420,4%@1420,3%@1420,8%@1420,9%@1420] EMC_FREQ 0% GR3D_FREQ 0% AUX@46C CPU@47C thermal@46.1C AO@46C GPU@45.5C PMIC@50C
09-27-2026 19:46:19 RAM 4715/6833MB (lfb 31x4MB) SWAP 1070/3416MB (cached 0MB) CPU [100%@1420,3%@1420,5%@1420,6%@1420,10%@1420,4%@1420] EMC_FREQ 0% GR3D_FREQ 0% AUX@45.5C CPU@46.5C thermal@46.1C AO@45.5C GPU@46C PMIC@50C
09-27-2026 19:46:20 RAM 4714/6833MB (lfb 31x4MB) SWAP 1070/3416MB (cached 0MB) CPU [100%@1420,5%@1420,5%@1420,8%@1420,8%@1420,16%@1420] EMC_FREQ 0% GR3D_FREQ 0% AUX@45.5C CPU@46.5C thermal@45.95C AO@45.5C GPU@45.5C PMIC@50C
09-27-2026 19:46:21 RAM 4714/6833MB (lfb 31x4MB) SWAP 1070/3416MB (cached 0MB) CPU [100%@1420,6%@1420,15%@1420,7%@1420,9%@1420,5%@1420] EMC_FREQ 0% GR3D_FREQ 0% AUX@45.5C CPU@46.5C thermal@45.8C AO@45.5C GPU@45.5C PMIC@50C
09-27-2026 19:46:22 RAM 4705/6833MB (lfb 20x4MB) SWAP 1070/3416MB (cached 0MB) CPU [100%@1420,12%@1420,5%@1420,12%@1420,9%@1420,10%@1420] EMC_FREQ 0% GR3D_FREQ 0% AUX@45.5C CPU@46.5C thermal@45.8C AO@45.5C GPU@46C PMIC@50C
09-27-2026 19:46:23 RAM 4705/6833MB (lfb 20x4MB) SWAP 1070/3416MB (cached 0MB) CPU [100%@1420,4%@1420,7%@1420,7%@1420,10%@1420,4%@1420] EMC_FREQ 0% GR3D_FREQ 0% AUX@45C CPU@46.5C thermal@45.95C AO@45.5C GPU@45.5C PMIC@50C
09-27-2026 19:46:24 RAM 4721/6833MB (lfb 20x4MB) SWAP 1070/3416MB (cached 0MB) CPU [98%@1420,8%@1420,11%@1420,9%@1420,15%@1420,8%@1420] EMC_FREQ 0% GR3D_FREQ 0% AUX@45.5C CPU@46.5C thermal@45.8C AO@45.5C GPU@45.5C PMIC@50C
09-27-2026 19:46:25 RAM 4825/6833MB (lfb 20x4MB) SWAP 1070/3416MB (cached 0MB) CPU [54%@1420,40%@1420,100%@1420,33%@1420,53%@1420,55%@1420] EMC_FREQ 0% GR3D_FREQ 0% AUX@45.5C CPU@47C thermal@45.95C AO@45C GPU@45.5C PMIC@50C
09-27-2026 19:46:26 RAM 4708/6833MB (lfb 20x4MB) SWAP 1070/3416MB (cached 0MB) CPU [28%@1420,26%@1420,100%@1420,15%@1420,27%@1420,48%@1420] EMC_FREQ 0% GR3D_FREQ 0% AUX@45.5C CPU@46.5C thermal@45.95C AO@45.5C GPU@45.5C PMIC@50C
09-27-2026 19:46:27 RAM 4707/6833MB (lfb 31x4MB) SWAP 1070/3416MB (cached 0MB) CPU [9%@1420,9%@1420,100%@1420,8%@1420,14%@1420,7%@1420] EMC_FREQ 0% GR3D_FREQ 99% AUX@45C CPU@46.5C thermal@45.8C AO@45.5C GPU@47C PMIC@50C
09-27-2026 19:46:28 RAM 4707/6833MB (lfb 31x4MB) SWAP 1070/3416MB (cached 0MB) CPU [9%@1420,5%@1420,100%@1420,11%@1420,4%@1420,4%@1420] EMC_FREQ 0% GR3D_FREQ 0% AUX@45.5C CPU@46.5C thermal@45.8C AO@45.5C GPU@45.5C PMIC@50C
09-27-2026 19:46:29 RAM 4707/6833MB (lfb 31x4MB) SWAP 1070/3416MB (cached 0MB) CPU [8%@1420,8%@1420,100%@1420,10%@1420,3%@1420,4%@1420] EMC_FREQ 0% GR3D_FREQ 0% AUX@45C CPU@46.5C thermal@45.6C AO@45C GPU@45.5C PMIC@50C
09-27-2026 19:46:30 RAM 4707/6833MB (lfb 31x4MB) SWAP 1070/3416MB (cached 0MB) CPU [11%@1420,6%@1420,100%@1420,2%@1420,20%@1420,6%@1420] EMC_FREQ 0% GR3D_FREQ 0% AUX@45C CPU@46C thermal@45.6C AO@45C GPU@45.5C PMIC@50C
09-27-2026 19:46:31 RAM 4707/6833MB (lfb 31x4MB) SWAP 1070/3416MB (cached 0MB) CPU [10%@1420,17%@1420,100%@1420,2%@1420,5%@1420,6%@1420] EMC_FREQ 0% GR3D_FREQ 0% AUX@45C CPU@46C thermal@45.45C AO@45C GPU@45.5C PMIC@50C
09-27-2026 19:46:32 RAM 4809/6833MB (lfb 31x4MB) SWAP 1070/3416MB (cached 0MB) CPU [12%@1420,7%@1420,100%@1420,3%@1420,3%@1420,8%@1420] EMC_FREQ 0% GR3D_FREQ 0% AUX@45C CPU@46.5C thermal@45.45C AO@45C GPU@45.5C PMIC@50C
09-27-2026 19:46:33 RAM 4707/6833MB (lfb 20x4MB) SWAP 1070/3416MB (cached 0MB) CPU [13%@1420,10%@1420,14%@1420,8%@1420,90%@1420,10%@1420] EMC_FREQ 0% GR3D_FREQ 0% AUX@45C CPU@46.5C thermal@45.45C AO@45C GPU@45.5C PMIC@50C
09-27-2026 19:46:34 RAM 4818/6833MB (lfb 20x4MB) SWAP 1070/3416MB (cached 0MB) CPU [40%@1420,32%@1420,26%@1420,25%@1420,100%@1420,24%@1420] EMC_FREQ 0% GR3D_FREQ 0% AUX@45C CPU@46.5C thermal@45.45C AO@45C GPU@45C PMIC@50C
09-27-2026 19:46:35 RAM 4828/6833MB (lfb 20x4MB) SWAP 1070/3416MB (cached 0MB) CPU [44%@1420,32%@1420,31%@1420,36%@1420,100%@1420,14%@1420] EMC_FREQ 0% GR3D_FREQ 0% AUX@45C CPU@46.5C thermal@45.45C AO@45C GPU@45C PMIC@50C
09-27-2026 19:46:36 RAM 4709/6833MB (lfb 20x4MB) SWAP 1070/3416MB (cached 0MB) CPU [21%@1420,18%@1420,29%@1420,25%@1420,100%@1420,11%@1420] EMC_FREQ 0% GR3D_FREQ 0% AUX@45C CPU@46C thermal@45.45C AO@45.5C GPU@45C PMIC@50C
09-27-2026 19:46:37 RAM 4709/6833MB (lfb 20x4MB) SWAP 1070/3416MB (cached 0MB) CPU [13%@1420,5%@1420,67%@1420,4%@1420,34%@1420,5%@1420] EMC_FREQ 0% GR3D_FREQ 0% AUX@45C CPU@46C thermal@45.3C AO@45C GPU@44.5C PMIC@50C
09-27-2026 19:46:38 RAM 4708/6833MB (lfb 31x4MB) SWAP 1070/3416MB (cached 0MB) CPU [13%@1420,9%@1420,73%@1420,20%@1420,32%@1420,5%@1420] EMC_FREQ 0% GR3D_FREQ 0% AUX@45C CPU@46C thermal@46.05C AO@45C GPU@45.5C PMIC@50C
09-27-2026 19:46:39 RAM 4708/6833MB (lfb 31x4MB) SWAP 1070/3416MB (cached 0MB) CPU [11%@1420,7%@1420,100%@1420,6%@1420,3%@1420,3%@1420] EMC_FREQ 0% GR3D_FREQ 0% AUX@45C CPU@46C thermal@45.3C AO@44.5C GPU@45C PMIC@50C
09-27-2026 19:46:40 RAM 4708/6833MB (lfb 31x4MB) SWAP 1070/3416MB (cached 0MB) CPU [6%@1420,10%@1420,100%@1420,5%@1420,3%@1420,3%@1420] EMC_FREQ 0% GR3D_FREQ 0% AUX@44.5C CPU@46C thermal@45.1C AO@44.5C GPU@45C PMIC@50C
09-27-2026 19:46:42 RAM 4708/6833MB (lfb 31x4MB) SWAP 1070/3416MB (cached 0MB) CPU [11%@1420,8%@1420,93%@1420,11%@1420,8%@1420,6%@1420] EMC_FREQ 0% GR3D_FREQ 0% AUX@45C CPU@45.5C thermal@45.15C AO@44.5C GPU@44.5C PMIC@50C
09-27-2026 19:46:43 RAM 4708/6833MB (lfb 31x4MB) SWAP 1070/3416MB (cached 0MB) CPU [11%@1420,6%@1420,100%@1420,6%@1420,4%@1420,3%@1420] EMC_FREQ 0% GR3D_FREQ 0% AUX@44.5C CPU@45.5C thermal@44.95C AO@44.5C GPU@44.5C PMIC@50C
09-27-2026 19:46:44 RAM 4708/6833MB (lfb 20x4MB) SWAP 1070/3416MB (cached 0MB) CPU [16%@1420,8%@1420,100%@1420,8%@1420,10%@1420,10%@1420] EMC_FREQ 0% GR3D_FREQ 0% AUX@44.5C CPU@46C thermal@45.3C AO@44.5C GPU@45C PMIC@50C
09-27-2026 19:46:45 RAM 4780/6833MB (lfb 20x4MB) SWAP 1070/3416MB (cached 0MB) CPU [81%@1420,80%@1420,99%@1420,75%@1420,82%@1420,82%@1420] EMC_FREQ 0% GR3D_FREQ 0% AUX@45C CPU@46.5C thermal@45.3C AO@44.5C GPU@45C PMIC@50C
09-27-2026 19:46:46 RAM 4824/6833MB (lfb 20x4MB) SWAP 1070/3416MB (cached 0MB) CPU [53%@1420,90%@1420,100%@1420,46%@1420,52%@1420,55%@1420] EMC_FREQ 0% GR3D_FREQ 0% AUX@45C CPU@46.5C thermal@45.6C AO@45C GPU@45C PMIC@50C
09-27-2026 19:46:47 RAM 4827/6833MB (lfb 20x4MB) SWAP 1070/3416MB (cached 0MB) CPU [20%@1420,96%@1420,100%@1420,11%@1420,18%@1420,29%@1420] EMC_FREQ 0% GR3D_FREQ 0% AUX@45C CPU@47C thermal@45.45C AO@45C GPU@45C PMIC@50C
09-27-2026 19:46:48 RAM 4700/6833MB (lfb 20x4MB) SWAP 1070/3416MB (cached 0MB) CPU [7%@1420,6%@1420,100%@1420,4%@1420,11%@1420,16%@1420] EMC_FREQ 0% GR3D_FREQ 0% AUX@45C CPU@46C thermal@45.45C AO@45C GPU@45C PMIC@50C
09-27-2026 19:46:49 RAM 4700/6833MB (lfb 31x4MB) SWAP 1070/3416MB (cached 0MB) CPU [9%@1420,17%@1420,100%@1420,6%@1420,10%@1420,8%@1420] EMC_FREQ 0% GR3D_FREQ 0% AUX@45C CPU@46.5C thermal@45.3C AO@45.5C GPU@45.5C PMIC@50C
09-27-2026 19:46:50 RAM 4700/6833MB (lfb 31x4MB) SWAP 1070/3416MB (cached 0MB) CPU [7%@1420,3%@1420,100%@1420,4%@1420,9%@1420,7%@1420] EMC_FREQ 0% GR3D_FREQ 0% AUX@45C CPU@46.5C thermal@45.45C AO@45.5C GPU@45.5C PMIC@50C
09-27-2026 19:46:51 RAM 4700/6833MB (lfb 31x4MB) SWAP 1070/3416MB (cached 0MB) CPU [7%@1420,14%@1420,100%@1420,6%@1420,5%@1420,5%@1420] EMC_FREQ 0% GR3D_FREQ 0% AUX@45C CPU@46.5C thermal@45.8C AO@45.5C GPU@45.5C PMIC@50C
09-27-2026 19:46:52 RAM 4700/6833MB (lfb 31x4MB) SWAP 1070/3416MB (cached 0MB) CPU [51%@1420,11%@1420,54%@1420,15%@1420,8%@1420,8%@1420] EMC_FREQ 0% GR3D_FREQ 0% AUX@45.5C CPU@46.5C thermal@45.45C AO@45.5C GPU@45.5C PMIC@50C
09-27-2026 19:46:53 RAM 4700/6833MB (lfb 31x4MB) SWAP 1070/3416MB (cached 0MB) CPU [100%@1420,10%@1420,2%@1420,1%@1420,6%@1420,6%@1420] EMC_FREQ 0% GR3D_FREQ 0% AUX@45.5C CPU@46.5C thermal@45.8C AO@45.5C GPU@45.5C PMIC@50C
09-27-2026 19:46:54 RAM 4700/6833MB (lfb 22x4MB) SWAP 1070/3416MB (cached 0MB) CPU [100%@1420,14%@1420,4%@1420,8%@1420,10%@1420,13%@1420] EMC_FREQ 0% GR3D_FREQ 99% AUX@45C CPU@46.5C thermal@45.95C AO@45.5C GPU@46C PMIC@50C
09-27-2026 19:46:55 RAM 4702/6833MB (lfb 22x4MB) SWAP 1070/3416MB (cached 0MB) CPU [36%@1420,20%@1420,85%@1420,12%@1420,19%@1420,27%@1420] EMC_FREQ 0% GR3D_FREQ 0% AUX@45.5C CPU@47.5C thermal@45.95C AO@46C GPU@45.5C PMIC@50C
09-27-2026 19:46:56 RAM 4821/6833MB (lfb 22x4MB) SWAP 1070/3416MB (cached 0MB) CPU [57%@1420,72%@1420,100%@1420,43%@1420,42%@1420,41%@1420] EMC_FREQ 0% GR3D_FREQ 0% AUX@45.5C CPU@47C thermal@45.95C AO@45.5C GPU@46C PMIC@50C
09-27-2026 19:46:57 RAM 4824/6833MB (lfb 22x4MB) SWAP 1070/3416MB (cached 0MB) CPU [17%@1420,23%@1420,100%@1420,6%@1420,91%@1420,14%@1420] EMC_FREQ 0% GR3D_FREQ 0% AUX@45.5C CPU@47.5C thermal@46.45C AO@45.5C GPU@46C PMIC@50C
09-27-2026 19:46:58 RAM 4698/6833MB (lfb 22x4MB) SWAP 1070/3416MB (cached 0MB) CPU [19%@1420,9%@1420,100%@1420,11%@1420,14%@1420,24%@1420] EMC_FREQ 0% GR3D_FREQ 0% AUX@45.5C CPU@47C thermal@46.45C AO@46C GPU@45.5C PMIC@50C
09-27-2026 19:46:59 RAM 4698/6833MB (lfb 22x4MB) SWAP 1070/3416MB (cached 0MB) CPU [8%@1420,6%@1420,100%@1420,3%@1420,5%@1420,8%@1420] EMC_FREQ 0% GR3D_FREQ 0% AUX@46C CPU@47C thermal@46.1C AO@46C GPU@45.5C PMIC@50C
09-27-2026 19:47:00 RAM 4699/6833MB (lfb 31x4MB) SWAP 1070/3416MB (cached 0MB) CPU [91%@1420,12%@1420,14%@1420,17%@1420,8%@1420,11%@1420] EMC_FREQ 0% GR3D_FREQ 0% AUX@45.5C CPU@47C thermal@46.4C AO@46C GPU@46C PMIC@50C
09-27-2026 19:47:01 RAM 4699/6833MB (lfb 31x4MB) SWAP 1070/3416MB (cached 0MB) CPU [63%@1420,8%@1420,7%@1420,3%@1420,45%@1420,5%@1420] EMC_FREQ 0% GR3D_FREQ 0% AUX@45.5C CPU@47C thermal@45.95C AO@45.5C GPU@46C PMIC@50C
09-27-2026 19:47:02 RAM 4699/6833MB (lfb 31x4MB) SWAP 1070/3416MB (cached 0MB) CPU [10%@1420,20%@1420,100%@1420,5%@1420,17%@1420,6%@1420] EMC_FREQ 0% GR3D_FREQ 0% AUX@45.5C CPU@47C thermal@46.1C AO@45.5C GPU@46C PMIC@50C
09-27-2026 19:47:03 RAM 4699/6833MB (lfb 31x4MB) SWAP 1070/3416MB (cached 0MB) CPU [8%@1420,8%@1420,100%@1420,4%@1420,4%@1420,5%@1420] EMC_FREQ 0% GR3D_FREQ 0% AUX@45.5C CPU@47C thermal@45.95C AO@45.5C GPU@45.5C PMIC@50C
09-27-2026 19:47:04 RAM 4699/6833MB (lfb 31x4MB) SWAP 1070/3416MB (cached 0MB) CPU [7%@1420,5%@1420,100%@1420,4%@1420,10%@1420,3%@1420] EMC_FREQ 0% GR3D_FREQ 0% AUX@45.5C CPU@46.5C thermal@45.8C AO@45.5C GPU@45.5C PMIC@50C
09-27-2026 19:47:05 RAM 4700/6833MB (lfb 22x4MB) SWAP 1070/3416MB (cached 0MB) CPU [11%@1420,7%@1420,100%@1420,8%@1420,17%@1420,9%@1420] EMC_FREQ 0% GR3D_FREQ 0% AUX@45.5C CPU@46.5C thermal@45.8C AO@45.5C GPU@46C PMIC@50C
09-27-2026 19:47:06 RAM 4819/6833MB (lfb 22x4MB) SWAP 1070/3416MB (cached 0MB) CPU [49%@1420,32%@1420,100%@1420,26%@1420,47%@1420,41%@1420] EMC_FREQ 0% GR3D_FREQ 0% AUX@45.5C CPU@47.5C thermal@45.95C AO@45.5C GPU@46C PMIC@50C
09-27-2026 19:47:07 RAM 4819/6833MB (lfb 22x4MB) SWAP 1070/3416MB (cached 0MB) CPU [15%@1420,20%@1420,100%@1420,5%@1420,18%@1420,100%@1420] EMC_FREQ 0% GR3D_FREQ 0% AUX@45.5C CPU@47C thermal@45.95C AO@45.5C GPU@45.5C PMIC@50C
09-27-2026 19:47:08 RAM 4697/6833MB (lfb 22x4MB) SWAP 1070/3416MB (cached 0MB) CPU [15%@1420,35%@1420,100%@1420,15%@1420,9%@1420,21%@1420] EMC_FREQ 0% GR3D_FREQ 0% AUX@45.5C CPU@46.5C thermal@45.95C AO@45.5C GPU@45.5C PMIC@50C
09-27-2026 19:47:09 RAM 4697/6833MB (lfb 22x4MB) SWAP 1070/3416MB (cached 0MB) CPU [10%@1420,5%@1420,100%@1420,5%@1420,5%@1420,4%@1420] EMC_FREQ 0% GR3D_FREQ 0% AUX@45.5C CPU@46.5C thermal@45.6C AO@45.5C GPU@45.5C PMIC@50C
09-27-2026 19:47:10 RAM 4698/6833MB (lfb 31x4MB) SWAP 1070/3416MB (cached 0MB) CPU [18%@1420,10%@1420,100%@1420,4%@1420,10%@1420,8%@1420] EMC_FREQ 0% GR3D_FREQ 99% AUX@45.5C CPU@46.5C thermal@45.8C AO@45.5C GPU@45.5C PMIC@50C
09-27-2026 19:47:11 RAM 4697/6833MB (lfb 31x4MB) SWAP 1070/3416MB (cached 0MB) CPU [5%@1420,8%@1420,100%@1420,3%@1420,11%@1420,5%@1420] EMC_FREQ 0% GR3D_FREQ 0% AUX@45.5C CPU@46.5C thermal@45.8C AO@45.5C GPU@45.5C PMIC@50C
09-27-2026 19:47:12 RAM 4697/6833MB (lfb 31x4MB) SWAP 1070/3416MB (cached 0MB) CPU [18%@1420,6%@1420,100%@1420,3%@1420,7%@1420,8%@1420] EMC_FREQ 0% GR3D_FREQ 0% AUX@45C CPU@46.5C thermal@45.6C AO@45.5C GPU@45.5C PMIC@50C
09-27-2026 19:47:13 RAM 4697/6833MB (lfb 31x4MB) SWAP 1070/3416MB (cached 0MB) CPU [4%@1420,5%@1420,100%@1420,2%@1420,8%@1420,10%@1420] EMC_FREQ 0% GR3D_FREQ 0% AUX@45C CPU@46.5C thermal@45.45C AO@45C GPU@45.5C PMIC@50C
09-27-2026 19:47:14 RAM 4697/6833MB (lfb 31x4MB) SWAP 1070/3416MB (cached 0MB) CPU [7%@1420,7%@1420,100%@1420,2%@1420,9%@1420,6%@1420] EMC_FREQ 0% GR3D_FREQ 0% AUX@45C CPU@46.5C thermal@45.3C AO@45C GPU@45C PMIC@50C
09-27-2026 19:47:15 RAM 4735/6833MB (lfb 31x4MB) SWAP 1070/3416MB (cached 0MB) CPU [4%@1420,8%@1420,100%@1420,4%@1420,4%@1420,8%@1420] EMC_FREQ 0% GR3D_FREQ 0% AUX@45C CPU@46.5C thermal@45.3C AO@45C GPU@45C PMIC@50C
09-27-2026 19:47:16 RAM 4818/6833MB (lfb 22x4MB) SWAP 1070/3416MB (cached 0MB) CPU [40%@1420,41%@1420,100%@1420,30%@1420,67%@1420,35%@1420] EMC_FREQ 0% GR3D_FREQ 0% AUX@45C CPU@46.5C thermal@45.45C AO@45C GPU@45.5C PMIC@50C
09-27-2026 19:47:17 RAM 4817/6833MB (lfb 22x4MB) SWAP 1070/3416MB (cached 0MB) CPU [10%@1420,10%@1420,100%@1420,7%@1420,100%@1420,8%@1420] EMC_FREQ 0% GR3D_FREQ 0% AUX@45C CPU@46.5C thermal@45.45C AO@45C GPU@45C PMIC@50C
09-27-2026 19:47:18 RAM 4696/6833MB (lfb 22x4MB) SWAP 1070/3416MB (cached 0MB) CPU [10%@1420,19%@1420,100%@1420,6%@1420,30%@1420,10%@1420] EMC_FREQ 0% GR3D_FREQ 0% AUX@45C CPU@46C thermal@45.45C AO@45C GPU@45.5C PMIC@50C
09-27-2026 19:47:19 RAM 4696/6833MB (lfb 22x4MB) SWAP 1070/3416MB (cached 0MB) CPU [7%@1420,6%@1420,100%@1420,4%@1420,5%@1420,8%@1420] EMC_FREQ 0% GR3D_FREQ 0% AUX@45C CPU@46C thermal@45.3C AO@45C GPU@45C PMIC@50C
09-27-2026 19:47:20 RAM 4696/6833MB (lfb 22x4MB) SWAP 1070/3416MB (cached 0MB) CPU [5%@1420,6%@1420,100%@1420,6%@1420,5%@1420,9%@1420] EMC_FREQ 0% GR3D_FREQ 0% AUX@45C CPU@46C thermal@45.3C AO@45C GPU@45C PMIC@50C
09-27-2026 19:47:21 RAM 4695/6833MB (lfb 31x4MB) SWAP 1070/3416MB (cached 0MB) CPU [9%@1420,15%@1420,100%@1420,4%@1420,10%@1420,11%@1420] EMC_FREQ 0% GR3D_FREQ 0% AUX@45C CPU@46C thermal@45.6C AO@45C GPU@45C PMIC@50C
09-27-2026 19:47:22 RAM 4695/6833MB (lfb 31x4MB) SWAP 1070/3416MB (cached 0MB) CPU [7%@1420,14%@1420,100%@1420,4%@1420,5%@1420,10%@1420] EMC_FREQ 0% GR3D_FREQ 0% AUX@45C CPU@46C thermal@45.3C AO@45C GPU@45C PMIC@50C
09-27-2026 19:47:23 RAM 4695/6833MB (lfb 31x4MB) SWAP 1070/3416MB (cached 0MB) CPU [5%@1420,9%@1420,100%@1420,3%@1420,9%@1420,3%@1420] EMC_FREQ 0% GR3D_FREQ 0% AUX@45C CPU@46C thermal@45.1C AO@44.5C GPU@45C PMIC@50C
09-27-2026 19:47:24 RAM 4695/6833MB (lfb 31x4MB) SWAP 1070/3416MB (cached 0MB) CPU [6%@1420,6%@1420,100%@1420,2%@1420,12%@1420,4%@1420] EMC_FREQ 0% GR3D_FREQ 0% AUX@45C CPU@46C thermal@45.3C AO@44.5C GPU@45C PMIC@50C
09-27-2026 19:47:25 RAM 4695/6833MB (lfb 31x4MB) SWAP 1070/3416MB (cached 0MB) CPU [6%@1420,5%@1420,100%@1420,2%@1420,4%@1420,11%@1420] EMC_FREQ 0% GR3D_FREQ 0% AUX@45C CPU@45.5C thermal@45C AO@45C GPU@45C PMIC@50C
09-27-2026 19:47:26 RAM 4758/6833MB (lfb 21x4MB) SWAP 1070/3416MB (cached 0MB) CPU [73%@1420,73%@1420,100%@1420,65%@1420,74%@1420,79%@1420] EMC_FREQ 0% GR3D_FREQ 0% AUX@45C CPU@46.5C thermal@45C AO@44.5C GPU@45.5C PMIC@50C
09-27-2026 19:47:27 RAM 4819/6833MB (lfb 21x4MB) SWAP 1070/3416MB (cached 0MB) CPU [65%@1420,100%@1420,100%@1420,60%@1420,68%@1420,67%@1420] EMC_FREQ 0% GR3D_FREQ 0% AUX@45C CPU@46C thermal@45.45C AO@44.5C GPU@45C PMIC@50C
09-27-2026 19:47:28 RAM 4818/6833MB (lfb 21x4MB) SWAP 1070/3416MB (cached 0MB) CPU [18%@1420,100%@1420,100%@1420,8%@1420,17%@1420,13%@1420] EMC_FREQ 0% GR3D_FREQ 0% AUX@45C CPU@46C thermal@45.3C AO@45C GPU@44.5C PMIC@50C
09-27-2026 19:47:29 RAM 4694/6833MB (lfb 21x4MB) SWAP 1070/3416MB (cached 0MB) CPU [14%@1420,22%@1420,100%@1420,15%@1420,26%@1420,16%@1420] EMC_FREQ 0% GR3D_FREQ 0% AUX@44.5C CPU@46C thermal@45.15C AO@44.5C GPU@45C PMIC@50C
09-27-2026 19:47:30 RAM 4694/6833MB (lfb 21x4MB) SWAP 1070/3416MB (cached 0MB) CPU [7%@1420,7%@1420,100%@1420,4%@1420,4%@1420,5%@1420] EMC_FREQ 0% GR3D_FREQ 0% AUX@44.5C CPU@46C thermal@44.95C AO@44.5C GPU@44.5C PMIC@50C
09-27-2026 19:47:31 RAM 4694/6833MB (lfb 31x4MB) SWAP 1070/3416MB (cached 0MB) CPU [13%@1420,7%@1420,100%@1420,8%@1420,6%@1420,17%@1420] EMC_FREQ 0% GR3D_FREQ 0% AUX@45C CPU@46C thermal@44.8C AO@45C GPU@46C PMIC@50C
09-27-2026 19:47:32 RAM 4693/6833MB (lfb 31x4MB) SWAP 1070/3416MB (cached 0MB) CPU [11%@1420,6%@1420,100%@1420,3%@1420,8%@1420,7%@1420] EMC_FREQ 0% GR3D_FREQ 0% AUX@44.5C CPU@45.5C thermal@44.95C AO@45C GPU@44.5C PMIC@50C
09-27-2026 19:47:33 RAM 4693/6833MB (lfb 31x4MB) SWAP 1070/3416MB (cached 0MB) CPU [14%@1420,7%@1420,100%@1420,3%@1420,4%@1420,7%@1420] EMC_FREQ 0% GR3D_FREQ 0% AUX@44.5C CPU@45.5C thermal@44.8C AO@44.5C GPU@44.5C PMIC@50C
09-27-2026 19:47:34 RAM 4693/6833MB (lfb 31x4MB) SWAP 1070/3416MB (cached 0MB) CPU [8%@1420,5%@1420,100%@1420,3%@1420,6%@1420,9%@1420] EMC_FREQ 0% GR3D_FREQ 0% AUX@44.5C CPU@45.5C thermal@44.8C AO@44.5C GPU@44.5C PMIC@50C
09-27-2026 19:47:35 RAM 4693/6833MB (lfb 31x4MB) SWAP 1070/3416MB (cached 0MB) CPU [4%@1420,5%@1420,100%@1420,3%@1420,9%@1420,7%@1420] EMC_FREQ 0% GR3D_FREQ 0% AUX@44.5C CPU@45.5C thermal@44.8C AO@44.5C GPU@44.5C PMIC@50C
09-27-2026 19:47:36 RAM 4694/6833MB (lfb 22x4MB) SWAP 1070/3416MB (cached 0MB) CPU [9%@1420,14%@1420,100%@1420,2%@1420,7%@1420,17%@1420] EMC_FREQ 0% GR3D_FREQ 0% AUX@44.5C CPU@45.5C thermal@44.8C AO@44C GPU@44.5C PMIC@50C
09-27-2026 19:47:37 RAM 4827/6833MB (lfb 22x4MB) SWAP 1070/3416MB (cached 0MB) CPU [55%@1420,56%@1420,100%@1420,28%@1420,39%@1420,36%@1420] EMC_FREQ 0% GR3D_FREQ 0% AUX@44.5C CPU@46C thermal@44.95C AO@44.5C GPU@44.5C PMIC@50C
09-27-2026 19:47:39 RAM 4709/6833MB (lfb 22x4MB) SWAP 1070/3416MB (cached 0MB) CPU [39%@1420,42%@1420,100%@1420,19%@1420,26%@1420,51%@1420] EMC_FREQ 0% GR3D_FREQ 0% AUX@44.5C CPU@46C thermal@45.1C AO@44.5C GPU@45C PMIC@50C
09-27-2026 19:47:40 RAM 4709/6833MB (lfb 22x4MB) SWAP 1070/3416MB (cached 0MB) CPU [5%@1420,5%@1420,100%@1420,1%@1420,6%@1420,10%@1420] EMC_FREQ 0% GR3D_FREQ 0% AUX@44.5C CPU@45.5C thermal@45.1C AO@44.5C GPU@44.5C PMIC@50C
09-27-2026 19:47:41 RAM 4708/6833MB (lfb 22x4MB) SWAP 1070/3416MB (cached 0MB) CPU [5%@1420,6%@1420,100%@1420,2%@1420,10%@1420,4%@1420] EMC_FREQ 0% GR3D_FREQ 0% AUX@44.5C CPU@45.5C thermal@45C AO@44.5C GPU@44.5C PMIC@50C
09-27-2026 19:47:42 RAM 4708/6833MB (lfb 22x4MB) SWAP 1070/3416MB (cached 0MB) CPU [5%@1420,5%@1420,100%@1420,2%@1420,11%@1420,4%@1420] EMC_FREQ 0% GR3D_FREQ 0% AUX@45C CPU@45.5C thermal@44.8C AO@44.5C GPU@44.5C PMIC@50C
09-27-2026 19:47:43 RAM 4708/6833MB (lfb 28x4MB) SWAP 1070/3416MB (cached 0MB) CPU [22%@1420,9%@1420,100%@1420,1%@1420,20%@1420,12%@1420] EMC_FREQ 0% GR3D_FREQ 0% AUX@45C CPU@46C thermal@45.25C AO@45C GPU@45C PMIC@50C
09-27-2026 19:47:44 RAM 4708/6833MB (lfb 28x4MB) SWAP 1070/3416MB (cached 0MB) CPU [78%@1420,7%@1420,24%@1420,15%@1420,9%@1420,7%@1420] EMC_FREQ 0% GR3D_FREQ 0% AUX@45C CPU@46C thermal@45.3C AO@45C GPU@45C PMIC@50C
09-27-2026 19:47:45 RAM 4708/6833MB (lfb 28x4MB) SWAP 1070/3416MB (cached 0MB) CPU [100%@1420,6%@1420,4%@1420,3%@1420,9%@1420,8%@1420] EMC_FREQ 0% GR3D_FREQ 0% AUX@45C CPU@46C thermal@45.3C AO@45C GPU@45C PMIC@50C
09-27-2026 19:47:46 RAM 4708/6833MB (lfb 28x4MB) SWAP 1070/3416MB (cached 0MB) CPU [100%@1420,5%@1420,4%@1420,4%@1420,9%@1420,15%@1420] EMC_FREQ 0% GR3D_FREQ 0% AUX@45C CPU@46.5C thermal@45.3C AO@45C GPU@45C PMIC@50C
09-27-2026 19:47:47 RAM 4737/6833MB (lfb 28x4MB) SWAP 1070/3416MB (cached 0MB) CPU [73%@1420,27%@1420,25%@1420,62%@1420,38%@1420,27%@1420] EMC_FREQ 0% GR3D_FREQ 0% AUX@45C CPU@46.5C thermal@45.45C AO@45C GPU@45C PMIC@50C
09-27-2026 19:47:48 RAM 4818/6833MB (lfb 23x4MB) SWAP 1070/3416MB (cached 0MB) CPU [39%@1420,31%@1420,25%@1420,98%@1420,35%@1420,99%@1420] EMC_FREQ 0% GR3D_FREQ 0% AUX@45.5C CPU@47C thermal@45.95C AO@45C GPU@45.5C PMIC@50C
09-27-2026 19:47:49 RAM 4696/6833MB (lfb 23x4MB) SWAP 1070/3416MB (cached 0MB) CPU [25%@1420,23%@1420,21%@1420,62%@1420,11%@1420,100%@1420] EMC_FREQ 0% GR3D_FREQ 0% AUX@45.5C CPU@47C thermal@45.95C AO@45.5C GPU@45.5C PMIC@50C
09-27-2026 19:47:50 RAM 4696/6833MB (lfb 23x4MB) SWAP 1070/3416MB (cached 0MB) CPU [13%@1420,7%@1420,3%@1420,4%@1420,3%@1420,100%@1420] EMC_FREQ 0% GR3D_FREQ 0% AUX@45.5C CPU@47C thermal@45.95C AO@45.5C GPU@45.5C PMIC@50C
09-27-2026 19:47:51 RAM 4696/6833MB (lfb 23x4MB) SWAP 1070/3416MB (cached 0MB) CPU [8%@1420,6%@1420,4%@1420,5%@1420,3%@1420,100%@1420] EMC_FREQ 0% GR3D_FREQ 0% AUX@45.5C CPU@47C thermal@45.95C AO@45.5C GPU@45.5C PMIC@50C
09-27-2026 19:47:52 RAM 4696/6833MB (lfb 23x4MB) SWAP 1070/3416MB (cached 0MB) CPU [5%@1420,7%@1420,6%@1420,7%@1420,2%@1420,100%@1420] EMC_FREQ 0% GR3D_FREQ 0% AUX@45.5C CPU@47C thermal@45.95C AO@45.5C GPU@46C PMIC@50C
09-27-2026 19:47:53 RAM 4696/6833MB (lfb 28x4MB) SWAP 1070/3416MB (cached 0MB) CPU [27%@1420,9%@1420,9%@1420,7%@1420,12%@1420,100%@1420] EMC_FREQ 0% GR3D_FREQ 0% AUX@45.5C CPU@47C thermal@45.95C AO@46C GPU@46.5C PMIC@50C
09-27-2026 19:47:54 RAM 4696/6833MB (lfb 28x4MB) SWAP 1070/3416MB (cached 0MB) CPU [3%@1420,8%@1420,10%@1420,5%@1420,14%@1420,100%@1420] EMC_FREQ 0% GR3D_FREQ 0% AUX@45.5C CPU@47C thermal@45.95C AO@45.5C GPU@45.5C PMIC@50C
09-27-2026 19:47:55 RAM 4696/6833MB (lfb 28x4MB) SWAP 1070/3416MB (cached 0MB) CPU [6%@1420,5%@1420,6%@1420,6%@1420,4%@1420,100%@1420] EMC_FREQ 0% GR3D_FREQ 0% AUX@45.5C CPU@47C thermal@45.8C AO@45.5C GPU@45.5C PMIC@50C
09-27-2026 19:47:56 RAM 4696/6833MB (lfb 28x4MB) SWAP 1070/3416MB (cached 0MB) CPU [6%@1420,6%@1420,7%@1420,6%@1420,2%@1420,100%@1420] EMC_FREQ 0% GR3D_FREQ 0% AUX@45.5C CPU@47C thermal@45.95C AO@45.5C GPU@45.5C PMIC@50C
09-27-2026 19:47:57 RAM 4803/6833MB (lfb 28x4MB) SWAP 1070/3416MB (cached 0MB) CPU [26%@1420,33%@1420,27%@1420,29%@1420,24%@1420,100%@1420] EMC_FREQ 0% GR3D_FREQ 0% AUX@45.5C CPU@47C thermal@45.95C AO@45.5C GPU@45.5C PMIC@50C
09-27-2026 19:47:58 RAM 5062/6833MB (lfb 10x1MB) SWAP 1070/3416MB (cached 0MB) CPU [52%@1420,61%@1420,25%@1420,32%@1420,21%@1420,100%@1420] EMC_FREQ 0% GR3D_FREQ 0% AUX@45.5C CPU@47C thermal@45.95C AO@45.5C GPU@45.5C PMIC@50C
09-27-2026 19:47:59 RAM 4706/6833MB (lfb 21x4MB) SWAP 1070/3416MB (cached 0MB) CPU [30%@1420,39%@1420,20%@1420,33%@1420,20%@1420,100%@1420] EMC_FREQ 0% GR3D_FREQ 0% AUX@45.5C CPU@47C thermal@45.95C AO@45.5C GPU@45.5C PMIC@50C
09-27-2026 19:48:00 RAM 4706/6833MB (lfb 21x4MB) SWAP 1070/3416MB (cached 0MB) CPU [6%@1420,6%@1420,7%@1420,6%@1420,3%@1420,100%@1420] EMC_FREQ 0% GR3D_FREQ 0% AUX@45.5C CPU@47C thermal@45.95C AO@45C GPU@45.5C PMIC@50C
09-27-2026 19:48:01 RAM 4706/6833MB (lfb 21x4MB) SWAP 1070/3416MB (cached 0MB) CPU [5%@1420,7%@1420,3%@1420,9%@1420,3%@1420,100%@1420] EMC_FREQ 0% GR3D_FREQ 0% AUX@45.5C CPU@47C thermal@45.95C AO@45C GPU@45.5C PMIC@50C
09-27-2026 19:48:02 RAM 4706/6833MB (lfb 21x4MB) SWAP 1070/3416MB (cached 0MB) CPU [7%@1420,4%@1420,6%@1420,9%@1420,3%@1420,100%@1420] EMC_FREQ 0% GR3D_FREQ 0% AUX@45.5C CPU@46.5C thermal@45.8C AO@45C GPU@45.5C PMIC@50C
09-27-2026 19:48:03 RAM 4706/6833MB (lfb 21x4MB) SWAP 1070/3416MB (cached 0MB) CPU [7%@1420,4%@1420,6%@1420,9%@1420,3%@1420,100%@1420] EMC_FREQ 0% GR3D_FREQ 0% AUX@45C CPU@46.5C thermal@45.8C AO@45C GPU@45.5C PMIC@50C
09-27-2026 19:48:04 RAM 4706/6833MB (lfb 28x4MB) SWAP 1070/3416MB (cached 0MB) CPU [23%@1420,9%@1420,11%@1420,18%@1420,11%@1420,100%@1420] EMC_FREQ 0% GR3D_FREQ 0% AUX@45.5C CPU@46.5C thermal@45.45C AO@45C GPU@45.5C PMIC@50C
09-27-2026 19:48:05 RAM 4707/6833MB (lfb 28x4MB) SWAP 1070/3416MB (cached 0MB) CPU [6%@1420,5%@1420,4%@1420,6%@1420,8%@1420,100%@1420] EMC_FREQ 0% GR3D_FREQ 0% AUX@45C CPU@46.5C thermal@45.6C AO@45C GPU@45C PMIC@50C
09-27-2026 19:48:06 RAM 4707/6833MB (lfb 28x4MB) SWAP 1070/3416MB (cached 0MB) CPU [5%@1420,5%@1420,4%@1420,5%@1420,7%@1420,100%@1420] EMC_FREQ 0% GR3D_FREQ 0% AUX@45C CPU@46.5C thermal@45.45C AO@45C GPU@45C PMIC@50C
09-27-2026 19:48:07 RAM 4823/6833MB (lfb 28x4MB) SWAP 1070/3416MB (cached 0MB) CPU [29%@1420,30%@1420,26%@1420,73%@1420,32%@1420,100%@1420] EMC_FREQ 0% GR3D_FREQ 0% AUX@45C CPU@47C thermal@45.6C AO@45C GPU@45C PMIC@50C
09-27-2026 19:48:08 RAM 4823/6833MB (lfb 28x4MB) SWAP 1070/3416MB (cached 0MB) CPU [23%@1420,7%@1420,5%@1420,90%@1420,6%@1420,100%@1420] EMC_FREQ 0% GR3D_FREQ 0% AUX@45C CPU@46.5C thermal@45.45C AO@45C GPU@45C PMIC@50C
09-27-2026 19:48:09 RAM 4699/6833MB (lfb 21x4MB) SWAP 1070/3416MB (cached 0MB) CPU [36%@1420,26%@1420,13%@1420,16%@1420,12%@1420,100%@1420] EMC_FREQ 0% GR3D_FREQ 56% AUX@45C CPU@46.5C thermal@45.45C AO@45C GPU@47C PMIC@50C
09-27-2026 19:48:10 RAM 4700/6833MB (lfb 21x4MB) SWAP 1070/3416MB (cached 0MB) CPU [4%@1420,6%@1420,6%@1420,10%@1420,3%@1420,100%@1420] EMC_FREQ 0% GR3D_FREQ 0% AUX@45C CPU@46.5C thermal@45.45C AO@44.5C GPU@45C PMIC@50C
09-27-2026 19:48:11 RAM 4699/6833MB (lfb 21x4MB) SWAP 1070/3416MB (cached 0MB) CPU [5%@1420,6%@1420,4%@1420,9%@1420,2%@1420,100%@1420] EMC_FREQ 0% GR3D_FREQ 0% AUX@45C CPU@46.5C thermal@45.45C AO@45C GPU@45C PMIC@50C
09-27-2026 19:48:12 RAM 4699/6833MB (lfb 21x4MB) SWAP 1070/3416MB (cached 0MB) CPU [6%@1420,6%@1420,5%@1420,9%@1420,3%@1420,100%@1420] EMC_FREQ 0% GR3D_FREQ 0% AUX@45C CPU@46C thermal@45.45C AO@44.5C GPU@45C PMIC@50C
09-27-2026 19:48:13 RAM 4699/6833MB (lfb 21x4MB) SWAP 1070/3416MB (cached 0MB) CPU [11%@1420,6%@1420,9%@1420,5%@1420,2%@1420,100%@1420] EMC_FREQ 0% GR3D_FREQ 0% AUX@45C CPU@46C thermal@45.3C AO@44.5C GPU@44.5C PMIC@50C
09-27-2026 19:48:14 RAM 4699/6833MB (lfb 28x4MB) SWAP 1070/3416MB (cached 0MB) CPU [21%@1420,21%@1420,11%@1420,7%@1420,5%@1420,100%@1420] EMC_FREQ 0% GR3D_FREQ 0% AUX@45C CPU@46C thermal@45.3C AO@44.5C GPU@44.5C PMIC@50C
09-27-2026 19:48:15 RAM 4699/6833MB (lfb 28x4MB) SWAP 1070/3416MB (cached 0MB) CPU [7%@1420,17%@1420,9%@1420,9%@1420,4%@1420,100%@1420] EMC_FREQ 0% GR3D_FREQ 0% AUX@45C CPU@46C thermal@45.6C AO@44.5C GPU@45C PMIC@50C
09-27-2026 19:48:16 RAM 4699/6833MB (lfb 28x4MB) SWAP 1070/3416MB (cached 0MB) CPU [11%@1420,9%@1420,4%@1420,4%@1420,2%@1420,100%@1420] EMC_FREQ 0% GR3D_FREQ 0% AUX@45C CPU@46C thermal@45.15C AO@44.5C GPU@44.5C PMIC@50C
09-27-2026 19:48:17 RAM 4821/6833MB (lfb 28x4MB) SWAP 1070/3416MB (cached 0MB) CPU [64%@1420,32%@1420,45%@1420,29%@1420,29%@1420,100%@1420] EMC_FREQ 0% GR3D_FREQ 0% AUX@45C CPU@46C thermal@45.3C AO@44.5C GPU@45C PMIC@50C
09-27-2026 19:48:18 RAM 4821/6833MB (lfb 28x4MB) SWAP 1070/3416MB (cached 0MB) CPU [100%@1420,7%@1420,9%@1420,11%@1420,1%@1420,100%@1420] EMC_FREQ 0% GR3D_FREQ 0% AUX@45C CPU@46.5C thermal@45.3C AO@44.5C GPU@44.5C PMIC@50C
09-27-2026 19:48:19 RAM 4700/6833MB (lfb 28x4MB) SWAP 1070/3416MB (cached 0MB) CPU [21%@1420,13%@1420,28%@1420,20%@1420,9%@1420,100%@1420] EMC_FREQ 0% GR3D_FREQ 0% AUX@45C CPU@46C thermal@45.15C AO@44.5C GPU@45C PMIC@50C
09-27-2026 19:48:20 RAM 4699/6833MB (lfb 21x4MB) SWAP 1070/3416MB (cached 0MB) CPU [9%@1420,37%@1420,14%@1420,5%@1420,8%@1420,100%@1420] EMC_FREQ 0% GR3D_FREQ 0% AUX@45C CPU@46C thermal@45.1C AO@44.5C GPU@45C PMIC@50C
09-27-2026 19:48:21 RAM 4699/6833MB (lfb 21x4MB) SWAP 1070/3416MB (cached 0MB) CPU [8%@1420,5%@1420,6%@1420,7%@1420,4%@1420,100%@1420] EMC_FREQ 0% GR3D_FREQ 0% AUX@45C CPU@46C thermal@45.1C AO@44.5C GPU@44.5C PMIC@50C
09-27-2026 19:48:22 RAM 4699/6833MB (lfb 21x4MB) SWAP 1070/3416MB (cached 0MB) CPU [8%@1420,6%@1420,3%@1420,9%@1420,2%@1420,100%@1420] EMC_FREQ 0% GR3D_FREQ 0% AUX@45C CPU@46C thermal@44.95C AO@44.5C GPU@44.5C PMIC@50C
09-27-2026 19:48:23 RAM 4699/6833MB (lfb 21x4MB) SWAP 1070/3416MB (cached 0MB) CPU [10%@1420,10%@1420,2%@1420,7%@1420,0%@1420,100%@1420] EMC_FREQ 0% GR3D_FREQ 0% AUX@44.5C CPU@46C thermal@45.15C AO@44C GPU@44.5C PMIC@50C
09-27-2026 19:48:24 RAM 4699/6833MB (lfb 21x4MB) SWAP 1070/3416MB (cached 0MB) CPU [13%@1420,5%@1420,6%@1420,4%@1420,0%@1420,100%@1420] EMC_FREQ 0% GR3D_FREQ 0% AUX@44.5C CPU@45.5C thermal@44.8C AO@44.5C GPU@44.5C PMIC@50C
09-27-2026 19:48:25 RAM 4699/6833MB (lfb 28x4MB) SWAP 1070/3416MB (cached 0MB) CPU [18%@1420,10%@1420,16%@1420,15%@1420,2%@1420,100%@1420] EMC_FREQ 0% GR3D_FREQ 0% AUX@44.5C CPU@46C thermal@44.8C AO@44.5C GPU@45C PMIC@50C
09-27-2026 19:48:26 RAM 4699/6833MB (lfb 28x4MB) SWAP 1070/3416MB (cached 0MB) CPU [8%@1420,8%@1420,7%@1420,8%@1420,0%@1420,100%@1420] EMC_FREQ 0% GR3D_FREQ 0% AUX@44.5C CPU@45.5C thermal@44.8C AO@44.5C GPU@44.5C PMIC@50C
09-27-2026 19:48:27 RAM 4820/6833MB (lfb 28x4MB) SWAP 1070/3416MB (cached 0MB) CPU [33%@1420,71%@1420,31%@1420,29%@1420,28%@1420,100%@1420] EMC_FREQ 0% GR3D_FREQ 0% AUX@45C CPU@46C thermal@44.95C AO@44.5C GPU@44.5C PMIC@50C
09-27-2026 19:48:28 RAM 4824/6833MB (lfb 28x4MB) SWAP 1070/3416MB (cached 0MB) CPU [18%@1420,96%@1420,15%@1420,15%@1420,8%@1420,100%@1420] EMC_FREQ 0% GR3D_FREQ 0% AUX@45C CPU@46.5C thermal@45.15C AO@44.5C GPU@44.5C PMIC@50C
09-27-2026 19:48:29 RAM 4699/6833MB (lfb 28x4MB) SWAP 1070/3416MB (cached 0MB) CPU [18%@1420,5%@1420,14%@1420,5%@1420,3%@1420,100%@1420] EMC_FREQ 0% GR3D_FREQ 0% AUX@44.5C CPU@46C thermal@45.15C AO@44.5C GPU@44.5C PMIC@50C
09-27-2026 19:48:30 RAM 4697/6833MB (lfb 21x4MB) SWAP 1070/3416MB (cached 0MB) CPU [23%@1420,7%@1420,8%@1420,10%@1420,2%@1420,100%@1420] EMC_FREQ 0% GR3D_FREQ 1% AUX@45C CPU@46.5C thermal@45.3C AO@44.5C GPU@45C PMIC@50C
09-27-2026 19:48:31 RAM 4697/6833MB (lfb 21x4MB) SWAP 1070/3416MB (cached 0MB) CPU [9%@1420,6%@1420,14%@1420,9%@1420,3%@1420,100%@1420] EMC_FREQ 0% GR3D_FREQ 0% AUX@45C CPU@46C thermal@45.45C AO@45C GPU@45C PMIC@50C
09-27-2026 19:48:32 RAM 4697/6833MB (lfb 21x4MB) SWAP 1070/3416MB (cached 0MB) CPU [4%@1420,7%@1420,11%@1420,6%@1420,3%@1420,100%@1420] EMC_FREQ 0% GR3D_FREQ 0% AUX@45C CPU@46.5C thermal@45.45C AO@45C GPU@45C PMIC@50C
09-27-2026 19:48:33 RAM 4697/6833MB (lfb 21x4MB) SWAP 1070/3416MB (cached 0MB) CPU [6%@1420,4%@1420,5%@1420,9%@1420,5%@1420,100%@1420] EMC_FREQ 0% GR3D_FREQ 0% AUX@45C CPU@46.5C thermal@45.45C AO@45C GPU@45C PMIC@50C
09-27-2026 19:48:34 RAM 4697/6833MB (lfb 21x4MB) SWAP 1070/3416MB (cached 0MB) CPU [2%@1420,5%@1420,4%@1420,9%@1420,8%@1420,100%@1420] EMC_FREQ 0% GR3D_FREQ 0% AUX@45.5C CPU@46.5C thermal@45.45C AO@45C GPU@45C PMIC@50C
09-27-2026 19:48:35 RAM 4734/6833MB (lfb 21x4MB) SWAP 1070/3416MB (cached 0MB) CPU [6%@1420,17%@1420,7%@1420,24%@1420,4%@1420,100%@1420] EMC_FREQ 0% GR3D_FREQ 0% AUX@45C CPU@46.5C thermal@45.65C AO@45.5C GPU@45.5C PMIC@50C
09-27-2026 19:48:36 RAM 4701/6833MB (lfb 28x4MB) SWAP 1070/3416MB (cached 0MB) CPU [11%@1420,5%@1420,20%@1420,10%@1420,8%@1420,100%@1420] EMC_FREQ 0% GR3D_FREQ 0% AUX@45.5C CPU@47C thermal@46.4C AO@45.5C GPU@45.5C PMIC@50C
09-27-2026 19:48:37 RAM 4827/6833MB (lfb 28x4MB) SWAP 1070/3416MB (cached 0MB) CPU [66%@1420,45%@1420,45%@1420,43%@1420,47%@1420,100%@1420] EMC_FREQ 0% GR3D_FREQ 0% AUX@45.5C CPU@47.5C thermal@46.1C AO@45.5C GPU@45.5C PMIC@50C
09-27-2026 19:48:38 RAM 4709/6833MB (lfb 28x4MB) SWAP 1070/3416MB (cached 0MB) CPU [61%@1420,53%@1420,53%@1420,48%@1420,33%@1420,98%@1420] EMC_FREQ 0% GR3D_FREQ 0% AUX@45.5C CPU@47.5C thermal@46.25C AO@45.5C GPU@46C PMIC@50C
09-27-2026 19:48:39 RAM 4709/6833MB (lfb 28x4MB) SWAP 1070/3416MB (cached 0MB) CPU [11%@1420,8%@1420,5%@1420,5%@1420,3%@1420,100%@1420] EMC_FREQ 0% GR3D_FREQ 0% AUX@45.5C CPU@47C thermal@45.95C AO@45.5C GPU@45.5C PMIC@50C
09-27-2026 19:48:40 RAM 4709/6833MB (lfb 28x4MB) SWAP 1070/3416MB (cached 0MB) CPU [23%@1420,5%@1420,7%@1420,5%@1420,8%@1420,100%@1420] EMC_FREQ 0% GR3D_FREQ 0% AUX@45.5C CPU@47C thermal@45.8C AO@45.5C GPU@45.5C PMIC@50C
09-27-2026 19:48:41 RAM 4705/6833MB (lfb 21x4MB) SWAP 1070/3416MB (cached 0MB) CPU [20%@1420,14%@1420,15%@1420,11%@1420,6%@1420,100%@1420] EMC_FREQ 0% GR3D_FREQ 0% AUX@45.5C CPU@47C thermal@46.1C AO@45.5C GPU@46C PMIC@50C
09-27-2026 19:48:42 RAM 4706/6833MB (lfb 21x4MB) SWAP 1070/3416MB (cached 0MB) CPU [6%@1420,11%@1420,4%@1420,4%@1420,4%@1420,100%@1420] EMC_FREQ 0% GR3D_FREQ 0% AUX@45.5C CPU@47C thermal@46.1C AO@45.5C GPU@45.5C PMIC@50C
09-27-2026 19:48:43 RAM 4706/6833MB (lfb 21x4MB) SWAP 1070/3416MB (cached 0MB) CPU [13%@1420,3%@1420,5%@1420,4%@1420,3%@1420,100%@1420] EMC_FREQ 0% GR3D_FREQ 0% AUX@45.5C CPU@47C thermal@45.95C AO@45.5C GPU@45.5C PMIC@50C
09-27-2026 19:48:44 RAM 4706/6833MB (lfb 21x4MB) SWAP 1070/3416MB (cached 0MB) CPU [10%@1420,6%@1420,1%@1420,4%@1420,1%@1420,100%@1420] EMC_FREQ 0% GR3D_FREQ 0% AUX@45.5C CPU@47C thermal@45.95C AO@45.5C GPU@45.5C PMIC@50C
09-27-2026 19:48:45 RAM 4706/6833MB (lfb 21x4MB) SWAP 1070/3416MB (cached 0MB) CPU [11%@1420,7%@1420,6%@1420,2%@1420,3%@1420,100%@1420] EMC_FREQ 0% GR3D_FREQ 0% AUX@45.5C CPU@46.5C thermal@45.95C AO@45.5C GPU@45.5C PMIC@50C
09-27-2026 19:48:46 RAM 4725/6833MB (lfb 29x4MB) SWAP 1070/3416MB (cached 0MB) CPU [25%@1420,23%@1420,36%@1420,26%@1420,16%@1420,100%@1420] EMC_FREQ 0% GR3D_FREQ 21% AUX@45.5C CPU@47.5C thermal@45.8C AO@45.5C GPU@47C PMIC@50C
09-27-2026 19:48:47 RAM 4827/6833MB (lfb 29x4MB) SWAP 1070/3416MB (cached 0MB) CPU [72%@1420,61%@1420,64%@1420,56%@1420,46%@1420,100%@1420] EMC_FREQ 0% GR3D_FREQ 0% AUX@45.5C CPU@47.5C thermal@46.1C AO@45C GPU@45.5C PMIC@50C
09-27-2026 19:48:48 RAM 4710/6833MB (lfb 29x4MB) SWAP 1070/3416MB (cached 0MB) CPU [57%@1420,50%@1420,25%@1420,29%@1420,20%@1420,100%@1420] EMC_FREQ 0% GR3D_FREQ 0% AUX@45.5C CPU@47C thermal@45.95C AO@45C GPU@45.5C PMIC@50C
09-27-2026 19:48:49 RAM 4710/6833MB (lfb 29x4MB) SWAP 1070/3416MB (cached 0MB) CPU [7%@1420,6%@1420,7%@1420,5%@1420,1%@1420,100%@1420] EMC_FREQ 0% GR3D_FREQ 0% AUX@45.5C CPU@46.5C thermal@45.95C AO@45.5C GPU@45.5C PMIC@50C
09-27-2026 19:48:50 RAM 4710/6833MB (lfb 29x4MB) SWAP 1070/3416MB (cached 0MB) CPU [9%@1420,7%@1420,7%@1420,5%@1420,1%@1420,100%@1420] EMC_FREQ 0% GR3D_FREQ 0% AUX@45C CPU@46.5C thermal@45.8C AO@45C GPU@45C PMIC@50C
09-27-2026 19:48:51 RAM 4981/6833MB (lfb 1x2MB) SWAP 1070/3416MB (cached 0MB) CPU [11%@1420,5%@1420,14%@1420,5%@1420,2%@1420,100%@1420] EMC_FREQ 0% GR3D_FREQ 0% AUX@45C CPU@46.5C thermal@45.45C AO@45C GPU@45C PMIC@50C
09-27-2026 19:48:53 RAM 4708/6833MB (lfb 21x4MB) SWAP 1070/3416MB (cached 0MB) CPU [13%@1420,16%@1420,13%@1420,7%@1420,2%@1420,100%@1420] EMC_FREQ 0% GR3D_FREQ 0% AUX@45C CPU@46.5C thermal@45.45C AO@45C GPU@45C PMIC@50C
09-27-2026 19:48:54 RAM 4709/6833MB (lfb 21x4MB) SWAP 1070/3416MB (cached 0MB) CPU [4%@1420,4%@1420,8%@1420,10%@1420,2%@1420,100%@1420] EMC_FREQ 0% GR3D_FREQ 0% AUX@45C CPU@46C thermal@45.45C AO@44.5C GPU@45C PMIC@50C
09-27-2026 19:48:55 RAM 4709/6833MB (lfb 21x4MB) SWAP 1070/3416MB (cached 0MB) CPU [6%@1420,5%@1420,6%@1420,7%@1420,2%@1420,100%@1420] EMC_FREQ 0% GR3D_FREQ 0% AUX@45C CPU@46C thermal@45.3C AO@45C GPU@45C PMIC@50C
09-27-2026 19:48:56 RAM 4709/6833MB (lfb 21x4MB) SWAP 1070/3416MB (cached 0MB) CPU [10%@1420,6%@1420,3%@1420,4%@1420,2%@1420,100%@1420] EMC_FREQ 0% GR3D_FREQ 0% AUX@45C CPU@46C thermal@45.15C AO@44.5C GPU@44.5C PMIC@50C
09-27-2026 19:48:57 RAM 4719/6833MB (lfb 21x4MB) SWAP 1070/3416MB (cached 0MB) CPU [26%@1420,24%@1420,22%@1420,24%@1420,15%@1420,100%@1420] EMC_FREQ 0% GR3D_FREQ 0% AUX@45C CPU@46C thermal@45.3C AO@45C GPU@45C PMIC@50C
09-27-2026 19:48:58 RAM 4791/6833MB (lfb 29x4MB) SWAP 1070/3416MB (cached 0MB) CPU [84%@1420,85%@1420,90%@1420,79%@1420,74%@1420,100%@1420] EMC_FREQ 0% GR3D_FREQ 0% AUX@45C CPU@47C thermal@45.45C AO@45C GPU@45C PMIC@50C
09-27-2026 19:48:59 RAM 4824/6833MB (lfb 29x4MB) SWAP 1070/3416MB (cached 0MB) CPU [37%@1420,37%@1420,43%@1420,98%@1420,36%@1420,100%@1420] EMC_FREQ 0% GR3D_FREQ 0% AUX@45C CPU@46.5C thermal@45.45C AO@44.5C GPU@45C PMIC@50C
09-27-2026 19:49:00 RAM 4824/6833MB (lfb 29x4MB) SWAP 1070/3416MB (cached 0MB) CPU [12%@1420,10%@1420,9%@1420,100%@1420,3%@1420,100%@1420] EMC_FREQ 0% GR3D_FREQ 0% AUX@45C CPU@46.5C thermal@45.45C AO@45C GPU@45C PMIC@50C
09-27-2026 19:49:01 RAM 4698/6833MB (lfb 30x4MB) SWAP 1070/3416MB (cached 0MB) CPU [29%@1420,19%@1420,13%@1420,83%@1420,19%@1420,100%@1420] EMC_FREQ 0% GR3D_FREQ 0% AUX@45C CPU@46.5C thermal@45.45C AO@45C GPU@45C PMIC@50C
09-27-2026 19:49:02 RAM 4698/6833MB (lfb 30x4MB) SWAP 1070/3416MB (cached 0MB) CPU [8%@1420,8%@1420,4%@1420,1%@1420,5%@1420,100%@1420] EMC_FREQ 0% GR3D_FREQ 0% AUX@45C CPU@46C thermal@45.15C AO@44.5C GPU@45C PMIC@50C
09-27-2026 19:49:03 RAM 4698/6833MB (lfb 21x4MB) SWAP 1070/3416MB (cached 0MB) CPU [18%@1420,14%@1420,8%@1420,7%@1420,10%@1420,100%@1420] EMC_FREQ 0% GR3D_FREQ 0% AUX@45C CPU@46C thermal@45.25C AO@44.5C GPU@45C PMIC@50C
09-27-2026 19:49:04 RAM 4698/6833MB (lfb 21x4MB) SWAP 1070/3416MB (cached 0MB) CPU [12%@1420,8%@1420,4%@1420,4%@1420,2%@1420,100%@1420] EMC_FREQ 0% GR3D_FREQ 0% AUX@44.5C CPU@46C thermal@45.25C AO@44.5C GPU@45C PMIC@50C
09-27-2026 19:49:05 RAM 4698/6833MB (lfb 21x4MB) SWAP 1070/3416MB (cached 0MB) CPU [8%@1420,6%@1420,3%@1420,4%@1420,3%@1420,100%@1420] EMC_FREQ 0% GR3D_FREQ 0% AUX@44.5C CPU@46C thermal@45.25C AO@44.5C GPU@45C PMIC@50C
09-27-2026 19:49:06 RAM 4698/6833MB (lfb 21x4MB) SWAP 1070/3416MB (cached 0MB) CPU [11%@1420,20%@1420,6%@1420,2%@1420,2%@1420,100%@1420] EMC_FREQ 0% GR3D_FREQ 0% AUX@45C CPU@45.5C thermal@45.15C AO@44.5C GPU@44.5C PMIC@50C
09-27-2026 19:49:07 RAM 4698/6833MB (lfb 21x4MB) SWAP 1070/3416MB (cached 0MB) CPU [18%@1420,4%@1420,6%@1420,11%@1420,3%@1420,100%@1420] EMC_FREQ 0% GR3D_FREQ 0% AUX@44.5C CPU@46C thermal@45.1C AO@44.5C GPU@44.5C PMIC@50C
09-27-2026 19:49:08 RAM 4699/6833MB (lfb 29x4MB) SWAP 1070/3416MB (cached 0MB) CPU [12%@1420,15%@1420,11%@1420,9%@1420,2%@1420,100%@1420] EMC_FREQ 0% GR3D_FREQ 0% AUX@44.5C CPU@46C thermal@44.95C AO@44.5C GPU@45C PMIC@50C
09-27-2026 19:49:09 RAM 4772/6833MB (lfb 29x4MB) SWAP 1070/3416MB (cached 0MB) CPU [24%@1420,21%@1420,19%@1420,21%@1420,17%@1420,100%@1420] EMC_FREQ 0% GR3D_FREQ 0% AUX@44.5C CPU@46C thermal@45.1C AO@44.5C GPU@44.5C PMIC@50C
09-27-2026 19:49:10 RAM 4819/6833MB (lfb 29x4MB) SWAP 1070/3416MB (cached 0MB) CPU [94%@1420,13%@1420,18%@1420,15%@1420,20%@1420,100%@1420] EMC_FREQ 0% GR3D_FREQ 0% AUX@44.5C CPU@46C thermal@45.1C AO@44.5C GPU@45C PMIC@50C
09-27-2026 19:49:11 RAM 4698/6833MB (lfb 29x4MB) SWAP 1070/3416MB (cached 0MB) CPU [60%@1420,10%@1420,16%@1420,29%@1420,10%@1420,100%@1420] EMC_FREQ 0% GR3D_FREQ 0% AUX@44.5C CPU@46C thermal@45.1C AO@44.5C GPU@44.5C PMIC@50C
09-27-2026 19:49:12 RAM 4698/6833MB (lfb 29x4MB) SWAP 1070/3416MB (cached 0MB) CPU [12%@1420,18%@1420,4%@1420,3%@1420,3%@1420,100%@1420] EMC_FREQ 0% GR3D_FREQ 0% AUX@44.5C CPU@46C thermal@44.95C AO@44.5C GPU@45C PMIC@50C
09-27-2026 19:49:13 RAM 4697/6833MB (lfb 21x4MB) SWAP 1070/3416MB (cached 0MB) CPU [22%@1420,14%@1420,4%@1420,11%@1420,3%@1420,100%@1420] EMC_FREQ 0% GR3D_FREQ 0% AUX@45C CPU@46C thermal@45C AO@44.5C GPU@44.5C PMIC@50C
09-27-2026 19:49:14 RAM 4697/6833MB (lfb 21x4MB) SWAP 1070/3416MB (cached 0MB) CPU [10%@1420,7%@1420,5%@1420,9%@1420,2%@1420,100%@1420] EMC_FREQ 0% GR3D_FREQ 0% AUX@45C CPU@46C thermal@45.3C AO@44.5C GPU@45C PMIC@50C
09-27-2026 19:49:15 RAM 4697/6833MB (lfb 21x4MB) SWAP 1070/3416MB (cached 0MB) CPU [6%@1420,4%@1420,5%@1420,6%@1420,8%@1420,100%@1420] EMC_FREQ 0% GR3D_FREQ 0% AUX@45C CPU@46C thermal@45.3C AO@45C GPU@45C PMIC@50C
09-27-2026 19:49:16 RAM 4697/6833MB (lfb 21x4MB) SWAP 1070/3416MB (cached 0MB) CPU [8%@1420,6%@1420,4%@1420,4%@1420,7%@1420,100%@1420] EMC_FREQ 0% GR3D_FREQ 0% AUX@45C CPU@46.5C thermal@45.3C AO@45C GPU@45.5C PMIC@50C
09-27-2026 19:49:17 RAM 4697/6833MB (lfb 21x4MB) SWAP 1070/3416MB (cached 0MB) CPU [3%@1420,16%@1420,5%@1420,7%@1420,9%@1420,100%@1420] EMC_FREQ 0% GR3D_FREQ 0% AUX@45C CPU@46.5C thermal@45.45C AO@45C GPU@45.5C PMIC@50C
09-27-2026 19:49:18 RAM 4697/6833MB (lfb 21x4MB) SWAP 1070/3416MB (cached 0MB) CPU [8%@1420,16%@1420,8%@1420,5%@1420,5%@1420,100%@1420] EMC_FREQ 0% GR3D_FREQ 0% AUX@45.5C CPU@46.5C thermal@45.6C AO@45C GPU@45C PMIC@50C
09-27-2026 19:49:19 RAM 4814/6833MB (lfb 29x4MB) SWAP 1070/3416MB (cached 0MB) CPU [34%@1420,30%@1420,34%@1420,44%@1420,26%@1420,100%@1420] EMC_FREQ 0% GR3D_FREQ 0% AUX@45.5C CPU@47C thermal@46.4C AO@45.5C GPU@45.5C PMIC@50C
09-27-2026 19:49:20 RAM 4817/6833MB (lfb 29x4MB) SWAP 1070/3416MB (cached 0MB) CPU [92%@1420,8%@1420,8%@1420,14%@1420,5%@1420,100%@1420] EMC_FREQ 0% GR3D_FREQ 0% AUX@45.5C CPU@47C thermal@45.95C AO@45.5C GPU@45.5C PMIC@50C
09-27-2026 19:49:21 RAM 4698/6833MB (lfb 29x4MB) SWAP 1070/3416MB (cached 0MB) CPU [68%@1420,12%@1420,25%@1420,23%@1420,11%@1420,100%@1420] EMC_FREQ 0% GR3D_FREQ 0% AUX@46C CPU@47C thermal@45.95C AO@45.5C GPU@46C PMIC@50C
09-27-2026 19:49:22 RAM 4697/6833MB (lfb 29x4MB) SWAP 1070/3416MB (cached 0MB) CPU [12%@1420,17%@1420,6%@1420,6%@1420,3%@1420,100%@1420] EMC_FREQ 0% GR3D_FREQ 0% AUX@45.5C CPU@47.5C thermal@45.95C AO@45.5C GPU@46C PMIC@50C
09-27-2026 19:49:23 RAM 4697/6833MB (lfb 29x4MB) SWAP 1070/3416MB (cached 0MB) CPU [18%@1420,5%@1420,10%@1420,5%@1420,2%@1420,100%@1420] EMC_FREQ 0% GR3D_FREQ 0% AUX@45.5C CPU@47C thermal@45.95C AO@45.5C GPU@46C PMIC@50C
09-27-2026 19:49:24 RAM 4696/6833MB (lfb 22x4MB) SWAP 1070/3416MB (cached 0MB) CPU [9%@1420,11%@1420,8%@1420,16%@1420,8%@1420,100%@1420] EMC_FREQ 0% GR3D_FREQ 0% AUX@45.5C CPU@47C thermal@45.95C AO@45.5C GPU@46C PMIC@50C
09-27-2026 19:49:25 RAM 4696/6833MB (lfb 22x4MB) SWAP 1070/3416MB (cached 0MB) CPU [10%@1420,6%@1420,4%@1420,5%@1420,2%@1420,100%@1420] EMC_FREQ 0% GR3D_FREQ 0% AUX@46C CPU@47C thermal@46.4C AO@45.5C GPU@45.5C PMIC@50C
09-27-2026 19:49:26 RAM 4696/6833MB (lfb 22x4MB) SWAP 1070/3416MB (cached 0MB) CPU [10%@1420,8%@1420,5%@1420,5%@1420,1%@1420,100%@1420] EMC_FREQ 0% GR3D_FREQ 0% AUX@45.5C CPU@47C thermal@45.95C AO@45.5C GPU@45.5C PMIC@50C
09-27-2026 19:49:27 RAM 4696/6833MB (lfb 22x4MB) SWAP 1070/3416MB (cached 0MB) CPU [8%@1420,8%@1420,5%@1420,6%@1420,1%@1420,100%@1420] EMC_FREQ 0% GR3D_FREQ 0% AUX@45.5C CPU@47C thermal@45.95C AO@45.5C GPU@45.5C PMIC@50C
09-27-2026 19:49:28 RAM 4696/6833MB (lfb 22x4MB) SWAP 1070/3416MB (cached 0MB) CPU [12%@1420,4%@1420,3%@1420,4%@1420,4%@1420,100%@1420] EMC_FREQ 0% GR3D_FREQ 0% AUX@45.5C CPU@47C thermal@45.95C AO@45.5C GPU@45.5C PMIC@50C
09-27-2026 19:49:29 RAM 4755/6833MB (lfb 31x4MB) SWAP 1070/3416MB (cached 0MB) CPU [37%@1420,47%@1420,38%@1420,33%@1420,31%@1420,100%@1420] EMC_FREQ 0% GR3D_FREQ 0% AUX@45.5C CPU@47C thermal@45.95C AO@45.5C GPU@45C PMIC@50C
09-27-2026 19:49:30 RAM 4818/6833MB (lfb 31x4MB) SWAP 1070/3416MB (cached 0MB) CPU [42%@1420,37%@1420,94%@1420,34%@1420,30%@1420,100%@1420] EMC_FREQ 0% GR3D_FREQ 0% AUX@45.5C CPU@47C thermal@46.25C AO@45.5C GPU@45.5C PMIC@50C
09-27-2026 19:49:31 RAM 4820/6833MB (lfb 31x4MB) SWAP 1070/3416MB (cached 0MB) CPU [16%@1420,9%@1420,99%@1420,5%@1420,7%@1420,100%@1420] EMC_FREQ 0% GR3D_FREQ 0% AUX@45.5C CPU@47.5C thermal@45.95C AO@45.5C GPU@45.5C PMIC@50C
09-27-2026 19:49:32 RAM 4695/6833MB (lfb 31x4MB) SWAP 1070/3416MB (cached 0MB) CPU [36%@1420,15%@1420,14%@1420,9%@1420,11%@1420,100%@1420] EMC_FREQ 0% GR3D_FREQ 0% AUX@45.5C CPU@47C thermal@45.95C AO@45.5C GPU@45.5C PMIC@50C
09-27-2026 19:49:33 RAM 4695/6833MB (lfb 31x4MB) SWAP 1070/3416MB (cached 0MB) CPU [10%@1420,8%@1420,5%@1420,5%@1420,3%@1420,100%@1420] EMC_FREQ 0% GR3D_FREQ 0% AUX@45.5C CPU@47C thermal@45.95C AO@45C GPU@45.5C PMIC@50C
09-27-2026 19:49:34 RAM 4695/6833MB (lfb 31x4MB) SWAP 1070/3416MB (cached 0MB) CPU [21%@1420,9%@1420,3%@1420,6%@1420,4%@1420,100%@1420] EMC_FREQ 0% GR3D_FREQ 0% AUX@45.5C CPU@46.5C thermal@45.8C AO@45C GPU@45.5C PMIC@50C
09-27-2026 19:49:35 RAM 4695/6833MB (lfb 23x4MB) SWAP 1070/3416MB (cached 0MB) CPU [11%@1420,15%@1420,9%@1420,8%@1420,4%@1420,100%@1420] EMC_FREQ 0% GR3D_FREQ 0% AUX@45.5C CPU@46.5C thermal@45.8C AO@45.5C GPU@45C PMIC@50C
09-27-2026 19:49:36 RAM 4695/6833MB (lfb 23x4MB) SWAP 1070/3416MB (cached 0MB) CPU [11%@1420,9%@1420,5%@1420,6%@1420,2%@1420,100%@1420] EMC_FREQ 0% GR3D_FREQ 0% AUX@45.5C CPU@46.5C thermal@45.8C AO@45.5C GPU@45C PMIC@50C
09-27-2026 19:49:37 RAM 4694/6833MB (lfb 23x4MB) SWAP 1070/3416MB (cached 0MB) CPU [7%@1420,8%@1420,7%@1420,17%@1420,2%@1420,100%@1420] EMC_FREQ 0% GR3D_FREQ 0% AUX@45C CPU@46.5C thermal@45.45C AO@45C GPU@45C PMIC@50C
09-27-2026 19:49:38 RAM 4695/6833MB (lfb 23x4MB) SWAP 1070/3416MB (cached 0MB) CPU [5%@1420,6%@1420,8%@1420,5%@1420,3%@1420,100%@1420] EMC_FREQ 0% GR3D_FREQ 0% AUX@45C CPU@46.5C thermal@45.6C AO@45C GPU@45C PMIC@50C
09-27-2026 19:49:39 RAM 4695/6833MB (lfb 23x4MB) SWAP 1070/3416MB (cached 0MB) CPU [19%@1420,8%@1420,4%@1420,5%@1420,8%@1420,100%@1420] EMC_FREQ 0% GR3D_FREQ 0% AUX@45C CPU@46.5C thermal@45.45C AO@45C GPU@45C PMIC@50C
09-27-2026 19:49:40 RAM 4747/6833MB (lfb 29x4MB) SWAP 1070/3416MB (cached 0MB) CPU [63%@1420,57%@1420,60%@1420,62%@1420,57%@1420,100%@1420] EMC_FREQ 0% GR3D_FREQ 0% AUX@45C CPU@47C thermal@45.45C AO@45.5C GPU@45.5C PMIC@50C
09-27-2026 19:49:41 RAM 4814/6833MB (lfb 29x4MB) SWAP 1070/3416MB (cached 0MB) CPU [77%@1420,79%@1420,85%@1420,80%@1420,67%@1420,100%@1420] EMC_FREQ 0% GR3D_FREQ 0% AUX@45C CPU@47C thermal@45.6C AO@45C GPU@45.5C PMIC@50C
09-27-2026 19:49:42 RAM 4813/6833MB (lfb 29x4MB) SWAP 1070/3416MB (cached 0MB) CPU [23%@1420,11%@1420,13%@1420,92%@1420,4%@1420,100%@1420] EMC_FREQ 0% GR3D_FREQ 0% AUX@45.5C CPU@46.5C thermal@45.75C AO@45C GPU@45.5C PMIC@50C
09-27-2026 19:49:43 RAM 4691/6833MB (lfb 29x4MB) SWAP 1070/3416MB (cached 0MB) CPU [19%@1420,19%@1420,14%@1420,94%@1420,15%@1420,100%@1420] EMC_FREQ 0% GR3D_FREQ 0% AUX@45C CPU@46.5C thermal@45.6C AO@45C GPU@45C PMIC@50C
09-27-2026 19:49:44 RAM 4691/6833MB (lfb 29x4MB) SWAP 1070/3416MB (cached 0MB) CPU [22%@1420,6%@1420,6%@1420,4%@1420,2%@1420,100%@1420] EMC_FREQ 0% GR3D_FREQ 0% AUX@45C CPU@46.5C thermal@45.6C AO@45C GPU@45C PMIC@50C
09-27-2026 19:49:45 RAM 4690/6833MB (lfb 24x4MB) SWAP 1070/3416MB (cached 0MB) CPU [12%@1420,13%@1420,6%@1420,7%@1420,6%@1420,100%@1420] EMC_FREQ 0% GR3D_FREQ 99% AUX@45C CPU@46.5C thermal@45.45C AO@45C GPU@45.5C PMIC@50C
09-27-2026 19:49:46 RAM 4690/6833MB (lfb 24x4MB) SWAP 1070/3416MB (cached 0MB) CPU [7%@1420,7%@1420,4%@1420,10%@1420,1%@1420,100%@1420] EMC_FREQ 0% GR3D_FREQ 0% AUX@45C CPU@46.5C thermal@45.9C AO@45C GPU@45C PMIC@50C
09-27-2026 19:49:47 RAM 4690/6833MB (lfb 24x4MB) SWAP 1070/3416MB (cached 0MB) CPU [5%@1420,7%@1420,7%@1420,6%@1420,4%@1420,100%@1420] EMC_FREQ 0% GR3D_FREQ 0% AUX@45C CPU@46C thermal@45.45C AO@44.5C GPU@44.5C PMIC@50C
09-27-2026 19:49:48 RAM 4690/6833MB (lfb 24x4MB) SWAP 1070/3416MB (cached 0MB) CPU [9%@1420,7%@1420,6%@1420,4%@1420,2%@1420,100%@1420] EMC_FREQ 0% GR3D_FREQ 0% AUX@44.5C CPU@46C thermal@45.45C AO@45C GPU@45C PMIC@50C
09-27-2026 19:49:49 RAM 4690/6833MB (lfb 24x4MB) SWAP 1070/3416MB (cached 0MB) CPU [21%@1420,6%@1420,3%@1420,6%@1420,2%@1420,100%@1420] EMC_FREQ 0% GR3D_FREQ 0% AUX@45C CPU@46C thermal@45.3C AO@44.5C GPU@45C PMIC@50C
09-27-2026 19:49:50 RAM 4690/6833MB (lfb 24x4MB) SWAP 1070/3416MB (cached 0MB) CPU [8%@1420,11%@1420,4%@1420,5%@1420,2%@1420,100%@1420] EMC_FREQ 0% GR3D_FREQ 0% AUX@45C CPU@46C thermal@45.3C AO@44.5C GPU@44.5C PMIC@50C
09-27-2026 19:49:51 RAM 4705/6833MB (lfb 29x4MB) SWAP 1070/3416MB (cached 0MB) CPU [16%@1420,19%@1420,14%@1420,7%@1420,12%@1420,100%@1420] EMC_FREQ 0% GR3D_FREQ 0% AUX@45C CPU@46.5C thermal@45.45C AO@44.5C GPU@45C PMIC@50C
09-27-2026 19:49:52 RAM 4824/6833MB (lfb 29x4MB) SWAP 1070/3416MB (cached 0MB) CPU [56%@1420,41%@1420,51%@1420,48%@1420,24%@1420,100%@1420] EMC_FREQ 0% GR3D_FREQ 0% AUX@45C CPU@46.5C thermal@45.45C AO@44.5C GPU@45C PMIC@50C
09-27-2026 19:49:53 RAM 4707/6833MB (lfb 29x4MB) SWAP 1070/3416MB (cached 0MB) CPU [33%@1420,33%@1420,40%@1420,19%@1420,15%@1420,100%@1420] EMC_FREQ 0% GR3D_FREQ 0% AUX@45C CPU@46C thermal@45.3C AO@44.5C GPU@45C PMIC@50C
09-27-2026 19:49:54 RAM 4706/6833MB (lfb 29x4MB) SWAP 1070/3416MB (cached 0MB) CPU [14%@1420,5%@1420,3%@1420,5%@1420,2%@1420,100%@1420] EMC_FREQ 0% GR3D_FREQ 0% AUX@45C CPU@46C thermal@45.3C AO@44.5C GPU@44.5C PMIC@50C
09-27-2026 19:49:55 RAM 4706/6833MB (lfb 29x4MB) SWAP 1070/3416MB (cached 0MB) CPU [11%@1420,18%@1420,4%@1420,4%@1420,3%@1420,100%@1420] EMC_FREQ 0% GR3D_FREQ 0% AUX@44.5C CPU@45.5C thermal@44.95C AO@44.5C GPU@44.5C PMIC@50C
09-27-2026 19:49:56 RAM 4707/6833MB (lfb 21x4MB) SWAP 1070/3416MB (cached 0MB) CPU [17%@1420,12%@1420,9%@1420,11%@1420,2%@1420,100%@1420] EMC_FREQ 0% GR3D_FREQ 0% AUX@44.5C CPU@46C thermal@44.8C AO@44.5C GPU@45C PMIC@50C
09-27-2026 19:49:57 RAM 4707/6833MB (lfb 21x4MB) SWAP 1070/3416MB (cached 0MB) CPU [8%@1420,6%@1420,6%@1420,7%@1420,0%@1420,100%@1420] EMC_FREQ 0% GR3D_FREQ 0% AUX@44.5C CPU@45.5C thermal@45.3C AO@44.5C GPU@44.5C PMIC@50C
09-27-2026 19:49:58 RAM 4706/6833MB (lfb 21x4MB) SWAP 1070/3416MB (cached 0MB) CPU [7%@1420,6%@1420,9%@1420,6%@1420,1%@1420,100%@1420] EMC_FREQ 0% GR3D_FREQ 0% AUX@44.5C CPU@45.5C thermal@45C AO@44.5C GPU@44.5C PMIC@50C
09-27-2026 19:49:59 RAM 4707/6833MB (lfb 21x4MB) SWAP 1070/3416MB (cached 0MB) CPU [10%@1420,5%@1420,7%@1420,4%@1420,3%@1420,100%@1420] EMC_FREQ 0% GR3D_FREQ 0% AUX@44.5C CPU@46C thermal@45.15C AO@44.5C GPU@44.5C PMIC@50C
09-27-2026 19:50:00 RAM 4707/6833MB (lfb 21x4MB) SWAP 1070/3416MB (cached 0MB) CPU [21%@1420,9%@1420,5%@1420,6%@1420,1%@1420,100%@1420] EMC_FREQ 0% GR3D_FREQ 0% AUX@44.5C CPU@45.5C thermal@44.95C AO@44.5C GPU@44.5C PMIC@50C
09-27-2026 19:50:01 RAM 4816/6833MB (lfb 29x4MB) SWAP 1070/3416MB (cached 0MB) CPU [38%@1420,37%@1420,37%@1420,38%@1420,36%@1420,100%@1420] EMC_FREQ 0% GR3D_FREQ 50% AUX@44.5C CPU@46.5C thermal@45.1C AO@44.5C GPU@46.5C PMIC@50C
09-27-2026 19:50:02 RAM 4818/6833MB (lfb 29x4MB) SWAP 1070/3416MB (cached 0MB) CPU [91%@1420,8%@1420,5%@1420,13%@1420,13%@1420,100%@1420] EMC_FREQ 0% GR3D_FREQ 0% AUX@44.5C CPU@46C thermal@44.95C AO@44.5C GPU@44.5C PMIC@50C
09-27-2026 19:50:03 RAM 4721/6833MB (lfb 29x4MB) SWAP 1070/3416MB (cached 0MB) CPU [90%@1420,15%@1420,40%@1420,20%@1420,8%@1420,100%@1420] EMC_FREQ 0% GR3D_FREQ 0% AUX@44.5C CPU@46C thermal@45.15C AO@44.5C GPU@44.5C PMIC@50C
09-27-2026 19:50:04 RAM 4697/6833MB (lfb 29x4MB) SWAP 1070/3416MB (cached 0MB) CPU [9%@1420,6%@1420,8%@1420,5%@1420,5%@1420,100%@1420] EMC_FREQ 0% GR3D_FREQ 0% AUX@44.5C CPU@45.5C thermal@45.15C AO@44.5C GPU@44.5C PMIC@50C
09-27-2026 19:50:05 RAM 4697/6833MB (lfb 29x4MB) SWAP 1070/3416MB (cached 0MB) CPU [8%@1420,11%@1420,5%@1420,6%@1420,2%@1420,100%@1420] EMC_FREQ 0% GR3D_FREQ 0% AUX@44.5C CPU@45.5C thermal@44.8C AO@44.5C GPU@44.5C PMIC@50C
09-27-2026 19:50:06 RAM 4892/6833MB (lfb 14x4MB) SWAP 1070/3416MB (cached 0MB) CPU [10%@1420,16%@1420,6%@1420,12%@1420,1%@1420,100%@1420] EMC_FREQ 0% GR3D_FREQ 0% AUX@44.5C CPU@46C thermal@45.15C AO@45C GPU@44.5C PMIC@50C
09-27-2026 19:50:07 RAM 4697/6833MB (lfb 22x4MB) SWAP 1070/3416MB (cached 0MB) CPU [13%@1420,10%@1420,6%@1420,7%@1420,10%@1420,100%@1420] EMC_FREQ 0% GR3D_FREQ 0% AUX@45C CPU@46C thermal@45.6C AO@45C GPU@45C PMIC@50C
09-27-2026 19:50:08 RAM 4697/6833MB (lfb 22x4MB) SWAP 1070/3416MB (cached 0MB) CPU [10%@1420,7%@1420,4%@1420,4%@1420,5%@1420,100%@1420] EMC_FREQ 0% GR3D_FREQ 0% AUX@45C CPU@46C thermal@45.3C AO@45C GPU@45C PMIC@50C
09-27-2026 19:50:09 RAM 4697/6833MB (lfb 22x4MB) SWAP 1070/3416MB (cached 0MB) CPU [11%@1420,5%@1420,6%@1420,8%@1420,0%@1420,100%@1420] EMC_FREQ 0% GR3D_FREQ 0% AUX@45C CPU@46.5C thermal@45.45C AO@45C GPU@45C PMIC@50C
09-27-2026 19:50:10 RAM 4697/6833MB (lfb 22x4MB) SWAP 1070/3416MB (cached 0MB) CPU [13%@1420,4%@1420,3%@1420,7%@1420,3%@1420,100%@1420] EMC_FREQ 0% GR3D_FREQ 0% AUX@45C CPU@46.5C thermal@45.45C AO@45C GPU@45C PMIC@50C
09-27-2026 19:50:11 RAM 4697/6833MB (lfb 22x4MB) SWAP 1070/3416MB (cached 0MB) CPU [9%@1420,17%@1420,5%@1420,6%@1420,4%@1420,100%@1420] EMC_FREQ 0% GR3D_FREQ 0% AUX@45C CPU@46.5C thermal@45.6C AO@45.5C GPU@45C PMIC@50C
09-27-2026 19:50:12 RAM 4817/6833MB (lfb 31x4MB) SWAP 1070/3416MB (cached 0MB) CPU [47%@1420,41%@1420,36%@1420,75%@1420,39%@1420,100%@1420] EMC_FREQ 0% GR3D_FREQ 0% AUX@45.5C CPU@47C thermal@46.1C AO@45.5C GPU@46C PMIC@50C
09-27-2026 19:50:13 RAM 4696/6833MB (lfb 31x4MB) SWAP 1070/3416MB (cached 0MB) CPU [18%@1420,15%@1420,19%@1420,85%@1420,19%@1420,100%@1420] EMC_FREQ 0% GR3D_FREQ 0% AUX@45.5C CPU@47C thermal@46.1C AO@45.5C GPU@45.5C PMIC@50C
09-27-2026 19:50:14 RAM 4696/6833MB (lfb 31x4MB) SWAP 1070/3416MB (cached 0MB) CPU [13%@1420,11%@1420,5%@1420,4%@1420,1%@1420,100%@1420] EMC_FREQ 0% GR3D_FREQ 0% AUX@45.5C CPU@47C thermal@45.95C AO@45.5C GPU@46C PMIC@50C
09-27-2026 19:50:15 RAM 4696/6833MB (lfb 31x4MB) SWAP 1070/3416MB (cached 0MB) CPU [7%@1420,8%@1420,7%@1420,5%@1420,2%@1420,100%@1420] EMC_FREQ 0% GR3D_FREQ 0% AUX@46C CPU@47C thermal@46.3C AO@45.5C GPU@46C PMIC@50C
09-27-2026 19:50:16 RAM 4696/6833MB (lfb 31x4MB) SWAP 1070/3416MB (cached 0MB) CPU [6%@1420,17%@1420,5%@1420,10%@1420,3%@1420,100%@1420] EMC_FREQ 0% GR3D_FREQ 0% AUX@45.5C CPU@47C thermal@46.3C AO@45.5C GPU@46C PMIC@50C
09-27-2026 19:50:17 RAM 4695/6833MB (lfb 24x4MB) SWAP 1070/3416MB (cached 0MB) CPU [8%@1420,12%@1420,13%@1420,12%@1420,8%@1420,100%@1420] EMC_FREQ 0% GR3D_FREQ 0% AUX@46C CPU@47.5C thermal@46.1C AO@46C GPU@46.5C PMIC@50C
09-27-2026 19:50:18 RAM 4695/6833MB (lfb 24x4MB) SWAP 1070/3416MB (cached 0MB) CPU [7%@1420,6%@1420,3%@1420,8%@1420,1%@1420,100%@1420] EMC_FREQ 0% GR3D_FREQ 0% AUX@46C CPU@47.5C thermal@46.25C AO@45.5C GPU@46C PMIC@50C
09-27-2026 19:50:19 RAM 4695/6833MB (lfb 24x4MB) SWAP 1070/3416MB (cached 0MB) CPU [7%@1420,6%@1420,6%@1420,11%@1420,2%@1420,100%@1420] EMC_FREQ 0% GR3D_FREQ 0% AUX@45.5C CPU@47C thermal@46.1C AO@45.5C GPU@46C PMIC@50C
09-27-2026 19:50:20 RAM 4695/6833MB (lfb 24x4MB) SWAP 1070/3416MB (cached 0MB) CPU [10%@1420,11%@1420,8%@1420,10%@1420,3%@1420,100%@1420] EMC_FREQ 0% GR3D_FREQ 0% AUX@45.5C CPU@47.5C thermal@46.3C AO@45.5C GPU@46C PMIC@50C
09-27-2026 19:50:21 RAM 4696/6833MB (lfb 24x4MB) SWAP 1070/3416MB (cached 0MB) CPU [47%@1420,31%@1420,29%@1420,27%@1420,12%@1420,100%@1420] EMC_FREQ 0% GR3D_FREQ 0% AUX@45.5C CPU@47C thermal@46.1C AO@45.5C GPU@45.5C PMIC@50C
09-27-2026 19:50:22 RAM 4816/6833MB (lfb 31x4MB) SWAP 1070/3416MB (cached 0MB) CPU [92%@1420,34%@1420,34%@1420,39%@1420,28%@1420,100%@1420] EMC_FREQ 0% GR3D_FREQ 0% AUX@45.5C CPU@47C thermal@45.95C AO@45.5C GPU@45.5C PMIC@50C
09-27-2026 19:50:23 RAM 4819/6833MB (lfb 31x4MB) SWAP 1070/3416MB (cached 0MB) CPU [100%@1420,10%@1420,23%@1420,24%@1420,8%@1420,100%@1420] EMC_FREQ 0% GR3D_FREQ 0% AUX@45.5C CPU@47.5C thermal@45.95C AO@45.5C GPU@45.5C PMIC@50C
09-27-2026 19:50:24 RAM 4694/6833MB (lfb 31x4MB) SWAP 1070/3416MB (cached 0MB) CPU [13%@1420,5%@1420,21%@1420,7%@1420,6%@1420,100%@1420] EMC_FREQ 0% GR3D_FREQ 0% AUX@45.5C CPU@47C thermal@46.3C AO@45.5C GPU@46C PMIC@50C
09-27-2026 19:50:25 RAM 4694/6833MB (lfb 31x4MB) SWAP 1070/3416MB (cached 0MB) CPU [9%@1420,10%@1420,4%@1420,5%@1420,2%@1420,100%@1420] EMC_FREQ 0% GR3D_FREQ 0% AUX@45.5C CPU@47C thermal@45.95C AO@45.5C GPU@46C PMIC@50C
09-27-2026 19:50:26 RAM 4694/6833MB (lfb 31x4MB) SWAP 1070/3416MB (cached 0MB) CPU [10%@1420,7%@1420,6%@1420,4%@1420,2%@1420,100%@1420] EMC_FREQ 0% GR3D_FREQ 0% AUX@45.5C CPU@47C thermal@46.1C AO@45.5C GPU@45.5C PMIC@50C
09-27-2026 19:50:27 RAM 4695/6833MB (lfb 31x4MB) SWAP 1070/3416MB (cached 0MB) CPU [18%@1420,8%@1420,6%@1420,5%@1420,0%@1420,100%@1420] EMC_FREQ 0% GR3D_FREQ 0% AUX@45.5C CPU@46.5C thermal@45.8C AO@45.5C GPU@45.5C PMIC@50C
09-27-2026 19:50:28 RAM 4694/6833MB (lfb 24x4MB) SWAP 1070/3416MB (cached 0MB) CPU [13%@1420,12%@1420,11%@1420,9%@1420,7%@1420,100%@1420] EMC_FREQ 0% GR3D_FREQ 0% AUX@45.5C CPU@46.5C thermal@46.55C AO@45.5C GPU@45.5C PMIC@50C
09-27-2026 19:50:29 RAM 4694/6833MB (lfb 24x4MB) SWAP 1070/3416MB (cached 0MB) CPU [8%@1420,5%@1420,1%@1420,9%@1420,8%@1420,100%@1420] EMC_FREQ 0% GR3D_FREQ 0% AUX@45.5C CPU@46.5C thermal@45.8C AO@45.5C GPU@45.5C PMIC@50C
09-27-2026 19:50:30 RAM 4694/6833MB (lfb 24x4MB) SWAP 1070/3416MB (cached 0MB) CPU [8%@1420,4%@1420,3%@1420,11%@1420,6%@1420,100%@1420] EMC_FREQ 0% GR3D_FREQ 0% AUX@45C CPU@46.5C thermal@45.8C AO@45C GPU@45.5C PMIC@50C
09-27-2026 19:50:31 RAM 4694/6833MB (lfb 24x4MB) SWAP 1070/3416MB (cached 0MB) CPU [6%@1420,5%@1420,11%@1420,5%@1420,5%@1420,100%@1420] EMC_FREQ 0% GR3D_FREQ 0% AUX@45.5C CPU@46.5C thermal@45.6C AO@45C GPU@45.5C PMIC@50C
09-27-2026 19:50:32 RAM 4815/6833MB (lfb 24x4MB) SWAP 1070/3416MB (cached 0MB) CPU [42%@1420,31%@1420,34%@1420,80%@1420,27%@1420,100%@1420] EMC_FREQ 0% GR3D_FREQ 0% AUX@45C CPU@46.5C thermal@45.8C AO@45C GPU@45.5C PMIC@50C
09-27-2026 19:50:33 RAM 4820/6833MB (lfb 31x4MB) SWAP 1070/3416MB (cached 0MB) CPU [27%@1420,26%@1420,24%@1420,92%@1420,21%@1420,100%@1420] EMC_FREQ 0% GR3D_FREQ 0% AUX@45C CPU@47C thermal@45.8C AO@45.5C GPU@46.5C PMIC@50C
09-27-2026 19:50:34 RAM 4694/6833MB (lfb 31x4MB) SWAP 1070/3416MB (cached 0MB) CPU [19%@1420,11%@1420,5%@1420,2%@1420,7%@1420,100%@1420] EMC_FREQ 0% GR3D_FREQ 0% AUX@45C CPU@46.5C thermal@45.75C AO@45C GPU@45.5C PMIC@50C
09-27-2026 19:50:35 RAM 4693/6833MB (lfb 31x4MB) SWAP 1070/3416MB (cached 0MB) CPU [12%@1420,8%@1420,4%@1420,4%@1420,4%@1420,100%@1420] EMC_FREQ 0% GR3D_FREQ 0% AUX@45C CPU@46.5C thermal@45.45C AO@45C GPU@45C PMIC@50C
09-27-2026 19:50:36 RAM 4693/6833MB (lfb 31x4MB) SWAP 1070/3416MB (cached 0MB) CPU [10%@1420,6%@1420,2%@1420,0%@1420,8%@1420,100%@1420] EMC_FREQ 0% GR3D_FREQ 0% AUX@45C CPU@46.5C thermal@45.45C AO@45C GPU@45.5C PMIC@50C
09-27-2026 19:50:37 RAM 4693/6833MB (lfb 31x4MB) SWAP 1070/3416MB (cached 0MB) CPU [9%@1420,9%@1420,4%@1420,8%@1420,0%@1420,100%@1420] EMC_FREQ 0% GR3D_FREQ 0% AUX@45C CPU@46C thermal@45.6C AO@45C GPU@45C PMIC@50C
09-27-2026 19:50:38 RAM 4694/6833MB (lfb 24x4MB) SWAP 1070/3416MB (cached 0MB) CPU [12%@1420,33%@1420,18%@1420,10%@1420,3%@1420,100%@1420] EMC_FREQ 0% GR3D_FREQ 80% AUX@45C CPU@46.5C thermal@45.45C AO@45C GPU@46C PMIC@50C
09-27-2026 19:50:39 RAM 4694/6833MB (lfb 24x4MB) SWAP 1070/3416MB (cached 0MB) CPU [7%@1420,7%@1420,9%@1420,7%@1420,2%@1420,100%@1420] EMC_FREQ 0% GR3D_FREQ 0% AUX@45C CPU@46.5C thermal@45.6C AO@45C GPU@45C PMIC@50C
09-27-2026 19:50:40 RAM 4694/6833MB (lfb 24x4MB) SWAP 1070/3416MB (cached 0MB) CPU [8%@1420,8%@1420,6%@1420,5%@1420,1%@1420,100%@1420] EMC_FREQ 0% GR3D_FREQ 0% AUX@45C CPU@46C thermal@45.3C AO@45C GPU@45C PMIC@50C
09-27-2026 19:50:41 RAM 4694/6833MB (lfb 24x4MB) SWAP 1070/3416MB (cached 0MB) CPU [6%@1420,8%@1420,11%@1420,3%@1420,2%@1420,100%@1420] EMC_FREQ 0% GR3D_FREQ 0% AUX@45C CPU@46C thermal@45.3C AO@45C GPU@45C PMIC@50C
09-27-2026 19:50:42 RAM 4814/6833MB (lfb 24x4MB) SWAP 1070/3416MB (cached 0MB) CPU [34%@1420,30%@1420,83%@1420,23%@1420,26%@1420,100%@1420] EMC_FREQ 0% GR3D_FREQ 0% AUX@45C CPU@46.5C thermal@45.3C AO@44.5C GPU@45C PMIC@50C
09-27-2026 19:50:43 RAM 4814/6833MB (lfb 24x4MB) SWAP 1070/3416MB (cached 0MB) CPU [12%@1420,21%@1420,100%@1420,7%@1420,21%@1420,100%@1420] EMC_FREQ 0% GR3D_FREQ 0% AUX@45C CPU@46.5C thermal@45.45C AO@44.5C GPU@45C PMIC@50C
09-27-2026 19:50:44 RAM 4812/6833MB (lfb 31x4MB) SWAP 1070/3416MB (cached 0MB) CPU [27%@1420,21%@1420,28%@1420,18%@1420,9%@1420,100%@1420] EMC_FREQ 0% GR3D_FREQ 0% AUX@45C CPU@46C thermal@45.3C AO@44.5C GPU@45C PMIC@50C
09-27-2026 19:50:45 RAM 4693/6833MB (lfb 31x4MB) SWAP 1070/3416MB (cached 0MB) CPU [8%@1420,8%@1420,12%@1420,8%@1420,2%@1420,100%@1420] EMC_FREQ 0% GR3D_FREQ 0% AUX@45C CPU@46C thermal@45.3C AO@44.5C GPU@45C PMIC@50C
09-27-2026 19:50:46 RAM 4692/6833MB (lfb 31x4MB) SWAP 1070/3416MB (cached 0MB) CPU [4%@1420,5%@1420,5%@1420,11%@1420,5%@1420,100%@1420] EMC_FREQ 0% GR3D_FREQ 0% AUX@45C CPU@45.5C thermal@45.3C AO@44.5C GPU@45C PMIC@50C
09-27-2026 19:50:47 RAM 4692/6833MB (lfb 31x4MB) SWAP 1070/3416MB (cached 0MB) CPU [7%@1420,5%@1420,8%@1420,5%@1420,3%@1420,100%@1420] EMC_FREQ 0% GR3D_FREQ 0% AUX@45C CPU@46C thermal@45.15C AO@44.5C GPU@44.5C PMIC@50C
09-27-2026 19:50:48 RAM 4692/6833MB (lfb 31x4MB) SWAP 1070/3416MB (cached 0MB) CPU [17%@1420,10%@1420,6%@1420,7%@1420,3%@1420,100%@1420] EMC_FREQ 0% GR3D_FREQ 0% AUX@45C CPU@46C thermal@45.15C AO@44.5C GPU@45C PMIC@50C
09-27-2026 19:50:49 RAM 4692/6833MB (lfb 24x4MB) SWAP 1070/3416MB (cached 0MB) CPU [11%@1420,13%@1420,5%@1420,14%@1420,4%@1420,100%@1420] EMC_FREQ 0% GR3D_FREQ 0% AUX@45C CPU@46C thermal@45.6C AO@45C GPU@45C PMIC@50C
09-27-2026 19:50:50 RAM 4692/6833MB (lfb 24x4MB) SWAP 1070/3416MB (cached 0MB) CPU [11%@1420,7%@1420,5%@1420,6%@1420,1%@1420,100%@1420] EMC_FREQ 0% GR3D_FREQ 0% AUX@44.5C CPU@46C thermal@45.15C AO@44.5C GPU@44.5C PMIC@50C
09-27-2026 19:50:51 RAM 4692/6833MB (lfb 24x4MB) SWAP 1070/3416MB (cached 0MB) CPU [7%@1420,6%@1420,9%@1420,6%@1420,2%@1420,100%@1420] EMC_FREQ 0% GR3D_FREQ 0% AUX@45C CPU@46C thermal@45.15C AO@44.5C GPU@45C PMIC@50C
09-27-2026 19:50:52 RAM 4692/6833MB (lfb 24x4MB) SWAP 1070/3416MB (cached 0MB) CPU [6%@1420,5%@1420,11%@1420,5%@1420,1%@1420,100%@1420] EMC_FREQ 0% GR3D_FREQ 0% AUX@45C CPU@46C thermal@45.15C AO@44.5C GPU@45C PMIC@50C
09-27-2026 19:50:53 RAM 4729/6833MB (lfb 24x4MB) SWAP 1070/3416MB (cached 0MB) CPU [39%@1420,44%@1420,39%@1420,39%@1420,27%@1420,100%@1420] EMC_FREQ 0% GR3D_FREQ 0% AUX@45C CPU@46.5C thermal@45.3C AO@44.5C GPU@45C PMIC@50C
09-27-2026 19:50:54 RAM 4802/6833MB (lfb 29x4MB) SWAP 1070/3416MB (cached 0MB) CPU [79%@1420,79%@1420,95%@1420,83%@1420,77%@1420,100%@1420] EMC_FREQ 0% GR3D_FREQ 0% AUX@45C CPU@46.5C thermal@45.45C AO@45C GPU@45C PMIC@50C
09-27-2026 19:50:55 RAM 4832/6833MB (lfb 29x4MB) SWAP 1070/3416MB (cached 0MB) CPU [61%@1420,61%@1420,30%@1420,27%@1420,29%@1420,100%@1420] EMC_FREQ 0% GR3D_FREQ 0% AUX@45.5C CPU@47C thermal@45.75C AO@45C GPU@45.5C PMIC@50C
09-27-2026 19:50:56 RAM 4707/6833MB (lfb 29x4MB) SWAP 1070/3416MB (cached 0MB) CPU [24%@1420,36%@1420,39%@1420,23%@1420,14%@1420,100%@1420] EMC_FREQ 0% GR3D_FREQ 0% AUX@45C CPU@46.5C thermal@45.75C AO@45C GPU@45.5C PMIC@50C
09-27-2026 19:50:57 RAM 4707/6833MB (lfb 29x4MB) SWAP 1070/3416MB (cached 0MB) CPU [6%@1420,2%@1420,9%@1420,5%@1420,2%@1420,100%@1420] EMC_FREQ 0% GR3D_FREQ 0% AUX@45.5C CPU@46.5C thermal@45.6C AO@45.5C GPU@45.5C PMIC@50C
09-27-2026 19:50:58 RAM 4707/6833MB (lfb 29x4MB) SWAP 1070/3416MB (cached 0MB) CPU [6%@1420,5%@1420,11%@1420,4%@1420,2%@1420,100%@1420] EMC_FREQ 0% GR3D_FREQ 0% AUX@45.5C CPU@46.5C thermal@45.95C AO@45.5C GPU@45.5C PMIC@50C
09-27-2026 19:50:59 RAM 4706/6833MB (lfb 29x4MB) SWAP 1070/3416MB (cached 0MB) CPU [16%@1420,6%@1420,9%@1420,5%@1420,5%@1420,100%@1420] EMC_FREQ 0% GR3D_FREQ 0% AUX@45.5C CPU@46.5C thermal@45.8C AO@45.5C GPU@45.5C PMIC@50C
09-27-2026 19:51:00 RAM 4706/6833MB (lfb 21x4MB) SWAP 1070/3416MB (cached 0MB) CPU [9%@1420,8%@1420,8%@1420,20%@1420,4%@1420,100%@1420] EMC_FREQ 0% GR3D_FREQ 0% AUX@45.5C CPU@47C thermal@45.95C AO@45.5C GPU@46C PMIC@50C
09-27-2026 19:51:01 RAM 4706/6833MB (lfb 21x4MB) SWAP 1070/3416MB (cached 0MB) CPU [6%@1420,7%@1420,7%@1420,6%@1420,1%@1420,100%@1420] EMC_FREQ 0% GR3D_FREQ 0% AUX@46C CPU@47C thermal@46.3C AO@45.5C GPU@46C PMIC@50C
09-27-2026 19:51:02 RAM 4706/6833MB (lfb 21x4MB) SWAP 1070/3416MB (cached 0MB) CPU [6%@1420,5%@1420,10%@1420,3%@1420,2%@1420,100%@1420] EMC_FREQ 0% GR3D_FREQ 0% AUX@46C CPU@47C thermal@46.3C AO@46C GPU@46C PMIC@50C
09-27-2026 19:51:03 RAM 4706/6833MB (lfb 21x4MB) SWAP 1070/3416MB (cached 0MB) CPU [8%@1420,7%@1420,7%@1420,5%@1420,3%@1420,100%@1420] EMC_FREQ 0% GR3D_FREQ 0% AUX@46C CPU@47C thermal@46.1C AO@46C GPU@46C PMIC@50C
09-27-2026 19:51:04 RAM 4819/6833MB (lfb 21x4MB) SWAP 1070/3416MB (cached 0MB) CPU [32%@1420,55%@1420,27%@1420,29%@1420,25%@1420,100%@1420] EMC_FREQ 0% GR3D_FREQ 0% AUX@46C CPU@48C thermal@46.45C AO@46C GPU@46C PMIC@50C
09-27-2026 19:51:05 RAM 4828/6833MB (lfb 32x4MB) SWAP 1070/3416MB (cached 0MB) CPU [50%@1420,61%@1420,41%@1420,37%@1420,14%@1420,100%@1420] EMC_FREQ 0% GR3D_FREQ 52% AUX@46C CPU@48C thermal@46.45C AO@46C GPU@48C PMIC@50C
09-27-2026 19:51:06 RAM 4707/6833MB (lfb 32x4MB) SWAP 1070/3416MB (cached 0MB) CPU [22%@1420,17%@1420,25%@1420,16%@1420,11%@1420,100%@1420] EMC_FREQ 0% GR3D_FREQ 0% AUX@46C CPU@47.5C thermal@46.6C AO@46C GPU@46C PMIC@50C
09-27-2026 19:51:07 RAM 4707/6833MB (lfb 32x4MB) SWAP 1070/3416MB (cached 0MB) CPU [6%@1420,7%@1420,8%@1420,6%@1420,4%@1420,100%@1420] EMC_FREQ 0% GR3D_FREQ 0% AUX@46C CPU@47C thermal@46.6C AO@46C GPU@46C PMIC@50C
09-27-2026 19:51:08 RAM 4707/6833MB (lfb 32x4MB) SWAP 1070/3416MB (cached 0MB) CPU [8%@1420,8%@1420,4%@1420,8%@1420,1%@1420,100%@1420] EMC_FREQ 0% GR3D_FREQ 0% AUX@46C CPU@47.5C thermal@46.45C AO@46C GPU@46C PMIC@50C
09-27-2026 19:51:09 RAM 4707/6833MB (lfb 32x4MB) SWAP 1070/3416MB (cached 0MB) CPU [20%@1420,10%@1420,4%@1420,6%@1420,0%@1420,100%@1420] EMC_FREQ 0% GR3D_FREQ 0% AUX@45.5C CPU@47C thermal@46.45C AO@46C GPU@46C PMIC@50C
09-27-2026 19:51:10 RAM 4909/6833MB (lfb 29x4MB) SWAP 1070/3416MB (cached 0MB) CPU [7%@1420,16%@1420,6%@1420,7%@1420,1%@1420,100%@1420] EMC_FREQ 0% GR3D_FREQ 0% AUX@45.5C CPU@47.5C thermal@46.1C AO@46C GPU@45.5C PMIC@50C
09-27-2026 19:51:11 RAM 4709/6833MB (lfb 34x4MB) SWAP 1070/3416MB (cached 0MB) CPU [18%@1420,16%@1420,12%@1420,9%@1420,4%@1420,100%@1420] EMC_FREQ 0% GR3D_FREQ 0% AUX@45.5C CPU@47.5C thermal@46.1C AO@46C GPU@46C PMIC@50C
09-27-2026 19:51:12 RAM 4708/6833MB (lfb 34x4MB) SWAP 1070/3416MB (cached 0MB) CPU [34%@1420,31%@1420,22%@1420,27%@1420,12%@1420,100%@1420] EMC_FREQ 0% GR3D_FREQ 0% AUX@46C CPU@47C thermal@46.4C AO@46C GPU@46C PMIC@50C
09-27-2026 19:51:13 RAM 4709/6833MB (lfb 34x4MB) SWAP 1070/3416MB (cached 0MB) CPU [9%@1420,12%@1420,3%@1420,3%@1420,3%@1420,100%@1420] EMC_FREQ 0% GR3D_FREQ 0% AUX@45.5C CPU@47C thermal@46.1C AO@45.5C GPU@46C PMIC@50C
09-27-2026 19:51:14 RAM 4827/6833MB (lfb 31x4MB) SWAP 1070/3416MB (cached 0MB) CPU [54%@1420,42%@1420,47%@1420,34%@1420,39%@1420,100%@1420] EMC_FREQ 0% GR3D_FREQ 0% AUX@45.5C CPU@47C thermal@46.1C AO@46C GPU@45.5C PMIC@50C
09-27-2026 19:51:15 RAM 4827/6833MB (lfb 31x4MB) SWAP 1070/3416MB (cached 0MB) CPU [45%@1420,37%@1420,27%@1420,44%@1420,19%@1420,100%@1420] EMC_FREQ 0% GR3D_FREQ 0% AUX@45.5C CPU@47.5C thermal@46.25C AO@45.5C GPU@45.5C PMIC@50C
09-27-2026 19:51:16 RAM 4708/6833MB (lfb 22x4MB) SWAP 1070/3416MB (cached 0MB) CPU [15%@1420,24%@1420,7%@1420,11%@1420,7%@1420,100%@1420] EMC_FREQ 0% GR3D_FREQ 0% AUX@45.5C CPU@46.5C thermal@46.1C AO@45.5C GPU@46C PMIC@50C
09-27-2026 19:51:17 RAM 4708/6833MB (lfb 22x4MB) SWAP 1070/3416MB (cached 0MB) CPU [5%@1420,6%@1420,6%@1420,5%@1420,5%@1420,100%@1420] EMC_FREQ 0% GR3D_FREQ 0% AUX@45.5C CPU@46.5C thermal@45.95C AO@45.5C GPU@46C PMIC@50C
09-27-2026 19:51:18 RAM 4708/6833MB (lfb 22x4MB) SWAP 1070/3416MB (cached 0MB) CPU [6%@1420,5%@1420,5%@1420,4%@1420,8%@1420,100%@1420] EMC_FREQ 0% GR3D_FREQ 0% AUX@45.5C CPU@46.5C thermal@45.95C AO@45.5C GPU@45.5C PMIC@50C
09-27-2026 19:51:19 RAM 4708/6833MB (lfb 22x4MB) SWAP 1070/3416MB (cached 0MB) CPU [6%@1420,7%@1420,18%@1420,4%@1420,7%@1420,100%@1420] EMC_FREQ 0% GR3D_FREQ 0% AUX@45.5C CPU@46.5C thermal@45.75C AO@45.5C GPU@45.5C PMIC@50C
09-27-2026 19:51:20 RAM 4708/6833MB (lfb 22x4MB) SWAP 1070/3416MB (cached 0MB) CPU [9%@1420,14%@1420,4%@1420,1%@1420,9%@1420,100%@1420] EMC_FREQ 0% GR3D_FREQ 0% AUX@45.5C CPU@46.5C thermal@45.8C AO@45C GPU@45.5C PMIC@50C
09-27-2026 19:51:21 RAM 4708/6833MB (lfb 32x4MB) SWAP 1070/3416MB (cached 0MB) CPU [21%@1420,10%@1420,4%@1420,5%@1420,8%@1420,100%@1420] EMC_FREQ 0% GR3D_FREQ 0% AUX@45.5C CPU@46.5C thermal@45.95C AO@45.5C GPU@46C PMIC@50C
09-27-2026 19:51:22 RAM 4708/6833MB (lfb 32x4MB) SWAP 1070/3416MB (cached 0MB) CPU [9%@1420,8%@1420,3%@1420,3%@1420,4%@1420,100%@1420] EMC_FREQ 0% GR3D_FREQ 0% AUX@45.5C CPU@46.5C thermal@45.95C AO@45.5C GPU@45.5C PMIC@50C
09-27-2026 19:51:23 RAM 4735/6833MB (lfb 32x4MB) SWAP 1070/3416MB (cached 0MB) CPU [20%@1420,14%@1420,6%@1420,9%@1420,10%@1420,100%@1420] EMC_FREQ 0% GR3D_FREQ 0% AUX@45.5C CPU@46.5C thermal@45.8C AO@45.5C GPU@45.5C PMIC@50C
09-27-2026 19:51:24 RAM 4826/6833MB (lfb 31x4MB) SWAP 1070/3416MB (cached 0MB) CPU [55%@1420,47%@1420,62%@1420,39%@1420,26%@1420,100%@1420] EMC_FREQ 0% GR3D_FREQ 0% AUX@45C CPU@47C thermal@45.95C AO@45C GPU@45.5C PMIC@50C
09-27-2026 19:51:26 RAM 4707/6833MB (lfb 31x4MB) SWAP 1070/3416MB (cached 0MB) CPU [30%@1420,25%@1420,28%@1420,32%@1420,16%@1420,100%@1420] EMC_FREQ 0% GR3D_FREQ 0% AUX@45.5C CPU@46.5C thermal@45.8C AO@45C GPU@45.5C PMIC@50C
09-27-2026 19:51:27 RAM 4705/6833MB (lfb 22x4MB) SWAP 1070/3416MB (cached 0MB) CPU [11%@1420,15%@1420,10%@1420,2%@1420,10%@1420,100%@1420] EMC_FREQ 0% GR3D_FREQ 99% AUX@45C CPU@46.5C thermal@45.6C AO@45C GPU@45.5C PMIC@50C
09-27-2026 19:51:28 RAM 4705/6833MB (lfb 22x4MB) SWAP 1070/3416MB (cached 0MB) CPU [7%@1420,12%@1420,5%@1420,3%@1420,4%@1420,100%@1420] EMC_FREQ 0% GR3D_FREQ 0% AUX@45C CPU@46.5C thermal@45.6C AO@45C GPU@45C PMIC@50C
09-27-2026 19:51:29 RAM 4705/6833MB (lfb 22x4MB) SWAP 1070/3416MB (cached 0MB) CPU [12%@1420,5%@1420,4%@1420,5%@1420,2%@1420,100%@1420] EMC_FREQ 0% GR3D_FREQ 0% AUX@45C CPU@46.5C thermal@45.6C AO@45C GPU@45.5C PMIC@50C
09-27-2026 19:51:30 RAM 4705/6833MB (lfb 22x4MB) SWAP 1070/3416MB (cached 0MB) CPU [12%@1420,16%@1420,6%@1420,6%@1420,3%@1420,100%@1420] EMC_FREQ 0% GR3D_FREQ 0% AUX@45C CPU@46.5C thermal@45.45C AO@45C GPU@45.5C PMIC@50C
09-27-2026 19:51:31 RAM 4705/6833MB (lfb 22x4MB) SWAP 1070/3416MB (cached 0MB) CPU [19%@1420,6%@1420,8%@1420,2%@1420,4%@1420,100%@1420] EMC_FREQ 0% GR3D_FREQ 0% AUX@45C CPU@46C thermal@45.3C AO@44.5C GPU@45C PMIC@50C
09-27-2026 19:51:32 RAM 4705/6833MB (lfb 22x4MB) SWAP 1070/3416MB (cached 0MB) CPU [5%@1420,8%@1420,8%@1420,7%@1420,4%@1420,100%@1420] EMC_FREQ 0% GR3D_FREQ 0% AUX@45C CPU@46.5C thermal@45.3C AO@45C GPU@45C PMIC@50C
09-27-2026 19:51:33 RAM 4706/6833MB (lfb 31x4MB) SWAP 1070/3416MB (cached 0MB) CPU [10%@1420,13%@1420,14%@1420,10%@1420,3%@1420,100%@1420] EMC_FREQ 0% GR3D_FREQ 0% AUX@45C CPU@46C thermal@45.3C AO@45C GPU@45.5C PMIC@50C
09-27-2026 19:51:34 RAM 4818/6833MB (lfb 31x4MB) SWAP 1070/3416MB (cached 0MB) CPU [43%@1420,29%@1420,29%@1420,31%@1420,25%@1420,100%@1420] EMC_FREQ 0% GR3D_FREQ 0% AUX@45C CPU@46.5C thermal@45.3C AO@45C GPU@45C PMIC@50C
09-27-2026 19:51:35 RAM 4819/6833MB (lfb 31x4MB) SWAP 1070/3416MB (cached 0MB) CPU [100%@1420,15%@1420,8%@1420,8%@1420,6%@1420,100%@1420] EMC_FREQ 0% GR3D_FREQ 0% AUX@45C CPU@46C thermal@45.45C AO@45C GPU@45.5C PMIC@50C
09-27-2026 19:51:36 RAM 4697/6833MB (lfb 31x4MB) SWAP 1070/3416MB (cached 0MB) CPU [20%@1420,43%@1420,58%@1420,12%@1420,15%@1420,100%@1420] EMC_FREQ 0% GR3D_FREQ 0% AUX@45C CPU@46.5C thermal@45.45C AO@44.5C GPU@45C PMIC@50C
09-27-2026 19:51:37 RAM 4697/6833MB (lfb 31x4MB) SWAP 1070/3416MB (cached 0MB) CPU [3%@1420,4%@1420,3%@1420,5%@1420,11%@1420,100%@1420] EMC_FREQ 0% GR3D_FREQ 0% AUX@45C CPU@45.5C thermal@45.45C AO@44.5C GPU@45C PMIC@50C
09-27-2026 19:51:38 RAM 4695/6833MB (lfb 22x4MB) SWAP 1070/3416MB (cached 0MB) CPU [9%@1420,11%@1420,5%@1420,12%@1420,7%@1420,100%@1420] EMC_FREQ 0% GR3D_FREQ 0% AUX@45C CPU@46C thermal@45.75C AO@45C GPU@45C PMIC@50C
09-27-2026 19:51:39 RAM 4695/6833MB (lfb 22x4MB) SWAP 1070/3416MB (cached 0MB) CPU [7%@1420,7%@1420,2%@1420,5%@1420,5%@1420,100%@1420] EMC_FREQ 0% GR3D_FREQ 0% AUX@45C CPU@46C thermal@45.3C AO@44.5C GPU@45C PMIC@50C
09-27-2026 19:51:40 RAM 4695/6833MB (lfb 22x4MB) SWAP 1070/3416MB (cached 0MB) CPU [6%@1420,6%@1420,10%@1420,4%@1420,4%@1420,100%@1420] EMC_FREQ 0% GR3D_FREQ 0% AUX@45C CPU@46C thermal@45.3C AO@45C GPU@45C PMIC@50C
09-27-2026 19:51:41 RAM 4695/6833MB (lfb 22x4MB) SWAP 1070/3416MB (cached 0MB) CPU [18%@1420,6%@1420,7%@1420,7%@1420,4%@1420,100%@1420] EMC_FREQ 0% GR3D_FREQ 0% AUX@44.5C CPU@45.5C thermal@45C AO@44.5C GPU@44.5C PMIC@50C
09-27-2026 19:51:42 RAM 4695/6833MB (lfb 22x4MB) SWAP 1070/3416MB (cached 0MB) CPU [5%@1420,7%@1420,4%@1420,8%@1420,2%@1420,100%@1420] EMC_FREQ 0% GR3D_FREQ 0% AUX@44.5C CPU@46C thermal@44.95C AO@44.5C GPU@44.5C PMIC@50C
09-27-2026 19:51:43 RAM 4695/6833MB (lfb 31x4MB) SWAP 1070/3416MB (cached 0MB) CPU [8%@1420,6%@1420,17%@1420,11%@1420,8%@1420,100%@1420] EMC_FREQ 0% GR3D_FREQ 60% AUX@44.5C CPU@46C thermal@44.95C AO@45C GPU@46.5C PMIC@50C
09-27-2026 19:51:44 RAM 4802/6833MB (lfb 31x4MB) SWAP 1070/3416MB (cached 0MB) CPU [28%@1420,26%@1420,30%@1420,32%@1420,24%@1420,100%@1420] EMC_FREQ 0% GR3D_FREQ 0% AUX@44.5C CPU@46C thermal@45.25C AO@45C GPU@45C PMIC@50C
09-27-2026 19:51:45 RAM 4816/6833MB (lfb 31x4MB) SWAP 1070/3416MB (cached 0MB) CPU [10%@1420,7%@1420,100%@1420,12%@1420,6%@1420,100%@1420] EMC_FREQ 0% GR3D_FREQ 0% AUX@45C CPU@46C thermal@45.3C AO@45C GPU@45C PMIC@50C
09-27-2026 19:51:46 RAM 4695/6833MB (lfb 31x4MB) SWAP 1070/3416MB (cached 0MB) CPU [25%@1420,28%@1420,60%@1420,11%@1420,9%@1420,100%@1420] EMC_FREQ 0% GR3D_FREQ 0% AUX@45C CPU@46C thermal@45.3C AO@45C GPU@45C PMIC@50C
09-27-2026 19:51:47 RAM 4695/6833MB (lfb 31x4MB) SWAP 1070/3416MB (cached 0MB) CPU [9%@1420,5%@1420,4%@1420,9%@1420,2%@1420,100%@1420] EMC_FREQ 0% GR3D_FREQ 0% AUX@45C CPU@46C thermal@45.45C AO@45C GPU@45.5C PMIC@50C
09-27-2026 19:51:48 RAM 4850/6833MB (lfb 14x4MB) SWAP 1070/3416MB (cached 0MB) CPU [5%@1420,7%@1420,9%@1420,9%@1420,2%@1420,100%@1420] EMC_FREQ 0% GR3D_FREQ 0% AUX@45C CPU@46.5C thermal@45.6C AO@45.5C GPU@45.5C PMIC@50C
09-27-2026 19:51:49 RAM 4694/6833MB (lfb 22x4MB) SWAP 1070/3416MB (cached 0MB) CPU [13%@1420,16%@1420,8%@1420,4%@1420,3%@1420,100%@1420] EMC_FREQ 0% GR3D_FREQ 0% AUX@45.5C CPU@46.5C thermal@45.8C AO@45C GPU@45.5C PMIC@50C
09-27-2026 19:51:50 RAM 4694/6833MB (lfb 22x4MB) SWAP 1070/3416MB (cached 0MB) CPU [9%@1420,9%@1420,6%@1420,3%@1420,1%@1420,100%@1420] EMC_FREQ 0% GR3D_FREQ 0% AUX@45C CPU@46.5C thermal@45.6C AO@45.5C GPU@45.5C PMIC@50C
09-27-2026 19:51:51 RAM 4694/6833MB (lfb 22x4MB) SWAP 1070/3416MB (cached 0MB) CPU [9%@1420,6%@1420,11%@1420,9%@1420,4%@1420,95%@1420] EMC_FREQ 0% GR3D_FREQ 0% AUX@45.5C CPU@46.5C thermal@45.8C AO@45.5C GPU@45.5C PMIC@50C
09-27-2026 19:51:52 RAM 4694/6833MB (lfb 22x4MB) SWAP 1070/3416MB (cached 0MB) CPU [12%@1420,9%@1420,4%@1420,11%@1420,97%@1420,5%@1420] EMC_FREQ 0% GR3D_FREQ 0% AUX@45.5C CPU@46.5C thermal@45.8C AO@45.5C GPU@46C PMIC@50C
09-27-2026 19:51:53 RAM 4694/6833MB (lfb 22x4MB) SWAP 1070/3416MB (cached 0MB) CPU [6%@1420,4%@1420,9%@1420,5%@1420,100%@1420,3%@1420] EMC_FREQ 0% GR3D_FREQ 0% AUX@45.5C CPU@46.5C thermal@45.8C AO@45.5C GPU@46C PMIC@50C
09-27-2026 19:51:54 RAM 4813/6833MB (lfb 31x4MB) SWAP 1070/3416MB (cached 0MB) CPU [35%@1420,40%@1420,36%@1420,31%@1420,100%@1420,33%@1420] EMC_FREQ 0% GR3D_FREQ 0% AUX@46C CPU@47.5C thermal@45.95C AO@46C GPU@46C PMIC@50C
09-27-2026 19:51:55 RAM 4825/6833MB (lfb 30x4MB) SWAP 1070/3416MB (cached 0MB) CPU [33%@1420,69%@1420,16%@1420,23%@1420,100%@1420,14%@1420] EMC_FREQ 0% GR3D_FREQ 0% AUX@46C CPU@47.5C thermal@46.25C AO@46C GPU@46C PMIC@50C
09-27-2026 19:51:56 RAM 4714/6833MB (lfb 30x4MB) SWAP 1070/3416MB (cached 0MB) CPU [51%@1420,44%@1420,32%@1420,34%@1420,100%@1420,21%@1420] EMC_FREQ 0% GR3D_FREQ 0% AUX@46C CPU@47C thermal@46.45C AO@46C GPU@46C PMIC@50C
09-27-2026 19:51:57 RAM 4713/6833MB (lfb 30x4MB) SWAP 1070/3416MB (cached 0MB) CPU [12%@1420,14%@1420,7%@1420,20%@1420,100%@1420,3%@1420] EMC_FREQ 0% GR3D_FREQ 0% AUX@45.5C CPU@47C thermal@46.3C AO@46C GPU@45.5C PMIC@50C
09-27-2026 19:51:58 RAM 4713/6833MB (lfb 30x4MB) SWAP 1070/3416MB (cached 0MB) CPU [10%@1420,8%@1420,6%@1420,5%@1420,100%@1420,1%@1420] EMC_FREQ 0% GR3D_FREQ 0% AUX@45.5C CPU@46.5C thermal@46.3C AO@45.5C GPU@45.5C PMIC@50C
09-27-2026 19:51:59 RAM 4709/6833MB (lfb 22x4MB) SWAP 1070/3416MB (cached 0MB) CPU [12%@1420,11%@1420,11%@1420,16%@1420,100%@1420,6%@1420] EMC_FREQ 0% GR3D_FREQ 0% AUX@45.5C CPU@47C thermal@45.95C AO@46C GPU@46C PMIC@50C
09-27-2026 19:52:00 RAM 4709/6833MB (lfb 22x4MB) SWAP 1070/3416MB (cached 0MB) CPU [7%@1420,7%@1420,6%@1420,9%@1420,100%@1420,4%@1420] EMC_FREQ 0% GR3D_FREQ 0% AUX@45.5C CPU@47C thermal@46.1C AO@46C GPU@46C PMIC@50C
09-27-2026 19:52:01 RAM 4709/6833MB (lfb 22x4MB) SWAP 1070/3416MB (cached 0MB) CPU [6%@1420,3%@1420,5%@1420,8%@1420,100%@1420,5%@1420] EMC_FREQ 0% GR3D_FREQ 0% AUX@45.5C CPU@47C thermal@45.95C AO@45.5C GPU@46C PMIC@50C
09-27-2026 19:52:02 RAM 4710/6833MB (lfb 22x4MB) SWAP 1070/3416MB (cached 0MB) CPU [8%@1420,8%@1420,6%@1420,19%@1420,100%@1420,4%@1420] EMC_FREQ 0% GR3D_FREQ 0% AUX@45.5C CPU@47C thermal@45.8C AO@45.5C GPU@46C PMIC@50C
09-27-2026 19:52:03 RAM 4713/6833MB (lfb 22x4MB) SWAP 1070/3416MB (cached 0MB) CPU [26%@1420,24%@1420,27%@1420,22%@1420,100%@1420,12%@1420] EMC_FREQ 0% GR3D_FREQ 0% AUX@45.5C CPU@47C thermal@45.95C AO@45.5C GPU@45.5C PMIC@50C
09-27-2026 19:52:04 RAM 4829/6833MB (lfb 30x4MB) SWAP 1070/3416MB (cached 0MB) CPU [53%@1420,64%@1420,53%@1420,56%@1420,100%@1420,48%@1420] EMC_FREQ 0% GR3D_FREQ 0% AUX@45.5C CPU@47C thermal@45.95C AO@45.5C GPU@45.5C PMIC@50C
09-27-2026 19:52:05 RAM 4715/6833MB (lfb 33x4MB) SWAP 1070/3416MB (cached 0MB) CPU [60%@1420,37%@1420,27%@1420,30%@1420,100%@1420,19%@1420] EMC_FREQ 0% GR3D_FREQ 0% AUX@45.5C CPU@47C thermal@45.95C AO@45.5C GPU@46C PMIC@50C
09-27-2026 19:52:06 RAM 4713/6833MB (lfb 33x4MB) SWAP 1070/3416MB (cached 0MB) CPU [9%@1420,7%@1420,6%@1420,16%@1420,100%@1420,8%@1420] EMC_FREQ 0% GR3D_FREQ 0% AUX@45.5C CPU@46.5C thermal@46.1C AO@45.5C GPU@45.5C PMIC@50C
09-27-2026 19:52:07 RAM 4713/6833MB (lfb 33x4MB) SWAP 1070/3416MB (cached 0MB) CPU [13%@1420,12%@1420,3%@1420,13%@1420,100%@1420,3%@1420] EMC_FREQ 0% GR3D_FREQ 0% AUX@45.5C CPU@46.5C thermal@45.95C AO@45.5C GPU@45.5C PMIC@50C
09-27-2026 19:52:08 RAM 4713/6833MB (lfb 33x4MB) SWAP 1070/3416MB (cached 0MB) CPU [11%@1420,9%@1420,4%@1420,5%@1420,100%@1420,3%@1420] EMC_FREQ 0% GR3D_FREQ 0% AUX@45C CPU@46.5C thermal@45.8C AO@45.5C GPU@45.5C PMIC@50C
09-27-2026 19:52:09 RAM 4713/6833MB (lfb 33x4MB) SWAP 1070/3416MB (cached 0MB) CPU [8%@1420,7%@1420,8%@1420,4%@1420,100%@1420,4%@1420] EMC_FREQ 0% GR3D_FREQ 0% AUX@45C CPU@46C thermal@45.65C AO@45C GPU@45C PMIC@50C
09-27-2026 19:52:10 RAM 4714/6833MB (lfb 36x4MB) SWAP 1070/3416MB (cached 0MB) CPU [28%@1420,14%@1420,48%@1420,13%@1420,37%@1420,12%@1420] EMC_FREQ 0% GR3D_FREQ 0% AUX@45C CPU@46C thermal@46.1C AO@45C GPU@45.5C PMIC@50C
09-27-2026 19:52:11 RAM 4714/6833MB (lfb 36x4MB) SWAP 1070/3416MB (cached 0MB) CPU [9%@1420,7%@1420,74%@1420,15%@1420,27%@1420,8%@1420] EMC_FREQ 0% GR3D_FREQ 0% AUX@45C CPU@46.5C thermal@45.3C AO@45C GPU@45C PMIC@50C
09-27-2026 19:52:12 RAM 4714/6833MB (lfb 36x4MB) SWAP 1070/3416MB (cached 0MB) CPU [9%@1420,12%@1420,15%@1420,1%@1420,100%@1420,5%@1420] EMC_FREQ 0% GR3D_FREQ 0% AUX@45C CPU@46.5C thermal@45.45C AO@45.5C GPU@45C PMIC@50C
09-27-2026 19:52:13 RAM 4723/6833MB (lfb 36x4MB) SWAP 1070/3416MB (cached 0MB) CPU [19%@1420,19%@1420,10%@1420,11%@1420,100%@1420,11%@1420] EMC_FREQ 0% GR3D_FREQ 0% AUX@45C CPU@47C thermal@45.75C AO@45C GPU@45.5C PMIC@50C
09-27-2026 19:52:14 RAM 4835/6833MB (lfb 36x4MB) SWAP 1070/3416MB (cached 0MB) CPU [88%@1420,60%@1420,69%@1420,52%@1420,66%@1420,64%@1420] EMC_FREQ 0% GR3D_FREQ 0% AUX@45C CPU@46.5C thermal@45.75C AO@45C GPU@45C PMIC@50C
09-27-2026 19:52:15 RAM 4705/6833MB (lfb 19x4MB) SWAP 1070/3416MB (cached 0MB) CPU [30%@1420,49%@1420,100%@1420,23%@1420,61%@1420,54%@1420] EMC_FREQ 0% GR3D_FREQ 99% AUX@45C CPU@46.5C thermal@45.45C AO@45C GPU@45.5C PMIC@50C
09-27-2026 19:52:16 RAM 4705/6833MB (lfb 19x4MB) SWAP 1070/3416MB (cached 0MB) CPU [12%@1420,9%@1420,100%@1420,3%@1420,4%@1420,19%@1420] EMC_FREQ 0% GR3D_FREQ 0% AUX@45C CPU@46C thermal@45.6C AO@45C GPU@45C PMIC@50C
09-27-2026 19:52:17 RAM 4705/6833MB (lfb 19x4MB) SWAP 1070/3416MB (cached 0MB) CPU [11%@1420,10%@1420,100%@1420,3%@1420,3%@1420,3%@1420] EMC_FREQ 0% GR3D_FREQ 0% AUX@45C CPU@46C thermal@45.3C AO@45C GPU@45.5C PMIC@50C
09-27-2026 19:52:18 RAM 4706/6833MB (lfb 19x4MB) SWAP 1070/3416MB (cached 0MB) CPU [6%@1420,15%@1420,100%@1420,1%@1420,10%@1420,9%@1420] EMC_FREQ 0% GR3D_FREQ 0% AUX@45C CPU@46C thermal@45.3C AO@45C GPU@45C PMIC@50C
09-27-2026 19:52:19 RAM 4706/6833MB (lfb 19x4MB) SWAP 1070/3416MB (cached 0MB) CPU [5%@1420,6%@1420,100%@1420,3%@1420,5%@1420,8%@1420] EMC_FREQ 0% GR3D_FREQ 0% AUX@45C CPU@46C thermal@45.3C AO@44.5C GPU@45C PMIC@50C
09-27-2026 19:52:20 RAM 4706/6833MB (lfb 19x4MB) SWAP 1070/3416MB (cached 0MB) CPU [6%@1420,7%@1420,100%@1420,2%@1420,6%@1420,8%@1420] EMC_FREQ 0% GR3D_FREQ 0% AUX@44.5C CPU@46C thermal@45.1C AO@45C GPU@45C PMIC@50C
09-27-2026 19:52:21 RAM 4707/6833MB (lfb 36x4MB) SWAP 1070/3416MB (cached 0MB) CPU [8%@1420,13%@1420,100%@1420,6%@1420,17%@1420,11%@1420] EMC_FREQ 0% GR3D_FREQ 0% AUX@45C CPU@46C thermal@45.3C AO@45C GPU@45C PMIC@50C
09-27-2026 19:52:22 RAM 4708/6833MB (lfb 36x4MB) SWAP 1070/3416MB (cached 0MB) CPU [8%@1420,9%@1420,100%@1420,1%@1420,6%@1420,4%@1420] EMC_FREQ 0% GR3D_FREQ 0% AUX@44.5C CPU@46C thermal@44.95C AO@45C GPU@45C PMIC@50C
09-27-2026 19:52:23 RAM 4710/6833MB (lfb 36x4MB) SWAP 1070/3416MB (cached 0MB) CPU [10%@1420,21%@1420,100%@1420,4%@1420,8%@1420,9%@1420] EMC_FREQ 0% GR3D_FREQ 0% AUX@45C CPU@46C thermal@44.95C AO@45C GPU@45C PMIC@50C
09-27-2026 19:52:24 RAM 4831/6833MB (lfb 36x4MB) SWAP 1070/3416MB (cached 0MB) CPU [66%@1420,32%@1420,100%@1420,37%@1420,40%@1420,53%@1420] EMC_FREQ 0% GR3D_FREQ 0% AUX@45C CPU@46.5C thermal@44.95C AO@44.5C GPU@45C PMIC@50C
09-27-2026 19:52:25 RAM 4716/6833MB (lfb 36x4MB) SWAP 1070/3416MB (cached 0MB) CPU [47%@1420,27%@1420,100%@1420,15%@1420,25%@1420,23%@1420] EMC_FREQ 0% GR3D_FREQ 0% AUX@44.5C CPU@46C thermal@45.45C AO@45C GPU@44.5C PMIC@50C
09-27-2026 19:52:26 RAM 4712/6833MB (lfb 19x4MB) SWAP 1070/3416MB (cached 0MB) CPU [9%@1420,16%@1420,100%@1420,5%@1420,14%@1420,19%@1420] EMC_FREQ 0% GR3D_FREQ 0% AUX@44.5C CPU@46C thermal@45C AO@44.5C GPU@45C PMIC@50C
09-27-2026 19:52:27 RAM 4712/6833MB (lfb 19x4MB) SWAP 1070/3416MB (cached 0MB) CPU [13%@1420,9%@1420,100%@1420,2%@1420,2%@1420,7%@1420] EMC_FREQ 0% GR3D_FREQ 0% AUX@45C CPU@45.5C thermal@45.1C AO@44.5C GPU@44.5C PMIC@50C
09-27-2026 19:52:28 RAM 4712/6833MB (lfb 19x4MB) SWAP 1070/3416MB (cached 0MB) CPU [7%@1420,17%@1420,100%@1420,7%@1420,6%@1420,6%@1420] EMC_FREQ 0% GR3D_FREQ 0% AUX@44.5C CPU@45.5C thermal@44.8C AO@44.5C GPU@45C PMIC@50C
09-27-2026 19:52:29 RAM 4713/6833MB (lfb 19x4MB) SWAP 1070/3416MB (cached 0MB) CPU [5%@1420,4%@1420,100%@1420,9%@1420,5%@1420,6%@1420] EMC_FREQ 0% GR3D_FREQ 0% AUX@44.5C CPU@45.5C thermal@44.8C AO@44.5C GPU@44.5C PMIC@50C
09-27-2026 19:52:30 RAM 4712/6833MB (lfb 19x4MB) SWAP 1070/3416MB (cached 0MB) CPU [7%@1420,4%@1420,100%@1420,8%@1420,5%@1420,7%@1420] EMC_FREQ 0% GR3D_FREQ 0% AUX@44.5C CPU@45.5C thermal@44.8C AO@44.5C GPU@45C PMIC@50C
09-27-2026 19:52:31 RAM 4713/6833MB (lfb 36x4MB) SWAP 1070/3416MB (cached 0MB) CPU [10%@1420,13%@1420,100%@1420,3%@1420,5%@1420,17%@1420] EMC_FREQ 0% GR3D_FREQ 55% AUX@44.5C CPU@46C thermal@44.8C AO@45C GPU@46.5C PMIC@50C
09-27-2026 19:52:32 RAM 4713/6833MB (lfb 36x4MB) SWAP 1070/3416MB (cached 0MB) CPU [10%@1420,7%@1420,100%@1420,1%@1420,6%@1420,6%@1420] EMC_FREQ 0% GR3D_FREQ 0% AUX@44.5C CPU@45.5C thermal@44.95C AO@44.5C GPU@44.5C PMIC@50C
09-27-2026 19:52:33 RAM 4823/6833MB (lfb 36x4MB) SWAP 1070/3416MB (cached 0MB) CPU [28%@1420,34%@1420,100%@1420,30%@1420,34%@1420,41%@1420] EMC_FREQ 0% GR3D_FREQ 0% AUX@44.5C CPU@46.5C thermal@44.95C AO@44.5C GPU@44.5C PMIC@50C
09-27-2026 19:52:34 RAM 4833/6833MB (lfb 36x4MB) SWAP 1070/3416MB (cached 0MB) CPU [47%@1420,36%@1420,31%@1420,39%@1420,83%@1420,18%@1420] EMC_FREQ 0% GR3D_FREQ 0% AUX@44.5C CPU@46C thermal@44.95C AO@44.5C GPU@44.5C PMIC@50C
09-27-2026 19:52:35 RAM 4714/6833MB (lfb 36x4MB) SWAP 1070/3416MB (cached 0MB) CPU [19%@1420,20%@1420,27%@1420,11%@1420,100%@1420,13%@1420] EMC_FREQ 0% GR3D_FREQ 0% AUX@45C CPU@46C thermal@45.3C AO@45C GPU@44.5C PMIC@50C
09-27-2026 19:52:36 RAM 4883/6833MB (lfb 15x4MB) SWAP 1070/3416MB (cached 0MB) CPU [7%@1420,6%@1420,8%@1420,5%@1420,99%@1420,9%@1420] EMC_FREQ 0% GR3D_FREQ 0% AUX@45C CPU@46C thermal@45.3C AO@45C GPU@44.5C PMIC@50C
09-27-2026 19:52:37 RAM 4712/6833MB (lfb 19x4MB) SWAP 1070/3416MB (cached 0MB) CPU [10%@1420,9%@1420,100%@1420,8%@1420,16%@1420,19%@1420] EMC_FREQ 0% GR3D_FREQ 0% AUX@45C CPU@46C thermal@45.6C AO@45C GPU@45C PMIC@50C
09-27-2026 19:52:38 RAM 4712/6833MB (lfb 19x4MB) SWAP 1070/3416MB (cached 0MB) CPU [8%@1420,5%@1420,100%@1420,7%@1420,2%@1420,7%@1420] EMC_FREQ 0% GR3D_FREQ 0% AUX@45C CPU@46C thermal@45.3C AO@45C GPU@45C PMIC@50C
09-27-2026 19:52:39 RAM 4712/6833MB (lfb 19x4MB) SWAP 1070/3416MB (cached 0MB) CPU [19%@1420,4%@1420,100%@1420,9%@1420,3%@1420,6%@1420] EMC_FREQ 0% GR3D_FREQ 0% AUX@45C CPU@46C thermal@45.3C AO@45C GPU@45C PMIC@50C
09-27-2026 19:52:40 RAM 4712/6833MB (lfb 19x4MB) SWAP 1070/3416MB (cached 0MB) CPU [8%@1420,6%@1420,100%@1420,8%@1420,4%@1420,6%@1420] EMC_FREQ 0% GR3D_FREQ 0% AUX@45C CPU@46C thermal@45.3C AO@45C GPU@45C PMIC@50C
09-27-2026 19:52:41 RAM 4712/6833MB (lfb 19x4MB) SWAP 1070/3416MB (cached 0MB) CPU [7%@1420,5%@1420,100%@1420,7%@1420,4%@1420,4%@1420] EMC_FREQ 0% GR3D_FREQ 0% AUX@45C CPU@46C thermal@45.45C AO@45.5C GPU@45C PMIC@50C
09-27-2026 19:52:42 RAM 4713/6833MB (lfb 36x4MB) SWAP 1070/3416MB (cached 0MB) CPU [6%@1420,6%@1420,100%@1420,8%@1420,12%@1420,16%@1420] EMC_FREQ 0% GR3D_FREQ 0% AUX@45.5C CPU@46.5C thermal@45.45C AO@45.5C GPU@45.5C PMIC@50C
09-27-2026 19:52:43 RAM 4825/6833MB (lfb 36x4MB) SWAP 1070/3416MB (cached 0MB) CPU [56%@1420,60%@1420,100%@1420,51%@1420,58%@1420,62%@1420] EMC_FREQ 0% GR3D_FREQ 0% AUX@45.5C CPU@47C thermal@45.8C AO@45.5C GPU@45.5C PMIC@50C
09-27-2026 19:52:44 RAM 4826/6833MB (lfb 36x4MB) SWAP 1070/3416MB (cached 0MB) CPU [17%@1420,10%@1420,100%@1420,10%@1420,2%@1420,92%@1420] EMC_FREQ 0% GR3D_FREQ 0% AUX@46C CPU@47C thermal@45.95C AO@45.5C GPU@45.5C PMIC@50C
09-27-2026 19:52:45 RAM 4704/6833MB (lfb 36x4MB) SWAP 1070/3416MB (cached 0MB) CPU [55%@1420,23%@1420,62%@1420,13%@1420,18%@1420,53%@1420] EMC_FREQ 0% GR3D_FREQ 0% AUX@45.5C CPU@46.5C thermal@45.95C AO@46C GPU@45.5C PMIC@50C
09-27-2026 19:52:46 RAM 4704/6833MB (lfb 36x4MB) SWAP 1070/3416MB (cached 0MB) CPU [100%@1420,8%@1420,5%@1420,6%@1420,6%@1420,5%@1420] EMC_FREQ 0% GR3D_FREQ 0% AUX@45.5C CPU@46.5C thermal@46C AO@45.5C GPU@45.5C PMIC@50C
09-27-2026 19:52:47 RAM 4704/6833MB (lfb 19x4MB) SWAP 1070/3416MB (cached 0MB) CPU [64%@1420,15%@1420,19%@1420,28%@1420,7%@1420,16%@1420] EMC_FREQ 0% GR3D_FREQ 0% AUX@45.5C CPU@47C thermal@45.8C AO@46C GPU@47C PMIC@50C
09-27-2026 19:52:48 RAM 4705/6833MB (lfb 19x4MB) SWAP 1070/3416MB (cached 0MB) CPU [6%@1420,9%@1420,5%@1420,100%@1420,3%@1420,11%@1420] EMC_FREQ 0% GR3D_FREQ 0% AUX@45.5C CPU@46.5C thermal@45.8C AO@45.5C GPU@45.5C PMIC@50C
09-27-2026 19:52:49 RAM 4705/6833MB (lfb 19x4MB) SWAP 1070/3416MB (cached 0MB) CPU [15%@1420,6%@1420,1%@1420,100%@1420,9%@1420,8%@1420] EMC_FREQ 0% GR3D_FREQ 0% AUX@45.5C CPU@46.5C thermal@45.8C AO@45.5C GPU@45.5C PMIC@50C
09-27-2026 19:52:50 RAM 4705/6833MB (lfb 19x4MB) SWAP 1070/3416MB (cached 0MB) CPU [8%@1420,5%@1420,0%@1420,100%@1420,9%@1420,7%@1420] EMC_FREQ 0% GR3D_FREQ 0% AUX@45.5C CPU@46.5C thermal@45.8C AO@45.5C GPU@45.5C PMIC@50C
09-27-2026 19:52:51 RAM 4705/6833MB (lfb 19x4MB) SWAP 1070/3416MB (cached 0MB) CPU [7%@1420,6%@1420,0%@1420,100%@1420,6%@1420,10%@1420] EMC_FREQ 0% GR3D_FREQ 0% AUX@45.5C CPU@46.5C thermal@45.8C AO@45.5C GPU@45.5C PMIC@50C
09-27-2026 19:52:52 RAM 4733/6833MB (lfb 36x4MB) SWAP 1070/3416MB (cached 0MB) CPU [17%@1420,6%@1420,2%@1420,100%@1420,8%@1420,5%@1420] EMC_FREQ 0% GR3D_FREQ 0% AUX@45C CPU@46.5C thermal@45.8C AO@45.5C GPU@45C PMIC@50C
09-27-2026 19:52:53 RAM 4823/6833MB (lfb 36x4MB) SWAP 1070/3416MB (cached 0MB) CPU [29%@1420,29%@1420,26%@1420,100%@1420,34%@1420,39%@1420] EMC_FREQ 0% GR3D_FREQ 0% AUX@45.5C CPU@47.5C thermal@45.45C AO@45.5C GPU@45.5C PMIC@50C
09-27-2026 19:52:54 RAM 4830/6833MB (lfb 36x4MB) SWAP 1070/3416MB (cached 0MB) CPU [46%@1420,79%@1420,22%@1420,57%@1420,41%@1420,36%@1420] EMC_FREQ 0% GR3D_FREQ 0% AUX@45C CPU@47C thermal@45.8C AO@45C GPU@45.5C PMIC@50C
09-27-2026 19:52:55 RAM 4713/6833MB (lfb 36x4MB) SWAP 1070/3416MB (cached 0MB) CPU [44%@1420,42%@1420,32%@1420,70%@1420,64%@1420,32%@1420] EMC_FREQ 0% GR3D_FREQ 0% AUX@45C CPU@46.5C thermal@45.9C AO@45C GPU@45.5C PMIC@50C
09-27-2026 19:52:56 RAM 4713/6833MB (lfb 36x4MB) SWAP 1070/3416MB (cached 0MB) CPU [4%@1420,3%@1420,6%@1420,100%@1420,5%@1420,9%@1420] EMC_FREQ 0% GR3D_FREQ 0% AUX@45.5C CPU@46.5C thermal@45.8C AO@45.5C GPU@45.5C PMIC@50C
09-27-2026 19:52:57 RAM 4713/6833MB (lfb 36x4MB) SWAP 1070/3416MB (cached 0MB) CPU [7%@1420,4%@1420,5%@1420,100%@1420,10%@1420,6%@1420] EMC_FREQ 0% GR3D_FREQ 0% AUX@45C CPU@46C thermal@45.3C AO@45C GPU@45C PMIC@50C
09-27-2026 19:52:58 RAM 4709/6833MB (lfb 19x4MB) SWAP 1070/3416MB (cached 0MB) CPU [11%@1420,8%@1420,7%@1420,94%@1420,15%@1420,17%@1420] EMC_FREQ 0% GR3D_FREQ 0% AUX@45C CPU@46.5C thermal@45.75C AO@45.5C GPU@45C PMIC@50C
09-27-2026 19:52:59 RAM 4709/6833MB (lfb 19x4MB) SWAP 1070/3416MB (cached 0MB) CPU [7%@1420,13%@1420,2%@1420,100%@1420,8%@1420,9%@1420] EMC_FREQ 0% GR3D_FREQ 0% AUX@45C CPU@46.5C thermal@45.6C AO@45C GPU@45C PMIC@50C
09-27-2026 19:53:00 RAM 4709/6833MB (lfb 19x4MB) SWAP 1070/3416MB (cached 0MB) CPU [3%@1420,9%@1420,2%@1420,100%@1420,5%@1420,11%@1420] EMC_FREQ 0% GR3D_FREQ 0% AUX@45C CPU@46C thermal@45.3C AO@45C GPU@45C PMIC@50C
09-27-2026 19:53:01 RAM 4710/6833MB (lfb 19x4MB) SWAP 1070/3416MB (cached 0MB) CPU [6%@1420,5%@1420,3%@1420,100%@1420,3%@1420,10%@1420] EMC_FREQ 0% GR3D_FREQ 0% AUX@45C CPU@46C thermal@45.3C AO@45C GPU@45C PMIC@50C
09-27-2026 19:53:02 RAM 4709/6833MB (lfb 19x4MB) SWAP 1070/3416MB (cached 0MB) CPU [7%@1420,5%@1420,3%@1420,100%@1420,8%@1420,7%@1420] EMC_FREQ 0% GR3D_FREQ 0% AUX@45C CPU@46C thermal@45.3C AO@45C GPU@45C PMIC@50C
09-27-2026 19:53:03 RAM 4823/6833MB (lfb 36x4MB) SWAP 1070/3416MB (cached 0MB) CPU [38%@1420,35%@1420,31%@1420,100%@1420,36%@1420,71%@1420] EMC_FREQ 0% GR3D_FREQ 0% AUX@45C CPU@46.5C thermal@45.45C AO@45C GPU@45.5C PMIC@50C
09-27-2026 19:53:04 RAM 4824/6833MB (lfb 36x4MB) SWAP 1070/3416MB (cached 0MB) CPU [12%@1420,13%@1420,5%@1420,100%@1420,4%@1420,100%@1420] EMC_FREQ 0% GR3D_FREQ 0% AUX@45C CPU@46.5C thermal@45.45C AO@45C GPU@45C PMIC@50C
09-27-2026 19:53:05 RAM 4702/6833MB (lfb 36x4MB) SWAP 1070/3416MB (cached 0MB) CPU [26%@1420,28%@1420,11%@1420,100%@1420,14%@1420,32%@1420] EMC_FREQ 0% GR3D_FREQ 0% AUX@45C CPU@46C thermal@45.45C AO@45C GPU@45C PMIC@50C
09-27-2026 19:53:06 RAM 4702/6833MB (lfb 36x4MB) SWAP 1070/3416MB (cached 0MB) CPU [12%@1420,7%@1420,2%@1420,100%@1420,4%@1420,4%@1420] EMC_FREQ 0% GR3D_FREQ 0% AUX@45C CPU@46C thermal@45.3C AO@45C GPU@45C PMIC@50C
09-27-2026 19:53:07 RAM 4702/6833MB (lfb 36x4MB) SWAP 1070/3416MB (cached 0MB) CPU [10%@1420,8%@1420,2%@1420,100%@1420,7%@1420,16%@1420] EMC_FREQ 0% GR3D_FREQ 0% AUX@45C CPU@46C thermal@45.3C AO@45C GPU@45C PMIC@50C
09-27-2026 19:53:08 RAM 4702/6833MB (lfb 22x4MB) SWAP 1070/3416MB (cached 0MB) CPU [14%@1420,12%@1420,6%@1420,100%@1420,11%@1420,9%@1420] EMC_FREQ 0% GR3D_FREQ 0% AUX@45C CPU@46C thermal@44.95C AO@45C GPU@45.5C PMIC@50C
09-27-2026 19:53:09 RAM 4702/6833MB (lfb 22x4MB) SWAP 1070/3416MB (cached 0MB) CPU [10%@1420,6%@1420,4%@1420,100%@1420,3%@1420,8%@1420] EMC_FREQ 0% GR3D_FREQ 0% AUX@44.5C CPU@45.5C thermal@45.3C AO@45C GPU@45C PMIC@50C
09-27-2026 19:53:10 RAM 4702/6833MB (lfb 22x4MB) SWAP 1070/3416MB (cached 0MB) CPU [6%@1420,18%@1420,3%@1420,100%@1420,7%@1420,5%@1420] EMC_FREQ 0% GR3D_FREQ 0% AUX@44.5C CPU@45.5C thermal@45.15C AO@44.5C GPU@44.5C PMIC@50C
09-27-2026 19:53:11 RAM 4702/6833MB (lfb 22x4MB) SWAP 1070/3416MB (cached 0MB) CPU [8%@1420,5%@1420,4%@1420,100%@1420,7%@1420,9%@1420] EMC_FREQ 0% GR3D_FREQ 0% AUX@44.5C CPU@45.5C thermal@44.95C AO@44.5C GPU@44.5C PMIC@50C
09-27-2026 19:53:12 RAM 4702/6833MB (lfb 22x4MB) SWAP 1070/3416MB (cached 0MB) CPU [11%@1420,19%@1420,3%@1420,100%@1420,4%@1420,6%@1420] EMC_FREQ 0% GR3D_FREQ 0% AUX@44.5C CPU@45.5C thermal@44.95C AO@44.5C GPU@44.5C PMIC@50C
09-27-2026 19:53:13 RAM 4743/6833MB (lfb 35x4MB) SWAP 1070/3416MB (cached 0MB) CPU [44%@1420,51%@1420,35%@1420,100%@1420,50%@1420,47%@1420] EMC_FREQ 0% GR3D_FREQ 0% AUX@44.5C CPU@46C thermal@44.95C AO@44.5C GPU@44.5C PMIC@50C
09-27-2026 19:53:14 RAM 4815/6833MB (lfb 35x4MB) SWAP 1070/3416MB (cached 0MB) CPU [85%@1420,84%@1420,77%@1420,100%@1420,78%@1420,91%@1420] EMC_FREQ 0% GR3D_FREQ 0% AUX@45C CPU@46.5C thermal@44.95C AO@44.5C GPU@45C PMIC@50C
09-27-2026 19:53:16 RAM 4823/6833MB (lfb 35x4MB) SWAP 1070/3416MB (cached 0MB) CPU [28%@1420,25%@1420,23%@1420,100%@1420,20%@1420,99%@1420] EMC_FREQ 0% GR3D_FREQ 0% AUX@45C CPU@46C thermal@45.45C AO@44.5C GPU@45C PMIC@50C
09-27-2026 19:53:17 RAM 4697/6833MB (lfb 35x4MB) SWAP 1070/3416MB (cached 0MB) CPU [30%@1420,22%@1420,10%@1420,100%@1420,11%@1420,84%@1420] EMC_FREQ 0% GR3D_FREQ 0% AUX@44.5C CPU@46C thermal@45.45C AO@44.5C GPU@45C PMIC@50C
09-27-2026 19:53:18 RAM 4697/6833MB (lfb 35x4MB) SWAP 1070/3416MB (cached 0MB) CPU [8%@1420,13%@1420,16%@1420,100%@1420,3%@1420,5%@1420] EMC_FREQ 0% GR3D_FREQ 0% AUX@44.5C CPU@45.5C thermal@45.3C AO@45C GPU@44.5C PMIC@50C
09-27-2026 19:53:19 RAM 4712/6833MB (lfb 35x4MB) SWAP 1070/3416MB (cached 0MB) CPU [9%@1420,10%@1420,0%@1420,100%@1420,6%@1420,4%@1420] EMC_FREQ 0% GR3D_FREQ 0% AUX@45C CPU@45.5C thermal@44.95C AO@45C GPU@44.5C PMIC@50C
09-27-2026 19:53:20 RAM 4697/6833MB (lfb 24x4MB) SWAP 1070/3416MB (cached 0MB) CPU [14%@1420,14%@1420,0%@1420,100%@1420,10%@1420,11%@1420] EMC_FREQ 0% GR3D_FREQ 0% AUX@45C CPU@45.5C thermal@45.25C AO@45C GPU@45C PMIC@50C
09-27-2026 19:53:21 RAM 4697/6833MB (lfb 24x4MB) SWAP 1070/3416MB (cached 0MB) CPU [10%@1420,19%@1420,1%@1420,100%@1420,6%@1420,7%@1420] EMC_FREQ 0% GR3D_FREQ 0% AUX@45C CPU@46C thermal@45.3C AO@45C GPU@45C PMIC@50C
09-27-2026 19:53:22 RAM 4697/6833MB (lfb 24x4MB) SWAP 1070/3416MB (cached 0MB) CPU [8%@1420,7%@1420,2%@1420,100%@1420,6%@1420,5%@1420] EMC_FREQ 0% GR3D_FREQ 0% AUX@45C CPU@46.5C thermal@45.3C AO@45C GPU@45C PMIC@50C
09-27-2026 19:53:23 RAM 4696/6833MB (lfb 24x4MB) SWAP 1070/3416MB (cached 0MB) CPU [11%@1420,5%@1420,3%@1420,100%@1420,6%@1420,4%@1420] EMC_FREQ 0% GR3D_FREQ 0% AUX@45C CPU@46.5C thermal@45.45C AO@45.5C GPU@45C PMIC@50C
09-27-2026 19:53:24 RAM 4696/6833MB (lfb 24x4MB) SWAP 1070/3416MB (cached 0MB) CPU [11%@1420,7%@1420,2%@1420,100%@1420,6%@1420,4%@1420] EMC_FREQ 0% GR3D_FREQ 0% AUX@45.5C CPU@46.5C thermal@45.8C AO@45.5C GPU@45C PMIC@50C
09-27-2026 19:53:25 RAM 4697/6833MB (lfb 35x4MB) SWAP 1070/3416MB (cached 0MB) CPU [11%@1420,13%@1420,7%@1420,100%@1420,13%@1420,6%@1420] EMC_FREQ 0% GR3D_FREQ 0% AUX@45.5C CPU@46.5C thermal@45.8C AO@45.5C GPU@45.5C PMIC@50C
09-27-2026 19:53:26 RAM 4818/6833MB (lfb 35x4MB) SWAP 1070/3416MB (cached 0MB) CPU [35%@1420,36%@1420,26%@1420,100%@1420,91%@1420,31%@1420] EMC_FREQ 0% GR3D_FREQ 0% AUX@45.5C CPU@47C thermal@45.8C AO@45.5C GPU@45.5C PMIC@50C
09-27-2026 19:53:27 RAM 4812/6833MB (lfb 35x4MB) SWAP 1070/3416MB (cached 0MB) CPU [28%@1420,20%@1420,13%@1420,100%@1420,27%@1420,71%@1420] EMC_FREQ 0% GR3D_FREQ 0% AUX@45.5C CPU@47.5C thermal@45.95C AO@45.5C GPU@45.5C PMIC@50C
09-27-2026 19:53:28 RAM 4696/6833MB (lfb 35x4MB) SWAP 1070/3416MB (cached 0MB) CPU [13%@1420,18%@1420,9%@1420,100%@1420,4%@1420,5%@1420] EMC_FREQ 0% GR3D_FREQ 0% AUX@45.5C CPU@47C thermal@46.25C AO@46C GPU@46C PMIC@50C
09-27-2026 19:53:29 RAM 4696/6833MB (lfb 35x4MB) SWAP 1070/3416MB (cached 0MB) CPU [5%@1420,6%@1420,10%@1420,100%@1420,4%@1420,5%@1420] EMC_FREQ 0% GR3D_FREQ 0% AUX@45.5C CPU@47C thermal@45.95C AO@46C GPU@45.5C PMIC@50C
09-27-2026 19:53:30 RAM 4696/6833MB (lfb 24x4MB) SWAP 1070/3416MB (cached 0MB) CPU [8%@1420,6%@1420,12%@1420,100%@1420,7%@1420,18%@1420] EMC_FREQ 0% GR3D_FREQ 0% AUX@45.5C CPU@47.5C thermal@46.15C AO@46C GPU@46.5C PMIC@50C
09-27-2026 19:53:31 RAM 4696/6833MB (lfb 24x4MB) SWAP 1070/3416MB (cached 0MB) CPU [7%@1420,17%@1420,5%@1420,100%@1420,9%@1420,4%@1420] EMC_FREQ 0% GR3D_FREQ 0% AUX@46C CPU@47.5C thermal@46.3C AO@46C GPU@46C PMIC@50C
09-27-2026 19:53:32 RAM 4696/6833MB (lfb 24x4MB) SWAP 1070/3416MB (cached 0MB) CPU [8%@1420,4%@1420,3%@1420,100%@1420,11%@1420,7%@1420] EMC_FREQ 0% GR3D_FREQ 0% AUX@46C CPU@47.5C thermal@46.1C AO@46C GPU@46C PMIC@50C
09-27-2026 19:53:33 RAM 4696/6833MB (lfb 24x4MB) SWAP 1070/3416MB (cached 0MB) CPU [5%@1420,7%@1420,5%@1420,100%@1420,9%@1420,3%@1420] EMC_FREQ 0% GR3D_FREQ 0% AUX@45.5C CPU@47.5C thermal@46.1C AO@46C GPU@46C PMIC@50C
09-27-2026 19:53:34 RAM 4696/6833MB (lfb 24x4MB) SWAP 1070/3416MB (cached 0MB) CPU [4%@1420,7%@1420,7%@1420,100%@1420,8%@1420,5%@1420] EMC_FREQ 0% GR3D_FREQ 0% AUX@45.5C CPU@47C thermal@46.1C AO@46C GPU@46C PMIC@50C
09-27-2026 19:53:35 RAM 4696/6833MB (lfb 35x4MB) SWAP 1070/3416MB (cached 0MB) CPU [6%@1420,5%@1420,7%@1420,100%@1420,20%@1420,11%@1420] EMC_FREQ 0% GR3D_FREQ 99% AUX@45.5C CPU@47C thermal@45.95C AO@46C GPU@45.5C PMIC@50C
09-27-2026 19:53:36 RAM 4828/6833MB (lfb 35x4MB) SWAP 1070/3416MB (cached 0MB) CPU [46%@1420,41%@1420,43%@1420,100%@1420,56%@1420,52%@1420] EMC_FREQ 0% GR3D_FREQ 0% AUX@45.5C CPU@47.5C thermal@46.25C AO@46C GPU@46C PMIC@50C
09-27-2026 19:53:37 RAM 4710/6833MB (lfb 35x4MB) SWAP 1070/3416MB (cached 0MB) CPU [30%@1420,31%@1420,13%@1420,100%@1420,36%@1420,35%@1420] EMC_FREQ 0% GR3D_FREQ 0% AUX@46C CPU@47C thermal@46.1C AO@46C GPU@46C PMIC@50C
09-27-2026 19:53:38 RAM 4710/6833MB (lfb 35x4MB) SWAP 1070/3416MB (cached 0MB) CPU [11%@1420,18%@1420,4%@1420,100%@1420,5%@1420,7%@1420] EMC_FREQ 0% GR3D_FREQ 0% AUX@45.5C CPU@46.5C thermal@46.1C AO@46C GPU@46C PMIC@50C
09-27-2026 19:53:39 RAM 4710/6833MB (lfb 35x4MB) SWAP 1070/3416MB (cached 0MB) CPU [7%@1420,4%@1420,6%@1420,100%@1420,5%@1420,5%@1420] EMC_FREQ 0% GR3D_FREQ 0% AUX@45.5C CPU@46.5C thermal@46.3C AO@46C GPU@45.5C PMIC@50C
09-27-2026 19:53:40 RAM 4850/6833MB (lfb 24x4MB) SWAP 1070/3416MB (cached 0MB) CPU [6%@1420,5%@1420,7%@1420,100%@1420,3%@1420,10%@1420] EMC_FREQ 0% GR3D_FREQ 0% AUX@45.5C CPU@47C thermal@45.95C AO@45.5C GPU@45.5C PMIC@50C
09-27-2026 19:53:41 RAM 4709/6833MB (lfb 21x4MB) SWAP 1070/3416MB (cached 0MB) CPU [10%@1420,8%@1420,11%@1420,100%@1420,14%@1420,8%@1420] EMC_FREQ 0% GR3D_FREQ 0% AUX@45.5C CPU@47C thermal@46.4C AO@45.5C GPU@45.5C PMIC@50C
09-27-2026 19:53:42 RAM 4709/6833MB (lfb 21x4MB) SWAP 1070/3416MB (cached 0MB) CPU [7%@1420,20%@1420,3%@1420,100%@1420,5%@1420,8%@1420] EMC_FREQ 0% GR3D_FREQ 0% AUX@45.5C CPU@46.5C thermal@45.8C AO@45.5C GPU@45.5C PMIC@50C
09-27-2026 19:53:43 RAM 4709/6833MB (lfb 21x4MB) SWAP 1070/3416MB (cached 0MB) CPU [9%@1420,15%@1420,4%@1420,100%@1420,4%@1420,14%@1420] EMC_FREQ 0% GR3D_FREQ 0% AUX@45.5C CPU@46.5C thermal@45.8C AO@45.5C GPU@45.5C PMIC@50C
09-27-2026 19:53:44 RAM 4709/6833MB (lfb 21x4MB) SWAP 1070/3416MB (cached 0MB) CPU [6%@1420,8%@1420,4%@1420,100%@1420,7%@1420,7%@1420] EMC_FREQ 0% GR3D_FREQ 0% AUX@45.5C CPU@46.5C thermal@45.8C AO@45.5C GPU@45.5C PMIC@50C
09-27-2026 19:53:45 RAM 4820/6833MB (lfb 21x4MB) SWAP 1070/3416MB (cached 0MB) CPU [36%@1420,25%@1420,28%@1420,100%@1420,25%@1420,32%@1420] EMC_FREQ 0% GR3D_FREQ 0% AUX@45.5C CPU@46.5C thermal@45.95C AO@45.5C GPU@45C PMIC@50C
09-27-2026 19:53:46 RAM 4835/6833MB (lfb 35x4MB) SWAP 1070/3416MB (cached 0MB) CPU [75%@1420,73%@1420,43%@1420,94%@1420,70%@1420,44%@1420] EMC_FREQ 0% GR3D_FREQ 99% AUX@45.5C CPU@47C thermal@45.8C AO@45.5C GPU@47C PMIC@50C
09-27-2026 19:53:47 RAM 4717/6833MB (lfb 39x4MB) SWAP 1070/3416MB (cached 0MB) CPU [30%@1420,45%@1420,24%@1420,31%@1420,100%@1420,13%@1420] EMC_FREQ 0% GR3D_FREQ 0% AUX@45.5C CPU@46.5C thermal@45.8C AO@45.5C GPU@45.5C PMIC@50C
09-27-2026 19:53:48 RAM 4716/6833MB (lfb 39x4MB) SWAP 1070/3416MB (cached 0MB) CPU [20%@1420,6%@1420,4%@1420,8%@1420,100%@1420,4%@1420] EMC_FREQ 0% GR3D_FREQ 0% AUX@45.5C CPU@46.5C thermal@45.8C AO@45C GPU@45.5C PMIC@50C
09-27-2026 19:53:49 RAM 4716/6833MB (lfb 39x4MB) SWAP 1070/3416MB (cached 0MB) CPU [6%@1420,5%@1420,11%@1420,6%@1420,100%@1420,2%@1420] EMC_FREQ 0% GR3D_FREQ 0% AUX@45C CPU@46.5C thermal@45.6C AO@45C GPU@45.5C PMIC@50C
09-27-2026 19:53:50 RAM 4716/6833MB (lfb 39x4MB) SWAP 1070/3416MB (cached 0MB) CPU [8%@1420,6%@1420,5%@1420,9%@1420,100%@1420,2%@1420] EMC_FREQ 0% GR3D_FREQ 0% AUX@45C CPU@46.5C thermal@45.6C AO@45C GPU@45.5C PMIC@50C
09-27-2026 19:53:51 RAM 4776/6833MB (lfb 32x4MB) SWAP 1070/3416MB (cached 0MB) CPU [7%@1420,15%@1420,2%@1420,10%@1420,100%@1420,6%@1420] EMC_FREQ 0% GR3D_FREQ 0% AUX@45C CPU@46.5C thermal@45.45C AO@45C GPU@45C PMIC@50C
09-27-2026 19:53:52 RAM 4717/6833MB (lfb 32x4MB) SWAP 1070/3416MB (cached 0MB) CPU [14%@1420,20%@1420,8%@1420,8%@1420,100%@1420,6%@1420] EMC_FREQ 0% GR3D_FREQ 0% AUX@45C CPU@46.5C thermal@45.9C AO@45C GPU@45.5C PMIC@50C
09-27-2026 19:53:53 RAM 4717/6833MB (lfb 32x4MB) SWAP 1070/3416MB (cached 0MB) CPU [11%@1420,8%@1420,18%@1420,5%@1420,100%@1420,2%@1420] EMC_FREQ 0% GR3D_FREQ 0% AUX@45C CPU@46.5C thermal@45.6C AO@45C GPU@45C PMIC@50C
09-27-2026 19:53:54 RAM 4717/6833MB (lfb 32x4MB) SWAP 1070/3416MB (cached 0MB) CPU [11%@1420,10%@1420,2%@1420,3%@1420,100%@1420,3%@1420] EMC_FREQ 0% GR3D_FREQ 0% AUX@45C CPU@46.5C thermal@45.45C AO@45C GPU@45C PMIC@50C
09-27-2026 19:53:55 RAM 4825/6833MB (lfb 32x4MB) SWAP 1070/3416MB (cached 0MB) CPU [30%@1420,29%@1420,29%@1420,36%@1420,100%@1420,26%@1420] EMC_FREQ 0% GR3D_FREQ 0% AUX@45C CPU@46.5C thermal@45.45C AO@45C GPU@45C PMIC@50C
09-27-2026 19:53:56 RAM 4826/6833MB (lfb 32x4MB) SWAP 1070/3416MB (cached 0MB) CPU [45%@1420,32%@1420,36%@1420,32%@1420,100%@1420,13%@1420] EMC_FREQ 0% GR3D_FREQ 0% AUX@45C CPU@46.5C thermal@45.45C AO@45C GPU@45C PMIC@50C
09-27-2026 19:53:57 RAM 4708/6833MB (lfb 27x4MB) SWAP 1070/3416MB (cached 0MB) CPU [38%@1420,31%@1420,24%@1420,30%@1420,100%@1420,13%@1420] EMC_FREQ 0% GR3D_FREQ 0% AUX@45C CPU@46.5C thermal@45.45C AO@45C GPU@45C PMIC@50C
09-27-2026 19:53:58 RAM 4708/6833MB (lfb 27x4MB) SWAP 1070/3416MB (cached 0MB) CPU [7%@1420,9%@1420,4%@1420,4%@1420,100%@1420,5%@1420] EMC_FREQ 0% GR3D_FREQ 0% AUX@45C CPU@46C thermal@45.45C AO@45C GPU@45C PMIC@50C
09-27-2026 19:53:59 RAM 4708/6833MB (lfb 27x4MB) SWAP 1070/3416MB (cached 0MB) CPU [7%@1420,7%@1420,7%@1420,8%@1420,100%@1420,3%@1420] EMC_FREQ 0% GR3D_FREQ 0% AUX@45C CPU@46C thermal@45.3C AO@45C GPU@45C PMIC@50C
09-27-2026 19:54:00 RAM 4708/6833MB (lfb 27x4MB) SWAP 1070/3416MB (cached 0MB) CPU [6%@1420,6%@1420,8%@1420,4%@1420,100%@1420,3%@1420] EMC_FREQ 0% GR3D_FREQ 0% AUX@45C CPU@46C thermal@45.3C AO@45C GPU@45C PMIC@50C
09-27-2026 19:54:01 RAM 4708/6833MB (lfb 27x4MB) SWAP 1070/3416MB (cached 0MB) CPU [7%@1420,6%@1420,10%@1420,2%@1420,100%@1420,4%@1420] EMC_FREQ 0% GR3D_FREQ 0% AUX@45C CPU@46C thermal@45.45C AO@45C GPU@44.5C PMIC@50C
09-27-2026 19:54:02 RAM 4708/6833MB (lfb 32x4MB) SWAP 1070/3416MB (cached 0MB) CPU [7%@1420,7%@1420,23%@1420,11%@1420,100%@1420,0%@1420] EMC_FREQ 0% GR3D_FREQ 2% AUX@45C CPU@46C thermal@44.95C AO@45C GPU@46C PMIC@50C
09-27-2026 19:54:03 RAM 4708/6833MB (lfb 32x4MB) SWAP 1070/3416MB (cached 0MB) CPU [19%@1420,7%@1420,9%@1420,4%@1420,100%@1420,4%@1420] EMC_FREQ 0% GR3D_FREQ 0% AUX@45C CPU@46C thermal@45.3C AO@44.5C GPU@44.5C PMIC@50C
09-27-2026 19:54:04 RAM 4708/6833MB (lfb 32x4MB) SWAP 1070/3416MB (cached 0MB) CPU [13%@1420,5%@1420,8%@1420,3%@1420,100%@1420,2%@1420] EMC_FREQ 0% GR3D_FREQ 0% AUX@44.5C CPU@46C thermal@45.15C AO@45C GPU@44.5C PMIC@50C
09-27-2026 19:54:05 RAM 4828/6833MB (lfb 32x4MB) SWAP 1070/3416MB (cached 0MB) CPU [45%@1420,52%@1420,33%@1420,35%@1420,100%@1420,26%@1420] EMC_FREQ 0% GR3D_FREQ 0% AUX@44.5C CPU@46.5C thermal@45.1C AO@44.5C GPU@44.5C PMIC@50C
09-27-2026 19:54:06 RAM 4713/6833MB (lfb 32x4MB) SWAP 1070/3416MB (cached 0MB) CPU [26%@1420,58%@1420,43%@1420,27%@1420,100%@1420,17%@1420] EMC_FREQ 0% GR3D_FREQ 0% AUX@45C CPU@46C thermal@45.3C AO@44.5C GPU@44.5C PMIC@50C
09-27-2026 19:54:07 RAM 4708/6833MB (lfb 27x4MB) SWAP 1070/3416MB (cached 0MB) CPU [13%@1420,6%@1420,63%@1420,19%@1420,39%@1420,4%@1420] EMC_FREQ 0% GR3D_FREQ 0% AUX@44.5C CPU@46C thermal@45.3C AO@44.5C GPU@44.5C PMIC@50C
09-27-2026 19:54:08 RAM 4708/6833MB (lfb 27x4MB) SWAP 1070/3416MB (cached 0MB) CPU [22%@1420,9%@1420,7%@1420,10%@1420,100%@1420,6%@1420] EMC_FREQ 0% GR3D_FREQ 0% AUX@44.5C CPU@46C thermal@44.8C AO@44.5C GPU@45C PMIC@50C
09-27-2026 19:54:09 RAM 4708/6833MB (lfb 27x4MB) SWAP 1070/3416MB (cached 0MB) CPU [8%@1420,8%@1420,7%@1420,17%@1420,100%@1420,2%@1420] EMC_FREQ 0% GR3D_FREQ 0% AUX@44.5C CPU@45.5C thermal@44.95C AO@44.5C GPU@44.5C PMIC@50C
09-27-2026 19:54:10 RAM 4708/6833MB (lfb 27x4MB) SWAP 1070/3416MB (cached 0MB) CPU [7%@1420,4%@1420,5%@1420,8%@1420,100%@1420,7%@1420] EMC_FREQ 0% GR3D_FREQ 0% AUX@44.5C CPU@45.5C thermal@44.8C AO@44.5C GPU@44.5C PMIC@50C
09-27-2026 19:54:11 RAM 4708/6833MB (lfb 27x4MB) SWAP 1070/3416MB (cached 0MB) CPU [6%@1420,6%@1420,6%@1420,7%@1420,100%@1420,5%@1420] EMC_FREQ 0% GR3D_FREQ 0% AUX@44.5C CPU@45.5C thermal@44.95C AO@44C GPU@44.5C PMIC@50C
09-27-2026 19:54:12 RAM 4708/6833MB (lfb 27x4MB) SWAP 1070/3416MB (cached 0MB) CPU [5%@1420,7%@1420,8%@1420,7%@1420,100%@1420,3%@1420] EMC_FREQ 0% GR3D_FREQ 0% AUX@44.5C CPU@45.5C thermal@44.8C AO@44C GPU@44C PMIC@50C
09-27-2026 19:54:13 RAM 4708/6833MB (lfb 32x4MB) SWAP 1070/3416MB (cached 0MB) CPU [6%@1420,7%@1420,20%@1420,12%@1420,100%@1420,2%@1420] EMC_FREQ 0% GR3D_FREQ 0% AUX@44.5C CPU@45.5C thermal@45.1C AO@44.5C GPU@44.5C PMIC@50C
09-27-2026 19:54:14 RAM 4711/6833MB (lfb 32x4MB) SWAP 1070/3416MB (cached 0MB) CPU [23%@1420,8%@1420,25%@1420,10%@1420,100%@1420,8%@1420] EMC_FREQ 0% GR3D_FREQ 0% AUX@44C CPU@46C thermal@44.6C AO@44.5C GPU@44.5C PMIC@50C
09-27-2026 19:54:15 RAM 4823/6833MB (lfb 32x4MB) SWAP 1070/3416MB (cached 0MB) CPU [58%@1420,56%@1420,55%@1420,89%@1420,100%@1420,49%@1420] EMC_FREQ 0% GR3D_FREQ 0% AUX@44.5C CPU@45.5C thermal@44.95C AO@44.5C GPU@44.5C PMIC@50C
09-27-2026 19:54:16 RAM 4826/6833MB (lfb 32x4MB) SWAP 1070/3416MB (cached 0MB) CPU [9%@1420,11%@1420,11%@1420,99%@1420,100%@1420,8%@1420] EMC_FREQ 0% GR3D_FREQ 0% AUX@44.5C CPU@46C thermal@44.8C AO@44.5C GPU@44.5C PMIC@50C
09-27-2026 19:54:17 RAM 4700/6833MB (lfb 32x4MB) SWAP 1070/3416MB (cached 0MB) CPU [29%@1420,13%@1420,12%@1420,15%@1420,100%@1420,10%@1420] EMC_FREQ 0% GR3D_FREQ 0% AUX@44.5C CPU@45.5C thermal@44.8C AO@44C GPU@44C PMIC@50C
09-27-2026 19:54:18 RAM 4698/6833MB (lfb 27x4MB) SWAP 1070/3416MB (cached 0MB) CPU [8%@1420,10%@1420,9%@1420,19%@1420,100%@1420,8%@1420] EMC_FREQ 0% GR3D_FREQ 65% AUX@44.5C CPU@46C thermal@44.65C AO@44.5C GPU@46C PMIC@50C
09-27-2026 19:54:19 RAM 4699/6833MB (lfb 27x4MB) SWAP 1070/3416MB (cached 0MB) CPU [8%@1420,14%@1420,7%@1420,10%@1420,100%@1420,3%@1420] EMC_FREQ 0% GR3D_FREQ 0% AUX@44C CPU@45.5C thermal@44.6C AO@44C GPU@44.5C PMIC@50C
09-27-2026 19:54:20 RAM 4699/6833MB (lfb 27x4MB) SWAP 1070/3416MB (cached 0MB) CPU [7%@1420,5%@1420,7%@1420,7%@1420,100%@1420,4%@1420] EMC_FREQ 0% GR3D_FREQ 0% AUX@44C CPU@45.5C thermal@44.6C AO@44C GPU@44C PMIC@50C
09-27-2026 19:54:21 RAM 4699/6833MB (lfb 27x4MB) SWAP 1070/3416MB (cached 0MB) CPU [5%@1420,6%@1420,3%@1420,10%@1420,100%@1420,4%@1420] EMC_FREQ 0% GR3D_FREQ 0% AUX@44C CPU@45.5C thermal@44.6C AO@44C GPU@44.5C PMIC@50C
09-27-2026 19:54:22 RAM 4699/6833MB (lfb 27x4MB) SWAP 1070/3416MB (cached 0MB) CPU [8%@1420,5%@1420,5%@1420,10%@1420,100%@1420,3%@1420] EMC_FREQ 0% GR3D_FREQ 0% AUX@44C CPU@45.5C thermal@44.45C AO@44C GPU@44C PMIC@50C
09-27-2026 19:54:23 RAM 4699/6833MB (lfb 32x4MB) SWAP 1070/3416MB (cached 0MB) CPU [10%@1420,8%@1420,5%@1420,15%@1420,100%@1420,10%@1420] EMC_FREQ 0% GR3D_FREQ 99% AUX@44C CPU@45.5C thermal@44.3C AO@44C GPU@43.5C PMIC@50C
09-27-2026 19:54:24 RAM 4699/6833MB (lfb 32x4MB) SWAP 1070/3416MB (cached 0MB) CPU [25%@1420,7%@1420,6%@1420,6%@1420,100%@1420,4%@1420] EMC_FREQ 0% GR3D_FREQ 0% AUX@44C CPU@45C thermal@44.6C AO@44C GPU@44.5C PMIC@50C
09-27-2026 19:54:25 RAM 4819/6833MB (lfb 32x4MB) SWAP 1070/3416MB (cached 0MB) CPU [71%@1420,48%@1420,48%@1420,48%@1420,100%@1420,41%@1420] EMC_FREQ 0% GR3D_FREQ 0% AUX@44C CPU@46C thermal@44.6C AO@44C GPU@44C PMIC@50C
09-27-2026 19:54:26 RAM 4834/6833MB (lfb 32x4MB) SWAP 1070/3416MB (cached 0MB) CPU [74%@1420,25%@1420,22%@1420,33%@1420,100%@1420,8%@1420] EMC_FREQ 0% GR3D_FREQ 0% AUX@44C CPU@46C thermal@44.6C AO@44C GPU@44C PMIC@50C
09-27-2026 19:54:27 RAM 4715/6833MB (lfb 32x4MB) SWAP 1070/3416MB (cached 0MB) CPU [16%@1420,20%@1420,13%@1420,16%@1420,100%@1420,9%@1420] EMC_FREQ 0% GR3D_FREQ 0% AUX@44C CPU@45.5C thermal@44.95C AO@44C GPU@44C PMIC@50C
09-27-2026 19:54:28 RAM 4715/6833MB (lfb 32x4MB) SWAP 1070/3416MB (cached 0MB) CPU [6%@1420,7%@1420,5%@1420,6%@1420,100%@1420,4%@1420] EMC_FREQ 0% GR3D_FREQ 0% AUX@44C CPU@45C thermal@44.3C AO@43.5C GPU@43.5C PMIC@50C
09-27-2026 19:54:29 RAM 4712/6833MB (lfb 27x4MB) SWAP 1070/3416MB (cached 0MB) CPU [12%@1420,9%@1420,23%@1420,10%@1420,100%@1420,4%@1420] EMC_FREQ 0% GR3D_FREQ 0% AUX@44C CPU@45.5C thermal@44.3C AO@44C GPU@44C PMIC@50C
09-27-2026 19:54:30 RAM 4712/6833MB (lfb 27x4MB) SWAP 1070/3416MB (cached 0MB) CPU [8%@1420,17%@1420,5%@1420,6%@1420,100%@1420,5%@1420] EMC_FREQ 0% GR3D_FREQ 0% AUX@44C CPU@45C thermal@44.3C AO@44C GPU@44C PMIC@50C
09-27-2026 19:54:31 RAM 4712/6833MB (lfb 27x4MB) SWAP 1070/3416MB (cached 0MB) CPU [8%@1420,8%@1420,3%@1420,7%@1420,100%@1420,3%@1420] EMC_FREQ 0% GR3D_FREQ 0% AUX@44C CPU@45C thermal@44.3C AO@44C GPU@43.5C PMIC@50C
09-27-2026 19:54:32 RAM 4712/6833MB (lfb 27x4MB) SWAP 1070/3416MB (cached 0MB) CPU [12%@1420,7%@1420,4%@1420,5%@1420,100%@1420,2%@1420] EMC_FREQ 0% GR3D_FREQ 0% AUX@44C CPU@45C thermal@44.3C AO@43.5C GPU@44C PMIC@50C
09-27-2026 19:54:33 RAM 4712/6833MB (lfb 27x4MB) SWAP 1070/3416MB (cached 0MB) CPU [11%@1420,7%@1420,3%@1420,5%@1420,100%@1420,2%@1420] EMC_FREQ 0% GR3D_FREQ 0% AUX@44C CPU@45C thermal@43.95C AO@43.5C GPU@43.5C PMIC@50C
09-27-2026 19:54:34 RAM 4712/6833MB (lfb 32x4MB) SWAP 1070/3416MB (cached 0MB) CPU [10%@1420,6%@1420,22%@1420,10%@1420,100%@1420,4%@1420] EMC_FREQ 0% GR3D_FREQ 0% AUX@43.5C CPU@45C thermal@44.55C AO@44C GPU@44C PMIC@50C
09-27-2026 19:54:35 RAM 4829/6833MB (lfb 32x4MB) SWAP 1070/3416MB (cached 0MB) CPU [45%@1420,44%@1420,63%@1420,51%@1420,100%@1420,31%@1420] EMC_FREQ 0% GR3D_FREQ 0% AUX@44C CPU@45.5C thermal@44.45C AO@44C GPU@44.5C PMIC@50C
09-27-2026 19:54:36 RAM 4716/6833MB (lfb 32x4MB) SWAP 1070/3416MB (cached 0MB) CPU [35%@1420,26%@1420,27%@1420,50%@1420,100%@1420,17%@1420] EMC_FREQ 0% GR3D_FREQ 0% AUX@44C CPU@45C thermal@44.45C AO@44C GPU@44C PMIC@50C
09-27-2026 19:54:37 RAM 4716/6833MB (lfb 32x4MB) SWAP 1070/3416MB (cached 0MB) CPU [25%@1420,21%@1420,18%@1420,24%@1420,100%@1420,17%@1420] EMC_FREQ 0% GR3D_FREQ 0% AUX@44C CPU@45.5C thermal@44.45C AO@44C GPU@44C PMIC@50C
09-27-2026 19:54:38 RAM 4714/6833MB (lfb 32x4MB) SWAP 1070/3416MB (cached 0MB) CPU [12%@1420,11%@1420,16%@1420,9%@1420,100%@1420,3%@1420] EMC_FREQ 0% GR3D_FREQ 0% AUX@44C CPU@45C thermal@44.45C AO@43.5C GPU@44C PMIC@50C
09-27-2026 19:54:39 RAM 4710/6833MB (lfb 27x4MB) SWAP 1070/3416MB (cached 0MB) CPU [13%@1420,20%@1420,10%@1420,8%@1420,100%@1420,6%@1420] EMC_FREQ 0% GR3D_FREQ 99% AUX@44C CPU@45.5C thermal@44.3C AO@44C GPU@44.5C PMIC@50C
09-27-2026 19:54:40 RAM 4710/6833MB (lfb 27x4MB) SWAP 1070/3416MB (cached 0MB) CPU [11%@1420,8%@1420,11%@1420,16%@1420,97%@1420,3%@1420] EMC_FREQ 0% GR3D_FREQ 0% AUX@44C CPU@45.5C thermal@44.6C AO@44.5C GPU@44.5C PMIC@50C
09-27-2026 19:54:41 RAM 4711/6833MB (lfb 27x4MB) SWAP 1070/3416MB (cached 0MB) CPU [4%@1420,7%@1420,100%@1420,5%@1420,4%@1420,9%@1420] EMC_FREQ 0% GR3D_FREQ 0% AUX@44.5C CPU@45.5C thermal@44.8C AO@44.5C GPU@44.5C PMIC@50C
09-27-2026 19:54:42 RAM 4711/6833MB (lfb 27x4MB) SWAP 1070/3416MB (cached 0MB) CPU [6%@1420,4%@1420,100%@1420,4%@1420,5%@1420,6%@1420] EMC_FREQ 0% GR3D_FREQ 0% AUX@44C CPU@45.5C thermal@44.6C AO@44C GPU@44.5C PMIC@50C
09-27-2026 19:54:43 RAM 4711/6833MB (lfb 27x4MB) SWAP 1070/3416MB (cached 0MB) CPU [6%@1420,4%@1420,100%@1420,4%@1420,7%@1420,6%@1420] EMC_FREQ 0% GR3D_FREQ 0% AUX@44.5C CPU@45.5C thermal@44.8C AO@44.5C GPU@44.5C PMIC@50C
09-27-2026 19:54:44 RAM 4811/6833MB (lfb 27x4MB) SWAP 1070/3416MB (cached 0MB) CPU [28%@1420,28%@1420,100%@1420,27%@1420,32%@1420,28%@1420] EMC_FREQ 0% GR3D_FREQ 0% AUX@44.5C CPU@46.5C thermal@44.8C AO@44.5C GPU@44.5C PMIC@50C
09-27-2026 19:54:45 RAM 4829/6833MB (lfb 33x4MB) SWAP 1070/3416MB (cached 0MB) CPU [48%@1420,34%@1420,100%@1420,37%@1420,34%@1420,63%@1420] EMC_FREQ 0% GR3D_FREQ 0% AUX@45C CPU@46.5C thermal@45.1C AO@44.5C GPU@45C PMIC@50C
09-27-2026 19:54:46 RAM 4713/6833MB (lfb 33x4MB) SWAP 1070/3416MB (cached 0MB) CPU [25%@1420,19%@1420,100%@1420,3%@1420,31%@1420,31%@1420] EMC_FREQ 0% GR3D_FREQ 0% AUX@45C CPU@46C thermal@45.3C AO@45C GPU@45C PMIC@50C
09-27-2026 19:54:47 RAM 4713/6833MB (lfb 33x4MB) SWAP 1070/3416MB (cached 0MB) CPU [9%@1420,7%@1420,100%@1420,0%@1420,6%@1420,7%@1420] EMC_FREQ 0% GR3D_FREQ 0% AUX@45C CPU@46C thermal@45.3C AO@45C GPU@45C PMIC@50C
09-27-2026 19:54:48 RAM 4713/6833MB (lfb 33x4MB) SWAP 1070/3416MB (cached 0MB) CPU [8%@1420,7%@1420,100%@1420,4%@1420,8%@1420,3%@1420] EMC_FREQ 0% GR3D_FREQ 0% AUX@45C CPU@46C thermal@45.3C AO@45C GPU@45C PMIC@50C
09-27-2026 19:54:49 RAM 4713/6833MB (lfb 33x4MB) SWAP 1070/3416MB (cached 0MB) CPU [7%@1420,8%@1420,100%@1420,1%@1420,8%@1420,8%@1420] EMC_FREQ 0% GR3D_FREQ 0% AUX@45C CPU@46.5C thermal@45.45C AO@45C GPU@45C PMIC@50C
09-27-2026 19:54:50 RAM 4711/6833MB (lfb 26x4MB) SWAP 1070/3416MB (cached 0MB) CPU [19%@1420,9%@1420,100%@1420,5%@1420,14%@1420,18%@1420] EMC_FREQ 0% GR3D_FREQ 0% AUX@45C CPU@46.5C thermal@45.3C AO@45.5C GPU@45.5C PMIC@50C
09-27-2026 19:54:51 RAM 4711/6833MB (lfb 26x4MB) SWAP 1070/3416MB (cached 0MB) CPU [7%@1420,7%@1420,100%@1420,13%@1420,11%@1420,7%@1420] EMC_FREQ 0% GR3D_FREQ 0% AUX@45C CPU@46.5C thermal@45.6C AO@45.5C GPU@45.5C PMIC@50C
09-27-2026 19:54:52 RAM 4711/6833MB (lfb 26x4MB) SWAP 1070/3416MB (cached 0MB) CPU [6%@1420,6%@1420,100%@1420,0%@1420,11%@1420,5%@1420] EMC_FREQ 0% GR3D_FREQ 0% AUX@45.5C CPU@46.5C thermal@45.8C AO@45.5C GPU@45.5C PMIC@50C
09-27-2026 19:54:53 RAM 4711/6833MB (lfb 26x4MB) SWAP 1070/3416MB (cached 0MB) CPU [7%@1420,6%@1420,100%@1420,0%@1420,8%@1420,8%@1420] EMC_FREQ 0% GR3D_FREQ 0% AUX@45.5C CPU@46.5C thermal@45.8C AO@45.5C GPU@45.5C PMIC@50C
09-27-2026 19:54:54 RAM 4826/6833MB (lfb 26x4MB) SWAP 1070/3416MB (cached 0MB) CPU [28%@1420,31%@1420,100%@1420,23%@1420,61%@1420,29%@1420] EMC_FREQ 0% GR3D_FREQ 0% AUX@45.5C CPU@47C thermal@45.95C AO@45.5C GPU@45.5C PMIC@50C
09-27-2026 19:54:55 RAM 4826/6833MB (lfb 34x4MB) SWAP 1070/3416MB (cached 0MB) CPU [14%@1420,12%@1420,68%@1420,47%@1420,85%@1420,19%@1420] EMC_FREQ 0% GR3D_FREQ 99% AUX@45.5C CPU@47.5C thermal@46.3C AO@46C GPU@48C PMIC@50C
09-27-2026 19:54:56 RAM 4706/6833MB (lfb 34x4MB) SWAP 1070/3416MB (cached 0MB) CPU [22%@1420,25%@1420,35%@1420,49%@1420,100%@1420,13%@1420] EMC_FREQ 0% GR3D_FREQ 0% AUX@46C CPU@47C thermal@46.45C AO@46C GPU@46C PMIC@50C
09-27-2026 19:54:57 RAM 4706/6833MB (lfb 34x4MB) SWAP 1070/3416MB (cached 0MB) CPU [12%@1420,4%@1420,5%@1420,3%@1420,100%@1420,3%@1420] EMC_FREQ 0% GR3D_FREQ 0% AUX@46C CPU@47.5C thermal@46.45C AO@46C GPU@46C PMIC@50C
09-27-2026 19:54:58 RAM 4706/6833MB (lfb 34x4MB) SWAP 1070/3416MB (cached 0MB) CPU [13%@1420,7%@1420,5%@1420,2%@1420,100%@1420,4%@1420] EMC_FREQ 0% GR3D_FREQ 0% AUX@46C CPU@47.5C thermal@46.45C AO@46C GPU@46C PMIC@50C
09-27-2026 19:54:59 RAM 4706/6833MB (lfb 34x4MB) SWAP 1070/3416MB (cached 0MB) CPU [11%@1420,7%@1420,4%@1420,4%@1420,100%@1420,3%@1420] EMC_FREQ 0% GR3D_FREQ 0% AUX@46C CPU@47.5C thermal@46.45C AO@46C GPU@46C PMIC@50C
09-27-2026 19:55:00 RAM 4917/6833MB (lfb 14x4MB) SWAP 1070/3416MB (cached 0MB) CPU [12%@1420,7%@1420,6%@1420,3%@1420,100%@1420,9%@1420] EMC_FREQ 0% GR3D_FREQ 0% AUX@46C CPU@47.5C thermal@46.45C AO@46C GPU@46C PMIC@50C
09-27-2026 19:55:01 RAM 4704/6833MB (lfb 26x4MB) SWAP 1070/3416MB (cached 0MB) CPU [17%@1420,11%@1420,18%@1420,6%@1420,100%@1420,4%@1420] EMC_FREQ 0% GR3D_FREQ 0% AUX@46C CPU@47.5C thermal@46.6C AO@46C GPU@46C PMIC@50C
09-27-2026 19:55:02 RAM 4704/6833MB (lfb 26x4MB) SWAP 1070/3416MB (cached 0MB) CPU [9%@1420,6%@1420,7%@1420,6%@1420,100%@1420,1%@1420] EMC_FREQ 0% GR3D_FREQ 0% AUX@46C CPU@47C thermal@46.3C AO@46C GPU@46C PMIC@50C
09-27-2026 19:55:03 RAM 4704/6833MB (lfb 26x4MB) SWAP 1070/3416MB (cached 0MB) CPU [6%@1420,4%@1420,10%@1420,6%@1420,100%@1420,2%@1420] EMC_FREQ 0% GR3D_FREQ 0% AUX@46C CPU@47.5C thermal@46.3C AO@46C GPU@46C PMIC@50C
09-27-2026 19:55:04 RAM 4788/6833MB (lfb 26x4MB) SWAP 1070/3416MB (cached 0MB) CPU [20%@1420,22%@1420,44%@1420,25%@1420,81%@1420,19%@1420] EMC_FREQ 0% GR3D_FREQ 0% AUX@46C CPU@47.5C thermal@46.3C AO@46C GPU@46C PMIC@50C
09-27-2026 19:55:05 RAM 4825/6833MB (lfb 26x4MB) SWAP 1070/3416MB (cached 0MB) CPU [15%@1420,15%@1420,100%@1420,19%@1420,100%@1420,11%@1420] EMC_FREQ 0% GR3D_FREQ 0% AUX@46C CPU@47C thermal@46.1C AO@45.5C GPU@45.5C PMIC@50C
09-27-2026 19:55:06 RAM 4703/6833MB (lfb 34x4MB) SWAP 1070/3416MB (cached 0MB) CPU [25%@1420,37%@1420,100%@1420,24%@1420,72%@1420,13%@1420] EMC_FREQ 0% GR3D_FREQ 0% AUX@45.5C CPU@47.5C thermal@46.1C AO@46C GPU@46C PMIC@50C
09-27-2026 19:55:07 RAM 4703/6833MB (lfb 34x4MB) SWAP 1070/3416MB (cached 0MB) CPU [6%@1420,5%@1420,100%@1420,9%@1420,5%@1420,6%@1420] EMC_FREQ 0% GR3D_FREQ 0% AUX@45.5C CPU@46.5C thermal@46.1C AO@45.5C GPU@45.5C PMIC@50C
09-27-2026 19:55:08 RAM 4704/6833MB (lfb 34x4MB) SWAP 1070/3416MB (cached 0MB) CPU [3%@1420,7%@1420,100%@1420,9%@1420,3%@1420,5%@1420] EMC_FREQ 0% GR3D_FREQ 0% AUX@45.5C CPU@47C thermal@45.95C AO@45.5C GPU@45.5C PMIC@50C
09-27-2026 19:55:09 RAM 4703/6833MB (lfb 34x4MB) SWAP 1070/3416MB (cached 0MB) CPU [8%@1420,8%@1420,100%@1420,5%@1420,3%@1420,6%@1420] EMC_FREQ 0% GR3D_FREQ 0% AUX@45.5C CPU@46.5C thermal@45.8C AO@45.5C GPU@45.5C PMIC@50C
09-27-2026 19:55:10 RAM 4703/6833MB (lfb 34x4MB) SWAP 1070/3416MB (cached 0MB) CPU [7%@1420,11%@1420,100%@1420,2%@1420,4%@1420,4%@1420] EMC_FREQ 0% GR3D_FREQ 0% AUX@45.5C CPU@46.5C thermal@45.8C AO@45.5C GPU@45.5C PMIC@50C
09-27-2026 19:55:11 RAM 4703/6833MB (lfb 27x4MB) SWAP 1070/3416MB (cached 0MB) CPU [19%@1420,19%@1420,100%@1420,4%@1420,9%@1420,12%@1420] EMC_FREQ 0% GR3D_FREQ 0% AUX@45.5C CPU@47C thermal@45.8C AO@45.5C GPU@46C PMIC@50C
09-27-2026 19:55:13 RAM 4703/6833MB (lfb 27x4MB) SWAP 1070/3416MB (cached 0MB) CPU [6%@1420,6%@1420,100%@1420,2%@1420,5%@1420,6%@1420] EMC_FREQ 0% GR3D_FREQ 0% AUX@45.5C CPU@46.5C thermal@45.8C AO@45.5C GPU@45.5C PMIC@50C
09-27-2026 19:55:14 RAM 4703/6833MB (lfb 27x4MB) SWAP 1070/3416MB (cached 0MB) CPU [9%@1420,6%@1420,100%@1420,2%@1420,3%@1420,5%@1420] EMC_FREQ 0% GR3D_FREQ 0% AUX@45C CPU@46.5C thermal@45.6C AO@45.5C GPU@45.5C PMIC@50C
09-27-2026 19:55:15 RAM 4750/6833MB (lfb 27x4MB) SWAP 1070/3416MB (cached 0MB) CPU [18%@1420,16%@1420,100%@1420,12%@1420,16%@1420,17%@1420] EMC_FREQ 0% GR3D_FREQ 0% AUX@45.5C CPU@47C thermal@45.8C AO@45.5C GPU@45.5C PMIC@50C
09-27-2026 19:55:16 RAM 4824/6833MB (lfb 27x4MB) SWAP 1070/3416MB (cached 0MB) CPU [91%@1420,21%@1420,100%@1420,19%@1420,20%@1420,22%@1420] EMC_FREQ 0% GR3D_FREQ 0% AUX@45C CPU@46.5C thermal@45.6C AO@45.5C GPU@45.5C PMIC@50C
09-27-2026 19:55:17 RAM 4704/6833MB (lfb 34x4MB) SWAP 1070/3416MB (cached 0MB) CPU [92%@1420,15%@1420,100%@1420,6%@1420,25%@1420,31%@1420] EMC_FREQ 0% GR3D_FREQ 0% AUX@45C CPU@47C thermal@45.6C AO@45.5C GPU@45.5C PMIC@50C
09-27-2026 19:55:18 RAM 4703/6833MB (lfb 34x4MB) SWAP 1070/3416MB (cached 0MB) CPU [12%@1420,12%@1420,100%@1420,4%@1420,5%@1420,8%@1420] EMC_FREQ 0% GR3D_FREQ 0% AUX@45C CPU@46.5C thermal@45.6C AO@45C GPU@45.5C PMIC@50C
09-27-2026 19:55:19 RAM 4703/6833MB (lfb 34x4MB) SWAP 1070/3416MB (cached 0MB) CPU [8%@1420,6%@1420,100%@1420,0%@1420,5%@1420,5%@1420] EMC_FREQ 0% GR3D_FREQ 0% AUX@45C CPU@46.5C thermal@45.6C AO@45C GPU@45.5C PMIC@50C
09-27-2026 19:55:20 RAM 4703/6833MB (lfb 34x4MB) SWAP 1070/3416MB (cached 0MB) CPU [8%@1420,7%@1420,100%@1420,2%@1420,9%@1420,4%@1420] EMC_FREQ 0% GR3D_FREQ 0% AUX@45C CPU@46C thermal@45.6C AO@45C GPU@45.5C PMIC@50C
09-27-2026 19:55:21 RAM 4703/6833MB (lfb 34x4MB) SWAP 1070/3416MB (cached 0MB) CPU [6%@1420,6%@1420,100%@1420,2%@1420,9%@1420,7%@1420] EMC_FREQ 0% GR3D_FREQ 0% AUX@45C CPU@46C thermal@45.45C AO@45C GPU@45.5C PMIC@50C
09-27-2026 19:55:22 RAM 4703/6833MB (lfb 34x4MB) SWAP 1070/3416MB (cached 0MB) CPU [16%@1420,7%@1420,100%@1420,2%@1420,7%@1420,7%@1420] EMC_FREQ 0% GR3D_FREQ 0% AUX@45C CPU@46C thermal@45.3C AO@45C GPU@45.5C PMIC@50C
09-27-2026 19:55:23 RAM 4703/6833MB (lfb 27x4MB) SWAP 1070/3416MB (cached 0MB) CPU [10%@1420,17%@1420,100%@1420,4%@1420,10%@1420,5%@1420] EMC_FREQ 0% GR3D_FREQ 0% AUX@45C CPU@46.5C thermal@45.6C AO@45C GPU@45.5C PMIC@50C
09-27-2026 19:55:24 RAM 4703/6833MB (lfb 27x4MB) SWAP 1070/3416MB (cached 0MB) CPU [4%@1420,6%@1420,100%@1420,2%@1420,9%@1420,8%@1420] EMC_FREQ 0% GR3D_FREQ 0% AUX@45C CPU@46C thermal@45.3C AO@45C GPU@45C PMIC@50C
09-27-2026 19:55:25 RAM 4708/6833MB (lfb 27x4MB) SWAP 1070/3416MB (cached 0MB) CPU [7%@1420,7%@1420,100%@1420,1%@1420,10%@1420,7%@1420] EMC_FREQ 0% GR3D_FREQ 0% AUX@45C CPU@46C thermal@45.3C AO@45C GPU@45C PMIC@50C
09-27-2026 19:55:26 RAM 4823/6833MB (lfb 27x4MB) SWAP 1070/3416MB (cached 0MB) CPU [34%@1420,34%@1420,100%@1420,28%@1420,97%@1420,29%@1420] EMC_FREQ 0% GR3D_FREQ 0% AUX@45C CPU@46C thermal@45.3C AO@45C GPU@45C PMIC@50C
09-27-2026 19:55:27 RAM 4702/6833MB (lfb 27x4MB) SWAP 1070/3416MB (cached 0MB) CPU [30%@1420,31%@1420,100%@1420,5%@1420,75%@1420,21%@1420] EMC_FREQ 0% GR3D_FREQ 0% AUX@45C CPU@46C thermal@45.3C AO@44.5C GPU@45C PMIC@50C
09-27-2026 19:55:28 RAM 4702/6833MB (lfb 34x4MB) SWAP 1070/3416MB (cached 0MB) CPU [20%@1420,14%@1420,100%@1420,10%@1420,9%@1420,10%@1420] EMC_FREQ 0% GR3D_FREQ 0% AUX@45C CPU@46C thermal@45.3C AO@45C GPU@45.5C PMIC@50C
09-27-2026 19:55:29 RAM 4705/6833MB (lfb 34x4MB) SWAP 1070/3416MB (cached 0MB) CPU [27%@1420,23%@1420,100%@1420,14%@1420,21%@1420,29%@1420] EMC_FREQ 0% GR3D_FREQ 0% AUX@45C CPU@46.5C thermal@45.3C AO@45C GPU@45.5C PMIC@50C
09-27-2026 19:55:30 RAM 4703/6833MB (lfb 34x4MB) SWAP 1070/3416MB (cached 0MB) CPU [23%@1420,14%@1420,100%@1420,7%@1420,10%@1420,14%@1420] EMC_FREQ 0% GR3D_FREQ 0% AUX@45C CPU@46C thermal@45.3C AO@45C GPU@45C PMIC@50C
09-27-2026 19:55:31 RAM 4703/6833MB (lfb 34x4MB) SWAP 1070/3416MB (cached 0MB) CPU [8%@1420,10%@1420,100%@1420,1%@1420,6%@1420,6%@1420] EMC_FREQ 0% GR3D_FREQ 0% AUX@45C CPU@45.5C thermal@45.1C AO@44.5C GPU@45C PMIC@50C
09-27-2026 19:55:32 RAM 4703/6833MB (lfb 34x4MB) SWAP 1070/3416MB (cached 0MB) CPU [11%@1420,11%@1420,40%@1420,14%@1420,61%@1420,4%@1420] EMC_FREQ 0% GR3D_FREQ 0% AUX@44.5C CPU@46C thermal@45.15C AO@44.5C GPU@45C PMIC@50C
09-27-2026 19:55:33 RAM 4702/6833MB (lfb 27x4MB) SWAP 1070/3416MB (cached 0MB) CPU [17%@1420,26%@1420,8%@1420,5%@1420,100%@1420,5%@1420] EMC_FREQ 0% GR3D_FREQ 99% AUX@44.5C CPU@46C thermal@45.15C AO@44.5C GPU@44.5C PMIC@50C
09-27-2026 19:55:34 RAM 4702/6833MB (lfb 27x4MB) SWAP 1070/3416MB (cached 0MB) CPU [6%@1420,7%@1420,7%@1420,10%@1420,100%@1420,3%@1420] EMC_FREQ 0% GR3D_FREQ 0% AUX@45C CPU@46C thermal@45.3C AO@44.5C GPU@45C PMIC@50C
09-27-2026 19:55:35 RAM 4744/6833MB (lfb 27x4MB) SWAP 1070/3416MB (cached 0MB) CPU [15%@1420,13%@1420,14%@1420,20%@1420,100%@1420,13%@1420] EMC_FREQ 0% GR3D_FREQ 0% AUX@45C CPU@46.5C thermal@45.1C AO@44.5C GPU@45C PMIC@50C
09-27-2026 19:55:36 RAM 4830/6833MB (lfb 27x4MB) SWAP 1070/3416MB (cached 0MB) CPU [71%@1420,37%@1420,31%@1420,32%@1420,100%@1420,42%@1420] EMC_FREQ 0% GR3D_FREQ 0% AUX@45C CPU@46.5C thermal@45.45C AO@45C GPU@45C PMIC@50C
09-27-2026 19:55:37 RAM 4709/6833MB (lfb 27x4MB) SWAP 1070/3416MB (cached 0MB) CPU [33%@1420,27%@1420,39%@1420,23%@1420,100%@1420,13%@1420] EMC_FREQ 0% GR3D_FREQ 0% AUX@45C CPU@46C thermal@45.45C AO@45C GPU@45C PMIC@50C
09-27-2026 19:55:38 RAM 4709/6833MB (lfb 27x4MB) SWAP 1070/3416MB (cached 0MB) CPU [6%@1420,6%@1420,4%@1420,7%@1420,100%@1420,6%@1420] EMC_FREQ 0% GR3D_FREQ 0% AUX@45C CPU@46C thermal@45.3C AO@45C GPU@45C PMIC@50C
09-27-2026 19:55:39 RAM 4710/6833MB (lfb 31x4MB) SWAP 1070/3416MB (cached 0MB) CPU [20%@1420,7%@1420,13%@1420,13%@1420,100%@1420,11%@1420] EMC_FREQ 0% GR3D_FREQ 0% AUX@45C CPU@46.5C thermal@45.45C AO@45.5C GPU@45.5C PMIC@50C
09-27-2026 19:55:40 RAM 4710/6833MB (lfb 31x4MB) SWAP 1070/3416MB (cached 0MB) CPU [7%@1420,9%@1420,9%@1420,4%@1420,100%@1420,3%@1420] EMC_FREQ 0% GR3D_FREQ 0% AUX@45C CPU@46.5C thermal@45.45C AO@45C GPU@45.5C PMIC@50C
09-27-2026 19:55:41 RAM 4710/6833MB (lfb 31x4MB) SWAP 1070/3416MB (cached 0MB) CPU [7%@1420,5%@1420,5%@1420,10%@1420,100%@1420,5%@1420] EMC_FREQ 0% GR3D_FREQ 0% AUX@45.5C CPU@46.5C thermal@45.6C AO@45C GPU@45.5C PMIC@50C
09-27-2026 19:55:42 RAM 4710/6833MB (lfb 31x4MB) SWAP 1070/3416MB (cached 0MB) CPU [8%@1420,8%@1420,25%@1420,48%@1420,38%@1420,2%@1420] EMC_FREQ 0% GR3D_FREQ 0% AUX@45.5C CPU@46.5C thermal@45.6C AO@45.5C GPU@45.5C PMIC@50C
09-27-2026 19:55:43 RAM 4710/6833MB (lfb 31x4MB) SWAP 1070/3416MB (cached 0MB) CPU [6%@1420,5%@1420,4%@1420,100%@1420,8%@1420,5%@1420] EMC_FREQ 0% GR3D_FREQ 0% AUX@45.5C CPU@46.5C thermal@45.8C AO@45.5C GPU@45.5C PMIC@50C
09-27-2026 19:55:44 RAM 4710/6833MB (lfb 27x4MB) SWAP 1070/3416MB (cached 0MB) CPU [17%@1420,20%@1420,12%@1420,100%@1420,9%@1420,8%@1420] EMC_FREQ 0% GR3D_FREQ 0% AUX@45.5C CPU@47C thermal@46.25C AO@46C GPU@46C PMIC@50C
09-27-2026 19:55:45 RAM 4818/6833MB (lfb 27x4MB) SWAP 1070/3416MB (cached 0MB) CPU [30%@1420,35%@1420,27%@1420,92%@1420,35%@1420,26%@1420] EMC_FREQ 0% GR3D_FREQ 0% AUX@45.5C CPU@47.5C thermal@46.1C AO@46C GPU@45.5C PMIC@50C
09-27-2026 19:55:46 RAM 4826/6833MB (lfb 27x4MB) SWAP 1070/3416MB (cached 0MB) CPU [35%@1420,35%@1420,30%@1420,48%@1420,100%@1420,13%@1420] EMC_FREQ 0% GR3D_FREQ 0% AUX@46C CPU@47.5C thermal@46.1C AO@46C GPU@46C PMIC@50C
09-27-2026 19:55:47 RAM 4715/6833MB (lfb 27x4MB) SWAP 1070/3416MB (cached 0MB) CPU [23%@1420,18%@1420,22%@1420,31%@1420,100%@1420,8%@1420] EMC_FREQ 0% GR3D_FREQ 0% AUX@46C CPU@47.5C thermal@46.25C AO@45.5C GPU@46C PMIC@50C
09-27-2026 19:55:48 RAM 4715/6833MB (lfb 27x4MB) SWAP 1070/3416MB (cached 0MB) CPU [11%@1420,9%@1420,3%@1420,4%@1420,100%@1420,4%@1420] EMC_FREQ 0% GR3D_FREQ 0% AUX@46C CPU@47C thermal@46.3C AO@46C GPU@46C PMIC@50C
09-27-2026 19:55:49 RAM 4712/6833MB (lfb 31x4MB) SWAP 1070/3416MB (cached 0MB) CPU [19%@1420,20%@1420,10%@1420,7%@1420,100%@1420,11%@1420] EMC_FREQ 0% GR3D_FREQ 99% AUX@45.5C CPU@47C thermal@46.15C AO@45.5C GPU@46.5C PMIC@50C
09-27-2026 19:55:50 RAM 4712/6833MB (lfb 31x4MB) SWAP 1070/3416MB (cached 0MB) CPU [7%@1420,4%@1420,6%@1420,4%@1420,100%@1420,10%@1420] EMC_FREQ 0% GR3D_FREQ 0% AUX@46C CPU@47.5C thermal@46.3C AO@46C GPU@46C PMIC@50C
09-27-2026 19:55:51 RAM 4712/6833MB (lfb 31x4MB) SWAP 1070/3416MB (cached 0MB) CPU [6%@1420,6%@1420,4%@1420,3%@1420,100%@1420,10%@1420] EMC_FREQ 0% GR3D_FREQ 0% AUX@46C CPU@47.5C thermal@46.3C AO@45.5C GPU@45.5C PMIC@50C
09-27-2026 19:55:52 RAM 4712/6833MB (lfb 31x4MB) SWAP 1070/3416MB (cached 0MB) CPU [6%@1420,4%@1420,5%@1420,3%@1420,100%@1420,10%@1420] EMC_FREQ 0% GR3D_FREQ 0% AUX@45.5C CPU@47C thermal@46.3C AO@45.5C GPU@45.5C PMIC@50C
09-27-2026 19:55:53 RAM 4712/6833MB (lfb 31x4MB) SWAP 1070/3416MB (cached 0MB) CPU [8%@1420,5%@1420,6%@1420,7%@1420,100%@1420,3%@1420] EMC_FREQ 0% GR3D_FREQ 0% AUX@45.5C CPU@47C thermal@46.1C AO@46C GPU@45.5C PMIC@50C
09-27-2026 19:55:54 RAM 4712/6833MB (lfb 31x4MB) SWAP 1070/3416MB (cached 0MB) CPU [6%@1420,5%@1420,9%@1420,3%@1420,100%@1420,4%@1420] EMC_FREQ 0% GR3D_FREQ 0% AUX@45.5C CPU@47C thermal@45.8C AO@45.5C GPU@45.5C PMIC@50C
09-27-2026 19:55:55 RAM 4828/6833MB (lfb 27x4MB) SWAP 1070/3416MB (cached 0MB) CPU [55%@1420,62%@1420,43%@1420,39%@1420,100%@1420,36%@1420] EMC_FREQ 0% GR3D_FREQ 0% AUX@45.5C CPU@47.5C thermal@46.25C AO@45.5C GPU@46C PMIC@50C
09-27-2026 19:55:56 RAM 4710/6833MB (lfb 27x4MB) SWAP 1070/3416MB (cached 0MB) CPU [35%@1420,37%@1420,46%@1420,46%@1420,100%@1420,18%@1420] EMC_FREQ 0% GR3D_FREQ 0% AUX@45.5C CPU@47.5C thermal@46.25C AO@45.5C GPU@46C PMIC@50C
09-27-2026 19:55:57 RAM 4710/6833MB (lfb 27x4MB) SWAP 1070/3416MB (cached 0MB) CPU [12%@1420,11%@1420,3%@1420,1%@1420,100%@1420,5%@1420] EMC_FREQ 0% GR3D_FREQ 0% AUX@45.5C CPU@47C thermal@45.95C AO@45.5C GPU@46C PMIC@50C
09-27-2026 19:55:58 RAM 4710/6833MB (lfb 27x4MB) SWAP 1070/3416MB (cached 0MB) CPU [10%@1420,7%@1420,16%@1420,6%@1420,100%@1420,3%@1420] EMC_FREQ 0% GR3D_FREQ 0% AUX@45.5C CPU@46.5C thermal@45.95C AO@45.5C GPU@45.5C PMIC@50C
09-27-2026 19:55:59 RAM 4710/6833MB (lfb 27x4MB) SWAP 1070/3416MB (cached 0MB) CPU [7%@1420,7%@1420,4%@1420,9%@1420,100%@1420,4%@1420] EMC_FREQ 0% GR3D_FREQ 0% AUX@45.5C CPU@46.5C thermal@45.8C AO@45.5C GPU@45.5C PMIC@50C
09-27-2026 19:56:00 RAM 4709/6833MB (lfb 31x4MB) SWAP 1070/3416MB (cached 0MB) CPU [19%@1420,22%@1420,8%@1420,11%@1420,100%@1420,3%@1420] EMC_FREQ 0% GR3D_FREQ 0% AUX@45.5C CPU@46.5C thermal@45.6C AO@45.5C GPU@45.5C PMIC@50C
09-27-2026 19:56:01 RAM 4708/6833MB (lfb 31x4MB) SWAP 1070/3416MB (cached 0MB) CPU [9%@1420,6%@1420,10%@1420,3%@1420,100%@1420,2%@1420] EMC_FREQ 0% GR3D_FREQ 0% AUX@45C CPU@46.5C thermal@45.8C AO@45.5C GPU@45.5C PMIC@50C
09-27-2026 19:56:02 RAM 4708/6833MB (lfb 31x4MB) SWAP 1070/3416MB (cached 0MB) CPU [6%@1420,5%@1420,6%@1420,8%@1420,100%@1420,3%@1420] EMC_FREQ 0% GR3D_FREQ 0% AUX@45.5C CPU@46.5C thermal@45.6C AO@45C GPU@45.5C PMIC@50C
09-27-2026 19:56:03 RAM 4708/6833MB (lfb 31x4MB) SWAP 1070/3416MB (cached 0MB) CPU [8%@1420,4%@1420,6%@1420,9%@1420,100%@1420,4%@1420] EMC_FREQ 0% GR3D_FREQ 0% AUX@45.5C CPU@46.5C thermal@45.6C AO@45C GPU@45.5C PMIC@50C
09-27-2026 19:56:04 RAM 4715/6833MB (lfb 31x4MB) SWAP 1070/3416MB (cached 0MB) CPU [7%@1420,9%@1420,8%@1420,12%@1420,100%@1420,4%@1420] EMC_FREQ 0% GR3D_FREQ 0% AUX@45C CPU@46.5C thermal@45.6C AO@45C GPU@45.5C PMIC@50C
09-27-2026 19:56:05 RAM 4823/6833MB (lfb 28x4MB) SWAP 1070/3416MB (cached 0MB) CPU [50%@1420,89%@1420,36%@1420,33%@1420,87%@1420,42%@1420] EMC_FREQ 0% GR3D_FREQ 99% AUX@45C CPU@47C thermal@45.9C AO@45C GPU@46C PMIC@50C
09-27-2026 19:56:06 RAM 4702/6833MB (lfb 28x4MB) SWAP 1070/3416MB (cached 0MB) CPU [100%@1420,9%@1420,23%@1420,16%@1420,32%@1420,60%@1420] EMC_FREQ 0% GR3D_FREQ 0% AUX@45C CPU@46.5C thermal@45.9C AO@45C GPU@45.5C PMIC@50C
09-27-2026 19:56:07 RAM 4702/6833MB (lfb 28x4MB) SWAP 1070/3416MB (cached 0MB) CPU [100%@1420,2%@1420,5%@1420,7%@1420,4%@1420,6%@1420] EMC_FREQ 0% GR3D_FREQ 0% AUX@45C CPU@46C thermal@45.6C AO@45C GPU@45.5C PMIC@50C
09-27-2026 19:56:08 RAM 4702/6833MB (lfb 28x4MB) SWAP 1070/3416MB (cached 0MB) CPU [100%@1420,3%@1420,11%@1420,5%@1420,5%@1420,5%@1420] EMC_FREQ 0% GR3D_FREQ 0% AUX@45C CPU@46C thermal@45.6C AO@45C GPU@45C PMIC@50C
09-27-2026 19:56:09 RAM 4702/6833MB (lfb 28x4MB) SWAP 1070/3416MB (cached 0MB) CPU [100%@1420,3%@1420,10%@1420,6%@1420,4%@1420,5%@1420] EMC_FREQ 0% GR3D_FREQ 0% AUX@45C CPU@46C thermal@45.45C AO@45C GPU@45C PMIC@50C
09-27-2026 19:56:10 RAM 4712/6833MB (lfb 28x4MB) SWAP 1070/3416MB (cached 0MB) CPU [100%@1420,1%@1420,6%@1420,13%@1420,4%@1420,5%@1420] EMC_FREQ 0% GR3D_FREQ 0% AUX@45C CPU@46C thermal@45.3C AO@45C GPU@44.5C PMIC@50C
09-27-2026 19:56:11 RAM 4703/6833MB (lfb 30x4MB) SWAP 1070/3416MB (cached 0MB) CPU [14%@1420,15%@1420,12%@1420,10%@1420,13%@1420,90%@1420] EMC_FREQ 0% GR3D_FREQ 0% AUX@45C CPU@46.5C thermal@45.6C AO@45C GPU@45.5C PMIC@50C
09-27-2026 19:56:12 RAM 4703/6833MB (lfb 30x4MB) SWAP 1070/3416MB (cached 0MB) CPU [6%@1420,4%@1420,30%@1420,8%@1420,7%@1420,75%@1420] EMC_FREQ 0% GR3D_FREQ 0% AUX@45C CPU@46C thermal@45.45C AO@45C GPU@45C PMIC@50C
09-27-2026 19:56:13 RAM 4703/6833MB (lfb 30x4MB) SWAP 1070/3416MB (cached 0MB) CPU [9%@1420,5%@1420,5%@1420,3%@1420,100%@1420,3%@1420] EMC_FREQ 0% GR3D_FREQ 0% AUX@45C CPU@46C thermal@45.3C AO@45C GPU@45C PMIC@50C
09-27-2026 19:56:14 RAM 4730/6833MB (lfb 30x4MB) SWAP 1070/3416MB (cached 0MB) CPU [35%@1420,29%@1420,35%@1420,27%@1420,94%@1420,32%@1420] EMC_FREQ 0% GR3D_FREQ 0% AUX@45C CPU@47C thermal@45.45C AO@44.5C GPU@45C PMIC@50C
09-27-2026 19:56:15 RAM 4807/6833MB (lfb 30x4MB) SWAP 1070/3416MB (cached 0MB) CPU [76%@1420,74%@1420,100%@1420,79%@1420,75%@1420,100%@1420] EMC_FREQ 0% GR3D_FREQ 0% AUX@45C CPU@46.5C thermal@45.3C AO@45C GPU@45C PMIC@50C
09-27-2026 19:56:16 RAM 4833/6833MB (lfb 27x4MB) SWAP 1070/3416MB (cached 0MB) CPU [47%@1420,53%@1420,70%@1420,49%@1420,37%@1420,100%@1420] EMC_FREQ 0% GR3D_FREQ 0% AUX@45C CPU@46.5C thermal@45.3C AO@44.5C GPU@45C PMIC@50C
09-27-2026 19:56:17 RAM 4712/6833MB (lfb 27x4MB) SWAP 1070/3416MB (cached 0MB) CPU [41%@1420,32%@1420,30%@1420,27%@1420,19%@1420,100%@1420] EMC_FREQ 0% GR3D_FREQ 0% AUX@45C CPU@46.5C thermal@45.45C AO@45C GPU@45C PMIC@50C
09-27-2026 19:56:18 RAM 4712/6833MB (lfb 27x4MB) SWAP 1070/3416MB (cached 0MB) CPU [9%@1420,6%@1420,7%@1420,1%@1420,2%@1420,100%@1420] EMC_FREQ 0% GR3D_FREQ 0% AUX@45C CPU@46.5C thermal@45.3C AO@44.5C GPU@45C PMIC@50C
09-27-2026 19:56:19 RAM 4711/6833MB (lfb 27x4MB) SWAP 1070/3416MB (cached 0MB) CPU [5%@1420,6%@1420,7%@1420,8%@1420,4%@1420,100%@1420] EMC_FREQ 0% GR3D_FREQ 0% AUX@44.5C CPU@46C thermal@45.3C AO@44.5C GPU@45C PMIC@50C
09-27-2026 19:56:20 RAM 4713/6833MB (lfb 27x4MB) SWAP 1070/3416MB (cached 0MB) CPU [18%@1420,23%@1420,18%@1420,24%@1420,17%@1420,100%@1420] EMC_FREQ 0% GR3D_FREQ 0% AUX@44.5C CPU@46.5C thermal@45.3C AO@44.5C GPU@44.5C PMIC@50C
09-27-2026 19:56:21 RAM 4710/6833MB (lfb 30x4MB) SWAP 1070/3416MB (cached 0MB) CPU [27%@1420,20%@1420,28%@1420,28%@1420,14%@1420,100%@1420] EMC_FREQ 0% GR3D_FREQ 0% AUX@44.5C CPU@46C thermal@45.15C AO@45C GPU@45.5C PMIC@50C
09-27-2026 19:56:22 RAM 4710/6833MB (lfb 30x4MB) SWAP 1070/3416MB (cached 0MB) CPU [6%@1420,6%@1420,3%@1420,9%@1420,3%@1420,100%@1420] EMC_FREQ 0% GR3D_FREQ 0% AUX@44.5C CPU@46.5C thermal@45.3C AO@45C GPU@45C PMIC@50C
09-27-2026 19:56:23 RAM 4710/6833MB (lfb 30x4MB) SWAP 1070/3416MB (cached 0MB) CPU [10%@1420,6%@1420,2%@1420,9%@1420,3%@1420,100%@1420] EMC_FREQ 0% GR3D_FREQ 0% AUX@44.5C CPU@46C thermal@44.95C AO@44.5C GPU@44.5C PMIC@50C
09-27-2026 19:56:24 RAM 4710/6833MB (lfb 30x4MB) SWAP 1070/3416MB (cached 0MB) CPU [6%@1420,4%@1420,5%@1420,8%@1420,3%@1420,100%@1420] EMC_FREQ 0% GR3D_FREQ 0% AUX@44.5C CPU@46C thermal@45.1C AO@44.5C GPU@45C PMIC@50C
09-27-2026 19:56:25 RAM 4728/6833MB (lfb 30x4MB) SWAP 1070/3416MB (cached 0MB) CPU [30%@1420,28%@1420,31%@1420,25%@1420,17%@1420,100%@1420] EMC_FREQ 0% GR3D_FREQ 0% AUX@44.5C CPU@46.5C thermal@45.1C AO@44.5C GPU@45C PMIC@50C
09-27-2026 19:56:26 RAM 4799/6833MB (lfb 27x4MB) SWAP 1070/3416MB (cached 0MB) CPU [91%@1420,80%@1420,84%@1420,84%@1420,74%@1420,100%@1420] EMC_FREQ 0% GR3D_FREQ 0% AUX@44.5C CPU@46.5C thermal@45.1C AO@44.5C GPU@44.5C PMIC@50C
09-27-2026 19:56:27 RAM 4835/6833MB (lfb 27x4MB) SWAP 1070/3416MB (cached 0MB) CPU [58%@1420,45%@1420,53%@1420,67%@1420,38%@1420,100%@1420] EMC_FREQ 0% GR3D_FREQ 0% AUX@44.5C CPU@46.5C thermal@45.1C AO@44.5C GPU@45C PMIC@50C
09-27-2026 19:56:28 RAM 4705/6833MB (lfb 27x4MB) SWAP 1070/3416MB (cached 0MB) CPU [45%@1420,30%@1420,34%@1420,49%@1420,17%@1420,100%@1420] EMC_FREQ 0% GR3D_FREQ 0% AUX@45C CPU@46.5C thermal@45.45C AO@44.5C GPU@45C PMIC@50C
09-27-2026 19:56:29 RAM 4705/6833MB (lfb 27x4MB) SWAP 1070/3416MB (cached 0MB) CPU [6%@1420,4%@1420,3%@1420,6%@1420,10%@1420,100%@1420] EMC_FREQ 0% GR3D_FREQ 0% AUX@45C CPU@46.5C thermal@45.3C AO@44.5C GPU@45.5C PMIC@50C
09-27-2026 19:56:30 RAM 4705/6833MB (lfb 27x4MB) SWAP 1070/3416MB (cached 0MB) CPU [3%@1420,8%@1420,5%@1420,5%@1420,9%@1420,100%@1420] EMC_FREQ 0% GR3D_FREQ 0% AUX@45C CPU@46C thermal@45.3C AO@45C GPU@45C PMIC@50C
09-27-2026 19:56:31 RAM 4705/6833MB (lfb 27x4MB) SWAP 1070/3416MB (cached 0MB) CPU [17%@1420,5%@1420,9%@1420,8%@1420,1%@1420,100%@1420] EMC_FREQ 0% GR3D_FREQ 0% AUX@45C CPU@46C thermal@45.3C AO@45C GPU@45C PMIC@50C
09-27-2026 19:56:32 RAM 4704/6833MB (lfb 30x4MB) SWAP 1070/3416MB (cached 0MB) CPU [11%@1420,21%@1420,8%@1420,11%@1420,2%@1420,100%@1420] EMC_FREQ 0% GR3D_FREQ 0% AUX@45C CPU@46.5C thermal@45.75C AO@45.5C GPU@45.5C PMIC@50C
09-27-2026 19:56:33 RAM 4704/6833MB (lfb 30x4MB) SWAP 1070/3416MB (cached 0MB) CPU [7%@1420,19%@1420,5%@1420,9%@1420,4%@1420,100%@1420] EMC_FREQ 0% GR3D_FREQ 0% AUX@45C CPU@46.5C thermal@45.6C AO@45C GPU@45.5C PMIC@50C
09-27-2026 19:56:34 RAM 4704/6833MB (lfb 30x4MB) SWAP 1070/3416MB (cached 0MB) CPU [7%@1420,4%@1420,10%@1420,5%@1420,3%@1420,100%@1420] EMC_FREQ 0% GR3D_FREQ 0% AUX@45.5C CPU@46.5C thermal@45.8C AO@45.5C GPU@45.5C PMIC@50C
09-27-2026 19:56:35 RAM 4704/6833MB (lfb 30x4MB) SWAP 1070/3416MB (cached 0MB) CPU [7%@1420,6%@1420,7%@1420,7%@1420,4%@1420,100%@1420] EMC_FREQ 0% GR3D_FREQ 0% AUX@45.5C CPU@47C thermal@45.95C AO@45.5C GPU@45.5C PMIC@50C
09-27-2026 19:56:36 RAM 4772/6833MB (lfb 30x4MB) SWAP 1070/3416MB (cached 0MB) CPU [23%@1420,18%@1420,18%@1420,19%@1420,21%@1420,100%@1420] EMC_FREQ 0% GR3D_FREQ 0% AUX@45.5C CPU@47.5C thermal@45.95C AO@45.5C GPU@45.5C PMIC@50C
09-27-2026 19:56:37 RAM 4822/6833MB (lfb 27x4MB) SWAP 1070/3416MB (cached 0MB) CPU [100%@1420,22%@1420,24%@1420,23%@1420,18%@1420,100%@1420] EMC_FREQ 0% GR3D_FREQ 0% AUX@45.5C CPU@47.5C thermal@46.1C AO@46C GPU@46C PMIC@50C
09-27-2026 19:56:38 RAM 4700/6833MB (lfb 27x4MB) SWAP 1070/3416MB (cached 0MB) CPU [71%@1420,8%@1420,20%@1420,27%@1420,17%@1420,100%@1420] EMC_FREQ 0% GR3D_FREQ 0% AUX@45.5C CPU@47.5C thermal@46.25C AO@46C GPU@46C PMIC@50C
09-27-2026 19:56:39 RAM 4700/6833MB (lfb 27x4MB) SWAP 1070/3416MB (cached 0MB) CPU [7%@1420,5%@1420,7%@1420,8%@1420,2%@1420,100%@1420] EMC_FREQ 0% GR3D_FREQ 0% AUX@45.5C CPU@47.5C thermal@46.25C AO@46C GPU@46C PMIC@50C
09-27-2026 19:56:40 RAM 4700/6833MB (lfb 27x4MB) SWAP 1070/3416MB (cached 0MB) CPU [5%@1420,3%@1420,5%@1420,10%@1420,7%@1420,100%@1420] EMC_FREQ 0% GR3D_FREQ 0% AUX@45.5C CPU@47C thermal@46.45C AO@46C GPU@46C PMIC@50C
09-27-2026 19:56:41 RAM 4700/6833MB (lfb 27x4MB) SWAP 1070/3416MB (cached 0MB) CPU [6%@1420,5%@1420,4%@1420,11%@1420,4%@1420,100%@1420] EMC_FREQ 0% GR3D_FREQ 0% AUX@45.5C CPU@47C thermal@45.95C AO@45.5C GPU@46C PMIC@50C
09-27-2026 19:56:42 RAM 4699/6833MB (lfb 30x4MB) SWAP 1070/3416MB (cached 0MB) CPU [6%@1420,15%@1420,14%@1420,15%@1420,6%@1420,100%@1420] EMC_FREQ 0% GR3D_FREQ 0% AUX@46C CPU@47.5C thermal@46.3C AO@46C GPU@46.5C PMIC@50C
09-27-2026 19:56:43 RAM 4699/6833MB (lfb 30x4MB) SWAP 1070/3416MB (cached 0MB) CPU [5%@1420,4%@1420,10%@1420,4%@1420,5%@1420,100%@1420] EMC_FREQ 0% GR3D_FREQ 0% AUX@45.5C CPU@47.5C thermal@46.1C AO@45.5C GPU@46C PMIC@50C
09-27-2026 19:56:44 RAM 4699/6833MB (lfb 30x4MB) SWAP 1070/3416MB (cached 0MB) CPU [9%@1420,3%@1420,6%@1420,8%@1420,2%@1420,100%@1420] EMC_FREQ 0% GR3D_FREQ 0% AUX@45.5C CPU@47C thermal@45.95C AO@45.5C GPU@45.5C PMIC@50C
09-27-2026 19:56:45 RAM 4699/6833MB (lfb 30x4MB) SWAP 1070/3416MB (cached 0MB) CPU [12%@1420,6%@1420,6%@1420,4%@1420,2%@1420,100%@1420] EMC_FREQ 0% GR3D_FREQ 0% AUX@45.5C CPU@47C thermal@45.95C AO@45.5C GPU@45.5C PMIC@50C
09-27-2026 19:56:46 RAM 4727/6833MB (lfb 30x4MB) SWAP 1070/3416MB (cached 0MB) CPU [33%@1420,26%@1420,29%@1420,24%@1420,23%@1420,100%@1420] EMC_FREQ 0% GR3D_FREQ 0% AUX@45.5C CPU@47.5C thermal@45.95C AO@45.5C GPU@45.5C PMIC@50C
09-27-2026 19:56:47 RAM 4797/6833MB (lfb 27x4MB) SWAP 1070/3416MB (cached 0MB) CPU [80%@1420,96%@1420,96%@1420,80%@1420,79%@1420,82%@1420] EMC_FREQ 0% GR3D_FREQ 0% AUX@45.5C CPU@47.5C thermal@46.1C AO@45.5C GPU@45.5C PMIC@50C
09-27-2026 19:56:48 RAM 4822/6833MB (lfb 27x4MB) SWAP 1070/3416MB (cached 0MB) CPU [34%@1420,65%@1420,100%@1420,37%@1420,79%@1420,37%@1420] EMC_FREQ 0% GR3D_FREQ 0% AUX@45.5C CPU@47C thermal@46.1C AO@45.5C GPU@45.5C PMIC@50C
09-27-2026 19:56:49 RAM 4822/6833MB (lfb 27x4MB) SWAP 1070/3416MB (cached 0MB) CPU [9%@1420,4%@1420,100%@1420,6%@1420,100%@1420,13%@1420] EMC_FREQ 0% GR3D_FREQ 0% AUX@45.5C CPU@47C thermal@45.95C AO@45.5C GPU@45.5C PMIC@50C
09-27-2026 19:56:50 RAM 4697/6833MB (lfb 27x4MB) SWAP 1070/3416MB (cached 0MB) CPU [21%@1420,18%@1420,82%@1420,21%@1420,100%@1420,11%@1420] EMC_FREQ 0% GR3D_FREQ 0% AUX@45.5C CPU@47C thermal@45.95C AO@45.5C GPU@45.5C PMIC@50C
09-27-2026 19:56:51 RAM 4697/6833MB (lfb 27x4MB) SWAP 1070/3416MB (cached 0MB) CPU [10%@1420,7%@1420,3%@1420,3%@1420,100%@1420,5%@1420] EMC_FREQ 0% GR3D_FREQ 0% AUX@45.5C CPU@46.5C thermal@45.8C AO@45C GPU@45.5C PMIC@50C
09-27-2026 19:56:53 RAM 4697/6833MB (lfb 27x4MB) SWAP 1070/3416MB (cached 0MB) CPU [11%@1420,8%@1420,14%@1420,2%@1420,100%@1420,4%@1420] EMC_FREQ 0% GR3D_FREQ 0% AUX@45C CPU@46.5C thermal@45.8C AO@45C GPU@45.5C PMIC@50C
09-27-2026 19:56:54 RAM 4698/6833MB (lfb 31x4MB) SWAP 1070/3416MB (cached 0MB) CPU [14%@1420,22%@1420,10%@1420,9%@1420,100%@1420,6%@1420] EMC_FREQ 0% GR3D_FREQ 0% AUX@45C CPU@46.5C thermal@46.4C AO@45C GPU@45.5C PMIC@50C
09-27-2026 19:56:55 RAM 4698/6833MB (lfb 31x4MB) SWAP 1070/3416MB (cached 0MB) CPU [5%@1420,4%@1420,4%@1420,4%@1420,100%@1420,9%@1420] EMC_FREQ 0% GR3D_FREQ 0% AUX@45C CPU@46.5C thermal@45.6C AO@45C GPU@45.5C PMIC@50C
09-27-2026 19:56:56 RAM 4698/6833MB (lfb 31x4MB) SWAP 1070/3416MB (cached 0MB) CPU [6%@1420,3%@1420,8%@1420,4%@1420,100%@1420,7%@1420] EMC_FREQ 0% GR3D_FREQ 0% AUX@45.5C CPU@46.5C thermal@45.75C AO@45.5C GPU@45.5C PMIC@50C
09-27-2026 19:56:57 RAM 4698/6833MB (lfb 31x4MB) SWAP 1070/3416MB (cached 0MB) CPU [8%@1420,6%@1420,4%@1420,13%@1420,100%@1420,9%@1420] EMC_FREQ 0% GR3D_FREQ 0% AUX@45C CPU@46.5C thermal@45.6C AO@45C GPU@45.5C PMIC@50C
09-27-2026 19:56:58 RAM 4698/6833MB (lfb 31x4MB) SWAP 1070/3416MB (cached 0MB) CPU [11%@1420,4%@1420,4%@1420,3%@1420,100%@1420,2%@1420] EMC_FREQ 0% GR3D_FREQ 0% AUX@45C CPU@46.5C thermal@45.45C AO@45C GPU@45C PMIC@50C
09-27-2026 19:56:59 RAM 4720/6833MB (lfb 26x4MB) SWAP 1070/3416MB (cached 0MB) CPU [32%@1420,31%@1420,41%@1420,33%@1420,95%@1420,32%@1420] EMC_FREQ 0% GR3D_FREQ 0% AUX@45C CPU@47C thermal@45.75C AO@45.5C GPU@45.5C PMIC@50C
09-27-2026 19:57:00 RAM 4797/6833MB (lfb 26x4MB) SWAP 1070/3416MB (cached 0MB) CPU [79%@1420,73%@1420,76%@1420,81%@1420,87%@1420,98%@1420] EMC_FREQ 0% GR3D_FREQ 0% AUX@45C CPU@47C thermal@45.75C AO@45C GPU@45.5C PMIC@50C
09-27-2026 19:57:01 RAM 4836/6833MB (lfb 26x4MB) SWAP 1070/3416MB (cached 0MB) CPU [100%@1420,35%@1420,59%@1420,44%@1420,36%@1420,64%@1420] EMC_FREQ 0% GR3D_FREQ 0% AUX@45C CPU@47C thermal@45.75C AO@45C GPU@45.5C PMIC@50C
09-27-2026 19:57:02 RAM 4713/6833MB (lfb 26x4MB) SWAP 1070/3416MB (cached 0MB) CPU [100%@1420,14%@1420,38%@1420,37%@1420,31%@1420,22%@1420] EMC_FREQ 0% GR3D_FREQ 0% AUX@45C CPU@46.5C thermal@45.75C AO@45C GPU@45.5C PMIC@50C
09-27-2026 19:57:03 RAM 4713/6833MB (lfb 26x4MB) SWAP 1070/3416MB (cached 0MB) CPU [100%@1420,3%@1420,9%@1420,15%@1420,5%@1420,7%@1420] EMC_FREQ 0% GR3D_FREQ 0% AUX@45C CPU@46.5C thermal@45.45C AO@45C GPU@44.5C PMIC@50C
09-27-2026 19:57:04 RAM 4709/6833MB (lfb 31x4MB) SWAP 1070/3416MB (cached 0MB) CPU [100%@1420,11%@1420,8%@1420,17%@1420,9%@1420,21%@1420] EMC_FREQ 0% GR3D_FREQ 99% AUX@45C CPU@46.5C thermal@45.3C AO@45C GPU@46.5C PMIC@50C
09-27-2026 19:57:05 RAM 4709/6833MB (lfb 31x4MB) SWAP 1070/3416MB (cached 0MB) CPU [100%@1420,6%@1420,3%@1420,11%@1420,6%@1420,5%@1420] EMC_FREQ 0% GR3D_FREQ 0% AUX@45C CPU@46C thermal@45.45C AO@44.5C GPU@45C PMIC@50C
09-27-2026 19:57:06 RAM 4709/6833MB (lfb 31x4MB) SWAP 1070/3416MB (cached 0MB) CPU [8%@1420,5%@1420,10%@1420,3%@1420,99%@1420,5%@1420] EMC_FREQ 0% GR3D_FREQ 0% AUX@44.5C CPU@46.5C thermal@45.3C AO@45C GPU@45C PMIC@50C
09-27-2026 19:57:07 RAM 4709/6833MB (lfb 31x4MB) SWAP 1070/3416MB (cached 0MB) CPU [7%@1420,5%@1420,6%@1420,10%@1420,100%@1420,4%@1420] EMC_FREQ 0% GR3D_FREQ 0% AUX@45C CPU@46C thermal@45.3C AO@45C GPU@45C PMIC@50C
09-27-2026 19:57:08 RAM 4709/6833MB (lfb 31x4MB) SWAP 1070/3416MB (cached 0MB) CPU [6%@1420,8%@1420,14%@1420,10%@1420,100%@1420,6%@1420] EMC_FREQ 0% GR3D_FREQ 0% AUX@44.5C CPU@46C thermal@45.45C AO@44.5C GPU@45C PMIC@50C
09-27-2026 19:57:09 RAM 4859/6833MB (lfb 12x4MB) SWAP 1070/3416MB (cached 0MB) CPU [17%@1420,7%@1420,5%@1420,13%@1420,100%@1420,4%@1420] EMC_FREQ 0% GR3D_FREQ 0% AUX@45C CPU@46C thermal@44.95C AO@45C GPU@45C PMIC@50C
09-27-2026 19:57:10 RAM 4825/6833MB (lfb 26x4MB) SWAP 1070/3416MB (cached 0MB) CPU [35%@1420,34%@1420,39%@1420,42%@1420,100%@1420,29%@1420] EMC_FREQ 0% GR3D_FREQ 0% AUX@44.5C CPU@46.5C thermal@44.95C AO@44.5C GPU@45C PMIC@50C
09-27-2026 19:57:11 RAM 4830/6833MB (lfb 26x4MB) SWAP 1070/3416MB (cached 0MB) CPU [31%@1420,29%@1420,44%@1420,39%@1420,100%@1420,17%@1420] EMC_FREQ 0% GR3D_FREQ 0% AUX@45C CPU@46.5C thermal@45.25C AO@45C GPU@45C PMIC@50C
09-27-2026 19:57:12 RAM 4717/6833MB (lfb 26x4MB) SWAP 1070/3416MB (cached 0MB) CPU [43%@1420,38%@1420,43%@1420,49%@1420,100%@1420,31%@1420] EMC_FREQ 0% GR3D_FREQ 0% AUX@44.5C CPU@46.5C thermal@45.45C AO@44.5C GPU@44.5C PMIC@50C
09-27-2026 19:57:13 RAM 4717/6833MB (lfb 26x4MB) SWAP 1070/3416MB (cached 0MB) CPU [9%@1420,21%@1420,2%@1420,8%@1420,100%@1420,5%@1420] EMC_FREQ 0% GR3D_FREQ 0% AUX@44.5C CPU@46C thermal@44.95C AO@45C GPU@45C PMIC@50C
09-27-2026 19:57:14 RAM 4717/6833MB (lfb 26x4MB) SWAP 1070/3416MB (cached 0MB) CPU [6%@1420,7%@1420,6%@1420,11%@1420,100%@1420,4%@1420] EMC_FREQ 0% GR3D_FREQ 0% AUX@44.5C CPU@45.5C thermal@44.8C AO@45C GPU@44.5C PMIC@50C
09-27-2026 19:57:15 RAM 4713/6833MB (lfb 31x4MB) SWAP 1070/3416MB (cached 0MB) CPU [13%@1420,8%@1420,32%@1420,20%@1420,76%@1420,8%@1420] EMC_FREQ 0% GR3D_FREQ 0% AUX@44.5C CPU@45.5C thermal@44.95C AO@45C GPU@45C PMIC@50C
09-27-2026 19:57:16 RAM 4713/6833MB (lfb 31x4MB) SWAP 1070/3416MB (cached 0MB) CPU [7%@1420,9%@1420,100%@1420,5%@1420,4%@1420,4%@1420] EMC_FREQ 0% GR3D_FREQ 0% AUX@44.5C CPU@45.5C thermal@44.8C AO@44.5C GPU@44.5C PMIC@50C
09-27-2026 19:57:17 RAM 4713/6833MB (lfb 31x4MB) SWAP 1070/3416MB (cached 0MB) CPU [7%@1420,7%@1420,100%@1420,4%@1420,3%@1420,8%@1420] EMC_FREQ 0% GR3D_FREQ 0% AUX@44.5C CPU@45.5C thermal@44.8C AO@44.5C GPU@45C PMIC@50C
09-27-2026 19:57:18 RAM 4714/6833MB (lfb 31x4MB) SWAP 1070/3416MB (cached 0MB) CPU [6%@1420,17%@1420,100%@1420,5%@1420,6%@1420,9%@1420] EMC_FREQ 0% GR3D_FREQ 0% AUX@44.5C CPU@45.5C thermal@44.8C AO@45C GPU@44.5C PMIC@50C
09-27-2026 19:57:19 RAM 4714/6833MB (lfb 31x4MB) SWAP 1070/3416MB (cached 0MB) CPU [5%@1420,5%@1420,100%@1420,5%@1420,8%@1420,7%@1420] EMC_FREQ 0% GR3D_FREQ 0% AUX@44C CPU@45.5C thermal@44.8C AO@44.5C GPU@44.5C PMIC@50C
09-27-2026 19:57:20 RAM 4828/6833MB (lfb 26x4MB) SWAP 1070/3416MB (cached 0MB) CPU [32%@1420,70%@1420,60%@1420,72%@1420,39%@1420,35%@1420] EMC_FREQ 0% GR3D_FREQ 99% AUX@44C CPU@46C thermal@44.8C AO@44.5C GPU@46.5C PMIC@50C
09-27-2026 19:57:21 RAM 4828/6833MB (lfb 26x4MB) SWAP 1070/3416MB (cached 0MB) CPU [7%@1420,100%@1420,4%@1420,100%@1420,8%@1420,10%@1420] EMC_FREQ 0% GR3D_FREQ 0% AUX@44.5C CPU@45.5C thermal@45.1C AO@44.5C GPU@44.5C PMIC@50C
09-27-2026 19:57:22 RAM 4705/6833MB (lfb 26x4MB) SWAP 1070/3416MB (cached 0MB) CPU [23%@1420,29%@1420,7%@1420,100%@1420,16%@1420,24%@1420] EMC_FREQ 0% GR3D_FREQ 0% AUX@44.5C CPU@45.5C thermal@45.1C AO@44.5C GPU@44.5C PMIC@50C
09-27-2026 19:57:23 RAM 4705/6833MB (lfb 26x4MB) SWAP 1070/3416MB (cached 0MB) CPU [9%@1420,5%@1420,2%@1420,100%@1420,11%@1420,5%@1420] EMC_FREQ 0% GR3D_FREQ 0% AUX@44.5C CPU@45.5C thermal@44.8C AO@44.5C GPU@44.5C PMIC@50C
09-27-2026 19:57:24 RAM 4706/6833MB (lfb 26x4MB) SWAP 1070/3416MB (cached 0MB) CPU [9%@1420,18%@1420,4%@1420,100%@1420,9%@1420,3%@1420] EMC_FREQ 0% GR3D_FREQ 0% AUX@44.5C CPU@45.5C thermal@44.8C AO@44.5C GPU@44.5C PMIC@50C
09-27-2026 19:57:25 RAM 4953/6833MB (lfb 1x4MB) SWAP 1070/3416MB (cached 0MB) CPU [10%@1420,6%@1420,2%@1420,100%@1420,16%@1420,3%@1420] EMC_FREQ 0% GR3D_FREQ 0% AUX@44.5C CPU@45.5C thermal@44.8C AO@44C GPU@44C PMIC@50C
09-27-2026 19:57:26 RAM 4704/6833MB (lfb 31x4MB) SWAP 1070/3416MB (cached 0MB) CPU [11%@1420,8%@1420,2%@1420,100%@1420,14%@1420,14%@1420] EMC_FREQ 0% GR3D_FREQ 0% AUX@44C CPU@45.5C thermal@44.8C AO@44.5C GPU@44.5C PMIC@50C
09-27-2026 19:57:27 RAM 4704/6833MB (lfb 31x4MB) SWAP 1070/3416MB (cached 0MB) CPU [8%@1420,6%@1420,2%@1420,100%@1420,6%@1420,10%@1420] EMC_FREQ 0% GR3D_FREQ 0% AUX@44.5C CPU@45.5C thermal@44.6C AO@44.5C GPU@44.5C PMIC@50C
09-27-2026 19:57:28 RAM 4704/6833MB (lfb 31x4MB) SWAP 1070/3416MB (cached 0MB) CPU [7%@1420,5%@1420,2%@1420,100%@1420,4%@1420,10%@1420] EMC_FREQ 0% GR3D_FREQ 0% AUX@44.5C CPU@45.5C thermal@44.8C AO@44.5C GPU@44.5C PMIC@50C
09-27-2026 19:57:29 RAM 4704/6833MB (lfb 31x4MB) SWAP 1070/3416MB (cached 0MB) CPU [6%@1420,16%@1420,4%@1420,100%@1420,6%@1420,10%@1420] EMC_FREQ 0% GR3D_FREQ 0% AUX@44.5C CPU@45.5C thermal@44.8C AO@44.5C GPU@44.5C PMIC@50C
09-27-2026 19:57:30 RAM 4831/6833MB (lfb 31x4MB) SWAP 1070/3416MB (cached 0MB) CPU [34%@1420,44%@1420,28%@1420,100%@1420,50%@1420,34%@1420] EMC_FREQ 0% GR3D_FREQ 0% AUX@44.5C CPU@46C thermal@44.8C AO@44.5C GPU@44.5C PMIC@50C
09-27-2026 19:57:31 RAM 4832/6833MB (lfb 28x4MB) SWAP 1070/3416MB (cached 0MB) CPU [56%@1420,39%@1420,35%@1420,100%@1420,53%@1420,48%@1420] EMC_FREQ 0% GR3D_FREQ 0% AUX@45C CPU@46.5C thermal@44.95C AO@45C GPU@45.5C PMIC@50C
09-27-2026 19:57:32 RAM 4713/6833MB (lfb 28x4MB) SWAP 1070/3416MB (cached 0MB) CPU [11%@1420,6%@1420,3%@1420,100%@1420,6%@1420,11%@1420] EMC_FREQ 0% GR3D_FREQ 0% AUX@45C CPU@46C thermal@45.3C AO@45C GPU@45C PMIC@50C
09-27-2026 19:57:33 RAM 4713/6833MB (lfb 28x4MB) SWAP 1070/3416MB (cached 0MB) CPU [8%@1420,8%@1420,5%@1420,100%@1420,7%@1420,5%@1420] EMC_FREQ 0% GR3D_FREQ 0% AUX@45C CPU@46C thermal@45.1C AO@45C GPU@45C PMIC@50C
09-27-2026 19:57:34 RAM 4713/6833MB (lfb 28x4MB) SWAP 1070/3416MB (cached 0MB) CPU [5%@1420,18%@1420,10%@1420,100%@1420,5%@1420,6%@1420] EMC_FREQ 0% GR3D_FREQ 0% AUX@45C CPU@46C thermal@45.3C AO@45C GPU@45C PMIC@50C
09-27-2026 19:57:35 RAM 4713/6833MB (lfb 28x4MB) SWAP 1070/3416MB (cached 0MB) CPU [6%@1420,6%@1420,9%@1420,100%@1420,3%@1420,15%@1420] EMC_FREQ 0% GR3D_FREQ 0% AUX@45.5C CPU@46C thermal@45.3C AO@45C GPU@45C PMIC@50C
09-27-2026 19:57:36 RAM 4716/6833MB (lfb 34x4MB) SWAP 1070/3416MB (cached 0MB) CPU [19%@1420,8%@1420,11%@1420,100%@1420,3%@1420,7%@1420] EMC_FREQ 0% GR3D_FREQ 32% AUX@45C CPU@46.5C thermal@45.3C AO@45C GPU@45C PMIC@50C
09-27-2026 19:57:37 RAM 4716/6833MB (lfb 34x4MB) SWAP 1070/3416MB (cached 0MB) CPU [10%@1420,6%@1420,10%@1420,100%@1420,3%@1420,4%@1420] EMC_FREQ 0% GR3D_FREQ 0% AUX@45C CPU@46.5C thermal@45.6C AO@45.5C GPU@45.5C PMIC@50C
09-27-2026 19:57:38 RAM 4716/6833MB (lfb 34x4MB) SWAP 1070/3416MB (cached 0MB) CPU [7%@1420,6%@1420,11%@1420,100%@1420,3%@1420,5%@1420] EMC_FREQ 0% GR3D_FREQ 0% AUX@45.5C CPU@46.5C thermal@45.8C AO@45.5C GPU@45.5C PMIC@50C
09-27-2026 19:57:39 RAM 4716/6833MB (lfb 34x4MB) SWAP 1070/3416MB (cached 0MB) CPU [9%@1420,15%@1420,5%@1420,100%@1420,3%@1420,4%@1420] EMC_FREQ 0% GR3D_FREQ 0% AUX@45.5C CPU@46.5C thermal@45.8C AO@45.5C GPU@45.5C PMIC@50C
09-27-2026 19:57:40 RAM 4787/6833MB (lfb 34x4MB) SWAP 1070/3416MB (cached 0MB) CPU [84%@1420,79%@1420,66%@1420,100%@1420,73%@1420,74%@1420] EMC_FREQ 0% GR3D_FREQ 0% AUX@45.5C CPU@47.5C thermal@45.95C AO@45.5C GPU@46C PMIC@50C
09-27-2026 19:57:41 RAM 4831/6833MB (lfb 34x4MB) SWAP 1070/3416MB (cached 0MB) CPU [50%@1420,54%@1420,44%@1420,100%@1420,54%@1420,91%@1420] EMC_FREQ 0% GR3D_FREQ 0% AUX@46C CPU@47.5C thermal@46.45C AO@45.5C GPU@45.5C PMIC@50C
09-27-2026 19:57:42 RAM 4826/6833MB (lfb 27x4MB) SWAP 1070/3416MB (cached 0MB) CPU [26%@1420,20%@1420,5%@1420,100%@1420,9%@1420,100%@1420] EMC_FREQ 0% GR3D_FREQ 0% AUX@45.5C CPU@47.5C thermal@45.95C AO@45.5C GPU@46C PMIC@50C
09-27-2026 19:57:43 RAM 4772/6833MB (lfb 27x4MB) SWAP 1070/3416MB (cached 0MB) CPU [24%@1420,23%@1420,12%@1420,100%@1420,15%@1420,88%@1420] EMC_FREQ 0% GR3D_FREQ 0% AUX@46C CPU@47C thermal@46.1C AO@46C GPU@46C PMIC@50C
09-27-2026 19:57:44 RAM 4700/6833MB (lfb 27x4MB) SWAP 1070/3416MB (cached 0MB) CPU [10%@1420,6%@1420,6%@1420,100%@1420,3%@1420,7%@1420] EMC_FREQ 0% GR3D_FREQ 0% AUX@45.5C CPU@47C thermal@45.95C AO@45.5C GPU@45.5C PMIC@50C
09-27-2026 19:57:45 RAM 4700/6833MB (lfb 27x4MB) SWAP 1070/3416MB (cached 0MB) CPU [18%@1420,4%@1420,3%@1420,100%@1420,7%@1420,11%@1420] EMC_FREQ 0% GR3D_FREQ 0% AUX@45.5C CPU@47C thermal@45.95C AO@45.5C GPU@45.5C PMIC@50C
09-27-2026 19:57:46 RAM 4700/6833MB (lfb 27x4MB) SWAP 1070/3416MB (cached 0MB) CPU [2%@1420,8%@1420,3%@1420,100%@1420,9%@1420,6%@1420] EMC_FREQ 0% GR3D_FREQ 0% AUX@45.5C CPU@46.5C thermal@45.8C AO@45.5C GPU@45.5C PMIC@50C
09-27-2026 19:57:47 RAM 4700/6833MB (lfb 34x4MB) SWAP 1070/3416MB (cached 0MB) CPU [17%@1420,14%@1420,5%@1420,100%@1420,9%@1420,8%@1420] EMC_FREQ 0% GR3D_FREQ 0% AUX@45.5C CPU@46.5C thermal@46.25C AO@45.5C GPU@46C PMIC@50C
09-27-2026 19:57:48 RAM 4700/6833MB (lfb 34x4MB) SWAP 1070/3416MB (cached 0MB) CPU [3%@1420,5%@1420,3%@1420,100%@1420,9%@1420,7%@1420] EMC_FREQ 0% GR3D_FREQ 0% AUX@45C CPU@47C thermal@45.8C AO@45.5C GPU@45.5C PMIC@50C
09-27-2026 19:57:49 RAM 4700/6833MB (lfb 34x4MB) SWAP 1070/3416MB (cached 0MB) CPU [6%@1420,5%@1420,5%@1420,100%@1420,6%@1420,7%@1420] EMC_FREQ 0% GR3D_FREQ 0% AUX@45.5C CPU@46.5C thermal@45.8C AO@45.5C GPU@45.5C PMIC@50C
09-27-2026 19:57:50 RAM 4700/6833MB (lfb 34x4MB) SWAP 1070/3416MB (cached 0MB) CPU [17%@1420,6%@1420,6%@1420,100%@1420,8%@1420,5%@1420] EMC_FREQ 0% GR3D_FREQ 0% AUX@45C CPU@46.5C thermal@45.6C AO@45.5C GPU@45C PMIC@50C
09-27-2026 19:57:51 RAM 4700/6833MB (lfb 34x4MB) SWAP 1070/3416MB (cached 0MB) CPU [10%@1420,6%@1420,5%@1420,100%@1420,6%@1420,4%@1420] EMC_FREQ 0% GR3D_FREQ 0% AUX@45C CPU@46.5C thermal@45.8C AO@45.5C GPU@45.5C PMIC@50C
09-27-2026 19:57:52 RAM 4830/6833MB (lfb 27x4MB) SWAP 1070/3416MB (cached 0MB) CPU [54%@1420,66%@1420,40%@1420,100%@1420,54%@1420,86%@1420] EMC_FREQ 0% GR3D_FREQ 0% AUX@45C CPU@47C thermal@45.6C AO@45.5C GPU@45C PMIC@50C
09-27-2026 19:57:53 RAM 4836/6833MB (lfb 27x4MB) SWAP 1070/3416MB (cached 0MB) CPU [37%@1420,38%@1420,26%@1420,100%@1420,69%@1420,25%@1420] EMC_FREQ 0% GR3D_FREQ 0% AUX@45C CPU@47C thermal@45.9C AO@45.5C GPU@45.5C PMIC@50C
09-27-2026 19:57:54 RAM 4717/6833MB (lfb 27x4MB) SWAP 1070/3416MB (cached 0MB) CPU [6%@1420,12%@1420,3%@1420,100%@1420,6%@1420,9%@1420] EMC_FREQ 0% GR3D_FREQ 0% AUX@45C CPU@46.5C thermal@45.6C AO@45.5C GPU@45.5C PMIC@50C
09-27-2026 19:57:55 RAM 4717/6833MB (lfb 27x4MB) SWAP 1070/3416MB (cached 0MB) CPU [7%@1420,4%@1420,4%@1420,100%@1420,8%@1420,8%@1420] EMC_FREQ 0% GR3D_FREQ 0% AUX@45C CPU@46.5C thermal@45.6C AO@45C GPU@45.5C PMIC@50C
09-27-2026 19:57:56 RAM 4717/6833MB (lfb 27x4MB) SWAP 1070/3416MB (cached 0MB) CPU [18%@1420,5%@1420,3%@1420,100%@1420,9%@1420,8%@1420] EMC_FREQ 0% GR3D_FREQ 0% AUX@45C CPU@46.5C thermal@45.45C AO@45C GPU@45.5C PMIC@50C
09-27-2026 19:57:57 RAM 4716/6833MB (lfb 27x4MB) SWAP 1070/3416MB (cached 0MB) CPU [5%@1420,5%@1420,5%@1420,100%@1420,8%@1420,4%@1420] EMC_FREQ 0% GR3D_FREQ 0% AUX@45C CPU@46C thermal@45.3C AO@45C GPU@45C PMIC@50C
09-27-2026 19:57:58 RAM 4713/6833MB (lfb 33x4MB) SWAP 1070/3416MB (cached 0MB) CPU [13%@1420,19%@1420,6%@1420,100%@1420,6%@1420,11%@1420] EMC_FREQ 0% GR3D_FREQ 0% AUX@45C CPU@46C thermal@45.3C AO@45C GPU@45.5C PMIC@50C
09-27-2026 19:57:59 RAM 4713/6833MB (lfb 33x4MB) SWAP 1070/3416MB (cached 0MB) CPU [5%@1420,4%@1420,1%@1420,100%@1420,11%@1420,7%@1420] EMC_FREQ 0% GR3D_FREQ 0% AUX@45C CPU@46C thermal@45.45C AO@45C GPU@45C PMIC@50C
09-27-2026 19:58:00 RAM 4713/6833MB (lfb 33x4MB) SWAP 1070/3416MB (cached 0MB) CPU [7%@1420,6%@1420,2%@1420,100%@1420,10%@1420,5%@1420] EMC_FREQ 0% GR3D_FREQ 0% AUX@45C CPU@46C thermal@45.3C AO@45C GPU@45C PMIC@50C
09-27-2026 19:58:01 RAM 4713/6833MB (lfb 33x4MB) SWAP 1070/3416MB (cached 0MB) CPU [18%@1420,6%@1420,6%@1420,100%@1420,6%@1420,8%@1420] EMC_FREQ 0% GR3D_FREQ 0% AUX@45C CPU@46C thermal@45.3C AO@45C GPU@45C PMIC@50C
09-27-2026 19:58:02 RAM 4782/6833MB (lfb 33x4MB) SWAP 1070/3416MB (cached 0MB) CPU [83%@1420,80%@1420,64%@1420,100%@1420,79%@1420,79%@1420] EMC_FREQ 0% GR3D_FREQ 0% AUX@45C CPU@46.5C thermal@45.45C AO@45C GPU@44.5C PMIC@50C
09-27-2026 19:58:03 RAM 4830/6833MB (lfb 27x4MB) SWAP 1070/3416MB (cached 0MB) CPU [84%@1420,85%@1420,90%@1420,86%@1420,93%@1420,87%@1420] EMC_FREQ 0% GR3D_FREQ 0% AUX@45C CPU@46.5C thermal@45.45C AO@45C GPU@45C PMIC@50C
09-27-2026 19:58:04 RAM 4838/6833MB (lfb 27x4MB) SWAP 1070/3416MB (cached 0MB) CPU [33%@1420,45%@1420,100%@1420,23%@1420,31%@1420,51%@1420] EMC_FREQ 0% GR3D_FREQ 0% AUX@45C CPU@46C thermal@45.45C AO@45C GPU@45C PMIC@50C
09-27-2026 19:58:05 RAM 4711/6833MB (lfb 28x4MB) SWAP 1070/3416MB (cached 0MB) CPU [20%@1420,20%@1420,100%@1420,18%@1420,19%@1420,23%@1420] EMC_FREQ 0% GR3D_FREQ 0% AUX@45C CPU@46C thermal@45.3C AO@45C GPU@45C PMIC@50C
09-27-2026 19:58:06 RAM 4711/6833MB (lfb 28x4MB) SWAP 1070/3416MB (cached 0MB) CPU [19%@1420,6%@1420,100%@1420,8%@1420,15%@1420,7%@1420] EMC_FREQ 0% GR3D_FREQ 0% AUX@45C CPU@45.5C thermal@45C AO@45C GPU@45C PMIC@50C
09-27-2026 19:58:07 RAM 4711/6833MB (lfb 28x4MB) SWAP 1070/3416MB (cached 0MB) CPU [6%@1420,7%@1420,50%@1420,5%@1420,54%@1420,7%@1420] EMC_FREQ 0% GR3D_FREQ 0% AUX@45C CPU@46C thermal@45.3C AO@44.5C GPU@45C PMIC@50C
09-27-2026 19:58:08 RAM 4711/6833MB (lfb 28x4MB) SWAP 1070/3416MB (cached 0MB) CPU [8%@1420,5%@1420,9%@1420,2%@1420,100%@1420,4%@1420] EMC_FREQ 0% GR3D_FREQ 0% AUX@45C CPU@45.5C thermal@45.3C AO@44.5C GPU@44.5C PMIC@50C
09-27-2026 19:58:09 RAM 4706/6833MB (lfb 33x4MB) SWAP 1070/3416MB (cached 0MB) CPU [21%@1420,11%@1420,11%@1420,7%@1420,100%@1420,6%@1420] EMC_FREQ 0% GR3D_FREQ 0% AUX@45C CPU@45.5C thermal@45C AO@44.5C GPU@44.5C PMIC@50C
09-27-2026 19:58:10 RAM 4706/6833MB (lfb 33x4MB) SWAP 1070/3416MB (cached 0MB) CPU [7%@1420,5%@1420,10%@1420,4%@1420,100%@1420,4%@1420] EMC_FREQ 0% GR3D_FREQ 0% AUX@45C CPU@45.5C thermal@44.95C AO@45C GPU@45C PMIC@50C
09-27-2026 19:58:11 RAM 4706/6833MB (lfb 33x4MB) SWAP 1070/3416MB (cached 0MB) CPU [20%@1420,7%@1420,7%@1420,18%@1420,100%@1420,4%@1420] EMC_FREQ 0% GR3D_FREQ 0% AUX@44.5C CPU@45.5C thermal@45.3C AO@45C GPU@45C PMIC@50C
09-27-2026 19:58:12 RAM 4706/6833MB (lfb 33x4MB) SWAP 1070/3416MB (cached 0MB) CPU [6%@1420,6%@1420,10%@1420,5%@1420,100%@1420,3%@1420] EMC_FREQ 0% GR3D_FREQ 0% AUX@44.5C CPU@45.5C thermal@44.95C AO@44.5C GPU@45C PMIC@50C
09-27-2026 19:58:13 RAM 4751/6833MB (lfb 33x4MB) SWAP 1070/3416MB (cached 0MB) CPU [58%@1420,59%@1420,58%@1420,61%@1420,94%@1420,64%@1420] EMC_FREQ 0% GR3D_FREQ 0% AUX@44.5C CPU@46C thermal@44.95C AO@44.5C GPU@44.5C PMIC@50C
09-27-2026 19:58:14 RAM 4814/6833MB (lfb 28x4MB) SWAP 1070/3416MB (cached 0MB) CPU [93%@1420,91%@1420,89%@1420,87%@1420,100%@1420,87%@1420] EMC_FREQ 0% GR3D_FREQ 99% AUX@44.5C CPU@46.5C thermal@45.1C AO@45C GPU@45.5C PMIC@50C
09-27-2026 19:58:15 RAM 4823/6833MB (lfb 28x4MB) SWAP 1070/3416MB (cached 0MB) CPU [83%@1420,35%@1420,26%@1420,41%@1420,100%@1420,27%@1420] EMC_FREQ 0% GR3D_FREQ 0% AUX@44.5C CPU@46C thermal@45.3C AO@44.5C GPU@45C PMIC@50C
09-27-2026 19:58:16 RAM 4823/6833MB (lfb 28x4MB) SWAP 1070/3416MB (cached 0MB) CPU [100%@1420,4%@1420,68%@1420,10%@1420,51%@1420,9%@1420] EMC_FREQ 0% GR3D_FREQ 0% AUX@44.5C CPU@46C thermal@44.8C AO@44.5C GPU@45C PMIC@50C
09-27-2026 19:58:17 RAM 4699/6833MB (lfb 28x4MB) SWAP 1070/3416MB (cached 0MB) CPU [51%@1420,13%@1420,100%@1420,18%@1420,21%@1420,24%@1420] EMC_FREQ 0% GR3D_FREQ 0% AUX@44.5C CPU@46C thermal@45.15C AO@44.5C GPU@45C PMIC@50C
09-27-2026 19:58:18 RAM 4699/6833MB (lfb 28x4MB) SWAP 1070/3416MB (cached 0MB) CPU [6%@1420,6%@1420,100%@1420,5%@1420,3%@1420,8%@1420] EMC_FREQ 0% GR3D_FREQ 0% AUX@45C CPU@46C thermal@45.15C AO@45C GPU@44.5C PMIC@50C
09-27-2026 19:58:19 RAM 4695/6833MB (lfb 33x4MB) SWAP 1070/3416MB (cached 0MB) CPU [6%@1420,7%@1420,95%@1420,11%@1420,8%@1420,8%@1420] EMC_FREQ 0% GR3D_FREQ 0% AUX@44.5C CPU@45.5C thermal@45C AO@45C GPU@44.5C PMIC@50C
09-27-2026 19:58:20 RAM 4695/6833MB (lfb 33x4MB) SWAP 1070/3416MB (cached 0MB) CPU [11%@1420,12%@1420,13%@1420,6%@1420,100%@1420,12%@1420] EMC_FREQ 0% GR3D_FREQ 0% AUX@45C CPU@46C thermal@45.45C AO@45C GPU@45C PMIC@50C
09-27-2026 19:58:21 RAM 4695/6833MB (lfb 33x4MB) SWAP 1070/3416MB (cached 0MB) CPU [6%@1420,7%@1420,6%@1420,3%@1420,100%@1420,6%@1420] EMC_FREQ 0% GR3D_FREQ 0% AUX@45C CPU@46C thermal@45.3C AO@45C GPU@45C PMIC@50C
09-27-2026 19:58:22 RAM 4695/6833MB (lfb 33x4MB) SWAP 1070/3416MB (cached 0MB) CPU [7%@1420,6%@1420,73%@1420,2%@1420,30%@1420,9%@1420] EMC_FREQ 0% GR3D_FREQ 0% AUX@45C CPU@46C thermal@45.3C AO@45C GPU@45C PMIC@50C
09-27-2026 19:58:23 RAM 4696/6833MB (lfb 33x4MB) SWAP 1070/3416MB (cached 0MB) CPU [6%@1420,7%@1420,100%@1420,4%@1420,11%@1420,4%@1420] EMC_FREQ 0% GR3D_FREQ 0% AUX@45C CPU@46C thermal@45.45C AO@45C GPU@45.5C PMIC@50C
09-27-2026 19:58:24 RAM 4696/6833MB (lfb 33x4MB) SWAP 1070/3416MB (cached 0MB) CPU [7%@1420,8%@1420,100%@1420,3%@1420,9%@1420,3%@1420] EMC_FREQ 0% GR3D_FREQ 0% AUX@45C CPU@46C thermal@45.45C AO@45C GPU@45C PMIC@50C
09-27-2026 19:58:25 RAM 4814/6833MB (lfb 28x4MB) SWAP 1070/3416MB (cached 0MB) CPU [31%@1420,46%@1420,54%@1420,46%@1420,82%@1420,28%@1420] EMC_FREQ 0% GR3D_FREQ 0% AUX@45C CPU@47C thermal@45.75C AO@45.5C GPU@46C PMIC@50C
09-27-2026 19:58:26 RAM 4831/6833MB (lfb 28x4MB) SWAP 1070/3416MB (cached 0MB) CPU [46%@1420,37%@1420,31%@1420,40%@1420,100%@1420,16%@1420] EMC_FREQ 0% GR3D_FREQ 0% AUX@45.5C CPU@47C thermal@46.1C AO@46C GPU@45.5C PMIC@50C
09-27-2026 19:58:27 RAM 4712/6833MB (lfb 28x4MB) SWAP 1070/3416MB (cached 0MB) CPU [16%@1420,29%@1420,14%@1420,10%@1420,100%@1420,10%@1420] EMC_FREQ 0% GR3D_FREQ 0% AUX@45.5C CPU@46.5C thermal@45.95C AO@46C GPU@46C PMIC@50C
09-27-2026 19:58:28 RAM 4712/6833MB (lfb 28x4MB) SWAP 1070/3416MB (cached 0MB) CPU [7%@1420,5%@1420,5%@1420,10%@1420,100%@1420,3%@1420] EMC_FREQ 0% GR3D_FREQ 0% AUX@45.5C CPU@47C thermal@45.95C AO@45.5C GPU@46C PMIC@50C
09-27-2026 19:58:29 RAM 4712/6833MB (lfb 28x4MB) SWAP 1070/3416MB (cached 0MB) CPU [5%@1420,4%@1420,9%@1420,7%@1420,100%@1420,2%@1420] EMC_FREQ 0% GR3D_FREQ 0% AUX@46C CPU@47C thermal@46.1C AO@46C GPU@45.5C PMIC@50C
09-27-2026 19:58:30 RAM 4710/6833MB (lfb 33x4MB) SWAP 1070/3416MB (cached 0MB) CPU [11%@1420,11%@1420,8%@1420,16%@1420,100%@1420,4%@1420] EMC_FREQ 0% GR3D_FREQ 0% AUX@46C CPU@47.5C thermal@45.8C AO@46C GPU@46.5C PMIC@50C
09-27-2026 19:58:31 RAM 4710/6833MB (lfb 33x4MB) SWAP 1070/3416MB (cached 0MB) CPU [9%@1420,11%@1420,17%@1420,4%@1420,100%@1420,3%@1420] EMC_FREQ 0% GR3D_FREQ 0% AUX@46C CPU@47.5C thermal@46.25C AO@46C GPU@46C PMIC@50C
09-27-2026 19:58:32 RAM 4710/6833MB (lfb 33x4MB) SWAP 1070/3416MB (cached 0MB) CPU [14%@1420,6%@1420,2%@1420,4%@1420,100%@1420,4%@1420] EMC_FREQ 0% GR3D_FREQ 0% AUX@46C CPU@47.5C thermal@46.6C AO@46C GPU@46.5C PMIC@50C
09-27-2026 19:58:33 RAM 4710/6833MB (lfb 33x4MB) SWAP 1070/3416MB (cached 0MB) CPU [12%@1420,8%@1420,3%@1420,3%@1420,100%@1420,3%@1420] EMC_FREQ 0% GR3D_FREQ 0% AUX@46C CPU@47.5C thermal@46.45C AO@46C GPU@46C PMIC@50C
09-27-2026 19:58:34 RAM 4710/6833MB (lfb 33x4MB) SWAP 1070/3416MB (cached 0MB) CPU [11%@1420,7%@1420,4%@1420,3%@1420,100%@1420,4%@1420] EMC_FREQ 0% GR3D_FREQ 0% AUX@46C CPU@47C thermal@46.25C AO@46C GPU@46C PMIC@50C
09-27-2026 19:58:35 RAM 4824/6833MB (lfb 28x4MB) SWAP 1070/3416MB (cached 0MB) CPU [40%@1420,33%@1420,35%@1420,76%@1420,100%@1420,39%@1420] EMC_FREQ 0% GR3D_FREQ 99% AUX@46C CPU@47.5C thermal@46.3C AO@46C GPU@47.5C PMIC@50C
09-27-2026 19:58:36 RAM 4827/6833MB (lfb 28x4MB) SWAP 1070/3416MB (cached 0MB) CPU [28%@1420,14%@1420,20%@1420,97%@1420,100%@1420,10%@1420] EMC_FREQ 0% GR3D_FREQ 0% AUX@46C CPU@47.5C thermal@46.6C AO@46C GPU@46.5C PMIC@50C
09-27-2026 19:58:37 RAM 4702/6833MB (lfb 28x4MB) SWAP 1070/3416MB (cached 0MB) CPU [16%@1420,9%@1420,7%@1420,12%@1420,100%@1420,7%@1420] EMC_FREQ 0% GR3D_FREQ 0% AUX@46C CPU@47C thermal@46.45C AO@46C GPU@46.5C PMIC@50C
09-27-2026 19:58:38 RAM 4701/6833MB (lfb 28x4MB) SWAP 1070/3416MB (cached 0MB) CPU [8%@1420,5%@1420,5%@1420,7%@1420,100%@1420,5%@1420] EMC_FREQ 0% GR3D_FREQ 0% AUX@46C CPU@47C thermal@46.45C AO@46C GPU@46C PMIC@50C
09-27-2026 19:58:39 RAM 4701/6833MB (lfb 28x4MB) SWAP 1070/3416MB (cached 0MB) CPU [6%@1420,8%@1420,7%@1420,7%@1420,100%@1420,2%@1420] EMC_FREQ 0% GR3D_FREQ 0% AUX@45.5C CPU@47C thermal@46.3C AO@46C GPU@46C PMIC@50C
09-27-2026 19:58:40 RAM 4701/6833MB (lfb 28x4MB) SWAP 1070/3416MB (cached 0MB) CPU [7%@1420,7%@1420,14%@1420,87%@1420,11%@1420,4%@1420] EMC_FREQ 0% GR3D_FREQ 0% AUX@45.5C CPU@46.5C thermal@45.95C AO@46C GPU@45.5C PMIC@50C
09-27-2026 19:58:41 RAM 4702/6833MB (lfb 33x4MB) SWAP 1070/3416MB (cached 0MB) CPU [16%@1420,10%@1420,22%@1420,100%@1420,13%@1420,7%@1420] EMC_FREQ 0% GR3D_FREQ 0% AUX@45.5C CPU@47C thermal@45.95C AO@46C GPU@46C PMIC@50C
09-27-2026 19:58:42 RAM 4703/6833MB (lfb 33x4MB) SWAP 1070/3416MB (cached 0MB) CPU [8%@1420,6%@1420,0%@1420,100%@1420,11%@1420,8%@1420] EMC_FREQ 0% GR3D_FREQ 0% AUX@45.5C CPU@46.5C thermal@45.95C AO@46C GPU@46C PMIC@50C
09-27-2026 19:58:43 RAM 4703/6833MB (lfb 33x4MB) SWAP 1070/3416MB (cached 0MB) CPU [6%@1420,4%@1420,1%@1420,100%@1420,4%@1420,12%@1420] EMC_FREQ 0% GR3D_FREQ 0% AUX@46C CPU@46.5C thermal@45.95C AO@46C GPU@45.5C PMIC@50C
09-27-2026 19:58:44 RAM 4703/6833MB (lfb 33x4MB) SWAP 1070/3416MB (cached 0MB) CPU [7%@1420,9%@1420,0%@1420,100%@1420,5%@1420,11%@1420] EMC_FREQ 0% GR3D_FREQ 0% AUX@45.5C CPU@46.5C thermal@45.95C AO@45.5C GPU@45.5C PMIC@50C
09-27-2026 19:58:45 RAM 4826/6833MB (lfb 33x4MB) SWAP 1070/3416MB (cached 0MB) CPU [75%@1420,61%@1420,51%@1420,100%@1420,57%@1420,62%@1420] EMC_FREQ 0% GR3D_FREQ 0% AUX@45.5C CPU@47C thermal@46.1C AO@46C GPU@45.5C PMIC@50C
09-27-2026 19:58:46 RAM 4827/6833MB (lfb 29x4MB) SWAP 1070/3416MB (cached 0MB) CPU [93%@1420,18%@1420,19%@1420,100%@1420,19%@1420,14%@1420] EMC_FREQ 0% GR3D_FREQ 0% AUX@45.5C CPU@47C thermal@46.25C AO@46C GPU@45.5C PMIC@50C
09-27-2026 19:58:47 RAM 4704/6833MB (lfb 29x4MB) SWAP 1070/3416MB (cached 0MB) CPU [42%@1420,31%@1420,7%@1420,100%@1420,20%@1420,15%@1420] EMC_FREQ 0% GR3D_FREQ 0% AUX@45.5C CPU@46.5C thermal@45.8C AO@45.5C GPU@46C PMIC@50C
09-27-2026 19:58:48 RAM 4704/6833MB (lfb 29x4MB) SWAP 1070/3416MB (cached 0MB) CPU [6%@1420,4%@1420,2%@1420,100%@1420,8%@1420,7%@1420] EMC_FREQ 0% GR3D_FREQ 0% AUX@45.5C CPU@46.5C thermal@45.8C AO@45.5C GPU@45.5C PMIC@50C
09-27-2026 19:58:49 RAM 4704/6833MB (lfb 29x4MB) SWAP 1070/3416MB (cached 0MB) CPU [9%@1420,5%@1420,0%@1420,100%@1420,8%@1420,9%@1420] EMC_FREQ 0% GR3D_FREQ 0% AUX@45.5C CPU@46.5C thermal@45.8C AO@45.5C GPU@45.5C PMIC@50C
09-27-2026 19:58:50 RAM 4704/6833MB (lfb 29x4MB) SWAP 1070/3416MB (cached 0MB) CPU [5%@1420,6%@1420,1%@1420,100%@1420,10%@1420,10%@1420] EMC_FREQ 0% GR3D_FREQ 0% AUX@45.5C CPU@46.5C thermal@45.8C AO@45.5C GPU@45.5C PMIC@50C
09-27-2026 19:58:51 RAM 4704/6833MB (lfb 33x4MB) SWAP 1070/3416MB (cached 0MB) CPU [8%@1420,8%@1420,19%@1420,100%@1420,15%@1420,8%@1420] EMC_FREQ 0% GR3D_FREQ 99% AUX@45C CPU@46.5C thermal@45.8C AO@45.5C GPU@47C PMIC@50C
09-27-2026 19:58:52 RAM 4704/6833MB (lfb 33x4MB) SWAP 1070/3416MB (cached 0MB) CPU [12%@1420,12%@1420,0%@1420,100%@1420,17%@1420,10%@1420] EMC_FREQ 0% GR3D_FREQ 0% AUX@45.5C CPU@46.5C thermal@45.6C AO@45.5C GPU@45.5C PMIC@50C
09-27-2026 19:58:53 RAM 4704/6833MB (lfb 33x4MB) SWAP 1070/3416MB (cached 0MB) CPU [7%@1420,6%@1420,0%@1420,100%@1420,4%@1420,12%@1420] EMC_FREQ 0% GR3D_FREQ 0% AUX@45C CPU@46C thermal@45.6C AO@45C GPU@45.5C PMIC@50C
09-27-2026 19:58:54 RAM 4708/6833MB (lfb 33x4MB) SWAP 1070/3416MB (cached 0MB) CPU [27%@1420,28%@1420,15%@1420,100%@1420,26%@1420,25%@1420] EMC_FREQ 0% GR3D_FREQ 0% AUX@45C CPU@46.5C thermal@45.6C AO@45.5C GPU@45.5C PMIC@50C
09-27-2026 19:58:55 RAM 4739/6833MB (lfb 33x4MB) SWAP 1070/3416MB (cached 0MB) CPU [47%@1420,45%@1420,34%@1420,100%@1420,42%@1420,39%@1420] EMC_FREQ 0% GR3D_FREQ 0% AUX@45C CPU@47C thermal@45.6C AO@45.5C GPU@45.5C PMIC@50C
09-27-2026 19:58:56 RAM 4992/6833MB (lfb 14x4MB) SWAP 1070/3416MB (cached 0MB) CPU [78%@1420,78%@1420,74%@1420,100%@1420,93%@1420,83%@1420] EMC_FREQ 0% GR3D_FREQ 0% AUX@45C CPU@47C thermal@45.45C AO@45C GPU@45C PMIC@50C
09-27-2026 19:58:57 RAM 4838/6833MB (lfb 28x4MB) SWAP 1070/3416MB (cached 0MB) CPU [65%@1420,49%@1420,38%@1420,100%@1420,46%@1420,47%@1420] EMC_FREQ 0% GR3D_FREQ 0% AUX@45.5C CPU@46.5C thermal@45.6C AO@45.5C GPU@45.5C PMIC@50C
09-27-2026 19:58:58 RAM 4711/6833MB (lfb 28x4MB) SWAP 1070/3416MB (cached 0MB) CPU [27%@1420,29%@1420,15%@1420,100%@1420,25%@1420,31%@1420] EMC_FREQ 0% GR3D_FREQ 0% AUX@45.5C CPU@46.5C thermal@45.6C AO@45.5C GPU@45.5C PMIC@50C
09-27-2026 19:58:59 RAM 4711/6833MB (lfb 28x4MB) SWAP 1070/3416MB (cached 0MB) CPU [6%@1420,7%@1420,10%@1420,100%@1420,2%@1420,5%@1420] EMC_FREQ 0% GR3D_FREQ 0% AUX@45C CPU@46.5C thermal@45.6C AO@45C GPU@45C PMIC@50C
09-27-2026 19:59:00 RAM 4711/6833MB (lfb 28x4MB) SWAP 1070/3416MB (cached 0MB) CPU [7%@1420,4%@1420,8%@1420,100%@1420,3%@1420,5%@1420] EMC_FREQ 0% GR3D_FREQ 0% AUX@45C CPU@46C thermal@45.3C AO@45C GPU@45C PMIC@50C
09-27-2026 19:59:01 RAM 4711/6833MB (lfb 28x4MB) SWAP 1070/3416MB (cached 0MB) CPU [7%@1420,5%@1420,4%@1420,100%@1420,3%@1420,6%@1420] EMC_FREQ 0% GR3D_FREQ 0% AUX@45C CPU@46C thermal@45.45C AO@45C GPU@45C PMIC@50C
09-27-2026 19:59:03 RAM 4706/6833MB (lfb 33x4MB) SWAP 1070/3416MB (cached 0MB) CPU [12%@1420,22%@1420,7%@1420,100%@1420,10%@1420,8%@1420] EMC_FREQ 0% GR3D_FREQ 0% AUX@45C CPU@46C thermal@45.45C AO@45C GPU@45C PMIC@50C
09-27-2026 19:59:04 RAM 4706/6833MB (lfb 33x4MB) SWAP 1070/3416MB (cached 0MB) CPU [8%@1420,5%@1420,3%@1420,100%@1420,11%@1420,4%@1420] EMC_FREQ 0% GR3D_FREQ 0% AUX@45C CPU@46C thermal@45.45C AO@45C GPU@45C PMIC@50C
09-27-2026 19:59:05 RAM 4706/6833MB (lfb 33x4MB) SWAP 1070/3416MB (cached 0MB) CPU [5%@1420,5%@1420,3%@1420,100%@1420,5%@1420,10%@1420] EMC_FREQ 0% GR3D_FREQ 0% AUX@45C CPU@46C thermal@45.3C AO@44.5C GPU@45C PMIC@50C
09-27-2026 19:59:06 RAM 4706/6833MB (lfb 33x4MB) SWAP 1070/3416MB (cached 0MB) CPU [5%@1420,6%@1420,3%@1420,100%@1420,10%@1420,6%@1420] EMC_FREQ 0% GR3D_FREQ 0% AUX@45C CPU@46C thermal@45.3C AO@45C GPU@45C PMIC@50C
09-27-2026 19:59:07 RAM 4744/6833MB (lfb 33x4MB) SWAP 1070/3416MB (cached 0MB) CPU [51%@1420,49%@1420,39%@1420,100%@1420,50%@1420,45%@1420] EMC_FREQ 0% GR3D_FREQ 0% AUX@45C CPU@46.5C thermal@45.3C AO@45C GPU@44.5C PMIC@50C
09-27-2026 19:59:08 RAM 4814/6833MB (lfb 28x4MB) SWAP 1070/3416MB (cached 0MB) CPU [93%@1420,81%@1420,79%@1420,100%@1420,85%@1420,81%@1420] EMC_FREQ 0% GR3D_FREQ 0% AUX@45C CPU@47C thermal@46.2C AO@45C GPU@45.5C PMIC@50C
09-27-2026 19:59:09 RAM 4826/6833MB (lfb 28x4MB) SWAP 1070/3416MB (cached 0MB) CPU [100%@1420,18%@1420,19%@1420,100%@1420,24%@1420,21%@1420] EMC_FREQ 0% GR3D_FREQ 0% AUX@45C CPU@46.5C thermal@45.45C AO@45C GPU@45C PMIC@50C
09-27-2026 19:59:10 RAM 4828/6833MB (lfb 28x4MB) SWAP 1070/3416MB (cached 0MB) CPU [25%@1420,15%@1420,10%@1420,100%@1420,98%@1420,10%@1420] EMC_FREQ 0% GR3D_FREQ 0% AUX@45C CPU@46.5C thermal@45.45C AO@45C GPU@45C PMIC@50C
09-27-2026 19:59:11 RAM 4702/6833MB (lfb 28x4MB) SWAP 1070/3416MB (cached 0MB) CPU [23%@1420,7%@1420,5%@1420,100%@1420,4%@1420,4%@1420] EMC_FREQ 0% GR3D_FREQ 0% AUX@45C CPU@46C thermal@45.45C AO@45C GPU@45C PMIC@50C
09-27-2026 19:59:12 RAM 4702/6833MB (lfb 28x4MB) SWAP 1070/3416MB (cached 0MB) CPU [9%@1420,7%@1420,3%@1420,100%@1420,4%@1420,7%@1420] EMC_FREQ 0% GR3D_FREQ 0% AUX@45C CPU@45.5C thermal@45.3C AO@45C GPU@44.5C PMIC@50C
09-27-2026 19:59:13 RAM 4702/6833MB (lfb 35x4MB) SWAP 1070/3416MB (cached 0MB) CPU [8%@1420,18%@1420,3%@1420,100%@1420,11%@1420,11%@1420] EMC_FREQ 0% GR3D_FREQ 0% AUX@44.5C CPU@45.5C thermal@44.8C AO@45C GPU@45.5C PMIC@50C
09-27-2026 19:59:14 RAM 4702/6833MB (lfb 35x4MB) SWAP 1070/3416MB (cached 0MB) CPU [8%@1420,8%@1420,1%@1420,100%@1420,5%@1420,5%@1420] EMC_FREQ 0% GR3D_FREQ 0% AUX@44.5C CPU@45.5C thermal@44.95C AO@45C GPU@45C PMIC@50C
09-27-2026 19:59:15 RAM 4702/6833MB (lfb 35x4MB) SWAP 1070/3416MB (cached 0MB) CPU [11%@1420,7%@1420,3%@1420,100%@1420,6%@1420,3%@1420] EMC_FREQ 0% GR3D_FREQ 0% AUX@44.5C CPU@45.5C thermal@44.8C AO@45C GPU@44.5C PMIC@50C
09-27-2026 19:59:16 RAM 4701/6833MB (lfb 35x4MB) SWAP 1070/3416MB (cached 0MB) CPU [4%@1420,11%@1420,3%@1420,100%@1420,3%@1420,7%@1420] EMC_FREQ 0% GR3D_FREQ 0% AUX@44.5C CPU@45.5C thermal@44.8C AO@44.5C GPU@44.5C PMIC@50C
09-27-2026 19:59:17 RAM 4701/6833MB (lfb 35x4MB) SWAP 1070/3416MB (cached 0MB) CPU [11%@1420,8%@1420,1%@1420,100%@1420,6%@1420,6%@1420] EMC_FREQ 0% GR3D_FREQ 0% AUX@44.5C CPU@45.5C thermal@45C AO@44.5C GPU@44.5C PMIC@50C
09-27-2026 19:59:18 RAM 4747/6833MB (lfb 29x4MB) SWAP 1070/3416MB (cached 0MB) CPU [24%@1420,27%@1420,23%@1420,100%@1420,17%@1420,22%@1420] EMC_FREQ 0% GR3D_FREQ 60% AUX@44.5C CPU@46C thermal@44.8C AO@45C GPU@46.5C PMIC@50C
09-27-2026 19:59:19 RAM 4831/6833MB (lfb 29x4MB) SWAP 1070/3416MB (cached 0MB) CPU [74%@1420,45%@1420,23%@1420,100%@1420,33%@1420,36%@1420] EMC_FREQ 0% GR3D_FREQ 0% AUX@44.5C CPU@46C thermal@44.95C AO@44.5C GPU@45C PMIC@50C
09-27-2026 19:59:20 RAM 4714/6833MB (lfb 29x4MB) SWAP 1070/3416MB (cached 0MB) CPU [25%@1420,22%@1420,27%@1420,100%@1420,25%@1420,19%@1420] EMC_FREQ 0% GR3D_FREQ 0% AUX@44.5C CPU@45.5C thermal@44.8C AO@44.5C GPU@44.5C PMIC@50C
09-27-2026 19:59:21 RAM 4714/6833MB (lfb 29x4MB) SWAP 1070/3416MB (cached 0MB) CPU [8%@1420,6%@1420,1%@1420,100%@1420,7%@1420,7%@1420] EMC_FREQ 0% GR3D_FREQ 0% AUX@44.5C CPU@45.5C thermal@44.8C AO@44.5C GPU@44.5C PMIC@50C
09-27-2026 19:59:22 RAM 4714/6833MB (lfb 29x4MB) SWAP 1070/3416MB (cached 0MB) CPU [5%@1420,8%@1420,1%@1420,100%@1420,6%@1420,9%@1420] EMC_FREQ 0% GR3D_FREQ 0% AUX@44.5C CPU@45.5C thermal@44.8C AO@44.5C GPU@44.5C PMIC@50C
09-27-2026 19:59:23 RAM 4712/6833MB (lfb 34x4MB) SWAP 1070/3416MB (cached 0MB) CPU [10%@1420,18%@1420,13%@1420,100%@1420,16%@1420,17%@1420] EMC_FREQ 0% GR3D_FREQ 85% AUX@44.5C CPU@45.5C thermal@44.45C AO@44.5C GPU@44C PMIC@50C
09-27-2026 19:59:24 RAM 4712/6833MB (lfb 34x4MB) SWAP 1070/3416MB (cached 0MB) CPU [8%@1420,7%@1420,0%@1420,100%@1420,10%@1420,10%@1420] EMC_FREQ 0% GR3D_FREQ 0% AUX@44.5C CPU@45.5C thermal@44.45C AO@44.5C GPU@44.5C PMIC@50C
09-27-2026 19:59:25 RAM 4712/6833MB (lfb 34x4MB) SWAP 1070/3416MB (cached 0MB) CPU [9%@1420,8%@1420,3%@1420,100%@1420,3%@1420,5%@1420] EMC_FREQ 0% GR3D_FREQ 0% AUX@44.5C CPU@45.5C thermal@44.8C AO@44.5C GPU@44.5C PMIC@50C
09-27-2026 19:59:26 RAM 4712/6833MB (lfb 34x4MB) SWAP 1070/3416MB (cached 0MB) CPU [6%@1420,7%@1420,4%@1420,100%@1420,4%@1420,8%@1420] EMC_FREQ 0% GR3D_FREQ 0% AUX@44C CPU@45.5C thermal@44.8C AO@44C GPU@44.5C PMIC@50C
09-27-2026 19:59:27 RAM 4712/6833MB (lfb 34x4MB) SWAP 1070/3416MB (cached 0MB) CPU [5%@1420,5%@1420,3%@1420,100%@1420,5%@1420,11%@1420] EMC_FREQ 0% GR3D_FREQ 0% AUX@44.5C CPU@45C thermal@44.8C AO@44.5C GPU@44.5C PMIC@50C
09-27-2026 19:59:28 RAM 4898/6833MB (lfb 15x4MB) SWAP 1070/3416MB (cached 0MB) CPU [51%@1420,42%@1420,36%@1420,100%@1420,33%@1420,44%@1420] EMC_FREQ 0% GR3D_FREQ 0% AUX@44C CPU@45.5C thermal@44.45C AO@44C GPU@44.5C PMIC@50C
09-27-2026 19:59:29 RAM 4717/6833MB (lfb 33x4MB) SWAP 1070/3416MB (cached 0MB) CPU [43%@1420,45%@1420,39%@1420,100%@1420,52%@1420,38%@1420] EMC_FREQ 0% GR3D_FREQ 0% AUX@44C CPU@45.5C thermal@44.45C AO@44.5C GPU@44.5C PMIC@50C
09-27-2026 19:59:30 RAM 4717/6833MB (lfb 33x4MB) SWAP 1070/3416MB (cached 0MB) CPU [11%@1420,4%@1420,4%@1420,100%@1420,5%@1420,6%@1420] EMC_FREQ 0% GR3D_FREQ 0% AUX@44.5C CPU@45.5C thermal@44.6C AO@44C GPU@44.5C PMIC@50C
09-27-2026 19:59:31 RAM 4717/6833MB (lfb 33x4MB) SWAP 1070/3416MB (cached 0MB) CPU [8%@1420,6%@1420,2%@1420,100%@1420,3%@1420,9%@1420] EMC_FREQ 0% GR3D_FREQ 0% AUX@44.5C CPU@45.5C thermal@44.45C AO@44.5C GPU@44.5C PMIC@50C
09-27-2026 19:59:32 RAM 4716/6833MB (lfb 33x4MB) SWAP 1070/3416MB (cached 0MB) CPU [20%@1420,7%@1420,4%@1420,100%@1420,3%@1420,10%@1420] EMC_FREQ 0% GR3D_FREQ 0% AUX@44.5C CPU@45.5C thermal@44.8C AO@44C GPU@44.5C PMIC@50C
09-27-2026 19:59:33 RAM 4716/6833MB (lfb 33x4MB) SWAP 1070/3416MB (cached 0MB) CPU [18%@1420,8%@1420,2%@1420,100%@1420,7%@1420,8%@1420] EMC_FREQ 0% GR3D_FREQ 0% AUX@44.5C CPU@45.5C thermal@44.8C AO@44.5C GPU@44.5C PMIC@50C
09-27-2026 19:59:34 RAM 4718/6833MB (lfb 39x4MB) SWAP 1070/3416MB (cached 0MB) CPU [12%@1420,10%@1420,9%@1420,100%@1420,6%@1420,15%@1420] EMC_FREQ 0% GR3D_FREQ 0% AUX@44.5C CPU@45.5C thermal@45.1C AO@44.5C GPU@45C PMIC@50C
09-27-2026 19:59:35 RAM 4717/6833MB (lfb 39x4MB) SWAP 1070/3416MB (cached 0MB) CPU [7%@1420,6%@1420,3%@1420,100%@1420,5%@1420,7%@1420] EMC_FREQ 0% GR3D_FREQ 0% AUX@45C CPU@45.5C thermal@45.1C AO@44.5C GPU@45C PMIC@50C
09-27-2026 19:59:36 RAM 4717/6833MB (lfb 39x4MB) SWAP 1070/3416MB (cached 0MB) CPU [7%@1420,5%@1420,3%@1420,100%@1420,5%@1420,10%@1420] EMC_FREQ 0% GR3D_FREQ 0% AUX@44.5C CPU@45.5C thermal@44.95C AO@44.5C GPU@45C PMIC@50C
09-27-2026 19:59:37 RAM 4747/6833MB (lfb 39x4MB) SWAP 1070/3416MB (cached 0MB) CPU [15%@1420,15%@1420,8%@1420,100%@1420,13%@1420,15%@1420] EMC_FREQ 0% GR3D_FREQ 0% AUX@45C CPU@46C thermal@45.15C AO@45C GPU@45C PMIC@50C
09-27-2026 19:59:38 RAM 4833/6833MB (lfb 26x4MB) SWAP 1070/3416MB (cached 0MB) CPU [53%@1420,56%@1420,33%@1420,100%@1420,47%@1420,31%@1420] EMC_FREQ 0% GR3D_FREQ 0% AUX@45C CPU@46C thermal@45.45C AO@45C GPU@45.5C PMIC@50C
09-27-2026 19:59:39 RAM 4710/6833MB (lfb 21x4MB) SWAP 1070/3416MB (cached 0MB) CPU [26%@1420,40%@1420,15%@1420,100%@1420,30%@1420,28%@1420] EMC_FREQ 0% GR3D_FREQ 99% AUX@45C CPU@46C thermal@45.45C AO@45C GPU@45.5C PMIC@50C
09-27-2026 19:59:40 RAM 4710/6833MB (lfb 21x4MB) SWAP 1070/3416MB (cached 0MB) CPU [10%@1420,8%@1420,4%@1420,100%@1420,6%@1420,6%@1420] EMC_FREQ 0% GR3D_FREQ 0% AUX@45C CPU@46C thermal@45.45C AO@45.5C GPU@45.5C PMIC@50C
09-27-2026 19:59:41 RAM 4711/6833MB (lfb 21x4MB) SWAP 1070/3416MB (cached 0MB) CPU [6%@1420,5%@1420,3%@1420,100%@1420,6%@1420,9%@1420] EMC_FREQ 0% GR3D_FREQ 0% AUX@45.5C CPU@46C thermal@45.8C AO@45C GPU@45.5C PMIC@50C
09-27-2026 19:59:42 RAM 4711/6833MB (lfb 21x4MB) SWAP 1070/3416MB (cached 0MB) CPU [7%@1420,2%@1420,2%@1420,100%@1420,6%@1420,8%@1420] EMC_FREQ 0% GR3D_FREQ 0% AUX@45.5C CPU@46.5C thermal@45.8C AO@45.5C GPU@45.5C PMIC@50C
09-27-2026 19:59:43 RAM 4711/6833MB (lfb 21x4MB) SWAP 1070/3416MB (cached 0MB) CPU [30%@1420,3%@1420,1%@1420,100%@1420,9%@1420,13%@1420] EMC_FREQ 0% GR3D_FREQ 0% AUX@45.5C CPU@46.5C thermal@45.65C AO@45.5C GPU@45.5C PMIC@50C
09-27-2026 19:59:44 RAM 4710/6833MB (lfb 21x4MB) SWAP 1070/3416MB (cached 0MB) CPU [5%@1420,4%@1420,5%@1420,100%@1420,8%@1420,9%@1420] EMC_FREQ 0% GR3D_FREQ 0% AUX@45.5C CPU@46.5C thermal@45.8C AO@45.5C GPU@45.5C PMIC@50C
09-27-2026 19:59:45 RAM 4714/6833MB (lfb 36x4MB) SWAP 1070/3416MB (cached 0MB) CPU [29%@1420,38%@1420,21%@1420,100%@1420,31%@1420,33%@1420] EMC_FREQ 0% GR3D_FREQ 0% AUX@45.5C CPU@47C thermal@46.1C AO@45.5C GPU@46C PMIC@50C
09-27-2026 19:59:46 RAM 4713/6833MB (lfb 36x4MB) SWAP 1070/3416MB (cached 0MB) CPU [14%@1420,7%@1420,10%@1420,100%@1420,8%@1420,6%@1420] EMC_FREQ 0% GR3D_FREQ 0% AUX@45.5C CPU@47C thermal@46.1C AO@45.5C GPU@46C PMIC@50C
09-27-2026 19:59:47 RAM 4796/6833MB (lfb 36x4MB) SWAP 1070/3416MB (cached 0MB) CPU [49%@1420,53%@1420,38%@1420,100%@1420,48%@1420,50%@1420] EMC_FREQ 0% GR3D_FREQ 0% AUX@45.5C CPU@47.5C thermal@46.1C AO@45.5C GPU@46C PMIC@50C
09-27-2026 19:59:48 RAM 4833/6833MB (lfb 26x4MB) SWAP 1070/3416MB (cached 0MB) CPU [58%@1420,63%@1420,22%@1420,100%@1420,27%@1420,22%@1420] EMC_FREQ 0% GR3D_FREQ 0% AUX@45.5C CPU@47C thermal@46.45C AO@46C GPU@45.5C PMIC@50C
09-27-2026 19:59:49 RAM 4716/6833MB (lfb 36x4MB) SWAP 1070/3416MB (cached 0MB) CPU [23%@1420,44%@1420,20%@1420,100%@1420,32%@1420,38%@1420] EMC_FREQ 0% GR3D_FREQ 0% AUX@45.5C CPU@47C thermal@45.95C AO@45.5C GPU@45.5C PMIC@50C
09-27-2026 19:59:50 RAM 4714/6833MB (lfb 21x4MB) SWAP 1070/3416MB (cached 0MB) CPU [25%@1420,10%@1420,6%@1420,100%@1420,6%@1420,7%@1420] EMC_FREQ 0% GR3D_FREQ 0% AUX@45.5C CPU@47C thermal@46.15C AO@46C GPU@46.5C PMIC@50C
09-27-2026 19:59:51 RAM 4714/6833MB (lfb 21x4MB) SWAP 1070/3416MB (cached 0MB) CPU [8%@1420,7%@1420,1%@1420,100%@1420,11%@1420,7%@1420] EMC_FREQ 0% GR3D_FREQ 0% AUX@46C CPU@47C thermal@46.1C AO@45.5C GPU@46C PMIC@50C
09-27-2026 19:59:52 RAM 4714/6833MB (lfb 21x4MB) SWAP 1070/3416MB (cached 0MB) CPU [5%@1420,5%@1420,1%@1420,100%@1420,4%@1420,10%@1420] EMC_FREQ 0% GR3D_FREQ 0% AUX@45.5C CPU@46.5C thermal@45.8C AO@45.5C GPU@45.5C PMIC@50C
09-27-2026 19:59:53 RAM 4714/6833MB (lfb 21x4MB) SWAP 1070/3416MB (cached 0MB) CPU [16%@1420,6%@1420,1%@1420,100%@1420,6%@1420,12%@1420] EMC_FREQ 0% GR3D_FREQ 0% AUX@45.5C CPU@46.5C thermal@45.95C AO@45.5C GPU@45.5C PMIC@50C
09-27-2026 19:59:54 RAM 4714/6833MB (lfb 21x4MB) SWAP 1070/3416MB (cached 0MB) CPU [4%@1420,6%@1420,2%@1420,100%@1420,5%@1420,11%@1420] EMC_FREQ 0% GR3D_FREQ 0% AUX@45.5C CPU@46.5C thermal@45.95C AO@45.5C GPU@45.5C PMIC@50C
09-27-2026 19:59:55 RAM 4715/6833MB (lfb 36x4MB) SWAP 1070/3416MB (cached 0MB) CPU [12%@1420,15%@1420,3%@1420,100%@1420,11%@1420,10%@1420] EMC_FREQ 0% GR3D_FREQ 99% AUX@45.5C CPU@46.5C thermal@45.95C AO@45.5C GPU@46.5C PMIC@50C
09-27-2026 19:59:56 RAM 4715/6833MB (lfb 36x4MB) SWAP 1070/3416MB (cached 0MB) CPU [10%@1420,9%@1420,2%@1420,100%@1420,7%@1420,6%@1420] EMC_FREQ 0% GR3D_FREQ 0% AUX@45.5C CPU@46.5C thermal@46.1C AO@45.5C GPU@45.5C PMIC@50C
09-27-2026 19:59:57 RAM 4747/6833MB (lfb 36x4MB) SWAP 1070/3416MB (cached 0MB) CPU [29%@1420,27%@1420,16%@1420,100%@1420,26%@1420,24%@1420] EMC_FREQ 0% GR3D_FREQ 0% AUX@45.5C CPU@47.5C thermal@45.6C AO@45.5C GPU@45.5C PMIC@50C
09-27-2026 19:59:58 RAM 4834/6833MB (lfb 26x4MB) SWAP 1070/3416MB (cached 0MB) CPU [63%@1420,48%@1420,49%@1420,100%@1420,60%@1420,51%@1420] EMC_FREQ 0% GR3D_FREQ 0% AUX@45.5C CPU@47C thermal@45.95C AO@45.5C GPU@45.5C PMIC@50C
09-27-2026 20:00:00 RAM 4714/6833MB (lfb 35x4MB) SWAP 1070/3416MB (cached 0MB) CPU [36%@1420,37%@1420,14%@1420,100%@1420,41%@1420,20%@1420] EMC_FREQ 0% GR3D_FREQ 0% AUX@45.5C CPU@46.5C thermal@45.95C AO@45.5C GPU@45.5C PMIC@50C
09-27-2026 20:00:01 RAM 4711/6833MB (lfb 21x4MB) SWAP 1070/3416MB (cached 0MB) CPU [8%@1420,4%@1420,7%@1420,100%@1420,5%@1420,21%@1420] EMC_FREQ 0% GR3D_FREQ 0% AUX@45.5C CPU@46.5C thermal@45.8C AO@45C GPU@45C PMIC@50C
09-27-2026 20:00:02 RAM 4712/6833MB (lfb 21x4MB) SWAP 1070/3416MB (cached 0MB) CPU [11%@1420,9%@1420,5%@1420,100%@1420,7%@1420,7%@1420] EMC_FREQ 0% GR3D_FREQ 0% AUX@45.5C CPU@46.5C thermal@45.8C AO@45.5C GPU@45.5C PMIC@50C
09-27-2026 20:00:03 RAM 4712/6833MB (lfb 21x4MB) SWAP 1070/3416MB (cached 0MB) CPU [8%@1420,8%@1420,2%@1420,100%@1420,4%@1420,6%@1420] EMC_FREQ 0% GR3D_FREQ 0% AUX@45.5C CPU@46.5C thermal@45.8C AO@45C GPU@45.5C PMIC@50C
09-27-2026 20:00:04 RAM 4712/6833MB (lfb 21x4MB) SWAP 1070/3416MB (cached 0MB) CPU [7%@1420,7%@1420,2%@1420,100%@1420,7%@1420,9%@1420] EMC_FREQ 0% GR3D_FREQ 0% AUX@45C CPU@46C thermal@45.45C AO@45.5C GPU@45.5C PMIC@50C
09-27-2026 20:00:05 RAM 4712/6833MB (lfb 21x4MB) SWAP 1070/3416MB (cached 0MB) CPU [6%@1420,14%@1420,4%@1420,100%@1420,9%@1420,8%@1420] EMC_FREQ 0% GR3D_FREQ 0% AUX@45C CPU@46C thermal@45.45C AO@45C GPU@45.5C PMIC@50C
09-27-2026 20:00:06 RAM 4711/6833MB (lfb 21x4MB) SWAP 1070/3416MB (cached 0MB) CPU [8%@1420,8%@1420,2%@1420,100%@1420,4%@1420,7%@1420] EMC_FREQ 0% GR3D_FREQ 0% AUX@45C CPU@46C thermal@45.3C AO@45C GPU@45C PMIC@50C
09-27-2026 20:00:07 RAM 4713/6833MB (lfb 35x4MB) SWAP 1070/3416MB (cached 0MB) CPU [6%@1420,8%@1420,4%@1420,100%@1420,15%@1420,17%@1420] EMC_FREQ 0% GR3D_FREQ 0% AUX@45C CPU@46C thermal@45.45C AO@45.5C GPU@45.5C PMIC@50C
09-27-2026 20:00:08 RAM 4823/6833MB (lfb 28x4MB) SWAP 1070/3416MB (cached 0MB) CPU [31%@1420,32%@1420,26%@1420,100%@1420,46%@1420,32%@1420] EMC_FREQ 0% GR3D_FREQ 0% AUX@45C CPU@46.5C thermal@45.45C AO@45C GPU@45C PMIC@50C
09-27-2026 20:00:09 RAM 4835/6833MB (lfb 32x4MB) SWAP 1070/3416MB (cached 0MB) CPU [41%@1420,38%@1420,15%@1420,100%@1420,67%@1420,28%@1420] EMC_FREQ 0% GR3D_FREQ 0% AUX@45C CPU@46.5C thermal@45.45C AO@45C GPU@45C PMIC@50C
09-27-2026 20:00:10 RAM 4717/6833MB (lfb 32x4MB) SWAP 1070/3416MB (cached 0MB) CPU [18%@1420,15%@1420,7%@1420,100%@1420,13%@1420,16%@1420] EMC_FREQ 0% GR3D_FREQ 0% AUX@45C CPU@46C thermal@45.45C AO@45C GPU@45C PMIC@50C
09-27-2026 20:00:11 RAM 4717/6833MB (lfb 32x4MB) SWAP 1070/3416MB (cached 0MB) CPU [7%@1420,4%@1420,3%@1420,100%@1420,6%@1420,7%@1420] EMC_FREQ 0% GR3D_FREQ 0% AUX@45C CPU@46C thermal@45.3C AO@45C GPU@45C PMIC@50C
09-27-2026 20:00:12 RAM 4714/6833MB (lfb 21x4MB) SWAP 1070/3416MB (cached 0MB) CPU [22%@1420,9%@1420,3%@1420,100%@1420,14%@1420,7%@1420] EMC_FREQ 0% GR3D_FREQ 0% AUX@45C CPU@46C thermal@45.3C AO@45C GPU@45.5C PMIC@50C
09-27-2026 20:00:13 RAM 4714/6833MB (lfb 21x4MB) SWAP 1070/3416MB (cached 0MB) CPU [7%@1420,3%@1420,2%@1420,100%@1420,7%@1420,6%@1420] EMC_FREQ 0% GR3D_FREQ 0% AUX@45C CPU@46C thermal@45.3C AO@45C GPU@45C PMIC@50C
09-27-2026 20:00:14 RAM 4714/6833MB (lfb 21x4MB) SWAP 1070/3416MB (cached 0MB) CPU [6%@1420,6%@1420,4%@1420,100%@1420,1%@1420,10%@1420] EMC_FREQ 0% GR3D_FREQ 0% AUX@45C CPU@46C thermal@45.3C AO@45C GPU@45C PMIC@50C
09-27-2026 20:00:15 RAM 4714/6833MB (lfb 21x4MB) SWAP 1070/3416MB (cached 0MB) CPU [18%@1420,9%@1420,1%@1420,100%@1420,5%@1420,9%@1420] EMC_FREQ 0% GR3D_FREQ 0% AUX@45C CPU@46C thermal@44.95C AO@44.5C GPU@44.5C PMIC@50C
09-27-2026 20:00:16 RAM 4714/6833MB (lfb 21x4MB) SWAP 1070/3416MB (cached 0MB) CPU [5%@1420,6%@1420,3%@1420,100%@1420,6%@1420,7%@1420] EMC_FREQ 0% GR3D_FREQ 0% AUX@45C CPU@46C thermal@45.15C AO@44.5C GPU@45C PMIC@50C
09-27-2026 20:00:17 RAM 4715/6833MB (lfb 33x4MB) SWAP 1070/3416MB (cached 0MB) CPU [7%@1420,17%@1420,3%@1420,100%@1420,10%@1420,6%@1420] EMC_FREQ 0% GR3D_FREQ 99% AUX@44.5C CPU@46C thermal@45.1C AO@44.5C GPU@45.5C PMIC@50C
09-27-2026 20:00:18 RAM 4829/6833MB (lfb 33x4MB) SWAP 1070/3416MB (cached 0MB) CPU [60%@1420,60%@1420,47%@1420,100%@1420,71%@1420,60%@1420] EMC_FREQ 0% GR3D_FREQ 0% AUX@45C CPU@46.5C thermal@45.1C AO@44.5C GPU@44.5C PMIC@50C
09-27-2026 20:00:19 RAM 4832/6833MB (lfb 33x4MB) SWAP 1070/3416MB (cached 0MB) CPU [18%@1420,13%@1420,6%@1420,100%@1420,100%@1420,9%@1420] EMC_FREQ 0% GR3D_FREQ 0% AUX@45C CPU@46.5C thermal@45.3C AO@44.5C GPU@45C PMIC@50C
09-27-2026 20:00:20 RAM 4709/6833MB (lfb 34x4MB) SWAP 1070/3416MB (cached 0MB) CPU [56%@1420,56%@1420,27%@1420,100%@1420,53%@1420,40%@1420] EMC_FREQ 0% GR3D_FREQ 0% AUX@45C CPU@46.5C thermal@45.3C AO@44.5C GPU@45C PMIC@50C
09-27-2026 20:00:21 RAM 4709/6833MB (lfb 34x4MB) SWAP 1070/3416MB (cached 0MB) CPU [3%@1420,6%@1420,2%@1420,100%@1420,9%@1420,7%@1420] EMC_FREQ 0% GR3D_FREQ 0% AUX@45C CPU@46C thermal@45.3C AO@45C GPU@45C PMIC@50C
09-27-2026 20:00:22 RAM 4709/6833MB (lfb 34x4MB) SWAP 1070/3416MB (cached 0MB) CPU [5%@1420,7%@1420,3%@1420,100%@1420,4%@1420,9%@1420] EMC_FREQ 0% GR3D_FREQ 0% AUX@45C CPU@46C thermal@45.3C AO@45C GPU@45C PMIC@50C
09-27-2026 20:00:23 RAM 4709/6833MB (lfb 22x4MB) SWAP 1070/3416MB (cached 0MB) CPU [12%@1420,13%@1420,5%@1420,100%@1420,8%@1420,13%@1420] EMC_FREQ 0% GR3D_FREQ 0% AUX@45C CPU@46.5C thermal@45.6C AO@45C GPU@45C PMIC@50C
09-27-2026 20:00:24 RAM 4709/6833MB (lfb 22x4MB) SWAP 1070/3416MB (cached 0MB) CPU [10%@1420,5%@1420,4%@1420,100%@1420,4%@1420,9%@1420] EMC_FREQ 0% GR3D_FREQ 0% AUX@45C CPU@46.5C thermal@45.45C AO@45.5C GPU@45C PMIC@50C
09-27-2026 20:00:25 RAM 4708/6833MB (lfb 22x4MB) SWAP 1070/3416MB (cached 0MB) CPU [19%@1420,6%@1420,17%@1420,100%@1420,9%@1420,7%@1420] EMC_FREQ 0% GR3D_FREQ 0% AUX@45C CPU@46.5C thermal@45.6C AO@45C GPU@45.5C PMIC@50C
09-27-2026 20:00:26 RAM 4708/6833MB (lfb 22x4MB) SWAP 1070/3416MB (cached 0MB) CPU [4%@1420,7%@1420,0%@1420,100%@1420,10%@1420,5%@1420] EMC_FREQ 0% GR3D_FREQ 0% AUX@45C CPU@46.5C thermal@45.8C AO@45.5C GPU@45.5C PMIC@50C
09-27-2026 20:00:27 RAM 4708/6833MB (lfb 22x4MB) SWAP 1070/3416MB (cached 0MB) CPU [6%@1420,6%@1420,2%@1420,100%@1420,10%@1420,5%@1420] EMC_FREQ 0% GR3D_FREQ 0% AUX@45.5C CPU@46.5C thermal@45.8C AO@45.5C GPU@45.5C PMIC@50C
09-27-2026 20:00:28 RAM 4733/6833MB (lfb 34x4MB) SWAP 1070/3416MB (cached 0MB) CPU [40%@1420,31%@1420,21%@1420,100%@1420,38%@1420,36%@1420] EMC_FREQ 0% GR3D_FREQ 0% AUX@45.5C CPU@47.5C thermal@45.8C AO@46C GPU@46C PMIC@50C
09-27-2026 20:00:29 RAM 4811/6833MB (lfb 34x4MB) SWAP 1070/3416MB (cached 0MB) CPU [81%@1420,83%@1420,75%@1420,100%@1420,89%@1420,75%@1420] EMC_FREQ 0% GR3D_FREQ 0% AUX@46C CPU@48C thermal@46.25C AO@46C GPU@46C PMIC@50C
09-27-2026 20:00:30 RAM 4834/6833MB (lfb 26x4MB) SWAP 1070/3416MB (cached 0MB) CPU [49%@1420,57%@1420,26%@1420,100%@1420,54%@1420,40%@1420] EMC_FREQ 0% GR3D_FREQ 0% AUX@46C CPU@47.5C thermal@46.25C AO@46C GPU@46C PMIC@50C
09-27-2026 20:00:31 RAM 4708/6833MB (lfb 32x4MB) SWAP 1070/3416MB (cached 0MB) CPU [26%@1420,21%@1420,22%@1420,100%@1420,39%@1420,43%@1420] EMC_FREQ 0% GR3D_FREQ 0% AUX@46C CPU@47.5C thermal@46.45C AO@46C GPU@46C PMIC@50C
09-27-2026 20:00:32 RAM 4708/6833MB (lfb 32x4MB) SWAP 1070/3416MB (cached 0MB) CPU [7%@1420,6%@1420,3%@1420,100%@1420,9%@1420,8%@1420] EMC_FREQ 0% GR3D_FREQ 0% AUX@46C CPU@47C thermal@46.3C AO@46C GPU@45.5C PMIC@50C
09-27-2026 20:00:33 RAM 4704/6833MB (lfb 21x4MB) SWAP 1070/3416MB (cached 0MB) CPU [11%@1420,19%@1420,2%@1420,100%@1420,9%@1420,7%@1420] EMC_FREQ 0% GR3D_FREQ 99% AUX@45.5C CPU@47C thermal@46.15C AO@46C GPU@47.5C PMIC@50C
09-27-2026 20:00:34 RAM 4705/6833MB (lfb 21x4MB) SWAP 1070/3416MB (cached 0MB) CPU [9%@1420,8%@1420,4%@1420,100%@1420,5%@1420,8%@1420] EMC_FREQ 0% GR3D_FREQ 0% AUX@45.5C CPU@47C thermal@46.3C AO@46C GPU@46C PMIC@50C
09-27-2026 20:00:35 RAM 4705/6833MB (lfb 21x4MB) SWAP 1070/3416MB (cached 0MB) CPU [21%@1420,9%@1420,2%@1420,100%@1420,4%@1420,5%@1420] EMC_FREQ 0% GR3D_FREQ 0% AUX@45.5C CPU@47C thermal@45.95C AO@46C GPU@46C PMIC@50C
09-27-2026 20:00:36 RAM 4706/6833MB (lfb 21x4MB) SWAP 1070/3416MB (cached 0MB) CPU [12%@1420,9%@1420,2%@1420,100%@1420,7%@1420,10%@1420] EMC_FREQ 0% GR3D_FREQ 0% AUX@45.5C CPU@47C thermal@46.1C AO@45.5C GPU@46C PMIC@50C
09-27-2026 20:00:37 RAM 4709/6833MB (lfb 21x4MB) SWAP 1070/3416MB (cached 0MB) CPU [28%@1420,28%@1420,12%@1420,100%@1420,33%@1420,27%@1420] EMC_FREQ 0% GR3D_FREQ 0% AUX@45.5C CPU@47C thermal@46.1C AO@46C GPU@46C PMIC@50C
09-27-2026 20:00:38 RAM 4895/6833MB (lfb 21x4MB) SWAP 1070/3416MB (cached 0MB) CPU [14%@1420,8%@1420,3%@1420,100%@1420,6%@1420,3%@1420] EMC_FREQ 0% GR3D_FREQ 0% AUX@45.5C CPU@47C thermal@46.1C AO@45.5C GPU@45.5C PMIC@50C
09-27-2026 20:00:39 RAM 4781/6833MB (lfb 32x4MB) SWAP 1070/3416MB (cached 0MB) CPU [22%@1420,23%@1420,19%@1420,100%@1420,25%@1420,30%@1420] EMC_FREQ 0% GR3D_FREQ 0% AUX@45.5C CPU@47.5C thermal@45.95C AO@45.5C GPU@46C PMIC@50C
09-27-2026 20:00:40 RAM 4829/6833MB (lfb 27x4MB) SWAP 1070/3416MB (cached 0MB) CPU [56%@1420,39%@1420,18%@1420,100%@1420,42%@1420,42%@1420] EMC_FREQ 0% GR3D_FREQ 0% AUX@45.5C CPU@47.5C thermal@46.1C AO@46C GPU@45.5C PMIC@50C
09-27-2026 20:00:41 RAM 4715/6833MB (lfb 29x4MB) SWAP 1070/3416MB (cached 0MB) CPU [24%@1420,23%@1420,10%@1420,100%@1420,34%@1420,29%@1420] EMC_FREQ 0% GR3D_FREQ 0% AUX@45.5C CPU@47C thermal@46.1C AO@45.5C GPU@45.5C PMIC@50C
09-27-2026 20:00:42 RAM 4715/6833MB (lfb 29x4MB) SWAP 1070/3416MB (cached 0MB) CPU [12%@1420,6%@1420,3%@1420,100%@1420,4%@1420,6%@1420] EMC_FREQ 0% GR3D_FREQ 0% AUX@45.5C CPU@46.5C thermal@45.8C AO@45.5C GPU@45.5C PMIC@50C
09-27-2026 20:00:43 RAM 4715/6833MB (lfb 29x4MB) SWAP 1070/3416MB (cached 0MB) CPU [9%@1420,10%@1420,1%@1420,100%@1420,5%@1420,4%@1420] EMC_FREQ 0% GR3D_FREQ 0% AUX@45.5C CPU@46.5C thermal@45.8C AO@45.5C GPU@45C PMIC@50C
09-27-2026 20:00:44 RAM 4712/6833MB (lfb 20x4MB) SWAP 1070/3416MB (cached 0MB) CPU [11%@1420,21%@1420,5%@1420,100%@1420,5%@1420,13%@1420] EMC_FREQ 0% GR3D_FREQ 0% AUX@45.5C CPU@46.5C thermal@46.4C AO@45.5C GPU@45.5C PMIC@50C
09-27-2026 20:00:45 RAM 4712/6833MB (lfb 20x4MB) SWAP 1070/3416MB (cached 0MB) CPU [19%@1420,6%@1420,8%@1420,100%@1420,10%@1420,7%@1420] EMC_FREQ 0% GR3D_FREQ 0% AUX@45.5C CPU@46.5C thermal@45.8C AO@45.5C GPU@45.5C PMIC@50C
09-27-2026 20:00:46 RAM 4712/6833MB (lfb 20x4MB) SWAP 1070/3416MB (cached 0MB) CPU [3%@1420,5%@1420,5%@1420,100%@1420,12%@1420,4%@1420] EMC_FREQ 0% GR3D_FREQ 0% AUX@45C CPU@46.5C thermal@45.6C AO@45.5C GPU@45.5C PMIC@50C
09-27-2026 20:00:47 RAM 4712/6833MB (lfb 20x4MB) SWAP 1070/3416MB (cached 0MB) CPU [7%@1420,6%@1420,1%@1420,100%@1420,13%@1420,3%@1420] EMC_FREQ 0% GR3D_FREQ 0% AUX@45C CPU@46.5C thermal@45.6C AO@45.5C GPU@45.5C PMIC@50C
09-27-2026 20:00:48 RAM 4712/6833MB (lfb 20x4MB) SWAP 1070/3416MB (cached 0MB) CPU [7%@1420,6%@1420,1%@1420,100%@1420,6%@1420,8%@1420] EMC_FREQ 0% GR3D_FREQ 0% AUX@45C CPU@46.5C thermal@45.6C AO@45.5C GPU@45C PMIC@50C
09-27-2026 20:00:49 RAM 4826/6833MB (lfb 29x4MB) SWAP 1070/3416MB (cached 0MB) CPU [33%@1420,51%@1420,31%@1420,100%@1420,38%@1420,39%@1420] EMC_FREQ 0% GR3D_FREQ 0% AUX@45.5C CPU@47C thermal@45.6C AO@45.5C GPU@46C PMIC@50C
09-27-2026 20:00:50 RAM 4829/6833MB (lfb 29x4MB) SWAP 1070/3416MB (cached 0MB) CPU [21%@1420,87%@1420,3%@1420,100%@1420,10%@1420,8%@1420] EMC_FREQ 0% GR3D_FREQ 0% AUX@45C CPU@46.5C thermal@45.6C AO@45.5C GPU@45.5C PMIC@50C
09-27-2026 20:00:51 RAM 4704/6833MB (lfb 30x4MB) SWAP 1070/3416MB (cached 0MB) CPU [18%@1420,17%@1420,6%@1420,100%@1420,7%@1420,15%@1420] EMC_FREQ 0% GR3D_FREQ 0% AUX@45C CPU@46.5C thermal@45.45C AO@45.5C GPU@45.5C PMIC@50C
09-27-2026 20:00:52 RAM 4704/6833MB (lfb 30x4MB) SWAP 1070/3416MB (cached 0MB) CPU [9%@1420,6%@1420,3%@1420,100%@1420,4%@1420,5%@1420] EMC_FREQ 0% GR3D_FREQ 0% AUX@45C CPU@46.5C thermal@45.45C AO@45C GPU@45C PMIC@50C
09-27-2026 20:00:53 RAM 4704/6833MB (lfb 30x4MB) SWAP 1070/3416MB (cached 0MB) CPU [12%@1420,4%@1420,4%@1420,100%@1420,5%@1420,6%@1420] EMC_FREQ 0% GR3D_FREQ 0% AUX@45C CPU@46C thermal@45.45C AO@45C GPU@45C PMIC@50C
09-27-2026 20:00:54 RAM 4705/6833MB (lfb 21x4MB) SWAP 1070/3416MB (cached 0MB) CPU [11%@1420,10%@1420,10%@1420,100%@1420,14%@1420,5%@1420] EMC_FREQ 0% GR3D_FREQ 0% AUX@45C CPU@46.5C thermal@45.3C AO@45C GPU@45C PMIC@50C
09-27-2026 20:00:55 RAM 4705/6833MB (lfb 21x4MB) SWAP 1070/3416MB (cached 0MB) CPU [21%@1420,5%@1420,5%@1420,100%@1420,9%@1420,5%@1420] EMC_FREQ 0% GR3D_FREQ 0% AUX@45C CPU@46C thermal@45.3C AO@45C GPU@45C PMIC@50C
09-27-2026 20:00:56 RAM 4705/6833MB (lfb 21x4MB) SWAP 1070/3416MB (cached 0MB) CPU [11%@1420,5%@1420,3%@1420,100%@1420,4%@1420,6%@1420] EMC_FREQ 0% GR3D_FREQ 0% AUX@45C CPU@46C thermal@45.3C AO@44.5C GPU@45C PMIC@50C
09-27-2026 20:00:57 RAM 4705/6833MB (lfb 21x4MB) SWAP 1070/3416MB (cached 0MB) CPU [9%@1420,8%@1420,2%@1420,100%@1420,5%@1420,5%@1420] EMC_FREQ 0% GR3D_FREQ 0% AUX@45C CPU@46C thermal@45.3C AO@44.5C GPU@45C PMIC@50C
09-27-2026 20:00:58 RAM 4705/6833MB (lfb 21x4MB) SWAP 1070/3416MB (cached 0MB) CPU [8%@1420,8%@1420,3%@1420,100%@1420,2%@1420,6%@1420] EMC_FREQ 0% GR3D_FREQ 0% AUX@45C CPU@46C thermal@45.3C AO@44.5C GPU@45C PMIC@50C
09-27-2026 20:00:59 RAM 4826/6833MB (lfb 21x4MB) SWAP 1070/3416MB (cached 0MB) CPU [63%@1420,58%@1420,62%@1420,94%@1420,64%@1420,71%@1420] EMC_FREQ 0% GR3D_FREQ 0% AUX@45C CPU@46.5C thermal@45.15C AO@45C GPU@45C PMIC@50C
09-27-2026 20:01:00 RAM 4827/6833MB (lfb 30x4MB) SWAP 1070/3416MB (cached 0MB) CPU [15%@1420,15%@1420,97%@1420,17%@1420,5%@1420,100%@1420] EMC_FREQ 0% GR3D_FREQ 0% AUX@45C CPU@46.5C thermal@45.15C AO@45C GPU@45C PMIC@50C
09-27-2026 20:01:01 RAM 4706/6833MB (lfb 30x4MB) SWAP 1070/3416MB (cached 0MB) CPU [38%@1420,20%@1420,41%@1420,9%@1420,11%@1420,100%@1420] EMC_FREQ 0% GR3D_FREQ 0% AUX@45C CPU@46C thermal@45.3C AO@44.5C GPU@45C PMIC@50C
09-27-2026 20:01:02 RAM 4706/6833MB (lfb 30x4MB) SWAP 1070/3416MB (cached 0MB) CPU [9%@1420,8%@1420,2%@1420,4%@1420,4%@1420,100%@1420] EMC_FREQ 0% GR3D_FREQ 0% AUX@45C CPU@46C thermal@45.15C AO@44.5C GPU@44.5C PMIC@50C
09-27-2026 20:01:03 RAM 4706/6833MB (lfb 30x4MB) SWAP 1070/3416MB (cached 0MB) CPU [11%@1420,5%@1420,4%@1420,6%@1420,2%@1420,100%@1420] EMC_FREQ 0% GR3D_FREQ 0% AUX@44.5C CPU@46C thermal@45.3C AO@45C GPU@44.5C PMIC@50C
09-27-2026 20:01:04 RAM 4706/6833MB (lfb 30x4MB) SWAP 1070/3416MB (cached 0MB) CPU [9%@1420,9%@1420,5%@1420,4%@1420,3%@1420,100%@1420] EMC_FREQ 0% GR3D_FREQ 0% AUX@44.5C CPU@46C thermal@44.95C AO@44.5C GPU@44.5C PMIC@50C
09-27-2026 20:01:05 RAM 4706/6833MB (lfb 21x4MB) SWAP 1070/3416MB (cached 0MB) CPU [22%@1420,12%@1420,9%@1420,16%@1420,5%@1420,100%@1420] EMC_FREQ 0% GR3D_FREQ 0% AUX@44.5C CPU@46C thermal@45.25C AO@44.5C GPU@45C PMIC@50C
09-27-2026 20:01:06 RAM 4706/6833MB (lfb 21x4MB) SWAP 1070/3416MB (cached 0MB) CPU [5%@1420,7%@1420,9%@1420,4%@1420,4%@1420,100%@1420] EMC_FREQ 0% GR3D_FREQ 0% AUX@45C CPU@45.5C thermal@45.15C AO@45C GPU@45C PMIC@50C
09-27-2026 20:01:07 RAM 4706/6833MB (lfb 21x4MB) SWAP 1070/3416MB (cached 0MB) CPU [6%@1420,7%@1420,11%@1420,2%@1420,3%@1420,100%@1420] EMC_FREQ 0% GR3D_FREQ 0% AUX@45C CPU@46C thermal@45.3C AO@45C GPU@44.5C PMIC@50C
09-27-2026 20:01:08 RAM 4706/6833MB (lfb 21x4MB) SWAP 1070/3416MB (cached 0MB) CPU [5%@1420,4%@1420,6%@1420,9%@1420,1%@1420,100%@1420] EMC_FREQ 0% GR3D_FREQ 0% AUX@45C CPU@46C thermal@45.3C AO@45C GPU@45C PMIC@50C
09-27-2026 20:01:09 RAM 4823/6833MB (lfb 21x4MB) SWAP 1070/3416MB (cached 0MB) CPU [31%@1420,33%@1420,40%@1420,34%@1420,26%@1420,100%@1420] EMC_FREQ 0% GR3D_FREQ 0% AUX@45C CPU@46.5C thermal@45.3C AO@45C GPU@45C PMIC@50C
09-27-2026 20:01:10 RAM 4827/6833MB (lfb 28x4MB) SWAP 1070/3416MB (cached 0MB) CPU [52%@1420,33%@1420,34%@1420,50%@1420,24%@1420,100%@1420] EMC_FREQ 0% GR3D_FREQ 0% AUX@45C CPU@46.5C thermal@45.45C AO@45C GPU@45C PMIC@50C
09-27-2026 20:01:11 RAM 4707/6833MB (lfb 29x4MB) SWAP 1070/3416MB (cached 0MB) CPU [25%@1420,24%@1420,18%@1420,17%@1420,18%@1420,100%@1420] EMC_FREQ 0% GR3D_FREQ 0% AUX@45C CPU@46.5C thermal@45.9C AO@45.5C GPU@45C PMIC@50C
09-27-2026 20:01:12 RAM 4707/6833MB (lfb 29x4MB) SWAP 1070/3416MB (cached 0MB) CPU [8%@1420,5%@1420,10%@1420,4%@1420,2%@1420,100%@1420] EMC_FREQ 0% GR3D_FREQ 0% AUX@45.5C CPU@46.5C thermal@45.6C AO@45.5C GPU@45.5C PMIC@50C
09-27-2026 20:01:13 RAM 4707/6833MB (lfb 29x4MB) SWAP 1070/3416MB (cached 0MB) CPU [6%@1420,4%@1420,8%@1420,5%@1420,1%@1420,100%@1420] EMC_FREQ 0% GR3D_FREQ 0% AUX@45.5C CPU@46.5C thermal@45.6C AO@45.5C GPU@45.5C PMIC@50C
09-27-2026 20:01:14 RAM 4707/6833MB (lfb 29x4MB) SWAP 1070/3416MB (cached 0MB) CPU [8%@1420,6%@1420,5%@1420,9%@1420,4%@1420,100%@1420] EMC_FREQ 0% GR3D_FREQ 0% AUX@45.5C CPU@46.5C thermal@45.95C AO@45.5C GPU@45.5C PMIC@50C
09-27-2026 20:01:15 RAM 4707/6833MB (lfb 29x4MB) SWAP 1070/3416MB (cached 0MB) CPU [8%@1420,3%@1420,3%@1420,9%@1420,1%@1420,100%@1420] EMC_FREQ 0% GR3D_FREQ 0% AUX@45.5C CPU@47C thermal@45.95C AO@45.5C GPU@45.5C PMIC@50C
09-27-2026 20:01:16 RAM 4707/6833MB (lfb 21x4MB) SWAP 1070/3416MB (cached 0MB) CPU [26%@1420,26%@1420,11%@1420,11%@1420,6%@1420,100%@1420] EMC_FREQ 0% GR3D_FREQ 0% AUX@45.5C CPU@47C thermal@46.1C AO@46C GPU@45.5C PMIC@50C
09-27-2026 20:01:17 RAM 4707/6833MB (lfb 21x4MB) SWAP 1070/3416MB (cached 0MB) CPU [9%@1420,7%@1420,4%@1420,5%@1420,3%@1420,100%@1420] EMC_FREQ 0% GR3D_FREQ 0% AUX@45.5C CPU@47C thermal@46.1C AO@46C GPU@45.5C PMIC@50C
09-27-2026 20:01:18 RAM 4707/6833MB (lfb 21x4MB) SWAP 1070/3416MB (cached 0MB) CPU [4%@1420,5%@1420,9%@1420,6%@1420,3%@1420,100%@1420] EMC_FREQ 0% GR3D_FREQ 0% AUX@46C CPU@47C thermal@46.1C AO@46C GPU@45.5C PMIC@50C
09-27-2026 20:01:19 RAM 4824/6833MB (lfb 21x4MB) SWAP 1070/3416MB (cached 0MB) CPU [32%@1420,28%@1420,79%@1420,28%@1420,34%@1420,100%@1420] EMC_FREQ 0% GR3D_FREQ 0% AUX@46C CPU@47.5C thermal@46.15C AO@46C GPU@46C PMIC@50C
09-27-2026 20:01:20 RAM 4828/6833MB (lfb 21x4MB) SWAP 1070/3416MB (cached 0MB) CPU [19%@1420,12%@1420,100%@1420,7%@1420,6%@1420,100%@1420] EMC_FREQ 0% GR3D_FREQ 0% AUX@46.5C CPU@47.5C thermal@46.45C AO@46C GPU@46C PMIC@50C
09-27-2026 20:01:21 RAM 4699/6833MB (lfb 28x4MB) SWAP 1070/3416MB (cached 0MB) CPU [28%@1420,26%@1420,14%@1420,19%@1420,15%@1420,100%@1420] EMC_FREQ 0% GR3D_FREQ 0% AUX@46C CPU@47.5C thermal@46.3C AO@46C GPU@46.5C PMIC@50C
09-27-2026 20:01:22 RAM 4699/6833MB (lfb 28x4MB) SWAP 1070/3416MB (cached 0MB) CPU [11%@1420,8%@1420,4%@1420,3%@1420,2%@1420,100%@1420] EMC_FREQ 0% GR3D_FREQ 0% AUX@46C CPU@47.5C thermal@46.6C AO@46C GPU@46.5C PMIC@50C
09-27-2026 20:01:23 RAM 4699/6833MB (lfb 28x4MB) SWAP 1070/3416MB (cached 0MB) CPU [11%@1420,5%@1420,6%@1420,5%@1420,2%@1420,100%@1420] EMC_FREQ 0% GR3D_FREQ 0% AUX@46C CPU@47.5C thermal@46.45C AO@46C GPU@46C PMIC@50C
09-27-2026 20:01:24 RAM 4700/6833MB (lfb 28x4MB) SWAP 1070/3416MB (cached 0MB) CPU [7%@1420,4%@1420,6%@1420,8%@1420,2%@1420,100%@1420] EMC_FREQ 0% GR3D_FREQ 0% AUX@46C CPU@47.5C thermal@46.3C AO@46C GPU@46C PMIC@50C
09-27-2026 20:01:25 RAM 4699/6833MB (lfb 28x4MB) SWAP 1070/3416MB (cached 0MB) CPU [7%@1420,5%@1420,5%@1420,11%@1420,1%@1420,100%@1420] EMC_FREQ 0% GR3D_FREQ 0% AUX@46C CPU@47C thermal@46.45C AO@46C GPU@46C PMIC@50C
09-27-2026 20:01:26 RAM 4700/6833MB (lfb 23x4MB) SWAP 1070/3416MB (cached 0MB) CPU [21%@1420,11%@1420,15%@1420,13%@1420,4%@1420,100%@1420] EMC_FREQ 0% GR3D_FREQ 0% AUX@46C CPU@47.5C thermal@46.25C AO@46C GPU@47C PMIC@50C
09-27-2026 20:01:27 RAM 4701/6833MB (lfb 23x4MB) SWAP 1070/3416MB (cached 0MB) CPU [5%@1420,8%@1420,12%@1420,10%@1420,2%@1420,100%@1420] EMC_FREQ 0% GR3D_FREQ 0% AUX@46C CPU@47C thermal@46.45C AO@46C GPU@46C PMIC@50C
09-27-2026 20:01:28 RAM 4703/6833MB (lfb 23x4MB) SWAP 1070/3416MB (cached 0MB) CPU [29%@1420,29%@1420,27%@1420,30%@1420,17%@1420,100%@1420] EMC_FREQ 0% GR3D_FREQ 0% AUX@45.5C CPU@47.5C thermal@46.45C AO@45.5C GPU@46C PMIC@50C
09-27-2026 20:01:29 RAM 4758/6833MB (lfb 23x4MB) SWAP 1070/3416MB (cached 0MB) CPU [67%@1420,61%@1420,56%@1420,56%@1420,56%@1420,100%@1420] EMC_FREQ 0% GR3D_FREQ 0% AUX@45.5C CPU@47.5C thermal@46.25C AO@46C GPU@46C PMIC@50C
09-27-2026 20:01:30 RAM 4829/6833MB (lfb 23x4MB) SWAP 1070/3416MB (cached 0MB) CPU [83%@1420,78%@1420,74%@1420,84%@1420,76%@1420,100%@1420] EMC_FREQ 0% GR3D_FREQ 0% AUX@45.5C CPU@47.5C thermal@46.3C AO@46C GPU@45.5C PMIC@50C
09-27-2026 20:01:31 RAM 4960/6833MB (lfb 20x4MB) SWAP 1070/3416MB (cached 0MB) CPU [39%@1420,43%@1420,25%@1420,37%@1420,11%@1420,100%@1420] EMC_FREQ 0% GR3D_FREQ 0% AUX@46C CPU@47.5C thermal@46.3C AO@45.5C GPU@45.5C PMIC@50C
09-27-2026 20:01:32 RAM 4706/6833MB (lfb 26x4MB) SWAP 1070/3416MB (cached 0MB) CPU [39%@1420,37%@1420,31%@1420,27%@1420,21%@1420,100%@1420] EMC_FREQ 0% GR3D_FREQ 0% AUX@45.5C CPU@47C thermal@46.3C AO@46C GPU@46C PMIC@50C
09-27-2026 20:01:33 RAM 4706/6833MB (lfb 26x4MB) SWAP 1070/3416MB (cached 0MB) CPU [7%@1420,5%@1420,6%@1420,8%@1420,3%@1420,100%@1420] EMC_FREQ 0% GR3D_FREQ 0% AUX@45.5C CPU@47C thermal@46.1C AO@46C GPU@45.5C PMIC@50C
09-27-2026 20:01:34 RAM 4706/6833MB (lfb 26x4MB) SWAP 1070/3416MB (cached 0MB) CPU [6%@1420,7%@1420,11%@1420,4%@1420,2%@1420,100%@1420] EMC_FREQ 0% GR3D_FREQ 0% AUX@45.5C CPU@47C thermal@46.1C AO@45.5C GPU@45.5C PMIC@50C
09-27-2026 20:01:35 RAM 4706/6833MB (lfb 26x4MB) SWAP 1070/3416MB (cached 0MB) CPU [6%@1420,7%@1420,5%@1420,8%@1420,4%@1420,100%@1420] EMC_FREQ 0% GR3D_FREQ 0% AUX@45.5C CPU@47C thermal@45.95C AO@45.5C GPU@45.5C PMIC@50C
09-27-2026 20:01:36 RAM 4706/6833MB (lfb 26x4MB) SWAP 1070/3416MB (cached 0MB) CPU [19%@1420,8%@1420,7%@1420,9%@1420,4%@1420,100%@1420] EMC_FREQ 0% GR3D_FREQ 0% AUX@45.5C CPU@47C thermal@45.95C AO@45.5C GPU@45.5C PMIC@50C
09-27-2026 20:01:37 RAM 4706/6833MB (lfb 23x4MB) SWAP 1070/3416MB (cached 0MB) CPU [10%@1420,13%@1420,14%@1420,9%@1420,4%@1420,100%@1420] EMC_FREQ 0% GR3D_FREQ 0% AUX@45.5C CPU@47C thermal@46.1C AO@46C GPU@46C PMIC@50C
09-27-2026 20:01:38 RAM 4706/6833MB (lfb 23x4MB) SWAP 1070/3416MB (cached 0MB) CPU [8%@1420,9%@1420,4%@1420,4%@1420,4%@1420,100%@1420] EMC_FREQ 0% GR3D_FREQ 0% AUX@45.5C CPU@47C thermal@46.1C AO@45.5C GPU@45.5C PMIC@50C
09-27-2026 20:01:39 RAM 4706/6833MB (lfb 23x4MB) SWAP 1070/3416MB (cached 0MB) CPU [11%@1420,8%@1420,5%@1420,4%@1420,1%@1420,100%@1420] EMC_FREQ 0% GR3D_FREQ 0% AUX@45.5C CPU@46.5C thermal@45.75C AO@45.5C GPU@45.5C PMIC@50C
09-27-2026 20:01:40 RAM 4828/6833MB (lfb 23x4MB) SWAP 1070/3416MB (cached 0MB) CPU [37%@1420,36%@1420,31%@1420,40%@1420,27%@1420,100%@1420] EMC_FREQ 0% GR3D_FREQ 0% AUX@45.5C CPU@47C thermal@45.95C AO@45.5C GPU@45.5C PMIC@50C
09-27-2026 20:01:41 RAM 4828/6833MB (lfb 23x4MB) SWAP 1070/3416MB (cached 0MB) CPU [9%@1420,6%@1420,100%@1420,10%@1420,5%@1420,100%@1420] EMC_FREQ 0% GR3D_FREQ 0% AUX@45.5C CPU@47C thermal@45.75C AO@45.5C GPU@45.5C PMIC@50C
09-27-2026 20:01:43 RAM 4704/6833MB (lfb 25x4MB) SWAP 1070/3416MB (cached 0MB) CPU [23%@1420,22%@1420,41%@1420,13%@1420,12%@1420,100%@1420] EMC_FREQ 0% GR3D_FREQ 99% AUX@45.5C CPU@46.5C thermal@45.65C AO@45C GPU@45.5C PMIC@50C
09-27-2026 20:01:44 RAM 4704/6833MB (lfb 25x4MB) SWAP 1070/3416MB (cached 0MB) CPU [11%@1420,7%@1420,4%@1420,5%@1420,5%@1420,100%@1420] EMC_FREQ 0% GR3D_FREQ 0% AUX@45C CPU@46.5C thermal@45.8C AO@45C GPU@45.5C PMIC@50C
09-27-2026 20:01:45 RAM 4704/6833MB (lfb 25x4MB) SWAP 1070/3416MB (cached 0MB) CPU [12%@1420,8%@1420,4%@1420,2%@1420,4%@1420,100%@1420] EMC_FREQ 0% GR3D_FREQ 0% AUX@45C CPU@46.5C thermal@45.6C AO@45.5C GPU@45.5C PMIC@50C
09-27-2026 20:01:46 RAM 4704/6833MB (lfb 25x4MB) SWAP 1070/3416MB (cached 0MB) CPU [10%@1420,10%@1420,4%@1420,3%@1420,4%@1420,100%@1420] EMC_FREQ 0% GR3D_FREQ 0% AUX@45.5C CPU@46.5C thermal@45.6C AO@45C GPU@45.5C PMIC@50C
09-27-2026 20:01:47 RAM 4704/6833MB (lfb 25x4MB) SWAP 1070/3416MB (cached 0MB) CPU [15%@1420,6%@1420,10%@1420,4%@1420,3%@1420,100%@1420] EMC_FREQ 0% GR3D_FREQ 0% AUX@45C CPU@46.5C thermal@45.45C AO@45C GPU@45C PMIC@50C
09-27-2026 20:01:48 RAM 4825/6833MB (lfb 12x4MB) SWAP 1070/3416MB (cached 0MB) CPU [9%@1420,8%@1420,10%@1420,7%@1420,4%@1420,100%@1420] EMC_FREQ 0% GR3D_FREQ 0% AUX@45C CPU@46.5C thermal@45.45C AO@45.5C GPU@45C PMIC@50C
09-27-2026 20:01:49 RAM 4704/6833MB (lfb 23x4MB) SWAP 1070/3416MB (cached 0MB) CPU [8%@1420,13%@1420,6%@1420,5%@1420,11%@1420,100%@1420] EMC_FREQ 0% GR3D_FREQ 0% AUX@45C CPU@46.5C thermal@45.6C AO@45C GPU@45C PMIC@50C
09-27-2026 20:01:50 RAM 4704/6833MB (lfb 23x4MB) SWAP 1070/3416MB (cached 0MB) CPU [12%@1420,5%@1420,4%@1420,4%@1420,2%@1420,100%@1420] EMC_FREQ 0% GR3D_FREQ 0% AUX@45C CPU@46.5C thermal@45.6C AO@45C GPU@45C PMIC@50C
09-27-2026 20:01:51 RAM 4754/6833MB (lfb 23x4MB) SWAP 1070/3416MB (cached 0MB) CPU [54%@1420,56%@1420,67%@1420,55%@1420,54%@1420,100%@1420] EMC_FREQ 0% GR3D_FREQ 0% AUX@45C CPU@47C thermal@45.45C AO@45C GPU@45C PMIC@50C
09-27-2026 20:01:52 RAM 4820/6833MB (lfb 23x4MB) SWAP 1070/3416MB (cached 0MB) CPU [90%@1420,94%@1420,85%@1420,84%@1420,80%@1420,100%@1420] EMC_FREQ 0% GR3D_FREQ 0% AUX@45C CPU@47.5C thermal@45.6C AO@45C GPU@45C PMIC@50C
09-27-2026 20:01:53 RAM 4827/6833MB (lfb 23x4MB) SWAP 1070/3416MB (cached 0MB) CPU [27%@1420,29%@1420,20%@1420,98%@1420,23%@1420,100%@1420] EMC_FREQ 0% GR3D_FREQ 0% AUX@45C CPU@46.5C thermal@45.6C AO@45C GPU@45C PMIC@50C
09-27-2026 20:01:54 RAM 4826/6833MB (lfb 25x4MB) SWAP 1070/3416MB (cached 0MB) CPU [21%@1420,12%@1420,5%@1420,100%@1420,19%@1420,100%@1420] EMC_FREQ 0% GR3D_FREQ 0% AUX@45C CPU@46.5C thermal@45.3C AO@45C GPU@45.5C PMIC@50C
09-27-2026 20:01:55 RAM 4702/6833MB (lfb 25x4MB) SWAP 1070/3416MB (cached 0MB) CPU [23%@1420,18%@1420,21%@1420,41%@1420,15%@1420,100%@1420] EMC_FREQ 0% GR3D_FREQ 0% AUX@45C CPU@46.5C thermal@45.6C AO@45C GPU@45C PMIC@50C
09-27-2026 20:01:56 RAM 4702/6833MB (lfb 25x4MB) SWAP 1070/3416MB (cached 0MB) CPU [8%@1420,9%@1420,3%@1420,9%@1420,0%@1420,100%@1420] EMC_FREQ 0% GR3D_FREQ 0% AUX@45C CPU@46.5C thermal@45.45C AO@45C GPU@45C PMIC@50C
09-27-2026 20:01:57 RAM 4702/6833MB (lfb 25x4MB) SWAP 1070/3416MB (cached 0MB) CPU [12%@1420,8%@1420,4%@1420,5%@1420,1%@1420,100%@1420] EMC_FREQ 0% GR3D_FREQ 0% AUX@44.5C CPU@46.5C thermal@45.45C AO@45C GPU@45C PMIC@50C
09-27-2026 20:01:58 RAM 4702/6833MB (lfb 25x4MB) SWAP 1070/3416MB (cached 0MB) CPU [17%@1420,9%@1420,4%@1420,2%@1420,8%@1420,100%@1420] EMC_FREQ 0% GR3D_FREQ 0% AUX@44.5C CPU@46.5C thermal@45.3C AO@45C GPU@45C PMIC@50C
09-27-2026 20:01:59 RAM 4701/6833MB (lfb 23x4MB) SWAP 1070/3416MB (cached 0MB) CPU [8%@1420,17%@1420,8%@1420,5%@1420,9%@1420,100%@1420] EMC_FREQ 0% GR3D_FREQ 50% AUX@44.5C CPU@46.5C thermal@45.85C AO@45C GPU@47C PMIC@50C
09-27-2026 20:02:00 RAM 4701/6833MB (lfb 23x4MB) SWAP 1070/3416MB (cached 0MB) CPU [8%@1420,6%@1420,2%@1420,3%@1420,9%@1420,100%@1420] EMC_FREQ 0% GR3D_FREQ 0% AUX@44.5C CPU@46C thermal@45.85C AO@45C GPU@45C PMIC@50C
09-27-2026 20:02:01 RAM 4701/6833MB (lfb 23x4MB) SWAP 1070/3416MB (cached 0MB) CPU [6%@1420,4%@1420,5%@1420,5%@1420,9%@1420,100%@1420] EMC_FREQ 0% GR3D_FREQ 0% AUX@44.5C CPU@46C thermal@45.25C AO@45C GPU@45C PMIC@50C
09-27-2026 20:02:02 RAM 4701/6833MB (lfb 23x4MB) SWAP 1070/3416MB (cached 0MB) CPU [7%@1420,2%@1420,4%@1420,6%@1420,8%@1420,100%@1420] EMC_FREQ 0% GR3D_FREQ 0% AUX@44.5C CPU@46.5C thermal@45.1C AO@45C GPU@45C PMIC@50C
09-27-2026 20:02:03 RAM 4701/6833MB (lfb 23x4MB) SWAP 1070/3416MB (cached 0MB) CPU [8%@1420,5%@1420,3%@1420,4%@1420,8%@1420,100%@1420] EMC_FREQ 0% GR3D_FREQ 0% AUX@44.5C CPU@46C thermal@45.1C AO@44.5C GPU@44.5C PMIC@50C
09-27-2026 20:02:04 RAM 4823/6833MB (lfb 24x4MB) SWAP 1070/3416MB (cached 0MB) CPU [37%@1420,100%@1420,28%@1420,29%@1420,31%@1420,100%@1420] EMC_FREQ 0% GR3D_FREQ 99% AUX@44.5C CPU@46.5C thermal@45.45C AO@44.5C GPU@45.5C PMIC@50C
09-27-2026 20:02:05 RAM 4820/6833MB (lfb 24x4MB) SWAP 1070/3416MB (cached 0MB) CPU [25%@1420,72%@1420,17%@1420,17%@1420,8%@1420,100%@1420] EMC_FREQ 0% GR3D_FREQ 0% AUX@45C CPU@46C thermal@45.45C AO@45C GPU@44.5C PMIC@50C
09-27-2026 20:02:06 RAM 4702/6833MB (lfb 24x4MB) SWAP 1070/3416MB (cached 0MB) CPU [12%@1420,5%@1420,8%@1420,12%@1420,3%@1420,98%@1420] EMC_FREQ 0% GR3D_FREQ 0% AUX@44.5C CPU@46C thermal@45.15C AO@44.5C GPU@45C PMIC@50C
09-27-2026 20:02:07 RAM 4702/6833MB (lfb 24x4MB) SWAP 1070/3416MB (cached 0MB) CPU [6%@1420,5%@1420,4%@1420,8%@1420,1%@1420,100%@1420] EMC_FREQ 0% GR3D_FREQ 0% AUX@44.5C CPU@46C thermal@44.95C AO@44.5C GPU@44.5C PMIC@50C
09-27-2026 20:02:08 RAM 4702/6833MB (lfb 24x4MB) SWAP 1070/3416MB (cached 0MB) CPU [18%@1420,7%@1420,8%@1420,10%@1420,2%@1420,100%@1420] EMC_FREQ 0% GR3D_FREQ 0% AUX@44.5C CPU@45.5C thermal@44.95C AO@44C GPU@44.5C PMIC@50C
09-27-2026 20:02:09 RAM 4702/6833MB (lfb 24x4MB) SWAP 1070/3416MB (cached 0MB) CPU [19%@1420,5%@1420,6%@1420,9%@1420,3%@1420,100%@1420] EMC_FREQ 0% GR3D_FREQ 0% AUX@44.5C CPU@46C thermal@44.95C AO@44.5C GPU@44.5C PMIC@50C
09-27-2026 20:02:10 RAM 4703/6833MB (lfb 23x4MB) SWAP 1070/3416MB (cached 0MB) CPU [10%@1420,10%@1420,10%@1420,14%@1420,5%@1420,100%@1420] EMC_FREQ 0% GR3D_FREQ 0% AUX@44.5C CPU@46C thermal@44.95C AO@44.5C GPU@44.5C PMIC@50C
09-27-2026 20:02:11 RAM 4703/6833MB (lfb 23x4MB) SWAP 1070/3416MB (cached 0MB) CPU [11%@1420,7%@1420,4%@1420,5%@1420,1%@1420,100%@1420] EMC_FREQ 0% GR3D_FREQ 0% AUX@44.5C CPU@46C thermal@45.1C AO@44.5C GPU@44.5C PMIC@50C
09-27-2026 20:02:12 RAM 4703/6833MB (lfb 23x4MB) SWAP 1070/3416MB (cached 0MB) CPU [10%@1420,6%@1420,3%@1420,6%@1420,2%@1420,100%@1420] EMC_FREQ 0% GR3D_FREQ 0% AUX@44.5C CPU@45.5C thermal@45.1C AO@44.5C GPU@44.5C PMIC@50C
09-27-2026 20:02:13 RAM 4703/6833MB (lfb 23x4MB) SWAP 1070/3416MB (cached 0MB) CPU [10%@1420,18%@1420,4%@1420,6%@1420,3%@1420,100%@1420] EMC_FREQ 0% GR3D_FREQ 0% AUX@44.5C CPU@45.5C thermal@44.8C AO@44.5C GPU@44.5C PMIC@50C
09-27-2026 20:02:14 RAM 4822/6833MB (lfb 23x4MB) SWAP 1070/3416MB (cached 0MB) CPU [41%@1420,40%@1420,70%@1420,37%@1420,30%@1420,100%@1420] EMC_FREQ 0% GR3D_FREQ 0% AUX@44.5C CPU@46C thermal@44.95C AO@44.5C GPU@44.5C PMIC@50C
09-27-2026 20:02:15 RAM 4823/6833MB (lfb 24x4MB) SWAP 1070/3416MB (cached 0MB) CPU [26%@1420,11%@1420,100%@1420,11%@1420,6%@1420,100%@1420] EMC_FREQ 0% GR3D_FREQ 0% AUX@44.5C CPU@46C thermal@44.95C AO@44.5C GPU@44.5C PMIC@50C
09-27-2026 20:02:16 RAM 4700/6833MB (lfb 24x4MB) SWAP 1070/3416MB (cached 0MB) CPU [20%@1420,28%@1420,30%@1420,8%@1420,15%@1420,100%@1420] EMC_FREQ 0% GR3D_FREQ 0% AUX@44.5C CPU@46C thermal@44.95C AO@44.5C GPU@44.5C PMIC@50C
09-27-2026 20:02:17 RAM 4700/6833MB (lfb 24x4MB) SWAP 1070/3416MB (cached 0MB) CPU [4%@1420,5%@1420,6%@1420,11%@1420,1%@1420,100%@1420] EMC_FREQ 0% GR3D_FREQ 0% AUX@44.5C CPU@45.5C thermal@44.8C AO@44C GPU@44.5C PMIC@50C
09-27-2026 20:02:18 RAM 4700/6833MB (lfb 24x4MB) SWAP 1070/3416MB (cached 0MB) CPU [7%@1420,20%@1420,10%@1420,4%@1420,5%@1420,100%@1420] EMC_FREQ 0% GR3D_FREQ 0% AUX@44C CPU@45.5C thermal@44.6C AO@44C GPU@44.5C PMIC@50C
09-27-2026 20:02:19 RAM 4702/6833MB (lfb 24x4MB) SWAP 1070/3416MB (cached 0MB) CPU [32%@1420,21%@1420,23%@1420,20%@1420,13%@1420,100%@1420] EMC_FREQ 0% GR3D_FREQ 0% AUX@44C CPU@46C thermal@44.8C AO@44C GPU@44.5C PMIC@50C
09-27-2026 20:02:20 RAM 4701/6833MB (lfb 23x4MB) SWAP 1070/3416MB (cached 0MB) CPU [29%@1420,22%@1420,18%@1420,24%@1420,11%@1420,100%@1420] EMC_FREQ 0% GR3D_FREQ 0% AUX@44.5C CPU@45.5C thermal@44.6C AO@44.5C GPU@45.5C PMIC@50C
09-27-2026 20:02:21 RAM 4700/6833MB (lfb 23x4MB) SWAP 1070/3416MB (cached 0MB) CPU [8%@1420,4%@1420,7%@1420,5%@1420,4%@1420,100%@1420] EMC_FREQ 0% GR3D_FREQ 0% AUX@44C CPU@45.5C thermal@44.6C AO@44.5C GPU@44.5C PMIC@50C
09-27-2026 20:02:22 RAM 4700/6833MB (lfb 23x4MB) SWAP 1070/3416MB (cached 0MB) CPU [4%@1420,6%@1420,5%@1420,5%@1420,5%@1420,100%@1420] EMC_FREQ 0% GR3D_FREQ 0% AUX@44C CPU@45.5C thermal@44.6C AO@44C GPU@44.5C PMIC@50C
09-27-2026 20:02:23 RAM 4700/6833MB (lfb 23x4MB) SWAP 1070/3416MB (cached 0MB) CPU [10%@1420,8%@1420,4%@1420,5%@1420,6%@1420,100%@1420] EMC_FREQ 0% GR3D_FREQ 0% AUX@44C CPU@45.5C thermal@44.6C AO@44C GPU@44C PMIC@50C
09-27-2026 20:02:24 RAM 4804/6833MB (lfb 23x4MB) SWAP 1070/3416MB (cached 0MB) CPU [61%@1420,60%@1420,54%@1420,56%@1420,52%@1420,100%@1420] EMC_FREQ 0% GR3D_FREQ 0% AUX@44C CPU@46C thermal@44.6C AO@44C GPU@44.5C PMIC@50C
09-27-2026 20:02:25 RAM 5092/6833MB (lfb 63x1MB) SWAP 1070/3416MB (cached 0MB) CPU [15%@1420,98%@1420,15%@1420,24%@1420,14%@1420,100%@1420] EMC_FREQ 0% GR3D_FREQ 0% AUX@44C CPU@45.5C thermal@44.65C AO@44C GPU@44C PMIC@50C
09-27-2026 20:02:26 RAM 4701/6833MB (lfb 24x4MB) SWAP 1070/3416MB (cached 0MB) CPU [15%@1420,64%@1420,36%@1420,28%@1420,18%@1420,100%@1420] EMC_FREQ 0% GR3D_FREQ 0% AUX@44.5C CPU@45.5C thermal@45.4C AO@44C GPU@44.5C PMIC@50C
09-27-2026 20:02:27 RAM 4701/6833MB (lfb 24x4MB) SWAP 1070/3416MB (cached 0MB) CPU [6%@1420,4%@1420,8%@1420,8%@1420,4%@1420,100%@1420] EMC_FREQ 0% GR3D_FREQ 0% AUX@44.5C CPU@45.5C thermal@44.6C AO@44C GPU@44.5C PMIC@50C
09-27-2026 20:02:28 RAM 4701/6833MB (lfb 24x4MB) SWAP 1070/3416MB (cached 0MB) CPU [4%@1420,4%@1420,16%@1420,11%@1420,4%@1420,100%@1420] EMC_FREQ 0% GR3D_FREQ 0% AUX@44C CPU@45.5C thermal@44.45C AO@44C GPU@44.5C PMIC@50C
09-27-2026 20:02:29 RAM 4701/6833MB (lfb 24x4MB) SWAP 1070/3416MB (cached 0MB) CPU [11%@1420,4%@1420,2%@1420,11%@1420,4%@1420,100%@1420] EMC_FREQ 0% GR3D_FREQ 0% AUX@44C CPU@45.5C thermal@44.6C AO@44C GPU@44C PMIC@50C
09-27-2026 20:02:30 RAM 4701/6833MB (lfb 24x4MB) SWAP 1070/3416MB (cached 0MB) CPU [12%@1420,4%@1420,2%@1420,9%@1420,5%@1420,100%@1420] EMC_FREQ 0% GR3D_FREQ 0% AUX@44C CPU@45.5C thermal@44.3C AO@44C GPU@44.5C PMIC@50C
09-27-2026 20:02:31 RAM 4700/6833MB (lfb 23x4MB) SWAP 1070/3416MB (cached 0MB) CPU [7%@1420,7%@1420,20%@1420,8%@1420,11%@1420,100%@1420] EMC_FREQ 0% GR3D_FREQ 0% AUX@44C CPU@45.5C thermal@44.6C AO@44C GPU@44.5C PMIC@50C
09-27-2026 20:02:32 RAM 4700/6833MB (lfb 23x4MB) SWAP 1070/3416MB (cached 0MB) CPU [5%@1420,6%@1420,11%@1420,5%@1420,2%@1420,100%@1420] EMC_FREQ 0% GR3D_FREQ 0% AUX@44C CPU@45.5C thermal@44.6C AO@44C GPU@44C PMIC@50C
09-27-2026 20:02:33 RAM 4700/6833MB (lfb 23x4MB) SWAP 1070/3416MB (cached 0MB) CPU [7%@1420,5%@1420,5%@1420,9%@1420,2%@1420,100%@1420] EMC_FREQ 0% GR3D_FREQ 0% AUX@44C CPU@45.5C thermal@44.45C AO@44C GPU@44C PMIC@50C
09-27-2026 20:02:34 RAM 4799/6833MB (lfb 23x4MB) SWAP 1070/3416MB (cached 0MB) CPU [26%@1420,30%@1420,25%@1420,30%@1420,25%@1420,100%@1420] EMC_FREQ 0% GR3D_FREQ 0% AUX@44C CPU@45.5C thermal@44.45C AO@44C GPU@44C PMIC@50C
09-27-2026 20:02:35 RAM 4826/6833MB (lfb 23x4MB) SWAP 1070/3416MB (cached 0MB) CPU [39%@1420,41%@1420,41%@1420,29%@1420,25%@1420,100%@1420] EMC_FREQ 0% GR3D_FREQ 0% AUX@44C CPU@45.5C thermal@44.45C AO@44C GPU@44.5C PMIC@50C
09-27-2026 20:02:36 RAM 4712/6833MB (lfb 24x4MB) SWAP 1070/3416MB (cached 0MB) CPU [19%@1420,19%@1420,40%@1420,39%@1420,16%@1420,100%@1420] EMC_FREQ 0% GR3D_FREQ 0% AUX@44C CPU@45.5C thermal@44.45C AO@44C GPU@44.5C PMIC@50C
09-27-2026 20:02:37 RAM 4712/6833MB (lfb 24x4MB) SWAP 1070/3416MB (cached 0MB) CPU [6%@1420,7%@1420,9%@1420,3%@1420,3%@1420,100%@1420] EMC_FREQ 0% GR3D_FREQ 0% AUX@44C CPU@45C thermal@44.45C AO@44C GPU@44C PMIC@50C
09-27-2026 20:02:38 RAM 4712/6833MB (lfb 24x4MB) SWAP 1070/3416MB (cached 0MB) CPU [6%@1420,18%@1420,9%@1420,5%@1420,3%@1420,100%@1420] EMC_FREQ 0% GR3D_FREQ 0% AUX@44C CPU@45C thermal@44.3C AO@44C GPU@44.5C PMIC@50C
09-27-2026 20:02:39 RAM 4712/6833MB (lfb 24x4MB) SWAP 1070/3416MB (cached 0MB) CPU [6%@1420,4%@1420,12%@1420,3%@1420,2%@1420,100%@1420] EMC_FREQ 0% GR3D_FREQ 0% AUX@44C CPU@45C thermal@44.3C AO@44C GPU@44C PMIC@50C
09-27-2026 20:02:40 RAM 4712/6833MB (lfb 24x4MB) SWAP 1070/3416MB (cached 0MB) CPU [18%@1420,7%@1420,11%@1420,3%@1420,3%@1420,100%@1420] EMC_FREQ 0% GR3D_FREQ 0% AUX@44C CPU@45C thermal@44.3C AO@44C GPU@44C PMIC@50C
09-27-2026 20:02:41 RAM 4711/6833MB (lfb 24x4MB) SWAP 1070/3416MB (cached 0MB) CPU [7%@1420,6%@1420,20%@1420,10%@1420,2%@1420,100%@1420] EMC_FREQ 0% GR3D_FREQ 99% AUX@44C CPU@45C thermal@44.45C AO@44C GPU@44.5C PMIC@50C
09-27-2026 20:02:42 RAM 4712/6833MB (lfb 24x4MB) SWAP 1070/3416MB (cached 0MB) CPU [11%@1420,8%@1420,5%@1420,7%@1420,2%@1420,100%@1420] EMC_FREQ 0% GR3D_FREQ 0% AUX@44C CPU@45C thermal@44.3C AO@44C GPU@44C PMIC@50C
09-27-2026 20:02:43 RAM 4712/6833MB (lfb 24x4MB) SWAP 1070/3416MB (cached 0MB) CPU [10%@1420,9%@1420,9%@1420,4%@1420,3%@1420,100%@1420] EMC_FREQ 0% GR3D_FREQ 0% AUX@44C CPU@45C thermal@44.3C AO@44C GPU@44C PMIC@50C
09-27-2026 20:02:44 RAM 4825/6833MB (lfb 24x4MB) SWAP 1070/3416MB (cached 0MB) CPU [69%@1420,32%@1420,38%@1420,30%@1420,28%@1420,100%@1420] EMC_FREQ 0% GR3D_FREQ 0% AUX@44C CPU@45C thermal@44.15C AO@44C GPU@44C PMIC@50C
09-27-2026 20:02:46 RAM 4830/6833MB (lfb 24x4MB) SWAP 1070/3416MB (cached 0MB) CPU [29%@1420,17%@1420,21%@1420,76%@1420,16%@1420,100%@1420] EMC_FREQ 0% GR3D_FREQ 0% AUX@44C CPU@45.5C thermal@44.45C AO@43.5C GPU@44C PMIC@50C
09-27-2026 20:02:47 RAM 4889/6833MB (lfb 17x4MB) SWAP 1070/3416MB (cached 0MB) CPU [15%@1420,9%@1420,21%@1420,5%@1420,6%@1420,100%@1420] EMC_FREQ 0% GR3D_FREQ 0% AUX@44C CPU@45C thermal@44.3C AO@43.5C GPU@43.5C PMIC@50C
09-27-2026 20:02:48 RAM 4701/6833MB (lfb 24x4MB) SWAP 1070/3416MB (cached 0MB) CPU [7%@1420,6%@1420,13%@1420,14%@1420,3%@1420,100%@1420] EMC_FREQ 0% GR3D_FREQ 0% AUX@44C CPU@45C thermal@44.6C AO@44C GPU@44C PMIC@50C
09-27-2026 20:02:49 RAM 4702/6833MB (lfb 24x4MB) SWAP 1070/3416MB (cached 0MB) CPU [7%@1420,7%@1420,9%@1420,2%@1420,2%@1420,100%@1420] EMC_FREQ 0% GR3D_FREQ 0% AUX@43.5C CPU@45C thermal@44.3C AO@43.5C GPU@43.5C PMIC@50C
09-27-2026 20:02:50 RAM 4702/6833MB (lfb 24x4MB) SWAP 1070/3416MB (cached 0MB) CPU [6%@1420,7%@1420,9%@1420,4%@1420,9%@1420,100%@1420] EMC_FREQ 0% GR3D_FREQ 0% AUX@43.5C CPU@45C thermal@44.3C AO@43.5C GPU@43.5C PMIC@50C
09-27-2026 20:02:51 RAM 4702/6833MB (lfb 24x4MB) SWAP 1070/3416MB (cached 0MB) CPU [7%@1420,6%@1420,8%@1420,9%@1420,10%@1420,100%@1420] EMC_FREQ 0% GR3D_FREQ 0% AUX@43.5C CPU@45C thermal@44.1C AO@43.5C GPU@43.5C PMIC@50C
09-27-2026 20:02:52 RAM 4702/6833MB (lfb 24x4MB) SWAP 1070/3416MB (cached 0MB) CPU [6%@1420,5%@1420,8%@1420,9%@1420,3%@1420,100%@1420] EMC_FREQ 0% GR3D_FREQ 0% AUX@44C CPU@45C thermal@43.95C AO@43.5C GPU@43.5C PMIC@50C
09-27-2026 20:02:53 RAM 4702/6833MB (lfb 26x4MB) SWAP 1070/3416MB (cached 0MB) CPU [7%@1420,5%@1420,16%@1420,16%@1420,1%@1420,100%@1420] EMC_FREQ 0% GR3D_FREQ 0% AUX@44C CPU@45C thermal@44.3C AO@43.5C GPU@44C PMIC@50C
09-27-2026 20:02:54 RAM 4702/6833MB (lfb 26x4MB) SWAP 1070/3416MB (cached 0MB) CPU [6%@1420,6%@1420,10%@1420,4%@1420,2%@1420,100%@1420] EMC_FREQ 0% GR3D_FREQ 0% AUX@43.5C CPU@45C thermal@44.15C AO@43.5C GPU@44C PMIC@50C
09-27-2026 20:02:55 RAM 4824/6833MB (lfb 26x4MB) SWAP 1070/3416MB (cached 0MB) CPU [29%@1420,32%@1420,37%@1420,87%@1420,26%@1420,100%@1420] EMC_FREQ 0% GR3D_FREQ 0% AUX@44C CPU@45C thermal@44.15C AO@43.5C GPU@43.5C PMIC@50C
09-27-2026 20:02:56 RAM 4828/6833MB (lfb 26x4MB) SWAP 1070/3416MB (cached 0MB) CPU [14%@1420,19%@1420,79%@1420,27%@1420,19%@1420,100%@1420] EMC_FREQ 0% GR3D_FREQ 0% AUX@44C CPU@45.5C thermal@44.3C AO@43.5C GPU@43.5C PMIC@50C
09-27-2026 20:02:57 RAM 4702/6833MB (lfb 26x4MB) SWAP 1070/3416MB (cached 0MB) CPU [11%@1420,16%@1420,10%@1420,15%@1420,6%@1420,100%@1420] EMC_FREQ 0% GR3D_FREQ 0% AUX@43.5C CPU@45C thermal@43.95C AO@43.5C GPU@43.5C PMIC@50C
09-27-2026 20:02:58 RAM 4703/6833MB (lfb 24x4MB) SWAP 1070/3416MB (cached 0MB) CPU [10%@1420,7%@1420,16%@1420,14%@1420,3%@1420,100%@1420] EMC_FREQ 0% GR3D_FREQ 0% AUX@43.5C CPU@45C thermal@44C AO@44C GPU@44C PMIC@50C
09-27-2026 20:02:59 RAM 4703/6833MB (lfb 24x4MB) SWAP 1070/3416MB (cached 0MB) CPU [8%@1420,8%@1420,5%@1420,4%@1420,0%@1420,100%@1420] EMC_FREQ 0% GR3D_FREQ 0% AUX@43.5C CPU@45C thermal@43.95C AO@43.5C GPU@43.5C PMIC@50C
09-27-2026 20:03:00 RAM 4703/6833MB (lfb 24x4MB) SWAP 1070/3416MB (cached 0MB) CPU [4%@1420,6%@1420,7%@1420,8%@1420,1%@1420,100%@1420] EMC_FREQ 0% GR3D_FREQ 0% AUX@43.5C CPU@45C thermal@43.95C AO@43.5C GPU@43.5C PMIC@50C
09-27-2026 20:03:01 RAM 4703/6833MB (lfb 24x4MB) SWAP 1070/3416MB (cached 0MB) CPU [8%@1420,5%@1420,9%@1420,5%@1420,16%@1420,100%@1420] EMC_FREQ 0% GR3D_FREQ 0% AUX@44C CPU@45C thermal@43.8C AO@43.5C GPU@44C PMIC@50C
09-27-2026 20:03:02 RAM 4703/6833MB (lfb 24x4MB) SWAP 1070/3416MB (cached 0MB) CPU [7%@1420,6%@1420,4%@1420,3%@1420,4%@1420,100%@1420] EMC_FREQ 0% GR3D_FREQ 0% AUX@44C CPU@45C thermal@44.1C AO@43.5C GPU@43.5C PMIC@50C
09-27-2026 20:03:03 RAM 4702/6833MB (lfb 26x4MB) SWAP 1070/3416MB (cached 0MB) CPU [6%@1420,7%@1420,24%@1420,6%@1420,2%@1420,100%@1420] EMC_FREQ 0% GR3D_FREQ 99% AUX@44C CPU@45C thermal@44.15C AO@43.5C GPU@44.5C PMIC@50C
09-27-2026 20:03:04 RAM 4702/6833MB (lfb 26x4MB) SWAP 1070/3416MB (cached 0MB) CPU [5%@1420,6%@1420,9%@1420,7%@1420,1%@1420,100%@1420] EMC_FREQ 0% GR3D_FREQ 0% AUX@44C CPU@45C thermal@44.3C AO@44C GPU@44C PMIC@50C
09-27-2026 20:03:05 RAM 4823/6833MB (lfb 26x4MB) SWAP 1070/3416MB (cached 0MB) CPU [30%@1420,83%@1420,34%@1420,29%@1420,26%@1420,100%@1420] EMC_FREQ 0% GR3D_FREQ 0% AUX@44C CPU@45.5C thermal@44.3C AO@44C GPU@44.5C PMIC@50C
09-27-2026 20:03:06 RAM 4820/6833MB (lfb 26x4MB) SWAP 1070/3416MB (cached 0MB) CPU [18%@1420,91%@1420,19%@1420,20%@1420,21%@1420,100%@1420] EMC_FREQ 0% GR3D_FREQ 0% AUX@44C CPU@45.5C thermal@44.6C AO@44C GPU@44.5C PMIC@50C
09-27-2026 20:03:07 RAM 4701/6833MB (lfb 26x4MB) SWAP 1070/3416MB (cached 0MB) CPU [12%@1420,4%@1420,12%@1420,7%@1420,2%@1420,100%@1420] EMC_FREQ 0% GR3D_FREQ 0% AUX@44.5C CPU@45.5C thermal@44.6C AO@44C GPU@44.5C PMIC@50C
09-27-2026 20:03:08 RAM 4701/6833MB (lfb 26x4MB) SWAP 1070/3416MB (cached 0MB) CPU [5%@1420,5%@1420,10%@1420,8%@1420,2%@1420,100%@1420] EMC_FREQ 0% GR3D_FREQ 0% AUX@44.5C CPU@45.5C thermal@44.45C AO@44C GPU@44C PMIC@50C
09-27-2026 20:03:09 RAM 4702/6833MB (lfb 24x4MB) SWAP 1070/3416MB (cached 0MB) CPU [8%@1420,8%@1420,14%@1420,16%@1420,7%@1420,100%@1420] EMC_FREQ 0% GR3D_FREQ 0% AUX@44.5C CPU@45.5C thermal@44.95C AO@44.5C GPU@44.5C PMIC@50C
09-27-2026 20:03:10 RAM 4702/6833MB (lfb 24x4MB) SWAP 1070/3416MB (cached 0MB) CPU [10%@1420,9%@1420,4%@1420,3%@1420,1%@1420,100%@1420] EMC_FREQ 0% GR3D_FREQ 0% AUX@44.5C CPU@46C thermal@44.95C AO@44.5C GPU@44.5C PMIC@50C
09-27-2026 20:03:11 RAM 4704/6833MB (lfb 24x4MB) SWAP 1070/3416MB (cached 0MB) CPU [14%@1420,14%@1420,18%@1420,25%@1420,8%@1420,100%@1420] EMC_FREQ 0% GR3D_FREQ 0% AUX@45C CPU@46C thermal@44.8C AO@44.5C GPU@44.5C PMIC@50C
09-27-2026 20:03:12 RAM 4702/6833MB (lfb 24x4MB) SWAP 1070/3416MB (cached 0MB) CPU [26%@1420,21%@1420,22%@1420,20%@1420,15%@1420,100%@1420] EMC_FREQ 0% GR3D_FREQ 0% AUX@45C CPU@46C thermal@45.1C AO@44.5C GPU@45C PMIC@50C
09-27-2026 20:03:13 RAM 4702/6833MB (lfb 24x4MB) SWAP 1070/3416MB (cached 0MB) CPU [6%@1420,3%@1420,4%@1420,9%@1420,2%@1420,100%@1420] EMC_FREQ 0% GR3D_FREQ 0% AUX@45C CPU@46C thermal@45.3C AO@44.5C GPU@45C PMIC@50C
09-27-2026 20:03:14 RAM 4702/6833MB (lfb 26x4MB) SWAP 1070/3416MB (cached 0MB) CPU [8%@1420,10%@1420,8%@1420,13%@1420,12%@1420,100%@1420] EMC_FREQ 0% GR3D_FREQ 0% AUX@45C CPU@46C thermal@45.45C AO@45C GPU@45.5C PMIC@50C
09-27-2026 20:03:15 RAM 4765/6833MB (lfb 26x4MB) SWAP 1070/3416MB (cached 0MB) CPU [65%@1420,76%@1420,66%@1420,75%@1420,65%@1420,97%@1420] EMC_FREQ 0% GR3D_FREQ 0% AUX@45C CPU@47C thermal@45.45C AO@45C GPU@45C PMIC@50C
09-27-2026 20:03:16 RAM 4824/6833MB (lfb 26x4MB) SWAP 1070/3416MB (cached 0MB) CPU [69%@1420,78%@1420,78%@1420,71%@1420,61%@1420,100%@1420] EMC_FREQ 0% GR3D_FREQ 0% AUX@45.5C CPU@47C thermal@45.95C AO@45C GPU@45.5C PMIC@50C
09-27-2026 20:03:17 RAM 4840/6833MB (lfb 26x4MB) SWAP 1070/3416MB (cached 0MB) CPU [26%@1420,37%@1420,64%@1420,15%@1420,21%@1420,100%@1420] EMC_FREQ 0% GR3D_FREQ 0% AUX@45.5C CPU@47C thermal@45.95C AO@45.5C GPU@45.5C PMIC@50C
09-27-2026 20:03:18 RAM 4714/6833MB (lfb 26x4MB) SWAP 1070/3416MB (cached 0MB) CPU [11%@1420,14%@1420,24%@1420,13%@1420,13%@1420,100%@1420] EMC_FREQ 0% GR3D_FREQ 0% AUX@45.5C CPU@47C thermal@45.95C AO@45.5C GPU@45C PMIC@50C
09-27-2026 20:03:19 RAM 4711/6833MB (lfb 24x4MB) SWAP 1070/3416MB (cached 0MB) CPU [13%@1420,5%@1420,6%@1420,9%@1420,14%@1420,100%@1420] EMC_FREQ 0% GR3D_FREQ 99% AUX@45.5C CPU@47C thermal@45.8C AO@45.5C GPU@45.5C PMIC@50C
09-27-2026 20:03:20 RAM 4711/6833MB (lfb 24x4MB) SWAP 1070/3416MB (cached 0MB) CPU [6%@1420,5%@1420,19%@1420,4%@1420,10%@1420,100%@1420] EMC_FREQ 0% GR3D_FREQ 0% AUX@45.5C CPU@47C thermal@45.95C AO@45.5C GPU@46C PMIC@50C
09-27-2026 20:03:21 RAM 4711/6833MB (lfb 24x4MB) SWAP 1070/3416MB (cached 0MB) CPU [7%@1420,6%@1420,16%@1420,4%@1420,10%@1420,100%@1420] EMC_FREQ 0% GR3D_FREQ 0% AUX@45.5C CPU@47C thermal@46.1C AO@45.5C GPU@46C PMIC@50C
09-27-2026 20:03:22 RAM 4711/6833MB (lfb 24x4MB) SWAP 1070/3416MB (cached 0MB) CPU [6%@1420,4%@1420,3%@1420,3%@1420,9%@1420,100%@1420] EMC_FREQ 0% GR3D_FREQ 0% AUX@46C CPU@47.5C thermal@46.3C AO@46C GPU@46C PMIC@50C
09-27-2026 20:03:23 RAM 4711/6833MB (lfb 24x4MB) SWAP 1070/3416MB (cached 0MB) CPU [7%@1420,7%@1420,3%@1420,3%@1420,10%@1420,100%@1420] EMC_FREQ 0% GR3D_FREQ 0% AUX@46C CPU@47.5C thermal@46.3C AO@45.5C GPU@45.5C PMIC@50C
09-27-2026 20:03:24 RAM 4712/6833MB (lfb 24x4MB) SWAP 1070/3416MB (cached 0MB) CPU [7%@1420,6%@1420,3%@1420,3%@1420,8%@1420,100%@1420] EMC_FREQ 0% GR3D_FREQ 0% AUX@45.5C CPU@47.5C thermal@46.3C AO@46C GPU@45.5C PMIC@50C
09-27-2026 20:03:25 RAM 4713/6833MB (lfb 27x4MB) SWAP 1070/3416MB (cached 0MB) CPU [13%@1420,11%@1420,20%@1420,5%@1420,11%@1420,100%@1420] EMC_FREQ 0% GR3D_FREQ 0% AUX@45.5C CPU@47C thermal@46.3C AO@46C GPU@46C PMIC@50C
09-27-2026 20:03:26 RAM 4833/6833MB (lfb 27x4MB) SWAP 1070/3416MB (cached 0MB) CPU [49%@1420,53%@1420,52%@1420,37%@1420,31%@1420,100%@1420] EMC_FREQ 0% GR3D_FREQ 0% AUX@46C CPU@47.5C thermal@46.45C AO@46C GPU@46C PMIC@50C
09-27-2026 20:03:27 RAM 4715/6833MB (lfb 27x4MB) SWAP 1070/3416MB (cached 0MB) CPU [25%@1420,56%@1420,44%@1420,31%@1420,17%@1420,100%@1420] EMC_FREQ 0% GR3D_FREQ 0% AUX@46C CPU@47.5C thermal@46.45C AO@46C GPU@46C PMIC@50C
09-27-2026 20:03:28 RAM 4712/6833MB (lfb 27x4MB) SWAP 1070/3416MB (cached 0MB) CPU [8%@1420,9%@1420,5%@1420,3%@1420,2%@1420,100%@1420] EMC_FREQ 0% GR3D_FREQ 0% AUX@45.5C CPU@47C thermal@46.3C AO@45.5C GPU@45.5C PMIC@50C
09-27-2026 20:03:29 RAM 4712/6833MB (lfb 27x4MB) SWAP 1070/3416MB (cached 0MB) CPU [10%@1420,10%@1420,5%@1420,1%@1420,3%@1420,100%@1420] EMC_FREQ 0% GR3D_FREQ 0% AUX@45.5C CPU@47C thermal@45.95C AO@45.5C GPU@45.5C PMIC@50C
09-27-2026 20:03:30 RAM 4710/6833MB (lfb 24x4MB) SWAP 1070/3416MB (cached 0MB) CPU [13%@1420,6%@1420,21%@1420,10%@1420,3%@1420,100%@1420] EMC_FREQ 0% GR3D_FREQ 0% AUX@45.5C CPU@47C thermal@46.1C AO@45.5C GPU@46C PMIC@50C
09-27-2026 20:03:31 RAM 4710/6833MB (lfb 24x4MB) SWAP 1070/3416MB (cached 0MB) CPU [12%@1420,18%@1420,4%@1420,4%@1420,2%@1420,100%@1420] EMC_FREQ 0% GR3D_FREQ 0% AUX@45.5C CPU@47C thermal@46.1C AO@45.5C GPU@45.5C PMIC@50C
09-27-2026 20:03:32 RAM 4710/6833MB (lfb 24x4MB) SWAP 1070/3416MB (cached 0MB) CPU [7%@1420,8%@1420,6%@1420,6%@1420,1%@1420,100%@1420] EMC_FREQ 0% GR3D_FREQ 0% AUX@45.5C CPU@47C thermal@45.95C AO@45.5C GPU@45.5C PMIC@50C
09-27-2026 20:03:33 RAM 4710/6833MB (lfb 24x4MB) SWAP 1070/3416MB (cached 0MB) CPU [11%@1420,7%@1420,4%@1420,5%@1420,2%@1420,100%@1420] EMC_FREQ 0% GR3D_FREQ 0% AUX@45.5C CPU@46.5C thermal@45.8C AO@45.5C GPU@45.5C PMIC@50C
09-27-2026 20:03:34 RAM 4710/6833MB (lfb 24x4MB) SWAP 1070/3416MB (cached 0MB) CPU [9%@1420,9%@1420,5%@1420,5%@1420,0%@1420,100%@1420] EMC_FREQ 0% GR3D_FREQ 0% AUX@45.5C CPU@47C thermal@45.8C AO@45.5C GPU@45.5C PMIC@50C
09-27-2026 20:03:35 RAM 4715/6833MB (lfb 27x4MB) SWAP 1070/3416MB (cached 0MB) CPU [17%@1420,12%@1420,19%@1420,27%@1420,8%@1420,100%@1420] EMC_FREQ 0% GR3D_FREQ 99% AUX@45.5C CPU@47C thermal@45.8C AO@45.5C GPU@47C PMIC@50C
09-27-2026 20:03:36 RAM 4825/6833MB (lfb 27x4MB) SWAP 1070/3416MB (cached 0MB) CPU [55%@1420,54%@1420,62%@1420,91%@1420,59%@1420,100%@1420] EMC_FREQ 0% GR3D_FREQ 0% AUX@45C CPU@47C thermal@46.1C AO@45.5C GPU@45.5C PMIC@50C
09-27-2026 20:03:37 RAM 4827/6833MB (lfb 27x4MB) SWAP 1070/3416MB (cached 0MB) CPU [14%@1420,22%@1420,7%@1420,98%@1420,12%@1420,100%@1420] EMC_FREQ 0% GR3D_FREQ 0% AUX@45.5C CPU@47C thermal@45.95C AO@45.5C GPU@45.5C PMIC@50C
09-27-2026 20:03:38 RAM 4701/6833MB (lfb 27x4MB) SWAP 1070/3416MB (cached 0MB) CPU [27%@1420,15%@1420,5%@1420,11%@1420,14%@1420,100%@1420] EMC_FREQ 0% GR3D_FREQ 0% AUX@45.5C CPU@46.5C thermal@45.95C AO@45C GPU@45.5C PMIC@50C
09-27-2026 20:03:39 RAM 4701/6833MB (lfb 27x4MB) SWAP 1070/3416MB (cached 0MB) CPU [6%@1420,6%@1420,3%@1420,3%@1420,10%@1420,100%@1420] EMC_FREQ 0% GR3D_FREQ 0% AUX@45.5C CPU@46.5C thermal@45.8C AO@45C GPU@45C PMIC@50C
09-27-2026 20:03:40 RAM 4702/6833MB (lfb 24x4MB) SWAP 1070/3416MB (cached 0MB) CPU [5%@1420,8%@1420,11%@1420,9%@1420,12%@1420,100%@1420] EMC_FREQ 0% GR3D_FREQ 0% AUX@45.5C CPU@46.5C thermal@45.8C AO@45C GPU@45C PMIC@50C
09-27-2026 20:03:41 RAM 4702/6833MB (lfb 24x4MB) SWAP 1070/3416MB (cached 0MB) CPU [6%@1420,5%@1420,13%@1420,6%@1420,4%@1420,100%@1420] EMC_FREQ 0% GR3D_FREQ 0% AUX@45C CPU@46.5C thermal@45.8C AO@45C GPU@45.5C PMIC@50C
09-27-2026 20:03:42 RAM 4703/6833MB (lfb 24x4MB) SWAP 1070/3416MB (cached 0MB) CPU [18%@1420,7%@1420,10%@1420,9%@1420,2%@1420,100%@1420] EMC_FREQ 0% GR3D_FREQ 0% AUX@45C CPU@46.5C thermal@45.6C AO@45C GPU@45C PMIC@50C
09-27-2026 20:03:43 RAM 4702/6833MB (lfb 24x4MB) SWAP 1070/3416MB (cached 0MB) CPU [6%@1420,6%@1420,11%@1420,4%@1420,2%@1420,100%@1420] EMC_FREQ 0% GR3D_FREQ 0% AUX@45.5C CPU@46.5C thermal@45.45C AO@45C GPU@45C PMIC@50C
09-27-2026 20:03:44 RAM 4702/6833MB (lfb 24x4MB) SWAP 1070/3416MB (cached 0MB) CPU [6%@1420,8%@1420,5%@1420,5%@1420,2%@1420,100%@1420] EMC_FREQ 0% GR3D_FREQ 0% AUX@45C CPU@46.5C thermal@45.45C AO@45C GPU@45C PMIC@50C
09-27-2026 20:03:45 RAM 4702/6833MB (lfb 24x4MB) SWAP 1070/3416MB (cached 0MB) CPU [5%@1420,19%@1420,9%@1420,6%@1420,3%@1420,100%@1420] EMC_FREQ 0% GR3D_FREQ 0% AUX@45C CPU@46.5C thermal@45.45C AO@45C GPU@45C PMIC@50C
09-27-2026 20:03:46 RAM 4833/6833MB (lfb 27x4MB) SWAP 1070/3416MB (cached 0MB) CPU [37%@1420,63%@1420,51%@1420,46%@1420,36%@1420,100%@1420] EMC_FREQ 0% GR3D_FREQ 0% AUX@45C CPU@47C thermal@45.45C AO@45C GPU@45C PMIC@50C
09-27-2026 20:03:47 RAM 4718/6833MB (lfb 27x4MB) SWAP 1070/3416MB (cached 0MB) CPU [51%@1420,49%@1420,45%@1420,32%@1420,13%@1420,100%@1420] EMC_FREQ 0% GR3D_FREQ 0% AUX@45.5C CPU@47C thermal@45.75C AO@45C GPU@45C PMIC@50C
09-27-2026 20:03:48 RAM 4717/6833MB (lfb 27x4MB) SWAP 1070/3416MB (cached 0MB) CPU [5%@1420,8%@1420,10%@1420,6%@1420,1%@1420,100%@1420] EMC_FREQ 0% GR3D_FREQ 0% AUX@45C CPU@46.5C thermal@45.45C AO@45C GPU@45C PMIC@50C
09-27-2026 20:03:49 RAM 4717/6833MB (lfb 27x4MB) SWAP 1070/3416MB (cached 0MB) CPU [7%@1420,4%@1420,10%@1420,3%@1420,1%@1420,100%@1420] EMC_FREQ 0% GR3D_FREQ 0% AUX@45C CPU@46C thermal@45.45C AO@45C GPU@45C PMIC@50C
09-27-2026 20:03:50 RAM 4717/6833MB (lfb 27x4MB) SWAP 1070/3416MB (cached 0MB) CPU [8%@1420,14%@1420,11%@1420,3%@1420,3%@1420,100%@1420] EMC_FREQ 0% GR3D_FREQ 0% AUX@45C CPU@46C thermal@45.3C AO@44.5C GPU@45C PMIC@50C
09-27-2026 20:03:51 RAM 4716/6833MB (lfb 24x4MB) SWAP 1070/3416MB (cached 0MB) CPU [4%@1420,11%@1420,26%@1420,9%@1420,3%@1420,100%@1420] EMC_FREQ 0% GR3D_FREQ 0% AUX@45C CPU@46.5C thermal@45.15C AO@45C GPU@45.5C PMIC@50C
09-27-2026 20:03:52 RAM 4716/6833MB (lfb 24x4MB) SWAP 1070/3416MB (cached 0MB) CPU [18%@1420,5%@1420,6%@1420,8%@1420,3%@1420,100%@1420] EMC_FREQ 0% GR3D_FREQ 0% AUX@45C CPU@46C thermal@45.3C AO@45C GPU@45C PMIC@50C
09-27-2026 20:03:53 RAM 4715/6833MB (lfb 24x4MB) SWAP 1070/3416MB (cached 0MB) CPU [7%@1420,6%@1420,3%@1420,9%@1420,5%@1420,100%@1420] EMC_FREQ 0% GR3D_FREQ 0% AUX@45C CPU@46C thermal@45.3C AO@44.5C GPU@45C PMIC@50C
09-27-2026 20:03:54 RAM 4715/6833MB (lfb 24x4MB) SWAP 1070/3416MB (cached 0MB) CPU [5%@1420,4%@1420,11%@1420,2%@1420,4%@1420,100%@1420] EMC_FREQ 0% GR3D_FREQ 0% AUX@45C CPU@46C thermal@45.3C AO@45C GPU@45C PMIC@50C
09-27-2026 20:03:55 RAM 4716/6833MB (lfb 24x4MB) SWAP 1070/3416MB (cached 0MB) CPU [8%@1420,6%@1420,5%@1420,11%@1420,2%@1420,100%@1420] EMC_FREQ 0% GR3D_FREQ 0% AUX@45C CPU@46C thermal@45.3C AO@45C GPU@45C PMIC@50C
09-27-2026 20:03:56 RAM 4773/6833MB (lfb 27x4MB) SWAP 1070/3416MB (cached 0MB) CPU [90%@1420,87%@1420,83%@1420,88%@1420,74%@1420,100%@1420] EMC_FREQ 0% GR3D_FREQ 0% AUX@45C CPU@46.5C thermal@45.1C AO@44.5C GPU@44.5C PMIC@50C
09-27-2026 20:03:57 RAM 4832/6833MB (lfb 27x4MB) SWAP 1070/3416MB (cached 0MB) CPU [98%@1420,73%@1420,85%@1420,91%@1420,74%@1420,100%@1420] EMC_FREQ 0% GR3D_FREQ 0% AUX@45C CPU@46.5C thermal@45.9C AO@45C GPU@44.5C PMIC@50C
09-27-2026 20:03:58 RAM 4843/6833MB (lfb 27x4MB) SWAP 1070/3416MB (cached 0MB) CPU [35%@1420,22%@1420,37%@1420,48%@1420,15%@1420,100%@1420] EMC_FREQ 0% GR3D_FREQ 0% AUX@45C CPU@46C thermal@45.45C AO@45C GPU@44.5C PMIC@50C
09-27-2026 20:03:59 RAM 4716/6833MB (lfb 27x4MB) SWAP 1070/3416MB (cached 0MB) CPU [17%@1420,21%@1420,18%@1420,25%@1420,15%@1420,100%@1420] EMC_FREQ 0% GR3D_FREQ 0% AUX@45C CPU@46C thermal@45.3C AO@45C GPU@45C PMIC@50C
09-27-2026 20:04:00 RAM 4716/6833MB (lfb 27x4MB) SWAP 1070/3416MB (cached 0MB) CPU [6%@1420,5%@1420,4%@1420,9%@1420,3%@1420,100%@1420] EMC_FREQ 0% GR3D_FREQ 0% AUX@45C CPU@46C thermal@45.15C AO@44.5C GPU@44.5C PMIC@50C
09-27-2026 20:04:01 RAM 4716/6833MB (lfb 27x4MB) SWAP 1070/3416MB (cached 0MB) CPU [7%@1420,3%@1420,5%@1420,7%@1420,5%@1420,100%@1420] EMC_FREQ 0% GR3D_FREQ 0% AUX@44.5C CPU@45.5C thermal@44.8C AO@44.5C GPU@44.5C PMIC@50C
09-27-2026 20:04:02 RAM 4716/6833MB (lfb 24x4MB) SWAP 1070/3416MB (cached 0MB) CPU [27%@1420,24%@1420,38%@1420,30%@1420,12%@1420,100%@1420] EMC_FREQ 0% GR3D_FREQ 0% AUX@44.5C CPU@46.5C thermal@45.3C AO@44.5C GPU@44.5C PMIC@50C
09-27-2026 20:04:03 RAM 4715/6833MB (lfb 24x4MB) SWAP 1070/3416MB (cached 0MB) CPU [17%@1420,12%@1420,12%@1420,19%@1420,4%@1420,100%@1420] EMC_FREQ 0% GR3D_FREQ 0% AUX@44.5C CPU@46C thermal@44.95C AO@44.5C GPU@44.5C PMIC@50C
09-27-2026 20:04:04 RAM 4715/6833MB (lfb 24x4MB) SWAP 1070/3416MB (cached 0MB) CPU [10%@1420,7%@1420,5%@1420,5%@1420,2%@1420,100%@1420] EMC_FREQ 0% GR3D_FREQ 0% AUX@45C CPU@46C thermal@44.95C AO@44.5C GPU@44.5C PMIC@50C
09-27-2026 20:04:05 RAM 4714/6833MB (lfb 24x4MB) SWAP 1070/3416MB (cached 0MB) CPU [6%@1420,6%@1420,5%@1420,9%@1420,1%@1420,100%@1420] EMC_FREQ 0% GR3D_FREQ 0% AUX@45C CPU@45.5C thermal@45.15C AO@44.5C GPU@44.5C PMIC@50C
09-27-2026 20:04:06 RAM 4714/6833MB (lfb 24x4MB) SWAP 1070/3416MB (cached 0MB) CPU [6%@1420,6%@1420,4%@1420,10%@1420,2%@1420,100%@1420] EMC_FREQ 0% GR3D_FREQ 0% AUX@44.5C CPU@45.5C thermal@45.15C AO@44.5C GPU@44.5C PMIC@50C
09-27-2026 20:04:07 RAM 4835/6833MB (lfb 27x4MB) SWAP 1070/3416MB (cached 0MB) CPU [40%@1420,59%@1420,41%@1420,66%@1420,33%@1420,100%@1420] EMC_FREQ 0% GR3D_FREQ 0% AUX@44.5C CPU@46C thermal@44.95C AO@44.5C GPU@44.5C PMIC@50C
09-27-2026 20:04:08 RAM 4717/6833MB (lfb 27x4MB) SWAP 1070/3416MB (cached 0MB) CPU [31%@1420,30%@1420,59%@1420,35%@1420,17%@1420,100%@1420] EMC_FREQ 0% GR3D_FREQ 0% AUX@44.5C CPU@46C thermal@45.1C AO@44.5C GPU@44.5C PMIC@50C
09-27-2026 20:04:09 RAM 4717/6833MB (lfb 27x4MB) SWAP 1070/3416MB (cached 0MB) CPU [5%@1420,5%@1420,6%@1420,6%@1420,3%@1420,100%@1420] EMC_FREQ 0% GR3D_FREQ 0% AUX@44.5C CPU@46C thermal@44.8C AO@44.5C GPU@44.5C PMIC@50C
09-27-2026 20:04:10 RAM 4717/6833MB (lfb 27x4MB) SWAP 1070/3416MB (cached 0MB) CPU [5%@1420,5%@1420,6%@1420,11%@1420,1%@1420,100%@1420] EMC_FREQ 0% GR3D_FREQ 0% AUX@45C CPU@46C thermal@44.8C AO@44.5C GPU@44.5C PMIC@50C
09-27-2026 20:04:11 RAM 4716/6833MB (lfb 27x4MB) SWAP 1070/3416MB (cached 0MB) CPU [4%@1420,7%@1420,7%@1420,8%@1420,2%@1420,100%@1420] EMC_FREQ 0% GR3D_FREQ 0% AUX@45C CPU@46C thermal@45C AO@44.5C GPU@45C PMIC@50C
09-27-2026 20:04:12 RAM 4714/6833MB (lfb 24x4MB) SWAP 1070/3416MB (cached 0MB) CPU [7%@1420,15%@1420,8%@1420,27%@1420,6%@1420,100%@1420] EMC_FREQ 0% GR3D_FREQ 0% AUX@45C CPU@46.5C thermal@45.3C AO@45C GPU@45C PMIC@50C
09-27-2026 20:04:13 RAM 4714/6833MB (lfb 24x4MB) SWAP 1070/3416MB (cached 0MB) CPU [3%@1420,7%@1420,9%@1420,2%@1420,4%@1420,100%@1420] EMC_FREQ 0% GR3D_FREQ 0% AUX@45C CPU@46C thermal@45.3C AO@45C GPU@45C PMIC@50C
09-27-2026 20:04:14 RAM 4714/6833MB (lfb 24x4MB) SWAP 1070/3416MB (cached 0MB) CPU [6%@1420,8%@1420,8%@1420,6%@1420,3%@1420,100%@1420] EMC_FREQ 0% GR3D_FREQ 0% AUX@45C CPU@46C thermal@45.45C AO@45C GPU@45C PMIC@50C
09-27-2026 20:04:15 RAM 4714/6833MB (lfb 24x4MB) SWAP 1070/3416MB (cached 0MB) CPU [8%@1420,6%@1420,4%@1420,8%@1420,3%@1420,100%@1420] EMC_FREQ 0% GR3D_FREQ 0% AUX@45C CPU@46.5C thermal@45.45C AO@45C GPU@45C PMIC@50C
09-27-2026 20:04:16 RAM 4717/6833MB (lfb 24x4MB) SWAP 1070/3416MB (cached 0MB) CPU [12%@1420,11%@1420,16%@1420,15%@1420,7%@1420,100%@1420] EMC_FREQ 0% GR3D_FREQ 0% AUX@45C CPU@47C thermal@45.45C AO@45.5C GPU@45C PMIC@50C
09-27-2026 20:04:17 RAM 4790/6833MB (lfb 27x4MB) SWAP 1070/3416MB (cached 0MB) CPU [77%@1420,83%@1420,77%@1420,99%@1420,73%@1420,100%@1420] EMC_FREQ 0% GR3D_FREQ 0% AUX@45.5C CPU@47C thermal@45.6C AO@45.5C GPU@45C PMIC@50C
09-27-2026 20:04:18 RAM 4827/6833MB (lfb 27x4MB) SWAP 1070/3416MB (cached 0MB) CPU [93%@1420,55%@1420,56%@1420,50%@1420,42%@1420,100%@1420] EMC_FREQ 0% GR3D_FREQ 0% AUX@45.5C CPU@47.5C thermal@46.25C AO@45.5C GPU@45.5C PMIC@50C
09-27-2026 20:04:19 RAM 4829/6833MB (lfb 27x4MB) SWAP 1070/3416MB (cached 0MB) CPU [100%@1420,9%@1420,4%@1420,8%@1420,4%@1420,100%@1420] EMC_FREQ 0% GR3D_FREQ 0% AUX@45.5C CPU@47C thermal@45.95C AO@45.5C GPU@46C PMIC@50C
09-27-2026 20:04:20 RAM 4704/6833MB (lfb 27x4MB) SWAP 1070/3416MB (cached 0MB) CPU [49%@1420,32%@1420,16%@1420,16%@1420,13%@1420,100%@1420] EMC_FREQ 0% GR3D_FREQ 0% AUX@46C CPU@47C thermal@46.45C AO@45.5C GPU@46C PMIC@50C
09-27-2026 20:04:21 RAM 4704/6833MB (lfb 27x4MB) SWAP 1070/3416MB (cached 0MB) CPU [6%@1420,4%@1420,4%@1420,3%@1420,9%@1420,100%@1420] EMC_FREQ 0% GR3D_FREQ 0% AUX@45.5C CPU@47C thermal@46.25C AO@45.5C GPU@46C PMIC@50C
09-27-2026 20:04:22 RAM 4704/6833MB (lfb 27x4MB) SWAP 1070/3416MB (cached 0MB) CPU [7%@1420,7%@1420,1%@1420,3%@1420,8%@1420,100%@1420] EMC_FREQ 0% GR3D_FREQ 0% AUX@45.5C CPU@47C thermal@46.1C AO@45.5C GPU@45.5C PMIC@50C
09-27-2026 20:04:23 RAM 4704/6833MB (lfb 24x4MB) SWAP 1070/3416MB (cached 0MB) CPU [9%@1420,17%@1420,20%@1420,12%@1420,4%@1420,100%@1420] EMC_FREQ 0% GR3D_FREQ 0% AUX@45.5C CPU@47C thermal@46.1C AO@45.5C GPU@45.5C PMIC@50C
09-27-2026 20:04:24 RAM 4700/6833MB (lfb 24x4MB) SWAP 1070/3416MB (cached 0MB) CPU [9%@1420,7%@1420,6%@1420,5%@1420,2%@1420,100%@1420] EMC_FREQ 0% GR3D_FREQ 0% AUX@45.5C CPU@46.5C thermal@45.8C AO@45.5C GPU@45.5C PMIC@50C
09-27-2026 20:04:25 RAM 4700/6833MB (lfb 24x4MB) SWAP 1070/3416MB (cached 0MB) CPU [11%@1420,7%@1420,5%@1420,3%@1420,1%@1420,100%@1420] EMC_FREQ 0% GR3D_FREQ 0% AUX@45.5C CPU@46.5C thermal@45.8C AO@45.5C GPU@45.5C PMIC@50C
09-27-2026 20:04:26 RAM 4700/6833MB (lfb 24x4MB) SWAP 1070/3416MB (cached 0MB) CPU [11%@1420,20%@1420,5%@1420,5%@1420,3%@1420,100%@1420] EMC_FREQ 0% GR3D_FREQ 0% AUX@45.5C CPU@46.5C thermal@45.8C AO@45.5C GPU@45.5C PMIC@50C
09-27-2026 20:04:27 RAM 4700/6833MB (lfb 24x4MB) SWAP 1070/3416MB (cached 0MB) CPU [7%@1420,3%@1420,7%@1420,6%@1420,3%@1420,100%@1420] EMC_FREQ 0% GR3D_FREQ 0% AUX@45.5C CPU@46.5C thermal@45.8C AO@45.5C GPU@45.5C PMIC@50C
09-27-2026 20:04:28 RAM 4816/6833MB (lfb 27x4MB) SWAP 1070/3416MB (cached 0MB) CPU [35%@1420,39%@1420,43%@1420,38%@1420,30%@1420,100%@1420] EMC_FREQ 0% GR3D_FREQ 0% AUX@45.5C CPU@47.5C thermal@45.8C AO@46C GPU@46C PMIC@50C
09-27-2026 20:04:29 RAM 4827/6833MB (lfb 27x4MB) SWAP 1070/3416MB (cached 0MB) CPU [26%@1420,21%@1420,64%@1420,34%@1420,7%@1420,100%@1420] EMC_FREQ 0% GR3D_FREQ 0% AUX@45.5C CPU@47C thermal@45.95C AO@45.5C GPU@45.5C PMIC@50C
09-27-2026 20:04:30 RAM 4712/6833MB (lfb 27x4MB) SWAP 1070/3416MB (cached 0MB) CPU [15%@1420,27%@1420,25%@1420,19%@1420,14%@1420,100%@1420] EMC_FREQ 0% GR3D_FREQ 0% AUX@45.5C CPU@47C thermal@45.95C AO@45.5C GPU@45.5C PMIC@50C
09-27-2026 20:04:31 RAM 4712/6833MB (lfb 27x4MB) SWAP 1070/3416MB (cached 0MB) CPU [8%@1420,7%@1420,9%@1420,8%@1420,1%@1420,100%@1420] EMC_FREQ 0% GR3D_FREQ 0% AUX@45.5C CPU@47C thermal@45.8C AO@45.5C GPU@45.5C PMIC@50C
09-27-2026 20:04:32 RAM 4712/6833MB (lfb 27x4MB) SWAP 1070/3416MB (cached 0MB) CPU [7%@1420,15%@1420,7%@1420,7%@1420,3%@1420,100%@1420] EMC_FREQ 0% GR3D_FREQ 0% AUX@45.5C CPU@46.5C thermal@45.8C AO@45.5C GPU@45.5C PMIC@50C
09-27-2026 20:04:33 RAM 4709/6833MB (lfb 24x4MB) SWAP 1070/3416MB (cached 0MB) CPU [7%@1420,9%@1420,21%@1420,10%@1420,2%@1420,100%@1420] EMC_FREQ 0% GR3D_FREQ 99% AUX@45.5C CPU@46.5C thermal@45.65C AO@45C GPU@45.5C PMIC@50C
09-27-2026 20:04:34 RAM 4709/6833MB (lfb 24x4MB) SWAP 1070/3416MB (cached 0MB) CPU [16%@1420,8%@1420,10%@1420,5%@1420,3%@1420,100%@1420] EMC_FREQ 0% GR3D_FREQ 0% AUX@45.5C CPU@46.5C thermal@45.8C AO@45.5C GPU@45.5C PMIC@50C
09-27-2026 20:04:35 RAM 4709/6833MB (lfb 24x4MB) SWAP 1070/3416MB (cached 0MB) CPU [6%@1420,4%@1420,8%@1420,7%@1420,2%@1420,100%@1420] EMC_FREQ 0% GR3D_FREQ 0% AUX@45.5C CPU@46C thermal@45.8C AO@45C GPU@45C PMIC@50C
09-27-2026 20:04:36 RAM 4709/6833MB (lfb 24x4MB) SWAP 1070/3416MB (cached 0MB) CPU [5%@1420,4%@1420,9%@1420,6%@1420,4%@1420,100%@1420] EMC_FREQ 0% GR3D_FREQ 0% AUX@45C CPU@46.5C thermal@45.45C AO@45C GPU@45.5C PMIC@50C
09-27-2026 20:04:37 RAM 4709/6833MB (lfb 24x4MB) SWAP 1070/3416MB (cached 0MB) CPU [10%@1420,8%@1420,15%@1420,4%@1420,2%@1420,100%@1420] EMC_FREQ 0% GR3D_FREQ 0% AUX@45C CPU@46.5C thermal@45.3C AO@45C GPU@45.5C PMIC@50C
09-27-2026 20:04:38 RAM 4823/6833MB (lfb 24x4MB) SWAP 1070/3416MB (cached 0MB) CPU [35%@1420,70%@1420,23%@1420,28%@1420,24%@1420,100%@1420] EMC_FREQ 0% GR3D_FREQ 0% AUX@45C CPU@46.5C thermal@45.3C AO@45C GPU@45C PMIC@50C
09-27-2026 20:04:39 RAM 4824/6833MB (lfb 27x4MB) SWAP 1070/3416MB (cached 0MB) CPU [17%@1420,100%@1420,16%@1420,27%@1420,5%@1420,100%@1420] EMC_FREQ 0% GR3D_FREQ 0% AUX@45C CPU@46.5C thermal@45.75C AO@45C GPU@45C PMIC@50C
09-27-2026 20:04:40 RAM 4701/6833MB (lfb 27x4MB) SWAP 1070/3416MB (cached 0MB) CPU [28%@1420,27%@1420,21%@1420,16%@1420,9%@1420,100%@1420] EMC_FREQ 0% GR3D_FREQ 0% AUX@45C CPU@46.5C thermal@45.6C AO@45C GPU@45C PMIC@50C
09-27-2026 20:04:41 RAM 4701/6833MB (lfb 27x4MB) SWAP 1070/3416MB (cached 0MB) CPU [6%@1420,6%@1420,8%@1420,5%@1420,5%@1420,100%@1420] EMC_FREQ 0% GR3D_FREQ 0% AUX@45C CPU@46C thermal@45.45C AO@45C GPU@45C PMIC@50C
09-27-2026 20:04:42 RAM 4701/6833MB (lfb 27x4MB) SWAP 1070/3416MB (cached 0MB) CPU [17%@1420,6%@1420,8%@1420,5%@1420,3%@1420,100%@1420] EMC_FREQ 0% GR3D_FREQ 0% AUX@45C CPU@46C thermal@45.5C AO@45C GPU@45C PMIC@50C
09-27-2026 20:04:43 RAM 4701/6833MB (lfb 27x4MB) SWAP 1070/3416MB (cached 0MB) CPU [6%@1420,7%@1420,10%@1420,4%@1420,3%@1420,100%@1420] EMC_FREQ 0% GR3D_FREQ 0% AUX@45C CPU@46.5C thermal@45.45C AO@45C GPU@45C PMIC@50C
09-27-2026 20:04:44 RAM 4699/6833MB (lfb 23x4MB) SWAP 1070/3416MB (cached 0MB) CPU [13%@1420,19%@1420,19%@1420,8%@1420,7%@1420,100%@1420] EMC_FREQ 0% GR3D_FREQ 0% AUX@45C CPU@46.5C thermal@45.6C AO@45C GPU@45.5C PMIC@50C
09-27-2026 20:04:45 RAM 4699/6833MB (lfb 23x4MB) SWAP 1070/3416MB (cached 0MB) CPU [7%@1420,5%@1420,9%@1420,6%@1420,4%@1420,100%@1420] EMC_FREQ 0% GR3D_FREQ 0% AUX@45C CPU@46C thermal@45.6C AO@44.5C GPU@45C PMIC@50C
09-27-2026 20:04:46 RAM 4699/6833MB (lfb 23x4MB) SWAP 1070/3416MB (cached 0MB) CPU [6%@1420,6%@1420,9%@1420,4%@1420,4%@1420,100%@1420] EMC_FREQ 0% GR3D_FREQ 0% AUX@45C CPU@46C thermal@45.3C AO@44.5C GPU@45C PMIC@50C
09-27-2026 20:04:47 RAM 4699/6833MB (lfb 23x4MB) SWAP 1070/3416MB (cached 0MB) CPU [5%@1420,6%@1420,6%@1420,16%@1420,7%@1420,100%@1420] EMC_FREQ 0% GR3D_FREQ 0% AUX@45C CPU@46C thermal@45.3C AO@45C GPU@45C PMIC@50C
09-27-2026 20:04:48 RAM 4825/6833MB (lfb 23x4MB) SWAP 1070/3416MB (cached 0MB) CPU [51%@1420,32%@1420,41%@1420,32%@1420,30%@1420,100%@1420] EMC_FREQ 0% GR3D_FREQ 0% AUX@45C CPU@46.5C thermal@45.3C AO@44.5C GPU@45C PMIC@50C
09-27-2026 20:04:49 RAM 4827/6833MB (lfb 27x4MB) SWAP 1070/3416MB (cached 0MB) CPU [55%@1420,41%@1420,44%@1420,42%@1420,29%@1420,100%@1420] EMC_FREQ 0% GR3D_FREQ 99% AUX@45C CPU@46.5C thermal@45.45C AO@44.5C GPU@45.5C PMIC@50C
09-27-2026 20:04:50 RAM 4710/6833MB (lfb 27x4MB) SWAP 1070/3416MB (cached 0MB) CPU [11%@1420,9%@1420,14%@1420,10%@1420,7%@1420,100%@1420] EMC_FREQ 0% GR3D_FREQ 0% AUX@45C CPU@46C thermal@45.3C AO@44.5C GPU@45C PMIC@50C
09-27-2026 20:04:51 RAM 4710/6833MB (lfb 27x4MB) SWAP 1070/3416MB (cached 0MB) CPU [5%@1420,5%@1420,10%@1420,4%@1420,4%@1420,100%@1420] EMC_FREQ 0% GR3D_FREQ 0% AUX@45C CPU@45.5C thermal@45.3C AO@44.5C GPU@45C PMIC@50C
09-27-2026 20:04:52 RAM 4710/6833MB (lfb 27x4MB) SWAP 1070/3416MB (cached 0MB) CPU [5%@1420,9%@1420,8%@1420,3%@1420,3%@1420,100%@1420] EMC_FREQ 0% GR3D_FREQ 0% AUX@44.5C CPU@46C thermal@44.95C AO@44.5C GPU@44.5C PMIC@50C
09-27-2026 20:04:54 RAM 4713/6833MB (lfb 27x4MB) SWAP 1070/3416MB (cached 0MB) CPU [20%@1420,19%@1420,26%@1420,17%@1420,11%@1420,100%@1420] EMC_FREQ 0% GR3D_FREQ 0% AUX@44.5C CPU@46C thermal@44.95C AO@44.5C GPU@45C PMIC@50C
09-27-2026 20:04:55 RAM 4734/6833MB (lfb 27x4MB) SWAP 1070/3416MB (cached 0MB) CPU [27%@1420,19%@1420,23%@1420,24%@1420,8%@1420,100%@1420] EMC_FREQ 0% GR3D_FREQ 0% AUX@45C CPU@46C thermal@45C AO@44.5C GPU@44.5C PMIC@50C
09-27-2026 20:04:56 RAM 4707/6833MB (lfb 23x4MB) SWAP 1070/3416MB (cached 0MB) CPU [8%@1420,15%@1420,10%@1420,17%@1420,2%@1420,100%@1420] EMC_FREQ 0% GR3D_FREQ 0% AUX@44.5C CPU@46C thermal@45C AO@44.5C GPU@44.5C PMIC@50C
09-27-2026 20:04:57 RAM 4707/6833MB (lfb 23x4MB) SWAP 1070/3416MB (cached 0MB) CPU [9%@1420,6%@1420,4%@1420,8%@1420,1%@1420,100%@1420] EMC_FREQ 0% GR3D_FREQ 0% AUX@44.5C CPU@46C thermal@45.15C AO@44.5C GPU@44.5C PMIC@50C
09-27-2026 20:04:58 RAM 4708/6833MB (lfb 23x4MB) SWAP 1070/3416MB (cached 0MB) CPU [9%@1420,15%@1420,5%@1420,10%@1420,2%@1420,100%@1420] EMC_FREQ 0% GR3D_FREQ 0% AUX@44.5C CPU@45.5C thermal@44.8C AO@44.5C GPU@44.5C PMIC@50C
09-27-2026 20:04:59 RAM 4830/6833MB (lfb 23x4MB) SWAP 1070/3416MB (cached 0MB) CPU [38%@1420,34%@1420,59%@1420,56%@1420,31%@1420,100%@1420] EMC_FREQ 0% GR3D_FREQ 0% AUX@44.5C CPU@46C thermal@44.95C AO@44.5C GPU@44.5C PMIC@50C
09-27-2026 20:05:00 RAM 4711/6833MB (lfb 23x4MB) SWAP 1070/3416MB (cached 0MB) CPU [36%@1420,33%@1420,33%@1420,41%@1420,24%@1420,100%@1420] EMC_FREQ 0% GR3D_FREQ 0% AUX@44.5C CPU@45.5C thermal@44.95C AO@44C GPU@44.5C PMIC@50C
09-27-2026 20:05:01 RAM 4709/6833MB (lfb 27x4MB) SWAP 1070/3416MB (cached 0MB) CPU [14%@1420,7%@1420,14%@1420,11%@1420,5%@1420,100%@1420] EMC_FREQ 0% GR3D_FREQ 0% AUX@44.5C CPU@46C thermal@44.8C AO@44.5C GPU@45C PMIC@50C
09-27-2026 20:05:02 RAM 4709/6833MB (lfb 27x4MB) SWAP 1070/3416MB (cached 0MB) CPU [7%@1420,4%@1420,11%@1420,5%@1420,3%@1420,100%@1420] EMC_FREQ 0% GR3D_FREQ 0% AUX@44.5C CPU@45.5C thermal@44.95C AO@44.5C GPU@44.5C PMIC@50C
09-27-2026 20:05:03 RAM 4709/6833MB (lfb 27x4MB) SWAP 1070/3416MB (cached 0MB) CPU [8%@1420,16%@1420,8%@1420,5%@1420,1%@1420,100%@1420] EMC_FREQ 0% GR3D_FREQ 0% AUX@44.5C CPU@45.5C thermal@44.8C AO@44C GPU@44.5C PMIC@50C
09-27-2026 20:05:04 RAM 4709/6833MB (lfb 27x4MB) SWAP 1070/3416MB (cached 0MB) CPU [9%@1420,6%@1420,5%@1420,5%@1420,3%@1420,100%@1420] EMC_FREQ 0% GR3D_FREQ 0% AUX@44.5C CPU@45.5C thermal@44.8C AO@44.5C GPU@44.5C PMIC@50C
09-27-2026 20:05:05 RAM 4709/6833MB (lfb 27x4MB) SWAP 1070/3416MB (cached 0MB) CPU [10%@1420,7%@1420,16%@1420,5%@1420,2%@1420,100%@1420] EMC_FREQ 0% GR3D_FREQ 0% AUX@44C CPU@45.5C thermal@44.8C AO@44.5C GPU@44.5C PMIC@50C
09-27-2026 20:05:06 RAM 4709/6833MB (lfb 23x4MB) SWAP 1070/3416MB (cached 0MB) CPU [18%@1420,9%@1420,7%@1420,9%@1420,5%@1420,100%@1420] EMC_FREQ 0% GR3D_FREQ 99% AUX@44.5C CPU@45.5C thermal@44.8C AO@44.5C GPU@46.5C PMIC@50C
09-27-2026 20:05:07 RAM 4709/6833MB (lfb 23x4MB) SWAP 1070/3416MB (cached 0MB) CPU [11%@1420,10%@1420,5%@1420,5%@1420,2%@1420,100%@1420] EMC_FREQ 0% GR3D_FREQ 0% AUX@44.5C CPU@45.5C thermal@44.9C AO@44.5C GPU@44.5C PMIC@50C
09-27-2026 20:05:08 RAM 4745/6833MB (lfb 23x4MB) SWAP 1070/3416MB (cached 0MB) CPU [26%@1420,35%@1420,29%@1420,29%@1420,20%@1420,100%@1420] EMC_FREQ 0% GR3D_FREQ 0% AUX@44.5C CPU@46C thermal@44.8C AO@44C GPU@44.5C PMIC@50C
09-27-2026 20:05:09 RAM 4822/6833MB (lfb 23x4MB) SWAP 1070/3416MB (cached 0MB) CPU [91%@1420,43%@1420,43%@1420,42%@1420,30%@1420,100%@1420] EMC_FREQ 0% GR3D_FREQ 0% AUX@44.5C CPU@45.5C thermal@44.95C AO@44.5C GPU@44.5C PMIC@50C
09-27-2026 20:05:10 RAM 4825/6833MB (lfb 23x4MB) SWAP 1070/3416MB (cached 0MB) CPU [83%@1420,12%@1420,25%@1420,9%@1420,6%@1420,100%@1420] EMC_FREQ 0% GR3D_FREQ 0% AUX@44.5C CPU@45.5C thermal@44.8C AO@44.5C GPU@44.5C PMIC@50C
09-27-2026 20:05:11 RAM 4847/6833MB (lfb 9x4MB) SWAP 1070/3416MB (cached 0MB) CPU [17%@1420,10%@1420,17%@1420,13%@1420,4%@1420,100%@1420] EMC_FREQ 0% GR3D_FREQ 0% AUX@44C CPU@45.5C thermal@44.65C AO@44.5C GPU@44C PMIC@50C
09-27-2026 20:05:12 RAM 4698/6833MB (lfb 27x4MB) SWAP 1070/3416MB (cached 0MB) CPU [14%@1420,9%@1420,8%@1420,15%@1420,6%@1420,100%@1420] EMC_FREQ 0% GR3D_FREQ 0% AUX@44C CPU@45.5C thermal@44.8C AO@44.5C GPU@44.5C PMIC@50C
09-27-2026 20:05:13 RAM 4698/6833MB (lfb 27x4MB) SWAP 1070/3416MB (cached 0MB) CPU [10%@1420,7%@1420,2%@1420,4%@1420,4%@1420,100%@1420] EMC_FREQ 0% GR3D_FREQ 0% AUX@44C CPU@45.5C thermal@44.8C AO@44C GPU@44.5C PMIC@50C
09-27-2026 20:05:14 RAM 4698/6833MB (lfb 27x4MB) SWAP 1070/3416MB (cached 0MB) CPU [7%@1420,5%@1420,5%@1420,10%@1420,1%@1420,100%@1420] EMC_FREQ 0% GR3D_FREQ 0% AUX@44C CPU@45.5C thermal@44.6C AO@44C GPU@44C PMIC@50C
09-27-2026 20:05:15 RAM 4698/6833MB (lfb 27x4MB) SWAP 1070/3416MB (cached 0MB) CPU [7%@1420,3%@1420,5%@1420,11%@1420,3%@1420,100%@1420] EMC_FREQ 0% GR3D_FREQ 0% AUX@44C CPU@45.5C thermal@44.6C AO@44C GPU@44.5C PMIC@50C
09-27-2026 20:05:16 RAM 4698/6833MB (lfb 27x4MB) SWAP 1070/3416MB (cached 0MB) CPU [7%@1420,6%@1420,16%@1420,12%@1420,1%@1420,100%@1420] EMC_FREQ 0% GR3D_FREQ 0% AUX@44C CPU@45.5C thermal@44.6C AO@44C GPU@44C PMIC@50C
09-27-2026 20:05:17 RAM 4698/6833MB (lfb 23x4MB) SWAP 1070/3416MB (cached 0MB) CPU [11%@1420,11%@1420,13%@1420,13%@1420,4%@1420,100%@1420] EMC_FREQ 0% GR3D_FREQ 0% AUX@44C CPU@45.5C thermal@44.3C AO@44C GPU@44.5C PMIC@50C
09-27-2026 20:05:18 RAM 4698/6833MB (lfb 23x4MB) SWAP 1070/3416MB (cached 0MB) CPU [7%@1420,5%@1420,6%@1420,9%@1420,1%@1420,100%@1420] EMC_FREQ 0% GR3D_FREQ 0% AUX@44C CPU@45C thermal@44.65C AO@44C GPU@44.5C PMIC@50C
09-27-2026 20:05:19 RAM 4754/6833MB (lfb 23x4MB) SWAP 1070/3416MB (cached 0MB) CPU [76%@1420,66%@1420,73%@1420,71%@1420,62%@1420,100%@1420] EMC_FREQ 0% GR3D_FREQ 0% AUX@44C CPU@46C thermal@44.45C AO@44C GPU@44C PMIC@50C
09-27-2026 20:05:20 RAM 4822/6833MB (lfb 23x4MB) SWAP 1070/3416MB (cached 0MB) CPU [89%@1420,87%@1420,98%@1420,76%@1420,84%@1420,100%@1420] EMC_FREQ 0% GR3D_FREQ 0% AUX@44C CPU@46C thermal@44.6C AO@44C GPU@44.5C PMIC@50C
09-27-2026 20:05:21 RAM 4837/6833MB (lfb 23x4MB) SWAP 1070/3416MB (cached 0MB) CPU [37%@1420,29%@1420,43%@1420,31%@1420,18%@1420,100%@1420] EMC_FREQ 0% GR3D_FREQ 0% AUX@44.5C CPU@45.5C thermal@44.45C AO@44C GPU@44C PMIC@50C
09-27-2026 20:05:22 RAM 4704/6833MB (lfb 27x4MB) SWAP 1070/3416MB (cached 0MB) CPU [40%@1420,26%@1420,36%@1420,35%@1420,20%@1420,100%@1420] EMC_FREQ 0% GR3D_FREQ 99% AUX@44C CPU@45.5C thermal@44.5C AO@44C GPU@45.5C PMIC@50C
09-27-2026 20:05:23 RAM 4704/6833MB (lfb 27x4MB) SWAP 1070/3416MB (cached 0MB) CPU [9%@1420,7%@1420,8%@1420,6%@1420,3%@1420,100%@1420] EMC_FREQ 0% GR3D_FREQ 0% AUX@44C CPU@45.5C thermal@44.45C AO@44C GPU@44C PMIC@50C
09-27-2026 20:05:24 RAM 4704/6833MB (lfb 27x4MB) SWAP 1070/3416MB (cached 0MB) CPU [8%@1420,4%@1420,10%@1420,3%@1420,3%@1420,100%@1420] EMC_FREQ 0% GR3D_FREQ 0% AUX@44C CPU@45.5C thermal@44.3C AO@44C GPU@44C PMIC@50C
09-27-2026 20:05:25 RAM 4704/6833MB (lfb 27x4MB) SWAP 1070/3416MB (cached 0MB) CPU [8%@1420,7%@1420,4%@1420,3%@1420,3%@1420,100%@1420] EMC_FREQ 0% GR3D_FREQ 0% AUX@44C CPU@45C thermal@44.3C AO@44C GPU@44C PMIC@50C
09-27-2026 20:05:26 RAM 4704/6833MB (lfb 27x4MB) SWAP 1070/3416MB (cached 0MB) CPU [8%@1420,8%@1420,19%@1420,6%@1420,2%@1420,100%@1420] EMC_FREQ 0% GR3D_FREQ 0% AUX@44C CPU@45C thermal@44.3C AO@44C GPU@44C PMIC@50C
09-27-2026 20:05:27 RAM 4813/6833MB (lfb 27x4MB) SWAP 1070/3416MB (cached 0MB) CPU [10%@1420,8%@1420,8%@1420,4%@1420,2%@1420,100%@1420] EMC_FREQ 0% GR3D_FREQ 0% AUX@44C CPU@45C thermal@44.3C AO@44C GPU@44C PMIC@50C
09-27-2026 20:05:28 RAM 4704/6833MB (lfb 23x4MB) SWAP 1070/3416MB (cached 0MB) CPU [12%@1420,6%@1420,7%@1420,18%@1420,5%@1420,100%@1420] EMC_FREQ 0% GR3D_FREQ 0% AUX@44C CPU@45C thermal@44.9C AO@44C GPU@44.5C PMIC@50C
09-27-2026 20:05:29 RAM 4704/6833MB (lfb 23x4MB) SWAP 1070/3416MB (cached 0MB) CPU [6%@1420,6%@1420,7%@1420,5%@1420,4%@1420,100%@1420] EMC_FREQ 0% GR3D_FREQ 0% AUX@44C CPU@45C thermal@44.3C AO@44C GPU@44C PMIC@50C
09-27-2026 20:05:30 RAM 4820/6833MB (lfb 23x4MB) SWAP 1070/3416MB (cached 0MB) CPU [30%@1420,25%@1420,47%@1420,32%@1420,26%@1420,100%@1420] EMC_FREQ 0% GR3D_FREQ 0% AUX@44C CPU@45C thermal@44.3C AO@44C GPU@44C PMIC@50C
09-27-2026 20:05:31 RAM 4834/6833MB (lfb 23x4MB) SWAP 1070/3416MB (cached 0MB) CPU [42%@1420,24%@1420,38%@1420,54%@1420,24%@1420,100%@1420] EMC_FREQ 0% GR3D_FREQ 0% AUX@44C CPU@45.5C thermal@44.45C AO@44C GPU@44C PMIC@50C
09-27-2026 20:05:32 RAM 4713/6833MB (lfb 23x4MB) SWAP 1070/3416MB (cached 0MB) CPU [11%@1420,12%@1420,8%@1420,21%@1420,6%@1420,100%@1420] EMC_FREQ 0% GR3D_FREQ 0% AUX@44C CPU@45C thermal@44.3C AO@44C GPU@44C PMIC@50C
09-27-2026 20:05:33 RAM 4710/6833MB (lfb 27x4MB) SWAP 1070/3416MB (cached 0MB) CPU [15%@1420,8%@1420,23%@1420,8%@1420,6%@1420,100%@1420] EMC_FREQ 0% GR3D_FREQ 0% AUX@44C CPU@45C thermal@44.45C AO@44C GPU@44C PMIC@50C
09-27-2026 20:05:34 RAM 4710/6833MB (lfb 27x4MB) SWAP 1070/3416MB (cached 0MB) CPU [5%@1420,6%@1420,7%@1420,8%@1420,3%@1420,100%@1420] EMC_FREQ 0% GR3D_FREQ 0% AUX@44C CPU@45C thermal@44.45C AO@44C GPU@44C PMIC@50C
09-27-2026 20:05:35 RAM 4710/6833MB (lfb 27x4MB) SWAP 1070/3416MB (cached 0MB) CPU [5%@1420,5%@1420,5%@1420,8%@1420,3%@1420,100%@1420] EMC_FREQ 0% GR3D_FREQ 0% AUX@44C CPU@45C thermal@44.3C AO@44C GPU@44C PMIC@50C
09-27-2026 20:05:36 RAM 4710/6833MB (lfb 27x4MB) SWAP 1070/3416MB (cached 0MB) CPU [24%@1420,9%@1420,64%@1420,19%@1420,3%@1420,24%@1420] EMC_FREQ 0% GR3D_FREQ 0% AUX@44C CPU@45C thermal@44.3C AO@43.5C GPU@44C PMIC@50C
09-27-2026 20:05:37 RAM 4710/6833MB (lfb 27x4MB) SWAP 1070/3416MB (cached 0MB) CPU [10%@1420,6%@1420,100%@1420,6%@1420,3%@1420,5%@1420] EMC_FREQ 0% GR3D_FREQ 0% AUX@44C CPU@44.5C thermal@44.15C AO@43.5C GPU@44C PMIC@50C
09-27-2026 20:05:38 RAM 4710/6833MB (lfb 23x4MB) SWAP 1070/3416MB (cached 0MB) CPU [23%@1420,8%@1420,77%@1420,19%@1420,17%@1420,9%@1420] EMC_FREQ 0% GR3D_FREQ 55% AUX@43.5C CPU@45C thermal@43.95C AO@44C GPU@46C PMIC@50C
09-27-2026 20:05:39 RAM 4710/6833MB (lfb 23x4MB) SWAP 1070/3416MB (cached 0MB) CPU [7%@1420,9%@1420,6%@1420,14%@1420,100%@1420,8%@1420] EMC_FREQ 0% GR3D_FREQ 0% AUX@44C CPU@45C thermal@44.3C AO@43.5C GPU@44C PMIC@50C
09-27-2026 20:05:40 RAM 4824/6833MB (lfb 23x4MB) SWAP 1070/3416MB (cached 0MB) CPU [32%@1420,82%@1420,26%@1420,31%@1420,100%@1420,30%@1420] EMC_FREQ 0% GR3D_FREQ 0% AUX@44C CPU@45C thermal@44.45C AO@43.5C GPU@44C PMIC@50C
09-27-2026 20:05:41 RAM 4828/6833MB (lfb 23x4MB) SWAP 1070/3416MB (cached 0MB) CPU [9%@1420,78%@1420,32%@1420,13%@1420,100%@1420,8%@1420] EMC_FREQ 0% GR3D_FREQ 0% AUX@44C CPU@45.5C thermal@44.3C AO@44C GPU@44C PMIC@50C
09-27-2026 20:05:42 RAM 4702/6833MB (lfb 23x4MB) SWAP 1070/3416MB (cached 0MB) CPU [8%@1420,13%@1420,18%@1420,11%@1420,100%@1420,7%@1420] EMC_FREQ 0% GR3D_FREQ 0% AUX@44C CPU@45C thermal@44.3C AO@44C GPU@44C PMIC@50C
09-27-2026 20:05:43 RAM 4819/6833MB (lfb 9x4MB) SWAP 1070/3416MB (cached 0MB) CPU [5%@1420,4%@1420,10%@1420,6%@1420,100%@1420,8%@1420] EMC_FREQ 0% GR3D_FREQ 0% AUX@44C CPU@45C thermal@44.3C AO@44C GPU@44C PMIC@50C
09-27-2026 20:05:44 RAM 4700/6833MB (lfb 27x4MB) SWAP 1070/3416MB (cached 0MB) CPU [21%@1420,6%@1420,15%@1420,16%@1420,100%@1420,6%@1420] EMC_FREQ 0% GR3D_FREQ 0% AUX@44C CPU@45C thermal@44.3C AO@44C GPU@44.5C PMIC@50C
09-27-2026 20:05:45 RAM 4701/6833MB (lfb 27x4MB) SWAP 1070/3416MB (cached 0MB) CPU [9%@1420,6%@1420,7%@1420,9%@1420,100%@1420,5%@1420] EMC_FREQ 0% GR3D_FREQ 0% AUX@44.5C CPU@45C thermal@44.45C AO@44C GPU@44.5C PMIC@50C
09-27-2026 20:05:46 RAM 4703/6833MB (lfb 27x4MB) SWAP 1070/3416MB (cached 0MB) CPU [33%@1420,31%@1420,40%@1420,27%@1420,100%@1420,15%@1420] EMC_FREQ 0% GR3D_FREQ 0% AUX@44.5C CPU@45.5C thermal@44.65C AO@44C GPU@44.5C PMIC@50C
09-27-2026 20:05:47 RAM 4703/6833MB (lfb 27x4MB) SWAP 1070/3416MB (cached 0MB) CPU [7%@1420,7%@1420,7%@1420,5%@1420,100%@1420,5%@1420] EMC_FREQ 0% GR3D_FREQ 0% AUX@44.5C CPU@45.5C thermal@44.8C AO@44C GPU@44.5C PMIC@50C
09-27-2026 20:05:48 RAM 4703/6833MB (lfb 27x4MB) SWAP 1070/3416MB (cached 0MB) CPU [7%@1420,7%@1420,5%@1420,8%@1420,100%@1420,4%@1420] EMC_FREQ 0% GR3D_FREQ 0% AUX@44.5C CPU@45.5C thermal@44.8C AO@44.5C GPU@44C PMIC@50C
09-27-2026 20:05:49 RAM 4702/6833MB (lfb 23x4MB) SWAP 1070/3416MB (cached 0MB) CPU [13%@1420,6%@1420,11%@1420,29%@1420,100%@1420,3%@1420] EMC_FREQ 0% GR3D_FREQ 0% AUX@45C CPU@45.5C thermal@44.8C AO@44.5C GPU@45C PMIC@50C
09-27-2026 20:05:50 RAM 4769/6833MB (lfb 23x4MB) SWAP 1070/3416MB (cached 0MB) CPU [67%@1420,66%@1420,68%@1420,78%@1420,100%@1420,59%@1420] EMC_FREQ 0% GR3D_FREQ 0% AUX@45C CPU@46.5C thermal@45.45C AO@45C GPU@45C PMIC@50C
09-27-2026 20:05:51 RAM 4824/6833MB (lfb 23x4MB) SWAP 1070/3416MB (cached 0MB) CPU [58%@1420,59%@1420,73%@1420,88%@1420,100%@1420,57%@1420] EMC_FREQ 0% GR3D_FREQ 0% AUX@45C CPU@46.5C thermal@45.45C AO@45C GPU@45C PMIC@50C
09-27-2026 20:05:52 RAM 4833/6833MB (lfb 23x4MB) SWAP 1070/3416MB (cached 0MB) CPU [40%@1420,53%@1420,30%@1420,33%@1420,100%@1420,17%@1420] EMC_FREQ 0% GR3D_FREQ 0% AUX@45C CPU@46.5C thermal@45.45C AO@45C GPU@45C PMIC@50C
09-27-2026 20:05:53 RAM 4706/6833MB (lfb 23x4MB) SWAP 1070/3416MB (cached 0MB) CPU [27%@1420,15%@1420,12%@1420,10%@1420,100%@1420,12%@1420] EMC_FREQ 0% GR3D_FREQ 0% AUX@45C CPU@46C thermal@45.45C AO@45C GPU@45C PMIC@50C
09-27-2026 20:05:54 RAM 4703/6833MB (lfb 27x4MB) SWAP 1070/3416MB (cached 0MB) CPU [16%@1420,6%@1420,7%@1420,29%@1420,100%@1420,4%@1420] EMC_FREQ 0% GR3D_FREQ 0% AUX@45C CPU@46.5C thermal@45.45C AO@45.5C GPU@46.5C PMIC@50C
09-27-2026 20:05:55 RAM 4703/6833MB (lfb 27x4MB) SWAP 1070/3416MB (cached 0MB) CPU [9%@1420,7%@1420,9%@1420,1%@1420,100%@1420,4%@1420] EMC_FREQ 0% GR3D_FREQ 0% AUX@45.5C CPU@46.5C thermal@45.95C AO@45.5C GPU@45.5C PMIC@50C
09-27-2026 20:05:56 RAM 4703/6833MB (lfb 27x4MB) SWAP 1070/3416MB (cached 0MB) CPU [7%@1420,7%@1420,4%@1420,6%@1420,100%@1420,4%@1420] EMC_FREQ 0% GR3D_FREQ 0% AUX@45.5C CPU@46.5C thermal@45.8C AO@45.5C GPU@45.5C PMIC@50C
09-27-2026 20:05:57 RAM 4703/6833MB (lfb 27x4MB) SWAP 1070/3416MB (cached 0MB) CPU [8%@1420,7%@1420,17%@1420,6%@1420,100%@1420,4%@1420] EMC_FREQ 0% GR3D_FREQ 0% AUX@45.5C CPU@46.5C thermal@45.8C AO@45.5C GPU@45.5C PMIC@50C
09-27-2026 20:05:58 RAM 4703/6833MB (lfb 27x4MB) SWAP 1070/3416MB (cached 0MB) CPU [11%@1420,7%@1420,5%@1420,6%@1420,100%@1420,1%@1420] EMC_FREQ 0% GR3D_FREQ 0% AUX@45.5C CPU@46.5C thermal@45.8C AO@45.5C GPU@45.5C PMIC@50C
09-27-2026 20:05:59 RAM 4704/6833MB (lfb 23x4MB) SWAP 1070/3416MB (cached 0MB) CPU [20%@1420,7%@1420,14%@1420,15%@1420,100%@1420,4%@1420] EMC_FREQ 0% GR3D_FREQ 0% AUX@45.5C CPU@46.5C thermal@45.8C AO@45.5C GPU@45.5C PMIC@50C
09-27-2026 20:06:00 RAM 4705/6833MB (lfb 23x4MB) SWAP 1070/3416MB (cached 0MB) CPU [9%@1420,6%@1420,18%@1420,80%@1420,22%@1420,2%@1420] EMC_FREQ 0% GR3D_FREQ 0% AUX@46C CPU@46.5C thermal@46.15C AO@46C GPU@46C PMIC@50C
09-27-2026 20:06:01 RAM 4823/6833MB (lfb 23x4MB) SWAP 1070/3416MB (cached 0MB) CPU [33%@1420,27%@1420,30%@1420,100%@1420,31%@1420,78%@1420] EMC_FREQ 0% GR3D_FREQ 0% AUX@46C CPU@47C thermal@46.45C AO@45.5C GPU@46C PMIC@50C
09-27-2026 20:06:02 RAM 4823/6833MB (lfb 23x4MB) SWAP 1070/3416MB (cached 0MB) CPU [12%@1420,13%@1420,13%@1420,100%@1420,7%@1420,100%@1420] EMC_FREQ 0% GR3D_FREQ 0% AUX@46C CPU@47C thermal@46.45C AO@46C GPU@46C PMIC@50C
09-27-2026 20:06:03 RAM 4702/6833MB (lfb 23x4MB) SWAP 1070/3416MB (cached 0MB) CPU [32%@1420,23%@1420,8%@1420,100%@1420,12%@1420,19%@1420] EMC_FREQ 0% GR3D_FREQ 0% AUX@46C CPU@46.5C thermal@46.45C AO@46C GPU@46C PMIC@50C
09-27-2026 20:06:04 RAM 4701/6833MB (lfb 23x4MB) SWAP 1070/3416MB (cached 0MB) CPU [4%@1420,9%@1420,3%@1420,100%@1420,4%@1420,6%@1420] EMC_FREQ 0% GR3D_FREQ 0% AUX@46C CPU@46.5C thermal@46.15C AO@45.5C GPU@45.5C PMIC@50C
09-27-2026 20:06:05 RAM 4701/6833MB (lfb 28x4MB) SWAP 1070/3416MB (cached 0MB) CPU [11%@1420,16%@1420,3%@1420,100%@1420,16%@1420,8%@1420] EMC_FREQ 0% GR3D_FREQ 0% AUX@46C CPU@46.5C thermal@46C AO@46C GPU@46C PMIC@50C
09-27-2026 20:06:06 RAM 4701/6833MB (lfb 28x4MB) SWAP 1070/3416MB (cached 0MB) CPU [7%@1420,8%@1420,2%@1420,100%@1420,4%@1420,8%@1420] EMC_FREQ 0% GR3D_FREQ 0% AUX@45.5C CPU@46.5C thermal@46.15C AO@46C GPU@46C PMIC@50C
09-27-2026 20:06:07 RAM 4702/6833MB (lfb 28x4MB) SWAP 1070/3416MB (cached 0MB) CPU [8%@1420,6%@1420,13%@1420,100%@1420,7%@1420,9%@1420] EMC_FREQ 0% GR3D_FREQ 0% AUX@45.5C CPU@46.5C thermal@45.8C AO@46C GPU@45.5C PMIC@50C
09-27-2026 20:06:08 RAM 4701/6833MB (lfb 28x4MB) SWAP 1070/3416MB (cached 0MB) CPU [10%@1420,8%@1420,1%@1420,100%@1420,2%@1420,8%@1420] EMC_FREQ 0% GR3D_FREQ 0% AUX@45.5C CPU@46.5C thermal@45.8C AO@46C GPU@45.5C PMIC@50C
09-27-2026 20:06:09 RAM 4701/6833MB (lfb 28x4MB) SWAP 1070/3416MB (cached 0MB) CPU [12%@1420,6%@1420,3%@1420,100%@1420,4%@1420,6%@1420] EMC_FREQ 0% GR3D_FREQ 0% AUX@45.5C CPU@46.5C thermal@45.8C AO@45.5C GPU@45.5C PMIC@50C
09-27-2026 20:06:10 RAM 4701/6833MB (lfb 22x4MB) SWAP 1070/3416MB (cached 0MB) CPU [17%@1420,11%@1420,4%@1420,100%@1420,7%@1420,11%@1420] EMC_FREQ 0% GR3D_FREQ 0% AUX@45.5C CPU@46.5C thermal@45.8C AO@46C GPU@46C PMIC@50C
09-27-2026 20:06:11 RAM 4817/6833MB (lfb 22x4MB) SWAP 1070/3416MB (cached 0MB) CPU [56%@1420,58%@1420,54%@1420,100%@1420,56%@1420,55%@1420] EMC_FREQ 0% GR3D_FREQ 0% AUX@45.5C CPU@47.5C thermal@46.1C AO@45.5C GPU@45.5C PMIC@50C
09-27-2026 20:06:12 RAM 4832/6833MB (lfb 22x4MB) SWAP 1070/3416MB (cached 0MB) CPU [48%@1420,28%@1420,19%@1420,100%@1420,38%@1420,23%@1420] EMC_FREQ 0% GR3D_FREQ 0% AUX@45.5C CPU@47C thermal@45.95C AO@45.5C GPU@45.5C PMIC@50C
09-27-2026 20:06:13 RAM 4716/6833MB (lfb 22x4MB) SWAP 1070/3416MB (cached 0MB) CPU [40%@1420,15%@1420,17%@1420,100%@1420,21%@1420,27%@1420] EMC_FREQ 0% GR3D_FREQ 0% AUX@45.5C CPU@46.5C thermal@45.95C AO@45.5C GPU@45.5C PMIC@50C
09-27-2026 20:06:14 RAM 4716/6833MB (lfb 22x4MB) SWAP 1070/3416MB (cached 0MB) CPU [7%@1420,8%@1420,0%@1420,100%@1420,10%@1420,3%@1420] EMC_FREQ 0% GR3D_FREQ 0% AUX@45.5C CPU@46.5C thermal@45.8C AO@45C GPU@45C PMIC@50C
09-27-2026 20:06:15 RAM 4712/6833MB (lfb 27x4MB) SWAP 1070/3416MB (cached 0MB) CPU [19%@1420,8%@1420,5%@1420,100%@1420,11%@1420,6%@1420] EMC_FREQ 0% GR3D_FREQ 0% AUX@45.5C CPU@46.5C thermal@45.65C AO@45.5C GPU@45C PMIC@50C
09-27-2026 20:06:16 RAM 4712/6833MB (lfb 27x4MB) SWAP 1070/3416MB (cached 0MB) CPU [8%@1420,5%@1420,4%@1420,100%@1420,11%@1420,2%@1420] EMC_FREQ 0% GR3D_FREQ 0% AUX@45.5C CPU@46.5C thermal@46.25C AO@45C GPU@45.5C PMIC@50C
09-27-2026 20:06:17 RAM 4712/6833MB (lfb 27x4MB) SWAP 1070/3416MB (cached 0MB) CPU [9%@1420,7%@1420,14%@1420,100%@1420,8%@1420,7%@1420] EMC_FREQ 0% GR3D_FREQ 0% AUX@45.5C CPU@46.5C thermal@45.6C AO@45C GPU@45C PMIC@50C
09-27-2026 20:06:18 RAM 4712/6833MB (lfb 27x4MB) SWAP 1070/3416MB (cached 0MB) CPU [8%@1420,8%@1420,0%@1420,100%@1420,7%@1420,6%@1420] EMC_FREQ 0% GR3D_FREQ 0% AUX@45C CPU@46C thermal@45.6C AO@45C GPU@45C PMIC@50C
09-27-2026 20:06:19 RAM 4713/6833MB (lfb 27x4MB) SWAP 1070/3416MB (cached 0MB) CPU [7%@1420,7%@1420,1%@1420,100%@1420,11%@1420,4%@1420] EMC_FREQ 0% GR3D_FREQ 0% AUX@45C CPU@46C thermal@45.45C AO@45C GPU@45.5C PMIC@50C
09-27-2026 20:06:20 RAM 4713/6833MB (lfb 27x4MB) SWAP 1070/3416MB (cached 0MB) CPU [5%@1420,8%@1420,0%@1420,100%@1420,6%@1420,6%@1420] EMC_FREQ 0% GR3D_FREQ 0% AUX@45C CPU@46C thermal@45.45C AO@45C GPU@45C PMIC@50C
09-27-2026 20:06:21 RAM 4824/6833MB (lfb 22x4MB) SWAP 1070/3416MB (cached 0MB) CPU [39%@1420,36%@1420,34%@1420,100%@1420,48%@1420,30%@1420] EMC_FREQ 0% GR3D_FREQ 0% AUX@45C CPU@46.5C thermal@45.6C AO@45C GPU@45.5C PMIC@50C
09-27-2026 20:06:22 RAM 4831/6833MB (lfb 22x4MB) SWAP 1070/3416MB (cached 0MB) CPU [41%@1420,37%@1420,24%@1420,100%@1420,43%@1420,42%@1420] EMC_FREQ 0% GR3D_FREQ 0% AUX@45.5C CPU@46.5C thermal@45.8C AO@45C GPU@45C PMIC@50C
09-27-2026 20:06:23 RAM 4711/6833MB (lfb 22x4MB) SWAP 1070/3416MB (cached 0MB) CPU [23%@1420,7%@1420,6%@1420,100%@1420,13%@1420,5%@1420] EMC_FREQ 0% GR3D_FREQ 0% AUX@45C CPU@46.5C thermal@45.45C AO@45C GPU@45C PMIC@50C
09-27-2026 20:06:24 RAM 4711/6833MB (lfb 22x4MB) SWAP 1070/3416MB (cached 0MB) CPU [11%@1420,6%@1420,3%@1420,100%@1420,4%@1420,7%@1420] EMC_FREQ 0% GR3D_FREQ 0% AUX@45C CPU@46C thermal@45.45C AO@45C GPU@45C PMIC@50C
09-27-2026 20:06:25 RAM 4711/6833MB (lfb 22x4MB) SWAP 1070/3416MB (cached 0MB) CPU [8%@1420,5%@1420,0%@1420,100%@1420,9%@1420,7%@1420] EMC_FREQ 0% GR3D_FREQ 0% AUX@45C CPU@46C thermal@45.3C AO@45C GPU@45C PMIC@50C
09-27-2026 20:06:26 RAM 4709/6833MB (lfb 27x4MB) SWAP 1070/3416MB (cached 0MB) CPU [7%@1420,15%@1420,5%@1420,100%@1420,20%@1420,6%@1420] EMC_FREQ 0% GR3D_FREQ 0% AUX@45C CPU@46C thermal@45.5C AO@45C GPU@45.5C PMIC@50C
09-27-2026 20:06:27 RAM 4709/6833MB (lfb 27x4MB) SWAP 1070/3416MB (cached 0MB) CPU [6%@1420,8%@1420,2%@1420,100%@1420,5%@1420,9%@1420] EMC_FREQ 0% GR3D_FREQ 0% AUX@45C CPU@46C thermal@45.3C AO@45C GPU@45C PMIC@50C
09-27-2026 20:06:28 RAM 4709/6833MB (lfb 27x4MB) SWAP 1070/3416MB (cached 0MB) CPU [6%@1420,15%@1420,1%@1420,100%@1420,8%@1420,7%@1420] EMC_FREQ 0% GR3D_FREQ 0% AUX@45C CPU@46C thermal@45.3C AO@44.5C GPU@45C PMIC@50C
09-27-2026 20:06:29 RAM 4709/6833MB (lfb 27x4MB) SWAP 1070/3416MB (cached 0MB) CPU [6%@1420,6%@1420,3%@1420,100%@1420,8%@1420,7%@1420] EMC_FREQ 0% GR3D_FREQ 0% AUX@45C CPU@46C thermal@45.3C AO@45C GPU@45C PMIC@50C
09-27-2026 20:06:30 RAM 4735/6833MB (lfb 27x4MB) SWAP 1070/3416MB (cached 0MB) CPU [12%@1420,12%@1420,17%@1420,100%@1420,13%@1420,16%@1420] EMC_FREQ 0% GR3D_FREQ 0% AUX@45C CPU@46C thermal@44.95C AO@44.5C GPU@44.5C PMIC@50C
09-27-2026 20:06:31 RAM 4831/6833MB (lfb 23x4MB) SWAP 1070/3416MB (cached 0MB) CPU [63%@1420,64%@1420,33%@1420,100%@1420,43%@1420,60%@1420] EMC_FREQ 0% GR3D_FREQ 99% AUX@45C CPU@46C thermal@44.95C AO@44.5C GPU@45C PMIC@50C
09-27-2026 20:06:32 RAM 4713/6833MB (lfb 26x4MB) SWAP 1070/3416MB (cached 0MB) CPU [32%@1420,38%@1420,14%@1420,100%@1420,43%@1420,27%@1420] EMC_FREQ 0% GR3D_FREQ 0% AUX@45C CPU@46C thermal@45.3C AO@44.5C GPU@45C PMIC@50C
09-27-2026 20:06:33 RAM 4713/6833MB (lfb 26x4MB) SWAP 1070/3416MB (cached 0MB) CPU [7%@1420,6%@1420,4%@1420,100%@1420,8%@1420,6%@1420] EMC_FREQ 0% GR3D_FREQ 0% AUX@45C CPU@45.5C thermal@45.3C AO@44.5C GPU@45C PMIC@50C
09-27-2026 20:06:34 RAM 4713/6833MB (lfb 26x4MB) SWAP 1070/3416MB (cached 0MB) CPU [5%@1420,5%@1420,4%@1420,100%@1420,7%@1420,5%@1420] EMC_FREQ 0% GR3D_FREQ 0% AUX@45C CPU@45.5C thermal@45.15C AO@44.5C GPU@45C PMIC@50C
09-27-2026 20:06:35 RAM 4713/6833MB (lfb 26x4MB) SWAP 1070/3416MB (cached 0MB) CPU [18%@1420,4%@1420,2%@1420,100%@1420,8%@1420,9%@1420] EMC_FREQ 0% GR3D_FREQ 0% AUX@45C CPU@45.5C thermal@45.15C AO@44.5C GPU@45C PMIC@50C
09-27-2026 20:06:36 RAM 4720/6833MB (lfb 26x4MB) SWAP 1070/3416MB (cached 0MB) CPU [24%@1420,17%@1420,9%@1420,100%@1420,19%@1420,14%@1420] EMC_FREQ 0% GR3D_FREQ 0% AUX@45C CPU@46C thermal@45.15C AO@45C GPU@45C PMIC@50C
09-27-2026 20:06:37 RAM 4715/6833MB (lfb 39x4MB) SWAP 1070/3416MB (cached 0MB) CPU [26%@1420,23%@1420,11%@1420,100%@1420,26%@1420,23%@1420] EMC_FREQ 0% GR3D_FREQ 0% AUX@45C CPU@46C thermal@45.45C AO@45C GPU@45C PMIC@50C
09-27-2026 20:06:38 RAM 4715/6833MB (lfb 39x4MB) SWAP 1070/3416MB (cached 0MB) CPU [4%@1420,15%@1420,2%@1420,100%@1420,9%@1420,8%@1420] EMC_FREQ 0% GR3D_FREQ 0% AUX@45C CPU@46C thermal@45.3C AO@45C GPU@45C PMIC@50C
09-27-2026 20:06:39 RAM 4714/6833MB (lfb 39x4MB) SWAP 1070/3416MB (cached 0MB) CPU [6%@1420,6%@1420,1%@1420,100%@1420,9%@1420,5%@1420] EMC_FREQ 0% GR3D_FREQ 0% AUX@45C CPU@46C thermal@45.3C AO@45C GPU@45.5C PMIC@50C
09-27-2026 20:06:40 RAM 4825/6833MB (lfb 39x4MB) SWAP 1070/3416MB (cached 0MB) CPU [45%@1420,48%@1420,29%@1420,100%@1420,33%@1420,32%@1420] EMC_FREQ 0% GR3D_FREQ 0% AUX@45C CPU@46.5C thermal@45.6C AO@45.5C GPU@45.5C PMIC@50C
09-27-2026 20:06:41 RAM 4831/6833MB (lfb 39x4MB) SWAP 1070/3416MB (cached 0MB) CPU [47%@1420,48%@1420,39%@1420,100%@1420,25%@1420,29%@1420] EMC_FREQ 0% GR3D_FREQ 0% AUX@45.5C CPU@46.5C thermal@45.6C AO@45.5C GPU@45.5C PMIC@50C
09-27-2026 20:06:42 RAM 4709/6833MB (lfb 18x4MB) SWAP 1070/3416MB (cached 0MB) CPU [27%@1420,8%@1420,9%@1420,100%@1420,13%@1420,25%@1420] EMC_FREQ 0% GR3D_FREQ 0% AUX@45.5C CPU@46.5C thermal@46.55C AO@45.5C GPU@45.5C PMIC@50C
09-27-2026 20:06:43 RAM 4709/6833MB (lfb 18x4MB) SWAP 1070/3416MB (cached 0MB) CPU [5%@1420,7%@1420,6%@1420,100%@1420,4%@1420,5%@1420] EMC_FREQ 0% GR3D_FREQ 0% AUX@45.5C CPU@46.5C thermal@45.8C AO@45.5C GPU@46C PMIC@50C
09-27-2026 20:06:44 RAM 4708/6833MB (lfb 18x4MB) SWAP 1070/3416MB (cached 0MB) CPU [7%@1420,6%@1420,9%@1420,100%@1420,2%@1420,4%@1420] EMC_FREQ 0% GR3D_FREQ 0% AUX@46C CPU@46.5C thermal@45.8C AO@46C GPU@46C PMIC@50C
09-27-2026 20:06:45 RAM 4708/6833MB (lfb 18x4MB) SWAP 1070/3416MB (cached 0MB) CPU [16%@1420,6%@1420,9%@1420,100%@1420,4%@1420,7%@1420] EMC_FREQ 0% GR3D_FREQ 0% AUX@45.5C CPU@46.5C thermal@46.3C AO@45.5C GPU@46C PMIC@50C
09-27-2026 20:06:46 RAM 4709/6833MB (lfb 18x4MB) SWAP 1070/3416MB (cached 0MB) CPU [7%@1420,5%@1420,8%@1420,100%@1420,6%@1420,5%@1420] EMC_FREQ 0% GR3D_FREQ 0% AUX@46C CPU@47C thermal@46.3C AO@46C GPU@46C PMIC@50C
09-27-2026 20:06:47 RAM 4709/6833MB (lfb 39x4MB) SWAP 1070/3416MB (cached 0MB) CPU [8%@1420,7%@1420,8%@1420,100%@1420,12%@1420,15%@1420] EMC_FREQ 0% GR3D_FREQ 0% AUX@46C CPU@47C thermal@46.3C AO@46C GPU@46.5C PMIC@50C
09-27-2026 20:06:49 RAM 4709/6833MB (lfb 39x4MB) SWAP 1070/3416MB (cached 0MB) CPU [7%@1420,7%@1420,9%@1420,100%@1420,3%@1420,13%@1420] EMC_FREQ 0% GR3D_FREQ 0% AUX@46C CPU@47C thermal@46.45C AO@46C GPU@46C PMIC@50C
09-27-2026 20:06:50 RAM 4724/6833MB (lfb 39x4MB) SWAP 1070/3416MB (cached 0MB) CPU [16%@1420,9%@1420,7%@1420,100%@1420,11%@1420,9%@1420] EMC_FREQ 0% GR3D_FREQ 0% AUX@46C CPU@47.5C thermal@46.45C AO@46C GPU@46.5C PMIC@50C
09-27-2026 20:06:51 RAM 4822/6833MB (lfb 39x4MB) SWAP 1070/3416MB (cached 0MB) CPU [30%@1420,29%@1420,23%@1420,100%@1420,100%@1420,25%@1420] EMC_FREQ 0% GR3D_FREQ 0% AUX@46C CPU@47.5C thermal@46.45C AO@46C GPU@46.5C PMIC@50C
09-27-2026 20:06:52 RAM 4777/6833MB (lfb 39x4MB) SWAP 1070/3416MB (cached 0MB) CPU [20%@1420,22%@1420,10%@1420,100%@1420,89%@1420,18%@1420] EMC_FREQ 0% GR3D_FREQ 0% AUX@46C CPU@47.5C thermal@46.45C AO@46C GPU@46C PMIC@50C
09-27-2026 20:06:53 RAM 4699/6833MB (lfb 18x4MB) SWAP 1070/3416MB (cached 0MB) CPU [11%@1420,14%@1420,5%@1420,100%@1420,20%@1420,11%@1420] EMC_FREQ 0% GR3D_FREQ 99% AUX@46C CPU@47C thermal@46.3C AO@46C GPU@46.5C PMIC@50C
09-27-2026 20:06:54 RAM 4700/6833MB (lfb 18x4MB) SWAP 1070/3416MB (cached 0MB) CPU [8%@1420,9%@1420,8%@1420,100%@1420,8%@1420,18%@1420] EMC_FREQ 0% GR3D_FREQ 0% AUX@46C CPU@47C thermal@46.3C AO@46C GPU@46C PMIC@50C
09-27-2026 20:06:55 RAM 4700/6833MB (lfb 18x4MB) SWAP 1070/3416MB (cached 0MB) CPU [8%@1420,12%@1420,0%@1420,100%@1420,5%@1420,2%@1420] EMC_FREQ 0% GR3D_FREQ 0% AUX@46C CPU@46.5C thermal@46.3C AO@46C GPU@46C PMIC@50C
09-27-2026 20:06:56 RAM 4700/6833MB (lfb 18x4MB) SWAP 1070/3416MB (cached 0MB) CPU [8%@1420,6%@1420,14%@1420,100%@1420,11%@1420,5%@1420] EMC_FREQ 0% GR3D_FREQ 0% AUX@46C CPU@47C thermal@46.3C AO@46C GPU@46C PMIC@50C
09-27-2026 20:06:57 RAM 4700/6833MB (lfb 18x4MB) SWAP 1070/3416MB (cached 0MB) CPU [5%@1420,7%@1420,0%@1420,100%@1420,13%@1420,4%@1420] EMC_FREQ 0% GR3D_FREQ 0% AUX@45.5C CPU@47C thermal@46.1C AO@45.5C GPU@46C PMIC@50C
09-27-2026 20:06:58 RAM 4700/6833MB (lfb 18x4MB) SWAP 1070/3416MB (cached 0MB) CPU [6%@1420,8%@1420,1%@1420,100%@1420,12%@1420,6%@1420] EMC_FREQ 0% GR3D_FREQ 0% AUX@45.5C CPU@46.5C thermal@46.1C AO@45.5C GPU@45.5C PMIC@50C
09-27-2026 20:06:59 RAM 4701/6833MB (lfb 39x4MB) SWAP 1070/3416MB (cached 0MB) CPU [6%@1420,7%@1420,5%@1420,100%@1420,21%@1420,25%@1420] EMC_FREQ 0% GR3D_FREQ 0% AUX@45.5C CPU@47C thermal@45.95C AO@45.5C GPU@46C PMIC@50C
09-27-2026 20:07:00 RAM 4701/6833MB (lfb 39x4MB) SWAP 1070/3416MB (cached 0MB) CPU [7%@1420,6%@1420,1%@1420,100%@1420,4%@1420,10%@1420] EMC_FREQ 0% GR3D_FREQ 0% AUX@45.5C CPU@47C thermal@45.95C AO@46C GPU@45.5C PMIC@50C
09-27-2026 20:07:01 RAM 4822/6833MB (lfb 39x4MB) SWAP 1070/3416MB (cached 0MB) CPU [42%@1420,30%@1420,28%@1420,100%@1420,95%@1420,33%@1420] EMC_FREQ 0% GR3D_FREQ 0% AUX@45.5C CPU@47C thermal@46.1C AO@45.5C GPU@45.5C PMIC@50C
09-27-2026 20:07:02 RAM 4822/6833MB (lfb 39x4MB) SWAP 1070/3416MB (cached 0MB) CPU [12%@1420,9%@1420,5%@1420,100%@1420,100%@1420,8%@1420] EMC_FREQ 0% GR3D_FREQ 0% AUX@45.5C CPU@47C thermal@45.95C AO@45.5C GPU@45.5C PMIC@50C
09-27-2026 20:07:03 RAM 4701/6833MB (lfb 39x4MB) SWAP 1070/3416MB (cached 0MB) CPU [21%@1420,20%@1420,12%@1420,100%@1420,23%@1420,27%@1420] EMC_FREQ 0% GR3D_FREQ 0% AUX@45.5C CPU@46.5C thermal@45.8C AO@45.5C GPU@45.5C PMIC@50C
09-27-2026 20:07:04 RAM 4699/6833MB (lfb 18x4MB) SWAP 1070/3416MB (cached 0MB) CPU [12%@1420,17%@1420,12%@1420,100%@1420,8%@1420,16%@1420] EMC_FREQ 0% GR3D_FREQ 0% AUX@45.5C CPU@46.5C thermal@46.1C AO@45.5C GPU@45.5C PMIC@50C
09-27-2026 20:07:05 RAM 4699/6833MB (lfb 18x4MB) SWAP 1070/3416MB (cached 0MB) CPU [10%@1420,6%@1420,8%@1420,100%@1420,3%@1420,4%@1420] EMC_FREQ 0% GR3D_FREQ 0% AUX@45.5C CPU@46.5C thermal@45.8C AO@45.5C GPU@45.5C PMIC@50C
09-27-2026 20:07:06 RAM 4699/6833MB (lfb 18x4MB) SWAP 1070/3416MB (cached 0MB) CPU [5%@1420,6%@1420,10%@1420,100%@1420,3%@1420,16%@1420] EMC_FREQ 0% GR3D_FREQ 0% AUX@45.5C CPU@46.5C thermal@45.8C AO@45.5C GPU@45.5C PMIC@50C
09-27-2026 20:07:07 RAM 4699/6833MB (lfb 18x4MB) SWAP 1070/3416MB (cached 0MB) CPU [8%@1420,6%@1420,6%@1420,100%@1420,6%@1420,5%@1420] EMC_FREQ 0% GR3D_FREQ 0% AUX@45.5C CPU@46.5C thermal@45.8C AO@45.5C GPU@45.5C PMIC@50C
09-27-2026 20:07:08 RAM 4700/6833MB (lfb 18x4MB) SWAP 1070/3416MB (cached 0MB) CPU [7%@1420,5%@1420,8%@1420,100%@1420,6%@1420,7%@1420] EMC_FREQ 0% GR3D_FREQ 0% AUX@45C CPU@46.5C thermal@45.8C AO@45.5C GPU@45.5C PMIC@50C
09-27-2026 20:07:09 RAM 4699/6833MB (lfb 42x4MB) SWAP 1070/3416MB (cached 0MB) CPU [17%@1420,13%@1420,5%@1420,100%@1420,11%@1420,17%@1420] EMC_FREQ 0% GR3D_FREQ 65% AUX@45.5C CPU@46.5C thermal@45.8C AO@45.5C GPU@47.5C PMIC@50C
09-27-2026 20:07:10 RAM 4699/6833MB (lfb 42x4MB) SWAP 1070/3416MB (cached 0MB) CPU [6%@1420,6%@1420,3%@1420,100%@1420,12%@1420,5%@1420] EMC_FREQ 0% GR3D_FREQ 0% AUX@45.5C CPU@46C thermal@45.8C AO@45.5C GPU@45.5C PMIC@50C
09-27-2026 20:07:11 RAM 4829/6833MB (lfb 42x4MB) SWAP 1070/3416MB (cached 0MB) CPU [37%@1420,51%@1420,26%@1420,100%@1420,37%@1420,43%@1420] EMC_FREQ 0% GR3D_FREQ 0% AUX@45.5C CPU@47C thermal@45.65C AO@45C GPU@45.5C PMIC@50C
09-27-2026 20:07:12 RAM 4714/6833MB (lfb 42x4MB) SWAP 1070/3416MB (cached 0MB) CPU [29%@1420,23%@1420,22%@1420,100%@1420,38%@1420,72%@1420] EMC_FREQ 0% GR3D_FREQ 0% AUX@45.5C CPU@47C thermal@45.8C AO@45.5C GPU@45.5C PMIC@50C
09-27-2026 20:07:13 RAM 4714/6833MB (lfb 42x4MB) SWAP 1070/3416MB (cached 0MB) CPU [13%@1420,7%@1420,2%@1420,100%@1420,4%@1420,6%@1420] EMC_FREQ 0% GR3D_FREQ 0% AUX@45.5C CPU@46.5C thermal@45.65C AO@45C GPU@45C PMIC@50C
09-27-2026 20:07:14 RAM 4863/6833MB (lfb 29x4MB) SWAP 1070/3416MB (cached 0MB) CPU [9%@1420,6%@1420,4%@1420,100%@1420,3%@1420,11%@1420] EMC_FREQ 0% GR3D_FREQ 0% AUX@45.5C CPU@46.5C thermal@45.3C AO@45C GPU@45C PMIC@50C
09-27-2026 20:07:15 RAM 4712/6833MB (lfb 18x4MB) SWAP 1070/3416MB (cached 0MB) CPU [11%@1420,7%@1420,11%@1420,100%@1420,13%@1420,16%@1420] EMC_FREQ 0% GR3D_FREQ 0% AUX@45C CPU@46C thermal@45.6C AO@45C GPU@45C PMIC@50C
09-27-2026 20:07:16 RAM 4712/6833MB (lfb 18x4MB) SWAP 1070/3416MB (cached 0MB) CPU [7%@1420,7%@1420,2%@1420,100%@1420,8%@1420,18%@1420] EMC_FREQ 0% GR3D_FREQ 0% AUX@45.5C CPU@46C thermal@45.45C AO@45C GPU@45C PMIC@50C
09-27-2026 20:07:17 RAM 4712/6833MB (lfb 18x4MB) SWAP 1070/3416MB (cached 0MB) CPU [8%@1420,5%@1420,5%@1420,100%@1420,8%@1420,6%@1420] EMC_FREQ 0% GR3D_FREQ 0% AUX@45C CPU@46C thermal@45.3C AO@45C GPU@45C PMIC@50C
09-27-2026 20:07:18 RAM 4712/6833MB (lfb 18x4MB) SWAP 1070/3416MB (cached 0MB) CPU [7%@1420,6%@1420,4%@1420,100%@1420,9%@1420,5%@1420] EMC_FREQ 0% GR3D_FREQ 0% AUX@45C CPU@46C thermal@45.3C AO@45C GPU@45C PMIC@50C
09-27-2026 20:07:19 RAM 4712/6833MB (lfb 18x4MB) SWAP 1070/3416MB (cached 0MB) CPU [5%@1420,7%@1420,1%@1420,100%@1420,8%@1420,7%@1420] EMC_FREQ 0% GR3D_FREQ 0% AUX@45C CPU@46C thermal@45.3C AO@45C GPU@44.5C PMIC@50C
09-27-2026 20:07:20 RAM 4818/6833MB (lfb 42x4MB) SWAP 1070/3416MB (cached 0MB) CPU [31%@1420,30%@1420,31%@1420,100%@1420,34%@1420,27%@1420] EMC_FREQ 0% GR3D_FREQ 0% AUX@45C CPU@46.5C thermal@45.3C AO@45C GPU@45C PMIC@50C
09-27-2026 20:07:21 RAM 4826/6833MB (lfb 42x4MB) SWAP 1070/3416MB (cached 0MB) CPU [23%@1420,20%@1420,12%@1420,100%@1420,84%@1420,9%@1420] EMC_FREQ 0% GR3D_FREQ 0% AUX@45C CPU@46C thermal@45.45C AO@45C GPU@45C PMIC@50C
09-27-2026 20:07:22 RAM 4705/6833MB (lfb 42x4MB) SWAP 1070/3416MB (cached 0MB) CPU [32%@1420,20%@1420,12%@1420,100%@1420,50%@1420,13%@1420] EMC_FREQ 0% GR3D_FREQ 0% AUX@45C CPU@46C thermal@45.45C AO@44.5C GPU@45C PMIC@50C
09-27-2026 20:07:23 RAM 4704/6833MB (lfb 42x4MB) SWAP 1070/3416MB (cached 0MB) CPU [8%@1420,8%@1420,3%@1420,100%@1420,3%@1420,6%@1420] EMC_FREQ 0% GR3D_FREQ 0% AUX@45C CPU@46C thermal@45.3C AO@45C GPU@45C PMIC@50C
09-27-2026 20:07:24 RAM 4704/6833MB (lfb 42x4MB) SWAP 1070/3416MB (cached 0MB) CPU [4%@1420,5%@1420,4%@1420,100%@1420,8%@1420,8%@1420] EMC_FREQ 0% GR3D_FREQ 0% AUX@45C CPU@46C thermal@45.15C AO@45C GPU@44.5C PMIC@50C
09-27-2026 20:07:25 RAM 4702/6833MB (lfb 18x4MB) SWAP 1070/3416MB (cached 0MB) CPU [13%@1420,11%@1420,13%@1420,100%@1420,15%@1420,14%@1420] EMC_FREQ 0% GR3D_FREQ 0% AUX@45C CPU@46C thermal@45.3C AO@45C GPU@45C PMIC@50C
09-27-2026 20:07:26 RAM 4702/6833MB (lfb 18x4MB) SWAP 1070/3416MB (cached 0MB) CPU [12%@1420,8%@1420,0%@1420,100%@1420,4%@1420,4%@1420] EMC_FREQ 0% GR3D_FREQ 0% AUX@44.5C CPU@45.5C thermal@45.15C AO@45C GPU@45C PMIC@50C
09-27-2026 20:07:27 RAM 4702/6833MB (lfb 18x4MB) SWAP 1070/3416MB (cached 0MB) CPU [6%@1420,9%@1420,0%@1420,100%@1420,9%@1420,10%@1420] EMC_FREQ 0% GR3D_FREQ 0% AUX@45C CPU@46C thermal@45.3C AO@45C GPU@44.5C PMIC@50C
09-27-2026 20:07:28 RAM 4707/6833MB (lfb 18x4MB) SWAP 1070/3416MB (cached 0MB) CPU [34%@1420,29%@1420,13%@1420,100%@1420,25%@1420,32%@1420] EMC_FREQ 0% GR3D_FREQ 0% AUX@45C CPU@46C thermal@45.1C AO@44.5C GPU@45C PMIC@50C
09-27-2026 20:07:29 RAM 4706/6833MB (lfb 18x4MB) SWAP 1070/3416MB (cached 0MB) CPU [10%@1420,10%@1420,2%@1420,100%@1420,4%@1420,5%@1420] EMC_FREQ 0% GR3D_FREQ 0% AUX@45C CPU@45.5C thermal@45.1C AO@44.5C GPU@44.5C PMIC@50C
09-27-2026 20:07:30 RAM 4728/6833MB (lfb 42x4MB) SWAP 1070/3416MB (cached 0MB) CPU [40%@1420,34%@1420,40%@1420,100%@1420,34%@1420,34%@1420] EMC_FREQ 0% GR3D_FREQ 99% AUX@44.5C CPU@46C thermal@44.8C AO@44.5C GPU@44.5C PMIC@50C
09-27-2026 20:07:31 RAM 4801/6833MB (lfb 42x4MB) SWAP 1070/3416MB (cached 0MB) CPU [82%@1420,73%@1420,70%@1420,100%@1420,86%@1420,88%@1420] EMC_FREQ 0% GR3D_FREQ 0% AUX@45C CPU@46.5C thermal@45.9C AO@45C GPU@45C PMIC@50C
09-27-2026 20:07:32 RAM 4835/6833MB (lfb 42x4MB) SWAP 1070/3416MB (cached 0MB) CPU [47%@1420,37%@1420,94%@1420,44%@1420,68%@1420,65%@1420] EMC_FREQ 0% GR3D_FREQ 0% AUX@44.5C CPU@46C thermal@45.45C AO@44.5C GPU@45C PMIC@50C
09-27-2026 20:07:33 RAM 4708/6833MB (lfb 42x4MB) SWAP 1070/3416MB (cached 0MB) CPU [28%@1420,39%@1420,100%@1420,17%@1420,38%@1420,31%@1420] EMC_FREQ 0% GR3D_FREQ 0% AUX@45C CPU@45.5C thermal@45.3C AO@44.5C GPU@45C PMIC@50C
09-27-2026 20:07:34 RAM 4708/6833MB (lfb 42x4MB) SWAP 1070/3416MB (cached 0MB) CPU [7%@1420,12%@1420,100%@1420,1%@1420,5%@1420,6%@1420] EMC_FREQ 0% GR3D_FREQ 0% AUX@44.5C CPU@45.5C thermal@45.15C AO@44.5C GPU@44.5C PMIC@50C
09-27-2026 20:07:35 RAM 4708/6833MB (lfb 42x4MB) SWAP 1070/3416MB (cached 0MB) CPU [12%@1420,8%@1420,94%@1420,8%@1420,7%@1420,7%@1420] EMC_FREQ 0% GR3D_FREQ 0% AUX@44.5C CPU@45.5C thermal@44.8C AO@44.5C GPU@44.5C PMIC@50C
09-27-2026 20:07:36 RAM 4705/6833MB (lfb 18x4MB) SWAP 1070/3416MB (cached 0MB) CPU [58%@1420,15%@1420,47%@1420,7%@1420,8%@1420,19%@1420] EMC_FREQ 0% GR3D_FREQ 0% AUX@44.5C CPU@45.5C thermal@44.95C AO@44.5C GPU@45C PMIC@50C
09-27-2026 20:07:37 RAM 4705/6833MB (lfb 18x4MB) SWAP 1070/3416MB (cached 0MB) CPU [19%@1420,4%@1420,100%@1420,10%@1420,4%@1420,9%@1420] EMC_FREQ 0% GR3D_FREQ 0% AUX@44.5C CPU@45.5C thermal@44.95C AO@44.5C GPU@44.5C PMIC@50C
09-27-2026 20:07:38 RAM 4705/6833MB (lfb 18x4MB) SWAP 1070/3416MB (cached 0MB) CPU [93%@1420,3%@1420,12%@1420,5%@1420,8%@1420,7%@1420] EMC_FREQ 0% GR3D_FREQ 0% AUX@44.5C CPU@45.5C thermal@44.8C AO@44.5C GPU@44.5C PMIC@50C
09-27-2026 20:07:39 RAM 4705/6833MB (lfb 18x4MB) SWAP 1070/3416MB (cached 0MB) CPU [100%@1420,4%@1420,5%@1420,5%@1420,6%@1420,8%@1420] EMC_FREQ 0% GR3D_FREQ 0% AUX@44.5C CPU@45.5C thermal@44.8C AO@44.5C GPU@44.5C PMIC@50C
09-27-2026 20:07:40 RAM 4705/6833MB (lfb 18x4MB) SWAP 1070/3416MB (cached 0MB) CPU [100%@1420,5%@1420,4%@1420,3%@1420,7%@1420,8%@1420] EMC_FREQ 0% GR3D_FREQ 0% AUX@44.5C CPU@45.5C thermal@44.8C AO@44.5C GPU@44.5C PMIC@50C
09-27-2026 20:07:41 RAM 4726/6833MB (lfb 42x4MB) SWAP 1070/3416MB (cached 0MB) CPU [100%@1420,30%@1420,42%@1420,40%@1420,30%@1420,29%@1420] EMC_FREQ 0% GR3D_FREQ 0% AUX@44C CPU@46C thermal@44.6C AO@44.5C GPU@44.5C PMIC@50C
09-27-2026 20:07:42 RAM 4798/6833MB (lfb 42x4MB) SWAP 1070/3416MB (cached 0MB) CPU [97%@1420,74%@1420,86%@1420,77%@1420,85%@1420,85%@1420] EMC_FREQ 0% GR3D_FREQ 0% AUX@44.5C CPU@46.5C thermal@45.1C AO@44.5C GPU@44.5C PMIC@50C
09-27-2026 20:07:43 RAM 4825/6833MB (lfb 42x4MB) SWAP 1070/3416MB (cached 0MB) CPU [100%@1420,31%@1420,100%@1420,32%@1420,33%@1420,35%@1420] EMC_FREQ 0% GR3D_FREQ 0% AUX@44.5C CPU@45.5C thermal@45.1C AO@44.5C GPU@45C PMIC@50C
09-27-2026 20:07:44 RAM 4813/6833MB (lfb 42x4MB) SWAP 1070/3416MB (cached 0MB) CPU [100%@1420,13%@1420,91%@1420,10%@1420,25%@1420,15%@1420] EMC_FREQ 0% GR3D_FREQ 0% AUX@44.5C CPU@46C thermal@45.3C AO@44.5C GPU@45C PMIC@50C
09-27-2026 20:07:45 RAM 4701/6833MB (lfb 42x4MB) SWAP 1070/3416MB (cached 0MB) CPU [6%@1420,5%@1420,4%@1420,100%@1420,16%@1420,5%@1420] EMC_FREQ 0% GR3D_FREQ 0% AUX@44.5C CPU@46C thermal@45.1C AO@44.5C GPU@44.5C PMIC@50C
09-27-2026 20:07:46 RAM 4701/6833MB (lfb 18x4MB) SWAP 1070/3416MB (cached 0MB) CPU [11%@1420,6%@1420,9%@1420,100%@1420,23%@1420,8%@1420] EMC_FREQ 0% GR3D_FREQ 99% AUX@45C CPU@45.5C thermal@45C AO@45C GPU@45.5C PMIC@50C
09-27-2026 20:07:47 RAM 4701/6833MB (lfb 18x4MB) SWAP 1070/3416MB (cached 0MB) CPU [4%@1420,17%@1420,3%@1420,100%@1420,8%@1420,12%@1420] EMC_FREQ 0% GR3D_FREQ 0% AUX@45C CPU@46C thermal@45.3C AO@45C GPU@45C PMIC@50C
09-27-2026 20:07:48 RAM 4701/6833MB (lfb 18x4MB) SWAP 1070/3416MB (cached 0MB) CPU [6%@1420,5%@1420,2%@1420,100%@1420,5%@1420,11%@1420] EMC_FREQ 0% GR3D_FREQ 0% AUX@45C CPU@46C thermal@45.3C AO@45C GPU@45.5C PMIC@50C
09-27-2026 20:07:49 RAM 4701/6833MB (lfb 18x4MB) SWAP 1070/3416MB (cached 0MB) CPU [4%@1420,4%@1420,2%@1420,100%@1420,9%@1420,6%@1420] EMC_FREQ 0% GR3D_FREQ 0% AUX@45C CPU@46C thermal@45.3C AO@45C GPU@45.5C PMIC@50C
09-27-2026 20:07:50 RAM 4701/6833MB (lfb 18x4MB) SWAP 1070/3416MB (cached 0MB) CPU [11%@1420,9%@1420,1%@1420,100%@1420,2%@1420,5%@1420] EMC_FREQ 0% GR3D_FREQ 0% AUX@45C CPU@46C thermal@45.45C AO@45C GPU@45.5C PMIC@50C
09-27-2026 20:07:51 RAM 4864/6833MB (lfb 4x4MB) SWAP 1070/3416MB (cached 0MB) CPU [14%@1420,9%@1420,2%@1420,100%@1420,10%@1420,15%@1420] EMC_FREQ 0% GR3D_FREQ 0% AUX@45.5C CPU@46.5C thermal@45.3C AO@45.5C GPU@45C PMIC@50C
09-27-2026 20:07:52 RAM 4700/6833MB (lfb 42x4MB) SWAP 1070/3416MB (cached 0MB) CPU [12%@1420,9%@1420,8%@1420,100%@1420,9%@1420,7%@1420] EMC_FREQ 0% GR3D_FREQ 0% AUX@45.5C CPU@46.5C thermal@46.1C AO@45.5C GPU@46C PMIC@50C
09-27-2026 20:07:53 RAM 4822/6833MB (lfb 42x4MB) SWAP 1070/3416MB (cached 0MB) CPU [67%@1420,61%@1420,54%@1420,100%@1420,66%@1420,81%@1420] EMC_FREQ 0% GR3D_FREQ 0% AUX@45.5C CPU@47.5C thermal@46.1C AO@45.5C GPU@45.5C PMIC@50C
09-27-2026 20:07:54 RAM 4823/6833MB (lfb 42x4MB) SWAP 1070/3416MB (cached 0MB) CPU [7%@1420,8%@1420,9%@1420,100%@1420,5%@1420,100%@1420] EMC_FREQ 0% GR3D_FREQ 0% AUX@45.5C CPU@47C thermal@46.1C AO@46C GPU@46C PMIC@50C
09-27-2026 20:07:55 RAM 4699/6833MB (lfb 42x4MB) SWAP 1070/3416MB (cached 0MB) CPU [28%@1420,20%@1420,9%@1420,100%@1420,19%@1420,31%@1420] EMC_FREQ 0% GR3D_FREQ 0% AUX@45.5C CPU@46.5C thermal@45.95C AO@45.5C GPU@46C PMIC@50C
09-27-2026 20:07:56 RAM 4699/6833MB (lfb 42x4MB) SWAP 1070/3416MB (cached 0MB) CPU [11%@1420,6%@1420,3%@1420,100%@1420,5%@1420,4%@1420] EMC_FREQ 0% GR3D_FREQ 0% AUX@45.5C CPU@46.5C thermal@45.8C AO@45.5C GPU@45.5C PMIC@50C
09-27-2026 20:07:57 RAM 4699/6833MB (lfb 18x4MB) SWAP 1070/3416MB (cached 0MB) CPU [18%@1420,7%@1420,13%@1420,100%@1420,18%@1420,19%@1420] EMC_FREQ 0% GR3D_FREQ 0% AUX@45.5C CPU@47C thermal@46.1C AO@45.5C GPU@46C PMIC@50C
09-27-2026 20:07:58 RAM 4699/6833MB (lfb 18x4MB) SWAP 1070/3416MB (cached 0MB) CPU [8%@1420,7%@1420,2%@1420,100%@1420,3%@1420,9%@1420] EMC_FREQ 0% GR3D_FREQ 0% AUX@45.5C CPU@46.5C thermal@45.8C AO@45.5C GPU@45.5C PMIC@50C
09-27-2026 20:07:59 RAM 4699/6833MB (lfb 18x4MB) SWAP 1070/3416MB (cached 0MB) CPU [6%@1420,7%@1420,3%@1420,100%@1420,2%@1420,11%@1420] EMC_FREQ 0% GR3D_FREQ 0% AUX@45.5C CPU@46.5C thermal@45.8C AO@45.5C GPU@45.5C PMIC@50C
09-27-2026 20:08:00 RAM 4699/6833MB (lfb 18x4MB) SWAP 1070/3416MB (cached 0MB) CPU [4%@1420,7%@1420,0%@1420,100%@1420,5%@1420,11%@1420] EMC_FREQ 0% GR3D_FREQ 0% AUX@45.5C CPU@46.5C thermal@45.8C AO@45.5C GPU@45.5C PMIC@50C
09-27-2026 20:08:01 RAM 4699/6833MB (lfb 18x4MB) SWAP 1070/3416MB (cached 0MB) CPU [5%@1420,8%@1420,1%@1420,100%@1420,9%@1420,6%@1420] EMC_FREQ 0% GR3D_FREQ 0% AUX@45.5C CPU@46.5C thermal@45.8C AO@45.5C GPU@45.5C PMIC@50C
09-27-2026 20:08:02 RAM 4699/6833MB (lfb 42x4MB) SWAP 1070/3416MB (cached 0MB) CPU [11%@1420,8%@1420,15%@1420,100%@1420,23%@1420,20%@1420] EMC_FREQ 0% GR3D_FREQ 0% AUX@45.5C CPU@46.5C thermal@45.8C AO@46C GPU@47C PMIC@50C
09-27-2026 20:08:03 RAM 4819/6833MB (lfb 42x4MB) SWAP 1070/3416MB (cached 0MB) CPU [59%@1420,24%@1420,26%@1420,100%@1420,29%@1420,29%@1420] EMC_FREQ 0% GR3D_FREQ 0% AUX@45.5C CPU@46.5C thermal@45.8C AO@45.5C GPU@45.5C PMIC@50C
09-27-2026 20:08:04 RAM 4820/6833MB (lfb 42x4MB) SWAP 1070/3416MB (cached 0MB) CPU [100%@1420,14%@1420,2%@1420,100%@1420,7%@1420,6%@1420] EMC_FREQ 0% GR3D_FREQ 0% AUX@45.5C CPU@46.5C thermal@45.8C AO@45.5C GPU@45.5C PMIC@50C
09-27-2026 20:08:05 RAM 4698/6833MB (lfb 42x4MB) SWAP 1070/3416MB (cached 0MB) CPU [48%@1420,16%@1420,8%@1420,100%@1420,28%@1420,19%@1420] EMC_FREQ 0% GR3D_FREQ 0% AUX@45.5C CPU@46.5C thermal@45.6C AO@45.5C GPU@45.5C PMIC@50C
09-27-2026 20:08:06 RAM 4698/6833MB (lfb 42x4MB) SWAP 1070/3416MB (cached 0MB) CPU [10%@1420,10%@1420,2%@1420,100%@1420,4%@1420,4%@1420] EMC_FREQ 0% GR3D_FREQ 0% AUX@45.5C CPU@46.5C thermal@45.8C AO@45.5C GPU@45.5C PMIC@50C
09-27-2026 20:08:07 RAM 4699/6833MB (lfb 18x4MB) SWAP 1070/3416MB (cached 0MB) CPU [14%@1420,10%@1420,5%@1420,100%@1420,22%@1420,16%@1420] EMC_FREQ 0% GR3D_FREQ 0% AUX@45C CPU@46.5C thermal@45.5C AO@45.5C GPU@45.5C PMIC@50C
09-27-2026 20:08:08 RAM 4699/6833MB (lfb 18x4MB) SWAP 1070/3416MB (cached 0MB) CPU [11%@1420,7%@1420,9%@1420,100%@1420,6%@1420,5%@1420] EMC_FREQ 0% GR3D_FREQ 0% AUX@45C CPU@46C thermal@45.5C AO@45.5C GPU@45.5C PMIC@50C
09-27-2026 20:08:09 RAM 4699/6833MB (lfb 18x4MB) SWAP 1070/3416MB (cached 0MB) CPU [5%@1420,5%@1420,4%@1420,100%@1420,5%@1420,11%@1420] EMC_FREQ 0% GR3D_FREQ 0% AUX@45C CPU@46C thermal@45.8C AO@45.5C GPU@45C PMIC@50C
09-27-2026 20:08:10 RAM 4699/6833MB (lfb 18x4MB) SWAP 1070/3416MB (cached 0MB) CPU [11%@1420,7%@1420,3%@1420,100%@1420,5%@1420,5%@1420] EMC_FREQ 0% GR3D_FREQ 0% AUX@45C CPU@46C thermal@45.8C AO@45.5C GPU@45C PMIC@50C
09-27-2026 20:08:11 RAM 4699/6833MB (lfb 18x4MB) SWAP 1070/3416MB (cached 0MB) CPU [6%@1420,10%@1420,0%@1420,100%@1420,4%@1420,7%@1420] EMC_FREQ 0% GR3D_FREQ 0% AUX@45C CPU@46C thermal@45.3C AO@45C GPU@45C PMIC@50C
09-27-2026 20:08:12 RAM 4699/6833MB (lfb 18x4MB) SWAP 1070/3416MB (cached 0MB) CPU [6%@1420,6%@1420,3%@1420,100%@1420,6%@1420,19%@1420] EMC_FREQ 0% GR3D_FREQ 0% AUX@45C CPU@46C thermal@45.3C AO@45C GPU@44.5C PMIC@50C
09-27-2026 20:08:13 RAM 4819/6833MB (lfb 42x4MB) SWAP 1070/3416MB (cached 0MB) CPU [35%@1420,34%@1420,30%@1420,100%@1420,49%@1420,36%@1420] EMC_FREQ 0% GR3D_FREQ 0% AUX@45C CPU@46.5C thermal@45.45C AO@45.5C GPU@45C PMIC@50C
09-27-2026 20:08:14 RAM 4819/6833MB (lfb 42x4MB) SWAP 1070/3416MB (cached 0MB) CPU [12%@1420,10%@1420,2%@1420,100%@1420,100%@1420,7%@1420] EMC_FREQ 0% GR3D_FREQ 0% AUX@45.5C CPU@46.5C thermal@45.45C AO@45C GPU@45C PMIC@50C
09-27-2026 20:08:15 RAM 4698/6833MB (lfb 42x4MB) SWAP 1070/3416MB (cached 0MB) CPU [22%@1420,19%@1420,17%@1420,100%@1420,42%@1420,11%@1420] EMC_FREQ 0% GR3D_FREQ 0% AUX@45.5C CPU@46C thermal@45.3C AO@45C GPU@45C PMIC@50C
09-27-2026 20:08:16 RAM 4698/6833MB (lfb 42x4MB) SWAP 1070/3416MB (cached 0MB) CPU [4%@1420,6%@1420,7%@1420,100%@1420,5%@1420,8%@1420] EMC_FREQ 0% GR3D_FREQ 0% AUX@45C CPU@46C thermal@45.15C AO@45C GPU@45C PMIC@50C
09-27-2026 20:08:17 RAM 4698/6833MB (lfb 42x4MB) SWAP 1070/3416MB (cached 0MB) CPU [5%@1420,6%@1420,9%@1420,100%@1420,2%@1420,5%@1420] EMC_FREQ 0% GR3D_FREQ 0% AUX@45C CPU@46C thermal@45.3C AO@45C GPU@45C PMIC@50C
09-27-2026 20:08:18 RAM 4699/6833MB (lfb 18x4MB) SWAP 1070/3416MB (cached 0MB) CPU [9%@1420,8%@1420,12%@1420,100%@1420,13%@1420,16%@1420] EMC_FREQ 0% GR3D_FREQ 0% AUX@45C CPU@46C thermal@45.3C AO@45C GPU@45.5C PMIC@50C
09-27-2026 20:08:19 RAM 4699/6833MB (lfb 18x4MB) SWAP 1070/3416MB (cached 0MB) CPU [31%@1420,26%@1420,22%@1420,100%@1420,23%@1420,27%@1420] EMC_FREQ 0% GR3D_FREQ 0% AUX@45C CPU@46C thermal@45.45C AO@45C GPU@45C PMIC@50C
09-27-2026 20:08:20 RAM 4699/6833MB (lfb 18x4MB) SWAP 1070/3416MB (cached 0MB) CPU [11%@1420,9%@1420,2%@1420,100%@1420,5%@1420,16%@1420] EMC_FREQ 0% GR3D_FREQ 0% AUX@45C CPU@45.5C thermal@45.15C AO@45C GPU@45C PMIC@50C
09-27-2026 20:08:21 RAM 4699/6833MB (lfb 18x4MB) SWAP 1070/3416MB (cached 0MB) CPU [7%@1420,8%@1420,4%@1420,100%@1420,6%@1420,7%@1420] EMC_FREQ 0% GR3D_FREQ 0% AUX@45C CPU@46C thermal@45C AO@45C GPU@44.5C PMIC@50C
09-27-2026 20:08:22 RAM 4699/6833MB (lfb 18x4MB) SWAP 1070/3416MB (cached 0MB) CPU [5%@1420,7%@1420,2%@1420,100%@1420,8%@1420,5%@1420] EMC_FREQ 0% GR3D_FREQ 0% AUX@45C CPU@45.5C thermal@45.15C AO@44.5C GPU@44.5C PMIC@50C
09-27-2026 20:08:23 RAM 4816/6833MB (lfb 42x4MB) SWAP 1070/3416MB (cached 0MB) CPU [50%@1420,43%@1420,26%@1420,100%@1420,40%@1420,42%@1420] EMC_FREQ 0% GR3D_FREQ 0% AUX@45C CPU@46.5C thermal@44.8C AO@44.5C GPU@44.5C PMIC@50C
09-27-2026 20:08:24 RAM 4835/6833MB (lfb 42x4MB) SWAP 1070/3416MB (cached 0MB) CPU [50%@1420,40%@1420,11%@1420,100%@1420,37%@1420,28%@1420] EMC_FREQ 0% GR3D_FREQ 0% AUX@45C CPU@46C thermal@45.3C AO@45C GPU@45C PMIC@50C
09-27-2026 20:08:25 RAM 4714/6833MB (lfb 42x4MB) SWAP 1070/3416MB (cached 0MB) CPU [26%@1420,15%@1420,6%@1420,100%@1420,16%@1420,21%@1420] EMC_FREQ 0% GR3D_FREQ 0% AUX@45C CPU@45.5C thermal@45.15C AO@44.5C GPU@45C PMIC@50C
09-27-2026 20:08:26 RAM 4714/6833MB (lfb 42x4MB) SWAP 1070/3416MB (cached 0MB) CPU [12%@1420,10%@1420,3%@1420,100%@1420,4%@1420,18%@1420] EMC_FREQ 0% GR3D_FREQ 0% AUX@45C CPU@45.5C thermal@45C AO@45C GPU@44.5C PMIC@50C
09-27-2026 20:08:27 RAM 4714/6833MB (lfb 42x4MB) SWAP 1070/3416MB (cached 0MB) CPU [7%@1420,7%@1420,2%@1420,100%@1420,7%@1420,6%@1420] EMC_FREQ 0% GR3D_FREQ 0% AUX@44.5C CPU@45.5C thermal@44.8C AO@44.5C GPU@44.5C PMIC@50C
09-27-2026 20:08:28 RAM 4713/6833MB (lfb 42x4MB) SWAP 1070/3416MB (cached 0MB) CPU [17%@1420,5%@1420,3%@1420,100%@1420,11%@1420,7%@1420] EMC_FREQ 0% GR3D_FREQ 0% AUX@44.5C CPU@45.5C thermal@44.8C AO@44.5C GPU@44.5C PMIC@50C
09-27-2026 20:08:29 RAM 4711/6833MB (lfb 18x4MB) SWAP 1070/3416MB (cached 0MB) CPU [6%@1420,18%@1420,4%@1420,100%@1420,10%@1420,15%@1420] EMC_FREQ 0% GR3D_FREQ 0% AUX@44.5C CPU@46C thermal@44.65C AO@44.5C GPU@45C PMIC@50C
09-27-2026 20:08:30 RAM 4711/6833MB (lfb 18x4MB) SWAP 1070/3416MB (cached 0MB) CPU [8%@1420,6%@1420,3%@1420,100%@1420,5%@1420,10%@1420] EMC_FREQ 0% GR3D_FREQ 0% AUX@44.5C CPU@45.5C thermal@44.8C AO@44.5C GPU@44.5C PMIC@50C
09-27-2026 20:08:31 RAM 4711/6833MB (lfb 18x4MB) SWAP 1070/3416MB (cached 0MB) CPU [16%@1420,6%@1420,2%@1420,100%@1420,7%@1420,12%@1420] EMC_FREQ 0% GR3D_FREQ 0% AUX@44.5C CPU@45.5C thermal@44.8C AO@44.5C GPU@44.5C PMIC@50C
09-27-2026 20:08:32 RAM 4711/6833MB (lfb 18x4MB) SWAP 1070/3416MB (cached 0MB) CPU [7%@1420,5%@1420,1%@1420,100%@1420,4%@1420,12%@1420] EMC_FREQ 0% GR3D_FREQ 0% AUX@44.5C CPU@45.5C thermal@44.8C AO@44C GPU@44.5C PMIC@50C
