1791263924.575188 10-06-2026 14:18:44 RAM 1587/6833MB (lfb 147x4MB) SWAP 202/3417MB (cached 1MB) CPU [5%@1420,0%@1420,0%@1420,0%@1420,0%@1420,100%@1420] EMC_FREQ 0% GR3D_FREQ 0% AUX@41C CPU@41.5C thermal@41.3C AO@41C GPU@41C PMIC@50C
1791263924.778353 10-06-2026 14:18:44 RAM 1588/6833MB (lfb 147x4MB) SWAP 202/3417MB (cached 1MB) CPU [4%@1420,4%@1420,0%@1420,0%@1420,0%@1420,95%@1420] EMC_FREQ 0% GR3D_FREQ 0% AUX@40.5C CPU@41.5C thermal@41.3C AO@41C GPU@41C PMIC@50C
1791263924.981749 10-06-2026 14:18:44 RAM 1590/6833MB (lfb 147x4MB) SWAP 202/3417MB (cached 1MB) CPU [0%@1420,0%@1420,4%@1420,4%@1420,0%@1420,90%@1420] EMC_FREQ 0% GR3D_FREQ 0% AUX@40.5C CPU@41.5C thermal@41.3C AO@41C GPU@41C PMIC@50C
1791263925.185217 10-06-2026 14:18:45 RAM 1590/6833MB (lfb 147x4MB) SWAP 202/3417MB (cached 1MB) CPU [0%@1420,0%@1420,0%@1420,0%@1420,0%@1420,94%@1420] EMC_FREQ 0% GR3D_FREQ 0% AUX@40.5C CPU@41.5C thermal@41.3C AO@41C GPU@41C PMIC@50C
1791263925.388504 10-06-2026 14:18:45 RAM 1590/6833MB (lfb 147x4MB) SWAP 202/3417MB (cached 1MB) CPU [0%@1420,4%@1420,42%@1420,0%@1420,0%@1420,52%@1420] EMC_FREQ 0% GR3D_FREQ 0% AUX@41C CPU@41.5C thermal@41.3C AO@41C GPU@41C PMIC@50C
1791263925.591958 10-06-2026 14:18:45 RAM 1593/6833MB (lfb 147x4MB) SWAP 202/3417MB (cached 1MB) CPU [5%@1420,4%@1420,78%@1420,0%@1420,0%@1420,0%@1420] EMC_FREQ 0% GR3D_FREQ 0% AUX@41C CPU@41.5C thermal@41.15C AO@41C GPU@41C PMIC@50C
1791263925.796335 10-06-2026 14:18:45 RAM 1592/6833MB (lfb 147x4MB) SWAP 202/3417MB (cached 1MB) CPU [5%@1420,0%@1420,73%@1420,5%@1420,0%@1420,0%@1420] EMC_FREQ 0% GR3D_FREQ 0% AUX@40.5C CPU@41.5C thermal@41.15C AO@41C GPU@41C PMIC@50C
1791263925.999707 10-06-2026 14:18:45 RAM 1592/6833MB (lfb 147x4MB) SWAP 202/3417MB (cached 1MB) CPU [5%@1190,16%@1190,5%@1190,9%@1190,0%@1420,0%@1420] EMC_FREQ 0% GR3D_FREQ 0% AUX@40.5C CPU@41.5C thermal@41.15C AO@41C GPU@41C PMIC@50C
1791263926.203206 10-06-2026 14:18:46 RAM 1592/6833MB (lfb 147x4MB) SWAP 202/3417MB (cached 1MB) CPU [9%@1190,38%@1190,4%@1190,9%@1190,0%@1190,0%@1190] EMC_FREQ 0% GR3D_FREQ 0% AUX@40.5C CPU@41.5C thermal@41.15C AO@41C GPU@41C PMIC@50C
1791263926.406609 10-06-2026 14:18:46 RAM 1594/6833MB (lfb 147x4MB) SWAP 202/3417MB (cached 1MB) CPU [9%@1190,35%@1190,4%@1190,0%@1190,0%@1420,0%@1420] EMC_FREQ 0% GR3D_FREQ 0% AUX@40.5C CPU@41.5C thermal@41.15C AO@41C GPU@41C PMIC@50C
1791263926.610383 10-06-2026 14:18:46 RAM 1594/6833MB (lfb 147x4MB) SWAP 202/3417MB (cached 1MB) CPU [83%@1420,10%@1420,4%@1420,0%@1420,0%@1420,0%@1420] EMC_FREQ 0% GR3D_FREQ 0% AUX@40.5C CPU@41.5C thermal@41.3C AO@41C GPU@41C PMIC@50C
1791263926.813608 10-06-2026 14:18:46 RAM 1594/6833MB (lfb 147x4MB) SWAP 202/3417MB (cached 1MB) CPU [100%@1420,4%@1420,0%@1420,0%@1420,0%@1420,0%@1420] EMC_FREQ 0% GR3D_FREQ 0% AUX@41C CPU@41.5C thermal@41.3C AO@41C GPU@41C PMIC@50C
1791263927.016955 10-06-2026 14:18:47 RAM 1596/6833MB (lfb 147x4MB) SWAP 202/3417MB (cached 1MB) CPU [4%@1420,82%@1420,0%@1420,0%@1420,0%@1420,0%@1420] EMC_FREQ 0% GR3D_FREQ 0% AUX@40.5C CPU@41.5C thermal@41.3C AO@41C GPU@41C PMIC@50C
1791263927.220230 10-06-2026 14:18:47 RAM 1596/6833MB (lfb 147x4MB) SWAP 202/3417MB (cached 1MB) CPU [80%@1420,16%@1420,0%@1420,0%@1420,0%@1420,0%@1420] EMC_FREQ 0% GR3D_FREQ 0% AUX@40.5C CPU@42C thermal@41.3C AO@41C GPU@41C PMIC@50C
1791263927.423477 10-06-2026 14:18:47 RAM 1599/6833MB (lfb 147x4MB) SWAP 202/3417MB (cached 1MB) CPU [26%@1420,61%@1420,4%@1420,4%@1420,0%@1420,4%@1420] EMC_FREQ 0% GR3D_FREQ 0% AUX@40.5C CPU@41.5C thermal@41.3C AO@41C GPU@41C PMIC@50C
1791263927.626787 10-06-2026 14:18:47 RAM 1599/6833MB (lfb 147x4MB) SWAP 202/3417MB (cached 1MB) CPU [57%@1420,40%@1420,0%@1420,0%@1420,0%@1420,0%@1420] EMC_FREQ 0% GR3D_FREQ 0% AUX@40.5C CPU@41.5C thermal@41.3C AO@41C GPU@41C PMIC@50C
1791263927.830194 10-06-2026 14:18:47 RAM 1608/6833MB (lfb 147x4MB) SWAP 202/3417MB (cached 1MB) CPU [45%@1420,57%@1420,10%@1420,5%@1420,14%@1420,10%@1420] EMC_FREQ 0% GR3D_FREQ 0% AUX@40.5C CPU@41.5C thermal@40.95C AO@41C GPU@41C PMIC@50C
1791263928.033678 10-06-2026 14:18:48 RAM 1612/6833MB (lfb 147x4MB) SWAP 202/3417MB (cached 1MB) CPU [100%@1420,100%@1420,100%@1420,100%@1420,100%@1420,100%@1420] EMC_FREQ 0% GR3D_FREQ 0% AUX@40.5C CPU@42C thermal@40.95C AO@41C GPU@41C PMIC@50C
1791263928.237153 10-06-2026 14:18:48 RAM 1613/6833MB (lfb 147x4MB) SWAP 202/3417MB (cached 1MB) CPU [100%@1420,100%@1420,100%@1420,100%@1420,77%@1420,100%@1420] EMC_FREQ 0% GR3D_FREQ 0% AUX@40.5C CPU@42C thermal@40.95C AO@41C GPU@41C PMIC@50C
1791263928.440602 10-06-2026 14:18:48 RAM 1615/6833MB (lfb 147x4MB) SWAP 202/3417MB (cached 1MB) CPU [76%@1420,100%@1420,100%@1420,100%@1420,100%@1420,100%@1420] EMC_FREQ 0% GR3D_FREQ 0% AUX@41C CPU@42C thermal@40.95C AO@41C GPU@41C PMIC@50C
1791263928.644056 10-06-2026 14:18:48 RAM 1617/6833MB (lfb 147x4MB) SWAP 202/3417MB (cached 1MB) CPU [94%@1420,100%@1420,100%@1420,100%@1420,100%@1420,100%@1420] EMC_FREQ 0% GR3D_FREQ 0% AUX@40.5C CPU@42C thermal@40.95C AO@41C GPU@41C PMIC@50C
1791263928.847393 10-06-2026 14:18:48 RAM 1618/6833MB (lfb 147x4MB) SWAP 202/3417MB (cached 1MB) CPU [89%@1420,100%@1420,100%@1420,100%@1420,100%@1420,100%@1420] EMC_FREQ 0% GR3D_FREQ 0% AUX@40.5C CPU@42.5C thermal@41.3C AO@41C GPU@41C PMIC@50C
1791263929.051051 10-06-2026 14:18:49 RAM 1620/6833MB (lfb 147x4MB) SWAP 202/3417MB (cached 1MB) CPU [90%@1420,100%@1420,100%@1420,100%@1420,100%@1420,100%@1420] EMC_FREQ 0% GR3D_FREQ 0% AUX@40.5C CPU@42.5C thermal@41.3C AO@40.5C GPU@41C PMIC@50C
1791263929.255318 10-06-2026 14:18:49 RAM 1624/6833MB (lfb 147x4MB) SWAP 202/3417MB (cached 1MB) CPU [76%@1420,100%@1420,100%@1420,100%@1420,100%@1420,100%@1420] EMC_FREQ 0% GR3D_FREQ 0% AUX@41C CPU@42.5C thermal@41.3C AO@40.5C GPU@41C PMIC@50C
1791263929.458718 10-06-2026 14:18:49 RAM 1626/6833MB (lfb 147x4MB) SWAP 202/3417MB (cached 1MB) CPU [80%@1420,100%@1420,100%@1420,100%@1420,100%@1420,100%@1420] EMC_FREQ 0% GR3D_FREQ 0% AUX@40.5C CPU@42.5C thermal@41.3C AO@41C GPU@41C PMIC@50C
1791263929.662232 10-06-2026 14:18:49 RAM 1628/6833MB (lfb 147x4MB) SWAP 202/3417MB (cached 1MB) CPU [95%@1420,100%@1420,100%@1420,100%@1420,100%@1420,100%@1420] EMC_FREQ 0% GR3D_FREQ 0% AUX@41C CPU@42.5C thermal@41.3C AO@41C GPU@41C PMIC@50C
1791263929.865692 10-06-2026 14:18:49 RAM 1628/6833MB (lfb 147x4MB) SWAP 202/3417MB (cached 1MB) CPU [95%@1420,100%@1420,100%@1420,100%@1420,100%@1420,100%@1420] EMC_FREQ 0% GR3D_FREQ 0% AUX@41C CPU@42.5C thermal@41.3C AO@41C GPU@41C PMIC@50C
1791263930.069085 10-06-2026 14:18:50 RAM 1629/6833MB (lfb 147x4MB) SWAP 202/3417MB (cached 1MB) CPU [89%@1420,100%@1420,100%@1420,100%@1420,100%@1420,100%@1420] EMC_FREQ 0% GR3D_FREQ 0% AUX@40.5C CPU@42.5C thermal@41.45C AO@41C GPU@41C PMIC@50C
1791263930.272460 10-06-2026 14:18:50 RAM 1632/6833MB (lfb 147x4MB) SWAP 202/3417MB (cached 1MB) CPU [88%@1420,100%@1420,100%@1420,100%@1420,100%@1420,100%@1420] EMC_FREQ 0% GR3D_FREQ 0% AUX@41C CPU@42.5C thermal@41.45C AO@41C GPU@41C PMIC@50C
1791263930.475978 10-06-2026 14:18:50 RAM 1633/6833MB (lfb 147x4MB) SWAP 202/3417MB (cached 1MB) CPU [90%@1420,100%@1420,100%@1420,100%@1420,100%@1420,100%@1420] EMC_FREQ 0% GR3D_FREQ 0% AUX@41C CPU@42.5C thermal@41.45C AO@41C GPU@41C PMIC@50C
1791263930.679428 10-06-2026 14:18:50 RAM 1634/6833MB (lfb 147x4MB) SWAP 202/3417MB (cached 1MB) CPU [90%@1420,100%@1420,100%@1420,100%@1420,100%@1420,100%@1420] EMC_FREQ 0% GR3D_FREQ 0% AUX@41C CPU@42.5C thermal@41.45C AO@41C GPU@41C PMIC@50C
1791263930.882849 10-06-2026 14:18:50 RAM 1637/6833MB (lfb 147x4MB) SWAP 202/3417MB (cached 1MB) CPU [95%@1420,100%@1420,100%@1420,100%@1420,100%@1420,100%@1420] EMC_FREQ 0% GR3D_FREQ 0% AUX@41C CPU@42.5C thermal@41.45C AO@41C GPU@41C PMIC@50C
1791263931.086292 10-06-2026 14:18:51 RAM 1637/6833MB (lfb 147x4MB) SWAP 202/3417MB (cached 1MB) CPU [75%@1420,100%@1420,100%@1420,100%@1420,100%@1420,100%@1420] EMC_FREQ 0% GR3D_FREQ 0% AUX@41C CPU@42.5C thermal@41.45C AO@41C GPU@41C PMIC@50C
1791263931.290025 10-06-2026 14:18:51 RAM 1639/6833MB (lfb 147x4MB) SWAP 202/3417MB (cached 1MB) CPU [76%@1420,100%@1420,100%@1420,94%@1420,100%@1420,100%@1420] EMC_FREQ 0% GR3D_FREQ 13% AUX@41C CPU@42.5C thermal@41.45C AO@41C GPU@41C PMIC@50C
1791263931.495997 10-06-2026 14:18:51 RAM 1641/6833MB (lfb 147x4MB) SWAP 202/3417MB (cached 1MB) CPU [100%@1420,100%@1420,100%@1420,95%@1420,100%@1420,100%@1420] EMC_FREQ 0% GR3D_FREQ 0% AUX@41C CPU@42.5C thermal@41.45C AO@41C GPU@41C PMIC@50C
1791263931.696892 10-06-2026 14:18:51 RAM 1641/6833MB (lfb 147x4MB) SWAP 202/3417MB (cached 1MB) CPU [100%@1420,100%@1420,100%@1420,89%@1420,100%@1420,100%@1420] EMC_FREQ 0% GR3D_FREQ 0% AUX@41C CPU@42.5C thermal@41.45C AO@41C GPU@41C PMIC@50C
1791263931.900341 10-06-2026 14:18:51 RAM 1651/6833MB (lfb 147x4MB) SWAP 202/3417MB (cached 1MB) CPU [100%@1420,100%@1420,100%@1420,65%@1420,100%@1420,95%@1420] EMC_FREQ 0% GR3D_FREQ 36% AUX@41C CPU@42.5C thermal@41.45C AO@41.5C GPU@41.5C PMIC@50C
1791263932.104288 10-06-2026 14:18:52 RAM 1676/6833MB (lfb 147x4MB) SWAP 202/3417MB (cached 1MB) CPU [80%@1420,100%@1420,100%@1420,100%@1420,100%@1420,100%@1420] EMC_FREQ 0% GR3D_FREQ 0% AUX@41C CPU@43C thermal@41.45C AO@41.5C GPU@41C PMIC@50C
1791263932.307579 10-06-2026 14:18:52 RAM 1677/6833MB (lfb 147x4MB) SWAP 202/3417MB (cached 1MB) CPU [100%@1420,100%@1420,89%@1420,47%@1420,100%@1420,100%@1420] EMC_FREQ 0% GR3D_FREQ 0% AUX@41.5C CPU@43C thermal@41.45C AO@41.5C GPU@41C PMIC@50C
1791263932.511929 10-06-2026 14:18:52 RAM 1694/6833MB (lfb 147x4MB) SWAP 202/3417MB (cached 1MB) CPU [100%@1420,100%@1420,100%@1420,47%@1420,100%@1420,100%@1420] EMC_FREQ 0% GR3D_FREQ 0% AUX@41.5C CPU@42.5C thermal@41.45C AO@41.5C GPU@41.5C PMIC@50C
1791263932.715404 10-06-2026 14:18:52 RAM 1725/6833MB (lfb 147x4MB) SWAP 202/3417MB (cached 1MB) CPU [85%@1420,100%@1420,100%@1420,100%@1420,100%@1420,100%@1420] EMC_FREQ 0% GR3D_FREQ 0% AUX@41.5C CPU@43C thermal@41.45C AO@41C GPU@41C PMIC@50C
1791263932.918727 10-06-2026 14:18:52 RAM 1737/6833MB (lfb 147x4MB) SWAP 202/3417MB (cached 1MB) CPU [95%@1420,100%@1420,100%@1420,100%@1420,80%@1420,100%@1420] EMC_FREQ 0% GR3D_FREQ 0% AUX@41.5C CPU@42.5C thermal@41.45C AO@41.5C GPU@41C PMIC@50C
1791263933.122213 10-06-2026 14:18:53 RAM 1739/6833MB (lfb 147x4MB) SWAP 202/3417MB (cached 1MB) CPU [85%@1420,100%@1420,100%@1420,100%@1420,100%@1420,100%@1420] EMC_FREQ 0% GR3D_FREQ 0% AUX@41.5C CPU@43C thermal@41.45C AO@41.5C GPU@41.5C PMIC@50C
1791263933.325601 10-06-2026 14:18:53 RAM 1740/6833MB (lfb 147x4MB) SWAP 202/3417MB (cached 1MB) CPU [100%@1420,100%@1420,100%@1420,100%@1420,100%@1420,100%@1420] EMC_FREQ 0% GR3D_FREQ 0% AUX@41.5C CPU@43C thermal@41.8C AO@41.5C GPU@41.5C PMIC@50C
1791263933.530026 10-06-2026 14:18:53 RAM 1747/6833MB (lfb 147x4MB) SWAP 202/3417MB (cached 1MB) CPU [100%@1420,100%@1420,100%@1420,100%@1420,100%@1420,100%@1420] EMC_FREQ 0% GR3D_FREQ 0% AUX@41.5C CPU@43C thermal@41.8C AO@41C GPU@41.5C PMIC@50C
1791263933.733827 10-06-2026 14:18:53 RAM 1751/6833MB (lfb 147x4MB) SWAP 202/3417MB (cached 1MB) CPU [100%@1420,100%@1420,100%@1420,100%@1420,100%@1420,100%@1420] EMC_FREQ 0% GR3D_FREQ 0% AUX@41.5C CPU@43C thermal@41.8C AO@41.5C GPU@41.5C PMIC@50C
1791263933.937277 10-06-2026 14:18:53 RAM 1756/6833MB (lfb 147x4MB) SWAP 202/3417MB (cached 1MB) CPU [100%@1420,100%@1420,100%@1420,100%@1420,100%@1420,100%@1420] EMC_FREQ 0% GR3D_FREQ 0% AUX@41.5C CPU@43C thermal@41.8C AO@41.5C GPU@41.5C PMIC@50C
1791263934.140784 10-06-2026 14:18:54 RAM 1759/6833MB (lfb 147x4MB) SWAP 202/3417MB (cached 1MB) CPU [100%@1420,100%@1420,100%@1420,100%@1420,100%@1420,100%@1420] EMC_FREQ 0% GR3D_FREQ 0% AUX@41.5C CPU@43C thermal@41.8C AO@41.5C GPU@41.5C PMIC@50C
1791263934.344174 10-06-2026 14:18:54 RAM 1764/6833MB (lfb 147x4MB) SWAP 202/3417MB (cached 1MB) CPU [100%@1420,100%@1420,100%@1420,100%@1420,100%@1420,100%@1420] EMC_FREQ 0% GR3D_FREQ 0% AUX@41.5C CPU@43C thermal@41.8C AO@41.5C GPU@41.5C PMIC@50C
1791263934.547754 10-06-2026 14:18:54 RAM 1767/6833MB (lfb 147x4MB) SWAP 202/3417MB (cached 1MB) CPU [100%@1420,100%@1420,100%@1420,100%@1420,100%@1420,100%@1420] EMC_FREQ 0% GR3D_FREQ 0% AUX@41.5C CPU@43.5C thermal@41.95C AO@41.5C GPU@41.5C PMIC@50C
1791263934.750910 10-06-2026 14:18:54 RAM 1769/6833MB (lfb 147x4MB) SWAP 202/3417MB (cached 1MB) CPU [100%@1420,100%@1420,100%@1420,100%@1420,100%@1420,100%@1420] EMC_FREQ 0% GR3D_FREQ 0% AUX@41.5C CPU@43C thermal@41.95C AO@41.5C GPU@41.5C PMIC@50C
1791263934.954290 10-06-2026 14:18:54 RAM 1771/6833MB (lfb 147x4MB) SWAP 202/3417MB (cached 1MB) CPU [100%@1420,100%@1420,100%@1420,100%@1420,100%@1420,100%@1420] EMC_FREQ 0% GR3D_FREQ 0% AUX@41.5C CPU@43.5C thermal@41.95C AO@41.5C GPU@41.5C PMIC@50C
1791263935.157784 10-06-2026 14:18:55 RAM 1779/6833MB (lfb 147x4MB) SWAP 202/3417MB (cached 1MB) CPU [100%@1420,100%@1420,100%@1420,100%@1420,100%@1420,100%@1420] EMC_FREQ 0% GR3D_FREQ 0% AUX@41.5C CPU@43C thermal@41.95C AO@41.5C GPU@41.5C PMIC@50C
1791263935.361526 10-06-2026 14:18:55 RAM 1782/6833MB (lfb 147x4MB) SWAP 202/3417MB (cached 1MB) CPU [100%@1420,100%@1420,100%@1420,100%@1420,100%@1420,100%@1420] EMC_FREQ 0% GR3D_FREQ 0% AUX@42C CPU@43.5C thermal@41.95C AO@41.5C GPU@41.5C PMIC@50C
1791263935.565019 10-06-2026 14:18:55 RAM 1793/6833MB (lfb 147x4MB) SWAP 202/3417MB (cached 1MB) CPU [100%@1420,95%@1420,100%@1420,100%@1420,100%@1420,100%@1420] EMC_FREQ 0% GR3D_FREQ 0% AUX@41.5C CPU@43.5C thermal@42.45C AO@41.5C GPU@42C PMIC@50C
1791263935.768379 10-06-2026 14:18:55 RAM 1796/6833MB (lfb 147x4MB) SWAP 202/3417MB (cached 1MB) CPU [100%@1420,100%@1420,100%@1420,100%@1420,100%@1420,100%@1420] EMC_FREQ 0% GR3D_FREQ 0% AUX@41.5C CPU@43.5C thermal@42.45C AO@41.5C GPU@41.5C PMIC@50C
1791263936.028339 10-06-2026 14:18:56 RAM 1797/6833MB (lfb 147x4MB) SWAP 202/3417MB (cached 1MB) CPU [100%@1420,100%@1420,100%@1420,100%@1420,100%@1420,100%@1420] EMC_FREQ 0% GR3D_FREQ 0% AUX@42C CPU@43.5C thermal@42.45C AO@41.5C GPU@42C PMIC@50C
1791263936.237873 10-06-2026 14:18:56 RAM 1798/6833MB (lfb 147x4MB) SWAP 202/3417MB (cached 1MB) CPU [95%@1420,100%@1420,100%@1420,100%@1420,100%@1420,100%@1420] EMC_FREQ 0% GR3D_FREQ 0% AUX@42C CPU@43.5C thermal@42.45C AO@42C GPU@41.5C PMIC@50C
1791263936.435346 10-06-2026 14:18:56 RAM 1799/6833MB (lfb 147x4MB) SWAP 202/3417MB (cached 1MB) CPU [100%@1420,85%@1420,100%@1420,95%@1420,100%@1420,100%@1420] EMC_FREQ 0% GR3D_FREQ 0% AUX@42C CPU@43C thermal@42.45C AO@41.5C GPU@42C PMIC@50C
1791263936.638852 10-06-2026 14:18:56 RAM 1801/6833MB (lfb 147x4MB) SWAP 202/3417MB (cached 1MB) CPU [100%@1420,85%@1420,100%@1420,90%@1420,100%@1420,100%@1420] EMC_FREQ 0% GR3D_FREQ 0% AUX@42C CPU@43.5C thermal@42.45C AO@41.5C GPU@42C PMIC@50C
1791263936.849333 10-06-2026 14:18:56 RAM 1802/6833MB (lfb 147x4MB) SWAP 202/3417MB (cached 1MB) CPU [100%@1420,85%@1420,100%@1420,95%@1420,100%@1420,100%@1420] EMC_FREQ 0% GR3D_FREQ 0% AUX@41.5C CPU@43.5C thermal@42.45C AO@41.5C GPU@41.5C PMIC@50C
1791263937.047907 10-06-2026 14:18:57 RAM 1805/6833MB (lfb 147x4MB) SWAP 202/3417MB (cached 1MB) CPU [100%@1420,100%@1420,100%@1420,80%@1420,100%@1420,100%@1420] EMC_FREQ 0% GR3D_FREQ 0% AUX@42C CPU@43.5C thermal@42.45C AO@42C GPU@41.5C PMIC@50C
1791263937.251416 10-06-2026 14:18:57 RAM 1806/6833MB (lfb 147x4MB) SWAP 202/3417MB (cached 1MB) CPU [100%@1420,100%@1420,100%@1420,90%@1420,100%@1420,100%@1420] EMC_FREQ 0% GR3D_FREQ 0% AUX@42C CPU@43.5C thermal@42.45C AO@42C GPU@42C PMIC@50C
1791263937.528314 10-06-2026 14:18:57 RAM 1808/6833MB (lfb 147x4MB) SWAP 202/3417MB (cached 1MB) CPU [100%@1420,100%@1420,100%@1420,89%@1420,100%@1420,100%@1420] EMC_FREQ 0% GR3D_FREQ 0% AUX@42C CPU@43.5C thermal@42.45C AO@41.5C GPU@42C PMIC@50C
1791263937.745043 10-06-2026 14:18:57 RAM 1809/6833MB (lfb 147x4MB) SWAP 202/3417MB (cached 1MB) CPU [100%@1420,100%@1420,100%@1420,90%@1420,100%@1420,100%@1420] EMC_FREQ 0% GR3D_FREQ 0% AUX@42C CPU@43.5C thermal@42.45C AO@41.5C GPU@42C PMIC@50C
1791263938.043498 10-06-2026 14:18:58 RAM 1811/6833MB (lfb 147x4MB) SWAP 202/3417MB (cached 1MB) CPU [100%@1420,100%@1420,100%@1420,78%@1420,100%@1420,100%@1420] EMC_FREQ 0% GR3D_FREQ 0% AUX@42C CPU@43.5C thermal@42.45C AO@42C GPU@42C PMIC@50C
1791263938.241103 10-06-2026 14:18:58 RAM 1814/6833MB (lfb 147x4MB) SWAP 202/3417MB (cached 1MB) CPU [100%@1420,100%@1420,100%@1420,80%@1420,100%@1420,100%@1420] EMC_FREQ 0% GR3D_FREQ 0% AUX@42C CPU@43.5C thermal@42.45C AO@42C GPU@42C PMIC@50C
1791263938.451715 10-06-2026 14:18:58 RAM 1815/6833MB (lfb 147x4MB) SWAP 202/3417MB (cached 1MB) CPU [90%@1420,100%@1420,100%@1420,85%@1420,100%@1420,100%@1420] EMC_FREQ 0% GR3D_FREQ 0% AUX@42C CPU@43.5C thermal@42.45C AO@42C GPU@42C PMIC@50C
1791263938.648295 10-06-2026 14:18:58 RAM 1817/6833MB (lfb 147x4MB) SWAP 202/3417MB (cached 1MB) CPU [100%@1420,100%@1420,100%@1420,88%@1420,100%@1420,100%@1420] EMC_FREQ 0% GR3D_FREQ 0% AUX@42C CPU@43.5C thermal@42.45C AO@42C GPU@42C PMIC@50C
1791263938.851672 10-06-2026 14:18:58 RAM 1818/6833MB (lfb 147x4MB) SWAP 202/3417MB (cached 1MB) CPU [100%@1420,100%@1420,100%@1420,90%@1420,100%@1420,100%@1420] EMC_FREQ 0% GR3D_FREQ 0% AUX@42C CPU@43.5C thermal@42.45C AO@42C GPU@42C PMIC@50C
1791263939.058295 10-06-2026 14:18:59 RAM 1819/6833MB (lfb 147x4MB) SWAP 202/3417MB (cached 1MB) CPU [100%@1420,100%@1420,100%@1420,95%@1420,100%@1420,100%@1420] EMC_FREQ 0% GR3D_FREQ 0% AUX@42C CPU@44C thermal@42.45C AO@42C GPU@42C PMIC@50C
1791263939.261906 10-06-2026 14:18:59 RAM 1820/6833MB (lfb 147x4MB) SWAP 202/3417MB (cached 1MB) CPU [100%@1420,100%@1420,100%@1420,90%@1420,100%@1420,100%@1420] EMC_FREQ 0% GR3D_FREQ 0% AUX@42C CPU@43.5C thermal@42.45C AO@42C GPU@42.5C PMIC@50C
1791263939.465492 10-06-2026 14:18:59 RAM 1820/6833MB (lfb 147x4MB) SWAP 202/3417MB (cached 1MB) CPU [100%@1420,100%@1420,100%@1420,95%@1420,100%@1420,100%@1420] EMC_FREQ 0% GR3D_FREQ 0% AUX@42C CPU@44C thermal@42.45C AO@42C GPU@42C PMIC@50C
1791263939.669697 10-06-2026 14:18:59 RAM 1823/6833MB (lfb 147x4MB) SWAP 202/3417MB (cached 1MB) CPU [100%@1420,100%@1420,100%@1420,80%@1420,100%@1420,100%@1420] EMC_FREQ 0% GR3D_FREQ 0% AUX@42C CPU@43.5C thermal@42.45C AO@42C GPU@42C PMIC@50C
1791263939.873120 10-06-2026 14:18:59 RAM 1827/6833MB (lfb 147x4MB) SWAP 202/3417MB (cached 1MB) CPU [100%@1420,100%@1420,100%@1420,85%@1420,100%@1420,100%@1420] EMC_FREQ 0% GR3D_FREQ 0% AUX@42C CPU@43.5C thermal@42.45C AO@42C GPU@42C PMIC@50C
1791263940.076484 10-06-2026 14:19:00 RAM 1827/6833MB (lfb 147x4MB) SWAP 202/3417MB (cached 1MB) CPU [100%@1420,100%@1420,100%@1420,94%@1420,100%@1420,100%@1420] EMC_FREQ 0% GR3D_FREQ 0% AUX@42.5C CPU@44C thermal@42.75C AO@42C GPU@42C PMIC@50C
1791263940.280913 10-06-2026 14:19:00 RAM 1829/6833MB (lfb 147x4MB) SWAP 202/3417MB (cached 1MB) CPU [100%@1420,100%@1420,100%@1420,91%@1420,100%@1420,100%@1420] EMC_FREQ 0% GR3D_FREQ 0% AUX@42C CPU@44C thermal@42.75C AO@42C GPU@42C PMIC@50C
1791263940.484221 10-06-2026 14:19:00 RAM 1834/6833MB (lfb 147x4MB) SWAP 202/3417MB (cached 1MB) CPU [100%@1420,100%@1420,100%@1420,76%@1420,100%@1420,100%@1420] EMC_FREQ 0% GR3D_FREQ 0% AUX@42.5C CPU@44C thermal@42.75C AO@42C GPU@42.5C PMIC@50C
1791263940.688420 10-06-2026 14:19:00 RAM 1834/6833MB (lfb 147x4MB) SWAP 202/3417MB (cached 1MB) CPU [100%@1420,100%@1420,100%@1420,95%@1420,100%@1420,100%@1420] EMC_FREQ 0% GR3D_FREQ 0% AUX@42C CPU@43.5C thermal@42.75C AO@42C GPU@42.5C PMIC@50C
1791263940.891893 10-06-2026 14:19:00 RAM 1834/6833MB (lfb 147x4MB) SWAP 202/3417MB (cached 1MB) CPU [94%@1420,100%@1420,100%@1420,95%@1420,100%@1420,100%@1420] EMC_FREQ 0% GR3D_FREQ 0% AUX@42.5C CPU@44C thermal@42.75C AO@42C GPU@42C PMIC@50C
1791263941.095109 10-06-2026 14:19:01 RAM 1834/6833MB (lfb 147x4MB) SWAP 202/3417MB (cached 1MB) CPU [100%@1420,100%@1420,100%@1420,94%@1420,100%@1420,100%@1420] EMC_FREQ 0% GR3D_FREQ 0% AUX@42C CPU@44C thermal@42.6C AO@42C GPU@42C PMIC@50C
1791263941.298476 10-06-2026 14:19:01 RAM 1834/6833MB (lfb 147x4MB) SWAP 202/3417MB (cached 1MB) CPU [100%@1420,100%@1420,100%@1420,95%@1420,100%@1420,100%@1420] EMC_FREQ 0% GR3D_FREQ 0% AUX@42C CPU@44C thermal@42.6C AO@42.5C GPU@42.5C PMIC@50C
1791263941.502666 10-06-2026 14:19:01 RAM 1834/6833MB (lfb 147x4MB) SWAP 202/3417MB (cached 1MB) CPU [100%@1420,100%@1420,100%@1420,95%@1420,100%@1420,100%@1420] EMC_FREQ 0% GR3D_FREQ 0% AUX@42C CPU@44C thermal@42.6C AO@42C GPU@42.5C PMIC@50C
1791263941.705945 10-06-2026 14:19:01 RAM 1835/6833MB (lfb 147x4MB) SWAP 202/3417MB (cached 1MB) CPU [100%@1420,100%@1420,100%@1420,90%@1420,100%@1420,100%@1420] EMC_FREQ 0% GR3D_FREQ 0% AUX@42.5C CPU@44C thermal@42.6C AO@42.5C GPU@42.5C PMIC@50C
1791263941.909212 10-06-2026 14:19:01 RAM 1835/6833MB (lfb 147x4MB) SWAP 202/3417MB (cached 1MB) CPU [100%@1420,100%@1420,100%@1420,94%@1420,100%@1420,100%@1420] EMC_FREQ 0% GR3D_FREQ 0% AUX@42.5C CPU@44C thermal@42.6C AO@42.5C GPU@42.5C PMIC@50C
1791263942.112714 10-06-2026 14:19:02 RAM 1838/6833MB (lfb 147x4MB) SWAP 202/3417MB (cached 1MB) CPU [10%@1420,15%@1420,21%@1420,75%@1420,9%@1420,15%@1420] EMC_FREQ 0% GR3D_FREQ 0% AUX@42C CPU@43.5C thermal@42.6C AO@42.5C GPU@42.5C PMIC@50C
1791263942.316028 10-06-2026 14:19:02 RAM 1841/6833MB (lfb 147x4MB) SWAP 202/3417MB (cached 1MB) CPU [10%@1420,5%@1420,28%@1420,50%@1420,0%@1420,13%@1420] EMC_FREQ 0% GR3D_FREQ 0% AUX@42.5C CPU@43.5C thermal@42.8C AO@42.5C GPU@42.5C PMIC@50C
1791263942.519211 10-06-2026 14:19:02 RAM 1844/6833MB (lfb 147x4MB) SWAP 202/3417MB (cached 1MB) CPU [15%@1420,20%@1420,5%@1420,18%@1420,47%@1420,5%@1420] EMC_FREQ 0% GR3D_FREQ 0% AUX@42C CPU@43.5C thermal@42.8C AO@42.5C GPU@42.5C PMIC@50C
1791263942.723473 10-06-2026 14:19:02 RAM 1844/6833MB (lfb 147x4MB) SWAP 202/3417MB (cached 1MB) CPU [10%@1420,5%@1420,5%@1420,0%@1420,95%@1420,9%@1420] EMC_FREQ 0% GR3D_FREQ 0% AUX@42C CPU@43.5C thermal@42.8C AO@42.5C GPU@42.5C PMIC@50C
1791263942.926804 10-06-2026 14:19:02 RAM 1845/6833MB (lfb 147x4MB) SWAP 202/3417MB (cached 1MB) CPU [14%@1420,9%@1420,9%@1420,5%@1420,72%@1420,5%@1420] EMC_FREQ 0% GR3D_FREQ 0% AUX@42.5C CPU@43.5C thermal@42.8C AO@42C GPU@42.5C PMIC@50C
1791263943.130131 10-06-2026 14:19:03 RAM 1846/6833MB (lfb 147x4MB) SWAP 202/3417MB (cached 1MB) CPU [10%@1420,9%@1420,0%@1420,9%@1420,95%@1420,5%@1420] EMC_FREQ 0% GR3D_FREQ 0% AUX@42.5C CPU@43.5C thermal@42.8C AO@42.5C GPU@42.5C PMIC@50C
1791263943.333485 10-06-2026 14:19:03 RAM 1847/6833MB (lfb 147x4MB) SWAP 202/3417MB (cached 1MB) CPU [10%@1420,5%@1420,5%@1420,0%@1420,85%@1420,5%@1420] EMC_FREQ 0% GR3D_FREQ 0% AUX@42.5C CPU@43.5C thermal@42.6C AO@42.5C GPU@42.5C PMIC@50C
1791263943.536894 10-06-2026 14:19:03 RAM 1847/6833MB (lfb 147x4MB) SWAP 202/3417MB (cached 1MB) CPU [19%@1420,9%@1420,4%@1420,9%@1420,100%@1420,0%@1420] EMC_FREQ 0% GR3D_FREQ 0% AUX@42.5C CPU@43.5C thermal@42.6C AO@42.5C GPU@42.5C PMIC@50C
1791263943.740079 10-06-2026 14:19:03 RAM 1849/6833MB (lfb 147x4MB) SWAP 202/3417MB (cached 1MB) CPU [9%@1420,5%@1420,5%@1420,5%@1420,31%@1420,68%@1420] EMC_FREQ 0% GR3D_FREQ 0% AUX@42.5C CPU@43.5C thermal@42.6C AO@42.5C GPU@42.5C PMIC@50C
1791263943.943226 10-06-2026 14:19:03 RAM 1849/6833MB (lfb 147x4MB) SWAP 202/3417MB (cached 1MB) CPU [5%@1420,5%@1420,0%@1420,5%@1420,10%@1420,95%@1420] EMC_FREQ 0% GR3D_FREQ 0% AUX@42.5C CPU@43.5C thermal@42.6C AO@42.5C GPU@42.5C PMIC@50C
1791263944.146506 10-06-2026 14:19:04 RAM 1850/6833MB (lfb 147x4MB) SWAP 202/3417MB (cached 1MB) CPU [9%@1420,9%@1420,0%@1420,4%@1420,9%@1420,95%@1420] EMC_FREQ 0% GR3D_FREQ 0% AUX@42.5C CPU@43.5C thermal@42.6C AO@42.5C GPU@42.5C PMIC@50C
1791263944.349785 10-06-2026 14:19:04 RAM 1853/6833MB (lfb 147x4MB) SWAP 202/3417MB (cached 1MB) CPU [5%@1420,5%@1420,4%@1420,0%@1420,5%@1420,100%@1420] EMC_FREQ 0% GR3D_FREQ 0% AUX@42.5C CPU@43.5C thermal@42.6C AO@42.5C GPU@42.5C PMIC@50C
1791263944.553092 10-06-2026 14:19:04 RAM 1854/6833MB (lfb 147x4MB) SWAP 202/3417MB (cached 1MB) CPU [0%@1420,4%@1420,5%@1420,9%@1420,5%@1420,95%@1420] EMC_FREQ 0% GR3D_FREQ 0% AUX@42.5C CPU@43.5C thermal@42.8C AO@42.5C GPU@42.5C PMIC@50C
1791263944.756524 10-06-2026 14:19:04 RAM 1858/6833MB (lfb 147x4MB) SWAP 202/3417MB (cached 1MB) CPU [5%@1420,5%@1420,4%@1420,5%@1420,9%@1420,100%@1420] EMC_FREQ 0% GR3D_FREQ 0% AUX@42.5C CPU@43.5C thermal@42.8C AO@42.5C GPU@42.5C PMIC@50C
1791263944.959676 10-06-2026 14:19:04 RAM 1858/6833MB (lfb 147x4MB) SWAP 202/3417MB (cached 1MB) CPU [10%@1420,5%@1420,13%@1420,4%@1420,10%@1420,94%@1420] EMC_FREQ 0% GR3D_FREQ 0% AUX@42.5C CPU@43.5C thermal@42.8C AO@42.5C GPU@42.5C PMIC@50C
1791263945.163130 10-06-2026 14:19:05 RAM 1859/6833MB (lfb 147x4MB) SWAP 202/3417MB (cached 1MB) CPU [9%@1420,0%@1420,0%@1420,5%@1420,10%@1420,95%@1420] EMC_FREQ 0% GR3D_FREQ 0% AUX@42.5C CPU@43.5C thermal@42.8C AO@42.5C GPU@42.5C PMIC@50C
1791263945.367080 10-06-2026 14:19:05 RAM 1860/6833MB (lfb 147x4MB) SWAP 202/3417MB (cached 1MB) CPU [0%@1420,4%@1420,9%@1420,0%@1420,9%@1420,100%@1420] EMC_FREQ 0% GR3D_FREQ 0% AUX@42.5C CPU@43.5C thermal@42.8C AO@42.5C GPU@42.5C PMIC@50C
1791263945.570441 10-06-2026 14:19:05 RAM 1861/6833MB (lfb 147x4MB) SWAP 202/3417MB (cached 1MB) CPU [5%@1420,5%@1420,4%@1420,5%@1420,9%@1420,95%@1420] EMC_FREQ 0% GR3D_FREQ 0% AUX@42.5C CPU@43.5C thermal@42.95C AO@42.5C GPU@42.5C PMIC@50C
1791263945.776226 10-06-2026 14:19:05 RAM 1862/6833MB (lfb 147x4MB) SWAP 202/3417MB (cached 1MB) CPU [5%@1420,4%@1420,5%@1420,9%@1420,70%@1420,35%@1420] EMC_FREQ 0% GR3D_FREQ 0% AUX@42.5C CPU@44C thermal@42.95C AO@42.5C GPU@42.5C PMIC@50C
1791263945.979371 10-06-2026 14:19:05 RAM 1863/6833MB (lfb 147x4MB) SWAP 202/3417MB (cached 1MB) CPU [18%@1420,9%@1420,4%@1420,9%@1420,94%@1420,0%@1420] EMC_FREQ 0% GR3D_FREQ 0% AUX@42.5C CPU@43.5C thermal@42.95C AO@42.5C GPU@43C PMIC@50C
1791263946.182553 10-06-2026 14:19:06 RAM 1863/6833MB (lfb 147x4MB) SWAP 202/3417MB (cached 1MB) CPU [10%@1420,5%@1420,10%@1420,0%@1420,85%@1420,4%@1420] EMC_FREQ 0% GR3D_FREQ 0% AUX@42.5C CPU@43.5C thermal@42.95C AO@42.5C GPU@43C PMIC@50C
1791263946.385902 10-06-2026 14:19:06 RAM 1864/6833MB (lfb 147x4MB) SWAP 202/3417MB (cached 1MB) CPU [5%@1420,4%@1420,13%@1420,10%@1420,94%@1420,0%@1420] EMC_FREQ 0% GR3D_FREQ 0% AUX@42.5C CPU@43.5C thermal@42.95C AO@42.5C GPU@42.5C PMIC@50C
1791263946.589263 10-06-2026 14:19:06 RAM 1866/6833MB (lfb 147x4MB) SWAP 202/3417MB (cached 1MB) CPU [14%@1420,0%@1420,0%@1420,5%@1420,65%@1420,15%@1420] EMC_FREQ 0% GR3D_FREQ 0% AUX@42.5C CPU@43.5C thermal@42.95C AO@42.5C GPU@43C PMIC@50C
1791263946.792549 10-06-2026 14:19:06 RAM 1866/6833MB (lfb 147x4MB) SWAP 202/3417MB (cached 1MB) CPU [10%@1420,13%@1420,0%@1420,0%@1420,0%@1420,95%@1420] EMC_FREQ 0% GR3D_FREQ 0% AUX@43C CPU@43.5C thermal@42.95C AO@43C GPU@42.5C PMIC@50C
1791263946.996427 10-06-2026 14:19:06 RAM 1867/6833MB (lfb 147x4MB) SWAP 202/3417MB (cached 1MB) CPU [14%@1420,0%@1420,13%@1420,5%@1420,80%@1420,10%@1420] EMC_FREQ 0% GR3D_FREQ 0% AUX@43C CPU@43.5C thermal@42.95C AO@43C GPU@43C PMIC@50C
1791263947.199730 10-06-2026 14:19:07 RAM 1867/6833MB (lfb 147x4MB) SWAP 202/3417MB (cached 1MB) CPU [10%@1420,0%@1420,10%@1420,9%@1420,47%@1420,25%@1420] EMC_FREQ 0% GR3D_FREQ 0% AUX@42.5C CPU@44C thermal@42.95C AO@42.5C GPU@43C PMIC@50C
1791263947.403090 10-06-2026 14:19:07 RAM 1867/6833MB (lfb 147x4MB) SWAP 202/3417MB (cached 1MB) CPU [10%@1420,31%@1420,27%@1420,27%@1420,5%@1420,9%@1420] EMC_FREQ 0% GR3D_FREQ 0% AUX@43C CPU@44C thermal@42.95C AO@42.5C GPU@43C PMIC@50C
1791263947.606382 10-06-2026 14:19:07 RAM 1867/6833MB (lfb 147x4MB) SWAP 202/3417MB (cached 1MB) CPU [9%@1420,95%@1420,9%@1420,10%@1420,0%@1420,0%@1420] EMC_FREQ 0% GR3D_FREQ 0% AUX@43C CPU@44C thermal@42.95C AO@42.5C GPU@43C PMIC@50C
1791263947.809759 10-06-2026 14:19:07 RAM 1867/6833MB (lfb 147x4MB) SWAP 202/3417MB (cached 1MB) CPU [0%@1420,100%@1420,5%@1420,5%@1420,5%@1420,5%@1420] EMC_FREQ 0% GR3D_FREQ 0% AUX@43C CPU@43.5C thermal@42.95C AO@42.5C GPU@43C PMIC@50C
1791263948.013010 10-06-2026 14:19:08 RAM 1867/6833MB (lfb 147x4MB) SWAP 202/3417MB (cached 1MB) CPU [4%@1420,95%@1420,5%@1420,9%@1420,5%@1420,9%@1420] EMC_FREQ 0% GR3D_FREQ 0% AUX@43C CPU@44C thermal@43.15C AO@42.5C GPU@43C PMIC@50C
1791263948.216451 10-06-2026 14:19:08 RAM 1869/6833MB (lfb 147x4MB) SWAP 202/3417MB (cached 1MB) CPU [5%@1420,52%@1420,5%@1420,0%@1420,10%@1420,4%@1420] EMC_FREQ 0% GR3D_FREQ 0% AUX@43C CPU@44C thermal@43.15C AO@43C GPU@43C PMIC@50C
1791263948.420054 10-06-2026 14:19:08 RAM 1871/6833MB (lfb 147x4MB) SWAP 202/3417MB (cached 1MB) CPU [5%@1420,57%@1420,9%@1420,13%@1420,10%@1420,9%@1420] EMC_FREQ 0% GR3D_FREQ 0% AUX@42.5C CPU@44C thermal@43.15C AO@43C GPU@43C PMIC@50C
1791263948.623348 10-06-2026 14:19:08 RAM 1873/6833MB (lfb 147x4MB) SWAP 202/3417MB (cached 1MB) CPU [14%@1420,77%@1420,5%@1420,0%@1420,9%@1420,10%@1420] EMC_FREQ 0% GR3D_FREQ 0% AUX@43C CPU@44C thermal@43.15C AO@43C GPU@42.5C PMIC@50C
1791263948.826705 10-06-2026 14:19:08 RAM 1873/6833MB (lfb 147x4MB) SWAP 202/3417MB (cached 1MB) CPU [9%@1420,88%@1420,9%@1420,9%@1420,9%@1420,5%@1420] EMC_FREQ 0% GR3D_FREQ 0% AUX@42.5C CPU@44C thermal@43.15C AO@43C GPU@43C PMIC@50C
1791263949.030401 10-06-2026 14:19:09 RAM 1873/6833MB (lfb 147x4MB) SWAP 202/3417MB (cached 1MB) CPU [14%@1420,86%@1420,5%@1420,5%@1420,5%@1420,5%@1420] EMC_FREQ 0% GR3D_FREQ 0% AUX@43C CPU@44C thermal@43.3C AO@43C GPU@43C PMIC@50C
1791263949.233764 10-06-2026 14:19:09 RAM 1873/6833MB (lfb 147x4MB) SWAP 202/3417MB (cached 1MB) CPU [5%@1420,5%@1420,0%@1420,4%@1420,9%@1420,95%@1420] EMC_FREQ 0% GR3D_FREQ 0% AUX@43C CPU@43.5C thermal@43.3C AO@43C GPU@43C PMIC@50C
1791263949.437156 10-06-2026 14:19:09 RAM 1876/6833MB (lfb 147x4MB) SWAP 202/3417MB (cached 1MB) CPU [15%@1420,0%@1420,5%@1420,5%@1420,55%@1420,31%@1420] EMC_FREQ 0% GR3D_FREQ 0% AUX@42.5C CPU@43.5C thermal@43.3C AO@43C GPU@43C PMIC@50C
1791263949.640865 10-06-2026 14:19:09 RAM 1876/6833MB (lfb 147x4MB) SWAP 202/3417MB (cached 1MB) CPU [5%@1420,0%@1420,9%@1420,5%@1420,95%@1420,4%@1420] EMC_FREQ 0% GR3D_FREQ 0% AUX@43C CPU@44C thermal@43.3C AO@43C GPU@43C PMIC@50C
1791263949.844155 10-06-2026 14:19:09 RAM 1876/6833MB (lfb 147x4MB) SWAP 202/3417MB (cached 1MB) CPU [9%@1420,0%@1420,10%@1420,5%@1420,95%@1420,0%@1420] EMC_FREQ 0% GR3D_FREQ 0% AUX@43C CPU@44C thermal@43.3C AO@43C GPU@43C PMIC@50C
1791263950.047250 10-06-2026 14:19:10 RAM 1876/6833MB (lfb 147x4MB) SWAP 202/3417MB (cached 1MB) CPU [0%@1420,0%@1420,10%@1420,5%@1420,95%@1420,5%@1420] EMC_FREQ 0% GR3D_FREQ 0% AUX@43C CPU@43.5C thermal@43.3C AO@43C GPU@43C PMIC@50C
1791263950.251117 10-06-2026 14:19:10 RAM 1876/6833MB (lfb 147x4MB) SWAP 202/3417MB (cached 1MB) CPU [18%@1420,9%@1420,4%@1420,5%@1420,94%@1420,4%@1420] EMC_FREQ 0% GR3D_FREQ 0% AUX@43C CPU@44C thermal@43.3C AO@43C GPU@43C PMIC@50C
1791263950.454278 10-06-2026 14:19:10 RAM 1876/6833MB (lfb 147x4MB) SWAP 202/3417MB (cached 1MB) CPU [9%@1420,14%@1420,0%@1420,13%@1420,95%@1420,5%@1420] EMC_FREQ 0% GR3D_FREQ 0% AUX@43C CPU@44C thermal@43.3C AO@43C GPU@43C PMIC@50C
1791263950.657554 10-06-2026 14:19:10 RAM 1877/6833MB (lfb 147x4MB) SWAP 202/3417MB (cached 1MB) CPU [10%@1420,10%@1420,0%@1420,0%@1420,90%@1420,9%@1420] EMC_FREQ 0% GR3D_FREQ 0% AUX@43C CPU@44C thermal@43.3C AO@43C GPU@43C PMIC@50C
1791263950.860956 10-06-2026 14:19:10 RAM 1877/6833MB (lfb 147x4MB) SWAP 202/3417MB (cached 1MB) CPU [18%@1420,14%@1420,81%@1420,5%@1420,0%@1420,4%@1420] EMC_FREQ 0% GR3D_FREQ 0% AUX@43C CPU@44C thermal@43.3C AO@43C GPU@43C PMIC@50C
1791263951.064152 10-06-2026 14:19:11 RAM 1877/6833MB (lfb 147x4MB) SWAP 202/3417MB (cached 1MB) CPU [71%@1420,31%@1420,0%@1420,5%@1420,0%@1420,5%@1420] EMC_FREQ 0% GR3D_FREQ 0% AUX@43C CPU@44C thermal@43.3C AO@43C GPU@43C PMIC@50C
1791263951.267235 10-06-2026 14:19:11 RAM 1878/6833MB (lfb 147x4MB) SWAP 202/3417MB (cached 1MB) CPU [5%@1420,95%@1420,0%@1420,10%@1420,5%@1420,4%@1420] EMC_FREQ 0% GR3D_FREQ 0% AUX@42.5C CPU@44C thermal@43.3C AO@43C GPU@43C PMIC@50C
1791263951.470446 10-06-2026 14:19:11 RAM 1878/6833MB (lfb 147x4MB) SWAP 202/3417MB (cached 1MB) CPU [5%@1420,95%@1420,5%@1420,0%@1420,4%@1420,5%@1420] EMC_FREQ 0% GR3D_FREQ 0% AUX@43C CPU@44C thermal@43.3C AO@43C GPU@43C PMIC@50C
1791263951.673755 10-06-2026 14:19:11 RAM 1878/6833MB (lfb 147x4MB) SWAP 202/3417MB (cached 1MB) CPU [22%@1420,86%@1420,9%@1420,9%@1420,4%@1420,0%@1420] EMC_FREQ 0% GR3D_FREQ 0% AUX@43C CPU@44C thermal@43.3C AO@43C GPU@43C PMIC@50C
1791263951.876915 10-06-2026 14:19:11 RAM 1878/6833MB (lfb 147x4MB) SWAP 202/3417MB (cached 1MB) CPU [0%@1420,95%@1420,4%@1420,5%@1420,5%@1420,5%@1420] EMC_FREQ 0% GR3D_FREQ 0% AUX@43C CPU@44C thermal@43.3C AO@43C GPU@43C PMIC@50C
1791263952.080232 10-06-2026 14:19:12 RAM 1879/6833MB (lfb 147x4MB) SWAP 202/3417MB (cached 1MB) CPU [14%@1420,95%@1420,5%@1420,5%@1420,0%@1420,9%@1420] EMC_FREQ 0% GR3D_FREQ 0% AUX@43C CPU@44C thermal@43.3C AO@43C GPU@43C PMIC@50C
1791263952.283538 10-06-2026 14:19:12 RAM 1879/6833MB (lfb 147x4MB) SWAP 202/3417MB (cached 1MB) CPU [10%@1420,90%@1420,0%@1420,9%@1420,13%@1420,0%@1420] EMC_FREQ 0% GR3D_FREQ 0% AUX@43C CPU@44C thermal@43.3C AO@43C GPU@43.5C PMIC@50C
1791263952.486756 10-06-2026 14:19:12 RAM 1879/6833MB (lfb 147x4MB) SWAP 202/3417MB (cached 1MB) CPU [9%@1420,95%@1420,5%@1420,18%@1420,0%@1420,9%@1420] EMC_FREQ 0% GR3D_FREQ 0% AUX@43C CPU@44C thermal@43.45C AO@43C GPU@43.5C PMIC@50C
1791263952.692003 10-06-2026 14:19:12 RAM 1879/6833MB (lfb 147x4MB) SWAP 202/3417MB (cached 1MB) CPU [13%@1420,90%@1420,5%@1420,0%@1420,0%@1420,0%@1420] EMC_FREQ 0% GR3D_FREQ 0% AUX@43C CPU@44C thermal@43.45C AO@43C GPU@43.5C PMIC@50C
1791263952.893085 10-06-2026 14:19:12 RAM 1880/6833MB (lfb 147x4MB) SWAP 202/3417MB (cached 1MB) CPU [5%@1420,100%@1420,4%@1420,5%@1420,0%@1420,0%@1420] EMC_FREQ 0% GR3D_FREQ 0% AUX@43C CPU@44C thermal@43.45C AO@43.5C GPU@43.5C PMIC@50C
1791263953.096317 10-06-2026 14:19:13 RAM 1880/6833MB (lfb 147x4MB) SWAP 202/3417MB (cached 1MB) CPU [5%@1420,90%@1420,14%@1420,5%@1420,4%@1420,9%@1420] EMC_FREQ 0% GR3D_FREQ 0% AUX@43C CPU@44C thermal@43.45C AO@43C GPU@43C PMIC@50C
1791263953.299511 10-06-2026 14:19:13 RAM 1880/6833MB (lfb 147x4MB) SWAP 202/3417MB (cached 1MB) CPU [5%@1420,5%@1420,5%@1420,0%@1420,85%@1420,5%@1420] EMC_FREQ 0% GR3D_FREQ 0% AUX@43C CPU@44C thermal@43.45C AO@43C GPU@43.5C PMIC@50C
1791263953.502722 10-06-2026 14:19:13 RAM 1881/6833MB (lfb 147x4MB) SWAP 202/3417MB (cached 1MB) CPU [9%@1420,5%@1420,0%@1420,9%@1420,94%@1420,0%@1420] EMC_FREQ 0% GR3D_FREQ 0% AUX@43C CPU@44C thermal@43.45C AO@43C GPU@43.5C PMIC@50C
1791263953.706075 10-06-2026 14:19:13 RAM 1882/6833MB (lfb 147x4MB) SWAP 202/3417MB (cached 1MB) CPU [9%@1420,0%@1420,4%@1420,10%@1420,90%@1420,16%@1420] EMC_FREQ 0% GR3D_FREQ 0% AUX@43C CPU@44C thermal@43.45C AO@43C GPU@43.5C PMIC@50C
1791263953.909388 10-06-2026 14:19:13 RAM 1882/6833MB (lfb 147x4MB) SWAP 202/3417MB (cached 1MB) CPU [0%@1420,5%@1420,0%@1420,10%@1420,68%@1420,30%@1420] EMC_FREQ 0% GR3D_FREQ 0% AUX@43C CPU@44C thermal@43.45C AO@43.5C GPU@43C PMIC@50C
1791263954.112530 10-06-2026 14:19:14 RAM 1883/6833MB (lfb 147x4MB) SWAP 202/3417MB (cached 1MB) CPU [10%@1420,4%@1420,13%@1420,14%@1420,4%@1420,80%@1420] EMC_FREQ 0% GR3D_FREQ 0% AUX@43.5C CPU@44.5C thermal@43.45C AO@43.5C GPU@43.5C PMIC@50C
1791263954.315636 10-06-2026 14:19:14 RAM 1886/6833MB (lfb 147x4MB) SWAP 202/3417MB (cached 1MB) CPU [9%@1420,4%@1420,0%@1420,5%@1420,0%@1420,95%@1420] EMC_FREQ 0% GR3D_FREQ 0% AUX@43C CPU@44.5C thermal@43.45C AO@43.5C GPU@43.5C PMIC@50C
1791263954.519309 10-06-2026 14:19:14 RAM 1889/6833MB (lfb 147x4MB) SWAP 202/3417MB (cached 1MB) CPU [5%@1420,5%@1420,10%@1420,10%@1420,0%@1420,100%@1420] EMC_FREQ 0% GR3D_FREQ 0% AUX@43.5C CPU@44.5C thermal@43.45C AO@43C GPU@43.5C PMIC@50C
1791263954.722526 10-06-2026 14:19:14 RAM 1889/6833MB (lfb 147x4MB) SWAP 202/3417MB (cached 1MB) CPU [0%@1420,0%@1420,5%@1420,13%@1420,0%@1420,95%@1420] EMC_FREQ 0% GR3D_FREQ 0% AUX@43.5C CPU@44.5C thermal@43.8C AO@43.5C GPU@43.5C PMIC@50C
1791263954.925800 10-06-2026 14:19:14 RAM 1889/6833MB (lfb 147x4MB) SWAP 202/3417MB (cached 1MB) CPU [5%@1420,0%@1420,10%@1420,5%@1420,9%@1420,95%@1420] EMC_FREQ 0% GR3D_FREQ 0% AUX@43.5C CPU@44C thermal@43.8C AO@43.5C GPU@43.5C PMIC@50C
1791263955.129063 10-06-2026 14:19:15 RAM 1889/6833MB (lfb 147x4MB) SWAP 202/3417MB (cached 1MB) CPU [5%@1420,4%@1420,5%@1420,15%@1420,4%@1420,95%@1420] EMC_FREQ 0% GR3D_FREQ 0% AUX@43.5C CPU@44.5C thermal@43.8C AO@43C GPU@43.5C PMIC@50C
1791263955.332572 10-06-2026 14:19:15 RAM 1890/6833MB (lfb 147x4MB) SWAP 202/3417MB (cached 1MB) CPU [9%@1420,4%@1420,9%@1420,10%@1420,5%@1420,89%@1420] EMC_FREQ 0% GR3D_FREQ 0% AUX@43.5C CPU@44.5C thermal@43.8C AO@43C GPU@43.5C PMIC@50C
1791263955.535765 10-06-2026 14:19:15 RAM 1890/6833MB (lfb 147x4MB) SWAP 202/3417MB (cached 1MB) CPU [0%@1420,0%@1420,14%@1420,9%@1420,9%@1420,95%@1420] EMC_FREQ 0% GR3D_FREQ 0% AUX@43.5C CPU@44.5C thermal@43.8C AO@43.5C GPU@43.5C PMIC@50C
1791263955.739085 10-06-2026 14:19:15 RAM 1892/6833MB (lfb 147x4MB) SWAP 202/3417MB (cached 1MB) CPU [5%@1420,4%@1420,10%@1420,10%@1420,0%@1420,88%@1420] EMC_FREQ 0% GR3D_FREQ 0% AUX@43.5C CPU@44.5C thermal@43.8C AO@43.5C GPU@43.5C PMIC@50C
1791263955.942520 10-06-2026 14:19:15 RAM 1892/6833MB (lfb 147x4MB) SWAP 202/3417MB (cached 1MB) CPU [5%@1420,5%@1420,14%@1420,10%@1420,0%@1420,95%@1420] EMC_FREQ 0% GR3D_FREQ 0% AUX@43.5C CPU@44.5C thermal@43.8C AO@43.5C GPU@43.5C PMIC@50C
1791263956.145860 10-06-2026 14:19:16 RAM 1893/6833MB (lfb 147x4MB) SWAP 202/3417MB (cached 1MB) CPU [0%@1420,5%@1420,0%@1420,10%@1420,0%@1420,95%@1420] EMC_FREQ 0% GR3D_FREQ 0% AUX@43.5C CPU@44.5C thermal@43.8C AO@43.5C GPU@43.5C PMIC@50C
1791263956.349195 10-06-2026 14:19:16 RAM 1894/6833MB (lfb 147x4MB) SWAP 202/3417MB (cached 1MB) CPU [9%@1420,4%@1420,4%@1420,5%@1420,0%@1420,95%@1420] EMC_FREQ 0% GR3D_FREQ 0% AUX@43.5C CPU@44.5C thermal@43.8C AO@43.5C GPU@43.5C PMIC@50C
1791263956.552522 10-06-2026 14:19:16 RAM 1907/6833MB (lfb 147x4MB) SWAP 202/3417MB (cached 1MB) CPU [5%@1420,0%@1420,10%@1420,13%@1420,9%@1420,100%@1420] EMC_FREQ 0% GR3D_FREQ 0% AUX@43.5C CPU@44.5C thermal@43.8C AO@43.5C GPU@43.5C PMIC@50C
1791263956.755743 10-06-2026 14:19:16 RAM 1917/6833MB (lfb 147x4MB) SWAP 202/3417MB (cached 1MB) CPU [9%@1420,0%@1420,0%@1420,14%@1420,0%@1420,100%@1420] EMC_FREQ 0% GR3D_FREQ 0% AUX@43.5C CPU@44.5C thermal@43.8C AO@43.5C GPU@43.5C PMIC@50C
1791263956.958968 10-06-2026 14:19:16 RAM 1917/6833MB (lfb 147x4MB) SWAP 202/3417MB (cached 1MB) CPU [5%@1420,13%@1420,4%@1420,10%@1420,9%@1420,95%@1420] EMC_FREQ 0% GR3D_FREQ 0% AUX@43.5C CPU@44.5C thermal@43.8C AO@43.5C GPU@43.5C PMIC@50C
1791263957.167135 10-06-2026 14:19:17 RAM 1924/6833MB (lfb 147x4MB) SWAP 202/3417MB (cached 1MB) CPU [28%@1420,20%@1420,31%@1420,30%@1420,30%@1420,66%@1420] EMC_FREQ 0% GR3D_FREQ 0% AUX@43.5C CPU@45C thermal@43.8C AO@43.5C GPU@43.5C PMIC@50C
1791263957.370466 10-06-2026 14:19:17 RAM 1930/6833MB (lfb 147x4MB) SWAP 202/3417MB (cached 1MB) CPU [20%@1420,19%@1420,71%@1420,28%@1420,5%@1420,10%@1420] EMC_FREQ 0% GR3D_FREQ 0% AUX@43.5C CPU@44.5C thermal@43.8C AO@43.5C GPU@43.5C PMIC@50C
1791263957.573776 10-06-2026 14:19:17 RAM 1931/6833MB (lfb 147x4MB) SWAP 202/3417MB (cached 1MB) CPU [0%@1420,10%@1420,30%@1420,42%@1420,0%@1420,0%@1420] EMC_FREQ 0% GR3D_FREQ 0% AUX@43.5C CPU@44.5C thermal@43.8C AO@43.5C GPU@43.5C PMIC@50C
1791263957.777139 10-06-2026 14:19:17 RAM 1932/6833MB (lfb 147x4MB) SWAP 202/3417MB (cached 1MB) CPU [5%@1420,78%@1420,9%@1420,0%@1420,9%@1420,10%@1420] EMC_FREQ 0% GR3D_FREQ 0% AUX@43.5C CPU@45C thermal@43.8C AO@43.5C GPU@43.5C PMIC@50C
1791263957.980453 10-06-2026 14:19:17 RAM 1932/6833MB (lfb 147x4MB) SWAP 202/3417MB (cached 1MB) CPU [9%@1420,90%@1420,9%@1420,9%@1420,9%@1420,0%@1420] EMC_FREQ 0% GR3D_FREQ 0% AUX@43.5C CPU@44.5C thermal@43.8C AO@43.5C GPU@44C PMIC@50C
1791263958.183639 10-06-2026 14:19:18 RAM 1955/6833MB (lfb 147x4MB) SWAP 202/3417MB (cached 1MB) CPU [5%@1420,14%@1420,10%@1420,10%@1420,89%@1420,5%@1420] EMC_FREQ 0% GR3D_FREQ 0% AUX@43.5C CPU@44.5C thermal@43.8C AO@43.5C GPU@43.5C PMIC@50C
1791263958.387293 10-06-2026 14:19:18 RAM 1979/6833MB (lfb 147x4MB) SWAP 202/3417MB (cached 1MB) CPU [68%@1420,0%@1420,5%@1420,0%@1420,90%@1420,14%@1420] EMC_FREQ 0% GR3D_FREQ 0% AUX@43.5C CPU@44.5C thermal@43.8C AO@43.5C GPU@43.5C PMIC@50C
1791263958.590940 10-06-2026 14:19:18 RAM 2072/6833MB (lfb 147x4MB) SWAP 202/3417MB (cached 1MB) CPU [9%@1420,5%@1420,19%@1420,10%@1420,10%@1420,20%@1420] EMC_FREQ 0% GR3D_FREQ 0% AUX@43.5C CPU@44.5C thermal@43.8C AO@43.5C GPU@43.5C PMIC@50C
1791263958.794105 10-06-2026 14:19:18 RAM 2102/6833MB (lfb 147x4MB) SWAP 202/3417MB (cached 1MB) CPU [13%@1420,9%@1420,5%@1420,0%@1420,5%@1420,66%@1420] EMC_FREQ 0% GR3D_FREQ 0% AUX@43.5C CPU@44.5C thermal@43.8C AO@43.5C GPU@43.5C PMIC@50C
1791263958.997687 10-06-2026 14:19:18 RAM 2238/6833MB (lfb 147x4MB) SWAP 202/3417MB (cached 1MB) CPU [5%@1190,0%@1420,10%@1420,13%@1420,25%@1420,35%@1420] EMC_FREQ 0% GR3D_FREQ 0% AUX@43.5C CPU@44.5C thermal@43.8C AO@43.5C GPU@43.5C PMIC@50C
1791263959.201001 10-06-2026 14:19:19 RAM 2649/6833MB (lfb 74x4MB) SWAP 202/3417MB (cached 1MB) CPU [5%@1420,4%@1420,13%@1420,0%@1420,57%@1420,23%@1420] EMC_FREQ 0% GR3D_FREQ 0% AUX@43.5C CPU@45C thermal@43.95C AO@43.5C GPU@43.5C PMIC@50C
1791263959.404292 10-06-2026 14:19:19 RAM 2985/6833MB (lfb 15x4MB) SWAP 202/3417MB (cached 1MB) CPU [0%@1420,5%@1420,14%@1420,10%@1420,100%@1420,0%@1420] EMC_FREQ 0% GR3D_FREQ 0% AUX@43.5C CPU@45C thermal@43.95C AO@43.5C GPU@44C PMIC@50C
1791263959.607551 10-06-2026 14:19:19 RAM 2988/6833MB (lfb 15x4MB) SWAP 202/3417MB (cached 1MB) CPU [9%@1420,5%@1420,0%@1420,5%@1420,100%@1420,0%@1420] EMC_FREQ 0% GR3D_FREQ 0% AUX@43.5C CPU@45C thermal@43.95C AO@44C GPU@44C PMIC@50C
1791263959.810946 10-06-2026 14:19:19 RAM 2990/6833MB (lfb 15x4MB) SWAP 202/3417MB (cached 1MB) CPU [9%@1420,9%@1420,5%@1420,5%@1420,100%@1420,0%@1420] EMC_FREQ 0% GR3D_FREQ 0% AUX@43.5C CPU@45C thermal@43.95C AO@43.5C GPU@44C PMIC@50C
1791263960.014192 10-06-2026 14:19:20 RAM 2993/6833MB (lfb 15x4MB) SWAP 202/3417MB (cached 1MB) CPU [10%@1420,5%@1420,0%@1420,9%@1420,100%@1420,0%@1420] EMC_FREQ 0% GR3D_FREQ 0% AUX@44C CPU@44.5C thermal@43.95C AO@43.5C GPU@43.5C PMIC@50C
1791263960.217484 10-06-2026 14:19:20 RAM 3006/6833MB (lfb 15x4MB) SWAP 202/3417MB (cached 1MB) CPU [10%@1420,10%@1420,16%@1420,9%@1420,100%@1420,0%@1420] EMC_FREQ 0% GR3D_FREQ 0% AUX@43.5C CPU@45C thermal@43.95C AO@43.5C GPU@44C PMIC@50C
1791263960.420833 10-06-2026 14:19:20 RAM 3118/6833MB (lfb 15x4MB) SWAP 202/3417MB (cached 1MB) CPU [9%@1420,13%@1420,5%@1420,5%@1420,100%@1420,0%@1420] EMC_FREQ 0% GR3D_FREQ 0% AUX@43.5C CPU@45C thermal@43.95C AO@43.5C GPU@44C PMIC@50C
1791263960.624089 10-06-2026 14:19:20 RAM 3209/6833MB (lfb 15x4MB) SWAP 202/3417MB (cached 1MB) CPU [0%@1420,10%@1420,5%@1420,0%@1420,100%@1420,5%@1420] EMC_FREQ 0% GR3D_FREQ 0% AUX@43.5C CPU@45C thermal@43.95C AO@43.5C GPU@44C PMIC@50C
1791263960.827269 10-06-2026 14:19:20 RAM 3329/6833MB (lfb 138x1MB) SWAP 202/3417MB (cached 1MB) CPU [10%@1420,5%@1420,5%@1420,9%@1420,100%@1420,4%@1420] EMC_FREQ 0% GR3D_FREQ 0% AUX@43.5C CPU@45C thermal@43.95C AO@43.5C GPU@44C PMIC@50C
1791263961.030521 10-06-2026 14:19:21 RAM 2325/6833MB (lfb 132x4MB) SWAP 202/3417MB (cached 1MB) CPU [0%@1420,4%@1420,9%@1420,0%@1420,100%@1420,0%@1420] EMC_FREQ 0% GR3D_FREQ 0% AUX@44C CPU@45C thermal@43.95C AO@43.5C GPU@44C PMIC@50C
1791263961.233956 10-06-2026 14:19:21 RAM 2342/6833MB (lfb 132x4MB) SWAP 202/3417MB (cached 1MB) CPU [14%@1420,9%@1420,4%@1420,5%@1420,100%@1420,5%@1420] EMC_FREQ 0% GR3D_FREQ 0% AUX@44C CPU@45C thermal@43.95C AO@44C GPU@44C PMIC@50C
1791263961.437158 10-06-2026 14:19:21 RAM 2371/6833MB (lfb 132x4MB) SWAP 202/3417MB (cached 1MB) CPU [5%@1420,0%@1420,10%@1420,0%@1420,100%@1420,4%@1420] EMC_FREQ 0% GR3D_FREQ 0% AUX@43.5C CPU@45C thermal@44.3C AO@44C GPU@44C PMIC@50C
1791263961.640710 10-06-2026 14:19:21 RAM 2401/6833MB (lfb 132x4MB) SWAP 202/3417MB (cached 1MB) CPU [18%@1420,9%@1420,4%@1420,0%@1420,100%@1420,5%@1420] EMC_FREQ 0% GR3D_FREQ 0% AUX@44C CPU@45C thermal@44.3C AO@44C GPU@44C PMIC@50C
1791263961.844112 10-06-2026 14:19:21 RAM 2433/6833MB (lfb 132x4MB) SWAP 202/3417MB (cached 1MB) CPU [10%@1420,5%@1420,0%@1420,9%@1420,100%@1420,0%@1420] EMC_FREQ 0% GR3D_FREQ 0% AUX@44C CPU@45C thermal@44.3C AO@44C GPU@44C PMIC@50C
1791263962.047466 10-06-2026 14:19:22 RAM 2463/6833MB (lfb 132x4MB) SWAP 202/3417MB (cached 1MB) CPU [14%@1420,13%@1420,5%@1420,0%@1420,100%@1420,4%@1420] EMC_FREQ 0% GR3D_FREQ 0% AUX@44C CPU@45C thermal@44.3C AO@44C GPU@44C PMIC@50C
1791263962.250717 10-06-2026 14:19:22 RAM 2493/6833MB (lfb 132x4MB) SWAP 202/3417MB (cached 1MB) CPU [14%@1420,9%@1420,5%@1420,4%@1420,100%@1420,0%@1420] EMC_FREQ 0% GR3D_FREQ 0% AUX@44C CPU@45C thermal@44.3C AO@44C GPU@44C PMIC@50C
1791263962.454221 10-06-2026 14:19:22 RAM 2523/6833MB (lfb 132x4MB) SWAP 202/3417MB (cached 1MB) CPU [0%@1420,5%@1420,4%@1420,5%@1420,100%@1420,5%@1420] EMC_FREQ 0% GR3D_FREQ 0% AUX@44C CPU@45C thermal@44.3C AO@44C GPU@44C PMIC@50C
1791263962.658646 10-06-2026 14:19:22 RAM 2556/6833MB (lfb 132x4MB) SWAP 202/3417MB (cached 1MB) CPU [14%@1420,0%@1420,5%@1420,5%@1420,100%@1420,0%@1420] EMC_FREQ 0% GR3D_FREQ 0% AUX@44C CPU@45C thermal@44.3C AO@44C GPU@44C PMIC@50C
1791263962.862030 10-06-2026 14:19:22 RAM 2585/6833MB (lfb 132x4MB) SWAP 202/3417MB (cached 1MB) CPU [10%@1420,0%@1420,9%@1420,4%@1420,100%@1420,4%@1420] EMC_FREQ 0% GR3D_FREQ 0% AUX@44C CPU@45C thermal@44.3C AO@44C GPU@44C PMIC@50C
1791263963.065230 10-06-2026 14:19:23 RAM 2615/6833MB (lfb 132x4MB) SWAP 202/3417MB (cached 1MB) CPU [15%@1420,9%@1420,5%@1420,5%@1420,100%@1420,4%@1420] EMC_FREQ 0% GR3D_FREQ 0% AUX@44C CPU@45C thermal@44.3C AO@44C GPU@44C PMIC@50C
1791263963.269266 10-06-2026 14:19:23 RAM 2645/6833MB (lfb 132x4MB) SWAP 202/3417MB (cached 1MB) CPU [9%@1420,5%@1420,0%@1420,9%@1420,100%@1420,0%@1420] EMC_FREQ 0% GR3D_FREQ 0% AUX@44C CPU@45C thermal@44.3C AO@44C GPU@44C PMIC@50C
1791263963.472326 10-06-2026 14:19:23 RAM 2673/6833MB (lfb 132x4MB) SWAP 202/3417MB (cached 1MB) CPU [0%@1420,10%@1420,5%@1420,9%@1420,100%@1420,4%@1420] EMC_FREQ 0% GR3D_FREQ 0% AUX@44C CPU@45C thermal@44.3C AO@44C GPU@44C PMIC@50C
1791263963.675910 10-06-2026 14:19:23 RAM 2702/6833MB (lfb 132x4MB) SWAP 202/3417MB (cached 1MB) CPU [14%@1420,0%@1420,26%@1420,5%@1420,100%@1420,0%@1420] EMC_FREQ 0% GR3D_FREQ 0% AUX@44C CPU@45C thermal@44.3C AO@44C GPU@44C PMIC@50C
1791263963.879683 10-06-2026 14:19:23 RAM 2730/6833MB (lfb 132x4MB) SWAP 202/3417MB (cached 1MB) CPU [10%@1420,9%@1420,40%@1420,5%@1420,100%@1420,5%@1420] EMC_FREQ 0% GR3D_FREQ 0% AUX@44C CPU@45C thermal@44.3C AO@44C GPU@44C PMIC@50C
1791263964.082946 10-06-2026 14:19:24 RAM 2756/6833MB (lfb 132x4MB) SWAP 202/3417MB (cached 1MB) CPU [0%@1420,10%@1420,13%@1420,4%@1420,100%@1420,5%@1420] EMC_FREQ 0% GR3D_FREQ 0% AUX@44C CPU@45C thermal@44.3C AO@44C GPU@44.5C PMIC@50C
1791263964.286256 10-06-2026 14:19:24 RAM 2783/6833MB (lfb 132x4MB) SWAP 202/3417MB (cached 1MB) CPU [9%@1420,18%@1420,4%@1420,0%@1420,100%@1420,9%@1420] EMC_FREQ 0% GR3D_FREQ 0% AUX@44C CPU@45C thermal@44.3C AO@44C GPU@44C PMIC@50C
1791263964.490252 10-06-2026 14:19:24 RAM 2837/6833MB (lfb 132x4MB) SWAP 202/3417MB (cached 1MB) CPU [15%@1420,5%@1420,9%@1420,66%@1420,100%@1420,4%@1420] EMC_FREQ 0% GR3D_FREQ 0% AUX@44C CPU@45.5C thermal@44.3C AO@44C GPU@44.5C PMIC@50C
1791263964.693444 10-06-2026 14:19:24 RAM 2899/6833MB (lfb 131x4MB) SWAP 202/3417MB (cached 1MB) CPU [14%@1420,5%@1420,0%@1420,4%@1420,100%@1420,0%@1420] EMC_FREQ 0% GR3D_FREQ 0% AUX@44C CPU@45C thermal@44.6C AO@44C GPU@44C PMIC@50C
1791263964.897712 10-06-2026 14:19:24 RAM 2899/6833MB (lfb 131x4MB) SWAP 202/3417MB (cached 1MB) CPU [10%@1420,9%@1420,4%@1420,0%@1420,100%@1420,4%@1420] EMC_FREQ 0% GR3D_FREQ 0% AUX@44C CPU@45C thermal@44.6C AO@44C GPU@44.5C PMIC@50C
1791263965.100884 10-06-2026 14:19:25 RAM 2899/6833MB (lfb 131x4MB) SWAP 202/3417MB (cached 1MB) CPU [14%@1420,5%@1420,9%@1420,5%@1420,100%@1420,4%@1420] EMC_FREQ 0% GR3D_FREQ 0% AUX@44C CPU@45C thermal@44.6C AO@44C GPU@44.5C PMIC@50C
1791263965.304409 10-06-2026 14:19:25 RAM 2899/6833MB (lfb 131x4MB) SWAP 202/3417MB (cached 1MB) CPU [10%@1420,5%@1420,4%@1420,9%@1420,100%@1420,4%@1420] EMC_FREQ 0% GR3D_FREQ 0% AUX@44C CPU@45.5C thermal@44.6C AO@44C GPU@44C PMIC@50C
1791263965.507901 10-06-2026 14:19:25 RAM 2899/6833MB (lfb 131x4MB) SWAP 202/3417MB (cached 1MB) CPU [15%@1420,10%@1420,5%@1420,4%@1420,100%@1420,0%@1420] EMC_FREQ 0% GR3D_FREQ 0% AUX@44C CPU@45.5C thermal@44.6C AO@44C GPU@44.5C PMIC@50C
1791263965.711571 10-06-2026 14:19:25 RAM 2899/6833MB (lfb 131x4MB) SWAP 202/3417MB (cached 1MB) CPU [5%@1420,0%@1420,4%@1420,0%@1420,100%@1420,0%@1420] EMC_FREQ 0% GR3D_FREQ 0% AUX@44.5C CPU@45.5C thermal@44.6C AO@44C GPU@44.5C PMIC@50C
1791263965.915119 10-06-2026 14:19:25 RAM 2899/6833MB (lfb 131x4MB) SWAP 202/3417MB (cached 1MB) CPU [14%@1420,9%@1420,0%@1420,4%@1420,100%@1420,4%@1420] EMC_FREQ 0% GR3D_FREQ 0% AUX@44.5C CPU@45.5C thermal@44.65C AO@44.5C GPU@44.5C PMIC@50C
1791263966.118357 10-06-2026 14:19:26 RAM 2899/6833MB (lfb 131x4MB) SWAP 202/3417MB (cached 1MB) CPU [15%@1420,9%@1420,4%@1420,0%@1420,100%@1420,4%@1420] EMC_FREQ 0% GR3D_FREQ 0% AUX@44C CPU@45.5C thermal@44.65C AO@44C GPU@44.5C PMIC@50C
1791263966.322041 10-06-2026 14:19:26 RAM 2899/6833MB (lfb 131x4MB) SWAP 202/3417MB (cached 1MB) CPU [5%@1420,0%@1420,0%@1420,9%@1420,100%@1420,0%@1420] EMC_FREQ 0% GR3D_FREQ 0% AUX@44C CPU@45.5C thermal@44.65C AO@44C GPU@44.5C PMIC@50C
1791263966.525257 10-06-2026 14:19:26 RAM 2899/6833MB (lfb 131x4MB) SWAP 202/3417MB (cached 1MB) CPU [15%@1420,5%@1420,5%@1420,0%@1420,100%@1420,0%@1420] EMC_FREQ 0% GR3D_FREQ 0% AUX@44C CPU@45.5C thermal@44.65C AO@44C GPU@44.5C PMIC@50C
1791263966.728464 10-06-2026 14:19:26 RAM 2899/6833MB (lfb 131x4MB) SWAP 202/3417MB (cached 1MB) CPU [10%@1420,13%@1420,4%@1420,9%@1420,100%@1420,0%@1420] EMC_FREQ 0% GR3D_FREQ 0% AUX@44C CPU@45C thermal@44.65C AO@44.5C GPU@44.5C PMIC@50C
1791263966.931741 10-06-2026 14:19:26 RAM 2899/6833MB (lfb 131x4MB) SWAP 202/3417MB (cached 1MB) CPU [10%@1420,9%@1420,5%@1420,5%@1420,100%@1420,4%@1420] EMC_FREQ 0% GR3D_FREQ 0% AUX@44.5C CPU@45C thermal@44.6C AO@44.5C GPU@44.5C PMIC@50C
1791263967.134999 10-06-2026 14:19:27 RAM 2899/6833MB (lfb 131x4MB) SWAP 202/3417MB (cached 1MB) CPU [14%@1420,5%@1420,5%@1420,5%@1420,100%@1420,0%@1420] EMC_FREQ 0% GR3D_FREQ 0% AUX@44.5C CPU@45.5C thermal@44.6C AO@44.5C GPU@44.5C PMIC@50C
1791263967.338193 10-06-2026 14:19:27 RAM 2899/6833MB (lfb 131x4MB) SWAP 202/3417MB (cached 1MB) CPU [10%@1420,9%@1420,5%@1420,13%@1420,100%@1420,0%@1420] EMC_FREQ 0% GR3D_FREQ 0% AUX@44.5C CPU@45.5C thermal@44.6C AO@44C GPU@44.5C PMIC@50C
1791263967.545630 10-06-2026 14:19:27 RAM 2900/6833MB (lfb 131x4MB) SWAP 202/3417MB (cached 1MB) CPU [28%@1420,30%@1420,27%@1420,20%@1420,95%@1420,28%@1420] EMC_FREQ 0% GR3D_FREQ 0% AUX@44C CPU@46C thermal@44.6C AO@44.5C GPU@44.5C PMIC@50C
1791263967.745866 10-06-2026 14:19:27 RAM 2915/6833MB (lfb 130x4MB) SWAP 202/3417MB (cached 1MB) CPU [16%@1420,18%@1420,16%@1420,89%@1420,15%@1420,14%@1420] EMC_FREQ 0% GR3D_FREQ 14% AUX@44.5C CPU@45.5C thermal@44.6C AO@44C GPU@44.5C PMIC@50C
1791263967.949181 10-06-2026 14:19:27 RAM 2964/6833MB (lfb 122x4MB) SWAP 202/3417MB (cached 1MB) CPU [13%@1420,5%@1420,10%@1420,95%@1420,4%@1420,0%@1420] EMC_FREQ 0% GR3D_FREQ 7% AUX@44.5C CPU@45.5C thermal@44.6C AO@44.5C GPU@44.5C PMIC@50C
1791263968.152435 10-06-2026 14:19:28 RAM 2975/6833MB (lfb 122x4MB) SWAP 202/3417MB (cached 1MB) CPU [0%@1420,9%@1420,10%@1420,100%@1420,5%@1420,0%@1420] EMC_FREQ 0% GR3D_FREQ 7% AUX@44.5C CPU@45.5C thermal@44.8C AO@44.5C GPU@44.5C PMIC@50C
1791263968.355656 10-06-2026 14:19:28 RAM 3006/6833MB (lfb 117x4MB) SWAP 202/3417MB (cached 1MB) CPU [4%@1420,5%@1420,18%@1420,95%@1420,0%@1420,9%@1420] EMC_FREQ 0% GR3D_FREQ 19% AUX@44.5C CPU@45.5C thermal@44.8C AO@44.5C GPU@44.5C PMIC@50C
1791263968.558993 10-06-2026 14:19:28 RAM 3043/6833MB (lfb 110x4MB) SWAP 202/3417MB (cached 1MB) CPU [9%@1420,4%@1420,9%@1420,95%@1420,5%@1420,5%@1420] EMC_FREQ 0% GR3D_FREQ 21% AUX@44.5C CPU@45.5C thermal@44.8C AO@44.5C GPU@44.5C PMIC@50C
1791263968.762369 10-06-2026 14:19:28 RAM 3073/6833MB (lfb 107x4MB) SWAP 202/3417MB (cached 1MB) CPU [21%@1420,5%@1420,5%@1420,94%@1420,0%@1420,0%@1420] EMC_FREQ 0% GR3D_FREQ 7% AUX@44.5C CPU@45.5C thermal@44.8C AO@44.5C GPU@45C PMIC@50C
1791263968.965617 10-06-2026 14:19:28 RAM 3111/6833MB (lfb 99x4MB) SWAP 202/3417MB (cached 1MB) CPU [57%@1420,10%@1420,5%@1420,95%@1420,9%@1420,4%@1420] EMC_FREQ 0% GR3D_FREQ 7% AUX@44.5C CPU@45.5C thermal@44.8C AO@44.5C GPU@44.5C PMIC@50C
1791263969.169040 10-06-2026 14:19:29 RAM 3133/6833MB (lfb 97x4MB) SWAP 202/3417MB (cached 1MB) CPU [9%@1420,5%@1420,9%@1420,95%@1420,0%@1420,10%@1420] EMC_FREQ 0% GR3D_FREQ 13% AUX@44.5C CPU@45.5C thermal@44.8C AO@44.5C GPU@44.5C PMIC@50C
1791263969.372446 10-06-2026 14:19:29 RAM 3164/6833MB (lfb 94x4MB) SWAP 202/3417MB (cached 1MB) CPU [5%@1420,5%@1420,5%@1420,95%@1420,13%@1420,9%@1420] EMC_FREQ 0% GR3D_FREQ 11% AUX@44.5C CPU@45.5C thermal@44.8C AO@44.5C GPU@44.5C PMIC@50C
1791263969.575868 10-06-2026 14:19:29 RAM 3193/6833MB (lfb 92x4MB) SWAP 202/3417MB (cached 1MB) CPU [5%@1420,0%@1420,0%@1420,100%@1420,0%@1420,5%@1420] EMC_FREQ 0% GR3D_FREQ 22% AUX@44.5C CPU@45.5C thermal@44.8C AO@44.5C GPU@44.5C PMIC@50C
1791263969.779072 10-06-2026 14:19:29 RAM 3230/6833MB (lfb 87x4MB) SWAP 202/3417MB (cached 1MB) CPU [5%@1420,66%@1420,10%@1420,95%@1420,4%@1420,10%@1420] EMC_FREQ 0% GR3D_FREQ 0% AUX@44.5C CPU@45.5C thermal@44.8C AO@44.5C GPU@44.5C PMIC@50C
1791263969.982486 10-06-2026 14:19:29 RAM 3264/6833MB (lfb 80x4MB) SWAP 202/3417MB (cached 1MB) CPU [5%@1420,4%@1420,4%@1420,94%@1420,10%@1420,0%@1420] EMC_FREQ 0% GR3D_FREQ 28% AUX@44.5C CPU@45.5C thermal@44.8C AO@44.5C GPU@44.5C PMIC@50C
1791263970.185829 10-06-2026 14:19:30 RAM 3293/6833MB (lfb 78x4MB) SWAP 202/3417MB (cached 1MB) CPU [5%@1420,5%@1420,0%@1420,94%@1420,14%@1420,5%@1420] EMC_FREQ 0% GR3D_FREQ 15% AUX@44.5C CPU@45.5C thermal@44.8C AO@44.5C GPU@44.5C PMIC@50C
1791263970.389004 10-06-2026 14:19:30 RAM 3319/6833MB (lfb 76x4MB) SWAP 202/3417MB (cached 1MB) CPU [0%@1420,14%@1420,0%@1420,95%@1420,5%@1420,14%@1420] EMC_FREQ 0% GR3D_FREQ 0% AUX@44.5C CPU@45.5C thermal@44.8C AO@44.5C GPU@44.5C PMIC@50C
1791263970.592218 10-06-2026 14:19:30 RAM 3359/6833MB (lfb 68x4MB) SWAP 202/3417MB (cached 1MB) CPU [5%@1420,0%@1420,5%@1420,90%@1420,9%@1420,4%@1420] EMC_FREQ 0% GR3D_FREQ 19% AUX@45C CPU@45.5C thermal@44.8C AO@44.5C GPU@44.5C PMIC@50C
1791263970.795719 10-06-2026 14:19:30 RAM 3401/6833MB (lfb 61x4MB) SWAP 202/3417MB (cached 1MB) CPU [5%@1420,9%@1420,4%@1420,100%@1420,10%@1420,5%@1420] EMC_FREQ 0% GR3D_FREQ 0% AUX@44.5C CPU@45.5C thermal@44.8C AO@44.5C GPU@44.5C PMIC@50C
1791263970.998896 10-06-2026 14:19:30 RAM 3423/6833MB (lfb 59x4MB) SWAP 202/3417MB (cached 1MB) CPU [9%@1420,5%@1420,5%@1420,95%@1420,10%@1420,4%@1420] EMC_FREQ 0% GR3D_FREQ 9% AUX@44.5C CPU@45.5C thermal@44.8C AO@45C GPU@44.5C PMIC@50C
1791263971.202866 10-06-2026 14:19:31 RAM 3372/6833MB (lfb 58x4MB) SWAP 202/3417MB (cached 1MB) CPU [20%@1344,9%@1344,4%@1344,52%@1344,14%@1344,0%@1344] EMC_FREQ 0% GR3D_FREQ 61% AUX@44.5C CPU@45.5C thermal@44.8C AO@44.5C GPU@44.5C PMIC@50C
1791263971.406274 10-06-2026 14:19:31 RAM 3258/6833MB (lfb 58x4MB) SWAP 202/3417MB (cached 1MB) CPU [20%@1420,19%@1420,0%@1420,9%@1420,23%@1420,5%@1420] EMC_FREQ 0% GR3D_FREQ 77% AUX@45C CPU@45.5C thermal@44.8C AO@44.5C GPU@45C PMIC@50C
1791263971.610933 10-06-2026 14:19:31 RAM 3224/6833MB (lfb 58x4MB) SWAP 202/3417MB (cached 1MB) CPU [40%@1190,10%@1190,4%@1190,4%@1190,15%@1190,15%@1190] EMC_FREQ 0% GR3D_FREQ 57% AUX@45C CPU@46C thermal@44.8C AO@44.5C GPU@45C PMIC@50C
1791263971.814931 10-06-2026 14:19:31 RAM 3372/6833MB (lfb 58x4MB) SWAP 202/3417MB (cached 1MB) CPU [61%@1420,10%@1420,5%@1420,5%@1420,4%@1420,4%@1420] EMC_FREQ 0% GR3D_FREQ 41% AUX@44.5C CPU@46C thermal@44.8C AO@45C GPU@44.5C PMIC@50C
1791263972.018822 10-06-2026 14:19:32 RAM 3340/6833MB (lfb 74x4MB) SWAP 202/3417MB (cached 1MB) CPU [95%@1420,9%@1420,4%@1420,0%@1420,0%@1420,10%@1420] EMC_FREQ 0% GR3D_FREQ 5% AUX@45C CPU@46C thermal@44.8C AO@45C GPU@45C PMIC@50C
1791263972.221937 10-06-2026 14:19:32 RAM 3343/6833MB (lfb 74x4MB) SWAP 202/3417MB (cached 1MB) CPU [95%@1420,4%@1420,9%@1420,13%@1420,13%@1420,4%@1420] EMC_FREQ 0% GR3D_FREQ 0% AUX@44.5C CPU@45.5C thermal@44.8C AO@45C GPU@45C PMIC@50C
1791263972.425251 10-06-2026 14:19:32 RAM 3342/6833MB (lfb 74x4MB) SWAP 202/3417MB (cached 1MB) CPU [5%@1420,85%@1420,0%@1420,0%@1420,5%@1420,9%@1420] EMC_FREQ 0% GR3D_FREQ 0% AUX@44.5C CPU@45.5C thermal@44.8C AO@44.5C GPU@45C PMIC@50C
1791263972.628670 10-06-2026 14:19:32 RAM 3341/6833MB (lfb 74x4MB) SWAP 202/3417MB (cached 1MB) CPU [14%@1190,15%@1190,5%@1190,9%@1190,10%@1420,5%@1420] EMC_FREQ 0% GR3D_FREQ 0% AUX@45C CPU@45.5C thermal@45.1C AO@45C GPU@45C PMIC@50C
1791263972.832268 10-06-2026 14:19:32 RAM 3345/6833MB (lfb 74x4MB) SWAP 202/3417MB (cached 1MB) CPU [10%@1190,15%@1190,14%@1190,5%@1190,5%@1190,13%@1190] EMC_FREQ 0% GR3D_FREQ 0% AUX@45C CPU@45.5C thermal@45.1C AO@45C GPU@45C PMIC@50C
1791263973.035934 10-06-2026 14:19:33 RAM 3369/6833MB (lfb 74x4MB) SWAP 202/3417MB (cached 1MB) CPU [14%@1190,14%@1190,5%@1190,0%@1190,14%@1190,0%@1190] EMC_FREQ 0% GR3D_FREQ 0% AUX@45C CPU@45.5C thermal@45.1C AO@44.5C GPU@45C PMIC@50C
1791263973.239247 10-06-2026 14:19:33 RAM 3389/6833MB (lfb 74x4MB) SWAP 202/3417MB (cached 1MB) CPU [5%@1190,26%@1190,9%@1190,5%@1190,5%@1190,5%@1190] EMC_FREQ 0% GR3D_FREQ 0% AUX@45C CPU@46C thermal@45.1C AO@45C GPU@45C PMIC@50C
1791263973.442951 10-06-2026 14:19:33 RAM 3403/6833MB (lfb 74x4MB) SWAP 202/3417MB (cached 1MB) CPU [14%@1190,5%@1190,0%@1190,15%@1190,5%@1190,5%@1190] EMC_FREQ 0% GR3D_FREQ 0% AUX@45C CPU@45.5C thermal@45.1C AO@45C GPU@45C PMIC@50C
1791263973.646417 10-06-2026 14:19:33 RAM 3423/6833MB (lfb 74x4MB) SWAP 202/3417MB (cached 1MB) CPU [18%@1420,15%@1420,5%@1420,14%@1420,4%@1420,4%@1420] EMC_FREQ 0% GR3D_FREQ 0% AUX@45C CPU@45.5C thermal@44.95C AO@45C GPU@45C PMIC@50C
1791263973.850111 10-06-2026 14:19:33 RAM 3443/6833MB (lfb 74x4MB) SWAP 202/3417MB (cached 1MB) CPU [10%@1190,15%@1190,10%@1420,13%@1420,14%@1420,14%@1420] EMC_FREQ 0% GR3D_FREQ 0% AUX@45C CPU@45.5C thermal@44.95C AO@44.5C GPU@45C PMIC@50C
1791263974.053470 10-06-2026 14:19:34 RAM 3461/6833MB (lfb 74x4MB) SWAP 202/3417MB (cached 1MB) CPU [5%@1190,18%@1190,9%@1190,5%@1190,5%@1190,5%@1420] EMC_FREQ 0% GR3D_FREQ 0% AUX@45C CPU@46C thermal@44.95C AO@45C GPU@45C PMIC@50C
1791263974.257046 10-06-2026 14:19:34 RAM 3474/6833MB (lfb 74x4MB) SWAP 202/3417MB (cached 1MB) CPU [19%@1190,19%@1190,9%@1190,0%@1190,4%@1190,5%@1190] EMC_FREQ 0% GR3D_FREQ 0% AUX@45C CPU@46C thermal@44.95C AO@45C GPU@45C PMIC@50C
1791263974.460535 10-06-2026 14:19:34 RAM 3488/6833MB (lfb 74x4MB) SWAP 202/3417MB (cached 1MB) CPU [10%@1190,10%@1420,10%@1420,4%@1420,0%@1420,13%@1420] EMC_FREQ 0% GR3D_FREQ 0% AUX@45C CPU@45.5C thermal@44.95C AO@45C GPU@45C PMIC@50C
1791263974.663779 10-06-2026 14:19:34 RAM 3504/6833MB (lfb 74x4MB) SWAP 202/3417MB (cached 1MB) CPU [5%@1190,13%@1190,19%@1190,26%@1190,13%@1190,0%@1420] EMC_FREQ 0% GR3D_FREQ 0% AUX@45C CPU@45.5C thermal@44.95C AO@45C GPU@45C PMIC@50C
1791263974.866923 10-06-2026 14:19:34 RAM 3534/6833MB (lfb 74x4MB) SWAP 202/3417MB (cached 1MB) CPU [5%@1420,0%@1420,22%@1420,45%@1420,0%@1420,5%@1420] EMC_FREQ 0% GR3D_FREQ 0% AUX@45C CPU@45.5C thermal@45.15C AO@45C GPU@45C PMIC@50C
1791263975.070510 10-06-2026 14:19:35 RAM 3546/6833MB (lfb 74x4MB) SWAP 202/3417MB (cached 1MB) CPU [5%@1420,0%@1420,10%@1420,65%@1420,5%@1420,5%@1420] EMC_FREQ 0% GR3D_FREQ 0% AUX@45C CPU@45.5C thermal@45.15C AO@45C GPU@45C PMIC@50C
1791263975.273927 10-06-2026 14:19:35 RAM 3574/6833MB (lfb 74x4MB) SWAP 202/3417MB (cached 1MB) CPU [4%@1190,9%@1420,20%@1420,15%@1420,5%@1420,10%@1420] EMC_FREQ 0% GR3D_FREQ 0% AUX@45C CPU@45.5C thermal@45.15C AO@45C GPU@45C PMIC@50C
1791263975.477678 10-06-2026 14:19:35 RAM 3596/6833MB (lfb 74x4MB) SWAP 202/3417MB (cached 1MB) CPU [5%@1420,0%@1420,9%@1190,5%@1190,15%@1190,5%@1190] EMC_FREQ 0% GR3D_FREQ 0% AUX@45C CPU@45.5C thermal@45.15C AO@45C GPU@45C PMIC@50C
1791263975.681052 10-06-2026 14:19:35 RAM 3650/6833MB (lfb 73x4MB) SWAP 202/3417MB (cached 1MB) CPU [15%@1420,4%@1420,21%@1420,15%@1420,10%@1420,5%@1420] EMC_FREQ 0% GR3D_FREQ 42% AUX@45C CPU@46C thermal@45.15C AO@45C GPU@45C PMIC@50C
1791263975.884201 10-06-2026 14:19:35 RAM 3650/6833MB (lfb 73x4MB) SWAP 202/3417MB (cached 1MB) CPU [18%@1420,83%@1420,5%@1420,5%@1420,15%@1420,9%@1420] EMC_FREQ 0% GR3D_FREQ 67% AUX@45C CPU@46C thermal@45.3C AO@45C GPU@45C PMIC@50C
1791263976.087502 10-06-2026 14:19:36 RAM 3343/6833MB (lfb 74x4MB) SWAP 202/3417MB (cached 1MB) CPU [0%@1420,100%@1420,5%@1420,5%@1420,4%@1420,10%@1420] EMC_FREQ 0% GR3D_FREQ 0% AUX@45C CPU@46C thermal@45.3C AO@45C GPU@45.5C PMIC@50C
1791263976.290797 10-06-2026 14:19:36 RAM 3341/6833MB (lfb 74x4MB) SWAP 202/3417MB (cached 1MB) CPU [0%@1420,95%@1420,9%@1420,5%@1420,10%@1420,31%@1420] EMC_FREQ 0% GR3D_FREQ 0% AUX@45C CPU@46C thermal@45.3C AO@45C GPU@45.5C PMIC@50C
1791263976.494198 10-06-2026 14:19:36 RAM 3341/6833MB (lfb 74x4MB) SWAP 202/3417MB (cached 1MB) CPU [5%@1344,70%@1344,9%@1344,9%@1344,14%@1344,52%@1344] EMC_FREQ 0% GR3D_FREQ 0% AUX@45C CPU@46C thermal@45.3C AO@45C GPU@45C PMIC@50C
1791263976.697421 10-06-2026 14:19:36 RAM 3345/6833MB (lfb 74x4MB) SWAP 202/3417MB (cached 1MB) CPU [13%@1420,73%@1420,5%@1420,5%@1420,9%@1420,10%@1420] EMC_FREQ 0% GR3D_FREQ 0% AUX@45C CPU@46C thermal@45.3C AO@45C GPU@45C PMIC@50C
1791263976.900618 10-06-2026 14:19:36 RAM 3346/6833MB (lfb 74x4MB) SWAP 202/3417MB (cached 1MB) CPU [5%@1420,80%@1420,5%@1420,0%@1420,14%@1420,5%@1420] EMC_FREQ 0% GR3D_FREQ 0% AUX@45C CPU@46C thermal@45.3C AO@45C GPU@45C PMIC@50C
1791263977.103775 10-06-2026 14:19:37 RAM 3346/6833MB (lfb 74x4MB) SWAP 202/3417MB (cached 1MB) CPU [80%@1420,10%@1420,0%@1420,14%@1420,5%@1420,14%@1420] EMC_FREQ 0% GR3D_FREQ 0% AUX@45C CPU@46C thermal@45.3C AO@45C GPU@45C PMIC@50C
1791263977.307390 10-06-2026 14:19:37 RAM 3345/6833MB (lfb 74x4MB) SWAP 202/3417MB (cached 1MB) CPU [23%@1190,5%@1420,31%@1420,20%@1420,17%@1420,14%@1420] EMC_FREQ 0% GR3D_FREQ 0% AUX@45C CPU@46C thermal@45.3C AO@45C GPU@45C PMIC@50C
1791263977.510975 10-06-2026 14:19:37 RAM 3344/6833MB (lfb 74x4MB) SWAP 202/3417MB (cached 1MB) CPU [5%@1420,0%@1420,28%@1420,26%@1420,10%@1420,0%@1420] EMC_FREQ 0% GR3D_FREQ 0% AUX@45C CPU@46C thermal@45.3C AO@45C GPU@45C PMIC@50C
1791263977.714416 10-06-2026 14:19:37 RAM 3343/6833MB (lfb 74x4MB) SWAP 202/3417MB (cached 1MB) CPU [0%@1420,9%@1420,90%@1420,5%@1420,5%@1420,10%@1420] EMC_FREQ 0% GR3D_FREQ 0% AUX@45C CPU@46C thermal@45.3C AO@45C GPU@45C PMIC@50C
1791263977.919981 10-06-2026 14:19:37 RAM 3344/6833MB (lfb 74x4MB) SWAP 202/3417MB (cached 1MB) CPU [5%@1420,0%@1420,10%@1420,63%@1420,9%@1420,10%@1420] EMC_FREQ 0% GR3D_FREQ 0% AUX@45C CPU@46C thermal@45.3C AO@45.5C GPU@45C PMIC@50C
1791263978.121481 10-06-2026 14:19:38 RAM 3343/6833MB (lfb 74x4MB) SWAP 202/3417MB (cached 1MB) CPU [9%@1420,0%@1420,14%@1420,28%@1420,10%@1420,5%@1420] EMC_FREQ 0% GR3D_FREQ 0% AUX@45C CPU@46C thermal@45.45C AO@45C GPU@45.5C PMIC@50C
1791263978.324938 10-06-2026 14:19:38 RAM 4000/6833MB (lfb 52x1MB) SWAP 202/3417MB (cached 1MB) CPU [0%@1420,5%@1420,4%@1420,100%@1420,10%@1420,13%@1420] EMC_FREQ 0% GR3D_FREQ 0% AUX@45C CPU@46.5C thermal@45.45C AO@45C GPU@45.5C PMIC@50C
1791263978.528465 10-06-2026 14:19:38 RAM 4067/6833MB (lfb 52x1MB) SWAP 202/3417MB (cached 1MB) CPU [0%@1420,9%@1420,0%@1420,100%@1420,14%@1420,9%@1420] EMC_FREQ 0% GR3D_FREQ 0% AUX@45C CPU@46C thermal@45.45C AO@45C GPU@45C PMIC@50C
1791263978.731882 10-06-2026 14:19:38 RAM 4134/6833MB (lfb 52x1MB) SWAP 202/3417MB (cached 1MB) CPU [5%@1420,0%@1420,0%@1420,100%@1420,0%@1420,10%@1420] EMC_FREQ 0% GR3D_FREQ 0% AUX@45C CPU@46C thermal@45.45C AO@45C GPU@45.5C PMIC@50C
1791263978.936424 10-06-2026 14:19:38 RAM 4093/6833MB (lfb 50x1MB) SWAP 202/3417MB (cached 1MB) CPU [33%@1420,5%@1420,0%@1420,100%@1420,33%@1420,10%@1420] EMC_FREQ 0% GR3D_FREQ 0% AUX@45C CPU@46.5C thermal@45.45C AO@45C GPU@45C PMIC@50C
1791263979.140483 10-06-2026 14:19:39 RAM 4096/6833MB (lfb 54x1MB) SWAP 202/3417MB (cached 1MB) CPU [4%@1420,5%@1420,0%@1420,100%@1420,31%@1420,9%@1420] EMC_FREQ 0% GR3D_FREQ 0% AUX@45C CPU@46.5C thermal@45.45C AO@45.5C GPU@45.5C PMIC@50C
1791263979.344853 10-06-2026 14:19:39 RAM 4073/6833MB (lfb 46x1MB) SWAP 202/3417MB (cached 1MB) CPU [52%@1420,10%@1420,9%@1420,100%@1420,42%@1420,10%@1420] EMC_FREQ 0% GR3D_FREQ 0% AUX@45.5C CPU@46.5C thermal@45.6C AO@45.5C GPU@45C PMIC@50C
1791263979.548579 10-06-2026 14:19:39 RAM 4063/6833MB (lfb 46x1MB) SWAP 202/3417MB (cached 1MB) CPU [23%@1420,9%@1420,0%@1420,100%@1420,20%@1420,5%@1420] EMC_FREQ 0% GR3D_FREQ 0% AUX@45C CPU@46C thermal@45.6C AO@45C GPU@45.5C PMIC@50C
1791263979.752054 10-06-2026 14:19:39 RAM 4063/6833MB (lfb 46x1MB) SWAP 202/3417MB (cached 1MB) CPU [4%@1420,0%@1420,0%@1420,100%@1420,5%@1420,19%@1420] EMC_FREQ 0% GR3D_FREQ 0% AUX@45C CPU@46.5C thermal@45.6C AO@45C GPU@45.5C PMIC@50C
1791263979.955211 10-06-2026 14:19:39 RAM 4064/6833MB (lfb 46x1MB) SWAP 202/3417MB (cached 1MB) CPU [0%@1420,5%@1420,0%@1420,100%@1420,10%@1420,9%@1420] EMC_FREQ 0% GR3D_FREQ 0% AUX@45C CPU@46.5C thermal@45.6C AO@45.5C GPU@45.5C PMIC@50C
1791263980.158392 10-06-2026 14:19:40 RAM 4064/6833MB (lfb 46x1MB) SWAP 202/3417MB (cached 1MB) CPU [9%@1420,13%@1420,0%@1420,100%@1420,5%@1420,10%@1420] EMC_FREQ 0% GR3D_FREQ 0% AUX@45C CPU@46C thermal@45.6C AO@45C GPU@45.5C PMIC@50C
1791263980.361974 10-06-2026 14:19:40 RAM 4064/6833MB (lfb 46x1MB) SWAP 202/3417MB (cached 1MB) CPU [10%@1420,72%@1420,4%@1420,100%@1420,18%@1420,5%@1420] EMC_FREQ 0% GR3D_FREQ 0% AUX@45C CPU@46.5C thermal@45.6C AO@45C GPU@45.5C PMIC@50C
1791263980.565264 10-06-2026 14:19:40 RAM 3995/6833MB (lfb 46x1MB) SWAP 202/3417MB (cached 1MB) CPU [0%@1420,5%@1420,0%@1420,100%@1420,10%@1420,5%@1420] EMC_FREQ 0% GR3D_FREQ 0% AUX@45C CPU@46.5C thermal@45.6C AO@45.5C GPU@45.5C PMIC@50C
1791263980.768591 10-06-2026 14:19:40 RAM 3060/6833MB (lfb 74x4MB) SWAP 202/3417MB (cached 1MB) CPU [0%@1420,4%@1420,0%@1420,100%@1420,5%@1420,0%@1420] EMC_FREQ 0% GR3D_FREQ 0% AUX@45.5C CPU@46.5C thermal@45.6C AO@45.5C GPU@45.5C PMIC@50C
1791263980.971739 10-06-2026 14:19:40 RAM 3060/6833MB (lfb 74x4MB) SWAP 202/3417MB (cached 1MB) CPU [9%@1420,5%@1420,9%@1420,100%@1420,14%@1420,0%@1420] EMC_FREQ 0% GR3D_FREQ 0% AUX@45C CPU@46.5C thermal@45.6C AO@45.5C GPU@45.5C PMIC@50C
1791263981.174925 10-06-2026 14:19:41 RAM 3060/6833MB (lfb 74x4MB) SWAP 202/3417MB (cached 1MB) CPU [5%@1420,5%@1420,4%@1420,100%@1420,14%@1420,5%@1420] EMC_FREQ 0% GR3D_FREQ 0% AUX@45C CPU@46.5C thermal@45.6C AO@45C GPU@45.5C PMIC@50C
1791263981.378196 10-06-2026 14:19:41 RAM 3073/6833MB (lfb 74x4MB) SWAP 202/3417MB (cached 1MB) CPU [4%@1420,9%@1420,0%@1420,100%@1420,5%@1420,9%@1420] EMC_FREQ 0% GR3D_FREQ 0% AUX@45C CPU@46.5C thermal@45.6C AO@45.5C GPU@45.5C PMIC@50C
1791263981.581482 10-06-2026 14:19:41 RAM 3104/6833MB (lfb 74x4MB) SWAP 202/3417MB (cached 1MB) CPU [9%@1420,5%@1420,0%@1420,100%@1420,5%@1420,9%@1420] EMC_FREQ 0% GR3D_FREQ 0% AUX@45.5C CPU@46.5C thermal@45.8C AO@45.5C GPU@45.5C PMIC@50C
1791263981.784706 10-06-2026 14:19:41 RAM 3134/6833MB (lfb 74x4MB) SWAP 202/3417MB (cached 1MB) CPU [0%@1420,5%@1420,9%@1420,100%@1420,13%@1420,5%@1420] EMC_FREQ 0% GR3D_FREQ 0% AUX@45.5C CPU@46.5C thermal@45.8C AO@45.5C GPU@45.5C PMIC@50C
1791263981.987898 10-06-2026 14:19:41 RAM 3163/6833MB (lfb 74x4MB) SWAP 202/3417MB (cached 1MB) CPU [0%@1420,5%@1420,0%@1420,100%@1420,0%@1420,10%@1420] EMC_FREQ 0% GR3D_FREQ 0% AUX@45.5C CPU@46.5C thermal@45.8C AO@45.5C GPU@45.5C PMIC@50C
1791263982.190972 10-06-2026 14:19:42 RAM 3194/6833MB (lfb 74x4MB) SWAP 202/3417MB (cached 1MB) CPU [9%@1420,0%@1420,0%@1420,100%@1420,0%@1420,10%@1420] EMC_FREQ 0% GR3D_FREQ 0% AUX@45.5C CPU@46.5C thermal@45.8C AO@45.5C GPU@45.5C PMIC@50C
1791263982.394134 10-06-2026 14:19:42 RAM 3226/6833MB (lfb 74x4MB) SWAP 202/3417MB (cached 1MB) CPU [10%@1420,5%@1420,4%@1420,100%@1420,5%@1420,10%@1420] EMC_FREQ 0% GR3D_FREQ 0% AUX@45.5C CPU@46.5C thermal@45.8C AO@45.5C GPU@45.5C PMIC@50C
1791263982.597356 10-06-2026 14:19:42 RAM 3256/6833MB (lfb 74x4MB) SWAP 202/3417MB (cached 1MB) CPU [9%@1420,5%@1420,0%@1420,100%@1420,5%@1420,10%@1420] EMC_FREQ 0% GR3D_FREQ 0% AUX@45.5C CPU@46.5C thermal@45.8C AO@45.5C GPU@45.5C PMIC@50C
1791263982.800550 10-06-2026 14:19:42 RAM 3288/6833MB (lfb 74x4MB) SWAP 202/3417MB (cached 1MB) CPU [0%@1420,9%@1420,0%@1420,100%@1420,0%@1420,14%@1420] EMC_FREQ 0% GR3D_FREQ 0% AUX@45.5C CPU@46.5C thermal@45.8C AO@45.5C GPU@45.5C PMIC@50C
1791263983.004055 10-06-2026 14:19:42 RAM 3314/6833MB (lfb 74x4MB) SWAP 202/3417MB (cached 1MB) CPU [5%@1420,5%@1420,57%@1420,50%@1420,5%@1420,0%@1420] EMC_FREQ 0% GR3D_FREQ 0% AUX@45.5C CPU@46.5C thermal@45.8C AO@45.5C GPU@45.5C PMIC@50C
1791263983.207248 10-06-2026 14:19:43 RAM 3341/6833MB (lfb 74x4MB) SWAP 202/3417MB (cached 1MB) CPU [13%@1420,0%@1420,100%@1420,0%@1420,13%@1420,5%@1420] EMC_FREQ 0% GR3D_FREQ 0% AUX@45.5C CPU@46.5C thermal@45.8C AO@45.5C GPU@45.5C PMIC@50C
1791263983.410424 10-06-2026 14:19:43 RAM 3370/6833MB (lfb 74x4MB) SWAP 202/3417MB (cached 1MB) CPU [0%@1420,13%@1420,100%@1420,4%@1420,5%@1420,5%@1420] EMC_FREQ 0% GR3D_FREQ 0% AUX@45.5C CPU@46.5C thermal@45.8C AO@45.5C GPU@45.5C PMIC@50C
1791263983.613534 10-06-2026 14:19:43 RAM 3398/6833MB (lfb 74x4MB) SWAP 202/3417MB (cached 1MB) CPU [5%@1420,5%@1420,100%@1420,0%@1420,4%@1420,5%@1420] EMC_FREQ 0% GR3D_FREQ 0% AUX@45.5C CPU@46.5C thermal@45.8C AO@45.5C GPU@45.5C PMIC@50C
1791263983.816742 10-06-2026 14:19:43 RAM 3426/6833MB (lfb 74x4MB) SWAP 202/3417MB (cached 1MB) CPU [10%@1420,5%@1420,100%@1420,13%@1420,10%@1420,4%@1420] EMC_FREQ 0% GR3D_FREQ 0% AUX@45.5C CPU@46.5C thermal@45.95C AO@45.5C GPU@45.5C PMIC@50C
1791263984.019932 10-06-2026 14:19:44 RAM 3483/6833MB (lfb 62x4MB) SWAP 202/3417MB (cached 1MB) CPU [4%@1420,4%@1420,100%@1420,5%@1420,5%@1420,14%@1420] EMC_FREQ 0% GR3D_FREQ 0% AUX@45.5C CPU@46.5C thermal@45.95C AO@45.5C GPU@45.5C PMIC@50C
1791263984.223080 10-06-2026 14:19:44 RAM 3539/6833MB (lfb 48x4MB) SWAP 202/3417MB (cached 1MB) CPU [5%@1420,9%@1420,100%@1420,4%@1420,5%@1420,5%@1420] EMC_FREQ 0% GR3D_FREQ 0% AUX@45.5C CPU@46.5C thermal@45.95C AO@45.5C GPU@45.5C PMIC@50C
1791263984.427753 10-06-2026 14:19:44 RAM 3539/6833MB (lfb 48x4MB) SWAP 202/3417MB (cached 1MB) CPU [10%@1420,10%@1420,100%@1420,0%@1420,4%@1420,13%@1420] EMC_FREQ 0% GR3D_FREQ 0% AUX@45.5C CPU@46.5C thermal@45.95C AO@45.5C GPU@45.5C PMIC@50C
1791263984.630868 10-06-2026 14:19:44 RAM 3539/6833MB (lfb 48x4MB) SWAP 202/3417MB (cached 1MB) CPU [0%@1420,5%@1420,100%@1420,0%@1420,5%@1420,10%@1420] EMC_FREQ 0% GR3D_FREQ 0% AUX@45.5C CPU@46.5C thermal@45.95C AO@45.5C GPU@46C PMIC@50C
1791263984.834105 10-06-2026 14:19:44 RAM 3539/6833MB (lfb 48x4MB) SWAP 202/3417MB (cached 1MB) CPU [9%@1420,5%@1420,100%@1420,0%@1420,0%@1420,14%@1420] EMC_FREQ 0% GR3D_FREQ 0% AUX@45.5C CPU@46.5C thermal@45.8C AO@46C GPU@45.5C PMIC@50C
1791263985.037257 10-06-2026 14:19:45 RAM 3539/6833MB (lfb 48x4MB) SWAP 202/3417MB (cached 1MB) CPU [17%@1420,9%@1420,100%@1420,0%@1420,0%@1420,10%@1420] EMC_FREQ 0% GR3D_FREQ 0% AUX@45.5C CPU@46.5C thermal@45.8C AO@45.5C GPU@45.5C PMIC@50C
1791263985.240889 10-06-2026 14:19:45 RAM 3539/6833MB (lfb 48x4MB) SWAP 202/3417MB (cached 1MB) CPU [5%@1420,5%@1420,100%@1420,4%@1420,5%@1420,9%@1420] EMC_FREQ 0% GR3D_FREQ 0% AUX@45.5C CPU@46.5C thermal@45.8C AO@46C GPU@45.5C PMIC@50C
1791263985.444125 10-06-2026 14:19:45 RAM 3539/6833MB (lfb 48x4MB) SWAP 202/3417MB (cached 1MB) CPU [0%@1420,0%@1420,100%@1420,4%@1420,9%@1420,14%@1420] EMC_FREQ 0% GR3D_FREQ 0% AUX@45.5C CPU@46.5C thermal@45.8C AO@46C GPU@46C PMIC@50C
1791263985.647657 10-06-2026 14:19:45 RAM 3539/6833MB (lfb 48x4MB) SWAP 202/3417MB (cached 1MB) CPU [14%@1420,66%@1420,100%@1420,0%@1420,0%@1420,10%@1420] EMC_FREQ 0% GR3D_FREQ 0% AUX@45.5C CPU@46.5C thermal@45.8C AO@46C GPU@46C PMIC@50C
1791263985.850792 10-06-2026 14:19:45 RAM 3539/6833MB (lfb 48x4MB) SWAP 202/3417MB (cached 1MB) CPU [9%@1420,5%@1420,100%@1420,4%@1420,9%@1420,14%@1420] EMC_FREQ 0% GR3D_FREQ 0% AUX@45.5C CPU@46.5C thermal@45.8C AO@46C GPU@45.5C PMIC@50C
1791263986.053957 10-06-2026 14:19:46 RAM 3539/6833MB (lfb 48x4MB) SWAP 202/3417MB (cached 1MB) CPU [10%@1420,5%@1420,100%@1420,5%@1420,4%@1420,10%@1420] EMC_FREQ 0% GR3D_FREQ 0% AUX@45.5C CPU@46.5C thermal@46.1C AO@46C GPU@45.5C PMIC@50C
1791263986.257041 10-06-2026 14:19:46 RAM 3539/6833MB (lfb 48x4MB) SWAP 202/3417MB (cached 1MB) CPU [0%@1420,5%@1420,100%@1420,0%@1420,10%@1420,4%@1420] EMC_FREQ 0% GR3D_FREQ 0% AUX@45.5C CPU@46.5C thermal@46.1C AO@46C GPU@46C PMIC@50C
1791263986.460473 10-06-2026 14:19:46 RAM 3539/6833MB (lfb 48x4MB) SWAP 202/3417MB (cached 1MB) CPU [10%@1420,4%@1420,100%@1420,0%@1420,10%@1420,0%@1420] EMC_FREQ 0% GR3D_FREQ 0% AUX@45.5C CPU@47C thermal@46.1C AO@46C GPU@46C PMIC@50C
1791263986.663702 10-06-2026 14:19:46 RAM 3540/6833MB (lfb 48x4MB) SWAP 202/3417MB (cached 1MB) CPU [42%@1420,35%@1420,68%@1420,63%@1420,33%@1420,35%@1420] EMC_FREQ 0% GR3D_FREQ 0% AUX@45.5C CPU@47C thermal@46.1C AO@46C GPU@46C PMIC@50C
1791263986.867058 10-06-2026 14:19:46 RAM 3062/6833MB (lfb 74x4MB) SWAP 202/3417MB (cached 1MB) CPU [4%@1420,9%@1420,0%@1420,100%@1420,5%@1420,5%@1420] EMC_FREQ 0% GR3D_FREQ 0% AUX@45.5C CPU@47C thermal@46.1C AO@46C GPU@46C PMIC@50C
1791263987.070283 10-06-2026 14:19:47 RAM 3061/6833MB (lfb 74x4MB) SWAP 202/3417MB (cached 1MB) CPU [5%@1420,17%@1420,10%@1420,94%@1420,10%@1420,0%@1420] EMC_FREQ 0% GR3D_FREQ 7% AUX@46C CPU@47C thermal@46.1C AO@46C GPU@46C PMIC@50C
1791263987.273513 10-06-2026 14:19:47 RAM 3061/6833MB (lfb 74x4MB) SWAP 202/3417MB (cached 1MB) CPU [0%@1420,5%@1420,15%@1420,80%@1420,13%@1420,4%@1420] EMC_FREQ 0% GR3D_FREQ 12% AUX@46C CPU@47C thermal@46.1C AO@46C GPU@46C PMIC@50C
1791263987.476699 10-06-2026 14:19:47 RAM 3061/6833MB (lfb 74x4MB) SWAP 202/3417MB (cached 1MB) CPU [14%@1420,9%@1420,80%@1420,20%@1420,0%@1420,9%@1420] EMC_FREQ 0% GR3D_FREQ 0% AUX@46C CPU@47C thermal@46.1C AO@46C GPU@46C PMIC@50C
1791263987.680040 10-06-2026 14:19:47 RAM 3061/6833MB (lfb 74x4MB) SWAP 202/3417MB (cached 1MB) CPU [0%@1420,5%@1420,44%@1420,44%@1420,5%@1420,5%@1420] EMC_FREQ 0% GR3D_FREQ 7% AUX@46C CPU@47C thermal@46.1C AO@46C GPU@46C PMIC@50C
1791263987.883713 10-06-2026 14:19:47 RAM 3061/6833MB (lfb 74x4MB) SWAP 202/3417MB (cached 1MB) CPU [5%@1420,95%@1420,0%@1420,0%@1420,0%@1420,9%@1420] EMC_FREQ 0% GR3D_FREQ 8% AUX@45.5C CPU@47C thermal@46.1C AO@46C GPU@46C PMIC@50C
1791263988.087457 10-06-2026 14:19:48 RAM 3061/6833MB (lfb 74x4MB) SWAP 202/3417MB (cached 1MB) CPU [9%@1420,90%@1420,5%@1420,20%@1420,4%@1420,14%@1420] EMC_FREQ 0% GR3D_FREQ 21% AUX@45.5C CPU@47C thermal@46.1C AO@46C GPU@46C PMIC@50C
1791263988.292844 10-06-2026 14:19:48 RAM 3134/6833MB (lfb 74x4MB) SWAP 202/3417MB (cached 1MB) CPU [10%@1420,80%@1420,4%@1420,0%@1420,5%@1420,13%@1420] EMC_FREQ 0% GR3D_FREQ 0% AUX@45.5C CPU@47C thermal@46.1C AO@46C GPU@46C PMIC@50C
1791263988.496933 10-06-2026 14:19:48 RAM 3226/6833MB (lfb 74x4MB) SWAP 202/3417MB (cached 1MB) CPU [10%@1420,85%@1420,4%@1420,0%@1420,13%@1420,5%@1420] EMC_FREQ 0% GR3D_FREQ 0% AUX@45.5C CPU@47C thermal@46.1C AO@46C GPU@46C PMIC@50C
1791263988.700578 10-06-2026 14:19:48 RAM 3230/6833MB (lfb 74x4MB) SWAP 202/3417MB (cached 1MB) CPU [85%@1420,5%@1420,0%@1420,4%@1420,5%@1420,4%@1420] EMC_FREQ 0% GR3D_FREQ 0% AUX@45.5C CPU@47C thermal@46.1C AO@46C GPU@46C PMIC@50C
1791263988.903598 10-06-2026 14:19:48 RAM 3230/6833MB (lfb 74x4MB) SWAP 201/3417MB (cached 1MB) CPU [90%@1420,5%@1420,4%@1420,9%@1420,9%@1420,5%@1420] EMC_FREQ 0% GR3D_FREQ 0% AUX@46C CPU@47C thermal@46.1C AO@46C GPU@46C PMIC@50C
1791263989.108356 10-06-2026 14:19:49 RAM 3253/6833MB (lfb 74x4MB) SWAP 201/3417MB (cached 1MB) CPU [30%@1267,30%@1267,0%@1267,5%@1267,15%@1267,9%@1267] EMC_FREQ 0% GR3D_FREQ 87% AUX@45.5C CPU@47C thermal@46.1C AO@46C GPU@46C PMIC@50C
1791263989.311700 10-06-2026 14:19:49 RAM 3395/6833MB (lfb 45x4MB) SWAP 201/3417MB (cached 1MB) CPU [75%@1420,0%@1420,5%@1420,0%@1420,18%@1420,0%@1420] EMC_FREQ 0% GR3D_FREQ 0% AUX@45.5C CPU@47C thermal@46.1C AO@46C GPU@46C PMIC@50C
1791263989.515180 10-06-2026 14:19:49 RAM 3233/6833MB (lfb 45x4MB) SWAP 201/3417MB (cached 1MB) CPU [95%@1420,9%@1420,9%@1420,9%@1420,9%@1420,9%@1420] EMC_FREQ 0% GR3D_FREQ 0% AUX@46C CPU@46.5C thermal@46.1C AO@46C GPU@46C PMIC@50C
1791263989.718570 10-06-2026 14:19:49 RAM 3234/6833MB (lfb 45x4MB) SWAP 201/3417MB (cached 1MB) CPU [76%@1420,9%@1420,10%@1420,78%@1420,10%@1420,10%@1420] EMC_FREQ 0% GR3D_FREQ 0% AUX@45.5C CPU@47C thermal@46.1C AO@46C GPU@46C PMIC@50C
1791263989.921920 10-06-2026 14:19:49 RAM 3233/6833MB (lfb 45x4MB) SWAP 201/3417MB (cached 1MB) CPU [0%@1420,5%@1420,9%@1420,100%@1420,4%@1420,5%@1420] EMC_FREQ 0% GR3D_FREQ 0% AUX@46C CPU@46.5C thermal@46.1C AO@46C GPU@46C PMIC@50C
1791263990.127025 10-06-2026 14:19:50 RAM 3234/6833MB (lfb 45x4MB) SWAP 201/3417MB (cached 1MB) CPU [5%@1420,5%@1420,0%@1420,90%@1420,4%@1420,10%@1420] EMC_FREQ 0% GR3D_FREQ 0% AUX@46C CPU@47C thermal@46.1C AO@46C GPU@46C PMIC@50C
1791263990.330504 10-06-2026 14:19:50 RAM 3240/6833MB (lfb 45x4MB) SWAP 201/3417MB (cached 1MB) CPU [10%@1420,5%@1420,17%@1420,73%@1420,0%@1420,18%@1420] EMC_FREQ 0% GR3D_FREQ 0% AUX@45.5C CPU@46.5C thermal@46.1C AO@46C GPU@46C PMIC@50C
1791263990.533854 10-06-2026 14:19:50 RAM 3245/6833MB (lfb 45x4MB) SWAP 201/3417MB (cached 1MB) CPU [13%@1420,80%@1420,4%@1420,18%@1420,19%@1420,5%@1420] EMC_FREQ 0% GR3D_FREQ 0% AUX@45.5C CPU@46.5C thermal@45.95C AO@46C GPU@46C PMIC@50C
1791263990.737075 10-06-2026 14:19:50 RAM 3253/6833MB (lfb 45x4MB) SWAP 201/3417MB (cached 1MB) CPU [85%@1420,15%@1420,0%@1420,0%@1420,5%@1420,5%@1420] EMC_FREQ 0% GR3D_FREQ 0% AUX@45.5C CPU@46.5C thermal@45.95C AO@46C GPU@46C PMIC@50C
1791263990.940375 10-06-2026 14:19:50 RAM 3257/6833MB (lfb 45x4MB) SWAP 201/3417MB (cached 1MB) CPU [15%@1420,73%@1420,9%@1420,13%@1420,5%@1420,18%@1420] EMC_FREQ 0% GR3D_FREQ 0% AUX@45.5C CPU@47C thermal@45.95C AO@46C GPU@46C PMIC@50C
1791263991.143701 10-06-2026 14:19:51 RAM 3269/6833MB (lfb 45x4MB) SWAP 201/3417MB (cached 1MB) CPU [70%@1420,10%@1420,5%@1420,0%@1420,9%@1420,5%@1420] EMC_FREQ 0% GR3D_FREQ 0% AUX@45.5C CPU@46.5C thermal@45.95C AO@46C GPU@46C PMIC@50C
1791263991.347310 10-06-2026 14:19:51 RAM 3269/6833MB (lfb 45x4MB) SWAP 201/3417MB (cached 1MB) CPU [50%@1420,52%@1420,4%@1420,5%@1420,9%@1420,10%@1420] EMC_FREQ 0% GR3D_FREQ 0% AUX@45.5C CPU@46.5C thermal@45.95C AO@46C GPU@45.5C PMIC@50C
1791263991.550619 10-06-2026 14:19:51 RAM 3277/6833MB (lfb 45x4MB) SWAP 201/3417MB (cached 1MB) CPU [57%@1420,38%@1420,5%@1420,9%@1420,5%@1420,10%@1420] EMC_FREQ 0% GR3D_FREQ 0% AUX@45.5C CPU@46.5C thermal@45.8C AO@46C GPU@46C PMIC@50C
1791263991.753924 10-06-2026 14:19:51 RAM 3283/6833MB (lfb 45x4MB) SWAP 201/3417MB (cached 1MB) CPU [35%@1420,42%@1420,0%@1420,5%@1420,0%@1420,10%@1420] EMC_FREQ 0% GR3D_FREQ 0% AUX@45.5C CPU@46.5C thermal@45.8C AO@46C GPU@46C PMIC@50C
1791263991.957282 10-06-2026 14:19:51 RAM 3292/6833MB (lfb 45x4MB) SWAP 201/3417MB (cached 1MB) CPU [9%@1420,90%@1420,10%@1420,5%@1420,4%@1420,10%@1420] EMC_FREQ 0% GR3D_FREQ 13% AUX@45.5C CPU@46.5C thermal@45.8C AO@45.5C GPU@45.5C PMIC@50C
1791263992.160545 10-06-2026 14:19:52 RAM 3297/6833MB (lfb 45x4MB) SWAP 201/3417MB (cached 1MB) CPU [15%@1420,80%@1420,4%@1420,5%@1420,9%@1420,19%@1420] EMC_FREQ 0% GR3D_FREQ 8% AUX@45.5C CPU@46.5C thermal@45.8C AO@46C GPU@45.5C PMIC@50C
1791263992.363951 10-06-2026 14:19:52 RAM 3300/6833MB (lfb 45x4MB) SWAP 201/3417MB (cached 1MB) CPU [5%@1420,95%@1420,5%@1420,0%@1420,0%@1420,9%@1420] EMC_FREQ 0% GR3D_FREQ 0% AUX@45.5C CPU@46.5C thermal@45.8C AO@45.5C GPU@45.5C PMIC@50C
1791263992.567178 10-06-2026 14:19:52 RAM 3306/6833MB (lfb 45x4MB) SWAP 201/3417MB (cached 1MB) CPU [5%@1420,95%@1420,5%@1420,5%@1420,9%@1420,4%@1420] EMC_FREQ 0% GR3D_FREQ 0% AUX@45.5C CPU@46.5C thermal@45.8C AO@45.5C GPU@46C PMIC@50C
1791263992.770481 10-06-2026 14:19:52 RAM 3316/6833MB (lfb 45x4MB) SWAP 201/3417MB (cached 1MB) CPU [10%@1420,84%@1420,9%@1420,0%@1420,0%@1420,5%@1420] EMC_FREQ 0% GR3D_FREQ 0% AUX@45.5C CPU@46.5C thermal@46.1C AO@45.5C GPU@46C PMIC@50C
1791263992.973797 10-06-2026 14:19:52 RAM 3328/6833MB (lfb 45x4MB) SWAP 201/3417MB (cached 1MB) CPU [47%@1420,47%@1420,0%@1420,4%@1420,14%@1420,10%@1420] EMC_FREQ 0% GR3D_FREQ 3% AUX@45.5C CPU@46.5C thermal@46.1C AO@45.5C GPU@45.5C PMIC@50C
1791263993.177056 10-06-2026 14:19:53 RAM 3336/6833MB (lfb 45x4MB) SWAP 201/3417MB (cached 1MB) CPU [90%@1420,9%@1420,5%@1420,10%@1420,9%@1420,9%@1420] EMC_FREQ 0% GR3D_FREQ 0% AUX@45.5C CPU@46.5C thermal@46.1C AO@45.5C GPU@45.5C PMIC@50C
1791263993.380494 10-06-2026 14:19:53 RAM 3336/6833MB (lfb 45x4MB) SWAP 201/3417MB (cached 1MB) CPU [9%@1420,100%@1420,4%@1420,14%@1420,0%@1420,4%@1420] EMC_FREQ 0% GR3D_FREQ 0% AUX@45.5C CPU@46.5C thermal@46.1C AO@45.5C GPU@46C PMIC@50C
1791263993.584033 10-06-2026 14:19:53 RAM 3336/6833MB (lfb 45x4MB) SWAP 201/3417MB (cached 1MB) CPU [9%@1420,100%@1420,5%@1420,5%@1420,5%@1420,0%@1420] EMC_FREQ 0% GR3D_FREQ 0% AUX@45.5C CPU@46.5C thermal@46.1C AO@45.5C GPU@45.5C PMIC@50C
1791263993.787318 10-06-2026 14:19:53 RAM 3336/6833MB (lfb 45x4MB) SWAP 201/3417MB (cached 1MB) CPU [5%@1420,100%@1420,4%@1420,0%@1420,14%@1420,9%@1420] EMC_FREQ 0% GR3D_FREQ 0% AUX@45.5C CPU@46.5C thermal@45.8C AO@45.5C GPU@45.5C PMIC@50C
1791263993.990710 10-06-2026 14:19:53 RAM 3336/6833MB (lfb 45x4MB) SWAP 201/3417MB (cached 1MB) CPU [0%@1420,100%@1420,0%@1420,5%@1420,10%@1420,14%@1420] EMC_FREQ 0% GR3D_FREQ 0% AUX@45.5C CPU@46.5C thermal@45.8C AO@45.5C GPU@45.5C PMIC@50C
1791263994.194245 10-06-2026 14:19:54 RAM 3337/6833MB (lfb 45x4MB) SWAP 201/3417MB (cached 1MB) CPU [5%@1420,100%@1420,9%@1420,0%@1420,0%@1420,5%@1420] EMC_FREQ 0% GR3D_FREQ 4% AUX@45.5C CPU@46.5C thermal@45.8C AO@45.5C GPU@45.5C PMIC@50C
1791263994.397688 10-06-2026 14:19:54 RAM 3337/6833MB (lfb 45x4MB) SWAP 201/3417MB (cached 1MB) CPU [0%@1420,100%@1420,5%@1420,9%@1420,9%@1420,4%@1420] EMC_FREQ 0% GR3D_FREQ 0% AUX@45.5C CPU@46.5C thermal@45.8C AO@45.5C GPU@45.5C PMIC@50C
1791263994.601156 10-06-2026 14:19:54 RAM 3337/6833MB (lfb 45x4MB) SWAP 201/3417MB (cached 1MB) CPU [9%@1420,100%@1420,18%@1420,0%@1420,0%@1420,10%@1420] EMC_FREQ 0% GR3D_FREQ 0% AUX@45.5C CPU@46.5C thermal@45.8C AO@45.5C GPU@45.5C PMIC@50C
1791263994.804384 10-06-2026 14:19:54 RAM 3337/6833MB (lfb 45x4MB) SWAP 201/3417MB (cached 1MB) CPU [0%@1420,100%@1420,4%@1420,9%@1420,5%@1420,5%@1420] EMC_FREQ 0% GR3D_FREQ 0% AUX@45.5C CPU@46.5C thermal@45.8C AO@45.5C GPU@45.5C PMIC@50C
1791263995.007553 10-06-2026 14:19:55 RAM 3337/6833MB (lfb 45x4MB) SWAP 201/3417MB (cached 1MB) CPU [9%@1420,100%@1420,10%@1420,9%@1420,4%@1420,9%@1420] EMC_FREQ 0% GR3D_FREQ 0% AUX@45.5C CPU@46.5C thermal@45.8C AO@45.5C GPU@45.5C PMIC@50C
1791263995.210898 10-06-2026 14:19:55 RAM 3337/6833MB (lfb 45x4MB) SWAP 201/3417MB (cached 1MB) CPU [0%@1420,100%@1420,14%@1420,9%@1420,5%@1420,0%@1420] EMC_FREQ 0% GR3D_FREQ 0% AUX@45.5C CPU@46.5C thermal@45.8C AO@45.5C GPU@45.5C PMIC@50C
1791263995.414284 10-06-2026 14:19:55 RAM 3337/6833MB (lfb 45x4MB) SWAP 201/3417MB (cached 1MB) CPU [5%@1420,100%@1420,5%@1420,10%@1420,9%@1420,0%@1420] EMC_FREQ 0% GR3D_FREQ 0% AUX@45.5C CPU@46.5C thermal@45.8C AO@45.5C GPU@45.5C PMIC@50C
1791263995.617681 10-06-2026 14:19:55 RAM 3338/6833MB (lfb 45x4MB) SWAP 201/3417MB (cached 1MB) CPU [4%@1420,100%@1420,10%@1420,5%@1420,0%@1420,5%@1420] EMC_FREQ 0% GR3D_FREQ 4% AUX@45.5C CPU@46.5C thermal@45.8C AO@45.5C GPU@45.5C PMIC@50C
1791263995.821080 10-06-2026 14:19:55 RAM 3337/6833MB (lfb 45x4MB) SWAP 201/3417MB (cached 1MB) CPU [10%@1190,70%@1190,10%@1420,5%@1420,5%@1420,9%@1420] EMC_FREQ 0% GR3D_FREQ 0% AUX@45.5C CPU@46.5C thermal@45.8C AO@45.5C GPU@45.5C PMIC@50C
1791263996.024194 10-06-2026 14:19:56 RAM 3338/6833MB (lfb 45x4MB) SWAP 201/3417MB (cached 1MB) CPU [14%@1420,10%@1420,15%@1420,55%@1420,20%@1420,20%@1420] EMC_FREQ 0% GR3D_FREQ 0% AUX@45C CPU@46.5C thermal@45.8C AO@45.5C GPU@45.5C PMIC@50C
1791263996.227906 10-06-2026 14:19:56 RAM 3338/6833MB (lfb 45x4MB) SWAP 201/3417MB (cached 1MB) CPU [15%@1190,0%@1190,5%@1190,31%@1190,5%@1190,9%@1190] EMC_FREQ 0% GR3D_FREQ 99% AUX@45.5C CPU@46.5C thermal@45.8C AO@45.5C GPU@46.5C PMIC@50C
1791263996.431019 10-06-2026 14:19:56 RAM 3338/6833MB (lfb 45x4MB) SWAP 201/3417MB (cached 1MB) CPU [61%@1420,4%@1420,5%@1420,0%@1420,0%@1420,10%@1420] EMC_FREQ 0% GR3D_FREQ 0% AUX@45.5C CPU@46.5C thermal@45.8C AO@45.5C GPU@46C PMIC@50C
1791263996.634205 10-06-2026 14:19:56 RAM 3348/6833MB (lfb 45x4MB) SWAP 201/3417MB (cached 1MB) CPU [15%@1420,10%@1420,50%@1420,31%@1420,5%@1420,9%@1420] EMC_FREQ 0% GR3D_FREQ 0% AUX@45.5C CPU@46.5C thermal@45.8C AO@45.5C GPU@46C PMIC@50C
1791263996.837479 10-06-2026 14:19:56 RAM 3356/6833MB (lfb 45x4MB) SWAP 201/3417MB (cached 1MB) CPU [0%@1420,9%@1420,36%@1420,50%@1420,13%@1420,10%@1420] EMC_FREQ 0% GR3D_FREQ 0% AUX@45.5C CPU@46.5C thermal@45.8C AO@45.5C GPU@46C PMIC@50C
1791263997.040760 10-06-2026 14:19:57 RAM 3362/6833MB (lfb 45x4MB) SWAP 201/3417MB (cached 1MB) CPU [10%@1420,36%@1420,0%@1420,54%@1420,0%@1420,9%@1420] EMC_FREQ 0% GR3D_FREQ 15% AUX@45C CPU@46.5C thermal@45.8C AO@45.5C GPU@45.5C PMIC@50C
1791263997.244377 10-06-2026 14:19:57 RAM 3367/6833MB (lfb 45x4MB) SWAP 201/3417MB (cached 1MB) CPU [17%@1420,85%@1420,0%@1420,0%@1420,5%@1420,5%@1420] EMC_FREQ 0% GR3D_FREQ 0% AUX@45.5C CPU@46.5C thermal@45.95C AO@45.5C GPU@46C PMIC@50C
1791263997.447525 10-06-2026 14:19:57 RAM 3375/6833MB (lfb 45x4MB) SWAP 201/3417MB (cached 1MB) CPU [35%@1420,55%@1420,0%@1420,20%@1420,9%@1420,9%@1420] EMC_FREQ 0% GR3D_FREQ 0% AUX@45.5C CPU@46.5C thermal@45.95C AO@45.5C GPU@46C PMIC@50C
1791263997.650871 10-06-2026 14:19:57 RAM 3387/6833MB (lfb 45x4MB) SWAP 201/3417MB (cached 1MB) CPU [80%@1420,20%@1420,0%@1420,13%@1420,5%@1420,5%@1420] EMC_FREQ 0% GR3D_FREQ 0% AUX@45.5C CPU@46.5C thermal@45.95C AO@45C GPU@46C PMIC@50C
1791263997.854160 10-06-2026 14:19:57 RAM 3430/6833MB (lfb 45x4MB) SWAP 201/3417MB (cached 1MB) CPU [4%@1420,100%@1420,14%@1420,0%@1420,5%@1420,13%@1420] EMC_FREQ 0% GR3D_FREQ 1% AUX@45.5C CPU@46.5C thermal@45.95C AO@45.5C GPU@45.5C PMIC@50C
1791263998.057373 10-06-2026 14:19:58 RAM 3468/6833MB (lfb 45x4MB) SWAP 201/3417MB (cached 1MB) CPU [0%@1420,90%@1420,5%@1420,0%@1420,10%@1420,5%@1420] EMC_FREQ 0% GR3D_FREQ 0% AUX@45C CPU@46.5C thermal@45.95C AO@45.5C GPU@45.5C PMIC@50C
1791263998.261050 10-06-2026 14:19:58 RAM 3501/6833MB (lfb 45x4MB) SWAP 201/3417MB (cached 1MB) CPU [10%@1420,95%@1420,4%@1420,5%@1420,9%@1420,14%@1420] EMC_FREQ 0% GR3D_FREQ 1% AUX@45.5C CPU@46.5C thermal@45.6C AO@45.5C GPU@45.5C PMIC@50C
1791263998.464269 10-06-2026 14:19:58 RAM 3512/6833MB (lfb 45x4MB) SWAP 201/3417MB (cached 1MB) CPU [4%@1420,84%@1420,17%@1420,0%@1420,0%@1420,5%@1420] EMC_FREQ 0% GR3D_FREQ 1% AUX@45.5C CPU@46.5C thermal@45.6C AO@45.5C GPU@45.5C PMIC@50C
1791263998.667392 10-06-2026 14:19:58 RAM 3565/6833MB (lfb 45x4MB) SWAP 201/3417MB (cached 1MB) CPU [4%@1420,100%@1420,4%@1420,13%@1420,18%@1420,0%@1420] EMC_FREQ 0% GR3D_FREQ 2% AUX@45.5C CPU@46.5C thermal@45.6C AO@45.5C GPU@45.5C PMIC@50C
1791263998.870614 10-06-2026 14:19:58 RAM 3602/6833MB (lfb 44x4MB) SWAP 201/3417MB (cached 1MB) CPU [0%@1420,100%@1420,0%@1420,5%@1420,5%@1420,0%@1420] EMC_FREQ 0% GR3D_FREQ 0% AUX@45C CPU@46.5C thermal@45.6C AO@45C GPU@45.5C PMIC@50C
1791263999.073835 10-06-2026 14:19:59 RAM 3608/6833MB (lfb 44x4MB) SWAP 201/3417MB (cached 1MB) CPU [5%@1420,72%@1420,0%@1420,4%@1420,13%@1420,5%@1420] EMC_FREQ 0% GR3D_FREQ 0% AUX@45.5C CPU@46C thermal@45.6C AO@45.5C GPU@45.5C PMIC@50C
1791263999.277092 10-06-2026 14:19:59 RAM 3612/6833MB (lfb 44x4MB) SWAP 201/3417MB (cached 1MB) CPU [52%@1420,52%@1420,9%@1420,5%@1420,0%@1420,14%@1420] EMC_FREQ 0% GR3D_FREQ 0% AUX@45.5C CPU@46.5C thermal@45.6C AO@45C GPU@45.5C PMIC@50C
1791263999.480428 10-06-2026 14:19:59 RAM 3615/6833MB (lfb 44x4MB) SWAP 201/3417MB (cached 1MB) CPU [65%@1420,35%@1420,9%@1420,0%@1420,5%@1420,9%@1420] EMC_FREQ 0% GR3D_FREQ 0% AUX@45C CPU@46C thermal@45.6C AO@45C GPU@45.5C PMIC@50C
1791263999.683538 10-06-2026 14:19:59 RAM 3622/6833MB (lfb 44x4MB) SWAP 201/3417MB (cached 1MB) CPU [5%@1420,100%@1420,0%@1420,13%@1420,9%@1420,10%@1420] EMC_FREQ 0% GR3D_FREQ 0% AUX@45.5C CPU@46C thermal@45.6C AO@45.5C GPU@45.5C PMIC@50C
1791263999.886962 10-06-2026 14:19:59 RAM 3623/6833MB (lfb 44x4MB) SWAP 201/3417MB (cached 1MB) CPU [15%@1190,50%@1190,0%@1190,0%@1190,5%@1420,5%@1420] EMC_FREQ 0% GR3D_FREQ 0% AUX@45.5C CPU@46C thermal@45.6C AO@45.5C GPU@45.5C PMIC@50C
1791264000.090157 10-06-2026 14:20:00 RAM 3633/6833MB (lfb 44x4MB) SWAP 201/3417MB (cached 1MB) CPU [20%@1420,47%@1420,5%@1420,9%@1420,13%@1420,10%@1420] EMC_FREQ 0% GR3D_FREQ 0% AUX@45C CPU@46C thermal@45.6C AO@45C GPU@45.5C PMIC@50C
1791264000.293470 10-06-2026 14:20:00 RAM 3648/6833MB (lfb 43x4MB) SWAP 201/3417MB (cached 1MB) CPU [30%@1420,54%@1420,0%@1420,5%@1420,0%@1420,0%@1420] EMC_FREQ 0% GR3D_FREQ 0% AUX@45C CPU@46C thermal@45.6C AO@45.5C GPU@45.5C PMIC@50C
1791264000.496700 10-06-2026 14:20:00 RAM 3652/6833MB (lfb 42x4MB) SWAP 201/3417MB (cached 1MB) CPU [76%@1420,10%@1420,10%@1420,5%@1420,5%@1420,0%@1420] EMC_FREQ 0% GR3D_FREQ 8% AUX@45C CPU@46C thermal@45.45C AO@45.5C GPU@45.5C PMIC@50C
1791264000.699918 10-06-2026 14:20:00 RAM 3677/6833MB (lfb 40x4MB) SWAP 201/3417MB (cached 1MB) CPU [95%@1420,5%@1420,0%@1420,5%@1420,5%@1420,4%@1420] EMC_FREQ 0% GR3D_FREQ 0% AUX@45C CPU@46C thermal@45.45C AO@45C GPU@45.5C PMIC@50C
1791264000.903090 10-06-2026 14:20:00 RAM 3750/6833MB (lfb 33x4MB) SWAP 201/3417MB (cached 1MB) CPU [20%@1420,66%@1420,4%@1420,9%@1420,5%@1420,0%@1420] EMC_FREQ 0% GR3D_FREQ 0% AUX@45C CPU@46C thermal@45.45C AO@45C GPU@45.5C PMIC@50C
1791264001.106445 10-06-2026 14:20:01 RAM 3752/6833MB (lfb 33x4MB) SWAP 201/3417MB (cached 1MB) CPU [10%@1420,85%@1420,9%@1420,9%@1420,5%@1420,4%@1420] EMC_FREQ 0% GR3D_FREQ 0% AUX@45.5C CPU@46C thermal@45.45C AO@45C GPU@45.5C PMIC@50C
1791264001.309879 10-06-2026 14:20:01 RAM 3801/6833MB (lfb 21x4MB) SWAP 201/3417MB (cached 1MB) CPU [14%@1420,84%@1420,5%@1420,5%@1420,4%@1420,5%@1420] EMC_FREQ 0% GR3D_FREQ 0% AUX@45C CPU@46C thermal@45.45C AO@45C GPU@45C PMIC@50C
1791264001.513224 10-06-2026 14:20:01 RAM 3805/6833MB (lfb 20x4MB) SWAP 201/3417MB (cached 1MB) CPU [65%@1420,38%@1420,4%@1420,9%@1420,5%@1420,0%@1420] EMC_FREQ 0% GR3D_FREQ 0% AUX@45C CPU@46C thermal@45.45C AO@45C GPU@45C PMIC@50C
1791264001.716344 10-06-2026 14:20:01 RAM 3809/6833MB (lfb 18x4MB) SWAP 201/3417MB (cached 1MB) CPU [30%@1420,65%@1420,5%@1420,0%@1420,0%@1420,5%@1420] EMC_FREQ 0% GR3D_FREQ 0% AUX@45C CPU@46C thermal@45.45C AO@45C GPU@45C PMIC@50C
1791264001.919620 10-06-2026 14:20:01 RAM 3813/6833MB (lfb 17x4MB) SWAP 201/3417MB (cached 1MB) CPU [10%@1420,95%@1420,5%@1420,4%@1420,5%@1420,5%@1420] EMC_FREQ 0% GR3D_FREQ 0% AUX@45C CPU@46C thermal@45.45C AO@45C GPU@45C PMIC@50C
1791264002.123841 10-06-2026 14:20:02 RAM 3883/6833MB (lfb 15x4MB) SWAP 201/3417MB (cached 1MB) CPU [84%@1420,5%@1420,5%@1420,0%@1420,9%@1420,4%@1420] EMC_FREQ 0% GR3D_FREQ 0% AUX@45C CPU@46C thermal@45.45C AO@45C GPU@45C PMIC@50C
1791264002.327506 10-06-2026 14:20:02 RAM 3890/6833MB (lfb 15x4MB) SWAP 201/3417MB (cached 1MB) CPU [83%@1420,10%@1420,9%@1420,0%@1420,9%@1420,5%@1420] EMC_FREQ 0% GR3D_FREQ 13% AUX@45C CPU@46C thermal@45.45C AO@45C GPU@45C PMIC@50C
1791264002.532025 10-06-2026 14:20:02 RAM 3896/6833MB (lfb 15x4MB) SWAP 201/3417MB (cached 1MB) CPU [75%@1420,27%@1420,5%@1420,5%@1420,0%@1420,4%@1420] EMC_FREQ 0% GR3D_FREQ 11% AUX@45C CPU@45.5C thermal@45.45C AO@45C GPU@45.5C PMIC@50C
1791264002.734339 10-06-2026 14:20:02 RAM 3902/6833MB (lfb 15x4MB) SWAP 201/3417MB (cached 1MB) CPU [16%@1420,80%@1420,9%@1420,13%@1420,4%@1420,0%@1420] EMC_FREQ 0% GR3D_FREQ 10% AUX@45C CPU@46C thermal@45.45C AO@45C GPU@45C PMIC@50C
1791264002.937515 10-06-2026 14:20:02 RAM 3909/6833MB (lfb 15x4MB) SWAP 201/3417MB (cached 1MB) CPU [42%@1420,61%@1420,5%@1420,5%@1420,10%@1420,14%@1420] EMC_FREQ 0% GR3D_FREQ 0% AUX@45C CPU@46C thermal@45.45C AO@45C GPU@45C PMIC@50C
1791264003.149947 10-06-2026 14:20:03 RAM 3927/6833MB (lfb 15x4MB) SWAP 201/3417MB (cached 1MB) CPU [50%@1420,45%@1420,5%@1420,9%@1420,9%@1420,9%@1420] EMC_FREQ 0% GR3D_FREQ 9% AUX@45C CPU@45.5C thermal@45.45C AO@45C GPU@45C PMIC@50C
1791264003.344030 10-06-2026 14:20:03 RAM 3930/6833MB (lfb 15x4MB) SWAP 201/3417MB (cached 1MB) CPU [10%@1420,80%@1420,5%@1420,5%@1420,5%@1420,0%@1420] EMC_FREQ 0% GR3D_FREQ 2% AUX@45C CPU@45.5C thermal@45.45C AO@45C GPU@45C PMIC@50C
1791264003.547299 10-06-2026 14:20:03 RAM 3941/6833MB (lfb 15x4MB) SWAP 201/3417MB (cached 1MB) CPU [10%@1420,80%@1420,5%@1420,0%@1420,9%@1420,0%@1420] EMC_FREQ 0% GR3D_FREQ 24% AUX@45C CPU@46C thermal@45.45C AO@45C GPU@45C PMIC@50C
1791264003.750710 10-06-2026 14:20:03 RAM 3960/6833MB (lfb 15x4MB) SWAP 201/3417MB (cached 1MB) CPU [17%@1420,90%@1420,9%@1420,9%@1420,0%@1420,5%@1420] EMC_FREQ 0% GR3D_FREQ 0% AUX@45C CPU@45.5C thermal@45.45C AO@45C GPU@45C PMIC@50C
1791264003.954418 10-06-2026 14:20:03 RAM 3976/6833MB (lfb 15x4MB) SWAP 201/3417MB (cached 1MB) CPU [5%@1420,9%@1420,81%@1420,10%@1420,23%@1420,9%@1420] EMC_FREQ 0% GR3D_FREQ 0% AUX@45C CPU@45.5C thermal@45.3C AO@45C GPU@45C PMIC@50C
1791264004.157674 10-06-2026 14:20:04 RAM 3988/6833MB (lfb 15x4MB) SWAP 201/3417MB (cached 1MB) CPU [5%@1420,0%@1420,10%@1420,94%@1420,5%@1420,9%@1420] EMC_FREQ 0% GR3D_FREQ 0% AUX@45C CPU@45.5C thermal@45.3C AO@45C GPU@45C PMIC@50C
1791264004.360900 10-06-2026 14:20:04 RAM 3993/6833MB (lfb 15x4MB) SWAP 201/3417MB (cached 1MB) CPU [4%@1420,9%@1420,27%@1420,76%@1420,5%@1420,5%@1420] EMC_FREQ 0% GR3D_FREQ 0% AUX@45C CPU@45.5C thermal@45.3C AO@45C GPU@45C PMIC@50C
1791264004.564563 10-06-2026 14:20:04 RAM 4004/6833MB (lfb 15x4MB) SWAP 201/3417MB (cached 1MB) CPU [0%@1420,0%@1420,5%@1420,84%@1420,5%@1420,0%@1420] EMC_FREQ 0% GR3D_FREQ 0% AUX@45C CPU@45.5C thermal@45.3C AO@45C GPU@45C PMIC@50C
1791264004.767687 10-06-2026 14:20:04 RAM 4023/6833MB (lfb 15x4MB) SWAP 201/3417MB (cached 1MB) CPU [13%@1420,0%@1420,15%@1420,75%@1420,0%@1420,4%@1420] EMC_FREQ 0% GR3D_FREQ 0% AUX@44.5C CPU@45.5C thermal@45.3C AO@45C GPU@45C PMIC@50C
1791264004.970829 10-06-2026 14:20:04 RAM 4031/6833MB (lfb 15x4MB) SWAP 201/3417MB (cached 1MB) CPU [10%@1420,0%@1420,38%@1420,36%@1420,10%@1420,10%@1420] EMC_FREQ 0% GR3D_FREQ 0% AUX@44.5C CPU@45.5C thermal@45.15C AO@45C GPU@45C PMIC@50C
1791264005.174245 10-06-2026 14:20:05 RAM 4032/6833MB (lfb 15x4MB) SWAP 201/3417MB (cached 1MB) CPU [68%@1420,4%@1420,10%@1420,57%@1420,9%@1420,5%@1420] EMC_FREQ 0% GR3D_FREQ 0% AUX@45C CPU@45.5C thermal@45.15C AO@45C GPU@45C PMIC@50C
1791264005.377640 10-06-2026 14:20:05 RAM 4032/6833MB (lfb 15x4MB) SWAP 201/3417MB (cached 1MB) CPU [10%@1420,10%@1420,5%@1420,95%@1420,0%@1420,5%@1420] EMC_FREQ 0% GR3D_FREQ 0% AUX@45C CPU@45.5C thermal@45.15C AO@45C GPU@45C PMIC@50C
1791264005.580887 10-06-2026 14:20:05 RAM 4034/6833MB (lfb 15x4MB) SWAP 201/3417MB (cached 1MB) CPU [14%@1420,10%@1420,5%@1420,95%@1420,5%@1420,9%@1420] EMC_FREQ 0% GR3D_FREQ 0% AUX@45C CPU@45.5C thermal@45.15C AO@44.5C GPU@45C PMIC@50C
1791264005.784086 10-06-2026 14:20:05 RAM 4035/6833MB (lfb 15x4MB) SWAP 201/3417MB (cached 1MB) CPU [14%@1420,4%@1420,0%@1420,94%@1420,5%@1420,5%@1420] EMC_FREQ 0% GR3D_FREQ 0% AUX@45C CPU@45.5C thermal@45.15C AO@45C GPU@45.5C PMIC@50C
1791264005.987338 10-06-2026 14:20:05 RAM 4037/6833MB (lfb 15x4MB) SWAP 201/3417MB (cached 1MB) CPU [5%@1420,5%@1420,9%@1420,90%@1420,5%@1420,5%@1420] EMC_FREQ 0% GR3D_FREQ 0% AUX@45C CPU@45.5C thermal@45.15C AO@45C GPU@45C PMIC@50C
1791264006.190628 10-06-2026 14:20:06 RAM 4037/6833MB (lfb 15x4MB) SWAP 201/3417MB (cached 1MB) CPU [14%@1420,0%@1420,9%@1420,95%@1420,15%@1420,0%@1420] EMC_FREQ 0% GR3D_FREQ 0% AUX@45C CPU@45.5C thermal@45.15C AO@45C GPU@45C PMIC@50C
1791264006.394052 10-06-2026 14:20:06 RAM 4038/6833MB (lfb 15x4MB) SWAP 201/3417MB (cached 1MB) CPU [9%@1420,14%@1420,4%@1420,95%@1420,0%@1420,9%@1420] EMC_FREQ 0% GR3D_FREQ 0% AUX@44.5C CPU@45.5C thermal@45.15C AO@45C GPU@45C PMIC@50C
1791264006.597718 10-06-2026 14:20:06 RAM 4040/6833MB (lfb 15x4MB) SWAP 201/3417MB (cached 1MB) CPU [5%@1420,14%@1420,66%@1420,30%@1420,9%@1420,5%@1420] EMC_FREQ 0% GR3D_FREQ 0% AUX@45C CPU@45.5C thermal@45.15C AO@45C GPU@45C PMIC@50C
1791264006.801231 10-06-2026 14:20:06 RAM 4042/6833MB (lfb 15x4MB) SWAP 201/3417MB (cached 1MB) CPU [15%@1190,5%@1190,21%@1190,5%@1190,18%@1190,63%@1190] EMC_FREQ 0% GR3D_FREQ 0% AUX@44.5C CPU@45.5C thermal@45.15C AO@44.5C GPU@45C PMIC@50C
1791264007.004900 10-06-2026 14:20:07 RAM 4054/6833MB (lfb 15x4MB) SWAP 201/3417MB (cached 1MB) CPU [5%@1190,9%@1190,0%@1190,0%@1190,5%@1190,14%@1190] EMC_FREQ 0% GR3D_FREQ 0% AUX@44.5C CPU@45.5C thermal@45.15C AO@44.5C GPU@45C PMIC@50C
1791264007.208750 10-06-2026 14:20:07 RAM 4061/6833MB (lfb 15x4MB) SWAP 201/3417MB (cached 1MB) CPU [5%@1190,5%@1190,0%@1190,5%@1190,19%@1190,5%@1190] EMC_FREQ 0% GR3D_FREQ 0% AUX@44.5C CPU@45.5C thermal@44.95C AO@44.5C GPU@45C PMIC@50C
1791264007.412262 10-06-2026 14:20:07 RAM 4071/6833MB (lfb 15x4MB) SWAP 201/3417MB (cached 1MB) CPU [13%@1190,5%@1190,0%@1190,9%@1190,15%@1190,0%@1190] EMC_FREQ 0% GR3D_FREQ 0% AUX@45C CPU@45.5C thermal@44.95C AO@44.5C GPU@45C PMIC@50C
1791264007.615726 10-06-2026 14:20:07 RAM 4083/6833MB (lfb 15x4MB) SWAP 201/3417MB (cached 1MB) CPU [0%@1190,5%@1190,0%@1420,5%@1420,20%@1420,0%@1420] EMC_FREQ 0% GR3D_FREQ 0% AUX@44.5C CPU@45.5C thermal@44.95C AO@44.5C GPU@45C PMIC@50C
1791264007.819531 10-06-2026 14:20:07 RAM 4095/6833MB (lfb 15x4MB) SWAP 201/3417MB (cached 1MB) CPU [0%@1190,0%@1190,0%@1190,5%@1190,22%@1190,14%@1190] EMC_FREQ 0% GR3D_FREQ 0% AUX@44.5C CPU@45.5C thermal@44.95C AO@45C GPU@45C PMIC@50C
1791264008.023518 10-06-2026 14:20:08 RAM 4107/6833MB (lfb 15x4MB) SWAP 201/3417MB (cached 1MB) CPU [4%@1190,5%@1190,0%@1190,5%@1190,5%@1190,4%@1190] EMC_FREQ 0% GR3D_FREQ 0% AUX@45C CPU@45.5C thermal@44.95C AO@45C GPU@45C PMIC@50C
1791264008.226688 10-06-2026 14:20:08 RAM 4119/6833MB (lfb 15x4MB) SWAP 201/3417MB (cached 1MB) CPU [13%@1190,4%@1420,4%@1420,0%@1420,15%@1420,0%@1420] EMC_FREQ 0% GR3D_FREQ 0% AUX@44.5C CPU@45.5C thermal@44.95C AO@44.5C GPU@44.5C PMIC@50C
1791264008.430714 10-06-2026 14:20:08 RAM 4130/6833MB (lfb 13x4MB) SWAP 201/3417MB (cached 1MB) CPU [0%@1420,10%@1420,0%@1420,4%@1420,19%@1420,5%@1420] EMC_FREQ 0% GR3D_FREQ 0% AUX@45C CPU@45.5C thermal@44.95C AO@44.5C GPU@44.5C PMIC@50C
1791264008.634736 10-06-2026 14:20:08 RAM 4136/6833MB (lfb 12x4MB) SWAP 201/3417MB (cached 1MB) CPU [9%@1190,0%@1190,4%@1190,0%@1190,10%@1190,9%@1190] EMC_FREQ 0% GR3D_FREQ 0% AUX@45C CPU@45.5C thermal@44.95C AO@44.5C GPU@44.5C PMIC@50C
1791264008.838557 10-06-2026 14:20:08 RAM 4148/6833MB (lfb 10x4MB) SWAP 201/3417MB (cached 1MB) CPU [18%@1190,5%@1190,0%@1190,5%@1190,25%@1420,5%@1420] EMC_FREQ 0% GR3D_FREQ 0% AUX@44.5C CPU@45.5C thermal@44.95C AO@44.5C GPU@45C PMIC@50C
1791264009.041798 10-06-2026 14:20:09 RAM 4160/6833MB (lfb 8x4MB) SWAP 201/3417MB (cached 1MB) CPU [5%@1190,9%@1190,0%@1420,4%@1420,22%@1420,0%@1420] EMC_FREQ 0% GR3D_FREQ 0% AUX@44.5C CPU@45.5C thermal@44.95C AO@44.5C GPU@45C PMIC@50C
1791264009.245449 10-06-2026 14:20:09 RAM 4172/6833MB (lfb 7x4MB) SWAP 201/3417MB (cached 1MB) CPU [0%@1190,5%@1190,4%@1190,0%@1190,15%@1190,5%@1190] EMC_FREQ 0% GR3D_FREQ 0% AUX@44.5C CPU@45.5C thermal@44.95C AO@44.5C GPU@45C PMIC@50C
1791264009.449089 10-06-2026 14:20:09 RAM 4184/6833MB (lfb 5x4MB) SWAP 201/3417MB (cached 1MB) CPU [0%@1420,13%@1420,0%@1420,0%@1420,15%@1420,9%@1420] EMC_FREQ 0% GR3D_FREQ 0% AUX@44.5C CPU@45.5C thermal@44.8C AO@44.5C GPU@44.5C PMIC@50C
1791264009.652578 10-06-2026 14:20:09 RAM 4195/6833MB (lfb 3x4MB) SWAP 201/3417MB (cached 1MB) CPU [9%@1190,0%@1190,4%@1190,0%@1190,19%@1420,0%@1420] EMC_FREQ 0% GR3D_FREQ 0% AUX@44.5C CPU@45.5C thermal@44.8C AO@44.5C GPU@45C PMIC@50C
1791264009.856114 10-06-2026 14:20:09 RAM 4202/6833MB (lfb 2x4MB) SWAP 201/3417MB (cached 1MB) CPU [0%@1190,5%@1190,5%@1190,4%@1190,14%@1420,15%@1420] EMC_FREQ 0% GR3D_FREQ 0% AUX@45C CPU@45.5C thermal@44.8C AO@44.5C GPU@44.5C PMIC@50C
1791264010.059502 10-06-2026 14:20:10 RAM 4214/6833MB (lfb 51x1MB) SWAP 201/3417MB (cached 1MB) CPU [9%@1420,14%@1420,0%@1420,50%@1420,19%@1420,4%@1420] EMC_FREQ 0% GR3D_FREQ 0% AUX@44.5C CPU@45.5C thermal@44.8C AO@44.5C GPU@44.5C PMIC@50C
1791264010.263026 10-06-2026 14:20:10 RAM 4223/6833MB (lfb 51x1MB) SWAP 201/3417MB (cached 1MB) CPU [10%@1420,5%@1420,5%@1420,15%@1420,30%@1420,0%@1420] EMC_FREQ 0% GR3D_FREQ 0% AUX@44.5C CPU@45.5C thermal@44.8C AO@44.5C GPU@44.5C PMIC@50C
1791264010.466472 10-06-2026 14:20:10 RAM 4235/6833MB (lfb 51x1MB) SWAP 201/3417MB (cached 1MB) CPU [0%@1190,14%@1190,4%@1420,0%@1420,28%@1420,9%@1420] EMC_FREQ 0% GR3D_FREQ 0% AUX@44.5C CPU@45.5C thermal@44.8C AO@44.5C GPU@44.5C PMIC@50C
1791264010.669941 10-06-2026 14:20:10 RAM 4246/6833MB (lfb 51x1MB) SWAP 201/3417MB (cached 1MB) CPU [4%@1190,5%@1420,5%@1420,5%@1420,26%@1420,0%@1420] EMC_FREQ 0% GR3D_FREQ 0% AUX@44.5C CPU@45.5C thermal@44.95C AO@44.5C GPU@44.5C PMIC@50C
1791264010.873241 10-06-2026 14:20:10 RAM 4254/6833MB (lfb 51x1MB) SWAP 201/3417MB (cached 1MB) CPU [5%@1420,0%@1420,0%@1420,5%@1420,15%@1420,5%@1420] EMC_FREQ 0% GR3D_FREQ 0% AUX@44.5C CPU@45.5C thermal@44.95C AO@44.5C GPU@44.5C PMIC@50C
1791264011.076624 10-06-2026 14:20:11 RAM 4264/6833MB (lfb 51x1MB) SWAP 201/3417MB (cached 1MB) CPU [5%@1190,14%@1190,0%@1190,0%@1190,36%@1190,0%@1420] EMC_FREQ 0% GR3D_FREQ 0% AUX@44.5C CPU@45.5C thermal@44.95C AO@44.5C GPU@44.5C PMIC@50C
1791264011.279994 10-06-2026 14:20:11 RAM 4276/6833MB (lfb 48x1MB) SWAP 201/3417MB (cached 1MB) CPU [9%@1190,5%@1190,5%@1420,13%@1420,30%@1420,0%@1420] EMC_FREQ 0% GR3D_FREQ 0% AUX@44.5C CPU@45.5C thermal@44.95C AO@44.5C GPU@44.5C PMIC@50C
1791264011.484033 10-06-2026 14:20:11 RAM 4289/6833MB (lfb 47x1MB) SWAP 201/3417MB (cached 1MB) CPU [5%@1420,9%@1420,13%@1420,0%@1420,31%@1420,15%@1420] EMC_FREQ 0% GR3D_FREQ 0% AUX@44.5C CPU@45.5C thermal@44.95C AO@44.5C GPU@44.5C PMIC@50C
1791264011.687982 10-06-2026 14:20:11 RAM 4300/6833MB (lfb 47x1MB) SWAP 201/3417MB (cached 1MB) CPU [5%@1267,9%@1267,0%@1267,0%@1267,30%@1267,14%@1267] EMC_FREQ 0% GR3D_FREQ 0% AUX@44.5C CPU@45.5C thermal@44.65C AO@44.5C GPU@44.5C PMIC@50C
1791264011.893447 10-06-2026 14:20:11 RAM 4312/6833MB (lfb 42x1MB) SWAP 201/3417MB (cached 1MB) CPU [9%@1420,5%@1420,4%@1420,0%@1420,30%@1420,15%@1420] EMC_FREQ 0% GR3D_FREQ 0% AUX@44.5C CPU@45.5C thermal@44.65C AO@44C GPU@44.5C PMIC@50C
1791264012.097323 10-06-2026 14:20:12 RAM 4314/6833MB (lfb 42x1MB) SWAP 201/3417MB (cached 1MB) CPU [70%@1420,5%@1420,14%@1420,9%@1420,9%@1420,57%@1420] EMC_FREQ 0% GR3D_FREQ 0% AUX@44.5C CPU@45.5C thermal@44.65C AO@44C GPU@44.5C PMIC@50C
1791264012.301444 10-06-2026 14:20:12 RAM 4368/6833MB (lfb 41x1MB) SWAP 201/3417MB (cached 1MB) CPU [5%@1420,5%@1420,0%@1420,9%@1420,9%@1420,86%@1420] EMC_FREQ 0% GR3D_FREQ 0% AUX@44.5C CPU@45.5C thermal@44.65C AO@44C GPU@44.5C PMIC@50C
1791264012.505273 10-06-2026 14:20:12 RAM 4417/6833MB (lfb 41x1MB) SWAP 201/3417MB (cached 1MB) CPU [22%@1420,10%@1420,0%@1420,9%@1420,20%@1420,95%@1420] EMC_FREQ 0% GR3D_FREQ 0% AUX@44.5C CPU@45.5C thermal@44.65C AO@44C GPU@44.5C PMIC@50C
1791264012.711294 10-06-2026 14:20:12 RAM 4447/6833MB (lfb 41x1MB) SWAP 203/3417MB (cached 1MB) CPU [47%@1420,5%@1420,30%@1420,5%@1420,15%@1420,95%@1420] EMC_FREQ 0% GR3D_FREQ 0% AUX@44.5C CPU@45.5C thermal@44.65C AO@44.5C GPU@44.5C PMIC@50C
1791264012.914392 10-06-2026 14:20:12 RAM 4494/6833MB (lfb 49x1MB) SWAP 203/3417MB (cached 1MB) CPU [19%@1420,14%@1420,21%@1420,10%@1420,10%@1420,100%@1420] EMC_FREQ 0% GR3D_FREQ 0% AUX@44.5C CPU@45.5C thermal@44.8C AO@44.5C GPU@44.5C PMIC@50C
1791264013.118885 10-06-2026 14:20:13 RAM 4556/6833MB (lfb 33x1MB) SWAP 203/3417MB (cached 1MB) CPU [5%@1420,9%@1420,28%@1420,15%@1420,4%@1420,100%@1420] EMC_FREQ 0% GR3D_FREQ 0% AUX@44.5C CPU@45.5C thermal@44.8C AO@44.5C GPU@44.5C PMIC@50C
1791264013.323282 10-06-2026 14:20:13 RAM 4579/6833MB (lfb 30x1MB) SWAP 203/3417MB (cached 1MB) CPU [28%@1420,42%@1420,90%@1420,18%@1420,0%@1420,50%@1420] EMC_FREQ 0% GR3D_FREQ 0% AUX@44C CPU@45.5C thermal@44.8C AO@44.5C GPU@44.5C PMIC@50C
1791264013.527637 10-06-2026 14:20:13 RAM 4630/6833MB (lfb 39x1MB) SWAP 203/3417MB (cached 1MB) CPU [20%@1420,9%@1420,10%@1420,50%@1420,54%@1420,4%@1420] EMC_FREQ 0% GR3D_FREQ 0% AUX@44.5C CPU@45.5C thermal@44.8C AO@44C GPU@44.5C PMIC@50C
1791264013.733029 10-06-2026 14:20:13 RAM 4688/6833MB (lfb 29x1MB) SWAP 203/3417MB (cached 1MB) CPU [40%@1420,23%@1420,28%@1420,20%@1420,85%@1420,10%@1420] EMC_FREQ 0% GR3D_FREQ 0% AUX@44C CPU@45.5C thermal@44.8C AO@44.5C GPU@44.5C PMIC@50C
1791264013.939448 10-06-2026 14:20:13 RAM 4701/6833MB (lfb 1x2MB) SWAP 210/3417MB (cached 1MB) CPU [61%@1420,10%@1420,26%@1420,66%@1420,36%@1420,20%@1420] EMC_FREQ 0% GR3D_FREQ 99% AUX@44.5C CPU@45.5C thermal@44.95C AO@44.5C GPU@45.5C PMIC@50C
1791264014.148455 10-06-2026 14:20:14 RAM 4717/6833MB (lfb 25x1MB) SWAP 215/3417MB (cached 1MB) CPU [70%@1420,15%@1420,50%@1420,40%@1420,77%@1420,40%@1420] EMC_FREQ 0% GR3D_FREQ 0% AUX@44.5C CPU@45.5C thermal@44.95C AO@44.5C GPU@45C PMIC@50C
1791264014.352302 10-06-2026 14:20:14 RAM 4682/6833MB (lfb 8x2MB) SWAP 215/3417MB (cached 1MB) CPU [10%@1420,5%@1420,38%@1420,35%@1420,30%@1420,0%@1420] EMC_FREQ 0% GR3D_FREQ 0% AUX@44.5C CPU@45.5C thermal@44.95C AO@44.5C GPU@45.5C PMIC@50C
1791264014.555486 10-06-2026 14:20:14 RAM 4675/6833MB (lfb 8x2MB) SWAP 215/3417MB (cached 1MB) CPU [13%@1190,10%@1190,4%@1420,0%@1420,9%@1420,5%@1420] EMC_FREQ 0% GR3D_FREQ 0% AUX@44C CPU@45.5C thermal@44.95C AO@44C GPU@45C PMIC@50C
1791264014.759172 10-06-2026 14:20:14 RAM 4571/6833MB (lfb 1x4MB) SWAP 215/3417MB (cached 1MB) CPU [0%@1267,9%@1267,0%@1267,20%@1267,22%@1267,9%@1267] EMC_FREQ 0% GR3D_FREQ 0% AUX@44.5C CPU@45.5C thermal@44.95C AO@44.5C GPU@45C PMIC@50C
1791264014.962773 10-06-2026 14:20:14 RAM 4350/6833MB (lfb 4x4MB) SWAP 215/3417MB (cached 1MB) CPU [0%@1420,4%@1420,4%@1420,0%@1420,95%@1420,0%@1420] EMC_FREQ 0% GR3D_FREQ 0% AUX@44.5C CPU@45.5C thermal@44.95C AO@44.5C GPU@45C PMIC@50C
1791264015.166149 10-06-2026 14:20:15 RAM 4350/6833MB (lfb 4x4MB) SWAP 215/3417MB (cached 1MB) CPU [0%@1420,0%@1420,0%@1420,45%@1420,100%@1420,4%@1420] EMC_FREQ 0% GR3D_FREQ 0% AUX@44.5C CPU@45.5C thermal@44.95C AO@44.5C GPU@44.5C PMIC@50C
1791264015.369529 10-06-2026 14:20:15 RAM 4350/6833MB (lfb 4x4MB) SWAP 215/3417MB (cached 1MB) CPU [4%@1420,0%@1420,0%@1420,20%@1420,100%@1420,0%@1420] EMC_FREQ 0% GR3D_FREQ 0% AUX@44.5C CPU@45.5C thermal@44.95C AO@44.5C GPU@44.5C PMIC@50C
1791264015.572945 10-06-2026 14:20:15 RAM 4350/6833MB (lfb 4x4MB) SWAP 215/3417MB (cached 1MB) CPU [0%@1420,0%@1420,0%@1420,0%@1420,100%@1420,4%@1420] EMC_FREQ 0% GR3D_FREQ 0% AUX@44.5C CPU@45.5C thermal@44.95C AO@44.5C GPU@44.5C PMIC@50C
1791264015.776443 10-06-2026 14:20:15 RAM 4336/6833MB (lfb 4x4MB) SWAP 215/3417MB (cached 1MB) CPU [0%@1420,0%@1420,0%@1420,0%@1420,100%@1420,0%@1420] EMC_FREQ 0% GR3D_FREQ 0% AUX@44.5C CPU@45.5C thermal@44.95C AO@44C GPU@44.5C PMIC@50C
1791264015.979737 10-06-2026 14:20:15 RAM 4336/6833MB (lfb 4x4MB) SWAP 215/3417MB (cached 1MB) CPU [4%@1420,4%@1420,0%@1420,0%@1420,100%@1420,0%@1420] EMC_FREQ 0% GR3D_FREQ 0% AUX@44C CPU@45C thermal@44.95C AO@44.5C GPU@45C PMIC@50C
1791264016.182961 10-06-2026 14:20:16 RAM 4335/6833MB (lfb 4x4MB) SWAP 215/3417MB (cached 1MB) CPU [4%@1420,0%@1420,0%@1420,0%@1420,100%@1420,0%@1420] EMC_FREQ 0% GR3D_FREQ 0% AUX@44.5C CPU@45.5C thermal@44.6C AO@44.5C GPU@45C PMIC@50C
1791264016.386169 10-06-2026 14:20:16 RAM 4335/6833MB (lfb 4x4MB) SWAP 215/3417MB (cached 1MB) CPU [4%@1420,4%@1420,0%@1420,0%@1420,0%@1420,90%@1420] EMC_FREQ 0% GR3D_FREQ 0% AUX@44C CPU@45.5C thermal@44.6C AO@44C GPU@45C PMIC@50C
1791264016.589409 10-06-2026 14:20:16 RAM 4335/6833MB (lfb 4x4MB) SWAP 215/3417MB (cached 1MB) CPU [0%@1420,0%@1420,0%@1420,0%@1420,70%@1420,35%@1420] EMC_FREQ 0% GR3D_FREQ 0% AUX@44.5C CPU@45.5C thermal@44.6C AO@44.5C GPU@45C PMIC@50C
1791264016.793128 10-06-2026 14:20:16 RAM 3844/6833MB (lfb 48x4MB) SWAP 215/3417MB (cached 1MB) CPU [0%@1420,4%@1420,0%@1420,4%@1420,57%@1420,52%@1420] EMC_FREQ 0% GR3D_FREQ 0% AUX@44.5C CPU@45.5C thermal@44.6C AO@44C GPU@44.5C PMIC@50C
1791264016.996420 10-06-2026 14:20:16 RAM 3843/6833MB (lfb 48x4MB) SWAP 215/3417MB (cached 1MB) CPU [0%@1420,0%@1420,0%@1420,0%@1420,0%@1420,100%@1420] EMC_FREQ 0% GR3D_FREQ 0% AUX@44C CPU@45C thermal@44.6C AO@44C GPU@44.5C PMIC@50C
1791264017.200081 10-06-2026 14:20:17 RAM 3843/6833MB (lfb 48x4MB) SWAP 215/3417MB (cached 1MB) CPU [10%@1420,4%@1420,4%@1420,0%@1420,90%@1420,4%@1420] EMC_FREQ 0% GR3D_FREQ 0% AUX@44.5C CPU@45.5C thermal@44.6C AO@44C GPU@44.5C PMIC@50C
1791264017.403332 10-06-2026 14:20:17 RAM 3843/6833MB (lfb 48x4MB) SWAP 215/3417MB (cached 1MB) CPU [15%@1420,0%@1420,0%@1420,0%@1420,95%@1420,0%@1420] EMC_FREQ 0% GR3D_FREQ 0% AUX@44C CPU@45C thermal@44.6C AO@44C GPU@45C PMIC@50C
1791264017.607176 10-06-2026 14:20:17 RAM 3842/6833MB (lfb 48x4MB) SWAP 215/3417MB (cached 1MB) CPU [9%@1420,0%@1420,0%@1420,0%@1420,90%@1420,4%@1420] EMC_FREQ 0% GR3D_FREQ 0% AUX@44C CPU@45C thermal@44.6C AO@44C GPU@44.5C PMIC@50C
1791264017.810353 10-06-2026 14:20:17 RAM 3842/6833MB (lfb 48x4MB) SWAP 215/3417MB (cached 1MB) CPU [0%@1420,4%@1420,0%@1420,0%@1420,95%@1420,0%@1420] EMC_FREQ 0% GR3D_FREQ 0% AUX@44.5C CPU@45C thermal@44.6C AO@44C GPU@44.5C PMIC@50C
1791264018.014025 10-06-2026 14:20:18 RAM 3843/6833MB (lfb 48x4MB) SWAP 215/3417MB (cached 1MB) CPU [4%@1190,0%@1190,4%@1190,5%@1190,30%@1190,15%@1190] EMC_FREQ 0% GR3D_FREQ 0% AUX@44C CPU@45C thermal@44.6C AO@44C GPU@44.5C PMIC@50C
1791264018.217759 10-06-2026 14:20:18 RAM 3843/6833MB (lfb 48x4MB) SWAP 215/3417MB (cached 1MB) CPU [0%@1190,4%@1190,0%@1190,0%@1190,70%@1190,10%@1190] EMC_FREQ 0% GR3D_FREQ 0% AUX@44C CPU@45C thermal@44.6C AO@44C GPU@44.5C PMIC@50C
1791264018.421126 10-06-2026 14:20:18 RAM 3843/6833MB (lfb 48x4MB) SWAP 215/3417MB (cached 1MB) CPU [4%@1420,0%@1420,0%@1420,0%@1420,80%@1420,4%@1420] EMC_FREQ 0% GR3D_FREQ 0% AUX@44C CPU@45C thermal@44.45C AO@44.5C GPU@44.5C PMIC@50C
1791264018.624846 10-06-2026 14:20:18 RAM 3843/6833MB (lfb 48x4MB) SWAP 215/3417MB (cached 1MB) CPU [4%@1420,5%@1420,0%@1420,0%@1420,100%@1420,0%@1420] EMC_FREQ 0% GR3D_FREQ 0% AUX@44C CPU@45C thermal@44.45C AO@44C GPU@44.5C PMIC@50C
1791264018.828186 10-06-2026 14:20:18 RAM 3843/6833MB (lfb 48x4MB) SWAP 215/3417MB (cached 1MB) CPU [0%@1420,10%@1420,0%@1420,0%@1420,100%@1420,0%@1420] EMC_FREQ 0% GR3D_FREQ 0% AUX@44C CPU@45C thermal@44.45C AO@44C GPU@44.5C PMIC@50C
1791264019.031425 10-06-2026 14:20:19 RAM 3844/6833MB (lfb 48x4MB) SWAP 215/3417MB (cached 1MB) CPU [0%@1420,0%@1420,4%@1420,0%@1420,59%@1420,0%@1420] EMC_FREQ 0% GR3D_FREQ 0% AUX@44C CPU@45C thermal@44.45C AO@44C GPU@44C PMIC@50C
1791264019.234719 10-06-2026 14:20:19 RAM 3844/6833MB (lfb 48x4MB) SWAP 215/3417MB (cached 1MB) CPU [0%@1420,4%@1420,0%@1420,4%@1420,90%@1420,0%@1420] EMC_FREQ 0% GR3D_FREQ 0% AUX@44C CPU@45C thermal@44.45C AO@44C GPU@44C PMIC@50C
1791264019.438118 10-06-2026 14:20:19 RAM 3844/6833MB (lfb 48x4MB) SWAP 215/3417MB (cached 1MB) CPU [4%@1190,0%@1190,0%@1190,0%@1420,36%@1420,14%@1420] EMC_FREQ 0% GR3D_FREQ 0% AUX@44C CPU@45C thermal@44.45C AO@44C GPU@44.5C PMIC@50C
1791264019.641463 10-06-2026 14:20:19 RAM 3844/6833MB (lfb 48x4MB) SWAP 215/3417MB (cached 1MB) CPU [0%@1420,4%@1420,0%@1420,0%@1420,0%@1420,85%@1420] EMC_FREQ 0% GR3D_FREQ 0% AUX@44C CPU@45C thermal@44.45C AO@43.5C GPU@44C PMIC@50C
1791264019.844773 10-06-2026 14:20:19 RAM 3844/6833MB (lfb 48x4MB) SWAP 215/3417MB (cached 1MB) CPU [0%@1420,0%@1420,0%@1420,0%@1420,57%@1420,38%@1420] EMC_FREQ 0% GR3D_FREQ 0% AUX@44C CPU@45C thermal@44.45C AO@44C GPU@44C PMIC@50C
1791264020.048438 10-06-2026 14:20:20 RAM 3844/6833MB (lfb 48x4MB) SWAP 215/3417MB (cached 1MB) CPU [0%@1420,0%@1420,0%@1420,0%@1420,57%@1420,35%@1420] EMC_FREQ 0% GR3D_FREQ 0% AUX@44C CPU@45C thermal@44.45C AO@44C GPU@44.5C PMIC@50C
1791264020.252264 10-06-2026 14:20:20 RAM 3844/6833MB (lfb 48x4MB) SWAP 215/3417MB (cached 1MB) CPU [4%@1190,0%@1190,0%@1190,4%@1190,0%@1190,70%@1190] EMC_FREQ 0% GR3D_FREQ 0% AUX@44C CPU@44.5C thermal@44.45C AO@44C GPU@44C PMIC@50C
1791264020.456143 10-06-2026 14:20:20 RAM 3845/6833MB (lfb 48x4MB) SWAP 215/3417MB (cached 1MB) CPU [4%@1420,5%@1420,0%@1420,0%@1420,5%@1420,78%@1420] EMC_FREQ 0% GR3D_FREQ 0% AUX@44C CPU@44.5C thermal@44.45C AO@43.5C GPU@44C PMIC@50C
1791264020.659336 10-06-2026 14:20:20 RAM 3845/6833MB (lfb 48x4MB) SWAP 215/3417MB (cached 1MB) CPU [0%@1420,13%@1420,0%@1420,0%@1420,0%@1420,95%@1420] EMC_FREQ 0% GR3D_FREQ 0% AUX@43.5C CPU@44.5C thermal@44.3C AO@44C GPU@44.5C PMIC@50C
1791264020.863031 10-06-2026 14:20:20 RAM 3846/6833MB (lfb 48x4MB) SWAP 215/3417MB (cached 1MB) CPU [0%@1420,0%@1420,0%@1420,0%@1420,57%@1420,9%@1420] EMC_FREQ 0% GR3D_FREQ 0% AUX@44C CPU@45C thermal@44.3C AO@44C GPU@44C PMIC@50C
1791264021.066773 10-06-2026 14:20:21 RAM 3846/6833MB (lfb 48x4MB) SWAP 215/3417MB (cached 1MB) CPU [0%@1420,10%@1420,0%@1420,0%@1420,100%@1420,0%@1420] EMC_FREQ 0% GR3D_FREQ 0% AUX@44C CPU@44.5C thermal@44.3C AO@43.5C GPU@44C PMIC@50C
1791264021.270710 10-06-2026 14:20:21 RAM 3846/6833MB (lfb 48x4MB) SWAP 215/3417MB (cached 1MB) CPU [9%@1420,0%@1420,0%@1420,0%@1420,100%@1420,0%@1420] EMC_FREQ 0% GR3D_FREQ 0% AUX@44C CPU@45C thermal@44.3C AO@44C GPU@44C PMIC@50C
1791264021.474540 10-06-2026 14:20:21 RAM 3846/6833MB (lfb 48x4MB) SWAP 215/3417MB (cached 1MB) CPU [5%@1420,9%@1420,0%@1420,0%@1420,100%@1420,9%@1420] EMC_FREQ 0% GR3D_FREQ 0% AUX@43.5C CPU@44.5C thermal@44.3C AO@44C GPU@44C PMIC@50C
1791264021.678306 10-06-2026 14:20:21 RAM 3823/6833MB (lfb 49x4MB) SWAP 215/3417MB (cached 1MB) CPU [9%@1420,4%@1420,4%@1420,0%@1420,100%@1420,0%@1420] EMC_FREQ 0% GR3D_FREQ 0% AUX@44C CPU@44.5C thermal@44.3C AO@43.5C GPU@44C PMIC@50C
1791264021.881730 10-06-2026 14:20:21 RAM 3616/6833MB (lfb 58x4MB) SWAP 215/3417MB (cached 1MB) CPU [0%@1420,0%@1420,0%@1420,4%@1420,100%@1420,0%@1420] EMC_FREQ 0% GR3D_FREQ 0% AUX@44C CPU@45C thermal@44.15C AO@43.5C GPU@44C PMIC@50C
1791264022.085048 10-06-2026 14:20:22 RAM 3294/6833MB (lfb 59x4MB) SWAP 213/3417MB (cached 1MB) CPU [0%@1420,5%@1420,4%@1420,0%@1420,55%@1420,21%@1420] EMC_FREQ 0% GR3D_FREQ 0% AUX@44C CPU@45C thermal@44.15C AO@43.5C GPU@44C PMIC@50C
1791264022.288286 10-06-2026 14:20:22 RAM 3294/6833MB (lfb 59x4MB) SWAP 213/3417MB (cached 1MB) CPU [0%@1190,0%@1190,0%@1190,0%@1420,0%@1420,0%@1420] EMC_FREQ 0% GR3D_FREQ 0% AUX@44C CPU@44.5C thermal@44.15C AO@43.5C GPU@44C PMIC@50C
1791264022.491400 10-06-2026 14:20:22 RAM 3294/6833MB (lfb 59x4MB) SWAP 213/3417MB (cached 1MB) CPU [5%@1190,61%@1190,0%@1190,0%@1190,0%@1190,0%@1190] EMC_FREQ 0% GR3D_FREQ 0% AUX@44C CPU@44.5C thermal@44.15C AO@43.5C GPU@44C PMIC@50C
1791264022.694522 10-06-2026 14:20:22 RAM 3291/6833MB (lfb 59x4MB) SWAP 212/3417MB (cached 1MB) CPU [4%@1420,0%@1420,0%@1420,4%@1420,0%@1420,63%@1420] EMC_FREQ 0% GR3D_FREQ 0% AUX@44C CPU@44.5C thermal@44.15C AO@44C GPU@44C PMIC@50C
1791264022.898296 10-06-2026 14:20:22 RAM 3287/6833MB (lfb 59x4MB) SWAP 212/3417MB (cached 1MB) CPU [4%@1190,5%@1190,4%@1190,4%@1420,20%@1420,20%@1420] EMC_FREQ 0% GR3D_FREQ 0% AUX@44C CPU@45C thermal@44.15C AO@43.5C GPU@44C PMIC@50C
1791264023.101766 10-06-2026 14:20:23 RAM 3268/6833MB (lfb 59x4MB) SWAP 212/3417MB (cached 1MB) CPU [0%@1190,0%@1190,4%@1190,0%@1420,22%@1420,13%@1420] EMC_FREQ 0% GR3D_FREQ 0% AUX@44C CPU@44.5C thermal@44.15C AO@43.5C GPU@44C PMIC@50C
1791264023.305171 10-06-2026 14:20:23 RAM 2449/6833MB (lfb 88x4MB) SWAP 212/3417MB (cached 1MB) CPU [0%@1420,0%@1420,0%@1420,0%@1420,90%@1420,0%@1420] EMC_FREQ 0% GR3D_FREQ 0% AUX@44C CPU@44.5C thermal@44.15C AO@43.5C GPU@44C PMIC@50C
1791264023.508649 10-06-2026 14:20:23 RAM 1693/6833MB (lfb 139x4MB) SWAP 212/3417MB (cached 1MB) CPU [0%@1420,4%@1420,0%@1420,0%@1420,100%@1420,0%@1420] EMC_FREQ 0% GR3D_FREQ 0% AUX@43.5C CPU@44.5C thermal@44.15C AO@43.5C GPU@44C PMIC@50C
