1791261953.905205 10-06-2026 13:45:53 RAM 907/6833MB (lfb 256x4MB) SWAP 81/3417MB (cached 1MB) CPU [0%@1420,0%@1420,0%@1420,9%@1420,0%@1420,95%@1420] EMC_FREQ 0% GR3D_FREQ 0% AUX@40.5C CPU@41.5C thermal@40.8C AO@40.5C GPU@40.5C PMIC@50C
1791261954.109781 10-06-2026 13:45:54 RAM 907/6833MB (lfb 256x4MB) SWAP 81/3417MB (cached 1MB) CPU [9%@1420,0%@1420,94%@1420,0%@1420,0%@1420,0%@1420] EMC_FREQ 0% GR3D_FREQ 0% AUX@40.5C CPU@41.5C thermal@40.8C AO@40.5C GPU@40.5C PMIC@50C
1791261954.313626 10-06-2026 13:45:54 RAM 909/6833MB (lfb 256x4MB) SWAP 81/3417MB (cached 1MB) CPU [0%@1420,0%@1420,95%@1420,0%@1420,0%@1420,0%@1420] EMC_FREQ 0% GR3D_FREQ 0% AUX@40.5C CPU@41.5C thermal@40.8C AO@40.5C GPU@40.5C PMIC@50C
1791261954.517156 10-06-2026 13:45:54 RAM 911/6833MB (lfb 256x4MB) SWAP 81/3417MB (cached 1MB) CPU [10%@1420,0%@1420,90%@1420,0%@1420,0%@1420,0%@1420] EMC_FREQ 0% GR3D_FREQ 0% AUX@40.5C CPU@41C thermal@40.8C AO@40.5C GPU@40.5C PMIC@50C
1791261954.720731 10-06-2026 13:45:54 RAM 912/6833MB (lfb 256x4MB) SWAP 81/3417MB (cached 1MB) CPU [100%@1420,5%@1420,0%@1420,0%@1420,0%@1420,0%@1420] EMC_FREQ 0% GR3D_FREQ 0% AUX@40.5C CPU@41.5C thermal@40.8C AO@40.5C GPU@40.5C PMIC@50C
1791261954.924584 10-06-2026 13:45:54 RAM 917/6833MB (lfb 256x4MB) SWAP 81/3417MB (cached 1MB) CPU [100%@1420,0%@1420,0%@1420,0%@1420,0%@1420,4%@1420] EMC_FREQ 0% GR3D_FREQ 0% AUX@40.5C CPU@41C thermal@40.8C AO@40.5C GPU@40.5C PMIC@50C
1791261955.129794 10-06-2026 13:45:55 RAM 930/6833MB (lfb 256x4MB) SWAP 81/3417MB (cached 1MB) CPU [100%@1420,50%@1420,52%@1420,52%@1420,52%@1420,52%@1420] EMC_FREQ 0% GR3D_FREQ 0% AUX@40.5C CPU@41.5C thermal@40.8C AO@40.5C GPU@40.5C PMIC@50C
1791261955.334306 10-06-2026 13:45:55 RAM 938/6833MB (lfb 256x4MB) SWAP 81/3417MB (cached 1MB) CPU [100%@1420,100%@1420,100%@1420,100%@1420,100%@1420,100%@1420] EMC_FREQ 0% GR3D_FREQ 0% AUX@40.5C CPU@41.5C thermal@40.8C AO@40C GPU@40.5C PMIC@50C
1791261955.538941 10-06-2026 13:45:55 RAM 943/6833MB (lfb 256x4MB) SWAP 81/3417MB (cached 1MB) CPU [100%@1420,100%@1420,100%@1420,100%@1420,100%@1420,100%@1420] EMC_FREQ 0% GR3D_FREQ 0% AUX@40.5C CPU@42C thermal@40.8C AO@40.5C GPU@40.5C PMIC@50C
1791261955.742580 10-06-2026 13:45:55 RAM 948/6833MB (lfb 256x4MB) SWAP 81/3417MB (cached 1MB) CPU [100%@1420,100%@1420,100%@1420,100%@1420,100%@1420,100%@1420] EMC_FREQ 0% GR3D_FREQ 0% AUX@40.5C CPU@41.5C thermal@40.8C AO@40.5C GPU@40.5C PMIC@50C
1791261956.012936 10-06-2026 13:45:56 RAM 953/6833MB (lfb 256x4MB) SWAP 81/3417MB (cached 1MB) CPU [96%@1420,100%@1420,100%@1420,100%@1420,100%@1420,100%@1420] EMC_FREQ 0% GR3D_FREQ 0% AUX@40.5C CPU@42C thermal@40.8C AO@40.5C GPU@40.5C PMIC@50C
1791261956.216748 10-06-2026 13:45:56 RAM 955/6833MB (lfb 256x4MB) SWAP 81/3417MB (cached 1MB) CPU [100%@1420,100%@1420,100%@1420,100%@1420,100%@1420,100%@1420] EMC_FREQ 0% GR3D_FREQ 0% AUX@40.5C CPU@42C thermal@40.8C AO@40.5C GPU@40.5C PMIC@50C
1791261956.420233 10-06-2026 13:45:56 RAM 958/6833MB (lfb 256x4MB) SWAP 81/3417MB (cached 1MB) CPU [83%@1420,100%@1420,100%@1420,100%@1420,100%@1420,100%@1420] EMC_FREQ 0% GR3D_FREQ 0% AUX@40.5C CPU@42C thermal@40.8C AO@40.5C GPU@40.5C PMIC@50C
1791261956.624096 10-06-2026 13:45:56 RAM 963/6833MB (lfb 256x4MB) SWAP 81/3417MB (cached 1MB) CPU [100%@1420,100%@1420,100%@1420,100%@1420,100%@1420,94%@1420] EMC_FREQ 0% GR3D_FREQ 0% AUX@40.5C CPU@41.5C thermal@40.95C AO@40.5C GPU@40.5C PMIC@50C
1791261956.827995 10-06-2026 13:45:56 RAM 963/6833MB (lfb 256x4MB) SWAP 81/3417MB (cached 1MB) CPU [100%@1420,100%@1420,100%@1420,100%@1420,100%@1420,100%@1420] EMC_FREQ 0% GR3D_FREQ 0% AUX@40.5C CPU@42C thermal@40.95C AO@40.5C GPU@40.5C PMIC@50C
1791261957.031260 10-06-2026 13:45:57 RAM 992/6833MB (lfb 256x4MB) SWAP 81/3417MB (cached 1MB) CPU [100%@1420,100%@1420,95%@1420,100%@1420,100%@1420,95%@1420] EMC_FREQ 0% GR3D_FREQ 16% AUX@40.5C CPU@42C thermal@40.95C AO@40.5C GPU@40.5C PMIC@50C
1791261957.236110 10-06-2026 13:45:57 RAM 1029/6833MB (lfb 256x4MB) SWAP 81/3417MB (cached 1MB) CPU [100%@1420,100%@1420,100%@1420,100%@1420,90%@1420,100%@1420] EMC_FREQ 0% GR3D_FREQ 0% AUX@40.5C CPU@42C thermal@40.95C AO@40.5C GPU@40.5C PMIC@50C
1791261957.439440 10-06-2026 13:45:57 RAM 1062/6833MB (lfb 256x4MB) SWAP 81/3417MB (cached 1MB) CPU [100%@1420,100%@1420,100%@1420,100%@1420,50%@1420,76%@1420] EMC_FREQ 0% GR3D_FREQ 0% AUX@40.5C CPU@42C thermal@40.95C AO@40.5C GPU@40.5C PMIC@50C
1791261957.772879 10-06-2026 13:45:57 RAM 1078/6833MB (lfb 256x4MB) SWAP 81/3417MB (cached 1MB) CPU [100%@1420,88%@1420,100%@1420,100%@1420,100%@1420,92%@1420] EMC_FREQ 0% GR3D_FREQ 0% AUX@40.5C CPU@42C thermal@40.95C AO@40.5C GPU@40.5C PMIC@50C
1791261957.911848 10-06-2026 13:45:57 RAM 1096/6833MB (lfb 256x4MB) SWAP 81/3417MB (cached 1MB) CPU [100%@1420,90%@1420,100%@1420,100%@1420,100%@1420,65%@1420] EMC_FREQ 0% GR3D_FREQ 0% AUX@40.5C CPU@42C thermal@40.95C AO@40.5C GPU@40.5C PMIC@50C
1791261958.115197 10-06-2026 13:45:58 RAM 1121/6833MB (lfb 256x4MB) SWAP 81/3417MB (cached 1MB) CPU [100%@1420,85%@1420,100%@1420,100%@1420,100%@1420,85%@1420] EMC_FREQ 0% GR3D_FREQ 0% AUX@40.5C CPU@42C thermal@40.95C AO@40.5C GPU@41C PMIC@50C
1791261958.318830 10-06-2026 13:45:58 RAM 1119/6833MB (lfb 256x4MB) SWAP 81/3417MB (cached 1MB) CPU [100%@1420,85%@1420,100%@1420,100%@1420,100%@1420,100%@1420] EMC_FREQ 0% GR3D_FREQ 0% AUX@40.5C CPU@42C thermal@40.95C AO@40.5C GPU@41C PMIC@50C
1791261958.529109 10-06-2026 13:45:58 RAM 1121/6833MB (lfb 256x4MB) SWAP 80/3417MB (cached 1MB) CPU [100%@1420,52%@1420,100%@1420,100%@1420,100%@1420,95%@1420] EMC_FREQ 0% GR3D_FREQ 0% AUX@41C CPU@42C thermal@40.95C AO@40.5C GPU@41C PMIC@50C
1791261958.725829 10-06-2026 13:45:58 RAM 1124/6833MB (lfb 256x4MB) SWAP 80/3417MB (cached 1MB) CPU [100%@1420,86%@1420,100%@1420,100%@1420,100%@1420,100%@1420] EMC_FREQ 0% GR3D_FREQ 0% AUX@41C CPU@42.5C thermal@41.1C AO@40.5C GPU@41C PMIC@50C
1791261958.929472 10-06-2026 13:45:58 RAM 1126/6833MB (lfb 256x4MB) SWAP 80/3417MB (cached 1MB) CPU [100%@1420,100%@1420,100%@1420,100%@1420,100%@1420,100%@1420] EMC_FREQ 0% GR3D_FREQ 0% AUX@41C CPU@42.5C thermal@41.1C AO@40.5C GPU@41C PMIC@50C
1791261959.133146 10-06-2026 13:45:59 RAM 1133/6833MB (lfb 256x4MB) SWAP 80/3417MB (cached 1MB) CPU [100%@1420,100%@1420,100%@1420,100%@1420,100%@1420,100%@1420] EMC_FREQ 0% GR3D_FREQ 0% AUX@41C CPU@42.5C thermal@41.1C AO@40.5C GPU@40.5C PMIC@50C
1791261959.339538 10-06-2026 13:45:59 RAM 1137/6833MB (lfb 256x4MB) SWAP 80/3417MB (cached 1MB) CPU [100%@1420,100%@1420,100%@1420,100%@1420,100%@1420,100%@1420] EMC_FREQ 0% GR3D_FREQ 0% AUX@40.5C CPU@42.5C thermal@41.1C AO@40.5C GPU@40.5C PMIC@50C
1791261959.545336 10-06-2026 13:45:59 RAM 1144/6833MB (lfb 256x4MB) SWAP 80/3417MB (cached 1MB) CPU [100%@1420,100%@1420,100%@1420,100%@1420,100%@1420,100%@1420] EMC_FREQ 0% GR3D_FREQ 0% AUX@41C CPU@42.5C thermal@41.1C AO@40.5C GPU@40.5C PMIC@50C
1791261959.748816 10-06-2026 13:45:59 RAM 1146/6833MB (lfb 256x4MB) SWAP 80/3417MB (cached 1MB) CPU [100%@1420,100%@1420,100%@1420,100%@1420,100%@1420,100%@1420] EMC_FREQ 0% GR3D_FREQ 0% AUX@41C CPU@42.5C thermal@41.1C AO@40.5C GPU@40.5C PMIC@50C
1791261959.952245 10-06-2026 13:45:59 RAM 1151/6833MB (lfb 256x4MB) SWAP 80/3417MB (cached 1MB) CPU [100%@1420,100%@1420,100%@1420,100%@1420,100%@1420,100%@1420] EMC_FREQ 0% GR3D_FREQ 0% AUX@41C CPU@42.5C thermal@41.25C AO@40.5C GPU@41C PMIC@50C
1791261960.155701 10-06-2026 13:46:00 RAM 1153/6833MB (lfb 256x4MB) SWAP 80/3417MB (cached 1MB) CPU [100%@1420,100%@1420,100%@1420,100%@1420,100%@1420,100%@1420] EMC_FREQ 0% GR3D_FREQ 0% AUX@41C CPU@42.5C thermal@41.25C AO@40.5C GPU@41C PMIC@50C
1791261960.359122 10-06-2026 13:46:00 RAM 1155/6833MB (lfb 256x4MB) SWAP 80/3417MB (cached 1MB) CPU [100%@1420,100%@1420,100%@1420,100%@1420,100%@1420,100%@1420] EMC_FREQ 0% GR3D_FREQ 0% AUX@41C CPU@42.5C thermal@41.25C AO@40.5C GPU@41C PMIC@50C
1791261960.562882 10-06-2026 13:46:00 RAM 1159/6833MB (lfb 256x4MB) SWAP 80/3417MB (cached 1MB) CPU [100%@1420,100%@1420,100%@1420,100%@1420,100%@1420,100%@1420] EMC_FREQ 0% GR3D_FREQ 0% AUX@41C CPU@42.5C thermal@41.25C AO@40.5C GPU@41C PMIC@50C
1791261960.767608 10-06-2026 13:46:00 RAM 1162/6833MB (lfb 256x4MB) SWAP 80/3417MB (cached 1MB) CPU [100%@1420,100%@1420,100%@1420,100%@1420,100%@1420,100%@1420] EMC_FREQ 0% GR3D_FREQ 0% AUX@41C CPU@42.5C thermal@41.25C AO@40.5C GPU@41C PMIC@50C
1791261960.971179 10-06-2026 13:46:00 RAM 1163/6833MB (lfb 256x4MB) SWAP 80/3417MB (cached 1MB) CPU [100%@1420,100%@1420,100%@1420,100%@1420,100%@1420,100%@1420] EMC_FREQ 0% GR3D_FREQ 0% AUX@40.5C CPU@42C thermal@41.3C AO@40.5C GPU@41C PMIC@50C
1791261961.175081 10-06-2026 13:46:01 RAM 1176/6833MB (lfb 256x4MB) SWAP 80/3417MB (cached 1MB) CPU [100%@1420,100%@1420,100%@1420,100%@1420,100%@1420,100%@1420] EMC_FREQ 0% GR3D_FREQ 0% AUX@41C CPU@42.5C thermal@41.3C AO@40.5C GPU@41C PMIC@50C
1791261961.384105 10-06-2026 13:46:01 RAM 1178/6833MB (lfb 256x4MB) SWAP 80/3417MB (cached 1MB) CPU [100%@1420,100%@1420,100%@1420,100%@1420,100%@1420,100%@1420] EMC_FREQ 0% GR3D_FREQ 0% AUX@41C CPU@42.5C thermal@41.3C AO@41C GPU@41C PMIC@50C
1791261961.581903 10-06-2026 13:46:01 RAM 1180/6833MB (lfb 256x4MB) SWAP 80/3417MB (cached 1MB) CPU [100%@1420,89%@1420,100%@1420,100%@1420,100%@1420,100%@1420] EMC_FREQ 0% GR3D_FREQ 0% AUX@41C CPU@42.5C thermal@41.3C AO@40.5C GPU@41C PMIC@50C
1791261961.785522 10-06-2026 13:46:01 RAM 1181/6833MB (lfb 256x4MB) SWAP 80/3417MB (cached 1MB) CPU [100%@1420,100%@1420,100%@1420,100%@1420,100%@1420,100%@1420] EMC_FREQ 0% GR3D_FREQ 0% AUX@41C CPU@42.5C thermal@41.3C AO@40.5C GPU@41C PMIC@50C
1791261961.989096 10-06-2026 13:46:01 RAM 1184/6833MB (lfb 256x4MB) SWAP 80/3417MB (cached 1MB) CPU [100%@1420,100%@1420,100%@1420,90%@1420,100%@1420,100%@1420] EMC_FREQ 0% GR3D_FREQ 0% AUX@41C CPU@42.5C thermal@41.3C AO@41C GPU@41C PMIC@50C
1791261962.192578 10-06-2026 13:46:02 RAM 1186/6833MB (lfb 256x4MB) SWAP 80/3417MB (cached 1MB) CPU [100%@1420,100%@1420,100%@1420,94%@1420,100%@1420,100%@1420] EMC_FREQ 0% GR3D_FREQ 0% AUX@41C CPU@42.5C thermal@41.45C AO@40.5C GPU@41.5C PMIC@50C
1791261962.395902 10-06-2026 13:46:02 RAM 1187/6833MB (lfb 256x4MB) SWAP 80/3417MB (cached 1MB) CPU [100%@1420,100%@1420,100%@1420,100%@1420,100%@1420,95%@1420] EMC_FREQ 0% GR3D_FREQ 0% AUX@41C CPU@42.5C thermal@41.45C AO@41C GPU@41.5C PMIC@50C
1791261962.599321 10-06-2026 13:46:02 RAM 1189/6833MB (lfb 256x4MB) SWAP 80/3417MB (cached 1MB) CPU [100%@1420,100%@1420,100%@1420,100%@1420,100%@1420,94%@1420] EMC_FREQ 0% GR3D_FREQ 0% AUX@41C CPU@42.5C thermal@41.45C AO@40.5C GPU@41C PMIC@50C
1791261962.802849 10-06-2026 13:46:02 RAM 1190/6833MB (lfb 256x4MB) SWAP 80/3417MB (cached 1MB) CPU [100%@1420,100%@1420,100%@1420,100%@1420,100%@1420,95%@1420] EMC_FREQ 0% GR3D_FREQ 0% AUX@41C CPU@42.5C thermal@41.45C AO@40.5C GPU@41.5C PMIC@50C
1791261963.006588 10-06-2026 13:46:03 RAM 1190/6833MB (lfb 256x4MB) SWAP 80/3417MB (cached 1MB) CPU [100%@1420,100%@1420,100%@1420,100%@1420,100%@1420,90%@1420] EMC_FREQ 0% GR3D_FREQ 0% AUX@41.5C CPU@42.5C thermal@41.45C AO@41C GPU@41.5C PMIC@50C
1791261963.210711 10-06-2026 13:46:03 RAM 1191/6833MB (lfb 256x4MB) SWAP 80/3417MB (cached 1MB) CPU [100%@1420,100%@1420,100%@1420,100%@1420,100%@1420,95%@1420] EMC_FREQ 0% GR3D_FREQ 0% AUX@41C CPU@42.5C thermal@41.6C AO@41C GPU@41C PMIC@50C
1791261963.414050 10-06-2026 13:46:03 RAM 1193/6833MB (lfb 256x4MB) SWAP 80/3417MB (cached 1MB) CPU [100%@1420,100%@1420,100%@1420,100%@1420,100%@1420,94%@1420] EMC_FREQ 0% GR3D_FREQ 0% AUX@41C CPU@42.5C thermal@41.6C AO@41C GPU@41.5C PMIC@50C
1791261963.617556 10-06-2026 13:46:03 RAM 1194/6833MB (lfb 256x4MB) SWAP 80/3417MB (cached 1MB) CPU [100%@1420,100%@1420,100%@1420,100%@1420,95%@1420,100%@1420] EMC_FREQ 0% GR3D_FREQ 0% AUX@41.5C CPU@42.5C thermal@41.6C AO@41C GPU@41.5C PMIC@50C
1791261963.821043 10-06-2026 13:46:03 RAM 1196/6833MB (lfb 256x4MB) SWAP 80/3417MB (cached 1MB) CPU [100%@1420,95%@1420,100%@1420,100%@1420,100%@1420,72%@1420] EMC_FREQ 0% GR3D_FREQ 0% AUX@41.5C CPU@43C thermal@41.6C AO@41C GPU@41.5C PMIC@50C
1791261964.024392 10-06-2026 13:46:04 RAM 1197/6833MB (lfb 256x4MB) SWAP 80/3417MB (cached 1MB) CPU [100%@1420,100%@1420,100%@1420,100%@1420,100%@1420,89%@1420] EMC_FREQ 0% GR3D_FREQ 0% AUX@41.5C CPU@42.5C thermal@41.6C AO@41C GPU@41.5C PMIC@50C
1791261964.227919 10-06-2026 13:46:04 RAM 1199/6833MB (lfb 256x4MB) SWAP 80/3417MB (cached 1MB) CPU [100%@1420,100%@1420,100%@1420,100%@1420,100%@1420,72%@1420] EMC_FREQ 0% GR3D_FREQ 0% AUX@41.5C CPU@42.5C thermal@41.6C AO@41C GPU@41.5C PMIC@50C
1791261964.431420 10-06-2026 13:46:04 RAM 1200/6833MB (lfb 256x4MB) SWAP 80/3417MB (cached 1MB) CPU [100%@1420,100%@1420,100%@1420,100%@1420,100%@1420,100%@1420] EMC_FREQ 0% GR3D_FREQ 0% AUX@41.5C CPU@42.5C thermal@41.95C AO@41C GPU@41.5C PMIC@50C
1791261964.634926 10-06-2026 13:46:04 RAM 1201/6833MB (lfb 256x4MB) SWAP 80/3417MB (cached 1MB) CPU [100%@1420,100%@1420,100%@1420,100%@1420,100%@1420,90%@1420] EMC_FREQ 0% GR3D_FREQ 0% AUX@41.5C CPU@42.5C thermal@41.95C AO@41C GPU@41.5C PMIC@50C
1791261964.838295 10-06-2026 13:46:04 RAM 1202/6833MB (lfb 256x4MB) SWAP 79/3417MB (cached 1MB) CPU [100%@1420,100%@1420,100%@1420,100%@1420,100%@1420,89%@1420] EMC_FREQ 0% GR3D_FREQ 0% AUX@41.5C CPU@42.5C thermal@41.95C AO@41C GPU@41.5C PMIC@50C
1791261965.041710 10-06-2026 13:46:05 RAM 1206/6833MB (lfb 256x4MB) SWAP 79/3417MB (cached 1MB) CPU [100%@1420,100%@1420,100%@1420,100%@1420,100%@1420,77%@1420] EMC_FREQ 0% GR3D_FREQ 0% AUX@41.5C CPU@43C thermal@41.95C AO@41C GPU@41.5C PMIC@50C
1791261965.245454 10-06-2026 13:46:05 RAM 1206/6833MB (lfb 256x4MB) SWAP 79/3417MB (cached 1MB) CPU [100%@1420,100%@1420,100%@1420,100%@1420,100%@1420,94%@1420] EMC_FREQ 0% GR3D_FREQ 0% AUX@41.5C CPU@43C thermal@41.95C AO@41C GPU@41.5C PMIC@50C
1791261965.449012 10-06-2026 13:46:05 RAM 1210/6833MB (lfb 256x4MB) SWAP 79/3417MB (cached 1MB) CPU [100%@1420,100%@1420,100%@1420,100%@1420,100%@1420,90%@1420] EMC_FREQ 0% GR3D_FREQ 0% AUX@41.5C CPU@43C thermal@41.8C AO@41C GPU@41.5C PMIC@50C
1791261965.654052 10-06-2026 13:46:05 RAM 1210/6833MB (lfb 256x4MB) SWAP 79/3417MB (cached 1MB) CPU [100%@1420,90%@1420,100%@1420,100%@1420,100%@1420,95%@1420] EMC_FREQ 0% GR3D_FREQ 0% AUX@41.5C CPU@42.5C thermal@41.8C AO@41C GPU@41.5C PMIC@50C
1791261965.857697 10-06-2026 13:46:05 RAM 1214/6833MB (lfb 256x4MB) SWAP 79/3417MB (cached 1MB) CPU [100%@1420,95%@1420,100%@1420,100%@1420,100%@1420,75%@1420] EMC_FREQ 0% GR3D_FREQ 0% AUX@41.5C CPU@43C thermal@41.8C AO@41.5C GPU@41.5C PMIC@50C
1791261966.061704 10-06-2026 13:46:06 RAM 1217/6833MB (lfb 256x4MB) SWAP 79/3417MB (cached 1MB) CPU [100%@1420,100%@1420,100%@1420,100%@1420,100%@1420,84%@1420] EMC_FREQ 0% GR3D_FREQ 0% AUX@41.5C CPU@43C thermal@41.8C AO@41C GPU@41.5C PMIC@50C
1791261966.265138 10-06-2026 13:46:06 RAM 1217/6833MB (lfb 256x4MB) SWAP 79/3417MB (cached 1MB) CPU [100%@1420,100%@1420,100%@1420,100%@1420,100%@1420,95%@1420] EMC_FREQ 0% GR3D_FREQ 0% AUX@41.5C CPU@43C thermal@41.8C AO@41C GPU@41.5C PMIC@50C
1791261966.468816 10-06-2026 13:46:06 RAM 1217/6833MB (lfb 256x4MB) SWAP 79/3417MB (cached 1MB) CPU [100%@1420,100%@1420,100%@1420,100%@1420,100%@1420,95%@1420] EMC_FREQ 0% GR3D_FREQ 0% AUX@41.5C CPU@42.5C thermal@41.8C AO@41.5C GPU@41.5C PMIC@50C
1791261966.672477 10-06-2026 13:46:06 RAM 1218/6833MB (lfb 256x4MB) SWAP 79/3417MB (cached 1MB) CPU [100%@1420,100%@1420,100%@1420,100%@1420,100%@1420,89%@1420] EMC_FREQ 0% GR3D_FREQ 0% AUX@41.5C CPU@43C thermal@41.8C AO@41C GPU@41.5C PMIC@50C
1791261966.876871 10-06-2026 13:46:06 RAM 1219/6833MB (lfb 256x4MB) SWAP 79/3417MB (cached 1MB) CPU [100%@1420,90%@1420,100%@1420,100%@1420,100%@1420,90%@1420] EMC_FREQ 0% GR3D_FREQ 0% AUX@41.5C CPU@43C thermal@41.8C AO@41.5C GPU@41.5C PMIC@50C
1791261967.080391 10-06-2026 13:46:07 RAM 1220/6833MB (lfb 256x4MB) SWAP 79/3417MB (cached 1MB) CPU [100%@1420,100%@1420,100%@1420,100%@1420,100%@1420,94%@1420] EMC_FREQ 0% GR3D_FREQ 0% AUX@41.5C CPU@43C thermal@41.8C AO@41.5C GPU@41.5C PMIC@50C
1791261967.283717 10-06-2026 13:46:07 RAM 1224/6833MB (lfb 256x4MB) SWAP 79/3417MB (cached 1MB) CPU [100%@1420,100%@1420,100%@1420,100%@1420,95%@1420,77%@1420] EMC_FREQ 0% GR3D_FREQ 0% AUX@41.5C CPU@43C thermal@41.8C AO@41.5C GPU@41.5C PMIC@50C
1791261967.487202 10-06-2026 13:46:07 RAM 1226/6833MB (lfb 256x4MB) SWAP 79/3417MB (cached 1MB) CPU [100%@1420,100%@1420,100%@1420,100%@1420,85%@1420,100%@1420] EMC_FREQ 0% GR3D_FREQ 0% AUX@41.5C CPU@43C thermal@41.8C AO@41.5C GPU@41.5C PMIC@50C
1791261967.690429 10-06-2026 13:46:07 RAM 1229/6833MB (lfb 256x4MB) SWAP 79/3417MB (cached 1MB) CPU [9%@1420,10%@1420,0%@1420,0%@1420,31%@1420,70%@1420] EMC_FREQ 0% GR3D_FREQ 0% AUX@41.5C CPU@43C thermal@41.95C AO@41.5C GPU@41.5C PMIC@50C
1791261967.893889 10-06-2026 13:46:07 RAM 1228/6833MB (lfb 256x4MB) SWAP 79/3417MB (cached 1MB) CPU [5%@1420,5%@1420,0%@1420,0%@1420,18%@1420,95%@1420] EMC_FREQ 0% GR3D_FREQ 0% AUX@41.5C CPU@43C thermal@41.95C AO@41C GPU@42C PMIC@50C
1791261968.097228 10-06-2026 13:46:08 RAM 1230/6833MB (lfb 256x4MB) SWAP 79/3417MB (cached 1MB) CPU [18%@1420,0%@1420,4%@1420,0%@1420,25%@1420,65%@1420] EMC_FREQ 0% GR3D_FREQ 0% AUX@41.5C CPU@42.5C thermal@41.95C AO@41C GPU@42C PMIC@50C
1791261968.300658 10-06-2026 13:46:08 RAM 1231/6833MB (lfb 256x4MB) SWAP 79/3417MB (cached 1MB) CPU [5%@1420,5%@1420,5%@1420,4%@1420,9%@1420,89%@1420] EMC_FREQ 0% GR3D_FREQ 0% AUX@41.5C CPU@42.5C thermal@41.95C AO@41.5C GPU@42C PMIC@50C
1791261968.504397 10-06-2026 13:46:08 RAM 1232/6833MB (lfb 256x4MB) SWAP 79/3417MB (cached 1MB) CPU [5%@1420,5%@1420,4%@1420,5%@1420,15%@1420,86%@1420] EMC_FREQ 0% GR3D_FREQ 0% AUX@41.5C CPU@42.5C thermal@41.95C AO@41C GPU@42C PMIC@50C
1791261968.707584 10-06-2026 13:46:08 RAM 1233/6833MB (lfb 256x4MB) SWAP 79/3417MB (cached 1MB) CPU [5%@1420,0%@1420,0%@1420,5%@1420,10%@1420,89%@1420] EMC_FREQ 0% GR3D_FREQ 0% AUX@41.5C CPU@42.5C thermal@41.95C AO@41.5C GPU@42C PMIC@50C
1791261968.910959 10-06-2026 13:46:08 RAM 1235/6833MB (lfb 256x4MB) SWAP 79/3417MB (cached 1MB) CPU [14%@1420,9%@1420,0%@1420,4%@1420,14%@1420,88%@1420] EMC_FREQ 0% GR3D_FREQ 0% AUX@42C CPU@42.5C thermal@41.95C AO@41.5C GPU@42C PMIC@50C
1791261969.114586 10-06-2026 13:46:09 RAM 1235/6833MB (lfb 256x4MB) SWAP 79/3417MB (cached 1MB) CPU [10%@1420,10%@1420,5%@1420,4%@1420,0%@1420,94%@1420] EMC_FREQ 0% GR3D_FREQ 0% AUX@41.5C CPU@42.5C thermal@41.95C AO@41.5C GPU@42C PMIC@50C
1791261969.317959 10-06-2026 13:46:09 RAM 1236/6833MB (lfb 256x4MB) SWAP 79/3417MB (cached 1MB) CPU [9%@1420,5%@1420,5%@1420,5%@1420,0%@1420,100%@1420] EMC_FREQ 0% GR3D_FREQ 0% AUX@41.5C CPU@43C thermal@41.95C AO@41.5C GPU@42C PMIC@50C
1791261969.521178 10-06-2026 13:46:09 RAM 1239/6833MB (lfb 256x4MB) SWAP 79/3417MB (cached 1MB) CPU [0%@1420,0%@1420,14%@1420,5%@1420,0%@1420,95%@1420] EMC_FREQ 0% GR3D_FREQ 0% AUX@41.5C CPU@42.5C thermal@41.95C AO@41.5C GPU@42C PMIC@50C
1791261969.724480 10-06-2026 13:46:09 RAM 1241/6833MB (lfb 256x4MB) SWAP 79/3417MB (cached 1MB) CPU [0%@1420,9%@1420,5%@1420,5%@1420,4%@1420,100%@1420] EMC_FREQ 0% GR3D_FREQ 0% AUX@41.5C CPU@43C thermal@41.95C AO@41.5C GPU@42C PMIC@50C
1791261969.927937 10-06-2026 13:46:09 RAM 1243/6833MB (lfb 256x4MB) SWAP 79/3417MB (cached 1MB) CPU [14%@1420,9%@1420,14%@1420,9%@1420,0%@1420,95%@1420] EMC_FREQ 0% GR3D_FREQ 0% AUX@41.5C CPU@42.5C thermal@41.8C AO@41.5C GPU@41.5C PMIC@50C
1791261970.131062 10-06-2026 13:46:10 RAM 1243/6833MB (lfb 256x4MB) SWAP 79/3417MB (cached 1MB) CPU [9%@1420,5%@1420,4%@1420,10%@1420,0%@1420,95%@1420] EMC_FREQ 0% GR3D_FREQ 0% AUX@42C CPU@43C thermal@41.8C AO@41.5C GPU@42C PMIC@50C
1791261970.334434 10-06-2026 13:46:10 RAM 1244/6833MB (lfb 256x4MB) SWAP 79/3417MB (cached 1MB) CPU [5%@1420,9%@1420,14%@1420,10%@1420,71%@1420,20%@1420] EMC_FREQ 0% GR3D_FREQ 0% AUX@42C CPU@42.5C thermal@41.8C AO@41.5C GPU@42C PMIC@50C
1791261970.537930 10-06-2026 13:46:10 RAM 1245/6833MB (lfb 256x4MB) SWAP 79/3417MB (cached 1MB) CPU [5%@1420,5%@1420,0%@1420,5%@1420,73%@1420,20%@1420] EMC_FREQ 0% GR3D_FREQ 0% AUX@42C CPU@43C thermal@41.8C AO@41.5C GPU@41.5C PMIC@50C
1791261970.741177 10-06-2026 13:46:10 RAM 1247/6833MB (lfb 256x4MB) SWAP 79/3417MB (cached 1MB) CPU [14%@1420,5%@1420,10%@1420,0%@1420,0%@1420,100%@1420] EMC_FREQ 0% GR3D_FREQ 0% AUX@42C CPU@43C thermal@41.8C AO@41.5C GPU@42C PMIC@50C
1791261970.944893 10-06-2026 13:46:10 RAM 1248/6833MB (lfb 256x4MB) SWAP 79/3417MB (cached 1MB) CPU [10%@1420,5%@1420,5%@1420,5%@1420,4%@1420,85%@1420] EMC_FREQ 0% GR3D_FREQ 0% AUX@42C CPU@42.5C thermal@41.8C AO@42C GPU@42C PMIC@50C
1791261971.148301 10-06-2026 13:46:11 RAM 1248/6833MB (lfb 256x4MB) SWAP 79/3417MB (cached 1MB) CPU [5%@1420,5%@1420,5%@1420,0%@1420,0%@1420,100%@1420] EMC_FREQ 0% GR3D_FREQ 0% AUX@42C CPU@42.5C thermal@42.1C AO@41.5C GPU@42C PMIC@50C
1791261971.351636 10-06-2026 13:46:11 RAM 1249/6833MB (lfb 256x4MB) SWAP 79/3417MB (cached 1MB) CPU [14%@1420,5%@1420,5%@1420,13%@1420,4%@1420,89%@1420] EMC_FREQ 0% GR3D_FREQ 0% AUX@42C CPU@42.5C thermal@42.1C AO@41.5C GPU@42C PMIC@50C
1791261971.555451 10-06-2026 13:46:11 RAM 1249/6833MB (lfb 256x4MB) SWAP 79/3417MB (cached 1MB) CPU [15%@1420,9%@1420,9%@1420,5%@1420,0%@1420,90%@1420] EMC_FREQ 0% GR3D_FREQ 0% AUX@42C CPU@42.5C thermal@42.1C AO@41.5C GPU@42C PMIC@50C
1791261971.758708 10-06-2026 13:46:11 RAM 1251/6833MB (lfb 256x4MB) SWAP 79/3417MB (cached 1MB) CPU [9%@1420,9%@1420,0%@1420,5%@1420,5%@1420,94%@1420] EMC_FREQ 0% GR3D_FREQ 0% AUX@42C CPU@43C thermal@42.1C AO@42C GPU@42C PMIC@50C
1791261971.961954 10-06-2026 13:46:11 RAM 1253/6833MB (lfb 256x4MB) SWAP 79/3417MB (cached 1MB) CPU [10%@1420,5%@1420,5%@1420,5%@1420,4%@1420,85%@1420] EMC_FREQ 0% GR3D_FREQ 0% AUX@42C CPU@43C thermal@42.1C AO@41.5C GPU@42C PMIC@50C
1791261972.165446 10-06-2026 13:46:12 RAM 1254/6833MB (lfb 256x4MB) SWAP 79/3417MB (cached 1MB) CPU [14%@1420,5%@1420,20%@1420,20%@1420,0%@1420,45%@1420] EMC_FREQ 0% GR3D_FREQ 0% AUX@42C CPU@42.5C thermal@42.15C AO@41.5C GPU@42C PMIC@50C
1791261972.368978 10-06-2026 13:46:12 RAM 1254/6833MB (lfb 256x4MB) SWAP 79/3417MB (cached 1MB) CPU [15%@1420,14%@1420,25%@1420,66%@1420,9%@1420,0%@1420] EMC_FREQ 0% GR3D_FREQ 0% AUX@42C CPU@42.5C thermal@42.15C AO@42C GPU@42.5C PMIC@50C
1791261972.572357 10-06-2026 13:46:12 RAM 1254/6833MB (lfb 256x4MB) SWAP 79/3417MB (cached 1MB) CPU [20%@1420,5%@1420,63%@1420,15%@1420,0%@1420,5%@1420] EMC_FREQ 0% GR3D_FREQ 0% AUX@42C CPU@42.5C thermal@42.15C AO@42C GPU@42C PMIC@50C
1791261972.776556 10-06-2026 13:46:12 RAM 1254/6833MB (lfb 256x4MB) SWAP 79/3417MB (cached 1MB) CPU [19%@1420,14%@1420,33%@1420,5%@1420,9%@1420,0%@1420] EMC_FREQ 0% GR3D_FREQ 0% AUX@42C CPU@42.5C thermal@42.15C AO@42C GPU@42C PMIC@50C
1791261972.979624 10-06-2026 13:46:12 RAM 1254/6833MB (lfb 256x4MB) SWAP 79/3417MB (cached 1MB) CPU [14%@1420,5%@1420,86%@1420,4%@1420,5%@1420,0%@1420] EMC_FREQ 0% GR3D_FREQ 0% AUX@42C CPU@43C thermal@42.15C AO@42C GPU@42C PMIC@50C
1791261973.183080 10-06-2026 13:46:13 RAM 1254/6833MB (lfb 256x4MB) SWAP 79/3417MB (cached 1MB) CPU [10%@1420,5%@1420,42%@1420,5%@1420,57%@1420,0%@1420] EMC_FREQ 0% GR3D_FREQ 0% AUX@42C CPU@43C thermal@42.15C AO@42C GPU@42C PMIC@50C
1791261973.386737 10-06-2026 13:46:13 RAM 1254/6833MB (lfb 256x4MB) SWAP 79/3417MB (cached 1MB) CPU [19%@1420,5%@1420,0%@1420,0%@1420,89%@1420,13%@1420] EMC_FREQ 0% GR3D_FREQ 0% AUX@42C CPU@43C thermal@42.3C AO@42C GPU@42C PMIC@50C
1791261973.590214 10-06-2026 13:46:13 RAM 1255/6833MB (lfb 256x4MB) SWAP 79/3417MB (cached 1MB) CPU [11%@1190,5%@1420,0%@1420,0%@1420,66%@1420,4%@1420] EMC_FREQ 0% GR3D_FREQ 0% AUX@42C CPU@43C thermal@42.3C AO@42C GPU@42C PMIC@50C
1791261973.793516 10-06-2026 13:46:13 RAM 1256/6833MB (lfb 256x4MB) SWAP 79/3417MB (cached 1MB) CPU [15%@1420,5%@1420,0%@1420,0%@1420,5%@1420,47%@1420] EMC_FREQ 0% GR3D_FREQ 0% AUX@42C CPU@43C thermal@42.3C AO@42C GPU@42C PMIC@50C
1791261973.997535 10-06-2026 13:46:13 RAM 1257/6833MB (lfb 256x4MB) SWAP 79/3417MB (cached 1MB) CPU [19%@1420,14%@1420,0%@1420,4%@1420,0%@1420,94%@1420] EMC_FREQ 0% GR3D_FREQ 0% AUX@42C CPU@43C thermal@42.3C AO@42C GPU@42C PMIC@50C
1791261974.200804 10-06-2026 13:46:14 RAM 1260/6833MB (lfb 256x4MB) SWAP 79/3417MB (cached 1MB) CPU [20%@1420,9%@1420,0%@1420,0%@1420,19%@1420,63%@1420] EMC_FREQ 0% GR3D_FREQ 0% AUX@42C CPU@43C thermal@42.3C AO@41.5C GPU@42.5C PMIC@50C
1791261974.405195 10-06-2026 13:46:14 RAM 1260/6833MB (lfb 256x4MB) SWAP 79/3417MB (cached 1MB) CPU [14%@1420,9%@1420,0%@1420,5%@1420,4%@1420,94%@1420] EMC_FREQ 0% GR3D_FREQ 0% AUX@42C CPU@43C thermal@42.45C AO@42C GPU@42C PMIC@50C
1791261974.608971 10-06-2026 13:46:14 RAM 1260/6833MB (lfb 256x4MB) SWAP 79/3417MB (cached 1MB) CPU [5%@1420,9%@1420,14%@1420,5%@1420,0%@1420,90%@1420] EMC_FREQ 0% GR3D_FREQ 0% AUX@42C CPU@43C thermal@42.45C AO@42C GPU@42.5C PMIC@50C
1791261974.812241 10-06-2026 13:46:14 RAM 1260/6833MB (lfb 256x4MB) SWAP 79/3417MB (cached 1MB) CPU [13%@1420,5%@1420,10%@1420,0%@1420,0%@1420,100%@1420] EMC_FREQ 0% GR3D_FREQ 0% AUX@42C CPU@43C thermal@42.45C AO@42C GPU@42C PMIC@50C
1791261975.015655 10-06-2026 13:46:15 RAM 1261/6833MB (lfb 256x4MB) SWAP 79/3417MB (cached 1MB) CPU [10%@1420,5%@1420,9%@1420,10%@1420,9%@1420,90%@1420] EMC_FREQ 0% GR3D_FREQ 0% AUX@42C CPU@43C thermal@42.45C AO@42C GPU@42C PMIC@50C
1791261975.219596 10-06-2026 13:46:15 RAM 1264/6833MB (lfb 256x4MB) SWAP 79/3417MB (cached 1MB) CPU [5%@1420,0%@1420,0%@1420,13%@1420,0%@1420,84%@1420] EMC_FREQ 0% GR3D_FREQ 0% AUX@42C CPU@43C thermal@42.45C AO@42C GPU@42C PMIC@50C
1791261975.422781 10-06-2026 13:46:15 RAM 1264/6833MB (lfb 256x4MB) SWAP 79/3417MB (cached 1MB) CPU [13%@1420,13%@1420,9%@1420,5%@1420,0%@1420,95%@1420] EMC_FREQ 0% GR3D_FREQ 0% AUX@42C CPU@43C thermal@42.45C AO@42C GPU@42.5C PMIC@50C
1791261975.626113 10-06-2026 13:46:15 RAM 1264/6833MB (lfb 256x4MB) SWAP 79/3417MB (cached 1MB) CPU [5%@1420,19%@1420,5%@1420,0%@1420,4%@1420,95%@1420] EMC_FREQ 0% GR3D_FREQ 0% AUX@42C CPU@43C thermal@42.45C AO@42C GPU@42.5C PMIC@50C
1791261975.830369 10-06-2026 13:46:15 RAM 1264/6833MB (lfb 256x4MB) SWAP 79/3417MB (cached 1MB) CPU [10%@1420,9%@1420,4%@1420,9%@1420,4%@1420,95%@1420] EMC_FREQ 0% GR3D_FREQ 0% AUX@42C CPU@43C thermal@42.45C AO@42C GPU@42C PMIC@50C
1791261976.033996 10-06-2026 13:46:16 RAM 1264/6833MB (lfb 256x4MB) SWAP 79/3417MB (cached 1MB) CPU [9%@1420,10%@1420,5%@1420,0%@1420,5%@1420,94%@1420] EMC_FREQ 0% GR3D_FREQ 0% AUX@42C CPU@43C thermal@42.45C AO@42C GPU@42C PMIC@50C
1791261976.237409 10-06-2026 13:46:16 RAM 1265/6833MB (lfb 256x4MB) SWAP 79/3417MB (cached 1MB) CPU [0%@1420,9%@1420,5%@1420,0%@1420,0%@1420,100%@1420] EMC_FREQ 0% GR3D_FREQ 0% AUX@42C CPU@43C thermal@42.45C AO@42.5C GPU@42.5C PMIC@50C
1791261976.440822 10-06-2026 13:46:16 RAM 1265/6833MB (lfb 256x4MB) SWAP 79/3417MB (cached 1MB) CPU [9%@1420,0%@1420,5%@1420,10%@1420,4%@1420,89%@1420] EMC_FREQ 0% GR3D_FREQ 0% AUX@42.5C CPU@43C thermal@42.45C AO@42.5C GPU@42.5C PMIC@50C
1791261976.644061 10-06-2026 13:46:16 RAM 1265/6833MB (lfb 256x4MB) SWAP 79/3417MB (cached 1MB) CPU [5%@1420,5%@1420,9%@1420,18%@1420,0%@1420,95%@1420] EMC_FREQ 0% GR3D_FREQ 0% AUX@42.5C CPU@43C thermal@42.8C AO@42C GPU@42.5C PMIC@50C
1791261976.847603 10-06-2026 13:46:16 RAM 1266/6833MB (lfb 256x4MB) SWAP 79/3417MB (cached 1MB) CPU [0%@1420,9%@1420,0%@1420,10%@1420,0%@1420,95%@1420] EMC_FREQ 0% GR3D_FREQ 0% AUX@42.5C CPU@43C thermal@42.8C AO@42C GPU@42.5C PMIC@50C
1791261977.051911 10-06-2026 13:46:17 RAM 1266/6833MB (lfb 256x4MB) SWAP 79/3417MB (cached 1MB) CPU [9%@1420,4%@1420,9%@1420,10%@1420,5%@1420,95%@1420] EMC_FREQ 0% GR3D_FREQ 0% AUX@42.5C CPU@43C thermal@42.8C AO@42C GPU@42.5C PMIC@50C
1791261977.255175 10-06-2026 13:46:17 RAM 1267/6833MB (lfb 256x4MB) SWAP 79/3417MB (cached 1MB) CPU [14%@1420,0%@1420,4%@1420,9%@1420,9%@1420,91%@1420] EMC_FREQ 0% GR3D_FREQ 0% AUX@42C CPU@43C thermal@42.8C AO@42C GPU@42.5C PMIC@50C
1791261977.458858 10-06-2026 13:46:17 RAM 1266/6833MB (lfb 256x4MB) SWAP 79/3417MB (cached 1MB) CPU [10%@1420,10%@1420,5%@1420,15%@1420,90%@1420,13%@1420] EMC_FREQ 0% GR3D_FREQ 0% AUX@42C CPU@43.5C thermal@42.8C AO@42C GPU@42.5C PMIC@50C
1791261977.662514 10-06-2026 13:46:17 RAM 1267/6833MB (lfb 256x4MB) SWAP 79/3417MB (cached 1MB) CPU [9%@1420,4%@1420,5%@1420,5%@1420,95%@1420,0%@1420] EMC_FREQ 0% GR3D_FREQ 0% AUX@42.5C CPU@43.5C thermal@42.8C AO@42C GPU@42.5C PMIC@50C
1791261977.866034 10-06-2026 13:46:17 RAM 1267/6833MB (lfb 256x4MB) SWAP 79/3417MB (cached 1MB) CPU [0%@1420,5%@1420,5%@1420,18%@1420,95%@1420,0%@1420] EMC_FREQ 0% GR3D_FREQ 0% AUX@42C CPU@43C thermal@42.65C AO@42.5C GPU@42.5C PMIC@50C
1791261978.070642 10-06-2026 13:46:18 RAM 1267/6833MB (lfb 256x4MB) SWAP 79/3417MB (cached 1MB) CPU [9%@1420,0%@1420,0%@1420,5%@1420,57%@1420,33%@1420] EMC_FREQ 0% GR3D_FREQ 0% AUX@42.5C CPU@43C thermal@42.65C AO@42C GPU@42.5C PMIC@50C
1791261978.273266 10-06-2026 13:46:18 RAM 1268/6833MB (lfb 256x4MB) SWAP 79/3417MB (cached 1MB) CPU [0%@1420,0%@1420,5%@1420,5%@1420,5%@1420,94%@1420] EMC_FREQ 0% GR3D_FREQ 0% AUX@42.5C CPU@43C thermal@42.65C AO@42C GPU@42.5C PMIC@50C
1791261978.477048 10-06-2026 13:46:18 RAM 1268/6833MB (lfb 256x4MB) SWAP 79/3417MB (cached 1MB) CPU [13%@1420,0%@1420,14%@1420,5%@1420,0%@1420,94%@1420] EMC_FREQ 0% GR3D_FREQ 0% AUX@42.5C CPU@43C thermal@42.65C AO@42.5C GPU@42.5C PMIC@50C
1791261978.681084 10-06-2026 13:46:18 RAM 1269/6833MB (lfb 256x4MB) SWAP 79/3417MB (cached 1MB) CPU [5%@1420,9%@1420,13%@1420,5%@1420,4%@1420,90%@1420] EMC_FREQ 0% GR3D_FREQ 0% AUX@42.5C CPU@43.5C thermal@42.65C AO@42C GPU@42.5C PMIC@50C
1791261978.884901 10-06-2026 13:46:18 RAM 1269/6833MB (lfb 256x4MB) SWAP 79/3417MB (cached 1MB) CPU [5%@1420,4%@1420,5%@1420,5%@1420,5%@1420,95%@1420] EMC_FREQ 0% GR3D_FREQ 0% AUX@42C CPU@43.5C thermal@42.8C AO@42.5C GPU@42.5C PMIC@50C
1791261979.088605 10-06-2026 13:46:19 RAM 1269/6833MB (lfb 256x4MB) SWAP 79/3417MB (cached 1MB) CPU [10%@1420,5%@1420,9%@1420,9%@1420,0%@1420,95%@1420] EMC_FREQ 0% GR3D_FREQ 0% AUX@42.5C CPU@43C thermal@42.8C AO@42.5C GPU@42.5C PMIC@50C
1791261979.291756 10-06-2026 13:46:19 RAM 1271/6833MB (lfb 256x4MB) SWAP 79/3417MB (cached 1MB) CPU [9%@1420,5%@1420,0%@1420,5%@1420,5%@1420,89%@1420] EMC_FREQ 0% GR3D_FREQ 0% AUX@42.5C CPU@43.5C thermal@42.8C AO@42.5C GPU@42.5C PMIC@50C
1791261979.496168 10-06-2026 13:46:19 RAM 1271/6833MB (lfb 256x4MB) SWAP 79/3417MB (cached 1MB) CPU [9%@1420,10%@1420,9%@1420,0%@1420,4%@1420,78%@1420] EMC_FREQ 0% GR3D_FREQ 0% AUX@42.5C CPU@43.5C thermal@42.8C AO@42.5C GPU@42.5C PMIC@50C
1791261979.700248 10-06-2026 13:46:19 RAM 1272/6833MB (lfb 256x4MB) SWAP 79/3417MB (cached 1MB) CPU [5%@1420,9%@1420,5%@1420,5%@1420,5%@1420,90%@1420] EMC_FREQ 0% GR3D_FREQ 0% AUX@42.5C CPU@43.5C thermal@42.8C AO@42.5C GPU@42.5C PMIC@50C
1791261979.903930 10-06-2026 13:46:19 RAM 1277/6833MB (lfb 256x4MB) SWAP 79/3417MB (cached 1MB) CPU [9%@1420,9%@1420,5%@1420,13%@1420,4%@1420,100%@1420] EMC_FREQ 0% GR3D_FREQ 0% AUX@42.5C CPU@43.5C thermal@42.8C AO@42.5C GPU@42.5C PMIC@50C
1791261980.107633 10-06-2026 13:46:20 RAM 1277/6833MB (lfb 256x4MB) SWAP 79/3417MB (cached 1MB) CPU [9%@1420,5%@1420,5%@1420,5%@1420,5%@1420,100%@1420] EMC_FREQ 0% GR3D_FREQ 0% AUX@42.5C CPU@43.5C thermal@42.8C AO@42.5C GPU@42.5C PMIC@50C
1791261980.311302 10-06-2026 13:46:20 RAM 1277/6833MB (lfb 256x4MB) SWAP 79/3417MB (cached 1MB) CPU [10%@1420,5%@1420,5%@1420,5%@1420,0%@1420,95%@1420] EMC_FREQ 0% GR3D_FREQ 0% AUX@42.5C CPU@43.5C thermal@42.8C AO@42.5C GPU@42.5C PMIC@50C
1791261980.515008 10-06-2026 13:46:20 RAM 1278/6833MB (lfb 256x4MB) SWAP 79/3417MB (cached 1MB) CPU [5%@1420,9%@1420,5%@1420,0%@1420,5%@1420,90%@1420] EMC_FREQ 0% GR3D_FREQ 0% AUX@42.5C CPU@43.5C thermal@42.8C AO@42.5C GPU@42.5C PMIC@50C
1791261980.718954 10-06-2026 13:46:20 RAM 1279/6833MB (lfb 256x4MB) SWAP 79/3417MB (cached 1MB) CPU [10%@1420,0%@1420,9%@1420,0%@1420,4%@1420,90%@1420] EMC_FREQ 0% GR3D_FREQ 0% AUX@42.5C CPU@43.5C thermal@42.8C AO@42.5C GPU@43C PMIC@50C
1791261980.922565 10-06-2026 13:46:20 RAM 1279/6833MB (lfb 256x4MB) SWAP 79/3417MB (cached 1MB) CPU [13%@1420,9%@1420,14%@1420,9%@1420,4%@1420,100%@1420] EMC_FREQ 0% GR3D_FREQ 0% AUX@42.5C CPU@43.5C thermal@42.8C AO@42.5C GPU@42.5C PMIC@50C
1791261981.126198 10-06-2026 13:46:21 RAM 1279/6833MB (lfb 256x4MB) SWAP 79/3417MB (cached 1MB) CPU [10%@1420,5%@1420,0%@1420,10%@1420,0%@1420,85%@1420] EMC_FREQ 0% GR3D_FREQ 0% AUX@42.5C CPU@43.5C thermal@42.8C AO@42.5C GPU@42.5C PMIC@50C
1791261981.329991 10-06-2026 13:46:21 RAM 1280/6833MB (lfb 256x4MB) SWAP 79/3417MB (cached 1MB) CPU [5%@1420,14%@1420,4%@1420,5%@1420,0%@1420,95%@1420] EMC_FREQ 0% GR3D_FREQ 0% AUX@42.5C CPU@43.5C thermal@42.8C AO@42.5C GPU@43C PMIC@50C
1791261981.533722 10-06-2026 13:46:21 RAM 1280/6833MB (lfb 256x4MB) SWAP 79/3417MB (cached 1MB) CPU [0%@1420,5%@1420,5%@1420,9%@1420,0%@1420,85%@1420] EMC_FREQ 0% GR3D_FREQ 0% AUX@42.5C CPU@43.5C thermal@42.8C AO@42.5C GPU@43C PMIC@50C
1791261981.737465 10-06-2026 13:46:21 RAM 1281/6833MB (lfb 256x4MB) SWAP 79/3417MB (cached 1MB) CPU [10%@1420,9%@1420,9%@1420,5%@1420,4%@1420,95%@1420] EMC_FREQ 0% GR3D_FREQ 0% AUX@43C CPU@43.5C thermal@42.8C AO@42.5C GPU@43C PMIC@50C
1791261981.941710 10-06-2026 13:46:21 RAM 1288/6833MB (lfb 256x4MB) SWAP 79/3417MB (cached 1MB) CPU [4%@1420,9%@1420,14%@1420,4%@1420,9%@1420,100%@1420] EMC_FREQ 0% GR3D_FREQ 0% AUX@42.5C CPU@44C thermal@42.8C AO@42.5C GPU@43C PMIC@50C
1791261982.145077 10-06-2026 13:46:22 RAM 1305/6833MB (lfb 256x4MB) SWAP 79/3417MB (cached 1MB) CPU [9%@1420,5%@1420,0%@1420,10%@1420,15%@1420,100%@1420] EMC_FREQ 0% GR3D_FREQ 0% AUX@42.5C CPU@43.5C thermal@42.8C AO@42.5C GPU@43C PMIC@50C
1791261982.348379 10-06-2026 13:46:22 RAM 1305/6833MB (lfb 256x4MB) SWAP 79/3417MB (cached 1MB) CPU [5%@1420,5%@1420,9%@1420,5%@1420,42%@1420,57%@1420] EMC_FREQ 0% GR3D_FREQ 0% AUX@42.5C CPU@43.5C thermal@42.95C AO@42.5C GPU@43C PMIC@50C
1791261982.552068 10-06-2026 13:46:22 RAM 1306/6833MB (lfb 256x4MB) SWAP 79/3417MB (cached 1MB) CPU [5%@1420,5%@1420,5%@1420,5%@1420,52%@1420,30%@1420] EMC_FREQ 0% GR3D_FREQ 0% AUX@42.5C CPU@44C thermal@42.95C AO@42.5C GPU@43C PMIC@50C
1791261982.754980 10-06-2026 13:46:22 RAM 1312/6833MB (lfb 256x4MB) SWAP 79/3417MB (cached 1MB) CPU [38%@1420,33%@1420,35%@1420,35%@1420,40%@1420,80%@1420] EMC_FREQ 0% GR3D_FREQ 0% AUX@43C CPU@43.5C thermal@42.95C AO@42.5C GPU@43C PMIC@50C
1791261982.959542 10-06-2026 13:46:22 RAM 1319/6833MB (lfb 256x4MB) SWAP 79/3417MB (cached 1MB) CPU [5%@1420,9%@1420,5%@1420,5%@1420,25%@1420,57%@1420] EMC_FREQ 0% GR3D_FREQ 0% AUX@42.5C CPU@43.5C thermal@42.95C AO@42.5C GPU@43C PMIC@50C
1791261983.163095 10-06-2026 13:46:23 RAM 1319/6833MB (lfb 256x4MB) SWAP 79/3417MB (cached 1MB) CPU [5%@1420,0%@1420,4%@1420,0%@1420,38%@1420,42%@1420] EMC_FREQ 0% GR3D_FREQ 0% AUX@42.5C CPU@43.5C thermal@42.95C AO@42.5C GPU@43C PMIC@50C
1791261983.366469 10-06-2026 13:46:23 RAM 1320/6833MB (lfb 256x4MB) SWAP 79/3417MB (cached 1MB) CPU [14%@1420,5%@1420,5%@1420,9%@1420,55%@1420,25%@1420] EMC_FREQ 0% GR3D_FREQ 0% AUX@42.5C CPU@43.5C thermal@43.15C AO@42.5C GPU@43C PMIC@50C
1791261983.569791 10-06-2026 13:46:23 RAM 1321/6833MB (lfb 256x4MB) SWAP 79/3417MB (cached 1MB) CPU [5%@1420,5%@1420,5%@1420,5%@1420,95%@1420,9%@1420] EMC_FREQ 0% GR3D_FREQ 0% AUX@42.5C CPU@43.5C thermal@43.15C AO@42.5C GPU@43C PMIC@50C
1791261983.773336 10-06-2026 13:46:23 RAM 1338/6833MB (lfb 256x4MB) SWAP 79/3417MB (cached 1MB) CPU [9%@1420,71%@1420,5%@1420,14%@1420,19%@1420,14%@1420] EMC_FREQ 0% GR3D_FREQ 0% AUX@42.5C CPU@44C thermal@43.15C AO@42.5C GPU@43C PMIC@50C
1791261983.976629 10-06-2026 13:46:23 RAM 1366/6833MB (lfb 256x4MB) SWAP 79/3417MB (cached 1MB) CPU [10%@1420,100%@1420,9%@1420,0%@1420,0%@1420,5%@1420] EMC_FREQ 0% GR3D_FREQ 0% AUX@42.5C CPU@43.5C thermal@43.15C AO@42.5C GPU@43C PMIC@50C
1791261984.180490 10-06-2026 13:46:24 RAM 1371/6833MB (lfb 256x4MB) SWAP 79/3417MB (cached 1MB) CPU [0%@1420,80%@1420,9%@1420,13%@1420,0%@1420,9%@1420] EMC_FREQ 0% GR3D_FREQ 0% AUX@43C CPU@44C thermal@43.15C AO@42.5C GPU@43C PMIC@50C
1791261984.384242 10-06-2026 13:46:24 RAM 1386/6833MB (lfb 256x4MB) SWAP 79/3417MB (cached 1MB) CPU [22%@1190,0%@1420,9%@1420,0%@1420,9%@1420,0%@1420] EMC_FREQ 0% GR3D_FREQ 0% AUX@42.5C CPU@43.5C thermal@43.15C AO@43C GPU@43C PMIC@50C
1791261984.587606 10-06-2026 13:46:24 RAM 1402/6833MB (lfb 256x4MB) SWAP 79/3417MB (cached 1MB) CPU [10%@1190,9%@1190,19%@1190,5%@1190,5%@1420,9%@1420] EMC_FREQ 0% GR3D_FREQ 0% AUX@43C CPU@43.5C thermal@43.15C AO@42.5C GPU@43C PMIC@50C
1791261984.791127 10-06-2026 13:46:24 RAM 1423/6833MB (lfb 256x4MB) SWAP 79/3417MB (cached 1MB) CPU [5%@1190,22%@1420,5%@1420,5%@1420,4%@1420,0%@1420] EMC_FREQ 0% GR3D_FREQ 0% AUX@43C CPU@44C thermal@43.15C AO@42.5C GPU@43C PMIC@50C
1791261984.994736 10-06-2026 13:46:24 RAM 1438/6833MB (lfb 256x4MB) SWAP 79/3417MB (cached 1MB) CPU [10%@1190,5%@1190,14%@1190,11%@1190,0%@1190,0%@1190] EMC_FREQ 0% GR3D_FREQ 0% AUX@43C CPU@43.5C thermal@43.15C AO@42.5C GPU@43C PMIC@50C
1791261985.198855 10-06-2026 13:46:25 RAM 1454/6833MB (lfb 256x4MB) SWAP 79/3417MB (cached 1MB) CPU [5%@1190,9%@1190,11%@1190,13%@1190,0%@1190,0%@1190] EMC_FREQ 0% GR3D_FREQ 0% AUX@42.5C CPU@44C thermal@43.15C AO@43C GPU@43C PMIC@50C
1791261985.402397 10-06-2026 13:46:25 RAM 1468/6833MB (lfb 256x4MB) SWAP 79/3417MB (cached 1MB) CPU [5%@1190,5%@1420,13%@1420,15%@1420,5%@1420,9%@1420] EMC_FREQ 0% GR3D_FREQ 0% AUX@43C CPU@43.5C thermal@43.15C AO@42.5C GPU@43C PMIC@50C
1791261985.606359 10-06-2026 13:46:25 RAM 1485/6833MB (lfb 256x4MB) SWAP 79/3417MB (cached 1MB) CPU [15%@1420,5%@1420,10%@1420,10%@1420,4%@1420,4%@1420] EMC_FREQ 0% GR3D_FREQ 0% AUX@43C CPU@44C thermal@43.15C AO@43C GPU@43C PMIC@50C
1791261985.809703 10-06-2026 13:46:25 RAM 1501/6833MB (lfb 256x4MB) SWAP 79/3417MB (cached 1MB) CPU [15%@1190,9%@1420,10%@1420,0%@1420,9%@1420,0%@1420] EMC_FREQ 0% GR3D_FREQ 0% AUX@43C CPU@43.5C thermal@43.15C AO@42.5C GPU@43C PMIC@50C
1791261986.013412 10-06-2026 13:46:26 RAM 1517/6833MB (lfb 256x4MB) SWAP 79/3417MB (cached 1MB) CPU [20%@1420,0%@1420,5%@1420,13%@1420,0%@1420,0%@1420] EMC_FREQ 0% GR3D_FREQ 0% AUX@43C CPU@44C thermal@43.15C AO@43C GPU@43C PMIC@50C
1791261986.217060 10-06-2026 13:46:26 RAM 1532/6833MB (lfb 256x4MB) SWAP 79/3417MB (cached 1MB) CPU [23%@1420,10%@1420,9%@1420,4%@1420,0%@1420,0%@1420] EMC_FREQ 0% GR3D_FREQ 0% AUX@43C CPU@44C thermal@43.15C AO@43C GPU@43C PMIC@50C
1791261986.420896 10-06-2026 13:46:26 RAM 1548/6833MB (lfb 256x4MB) SWAP 79/3417MB (cached 1MB) CPU [10%@1420,5%@1420,10%@1420,5%@1420,4%@1420,0%@1420] EMC_FREQ 0% GR3D_FREQ 0% AUX@42.5C CPU@44C thermal@43.15C AO@43C GPU@43C PMIC@50C
1791261986.624926 10-06-2026 13:46:26 RAM 1564/6833MB (lfb 256x4MB) SWAP 79/3417MB (cached 1MB) CPU [19%@1420,14%@1420,14%@1420,5%@1420,4%@1420,9%@1420] EMC_FREQ 0% GR3D_FREQ 0% AUX@43C CPU@44C thermal@43.15C AO@43C GPU@43C PMIC@50C
1791261986.829019 10-06-2026 13:46:26 RAM 1580/6833MB (lfb 256x4MB) SWAP 79/3417MB (cached 1MB) CPU [10%@1420,0%@1420,5%@1420,19%@1420,5%@1420,0%@1420] EMC_FREQ 0% GR3D_FREQ 0% AUX@43C CPU@44C thermal@43.3C AO@43C GPU@43C PMIC@50C
1791261987.032795 10-06-2026 13:46:27 RAM 1602/6833MB (lfb 256x4MB) SWAP 79/3417MB (cached 1MB) CPU [11%@1420,9%@1420,14%@1420,9%@1420,10%@1420,9%@1420] EMC_FREQ 0% GR3D_FREQ 0% AUX@43C CPU@44C thermal@43.3C AO@43C GPU@43.5C PMIC@50C
1791261987.237294 10-06-2026 13:46:27 RAM 1657/6833MB (lfb 254x4MB) SWAP 79/3417MB (cached 1MB) CPU [14%@1344,22%@1344,10%@1344,5%@1344,0%@1344,5%@1344] EMC_FREQ 0% GR3D_FREQ 0% AUX@43C CPU@44C thermal@43.3C AO@43C GPU@43C PMIC@50C
1791261987.441178 10-06-2026 13:46:27 RAM 2370/6833MB (lfb 76x4MB) SWAP 79/3417MB (cached 1MB) CPU [5%@1420,100%@1420,14%@1420,5%@1420,5%@1420,0%@1420] EMC_FREQ 0% GR3D_FREQ 0% AUX@43C CPU@44.5C thermal@43.3C AO@43C GPU@43.5C PMIC@50C
1791261987.644560 10-06-2026 13:46:27 RAM 2374/6833MB (lfb 76x4MB) SWAP 79/3417MB (cached 1MB) CPU [9%@1420,100%@1420,5%@1420,10%@1420,0%@1420,0%@1420] EMC_FREQ 0% GR3D_FREQ 0% AUX@43C CPU@44C thermal@43.3C AO@43C GPU@43.5C PMIC@50C
1791261987.849702 10-06-2026 13:46:27 RAM 2377/6833MB (lfb 76x4MB) SWAP 79/3417MB (cached 1MB) CPU [9%@1420,100%@1420,18%@1420,9%@1420,4%@1420,0%@1420] EMC_FREQ 0% GR3D_FREQ 0% AUX@43C CPU@44C thermal@43.45C AO@43C GPU@43.5C PMIC@50C
1791261988.055324 10-06-2026 13:46:28 RAM 2379/6833MB (lfb 76x4MB) SWAP 79/3417MB (cached 1MB) CPU [0%@1420,100%@1420,10%@1420,4%@1420,4%@1420,5%@1420] EMC_FREQ 0% GR3D_FREQ 0% AUX@43C CPU@44.5C thermal@43.45C AO@43C GPU@43C PMIC@50C
1791261988.258878 10-06-2026 13:46:28 RAM 2381/6833MB (lfb 76x4MB) SWAP 79/3417MB (cached 1MB) CPU [9%@1420,100%@1420,10%@1420,5%@1420,9%@1420,68%@1420] EMC_FREQ 0% GR3D_FREQ 0% AUX@43C CPU@44C thermal@43.45C AO@43C GPU@43.5C PMIC@50C
1791261988.462480 10-06-2026 13:46:28 RAM 2412/6833MB (lfb 73x4MB) SWAP 79/3417MB (cached 1MB) CPU [10%@1420,100%@1420,10%@1420,10%@1420,0%@1420,4%@1420] EMC_FREQ 0% GR3D_FREQ 0% AUX@43C CPU@44C thermal@43.45C AO@43C GPU@43.5C PMIC@50C
1791261988.666359 10-06-2026 13:46:28 RAM 2526/6833MB (lfb 59x4MB) SWAP 79/3417MB (cached 1MB) CPU [5%@1420,100%@1420,9%@1420,14%@1420,4%@1420,0%@1420] EMC_FREQ 0% GR3D_FREQ 0% AUX@43C CPU@44C thermal@43.45C AO@43C GPU@43C PMIC@50C
1791261988.869772 10-06-2026 13:46:28 RAM 2599/6833MB (lfb 56x4MB) SWAP 79/3417MB (cached 1MB) CPU [5%@1420,100%@1420,5%@1420,9%@1420,0%@1420,5%@1420] EMC_FREQ 0% GR3D_FREQ 0% AUX@43C CPU@44C thermal@43.45C AO@43C GPU@43.5C PMIC@50C
1791261989.073144 10-06-2026 13:46:29 RAM 2717/6833MB (lfb 49x4MB) SWAP 79/3417MB (cached 1MB) CPU [4%@1420,100%@1420,65%@1420,10%@1420,0%@1420,4%@1420] EMC_FREQ 0% GR3D_FREQ 0% AUX@43C CPU@44.5C thermal@43.6C AO@43C GPU@43.5C PMIC@50C
1791261989.276788 10-06-2026 13:46:29 RAM 1713/6833MB (lfb 228x4MB) SWAP 79/3417MB (cached 1MB) CPU [10%@1420,100%@1420,9%@1420,0%@1420,9%@1420,0%@1420] EMC_FREQ 0% GR3D_FREQ 0% AUX@43C CPU@44.5C thermal@43.6C AO@43.5C GPU@43.5C PMIC@50C
1791261989.480227 10-06-2026 13:46:29 RAM 1726/6833MB (lfb 228x4MB) SWAP 79/3417MB (cached 1MB) CPU [5%@1420,68%@1420,5%@1420,4%@1420,35%@1420,4%@1420] EMC_FREQ 0% GR3D_FREQ 0% AUX@43C CPU@44.5C thermal@43.6C AO@43C GPU@43.5C PMIC@50C
1791261989.683516 10-06-2026 13:46:29 RAM 1757/6833MB (lfb 228x4MB) SWAP 79/3417MB (cached 1MB) CPU [9%@1420,5%@1420,14%@1420,0%@1420,100%@1420,10%@1420] EMC_FREQ 0% GR3D_FREQ 0% AUX@43C CPU@44.5C thermal@43.6C AO@43C GPU@43.5C PMIC@50C
1791261989.887402 10-06-2026 13:46:29 RAM 1789/6833MB (lfb 228x4MB) SWAP 79/3417MB (cached 1MB) CPU [5%@1420,5%@1420,5%@1420,4%@1420,100%@1420,13%@1420] EMC_FREQ 0% GR3D_FREQ 0% AUX@43.5C CPU@44.5C thermal@43.6C AO@43C GPU@43.5C PMIC@50C
1791261990.090806 10-06-2026 13:46:30 RAM 1817/6833MB (lfb 228x4MB) SWAP 79/3417MB (cached 1MB) CPU [9%@1420,5%@1420,9%@1420,0%@1420,100%@1420,0%@1420] EMC_FREQ 0% GR3D_FREQ 0% AUX@43C CPU@44C thermal@43.8C AO@43.5C GPU@43.5C PMIC@50C
1791261990.294285 10-06-2026 13:46:30 RAM 1850/6833MB (lfb 228x4MB) SWAP 79/3417MB (cached 1MB) CPU [0%@1420,4%@1420,5%@1420,13%@1420,100%@1420,4%@1420] EMC_FREQ 0% GR3D_FREQ 0% AUX@43.5C CPU@44.5C thermal@43.8C AO@43C GPU@43.5C PMIC@50C
1791261990.497598 10-06-2026 13:46:30 RAM 1879/6833MB (lfb 228x4MB) SWAP 79/3417MB (cached 1MB) CPU [0%@1420,9%@1420,14%@1420,5%@1420,100%@1420,4%@1420] EMC_FREQ 0% GR3D_FREQ 0% AUX@43.5C CPU@44.5C thermal@43.8C AO@43.5C GPU@43.5C PMIC@50C
1791261990.700848 10-06-2026 13:46:30 RAM 1910/6833MB (lfb 228x4MB) SWAP 79/3417MB (cached 1MB) CPU [9%@1420,5%@1420,13%@1420,4%@1420,100%@1420,0%@1420] EMC_FREQ 0% GR3D_FREQ 0% AUX@43.5C CPU@44.5C thermal@43.8C AO@43C GPU@43.5C PMIC@50C
1791261990.904126 10-06-2026 13:46:30 RAM 1942/6833MB (lfb 228x4MB) SWAP 79/3417MB (cached 1MB) CPU [0%@1420,0%@1420,15%@1420,9%@1420,100%@1420,0%@1420] EMC_FREQ 0% GR3D_FREQ 0% AUX@43C CPU@44.5C thermal@43.8C AO@43C GPU@43.5C PMIC@50C
1791261991.107351 10-06-2026 13:46:31 RAM 1972/6833MB (lfb 228x4MB) SWAP 79/3417MB (cached 1MB) CPU [14%@1420,4%@1420,5%@1420,0%@1420,100%@1420,4%@1420] EMC_FREQ 0% GR3D_FREQ 0% AUX@43.5C CPU@44.5C thermal@43.8C AO@43C GPU@43.5C PMIC@50C
1791261991.310538 10-06-2026 13:46:31 RAM 2004/6833MB (lfb 228x4MB) SWAP 79/3417MB (cached 1MB) CPU [5%@1420,5%@1420,14%@1420,9%@1420,100%@1420,4%@1420] EMC_FREQ 0% GR3D_FREQ 0% AUX@43.5C CPU@44.5C thermal@43.65C AO@43.5C GPU@43.5C PMIC@50C
1791261991.513988 10-06-2026 13:46:31 RAM 2034/6833MB (lfb 228x4MB) SWAP 79/3417MB (cached 1MB) CPU [5%@1420,5%@1420,5%@1420,0%@1420,100%@1420,0%@1420] EMC_FREQ 0% GR3D_FREQ 0% AUX@43.5C CPU@44C thermal@43.65C AO@43.5C GPU@44C PMIC@50C
1791261991.718058 10-06-2026 13:46:31 RAM 2061/6833MB (lfb 228x4MB) SWAP 79/3417MB (cached 1MB) CPU [0%@1420,0%@1420,18%@1420,5%@1420,45%@1420,57%@1420] EMC_FREQ 0% GR3D_FREQ 0% AUX@43.5C CPU@44.5C thermal@43.65C AO@43.5C GPU@44C PMIC@50C
1791261991.921476 10-06-2026 13:46:31 RAM 2089/6833MB (lfb 228x4MB) SWAP 79/3417MB (cached 1MB) CPU [5%@1420,9%@1420,5%@1420,10%@1420,4%@1420,100%@1420] EMC_FREQ 0% GR3D_FREQ 0% AUX@43.5C CPU@44.5C thermal@43.65C AO@43C GPU@44C PMIC@50C
1791261992.124828 10-06-2026 13:46:32 RAM 2118/6833MB (lfb 228x4MB) SWAP 79/3417MB (cached 1MB) CPU [9%@1420,5%@1420,4%@1420,10%@1420,0%@1420,100%@1420] EMC_FREQ 0% GR3D_FREQ 0% AUX@43.5C CPU@44.5C thermal@43.65C AO@43C GPU@43.5C PMIC@50C
1791261992.328331 10-06-2026 13:46:32 RAM 2146/6833MB (lfb 228x4MB) SWAP 79/3417MB (cached 1MB) CPU [13%@1420,0%@1420,5%@1420,5%@1420,0%@1420,100%@1420] EMC_FREQ 0% GR3D_FREQ 0% AUX@43.5C CPU@44.5C thermal@43.8C AO@43.5C GPU@43.5C PMIC@50C
1791261992.531562 10-06-2026 13:46:32 RAM 2176/6833MB (lfb 224x4MB) SWAP 79/3417MB (cached 1MB) CPU [5%@1420,5%@1420,0%@1420,5%@1420,0%@1420,100%@1420] EMC_FREQ 0% GR3D_FREQ 0% AUX@43.5C CPU@44.5C thermal@43.8C AO@43.5C GPU@44C PMIC@50C
1791261992.736227 10-06-2026 13:46:32 RAM 2243/6833MB (lfb 209x4MB) SWAP 79/3417MB (cached 1MB) CPU [9%@1420,5%@1420,9%@1420,10%@1420,0%@1420,100%@1420] EMC_FREQ 0% GR3D_FREQ 0% AUX@43.5C CPU@44.5C thermal@43.8C AO@43.5C GPU@44C PMIC@50C
1791261992.940469 10-06-2026 13:46:32 RAM 2287/6833MB (lfb 199x4MB) SWAP 79/3417MB (cached 1MB) CPU [5%@1420,0%@1420,5%@1420,18%@1420,0%@1420,100%@1420] EMC_FREQ 0% GR3D_FREQ 0% AUX@43.5C CPU@44.5C thermal@43.8C AO@43.5C GPU@44C PMIC@50C
1791261993.144073 10-06-2026 13:46:33 RAM 2287/6833MB (lfb 199x4MB) SWAP 79/3417MB (cached 1MB) CPU [9%@1420,5%@1420,18%@1420,9%@1420,0%@1420,100%@1420] EMC_FREQ 0% GR3D_FREQ 0% AUX@44C CPU@44.5C thermal@43.8C AO@43.5C GPU@44C PMIC@50C
1791261993.347555 10-06-2026 13:46:33 RAM 2287/6833MB (lfb 199x4MB) SWAP 79/3417MB (cached 1MB) CPU [0%@1420,13%@1420,10%@1420,5%@1420,65%@1420,100%@1420] EMC_FREQ 0% GR3D_FREQ 0% AUX@43.5C CPU@44.5C thermal@43.8C AO@43.5C GPU@43.5C PMIC@50C
1791261993.551234 10-06-2026 13:46:33 RAM 2287/6833MB (lfb 199x4MB) SWAP 79/3417MB (cached 1MB) CPU [13%@1420,5%@1420,14%@1420,5%@1420,0%@1420,100%@1420] EMC_FREQ 0% GR3D_FREQ 0% AUX@43.5C CPU@44.5C thermal@43.95C AO@43.5C GPU@44C PMIC@50C
1791261993.754454 10-06-2026 13:46:33 RAM 2287/6833MB (lfb 199x4MB) SWAP 79/3417MB (cached 1MB) CPU [5%@1420,9%@1420,0%@1420,10%@1420,0%@1420,100%@1420] EMC_FREQ 0% GR3D_FREQ 0% AUX@43.5C CPU@45C thermal@43.95C AO@43.5C GPU@44C PMIC@50C
1791261993.957890 10-06-2026 13:46:33 RAM 2287/6833MB (lfb 199x4MB) SWAP 79/3417MB (cached 1MB) CPU [4%@1420,0%@1420,9%@1420,10%@1420,0%@1420,100%@1420] EMC_FREQ 0% GR3D_FREQ 0% AUX@43.5C CPU@44.5C thermal@43.95C AO@43.5C GPU@44C PMIC@50C
1791261994.161973 10-06-2026 13:46:34 RAM 2287/6833MB (lfb 199x4MB) SWAP 79/3417MB (cached 1MB) CPU [5%@1420,13%@1420,68%@1420,14%@1420,0%@1420,100%@1420] EMC_FREQ 0% GR3D_FREQ 0% AUX@43.5C CPU@44.5C thermal@43.95C AO@43.5C GPU@44C PMIC@50C
1791261994.365578 10-06-2026 13:46:34 RAM 2287/6833MB (lfb 199x4MB) SWAP 79/3417MB (cached 1MB) CPU [5%@1420,5%@1420,0%@1420,5%@1420,0%@1420,100%@1420] EMC_FREQ 0% GR3D_FREQ 0% AUX@43.5C CPU@44.5C thermal@43.95C AO@43.5C GPU@44C PMIC@50C
1791261994.568863 10-06-2026 13:46:34 RAM 2287/6833MB (lfb 199x4MB) SWAP 79/3417MB (cached 1MB) CPU [10%@1420,9%@1420,4%@1420,13%@1420,0%@1420,100%@1420] EMC_FREQ 0% GR3D_FREQ 0% AUX@44C CPU@44.5C thermal@43.95C AO@43.5C GPU@43.5C PMIC@50C
1791261994.772142 10-06-2026 13:46:34 RAM 2287/6833MB (lfb 199x4MB) SWAP 79/3417MB (cached 1MB) CPU [9%@1420,10%@1420,4%@1420,5%@1420,0%@1420,100%@1420] EMC_FREQ 0% GR3D_FREQ 0% AUX@43.5C CPU@44.5C thermal@43.95C AO@43.5C GPU@44C PMIC@50C
1791261994.975425 10-06-2026 13:46:34 RAM 2287/6833MB (lfb 199x4MB) SWAP 79/3417MB (cached 1MB) CPU [0%@1420,5%@1420,0%@1420,13%@1420,0%@1420,100%@1420] EMC_FREQ 0% GR3D_FREQ 0% AUX@43.5C CPU@45C thermal@43.95C AO@43.5C GPU@44C PMIC@50C
1791261995.178975 10-06-2026 13:46:35 RAM 2287/6833MB (lfb 199x4MB) SWAP 79/3417MB (cached 1MB) CPU [5%@1420,5%@1420,5%@1420,19%@1420,0%@1420,100%@1420] EMC_FREQ 0% GR3D_FREQ 0% AUX@43.5C CPU@44.5C thermal@43.95C AO@43.5C GPU@44C PMIC@50C
1791261995.385877 10-06-2026 13:46:35 RAM 2287/6833MB (lfb 199x4MB) SWAP 79/3417MB (cached 1MB) CPU [9%@1420,9%@1420,9%@1420,9%@1420,4%@1420,100%@1420] EMC_FREQ 0% GR3D_FREQ 0% AUX@44C CPU@44.5C thermal@43.95C AO@43.5C GPU@44C PMIC@50C
1791261995.589169 10-06-2026 13:46:35 RAM 2287/6833MB (lfb 199x4MB) SWAP 79/3417MB (cached 1MB) CPU [10%@1420,9%@1420,13%@1420,0%@1420,0%@1420,100%@1420] EMC_FREQ 0% GR3D_FREQ 0% AUX@43.5C CPU@44.5C thermal@43.95C AO@43.5C GPU@44C PMIC@50C
1791261995.792914 10-06-2026 13:46:35 RAM 2288/6833MB (lfb 199x4MB) SWAP 79/3417MB (cached 1MB) CPU [38%@1420,21%@1420,17%@1420,28%@1420,26%@1420,78%@1420] EMC_FREQ 0% GR3D_FREQ 0% AUX@44C CPU@45C thermal@44.15C AO@43.5C GPU@44C PMIC@50C
1791261995.997302 10-06-2026 13:46:35 RAM 2355/6833MB (lfb 191x4MB) SWAP 79/3417MB (cached 1MB) CPU [15%@1420,15%@1420,20%@1420,15%@1420,100%@1420,10%@1420] EMC_FREQ 0% GR3D_FREQ 0% AUX@44C CPU@45C thermal@44.15C AO@43.5C GPU@44C PMIC@50C
1791261996.201022 10-06-2026 13:46:36 RAM 2381/6833MB (lfb 191x4MB) SWAP 79/3417MB (cached 1MB) CPU [10%@1420,9%@1420,9%@1420,5%@1420,100%@1420,0%@1420] EMC_FREQ 0% GR3D_FREQ 0% AUX@44C CPU@45C thermal@44.15C AO@43.5C GPU@44C PMIC@50C
1791261996.404733 10-06-2026 13:46:36 RAM 2414/6833MB (lfb 191x4MB) SWAP 79/3417MB (cached 1MB) CPU [5%@1420,13%@1420,5%@1420,10%@1420,95%@1420,4%@1420] EMC_FREQ 0% GR3D_FREQ 7% AUX@44C CPU@45C thermal@44.15C AO@43.5C GPU@44C PMIC@50C
1791261996.608163 10-06-2026 13:46:36 RAM 2459/6833MB (lfb 187x4MB) SWAP 79/3417MB (cached 1MB) CPU [9%@1420,5%@1420,15%@1420,0%@1420,95%@1420,9%@1420] EMC_FREQ 0% GR3D_FREQ 7% AUX@44C CPU@45C thermal@44.15C AO@43.5C GPU@44C PMIC@50C
1791261996.811493 10-06-2026 13:46:36 RAM 2518/6833MB (lfb 181x4MB) SWAP 79/3417MB (cached 1MB) CPU [5%@1420,9%@1420,0%@1420,15%@1420,95%@1420,0%@1420] EMC_FREQ 0% GR3D_FREQ 22% AUX@44C CPU@45C thermal@44.3C AO@43.5C GPU@44C PMIC@50C
1791261997.014877 10-06-2026 13:46:37 RAM 2570/6833MB (lfb 176x4MB) SWAP 79/3417MB (cached 1MB) CPU [9%@1420,0%@1420,18%@1420,10%@1420,100%@1420,0%@1420] EMC_FREQ 0% GR3D_FREQ 23% AUX@44C CPU@45C thermal@44.3C AO@43.5C GPU@44C PMIC@50C
1791261997.218779 10-06-2026 13:46:37 RAM 2621/6833MB (lfb 172x4MB) SWAP 79/3417MB (cached 1MB) CPU [9%@1420,0%@1420,18%@1420,5%@1420,95%@1420,0%@1420] EMC_FREQ 0% GR3D_FREQ 8% AUX@44C CPU@45C thermal@44.3C AO@43.5C GPU@44.5C PMIC@50C
1791261997.422034 10-06-2026 13:46:37 RAM 2668/6833MB (lfb 170x4MB) SWAP 79/3417MB (cached 1MB) CPU [5%@1420,5%@1420,5%@1420,5%@1420,95%@1420,0%@1420] EMC_FREQ 0% GR3D_FREQ 7% AUX@44C CPU@45C thermal@44.3C AO@44C GPU@44.5C PMIC@50C
1791261997.625598 10-06-2026 13:46:37 RAM 2702/6833MB (lfb 166x4MB) SWAP 79/3417MB (cached 1MB) CPU [9%@1420,13%@1420,10%@1420,0%@1420,95%@1420,4%@1420] EMC_FREQ 0% GR3D_FREQ 23% AUX@44C CPU@45C thermal@44.3C AO@44C GPU@44C PMIC@50C
1791261997.829358 10-06-2026 13:46:37 RAM 2749/6833MB (lfb 159x4MB) SWAP 79/3417MB (cached 1MB) CPU [0%@1420,5%@1420,9%@1420,9%@1420,95%@1420,5%@1420] EMC_FREQ 0% GR3D_FREQ 26% AUX@44C CPU@45C thermal@44.3C AO@44C GPU@44C PMIC@50C
1791261998.032835 10-06-2026 13:46:38 RAM 2787/6833MB (lfb 154x4MB) SWAP 79/3417MB (cached 1MB) CPU [9%@1420,9%@1420,5%@1420,5%@1420,94%@1420,0%@1420] EMC_FREQ 0% GR3D_FREQ 37% AUX@44C CPU@45C thermal@44.45C AO@43.5C GPU@44.5C PMIC@50C
1791261998.236267 10-06-2026 13:46:38 RAM 2839/6833MB (lfb 145x4MB) SWAP 79/3417MB (cached 1MB) CPU [10%@1420,9%@1420,5%@1420,5%@1420,89%@1420,4%@1420] EMC_FREQ 0% GR3D_FREQ 7% AUX@44C CPU@45C thermal@44.45C AO@44C GPU@44.5C PMIC@50C
1791261998.440865 10-06-2026 13:46:38 RAM 2878/6833MB (lfb 140x4MB) SWAP 79/3417MB (cached 1MB) CPU [0%@1420,0%@1420,5%@1420,5%@1420,94%@1420,4%@1420] EMC_FREQ 0% GR3D_FREQ 32% AUX@44C CPU@45C thermal@44.45C AO@44C GPU@44C PMIC@50C
1791261998.644588 10-06-2026 13:46:38 RAM 2918/6833MB (lfb 133x4MB) SWAP 79/3417MB (cached 1MB) CPU [5%@1420,45%@1420,13%@1420,9%@1420,95%@1420,5%@1420] EMC_FREQ 0% GR3D_FREQ 3% AUX@44C CPU@45C thermal@44.45C AO@44C GPU@44.5C PMIC@50C
1791261998.847948 10-06-2026 13:46:38 RAM 2971/6833MB (lfb 125x4MB) SWAP 79/3417MB (cached 1MB) CPU [0%@1420,25%@1420,5%@1420,14%@1420,95%@1420,0%@1420] EMC_FREQ 0% GR3D_FREQ 0% AUX@44C CPU@45C thermal@44.45C AO@44C GPU@44C PMIC@50C
1791261999.051284 10-06-2026 13:46:39 RAM 3033/6833MB (lfb 114x4MB) SWAP 79/3417MB (cached 1MB) CPU [9%@1420,5%@1420,9%@1420,5%@1420,95%@1420,0%@1420] EMC_FREQ 0% GR3D_FREQ 7% AUX@44C CPU@45C thermal@44.45C AO@44C GPU@44.5C PMIC@50C
1791261999.254649 10-06-2026 13:46:39 RAM 3100/6833MB (lfb 104x4MB) SWAP 79/3417MB (cached 1MB) CPU [5%@1420,13%@1420,14%@1420,0%@1420,100%@1420,0%@1420] EMC_FREQ 0% GR3D_FREQ 2% AUX@44C CPU@45C thermal@44.45C AO@44C GPU@44.5C PMIC@50C
1791261999.458048 10-06-2026 13:46:39 RAM 3183/6833MB (lfb 89x4MB) SWAP 79/3417MB (cached 1MB) CPU [10%@1420,14%@1420,10%@1420,66%@1420,94%@1420,9%@1420] EMC_FREQ 0% GR3D_FREQ 7% AUX@44C CPU@45.5C thermal@44.45C AO@44C GPU@44.5C PMIC@50C
1791261999.661870 10-06-2026 13:46:39 RAM 3212/6833MB (lfb 96x4MB) SWAP 79/3417MB (cached 1MB) CPU [13%@1420,5%@1420,10%@1420,5%@1420,70%@1420,5%@1420] EMC_FREQ 0% GR3D_FREQ 45% AUX@44C CPU@45C thermal@44.45C AO@44C GPU@44.5C PMIC@50C
1791261999.865816 10-06-2026 13:46:39 RAM 3239/6833MB (lfb 96x4MB) SWAP 79/3417MB (cached 1MB) CPU [10%@1344,5%@1344,10%@1344,5%@1344,50%@1344,0%@1344] EMC_FREQ 0% GR3D_FREQ 78% AUX@44C CPU@45C thermal@44.45C AO@44C GPU@44.5C PMIC@50C
1791262000.069128 10-06-2026 13:46:40 RAM 3264/6833MB (lfb 96x4MB) SWAP 79/3417MB (cached 1MB) CPU [5%@1420,9%@1420,10%@1420,0%@1420,72%@1420,0%@1420] EMC_FREQ 0% GR3D_FREQ 44% AUX@44C CPU@45.5C thermal@44.45C AO@44C GPU@44.5C PMIC@50C
1791262000.273175 10-06-2026 13:46:40 RAM 3514/6833MB (lfb 64x4MB) SWAP 79/3417MB (cached 1MB) CPU [10%@1420,5%@1420,14%@1420,5%@1420,75%@1420,0%@1420] EMC_FREQ 0% GR3D_FREQ 0% AUX@44C CPU@45C thermal@44.6C AO@44C GPU@44.5C PMIC@50C
1791262000.476591 10-06-2026 13:46:40 RAM 3370/6833MB (lfb 83x4MB) SWAP 79/3417MB (cached 1MB) CPU [5%@1420,0%@1420,0%@1420,10%@1420,89%@1420,0%@1420] EMC_FREQ 0% GR3D_FREQ 0% AUX@44C CPU@45C thermal@44.6C AO@44C GPU@44.5C PMIC@50C
1791262000.680173 10-06-2026 13:46:40 RAM 3369/6833MB (lfb 83x4MB) SWAP 79/3417MB (cached 1MB) CPU [5%@1420,9%@1420,14%@1420,17%@1420,39%@1420,10%@1420] EMC_FREQ 0% GR3D_FREQ 0% AUX@44.5C CPU@45C thermal@44.6C AO@44C GPU@44.5C PMIC@50C
1791262000.884854 10-06-2026 13:46:40 RAM 3369/6833MB (lfb 83x4MB) SWAP 79/3417MB (cached 1MB) CPU [0%@1420,5%@1420,10%@1420,5%@1420,5%@1420,13%@1420] EMC_FREQ 0% GR3D_FREQ 0% AUX@44.5C CPU@45C thermal@44.6C AO@44C GPU@44.5C PMIC@50C
1791262001.088597 10-06-2026 13:46:41 RAM 3369/6833MB (lfb 83x4MB) SWAP 79/3417MB (cached 1MB) CPU [9%@1190,0%@1420,14%@1420,4%@1420,5%@1420,5%@1420] EMC_FREQ 0% GR3D_FREQ 0% AUX@44C CPU@45C thermal@44.6C AO@44C GPU@44.5C PMIC@50C
1791262001.291972 10-06-2026 13:46:41 RAM 3369/6833MB (lfb 83x4MB) SWAP 79/3417MB (cached 1MB) CPU [9%@1190,9%@1420,10%@1420,5%@1420,0%@1420,15%@1420] EMC_FREQ 0% GR3D_FREQ 0% AUX@44C CPU@45C thermal@44.45C AO@44C GPU@44.5C PMIC@50C
1791262001.495924 10-06-2026 13:46:41 RAM 3369/6833MB (lfb 83x4MB) SWAP 79/3417MB (cached 1MB) CPU [5%@1420,0%@1420,10%@1420,14%@1420,9%@1190,13%@1190] EMC_FREQ 0% GR3D_FREQ 0% AUX@44C CPU@45C thermal@44.45C AO@44C GPU@44.5C PMIC@50C
1791262001.699362 10-06-2026 13:46:41 RAM 3369/6833MB (lfb 83x4MB) SWAP 79/3417MB (cached 1MB) CPU [10%@1190,9%@1190,9%@1190,0%@1420,14%@1420,5%@1420] EMC_FREQ 0% GR3D_FREQ 0% AUX@44.5C CPU@45C thermal@44.45C AO@44C GPU@44.5C PMIC@50C
1791262001.902958 10-06-2026 13:46:41 RAM 3369/6833MB (lfb 83x4MB) SWAP 79/3417MB (cached 1MB) CPU [5%@1420,5%@1420,10%@1420,0%@1420,9%@1420,15%@1420] EMC_FREQ 0% GR3D_FREQ 0% AUX@44C CPU@45C thermal@44.45C AO@44C GPU@44.5C PMIC@50C
1791262002.106679 10-06-2026 13:46:42 RAM 3369/6833MB (lfb 83x4MB) SWAP 79/3417MB (cached 1MB) CPU [9%@1420,4%@1420,9%@1420,5%@1420,19%@1420,0%@1420] EMC_FREQ 0% GR3D_FREQ 0% AUX@44.5C CPU@45C thermal@44.45C AO@44C GPU@44.5C PMIC@50C
1791262002.310135 10-06-2026 13:46:42 RAM 3370/6833MB (lfb 83x4MB) SWAP 79/3417MB (cached 1MB) CPU [0%@1190,0%@1190,5%@1190,13%@1190,9%@1420,13%@1420] EMC_FREQ 0% GR3D_FREQ 0% AUX@44C CPU@45.5C thermal@44.45C AO@44.5C GPU@44.5C PMIC@50C
1791262002.513936 10-06-2026 13:46:42 RAM 3369/6833MB (lfb 83x4MB) SWAP 79/3417MB (cached 1MB) CPU [13%@1190,10%@1190,14%@1190,4%@1420,5%@1420,15%@1420] EMC_FREQ 0% GR3D_FREQ 0% AUX@44.5C CPU@45C thermal@44.45C AO@44.5C GPU@44.5C PMIC@50C
1791262002.717876 10-06-2026 13:46:42 RAM 3369/6833MB (lfb 83x4MB) SWAP 79/3417MB (cached 1MB) CPU [5%@1420,5%@1420,15%@1420,5%@1420,9%@1420,0%@1420] EMC_FREQ 0% GR3D_FREQ 0% AUX@44C CPU@45C thermal@44.45C AO@44C GPU@44.5C PMIC@50C
1791262002.921351 10-06-2026 13:46:42 RAM 3369/6833MB (lfb 83x4MB) SWAP 79/3417MB (cached 1MB) CPU [5%@1190,0%@1190,17%@1190,0%@1190,10%@1420,9%@1420] EMC_FREQ 0% GR3D_FREQ 0% AUX@44.5C CPU@45C thermal@44.45C AO@44.5C GPU@44.5C PMIC@50C
1791262003.124934 10-06-2026 13:46:43 RAM 3370/6833MB (lfb 83x4MB) SWAP 79/3417MB (cached 1MB) CPU [15%@1190,13%@1420,10%@1420,9%@1420,5%@1420,9%@1420] EMC_FREQ 0% GR3D_FREQ 0% AUX@44.5C CPU@45.5C thermal@44.45C AO@44.5C GPU@44.5C PMIC@50C
1791262003.328724 10-06-2026 13:46:43 RAM 3369/6833MB (lfb 83x4MB) SWAP 79/3417MB (cached 1MB) CPU [10%@1420,5%@1420,0%@1420,5%@1420,5%@1420,10%@1420] EMC_FREQ 0% GR3D_FREQ 0% AUX@44.5C CPU@45C thermal@44.45C AO@44.5C GPU@44.5C PMIC@50C
1791262003.532155 10-06-2026 13:46:43 RAM 3369/6833MB (lfb 83x4MB) SWAP 79/3417MB (cached 1MB) CPU [9%@1190,9%@1420,5%@1420,5%@1420,4%@1420,19%@1420] EMC_FREQ 0% GR3D_FREQ 0% AUX@44.5C CPU@45C thermal@44.65C AO@44.5C GPU@44.5C PMIC@50C
1791262003.735941 10-06-2026 13:46:43 RAM 3369/6833MB (lfb 83x4MB) SWAP 79/3417MB (cached 1MB) CPU [0%@1190,5%@1190,18%@1190,4%@1190,14%@1190,5%@1420] EMC_FREQ 0% GR3D_FREQ 0% AUX@44C CPU@45C thermal@44.65C AO@44.5C GPU@44.5C PMIC@50C
1791262003.940149 10-06-2026 13:46:43 RAM 3369/6833MB (lfb 83x4MB) SWAP 79/3417MB (cached 1MB) CPU [9%@1420,5%@1420,10%@1420,0%@1420,13%@1420,4%@1420] EMC_FREQ 0% GR3D_FREQ 0% AUX@44.5C CPU@45C thermal@44.65C AO@44.5C GPU@44.5C PMIC@50C
1791262004.143581 10-06-2026 13:46:44 RAM 3372/6833MB (lfb 83x4MB) SWAP 79/3417MB (cached 1MB) CPU [5%@1190,14%@1420,10%@1420,9%@1420,5%@1420,0%@1420] EMC_FREQ 0% GR3D_FREQ 0% AUX@44.5C CPU@45C thermal@44.65C AO@44.5C GPU@44.5C PMIC@50C
1791262004.347514 10-06-2026 13:46:44 RAM 3385/6833MB (lfb 83x4MB) SWAP 79/3417MB (cached 1MB) CPU [5%@1190,9%@1420,14%@1420,4%@1420,14%@1420,9%@1420] EMC_FREQ 0% GR3D_FREQ 0% AUX@44.5C CPU@45C thermal@44.65C AO@44.5C GPU@44.5C PMIC@50C
1791262004.551083 10-06-2026 13:46:44 RAM 3400/6833MB (lfb 83x4MB) SWAP 79/3417MB (cached 1MB) CPU [10%@1420,5%@1420,5%@1420,10%@1190,0%@1190,23%@1190] EMC_FREQ 0% GR3D_FREQ 0% AUX@44.5C CPU@45C thermal@44.65C AO@44.5C GPU@44.5C PMIC@50C
1791262004.754512 10-06-2026 13:46:44 RAM 3412/6833MB (lfb 83x4MB) SWAP 79/3417MB (cached 1MB) CPU [9%@1190,14%@1190,10%@1190,5%@1420,9%@1420,19%@1420] EMC_FREQ 0% GR3D_FREQ 0% AUX@44.5C CPU@45.5C thermal@44.65C AO@44.5C GPU@44.5C PMIC@50C
1791262004.958137 10-06-2026 13:46:44 RAM 3426/6833MB (lfb 80x4MB) SWAP 79/3417MB (cached 1MB) CPU [5%@1190,0%@1190,0%@1190,10%@1190,0%@1190,10%@1420] EMC_FREQ 0% GR3D_FREQ 0% AUX@44.5C CPU@45C thermal@44.65C AO@44.5C GPU@44.5C PMIC@50C
1791262005.162216 10-06-2026 13:46:45 RAM 3440/6833MB (lfb 73x4MB) SWAP 79/3417MB (cached 1MB) CPU [5%@1420,0%@1420,19%@1420,4%@1420,0%@1420,23%@1420] EMC_FREQ 0% GR3D_FREQ 0% AUX@44.5C CPU@45.5C thermal@44.65C AO@44C GPU@44.5C PMIC@50C
1791262005.366018 10-06-2026 13:46:45 RAM 3456/6833MB (lfb 65x4MB) SWAP 79/3417MB (cached 1MB) CPU [9%@1190,15%@1190,4%@1420,10%@1420,9%@1420,14%@1420] EMC_FREQ 0% GR3D_FREQ 0% AUX@44.5C CPU@45.5C thermal@44.65C AO@44.5C GPU@45C PMIC@50C
1791262005.569401 10-06-2026 13:46:45 RAM 3468/6833MB (lfb 58x4MB) SWAP 79/3417MB (cached 1MB) CPU [15%@1190,14%@1190,0%@1190,14%@1190,0%@1190,0%@1420] EMC_FREQ 0% GR3D_FREQ 0% AUX@44.5C CPU@45.5C thermal@44.65C AO@44.5C GPU@44.5C PMIC@50C
1791262005.773104 10-06-2026 13:46:45 RAM 3484/6833MB (lfb 50x4MB) SWAP 79/3417MB (cached 1MB) CPU [15%@1420,5%@1420,0%@1420,10%@1420,4%@1420,0%@1420] EMC_FREQ 0% GR3D_FREQ 0% AUX@44.5C CPU@45.5C thermal@44.95C AO@44.5C GPU@44.5C PMIC@50C
1791262005.976834 10-06-2026 13:46:45 RAM 3494/6833MB (lfb 49x4MB) SWAP 79/3417MB (cached 1MB) CPU [23%@1190,10%@1190,5%@1190,10%@1420,5%@1420,9%@1420] EMC_FREQ 0% GR3D_FREQ 0% AUX@44.5C CPU@45C thermal@44.95C AO@44.5C GPU@45C PMIC@50C
1791262006.180918 10-06-2026 13:46:46 RAM 3496/6833MB (lfb 49x4MB) SWAP 79/3417MB (cached 1MB) CPU [5%@1420,23%@1420,5%@1420,5%@1420,0%@1420,0%@1420] EMC_FREQ 0% GR3D_FREQ 0% AUX@44.5C CPU@45.5C thermal@44.95C AO@44.5C GPU@44.5C PMIC@50C
1791262006.384737 10-06-2026 13:46:46 RAM 3505/6833MB (lfb 49x4MB) SWAP 79/3417MB (cached 1MB) CPU [19%@1190,23%@1190,5%@1190,14%@1190,0%@1190,5%@1190] EMC_FREQ 0% GR3D_FREQ 0% AUX@44.5C CPU@45.5C thermal@44.95C AO@44.5C GPU@44.5C PMIC@50C
1791262006.588211 10-06-2026 13:46:46 RAM 3516/6833MB (lfb 49x4MB) SWAP 79/3417MB (cached 1MB) CPU [19%@1190,15%@1420,14%@1420,5%@1420,4%@1420,0%@1420] EMC_FREQ 0% GR3D_FREQ 0% AUX@44.5C CPU@45.5C thermal@44.95C AO@44.5C GPU@44.5C PMIC@50C
1791262006.791607 10-06-2026 13:46:46 RAM 3528/6833MB (lfb 49x4MB) SWAP 79/3417MB (cached 1MB) CPU [5%@1190,20%@1420,10%@1420,0%@1420,5%@1420,13%@1420] EMC_FREQ 0% GR3D_FREQ 0% AUX@44.5C CPU@45.5C thermal@44.95C AO@44.5C GPU@44.5C PMIC@50C
1791262006.995331 10-06-2026 13:46:46 RAM 3537/6833MB (lfb 49x4MB) SWAP 79/3417MB (cached 1MB) CPU [15%@1420,15%@1420,14%@1420,9%@1420,0%@1420,5%@1420] EMC_FREQ 0% GR3D_FREQ 0% AUX@44.5C CPU@45.5C thermal@44.8C AO@44.5C GPU@44.5C PMIC@50C
1791262007.198998 10-06-2026 13:46:47 RAM 3549/6833MB (lfb 49x4MB) SWAP 79/3417MB (cached 1MB) CPU [20%@1190,14%@1420,14%@1420,0%@1420,5%@1420,5%@1420] EMC_FREQ 0% GR3D_FREQ 0% AUX@44.5C CPU@45.5C thermal@44.8C AO@44.5C GPU@44.5C PMIC@50C
1791262007.402398 10-06-2026 13:46:47 RAM 3560/6833MB (lfb 49x4MB) SWAP 79/3417MB (cached 1MB) CPU [22%@1190,14%@1420,5%@1420,0%@1420,5%@1420,5%@1420] EMC_FREQ 0% GR3D_FREQ 0% AUX@44.5C CPU@45.5C thermal@44.8C AO@44.5C GPU@45C PMIC@50C
1791262007.606243 10-06-2026 13:46:47 RAM 3569/6833MB (lfb 49x4MB) SWAP 79/3417MB (cached 1MB) CPU [22%@1420,0%@1420,13%@1420,10%@1420,14%@1420,0%@1420] EMC_FREQ 0% GR3D_FREQ 0% AUX@44.5C CPU@45.5C thermal@44.8C AO@45C GPU@45C PMIC@50C
1791262007.809908 10-06-2026 13:46:47 RAM 3586/6833MB (lfb 49x4MB) SWAP 79/3417MB (cached 1MB) CPU [9%@1190,20%@1190,0%@1190,5%@1190,5%@1190,10%@1190] EMC_FREQ 0% GR3D_FREQ 0% AUX@44.5C CPU@45.5C thermal@44.8C AO@45C GPU@45C PMIC@50C
1791262008.013497 10-06-2026 13:46:48 RAM 3602/6833MB (lfb 49x4MB) SWAP 79/3417MB (cached 1MB) CPU [5%@1190,14%@1420,13%@1420,9%@1420,5%@1420,13%@1420] EMC_FREQ 0% GR3D_FREQ 0% AUX@44.5C CPU@45.5C thermal@44.95C AO@44.5C GPU@45C PMIC@50C
1791262008.217998 10-06-2026 13:46:48 RAM 3618/6833MB (lfb 49x4MB) SWAP 79/3417MB (cached 1MB) CPU [15%@1190,10%@1190,9%@1190,0%@1190,0%@1190,0%@1190] EMC_FREQ 0% GR3D_FREQ 0% AUX@44.5C CPU@45.5C thermal@44.95C AO@45C GPU@45C PMIC@50C
1791262008.421922 10-06-2026 13:46:48 RAM 3634/6833MB (lfb 49x4MB) SWAP 79/3417MB (cached 1MB) CPU [10%@1190,10%@1420,5%@1420,14%@1420,0%@1420,5%@1420] EMC_FREQ 0% GR3D_FREQ 0% AUX@45C CPU@45.5C thermal@44.95C AO@45C GPU@44.5C PMIC@50C
1791262008.626148 10-06-2026 13:46:48 RAM 3650/6833MB (lfb 44x4MB) SWAP 79/3417MB (cached 1MB) CPU [15%@1420,14%@1420,5%@1420,4%@1420,5%@1420,5%@1420] EMC_FREQ 0% GR3D_FREQ 0% AUX@44.5C CPU@45.5C thermal@44.95C AO@45C GPU@45C PMIC@50C
1791262008.829801 10-06-2026 13:46:48 RAM 3665/6833MB (lfb 37x4MB) SWAP 79/3417MB (cached 1MB) CPU [15%@1190,10%@1190,9%@1190,0%@1190,9%@1190,5%@1190] EMC_FREQ 0% GR3D_FREQ 0% AUX@44.5C CPU@45.5C thermal@44.95C AO@45C GPU@45C PMIC@50C
1791262009.034372 10-06-2026 13:46:49 RAM 3675/6833MB (lfb 33x4MB) SWAP 79/3417MB (cached 1MB) CPU [39%@1420,23%@1420,4%@1420,4%@1420,4%@1420,4%@1420] EMC_FREQ 0% GR3D_FREQ 76% AUX@44.5C CPU@45.5C thermal@44.95C AO@45C GPU@45C PMIC@50C
1791262009.238191 10-06-2026 13:46:49 RAM 3675/6833MB (lfb 33x4MB) SWAP 79/3417MB (cached 1MB) CPU [6%@1420,73%@1420,5%@1420,5%@1420,4%@1420,5%@1420] EMC_FREQ 0% GR3D_FREQ 57% AUX@44.5C CPU@45.5C thermal@45.15C AO@45C GPU@45C PMIC@50C
1791262009.441510 10-06-2026 13:46:49 RAM 3675/6833MB (lfb 33x4MB) SWAP 79/3417MB (cached 1MB) CPU [5%@1420,85%@1420,10%@1420,9%@1420,0%@1420,4%@1420] EMC_FREQ 0% GR3D_FREQ 0% AUX@44.5C CPU@45.5C thermal@45.15C AO@45C GPU@45C PMIC@50C
1791262009.645037 10-06-2026 13:46:49 RAM 3372/6833MB (lfb 34x4MB) SWAP 79/3417MB (cached 1MB) CPU [9%@1420,100%@1420,5%@1420,5%@1420,4%@1420,5%@1420] EMC_FREQ 0% GR3D_FREQ 0% AUX@44.5C CPU@46C thermal@45.15C AO@45C GPU@45C PMIC@50C
1791262009.848687 10-06-2026 13:46:49 RAM 3370/6833MB (lfb 34x4MB) SWAP 79/3417MB (cached 1MB) CPU [50%@1420,94%@1420,28%@1420,10%@1420,5%@1420,0%@1420] EMC_FREQ 0% GR3D_FREQ 0% AUX@44.5C CPU@45.5C thermal@45.15C AO@45C GPU@45C PMIC@50C
1791262010.052591 10-06-2026 13:46:50 RAM 3371/6833MB (lfb 34x4MB) SWAP 79/3417MB (cached 1MB) CPU [5%@1190,5%@1190,5%@1190,19%@1190,4%@1190,9%@1190] EMC_FREQ 0% GR3D_FREQ 0% AUX@45C CPU@45.5C thermal@45.15C AO@45C GPU@45C PMIC@50C
1791262010.255871 10-06-2026 13:46:50 RAM 3376/6833MB (lfb 34x4MB) SWAP 79/3417MB (cached 1MB) CPU [0%@1420,90%@1420,9%@1420,14%@1420,0%@1420,0%@1420] EMC_FREQ 0% GR3D_FREQ 0% AUX@44.5C CPU@46C thermal@45.15C AO@45C GPU@45C PMIC@50C
1791262010.459416 10-06-2026 13:46:50 RAM 3376/6833MB (lfb 34x4MB) SWAP 79/3417MB (cached 1MB) CPU [5%@1420,95%@1420,5%@1420,19%@1420,0%@1420,9%@1420] EMC_FREQ 0% GR3D_FREQ 0% AUX@44.5C CPU@46C thermal@45.15C AO@45C GPU@45C PMIC@50C
1791262010.663186 10-06-2026 13:46:50 RAM 3375/6833MB (lfb 34x4MB) SWAP 79/3417MB (cached 1MB) CPU [13%@1420,90%@1420,5%@1420,5%@1420,5%@1420,0%@1420] EMC_FREQ 0% GR3D_FREQ 0% AUX@45C CPU@46C thermal@45.15C AO@45C GPU@45C PMIC@50C
1791262010.867604 10-06-2026 13:46:50 RAM 3375/6833MB (lfb 34x4MB) SWAP 79/3417MB (cached 1MB) CPU [5%@1420,80%@1420,5%@1420,13%@1420,4%@1420,4%@1420] EMC_FREQ 0% GR3D_FREQ 0% AUX@45C CPU@45.5C thermal@45.15C AO@45C GPU@45C PMIC@50C
1791262011.071083 10-06-2026 13:46:51 RAM 3376/6833MB (lfb 34x4MB) SWAP 79/3417MB (cached 1MB) CPU [5%@1420,90%@1420,13%@1420,0%@1420,5%@1420,9%@1420] EMC_FREQ 0% GR3D_FREQ 0% AUX@45C CPU@45.5C thermal@45.15C AO@45.5C GPU@45C PMIC@50C
1791262011.275240 10-06-2026 13:46:51 RAM 3374/6833MB (lfb 34x4MB) SWAP 79/3417MB (cached 1MB) CPU [13%@1420,94%@1420,10%@1420,10%@1420,9%@1420,9%@1420] EMC_FREQ 0% GR3D_FREQ 0% AUX@45C CPU@46C thermal@45.15C AO@45C GPU@45.5C PMIC@50C
1791262011.478603 10-06-2026 13:46:51 RAM 3374/6833MB (lfb 34x4MB) SWAP 79/3417MB (cached 1MB) CPU [0%@1420,95%@1420,4%@1420,5%@1420,9%@1420,0%@1420] EMC_FREQ 0% GR3D_FREQ 0% AUX@45C CPU@46C thermal@45.45C AO@45C GPU@45C PMIC@50C
1791262011.682105 10-06-2026 13:46:51 RAM 3374/6833MB (lfb 34x4MB) SWAP 79/3417MB (cached 1MB) CPU [10%@1190,40%@1420,0%@1420,5%@1420,10%@1420,5%@1420] EMC_FREQ 0% GR3D_FREQ 0% AUX@45C CPU@45.5C thermal@45.45C AO@45C GPU@45C PMIC@50C
1791262011.885443 10-06-2026 13:46:51 RAM 3709/6833MB (lfb 5x4MB) SWAP 79/3417MB (cached 1MB) CPU [15%@1420,57%@1420,5%@1420,5%@1420,0%@1420,14%@1420] EMC_FREQ 0% GR3D_FREQ 0% AUX@45C CPU@46C thermal@45.45C AO@45C GPU@45C PMIC@50C
1791262012.089664 10-06-2026 13:46:52 RAM 3765/6833MB (lfb 1x1MB) SWAP 79/3417MB (cached 1MB) CPU [13%@1420,100%@1420,5%@1420,0%@1420,28%@1420,5%@1420] EMC_FREQ 0% GR3D_FREQ 0% AUX@45C CPU@46C thermal@45.45C AO@45C GPU@45C PMIC@50C
1791262012.293777 10-06-2026 13:46:52 RAM 3796/6833MB (lfb 1x1MB) SWAP 79/3417MB (cached 1MB) CPU [100%@1420,4%@1420,14%@1420,14%@1420,25%@1420,25%@1420] EMC_FREQ 0% GR3D_FREQ 0% AUX@45C CPU@46C thermal@45.45C AO@45C GPU@45.5C PMIC@50C
1791262012.497601 10-06-2026 13:46:52 RAM 3801/6833MB (lfb 21x1MB) SWAP 79/3417MB (cached 1MB) CPU [100%@1420,0%@1420,9%@1420,14%@1420,20%@1420,25%@1420] EMC_FREQ 0% GR3D_FREQ 0% AUX@45C CPU@46C thermal@45.3C AO@45C GPU@45C PMIC@50C
1791262012.701691 10-06-2026 13:46:52 RAM 3778/6833MB (lfb 82x1MB) SWAP 79/3417MB (cached 1MB) CPU [100%@1420,0%@1420,0%@1420,15%@1420,47%@1420,0%@1420] EMC_FREQ 0% GR3D_FREQ 0% AUX@45C CPU@46C thermal@45.3C AO@45C GPU@45.5C PMIC@50C
1791262012.905542 10-06-2026 13:46:52 RAM 3757/6833MB (lfb 145x1MB) SWAP 79/3417MB (cached 1MB) CPU [100%@1420,4%@1420,15%@1420,9%@1420,35%@1420,5%@1420] EMC_FREQ 0% GR3D_FREQ 0% AUX@45C CPU@46C thermal@45.3C AO@45C GPU@45C PMIC@50C
1791262013.109211 10-06-2026 13:46:53 RAM 3776/6833MB (lfb 144x1MB) SWAP 79/3417MB (cached 1MB) CPU [100%@1420,5%@1420,9%@1420,5%@1420,35%@1420,10%@1420] EMC_FREQ 0% GR3D_FREQ 0% AUX@45C CPU@46C thermal@45.3C AO@45.5C GPU@45C PMIC@50C
1791262013.313158 10-06-2026 13:46:53 RAM 3816/6833MB (lfb 135x1MB) SWAP 79/3417MB (cached 1MB) CPU [100%@1420,0%@1420,5%@1420,9%@1420,36%@1420,15%@1420] EMC_FREQ 0% GR3D_FREQ 0% AUX@45C CPU@46C thermal@45.3C AO@45C GPU@45C PMIC@50C
1791262013.517143 10-06-2026 13:46:53 RAM 3863/6833MB (lfb 131x1MB) SWAP 79/3417MB (cached 1MB) CPU [100%@1420,0%@1420,4%@1420,5%@1420,30%@1420,20%@1420] EMC_FREQ 0% GR3D_FREQ 0% AUX@45C CPU@46C thermal@45.3C AO@45.5C GPU@45.5C PMIC@50C
1791262013.720986 10-06-2026 13:46:53 RAM 3907/6833MB (lfb 126x1MB) SWAP 79/3417MB (cached 1MB) CPU [100%@1420,0%@1420,5%@1420,9%@1420,5%@1420,30%@1420] EMC_FREQ 0% GR3D_FREQ 0% AUX@45C CPU@46.5C thermal@45.45C AO@45.5C GPU@45.5C PMIC@50C
1791262013.924493 10-06-2026 13:46:53 RAM 3908/6833MB (lfb 126x1MB) SWAP 79/3417MB (cached 1MB) CPU [100%@1420,5%@1420,13%@1420,5%@1420,5%@1420,10%@1420] EMC_FREQ 0% GR3D_FREQ 0% AUX@45C CPU@46C thermal@45.45C AO@45C GPU@45.5C PMIC@50C
1791262014.127914 10-06-2026 13:46:54 RAM 3908/6833MB (lfb 126x1MB) SWAP 79/3417MB (cached 1MB) CPU [100%@1420,0%@1420,0%@1420,14%@1420,9%@1420,63%@1420] EMC_FREQ 0% GR3D_FREQ 0% AUX@45C CPU@46.5C thermal@45.45C AO@45.5C GPU@45.5C PMIC@50C
1791262014.331266 10-06-2026 13:46:54 RAM 3908/6833MB (lfb 126x1MB) SWAP 79/3417MB (cached 1MB) CPU [100%@1420,9%@1420,10%@1420,13%@1420,0%@1420,10%@1420] EMC_FREQ 0% GR3D_FREQ 0% AUX@45C CPU@46.5C thermal@45.45C AO@45.5C GPU@45.5C PMIC@50C
1791262014.535200 10-06-2026 13:46:54 RAM 3908/6833MB (lfb 126x1MB) SWAP 79/3417MB (cached 1MB) CPU [100%@1420,0%@1420,17%@1420,5%@1420,4%@1420,0%@1420] EMC_FREQ 0% GR3D_FREQ 0% AUX@45C CPU@46.5C thermal@45.45C AO@45.5C GPU@45.5C PMIC@50C
1791262014.738724 10-06-2026 13:46:54 RAM 3908/6833MB (lfb 126x1MB) SWAP 79/3417MB (cached 1MB) CPU [100%@1420,0%@1420,0%@1420,5%@1420,5%@1420,4%@1420] EMC_FREQ 0% GR3D_FREQ 0% AUX@45C CPU@46C thermal@45.6C AO@45.5C GPU@45.5C PMIC@50C
1791262014.941974 10-06-2026 13:46:54 RAM 3751/6833MB (lfb 1x4MB) SWAP 79/3417MB (cached 1MB) CPU [100%@1420,9%@1420,0%@1420,5%@1420,10%@1420,4%@1420] EMC_FREQ 0% GR3D_FREQ 0% AUX@45C CPU@46C thermal@45.6C AO@45.5C GPU@45.5C PMIC@50C
1791262015.146194 10-06-2026 13:46:55 RAM 2905/6833MB (lfb 50x4MB) SWAP 79/3417MB (cached 1MB) CPU [100%@1420,0%@1420,9%@1420,9%@1420,0%@1420,0%@1420] EMC_FREQ 0% GR3D_FREQ 0% AUX@45C CPU@46.5C thermal@45.6C AO@45C GPU@45.5C PMIC@50C
1791262015.349709 10-06-2026 13:46:55 RAM 2904/6833MB (lfb 50x4MB) SWAP 79/3417MB (cached 1MB) CPU [14%@1420,61%@1420,10%@1420,0%@1420,0%@1420,100%@1420] EMC_FREQ 0% GR3D_FREQ 0% AUX@45C CPU@46.5C thermal@45.6C AO@45.5C GPU@45.5C PMIC@50C
1791262015.553636 10-06-2026 13:46:55 RAM 2904/6833MB (lfb 50x4MB) SWAP 79/3417MB (cached 1MB) CPU [0%@1420,5%@1420,5%@1420,9%@1420,9%@1420,100%@1420] EMC_FREQ 0% GR3D_FREQ 0% AUX@45C CPU@46.5C thermal@45.6C AO@45.5C GPU@45.5C PMIC@50C
1791262015.757093 10-06-2026 13:46:55 RAM 2906/6833MB (lfb 50x4MB) SWAP 79/3417MB (cached 1MB) CPU [4%@1420,9%@1420,0%@1420,5%@1420,5%@1420,100%@1420] EMC_FREQ 0% GR3D_FREQ 0% AUX@45C CPU@46.5C thermal@45.6C AO@45.5C GPU@45.5C PMIC@50C
1791262015.960487 10-06-2026 13:46:55 RAM 2932/6833MB (lfb 50x4MB) SWAP 79/3417MB (cached 1MB) CPU [9%@1420,18%@1420,0%@1420,4%@1420,5%@1420,100%@1420] EMC_FREQ 0% GR3D_FREQ 0% AUX@45.5C CPU@46.5C thermal@45.6C AO@45.5C GPU@45.5C PMIC@50C
1791262016.163917 10-06-2026 13:46:56 RAM 2964/6833MB (lfb 50x4MB) SWAP 79/3417MB (cached 1MB) CPU [5%@1420,0%@1420,4%@1420,5%@1420,0%@1420,100%@1420] EMC_FREQ 0% GR3D_FREQ 0% AUX@45C CPU@46.5C thermal@45.6C AO@45.5C GPU@45.5C PMIC@50C
1791262016.367162 10-06-2026 13:46:56 RAM 2994/6833MB (lfb 50x4MB) SWAP 79/3417MB (cached 1MB) CPU [14%@1420,9%@1420,5%@1420,9%@1420,0%@1420,100%@1420] EMC_FREQ 0% GR3D_FREQ 0% AUX@45C CPU@46.5C thermal@45.6C AO@45.5C GPU@45.5C PMIC@50C
1791262016.570723 10-06-2026 13:46:56 RAM 3026/6833MB (lfb 50x4MB) SWAP 79/3417MB (cached 1MB) CPU [14%@1420,5%@1420,5%@1420,5%@1420,4%@1420,100%@1420] EMC_FREQ 0% GR3D_FREQ 0% AUX@45C CPU@46.5C thermal@45.6C AO@45.5C GPU@45.5C PMIC@50C
1791262016.774264 10-06-2026 13:46:56 RAM 3056/6833MB (lfb 50x4MB) SWAP 79/3417MB (cached 1MB) CPU [10%@1420,9%@1420,5%@1420,9%@1420,4%@1420,100%@1420] EMC_FREQ 0% GR3D_FREQ 0% AUX@45.5C CPU@46.5C thermal@45.6C AO@45.5C GPU@45.5C PMIC@50C
1791262016.977702 10-06-2026 13:46:56 RAM 3086/6833MB (lfb 50x4MB) SWAP 79/3417MB (cached 1MB) CPU [5%@1420,5%@1420,5%@1420,5%@1420,0%@1420,100%@1420] EMC_FREQ 0% GR3D_FREQ 0% AUX@45.5C CPU@46.5C thermal@45.8C AO@45.5C GPU@45.5C PMIC@50C
1791262017.181063 10-06-2026 13:46:57 RAM 3116/6833MB (lfb 50x4MB) SWAP 79/3417MB (cached 1MB) CPU [5%@1420,10%@1420,0%@1420,0%@1420,0%@1420,100%@1420] EMC_FREQ 0% GR3D_FREQ 0% AUX@45C CPU@46.5C thermal@45.8C AO@45.5C GPU@45.5C PMIC@50C
1791262017.384412 10-06-2026 13:46:57 RAM 3144/6833MB (lfb 46x4MB) SWAP 79/3417MB (cached 1MB) CPU [9%@1420,14%@1420,9%@1420,0%@1420,4%@1420,100%@1420] EMC_FREQ 0% GR3D_FREQ 0% AUX@45.5C CPU@46.5C thermal@45.8C AO@45.5C GPU@45.5C PMIC@50C
1791262017.587768 10-06-2026 13:46:57 RAM 3170/6833MB (lfb 43x4MB) SWAP 79/3417MB (cached 1MB) CPU [0%@1420,10%@1420,4%@1420,5%@1420,0%@1420,100%@1420] EMC_FREQ 0% GR3D_FREQ 0% AUX@45.5C CPU@46.5C thermal@45.8C AO@45.5C GPU@45.5C PMIC@50C
1791262017.791159 10-06-2026 13:46:57 RAM 3199/6833MB (lfb 40x4MB) SWAP 79/3417MB (cached 1MB) CPU [5%@1420,14%@1420,5%@1420,5%@1420,0%@1420,100%@1420] EMC_FREQ 0% GR3D_FREQ 0% AUX@45C CPU@46.5C thermal@45.8C AO@45.5C GPU@45.5C PMIC@50C
1791262017.994872 10-06-2026 13:46:57 RAM 3225/6833MB (lfb 38x4MB) SWAP 79/3417MB (cached 1MB) CPU [5%@1420,10%@1420,5%@1420,0%@1420,5%@1420,100%@1420] EMC_FREQ 0% GR3D_FREQ 0% AUX@45.5C CPU@46.5C thermal@45.8C AO@45.5C GPU@45.5C PMIC@50C
1791262018.198522 10-06-2026 13:46:58 RAM 3253/6833MB (lfb 36x4MB) SWAP 79/3417MB (cached 1MB) CPU [10%@1420,9%@1420,0%@1420,5%@1420,0%@1420,100%@1420] EMC_FREQ 0% GR3D_FREQ 0% AUX@45.5C CPU@46.5C thermal@45.6C AO@45.5C GPU@45.5C PMIC@50C
1791262018.402254 10-06-2026 13:46:58 RAM 3280/6833MB (lfb 34x4MB) SWAP 79/3417MB (cached 1MB) CPU [10%@1420,5%@1420,17%@1420,9%@1420,4%@1420,100%@1420] EMC_FREQ 0% GR3D_FREQ 0% AUX@45.5C CPU@46.5C thermal@45.6C AO@45.5C GPU@45.5C PMIC@50C
1791262018.606097 10-06-2026 13:46:58 RAM 3378/6833MB (lfb 34x4MB) SWAP 79/3417MB (cached 1MB) CPU [4%@1420,10%@1420,5%@1420,5%@1420,0%@1420,100%@1420] EMC_FREQ 0% GR3D_FREQ 0% AUX@45C CPU@46.5C thermal@45.6C AO@45.5C GPU@45.5C PMIC@50C
1791262018.809869 10-06-2026 13:46:58 RAM 3380/6833MB (lfb 34x4MB) SWAP 79/3417MB (cached 1MB) CPU [14%@1420,14%@1420,5%@1420,0%@1420,0%@1420,100%@1420] EMC_FREQ 0% GR3D_FREQ 0% AUX@45.5C CPU@46.5C thermal@45.6C AO@46C GPU@45.5C PMIC@50C
1791262019.013486 10-06-2026 13:46:59 RAM 3380/6833MB (lfb 34x4MB) SWAP 79/3417MB (cached 1MB) CPU [5%@1420,9%@1420,9%@1420,4%@1420,9%@1420,100%@1420] EMC_FREQ 0% GR3D_FREQ 0% AUX@45.5C CPU@46.5C thermal@45.6C AO@45.5C GPU@45.5C PMIC@50C
1791262019.217127 10-06-2026 13:46:59 RAM 3380/6833MB (lfb 34x4MB) SWAP 79/3417MB (cached 1MB) CPU [70%@1420,5%@1420,5%@1420,5%@1420,4%@1420,100%@1420] EMC_FREQ 0% GR3D_FREQ 0% AUX@45.5C CPU@46.5C thermal@45.8C AO@45.5C GPU@45.5C PMIC@50C
1791262019.420890 10-06-2026 13:46:59 RAM 3380/6833MB (lfb 34x4MB) SWAP 79/3417MB (cached 1MB) CPU [4%@1420,9%@1420,10%@1420,5%@1420,5%@1420,100%@1420] EMC_FREQ 0% GR3D_FREQ 0% AUX@45.5C CPU@46.5C thermal@45.8C AO@46C GPU@45.5C PMIC@50C
1791262019.624459 10-06-2026 13:46:59 RAM 3380/6833MB (lfb 34x4MB) SWAP 79/3417MB (cached 1MB) CPU [0%@1420,5%@1420,5%@1420,5%@1420,0%@1420,100%@1420] EMC_FREQ 0% GR3D_FREQ 0% AUX@45.5C CPU@46.5C thermal@45.8C AO@46C GPU@45.5C PMIC@50C
1791262019.828120 10-06-2026 13:46:59 RAM 3380/6833MB (lfb 34x4MB) SWAP 79/3417MB (cached 1MB) CPU [9%@1420,9%@1420,0%@1420,9%@1420,0%@1420,100%@1420] EMC_FREQ 0% GR3D_FREQ 0% AUX@45.5C CPU@46.5C thermal@45.8C AO@45.5C GPU@45.5C PMIC@50C
1791262020.031868 10-06-2026 13:47:00 RAM 3380/6833MB (lfb 34x4MB) SWAP 79/3417MB (cached 1MB) CPU [9%@1420,10%@1420,0%@1420,0%@1420,4%@1420,100%@1420] EMC_FREQ 0% GR3D_FREQ 0% AUX@45.5C CPU@46.5C thermal@45.8C AO@46C GPU@45.5C PMIC@50C
1791262020.235415 10-06-2026 13:47:00 RAM 3380/6833MB (lfb 34x4MB) SWAP 79/3417MB (cached 1MB) CPU [15%@1420,9%@1420,5%@1420,0%@1420,4%@1420,100%@1420] EMC_FREQ 0% GR3D_FREQ 0% AUX@45.5C CPU@46.5C thermal@45.8C AO@45.5C GPU@45.5C PMIC@50C
1791262020.439207 10-06-2026 13:47:00 RAM 3380/6833MB (lfb 34x4MB) SWAP 79/3417MB (cached 1MB) CPU [10%@1420,65%@1420,9%@1420,14%@1420,0%@1420,100%@1420] EMC_FREQ 0% GR3D_FREQ 0% AUX@45.5C CPU@46.5C thermal@45.95C AO@46C GPU@46C PMIC@50C
1791262020.642978 10-06-2026 13:47:00 RAM 3380/6833MB (lfb 34x4MB) SWAP 79/3417MB (cached 1MB) CPU [9%@1420,0%@1420,0%@1420,9%@1420,0%@1420,100%@1420] EMC_FREQ 0% GR3D_FREQ 0% AUX@45.5C CPU@46.5C thermal@45.95C AO@45.5C GPU@45.5C PMIC@50C
1791262020.846679 10-06-2026 13:47:00 RAM 3380/6833MB (lfb 34x4MB) SWAP 79/3417MB (cached 1MB) CPU [18%@1420,0%@1420,0%@1420,4%@1420,0%@1420,100%@1420] EMC_FREQ 0% GR3D_FREQ 0% AUX@45.5C CPU@46.5C thermal@45.95C AO@45.5C GPU@45.5C PMIC@50C
1791262021.050384 10-06-2026 13:47:01 RAM 3380/6833MB (lfb 34x4MB) SWAP 79/3417MB (cached 1MB) CPU [15%@1420,9%@1420,5%@1420,5%@1420,4%@1420,100%@1420] EMC_FREQ 0% GR3D_FREQ 0% AUX@45.5C CPU@46.5C thermal@45.95C AO@46C GPU@45.5C PMIC@50C
1791262021.254880 10-06-2026 13:47:01 RAM 3381/6833MB (lfb 34x4MB) SWAP 79/3417MB (cached 1MB) CPU [30%@1420,22%@1420,28%@1420,33%@1420,21%@1420,90%@1420] EMC_FREQ 0% GR3D_FREQ 0% AUX@45.5C CPU@47C thermal@45.95C AO@46C GPU@45.5C PMIC@50C
1791262021.458513 10-06-2026 13:47:01 RAM 2905/6833MB (lfb 51x4MB) SWAP 79/3417MB (cached 1MB) CPU [10%@1420,22%@1420,15%@1420,10%@1420,9%@1420,100%@1420] EMC_FREQ 0% GR3D_FREQ 0% AUX@45.5C CPU@46.5C thermal@45.95C AO@46C GPU@46C PMIC@50C
1791262021.663976 10-06-2026 13:47:01 RAM 2903/6833MB (lfb 51x4MB) SWAP 79/3417MB (cached 1MB) CPU [10%@1420,0%@1420,5%@1420,5%@1420,0%@1420,100%@1420] EMC_FREQ 0% GR3D_FREQ 0% AUX@45.5C CPU@46.5C thermal@45.95C AO@45.5C GPU@46C PMIC@50C
1791262021.865690 10-06-2026 13:47:01 RAM 2902/6833MB (lfb 51x4MB) SWAP 79/3417MB (cached 1MB) CPU [13%@1420,9%@1420,9%@1420,9%@1420,18%@1420,40%@1420] EMC_FREQ 0% GR3D_FREQ 2% AUX@45.5C CPU@46.5C thermal@45.95C AO@46C GPU@46C PMIC@50C
1791262022.069538 10-06-2026 13:47:02 RAM 2903/6833MB (lfb 51x4MB) SWAP 79/3417MB (cached 1MB) CPU [0%@1420,14%@1420,5%@1420,5%@1420,10%@1420,63%@1420] EMC_FREQ 0% GR3D_FREQ 0% AUX@45.5C CPU@46.5C thermal@45.95C AO@46C GPU@46C PMIC@50C
1791262022.272446 10-06-2026 13:47:02 RAM 2903/6833MB (lfb 51x4MB) SWAP 79/3417MB (cached 1MB) CPU [5%@1420,70%@1420,9%@1420,9%@1420,4%@1420,20%@1420] EMC_FREQ 0% GR3D_FREQ 0% AUX@45.5C CPU@46.5C thermal@45.95C AO@46C GPU@46C PMIC@50C
1791262022.475727 10-06-2026 13:47:02 RAM 2902/6833MB (lfb 51x4MB) SWAP 79/3417MB (cached 1MB) CPU [40%@1420,28%@1420,9%@1420,15%@1420,0%@1420,4%@1420] EMC_FREQ 0% GR3D_FREQ 0% AUX@45.5C CPU@46.5C thermal@45.95C AO@46C GPU@46C PMIC@50C
1791262022.679579 10-06-2026 13:47:02 RAM 2902/6833MB (lfb 51x4MB) SWAP 79/3417MB (cached 1MB) CPU [61%@1267,23%@1267,5%@1267,19%@1267,0%@1267,9%@1267] EMC_FREQ 0% GR3D_FREQ 7% AUX@45.5C CPU@46.5C thermal@45.95C AO@46C GPU@46C PMIC@50C
1791262022.883323 10-06-2026 13:47:02 RAM 2902/6833MB (lfb 51x4MB) SWAP 79/3417MB (cached 1MB) CPU [5%@1190,68%@1420,10%@1420,14%@1420,4%@1420,5%@1420] EMC_FREQ 0% GR3D_FREQ 0% AUX@45.5C CPU@46.5C thermal@45.95C AO@46C GPU@46C PMIC@50C
1791262023.086543 10-06-2026 13:47:03 RAM 2902/6833MB (lfb 51x4MB) SWAP 79/3417MB (cached 1MB) CPU [0%@1420,95%@1420,5%@1420,5%@1420,0%@1420,9%@1420] EMC_FREQ 0% GR3D_FREQ 0% AUX@45.5C CPU@46.5C thermal@45.95C AO@46C GPU@46C PMIC@50C
1791262023.290221 10-06-2026 13:47:03 RAM 2902/6833MB (lfb 51x4MB) SWAP 79/3417MB (cached 1MB) CPU [23%@1420,68%@1420,5%@1420,5%@1420,5%@1420,0%@1420] EMC_FREQ 0% GR3D_FREQ 0% AUX@45.5C CPU@46.5C thermal@45.95C AO@46C GPU@46C PMIC@50C
1791262023.493618 10-06-2026 13:47:03 RAM 2902/6833MB (lfb 51x4MB) SWAP 79/3417MB (cached 1MB) CPU [66%@1420,19%@1420,0%@1420,20%@1420,4%@1420,0%@1420] EMC_FREQ 0% GR3D_FREQ 0% AUX@45.5C CPU@46.5C thermal@45.95C AO@46C GPU@46C PMIC@50C
1791262023.696891 10-06-2026 13:47:03 RAM 2902/6833MB (lfb 51x4MB) SWAP 79/3417MB (cached 1MB) CPU [21%@1420,47%@1420,15%@1420,5%@1420,0%@1420,5%@1420] EMC_FREQ 0% GR3D_FREQ 0% AUX@45.5C CPU@46.5C thermal@46.1C AO@46C GPU@46C PMIC@50C
1791262023.900391 10-06-2026 13:47:03 RAM 2902/6833MB (lfb 51x4MB) SWAP 79/3417MB (cached 1MB) CPU [54%@1420,50%@1420,5%@1420,13%@1420,5%@1420,5%@1420] EMC_FREQ 0% GR3D_FREQ 29% AUX@46C CPU@47C thermal@46.1C AO@46C GPU@46C PMIC@50C
1791262024.104983 10-06-2026 13:47:04 RAM 2902/6833MB (lfb 51x4MB) SWAP 79/3417MB (cached 1MB) CPU [84%@1420,5%@1420,5%@1420,5%@1420,5%@1420,9%@1420] EMC_FREQ 0% GR3D_FREQ 7% AUX@45.5C CPU@47C thermal@46.1C AO@46C GPU@46C PMIC@50C
1791262024.308342 10-06-2026 13:47:04 RAM 2902/6833MB (lfb 51x4MB) SWAP 79/3417MB (cached 1MB) CPU [85%@1420,4%@1420,9%@1420,10%@1420,9%@1420,9%@1420] EMC_FREQ 0% GR3D_FREQ 0% AUX@45.5C CPU@46.5C thermal@46.1C AO@46C GPU@46C PMIC@50C
1791262024.512584 10-06-2026 13:47:04 RAM 2903/6833MB (lfb 51x4MB) SWAP 79/3417MB (cached 1MB) CPU [75%@1420,0%@1420,9%@1420,5%@1420,5%@1420,13%@1420] EMC_FREQ 0% GR3D_FREQ 0% AUX@45.5C CPU@47C thermal@46.1C AO@46C GPU@46C PMIC@50C
1791262024.716823 10-06-2026 13:47:04 RAM 2902/6833MB (lfb 51x4MB) SWAP 79/3417MB (cached 1MB) CPU [9%@1420,90%@1420,0%@1420,9%@1420,0%@1420,10%@1420] EMC_FREQ 0% GR3D_FREQ 0% AUX@45.5C CPU@47C thermal@46.1C AO@46C GPU@46C PMIC@50C
1791262024.920060 10-06-2026 13:47:04 RAM 2902/6833MB (lfb 51x4MB) SWAP 79/3417MB (cached 1MB) CPU [61%@1420,31%@1420,13%@1420,9%@1420,9%@1420,5%@1420] EMC_FREQ 0% GR3D_FREQ 0% AUX@45.5C CPU@47C thermal@46.1C AO@46C GPU@46C PMIC@50C
1791262025.123681 10-06-2026 13:47:05 RAM 2903/6833MB (lfb 51x4MB) SWAP 79/3417MB (cached 1MB) CPU [50%@1267,15%@1267,0%@1267,9%@1267,5%@1267,5%@1267] EMC_FREQ 0% GR3D_FREQ 7% AUX@46C CPU@47C thermal@46.1C AO@46C GPU@46C PMIC@50C
1791262025.327066 10-06-2026 13:47:05 RAM 2902/6833MB (lfb 51x4MB) SWAP 79/3417MB (cached 1MB) CPU [76%@1420,5%@1420,14%@1420,5%@1420,17%@1420,13%@1420] EMC_FREQ 0% GR3D_FREQ 14% AUX@46C CPU@47C thermal@46.1C AO@46C GPU@46.5C PMIC@50C
1791262025.530406 10-06-2026 13:47:05 RAM 2902/6833MB (lfb 51x4MB) SWAP 79/3417MB (cached 1MB) CPU [10%@1420,71%@1420,4%@1420,10%@1420,0%@1420,0%@1420] EMC_FREQ 0% GR3D_FREQ 7% AUX@46C CPU@47C thermal@46.1C AO@46C GPU@46C PMIC@50C
1791262025.733735 10-06-2026 13:47:05 RAM 3071/6833MB (lfb 51x4MB) SWAP 79/3417MB (cached 1MB) CPU [61%@1420,15%@1420,5%@1420,5%@1420,9%@1420,10%@1420] EMC_FREQ 0% GR3D_FREQ 0% AUX@45.5C CPU@47C thermal@46.1C AO@46C GPU@46C PMIC@50C
1791262025.937519 10-06-2026 13:47:05 RAM 3071/6833MB (lfb 51x4MB) SWAP 79/3417MB (cached 1MB) CPU [59%@1420,10%@1420,5%@1420,18%@1420,0%@1420,0%@1420] EMC_FREQ 0% GR3D_FREQ 0% AUX@46C CPU@47C thermal@46.3C AO@46C GPU@46C PMIC@50C
1791262026.140838 10-06-2026 13:47:06 RAM 3071/6833MB (lfb 51x4MB) SWAP 79/3417MB (cached 1MB) CPU [0%@1420,95%@1420,14%@1420,0%@1420,0%@1420,4%@1420] EMC_FREQ 0% GR3D_FREQ 0% AUX@46C CPU@47C thermal@46.3C AO@46C GPU@46C PMIC@50C
1791262026.344038 10-06-2026 13:47:06 RAM 3071/6833MB (lfb 51x4MB) SWAP 79/3417MB (cached 1MB) CPU [52%@1420,42%@1420,10%@1420,4%@1420,9%@1420,9%@1420] EMC_FREQ 0% GR3D_FREQ 0% AUX@46C CPU@47C thermal@46.3C AO@46C GPU@46C PMIC@50C
1791262026.547214 10-06-2026 13:47:06 RAM 3071/6833MB (lfb 51x4MB) SWAP 79/3417MB (cached 1MB) CPU [95%@1420,0%@1420,5%@1420,9%@1420,5%@1420,0%@1420] EMC_FREQ 0% GR3D_FREQ 0% AUX@46C CPU@47C thermal@46.3C AO@46C GPU@46C PMIC@50C
1791262026.751401 10-06-2026 13:47:06 RAM 3220/6833MB (lfb 51x4MB) SWAP 79/3417MB (cached 1MB) CPU [45%@1190,36%@1190,9%@1190,5%@1190,5%@1190,4%@1190] EMC_FREQ 0% GR3D_FREQ 77% AUX@46C CPU@47C thermal@46.3C AO@46C GPU@46C PMIC@50C
1791262026.955978 10-06-2026 13:47:06 RAM 3385/6833MB (lfb 34x4MB) SWAP 79/3417MB (cached 1MB) CPU [0%@1190,40%@1190,10%@1190,9%@1190,9%@1190,0%@1190] EMC_FREQ 0% GR3D_FREQ 78% AUX@46C CPU@47C thermal@46.3C AO@46C GPU@46C PMIC@50C
1791262027.159475 10-06-2026 13:47:07 RAM 3385/6833MB (lfb 34x4MB) SWAP 79/3417MB (cached 1MB) CPU [5%@1420,65%@1420,5%@1420,10%@1420,5%@1420,9%@1420] EMC_FREQ 0% GR3D_FREQ 0% AUX@46C CPU@47C thermal@46.3C AO@46C GPU@46C PMIC@50C
1791262027.362715 10-06-2026 13:47:07 RAM 3263/6833MB (lfb 34x4MB) SWAP 79/3417MB (cached 1MB) CPU [85%@1420,15%@1420,5%@1420,15%@1420,9%@1420,0%@1420] EMC_FREQ 0% GR3D_FREQ 0% AUX@45.5C CPU@46.5C thermal@46.3C AO@46C GPU@46C PMIC@50C
1791262027.566294 10-06-2026 13:47:07 RAM 3262/6833MB (lfb 34x4MB) SWAP 79/3417MB (cached 1MB) CPU [100%@1420,13%@1420,10%@1420,60%@1420,9%@1420,10%@1420] EMC_FREQ 0% GR3D_FREQ 0% AUX@46C CPU@47C thermal@46.3C AO@46C GPU@46C PMIC@50C
1791262027.770353 10-06-2026 13:47:07 RAM 3262/6833MB (lfb 34x4MB) SWAP 79/3417MB (cached 1MB) CPU [47%@1420,42%@1420,5%@1420,5%@1420,0%@1420,9%@1420] EMC_FREQ 0% GR3D_FREQ 0% AUX@46C CPU@47C thermal@46.3C AO@46C GPU@46C PMIC@50C
1791262027.974138 10-06-2026 13:47:07 RAM 3262/6833MB (lfb 34x4MB) SWAP 79/3417MB (cached 1MB) CPU [0%@1420,100%@1420,10%@1420,10%@1420,5%@1420,0%@1420] EMC_FREQ 0% GR3D_FREQ 0% AUX@46C CPU@47C thermal@46.3C AO@46C GPU@46C PMIC@50C
1791262028.178574 10-06-2026 13:47:08 RAM 3262/6833MB (lfb 34x4MB) SWAP 79/3417MB (cached 1MB) CPU [4%@1420,94%@1420,9%@1420,0%@1420,5%@1420,0%@1420] EMC_FREQ 0% GR3D_FREQ 0% AUX@46C CPU@46.5C thermal@46.45C AO@46C GPU@46C PMIC@50C
1791262028.382232 10-06-2026 13:47:08 RAM 3273/6833MB (lfb 34x4MB) SWAP 79/3417MB (cached 1MB) CPU [15%@1420,57%@1420,10%@1420,9%@1420,5%@1420,14%@1420] EMC_FREQ 0% GR3D_FREQ 7% AUX@46C CPU@47C thermal@46.45C AO@46C GPU@46C PMIC@50C
1791262028.585663 10-06-2026 13:47:08 RAM 3280/6833MB (lfb 34x4MB) SWAP 79/3417MB (cached 1MB) CPU [0%@1420,80%@1420,10%@1420,5%@1420,9%@1420,0%@1420] EMC_FREQ 0% GR3D_FREQ 0% AUX@45.5C CPU@46.5C thermal@46.45C AO@46C GPU@46C PMIC@50C
1791262028.789191 10-06-2026 13:47:08 RAM 3282/6833MB (lfb 34x4MB) SWAP 79/3417MB (cached 1MB) CPU [14%@1420,76%@1420,13%@1420,13%@1420,5%@1420,4%@1420] EMC_FREQ 0% GR3D_FREQ 2% AUX@45.5C CPU@47C thermal@46.45C AO@46C GPU@46C PMIC@50C
1791262028.993130 10-06-2026 13:47:08 RAM 3288/6833MB (lfb 34x4MB) SWAP 79/3417MB (cached 1MB) CPU [80%@1420,5%@1420,14%@1420,0%@1420,9%@1420,5%@1420] EMC_FREQ 0% GR3D_FREQ 0% AUX@45.5C CPU@46.5C thermal@46.45C AO@46C GPU@46C PMIC@50C
1791262029.196680 10-06-2026 13:47:09 RAM 3296/6833MB (lfb 34x4MB) SWAP 79/3417MB (cached 1MB) CPU [0%@1420,86%@1420,0%@1420,9%@1420,0%@1420,9%@1420] EMC_FREQ 0% GR3D_FREQ 0% AUX@45.5C CPU@46.5C thermal@46.45C AO@46C GPU@46C PMIC@50C
1791262029.400394 10-06-2026 13:47:09 RAM 3311/6833MB (lfb 34x4MB) SWAP 79/3417MB (cached 1MB) CPU [47%@1420,45%@1420,10%@1420,0%@1420,0%@1420,10%@1420] EMC_FREQ 0% GR3D_FREQ 0% AUX@45.5C CPU@46.5C thermal@45.95C AO@45.5C GPU@46C PMIC@50C
1791262029.603935 10-06-2026 13:47:09 RAM 3317/6833MB (lfb 34x4MB) SWAP 79/3417MB (cached 1MB) CPU [14%@1420,78%@1420,4%@1420,10%@1420,4%@1420,0%@1420] EMC_FREQ 0% GR3D_FREQ 23% AUX@45.5C CPU@46.5C thermal@45.95C AO@46C GPU@46C PMIC@50C
1791262029.807247 10-06-2026 13:47:09 RAM 3326/6833MB (lfb 34x4MB) SWAP 79/3417MB (cached 1MB) CPU [33%@1420,63%@1420,10%@1420,5%@1420,0%@1420,5%@1420] EMC_FREQ 0% GR3D_FREQ 5% AUX@46C CPU@46.5C thermal@45.95C AO@46C GPU@46C PMIC@50C
1791262030.010680 10-06-2026 13:47:10 RAM 3333/6833MB (lfb 34x4MB) SWAP 79/3417MB (cached 1MB) CPU [89%@1420,0%@1420,0%@1420,14%@1420,5%@1420,5%@1420] EMC_FREQ 0% GR3D_FREQ 0% AUX@45.5C CPU@46.5C thermal@45.95C AO@46C GPU@46C PMIC@50C
1791262030.214856 10-06-2026 13:47:10 RAM 3349/6833MB (lfb 34x4MB) SWAP 79/3417MB (cached 1MB) CPU [94%@1420,4%@1420,9%@1420,14%@1420,0%@1420,5%@1420] EMC_FREQ 0% GR3D_FREQ 0% AUX@45.5C CPU@46.5C thermal@45.95C AO@46C GPU@46C PMIC@50C
1791262030.418428 10-06-2026 13:47:10 RAM 3353/6833MB (lfb 34x4MB) SWAP 79/3417MB (cached 1MB) CPU [33%@1420,57%@1420,14%@1420,5%@1420,4%@1420,0%@1420] EMC_FREQ 0% GR3D_FREQ 0% AUX@45.5C CPU@46.5C thermal@45.95C AO@45.5C GPU@46C PMIC@50C
1791262030.621775 10-06-2026 13:47:10 RAM 3359/6833MB (lfb 34x4MB) SWAP 79/3417MB (cached 1MB) CPU [65%@1420,23%@1420,10%@1420,9%@1420,5%@1420,4%@1420] EMC_FREQ 0% GR3D_FREQ 0% AUX@45.5C CPU@46.5C thermal@45.95C AO@46C GPU@46C PMIC@50C
1791262030.825141 10-06-2026 13:47:10 RAM 3365/6833MB (lfb 34x4MB) SWAP 79/3417MB (cached 1MB) CPU [33%@1420,57%@1420,15%@1420,10%@1420,4%@1420,5%@1420] EMC_FREQ 0% GR3D_FREQ 0% AUX@45.5C CPU@46.5C thermal@45.95C AO@46C GPU@46C PMIC@50C
1791262031.028651 10-06-2026 13:47:11 RAM 3365/6833MB (lfb 34x4MB) SWAP 79/3417MB (cached 1MB) CPU [60%@1420,31%@1420,5%@1420,10%@1420,5%@1420,9%@1420] EMC_FREQ 0% GR3D_FREQ 0% AUX@45.5C CPU@46.5C thermal@45.95C AO@46C GPU@46C PMIC@50C
1791262031.232140 10-06-2026 13:47:11 RAM 3365/6833MB (lfb 34x4MB) SWAP 79/3417MB (cached 1MB) CPU [100%@1420,0%@1420,4%@1420,14%@1420,5%@1420,4%@1420] EMC_FREQ 0% GR3D_FREQ 0% AUX@45.5C CPU@46.5C thermal@45.95C AO@45.5C GPU@46C PMIC@50C
1791262031.436007 10-06-2026 13:47:11 RAM 3365/6833MB (lfb 34x4MB) SWAP 79/3417MB (cached 1MB) CPU [100%@1420,0%@1420,10%@1420,14%@1420,0%@1420,5%@1420] EMC_FREQ 0% GR3D_FREQ 0% AUX@45.5C CPU@47C thermal@45.95C AO@45.5C GPU@46C PMIC@50C
1791262031.639644 10-06-2026 13:47:11 RAM 3365/6833MB (lfb 34x4MB) SWAP 79/3417MB (cached 1MB) CPU [100%@1420,4%@1420,5%@1420,5%@1420,4%@1420,0%@1420] EMC_FREQ 0% GR3D_FREQ 0% AUX@45.5C CPU@47C thermal@46.1C AO@45.5C GPU@46C PMIC@50C
1791262031.842976 10-06-2026 13:47:11 RAM 3365/6833MB (lfb 34x4MB) SWAP 79/3417MB (cached 1MB) CPU [100%@1420,0%@1420,14%@1420,5%@1420,5%@1420,4%@1420] EMC_FREQ 0% GR3D_FREQ 0% AUX@45.5C CPU@46.5C thermal@46.1C AO@45.5C GPU@46C PMIC@50C
1791262032.046967 10-06-2026 13:47:12 RAM 3365/6833MB (lfb 34x4MB) SWAP 79/3417MB (cached 1MB) CPU [100%@1420,9%@1420,0%@1420,14%@1420,4%@1420,5%@1420] EMC_FREQ 0% GR3D_FREQ 3% AUX@45.5C CPU@46.5C thermal@46.1C AO@45.5C GPU@46C PMIC@50C
1791262032.250252 10-06-2026 13:47:12 RAM 3365/6833MB (lfb 34x4MB) SWAP 79/3417MB (cached 1MB) CPU [100%@1420,5%@1420,0%@1420,10%@1420,0%@1420,5%@1420] EMC_FREQ 0% GR3D_FREQ 0% AUX@45.5C CPU@46.5C thermal@46.1C AO@45.5C GPU@46C PMIC@50C
1791262032.453722 10-06-2026 13:47:12 RAM 3365/6833MB (lfb 34x4MB) SWAP 79/3417MB (cached 1MB) CPU [100%@1420,0%@1420,17%@1420,5%@1420,9%@1420,0%@1420] EMC_FREQ 0% GR3D_FREQ 0% AUX@45.5C CPU@46.5C thermal@46.1C AO@45.5C GPU@46C PMIC@50C
1791262032.657601 10-06-2026 13:47:12 RAM 3365/6833MB (lfb 34x4MB) SWAP 79/3417MB (cached 1MB) CPU [95%@1420,0%@1420,5%@1420,9%@1420,0%@1420,4%@1420] EMC_FREQ 0% GR3D_FREQ 0% AUX@45.5C CPU@47C thermal@45.8C AO@46C GPU@46C PMIC@50C
1791262032.861249 10-06-2026 13:47:12 RAM 3365/6833MB (lfb 34x4MB) SWAP 79/3417MB (cached 1MB) CPU [100%@1420,0%@1420,70%@1420,10%@1420,9%@1420,5%@1420] EMC_FREQ 0% GR3D_FREQ 0% AUX@45.5C CPU@46.5C thermal@45.8C AO@45.5C GPU@45.5C PMIC@50C
1791262033.064602 10-06-2026 13:47:13 RAM 3365/6833MB (lfb 34x4MB) SWAP 79/3417MB (cached 1MB) CPU [100%@1420,0%@1420,0%@1420,14%@1420,4%@1420,9%@1420] EMC_FREQ 0% GR3D_FREQ 0% AUX@45.5C CPU@46.5C thermal@45.8C AO@45.5C GPU@45.5C PMIC@50C
1791262033.269471 10-06-2026 13:47:13 RAM 3365/6833MB (lfb 34x4MB) SWAP 79/3417MB (cached 1MB) CPU [100%@1420,5%@1420,9%@1420,5%@1420,9%@1420,0%@1420] EMC_FREQ 0% GR3D_FREQ 0% AUX@45.5C CPU@46.5C thermal@45.8C AO@45.5C GPU@45.5C PMIC@50C
1791262033.471492 10-06-2026 13:47:13 RAM 3365/6833MB (lfb 34x4MB) SWAP 79/3417MB (cached 1MB) CPU [100%@1420,0%@1420,14%@1420,0%@1420,0%@1420,0%@1420] EMC_FREQ 0% GR3D_FREQ 0% AUX@45.5C CPU@46.5C thermal@45.8C AO@45.5C GPU@45.5C PMIC@50C
1791262033.674768 10-06-2026 13:47:13 RAM 3365/6833MB (lfb 34x4MB) SWAP 79/3417MB (cached 1MB) CPU [100%@1420,0%@1420,10%@1420,9%@1420,5%@1420,5%@1420] EMC_FREQ 0% GR3D_FREQ 0% AUX@45.5C CPU@46.5C thermal@45.8C AO@45.5C GPU@45.5C PMIC@50C
1791262033.878993 10-06-2026 13:47:13 RAM 3365/6833MB (lfb 34x4MB) SWAP 79/3417MB (cached 1MB) CPU [47%@1190,10%@1190,5%@1190,18%@1190,13%@1190,9%@1190] EMC_FREQ 0% GR3D_FREQ 0% AUX@45.5C CPU@46.5C thermal@45.8C AO@45.5C GPU@45.5C PMIC@50C
1791262034.085164 10-06-2026 13:47:14 RAM 3366/6833MB (lfb 34x4MB) SWAP 79/3417MB (cached 1MB) CPU [14%@1420,9%@1420,25%@1420,15%@1420,30%@1420,28%@1420] EMC_FREQ 0% GR3D_FREQ 0% AUX@45.5C CPU@46.5C thermal@45.8C AO@45.5C GPU@45.5C PMIC@50C
1791262034.288835 10-06-2026 13:47:14 RAM 3365/6833MB (lfb 34x4MB) SWAP 79/3417MB (cached 1MB) CPU [61%@1190,4%@1190,5%@1190,5%@1190,4%@1190,4%@1190] EMC_FREQ 0% GR3D_FREQ 99% AUX@45.5C CPU@46.5C thermal@45.8C AO@45.5C GPU@46C PMIC@50C
1791262034.492512 10-06-2026 13:47:14 RAM 3365/6833MB (lfb 34x4MB) SWAP 79/3417MB (cached 1MB) CPU [5%@1420,30%@1420,9%@1420,19%@1420,5%@1420,9%@1420] EMC_FREQ 0% GR3D_FREQ 0% AUX@45.5C CPU@46.5C thermal@45.8C AO@46C GPU@47C PMIC@50C
1791262034.695901 10-06-2026 13:47:14 RAM 3365/6833MB (lfb 34x4MB) SWAP 79/3417MB (cached 1MB) CPU [5%@1190,45%@1420,5%@1420,15%@1420,4%@1420,5%@1420] EMC_FREQ 0% GR3D_FREQ 0% AUX@45.5C CPU@46.5C thermal@45.8C AO@45.5C GPU@46.5C PMIC@50C
1791262034.899076 10-06-2026 13:47:14 RAM 3369/6833MB (lfb 34x4MB) SWAP 79/3417MB (cached 1MB) CPU [45%@1420,4%@1420,13%@1420,19%@1420,9%@1420,9%@1420] EMC_FREQ 0% GR3D_FREQ 0% AUX@45.5C CPU@46.5C thermal@45.95C AO@45.5C GPU@46C PMIC@50C
1791262035.103060 10-06-2026 13:47:15 RAM 3373/6833MB (lfb 34x4MB) SWAP 79/3417MB (cached 1MB) CPU [68%@1420,10%@1420,5%@1420,14%@1420,0%@1420,5%@1420] EMC_FREQ 0% GR3D_FREQ 3% AUX@45C CPU@46.5C thermal@45.95C AO@45.5C GPU@46C PMIC@50C
1791262035.307098 10-06-2026 13:47:15 RAM 3373/6833MB (lfb 34x4MB) SWAP 79/3417MB (cached 1MB) CPU [57%@1420,5%@1420,4%@1420,10%@1420,9%@1420,9%@1420] EMC_FREQ 0% GR3D_FREQ 0% AUX@45C CPU@46.5C thermal@45.95C AO@46C GPU@46C PMIC@50C
1791262035.510473 10-06-2026 13:47:15 RAM 3377/6833MB (lfb 34x4MB) SWAP 79/3417MB (cached 1MB) CPU [0%@1420,80%@1420,10%@1420,13%@1420,0%@1420,0%@1420] EMC_FREQ 0% GR3D_FREQ 0% AUX@45.5C CPU@46.5C thermal@45.95C AO@45.5C GPU@46C PMIC@50C
1791262035.714488 10-06-2026 13:47:15 RAM 3379/6833MB (lfb 34x4MB) SWAP 79/3417MB (cached 1MB) CPU [19%@1420,73%@1420,22%@1420,0%@1420,0%@1420,9%@1420] EMC_FREQ 0% GR3D_FREQ 3% AUX@45.5C CPU@46.5C thermal@45.95C AO@45.5C GPU@46C PMIC@50C
1791262035.917724 10-06-2026 13:47:15 RAM 3383/6833MB (lfb 34x4MB) SWAP 79/3417MB (cached 1MB) CPU [90%@1420,5%@1420,10%@1420,9%@1420,9%@1420,5%@1420] EMC_FREQ 0% GR3D_FREQ 0% AUX@45.5C CPU@46.5C thermal@45.95C AO@45.5C GPU@46C PMIC@50C
1791262036.121014 10-06-2026 13:47:16 RAM 3387/6833MB (lfb 34x4MB) SWAP 79/3417MB (cached 1MB) CPU [50%@1420,36%@1420,14%@1420,5%@1420,0%@1420,0%@1420] EMC_FREQ 0% GR3D_FREQ 0% AUX@45C CPU@46.5C thermal@45.8C AO@45.5C GPU@46C PMIC@50C
1791262036.324822 10-06-2026 13:47:16 RAM 3392/6833MB (lfb 34x4MB) SWAP 79/3417MB (cached 1MB) CPU [0%@1420,85%@1420,10%@1420,0%@1420,5%@1420,9%@1420] EMC_FREQ 0% GR3D_FREQ 0% AUX@45.5C CPU@46.5C thermal@45.8C AO@45.5C GPU@45.5C PMIC@50C
1791262036.528119 10-06-2026 13:47:16 RAM 3407/6833MB (lfb 34x4MB) SWAP 79/3417MB (cached 1MB) CPU [9%@1420,85%@1420,0%@1420,10%@1420,9%@1420,0%@1420] EMC_FREQ 0% GR3D_FREQ 0% AUX@45.5C CPU@46.5C thermal@45.8C AO@45.5C GPU@46C PMIC@50C
1791262036.731405 10-06-2026 13:47:16 RAM 3416/6833MB (lfb 34x4MB) SWAP 79/3417MB (cached 1MB) CPU [11%@1344,61%@1344,13%@1344,9%@1344,0%@1344,9%@1344] EMC_FREQ 0% GR3D_FREQ 0% AUX@45.5C CPU@46C thermal@45.8C AO@45.5C GPU@45.5C PMIC@50C
1791262036.935513 10-06-2026 13:47:16 RAM 3422/6833MB (lfb 34x4MB) SWAP 79/3417MB (cached 1MB) CPU [77%@1420,0%@1420,5%@1420,19%@1420,5%@1420,5%@1420] EMC_FREQ 0% GR3D_FREQ 0% AUX@45.5C CPU@46.5C thermal@45.8C AO@45.5C GPU@45.5C PMIC@50C
1791262037.138585 10-06-2026 13:47:17 RAM 3433/6833MB (lfb 34x4MB) SWAP 79/3417MB (cached 1MB) CPU [5%@1420,81%@1420,0%@1420,5%@1420,9%@1420,9%@1420] EMC_FREQ 0% GR3D_FREQ 0% AUX@45C CPU@46C thermal@45.8C AO@45.5C GPU@46C PMIC@50C
1791262037.342085 10-06-2026 13:47:17 RAM 3438/6833MB (lfb 34x4MB) SWAP 79/3417MB (cached 1MB) CPU [76%@1267,9%@1267,5%@1267,10%@1267,5%@1267,5%@1267] EMC_FREQ 0% GR3D_FREQ 0% AUX@45.5C CPU@46C thermal@45.8C AO@45.5C GPU@45.5C PMIC@50C
1791262037.546107 10-06-2026 13:47:17 RAM 3454/6833MB (lfb 34x4MB) SWAP 79/3417MB (cached 1MB) CPU [9%@1420,100%@1420,0%@1420,9%@1420,5%@1420,5%@1420] EMC_FREQ 0% GR3D_FREQ 0% AUX@45.5C CPU@46.5C thermal@45.8C AO@45.5C GPU@45.5C PMIC@50C
1791262037.749209 10-06-2026 13:47:17 RAM 3461/6833MB (lfb 34x4MB) SWAP 79/3417MB (cached 1MB) CPU [84%@1420,14%@1420,9%@1420,5%@1420,9%@1420,9%@1420] EMC_FREQ 0% GR3D_FREQ 0% AUX@45C CPU@46C thermal@45.8C AO@45.5C GPU@46C PMIC@50C
1791262037.952475 10-06-2026 13:47:17 RAM 3474/6833MB (lfb 34x4MB) SWAP 79/3417MB (cached 1MB) CPU [75%@1420,0%@1420,0%@1420,9%@1420,5%@1420,5%@1420] EMC_FREQ 0% GR3D_FREQ 0% AUX@45C CPU@46C thermal@45.8C AO@45.5C GPU@45.5C PMIC@50C
1791262038.155946 10-06-2026 13:47:18 RAM 3490/6833MB (lfb 34x4MB) SWAP 79/3417MB (cached 1MB) CPU [85%@1420,0%@1420,13%@1420,9%@1420,0%@1420,14%@1420] EMC_FREQ 0% GR3D_FREQ 0% AUX@45C CPU@46C thermal@45.8C AO@45.5C GPU@46C PMIC@50C
1791262038.359567 10-06-2026 13:47:18 RAM 3490/6833MB (lfb 34x4MB) SWAP 79/3417MB (cached 1MB) CPU [38%@1190,9%@1190,0%@1420,5%@1420,10%@1420,5%@1420] EMC_FREQ 0% GR3D_FREQ 1% AUX@45C CPU@46.5C thermal@45.6C AO@45.5C GPU@46C PMIC@50C
1791262038.562899 10-06-2026 13:47:18 RAM 3505/6833MB (lfb 34x4MB) SWAP 79/3417MB (cached 1MB) CPU [45%@1420,23%@1420,9%@1420,10%@1420,5%@1420,14%@1420] EMC_FREQ 0% GR3D_FREQ 0% AUX@45C CPU@46.5C thermal@45.6C AO@45.5C GPU@45.5C PMIC@50C
1791262038.766124 10-06-2026 13:47:18 RAM 3524/6833MB (lfb 34x4MB) SWAP 79/3417MB (cached 1MB) CPU [100%@1420,4%@1420,5%@1420,4%@1420,10%@1420,4%@1420] EMC_FREQ 0% GR3D_FREQ 0% AUX@45C CPU@46.5C thermal@45.6C AO@45.5C GPU@46C PMIC@50C
1791262038.970223 10-06-2026 13:47:18 RAM 3579/6833MB (lfb 31x4MB) SWAP 79/3417MB (cached 1MB) CPU [10%@1420,84%@1420,4%@1420,5%@1420,10%@1420,5%@1420] EMC_FREQ 0% GR3D_FREQ 0% AUX@45C CPU@46.5C thermal@45.6C AO@45.5C GPU@45.5C PMIC@50C
1791262039.173500 10-06-2026 13:47:19 RAM 3586/6833MB (lfb 29x4MB) SWAP 79/3417MB (cached 1MB) CPU [13%@1420,80%@1420,5%@1420,13%@1420,9%@1420,5%@1420] EMC_FREQ 0% GR3D_FREQ 0% AUX@45C CPU@46C thermal@45.6C AO@45.5C GPU@45.5C PMIC@50C
1791262039.377089 10-06-2026 13:47:19 RAM 3635/6833MB (lfb 24x4MB) SWAP 79/3417MB (cached 1MB) CPU [100%@1420,0%@1420,18%@1420,5%@1420,5%@1420,14%@1420] EMC_FREQ 0% GR3D_FREQ 0% AUX@45C CPU@46.5C thermal@45.6C AO@45.5C GPU@45.5C PMIC@50C
1791262039.580534 10-06-2026 13:47:19 RAM 3642/6833MB (lfb 23x4MB) SWAP 79/3417MB (cached 1MB) CPU [57%@1190,5%@1190,0%@1190,9%@1190,15%@1420,0%@1420] EMC_FREQ 0% GR3D_FREQ 0% AUX@45.5C CPU@46C thermal@45.6C AO@45.5C GPU@45.5C PMIC@50C
1791262039.783757 10-06-2026 13:47:19 RAM 3645/6833MB (lfb 23x4MB) SWAP 79/3417MB (cached 1MB) CPU [5%@1420,80%@1420,5%@1420,5%@1420,4%@1420,14%@1420] EMC_FREQ 0% GR3D_FREQ 0% AUX@45C CPU@46.5C thermal@45.6C AO@45C GPU@45.5C PMIC@50C
1791262039.987430 10-06-2026 13:47:19 RAM 3646/6833MB (lfb 23x4MB) SWAP 79/3417MB (cached 1MB) CPU [78%@1420,5%@1420,10%@1420,9%@1420,5%@1420,0%@1420] EMC_FREQ 0% GR3D_FREQ 0% AUX@45C CPU@46C thermal@45.6C AO@45C GPU@45.5C PMIC@50C
1791262040.190885 10-06-2026 13:47:20 RAM 3649/6833MB (lfb 23x4MB) SWAP 79/3417MB (cached 1MB) CPU [95%@1420,0%@1420,4%@1420,10%@1420,9%@1420,0%@1420] EMC_FREQ 0% GR3D_FREQ 0% AUX@45C CPU@46C thermal@45.6C AO@45C GPU@45.5C PMIC@50C
1791262040.394693 10-06-2026 13:47:20 RAM 3651/6833MB (lfb 23x4MB) SWAP 79/3417MB (cached 1MB) CPU [31%@1190,19%@1190,5%@1190,14%@1190,0%@1190,9%@1190] EMC_FREQ 0% GR3D_FREQ 8% AUX@45C CPU@46C thermal@45.6C AO@45C GPU@45.5C PMIC@50C
1791262040.597966 10-06-2026 13:47:20 RAM 3664/6833MB (lfb 22x4MB) SWAP 79/3417MB (cached 1MB) CPU [9%@1420,76%@1420,0%@1420,5%@1420,9%@1420,5%@1420] EMC_FREQ 0% GR3D_FREQ 0% AUX@45C CPU@46C thermal@45.3C AO@45.5C GPU@45.5C PMIC@50C
1791262040.801169 10-06-2026 13:47:20 RAM 3672/6833MB (lfb 21x4MB) SWAP 79/3417MB (cached 1MB) CPU [10%@1420,71%@1420,0%@1420,13%@1420,10%@1420,5%@1420] EMC_FREQ 0% GR3D_FREQ 0% AUX@45C CPU@46C thermal@45.3C AO@45.5C GPU@45.5C PMIC@50C
1791262041.004441 10-06-2026 13:47:20 RAM 3676/6833MB (lfb 20x4MB) SWAP 79/3417MB (cached 1MB) CPU [30%@1420,36%@1420,0%@1420,5%@1420,9%@1420,5%@1420] EMC_FREQ 0% GR3D_FREQ 21% AUX@45C CPU@46C thermal@45.3C AO@45.5C GPU@45.5C PMIC@50C
1791262041.207916 10-06-2026 13:47:21 RAM 3677/6833MB (lfb 20x4MB) SWAP 79/3417MB (cached 1MB) CPU [65%@1190,13%@1190,9%@1190,9%@1420,9%@1420,0%@1420] EMC_FREQ 0% GR3D_FREQ 4% AUX@45C CPU@46C thermal@45.3C AO@45C GPU@45C PMIC@50C
1791262041.411918 10-06-2026 13:47:21 RAM 3682/6833MB (lfb 20x4MB) SWAP 79/3417MB (cached 1MB) CPU [5%@1420,85%@1420,0%@1420,10%@1420,0%@1420,0%@1420] EMC_FREQ 0% GR3D_FREQ 8% AUX@45C CPU@46C thermal@45.3C AO@45C GPU@45.5C PMIC@50C
1791262041.615149 10-06-2026 13:47:21 RAM 3691/6833MB (lfb 19x4MB) SWAP 79/3417MB (cached 1MB) CPU [5%@1420,85%@1420,9%@1420,5%@1420,5%@1420,5%@1420] EMC_FREQ 0% GR3D_FREQ 0% AUX@45C CPU@46C thermal@45.3C AO@45C GPU@45C PMIC@50C
1791262041.818911 10-06-2026 13:47:21 RAM 3697/6833MB (lfb 18x4MB) SWAP 79/3417MB (cached 1MB) CPU [14%@1420,90%@1420,5%@1420,9%@1420,5%@1420,0%@1420] EMC_FREQ 0% GR3D_FREQ 5% AUX@45C CPU@45.5C thermal@45.3C AO@45C GPU@45C PMIC@50C
1791262042.022306 10-06-2026 13:47:22 RAM 3714/6833MB (lfb 16x4MB) SWAP 79/3417MB (cached 1MB) CPU [23%@1420,85%@1420,4%@1420,0%@1420,5%@1420,0%@1420] EMC_FREQ 0% GR3D_FREQ 0% AUX@45C CPU@46C thermal@45.3C AO@45C GPU@45C PMIC@50C
1791262042.225726 10-06-2026 13:47:22 RAM 3729/6833MB (lfb 12x4MB) SWAP 79/3417MB (cached 1MB) CPU [76%@1420,14%@1420,0%@1420,0%@1420,9%@1420,18%@1420] EMC_FREQ 0% GR3D_FREQ 0% AUX@45C CPU@45.5C thermal@45.3C AO@45C GPU@45C PMIC@50C
1791262042.428997 10-06-2026 13:47:22 RAM 3738/6833MB (lfb 10x4MB) SWAP 79/3417MB (cached 1MB) CPU [10%@1420,85%@1420,5%@1420,5%@1420,5%@1420,5%@1420] EMC_FREQ 0% GR3D_FREQ 3% AUX@45C CPU@46C thermal@45.3C AO@45C GPU@45C PMIC@50C
1791262042.632334 10-06-2026 13:47:22 RAM 3750/6833MB (lfb 8x4MB) SWAP 79/3417MB (cached 1MB) CPU [52%@1420,36%@1420,4%@1420,0%@1420,5%@1420,4%@1420] EMC_FREQ 0% GR3D_FREQ 0% AUX@45C CPU@46C thermal@45.3C AO@45C GPU@45C PMIC@50C
1791262042.835715 10-06-2026 13:47:22 RAM 3772/6833MB (lfb 6x4MB) SWAP 79/3417MB (cached 1MB) CPU [35%@1420,38%@1420,0%@1420,10%@1420,0%@1420,9%@1420] EMC_FREQ 0% GR3D_FREQ 0% AUX@45C CPU@45.5C thermal@45.3C AO@45C GPU@45C PMIC@50C
1791262043.039062 10-06-2026 13:47:23 RAM 3784/6833MB (lfb 5x4MB) SWAP 79/3417MB (cached 1MB) CPU [30%@1420,76%@1420,4%@1420,5%@1420,5%@1420,9%@1420] EMC_FREQ 0% GR3D_FREQ 7% AUX@45C CPU@46C thermal@45.3C AO@45C GPU@45.5C PMIC@50C
1791262043.242427 10-06-2026 13:47:23 RAM 3802/6833MB (lfb 3x4MB) SWAP 79/3417MB (cached 1MB) CPU [71%@1420,23%@1420,0%@1420,9%@1420,9%@1420,5%@1420] EMC_FREQ 0% GR3D_FREQ 6% AUX@45C CPU@45.5C thermal@45.3C AO@45C GPU@45C PMIC@50C
1791262043.446496 10-06-2026 13:47:23 RAM 3824/6833MB (lfb 3x4MB) SWAP 82/3417MB (cached 1MB) CPU [10%@1420,66%@1420,36%@1420,15%@1420,15%@1420,72%@1420] EMC_FREQ 0% GR3D_FREQ 9% AUX@45C CPU@46C thermal@45.3C AO@45C GPU@45C PMIC@50C
1791262043.651608 10-06-2026 13:47:23 RAM 3885/6833MB (lfb 1x1MB) SWAP 82/3417MB (cached 1MB) CPU [0%@1420,95%@1420,19%@1420,10%@1420,5%@1420,13%@1420] EMC_FREQ 0% GR3D_FREQ 0% AUX@45C CPU@46C thermal@45.3C AO@45C GPU@45C PMIC@50C
1791262043.855511 10-06-2026 13:47:23 RAM 3890/6833MB (lfb 1x1MB) SWAP 82/3417MB (cached 1MB) CPU [14%@1420,90%@1420,15%@1420,4%@1420,5%@1420,5%@1420] EMC_FREQ 0% GR3D_FREQ 0% AUX@45C CPU@45.5C thermal@45.3C AO@45C GPU@45C PMIC@50C
1791262044.058979 10-06-2026 13:47:24 RAM 3894/6833MB (lfb 1x1MB) SWAP 82/3417MB (cached 1MB) CPU [10%@1420,85%@1420,0%@1420,9%@1420,4%@1420,14%@1420] EMC_FREQ 0% GR3D_FREQ 0% AUX@45C CPU@45.5C thermal@45.3C AO@45C GPU@45C PMIC@50C
1791262044.263006 10-06-2026 13:47:24 RAM 3895/6833MB (lfb 6x1MB) SWAP 93/3417MB (cached 1MB) CPU [10%@1420,85%@1420,10%@1420,50%@1420,10%@1420,11%@1420] EMC_FREQ 0% GR3D_FREQ 0% AUX@45C CPU@46C thermal@45.3C AO@45C GPU@45C PMIC@50C
1791262044.466435 10-06-2026 13:47:24 RAM 3914/6833MB (lfb 6x1MB) SWAP 93/3417MB (cached 1MB) CPU [90%@1420,15%@1420,4%@1420,5%@1420,17%@1420,5%@1420] EMC_FREQ 0% GR3D_FREQ 0% AUX@45C CPU@45.5C thermal@45.3C AO@45C GPU@45C PMIC@50C
1791262044.670404 10-06-2026 13:47:24 RAM 3959/6833MB (lfb 1x2MB) SWAP 93/3417MB (cached 1MB) CPU [5%@1420,100%@1420,14%@1420,30%@1420,0%@1420,13%@1420] EMC_FREQ 0% GR3D_FREQ 0% AUX@44.5C CPU@46C thermal@45.3C AO@45C GPU@45C PMIC@50C
1791262044.873806 10-06-2026 13:47:24 RAM 3972/6833MB (lfb 1x1MB) SWAP 93/3417MB (cached 1MB) CPU [28%@1420,71%@1420,0%@1420,0%@1420,5%@1420,5%@1420] EMC_FREQ 0% GR3D_FREQ 0% AUX@44.5C CPU@45.5C thermal@45.3C AO@45C GPU@45C PMIC@50C
1791262045.078108 10-06-2026 13:47:25 RAM 3986/6833MB (lfb 2x1MB) SWAP 97/3417MB (cached 1MB) CPU [57%@1420,14%@1420,14%@1420,14%@1420,36%@1420,73%@1420] EMC_FREQ 0% GR3D_FREQ 0% AUX@45C CPU@46C thermal@45.3C AO@45C GPU@45C PMIC@50C
1791262045.281877 10-06-2026 13:47:25 RAM 3992/6833MB (lfb 1x1MB) SWAP 97/3417MB (cached 1MB) CPU [0%@1420,10%@1420,0%@1420,14%@1420,9%@1420,85%@1420] EMC_FREQ 0% GR3D_FREQ 0% AUX@44.5C CPU@45.5C thermal@45.3C AO@45C GPU@45C PMIC@50C
1791262045.485808 10-06-2026 13:47:25 RAM 3996/6833MB (lfb 1x2MB) SWAP 101/3417MB (cached 1MB) CPU [25%@1420,18%@1420,9%@1420,0%@1420,10%@1420,76%@1420] EMC_FREQ 0% GR3D_FREQ 0% AUX@45C CPU@45.5C thermal@45.3C AO@45C GPU@45C PMIC@50C
1791262045.689129 10-06-2026 13:47:25 RAM 3998/6833MB (lfb 1x1MB) SWAP 101/3417MB (cached 1MB) CPU [14%@1420,5%@1420,0%@1420,9%@1420,76%@1420,15%@1420] EMC_FREQ 0% GR3D_FREQ 0% AUX@45C CPU@45.5C thermal@45.3C AO@45C GPU@45C PMIC@50C
1791262045.893017 10-06-2026 13:47:25 RAM 4013/6833MB (lfb 1x2MB) SWAP 101/3417MB (cached 1MB) CPU [10%@1420,23%@1420,5%@1420,0%@1420,5%@1420,61%@1420] EMC_FREQ 0% GR3D_FREQ 0% AUX@45C CPU@46C thermal@45.3C AO@45C GPU@45C PMIC@50C
1791262046.096467 10-06-2026 13:47:26 RAM 4026/6833MB (lfb 1x2MB) SWAP 101/3417MB (cached 1MB) CPU [5%@1420,10%@1420,9%@1420,13%@1420,45%@1420,50%@1420] EMC_FREQ 0% GR3D_FREQ 0% AUX@45C CPU@45.5C thermal@45.15C AO@45C GPU@45C PMIC@50C
1791262046.302729 10-06-2026 13:47:26 RAM 4041/6833MB (lfb 1x1MB) SWAP 103/3417MB (cached 1MB) CPU [19%@1420,5%@1420,4%@1420,0%@1420,81%@1420,0%@1420] EMC_FREQ 0% GR3D_FREQ 0% AUX@44.5C CPU@45.5C thermal@45.15C AO@45C GPU@45C PMIC@50C
1791262046.506464 10-06-2026 13:47:26 RAM 4038/6833MB (lfb 2x2MB) SWAP 113/3417MB (cached 1MB) CPU [14%@1420,50%@1420,10%@1420,14%@1420,89%@1420,4%@1420] EMC_FREQ 0% GR3D_FREQ 0% AUX@44.5C CPU@45.5C thermal@45.15C AO@45C GPU@44.5C PMIC@50C
1791262046.710368 10-06-2026 13:47:26 RAM 4038/6833MB (lfb 2x2MB) SWAP 113/3417MB (cached 1MB) CPU [5%@1420,4%@1420,9%@1420,0%@1420,80%@1420,4%@1420] EMC_FREQ 0% GR3D_FREQ 0% AUX@45C CPU@45.5C thermal@45.15C AO@44.5C GPU@45C PMIC@50C
1791262046.913736 10-06-2026 13:47:26 RAM 4038/6833MB (lfb 4x2MB) SWAP 113/3417MB (cached 1MB) CPU [10%@1420,31%@1420,0%@1420,5%@1420,80%@1420,20%@1420] EMC_FREQ 0% GR3D_FREQ 0% AUX@44.5C CPU@45.5C thermal@45.15C AO@44.5C GPU@44.5C PMIC@50C
1791262047.116977 10-06-2026 13:47:27 RAM 4039/6833MB (lfb 4x2MB) SWAP 113/3417MB (cached 1MB) CPU [9%@1420,19%@1420,5%@1420,9%@1420,75%@1420,5%@1420] EMC_FREQ 0% GR3D_FREQ 0% AUX@44.5C CPU@45.5C thermal@45.15C AO@44.5C GPU@44.5C PMIC@50C
1791262047.321034 10-06-2026 13:47:27 RAM 4041/6833MB (lfb 4x2MB) SWAP 113/3417MB (cached 1MB) CPU [5%@1420,5%@1420,9%@1420,5%@1420,89%@1420,4%@1420] EMC_FREQ 0% GR3D_FREQ 0% AUX@44.5C CPU@45.5C thermal@44.95C AO@44.5C GPU@45C PMIC@50C
1791262047.524395 10-06-2026 13:47:27 RAM 4041/6833MB (lfb 4x2MB) SWAP 113/3417MB (cached 1MB) CPU [10%@1420,5%@1420,5%@1420,5%@1420,90%@1420,9%@1420] EMC_FREQ 0% GR3D_FREQ 0% AUX@44.5C CPU@45.5C thermal@44.95C AO@44.5C GPU@45C PMIC@50C
1791262047.727877 10-06-2026 13:47:27 RAM 4042/6833MB (lfb 4x2MB) SWAP 113/3417MB (cached 1MB) CPU [9%@1420,9%@1420,0%@1420,5%@1420,94%@1420,0%@1420] EMC_FREQ 0% GR3D_FREQ 0% AUX@45C CPU@45.5C thermal@44.95C AO@44.5C GPU@45C PMIC@50C
1791262047.931109 10-06-2026 13:47:27 RAM 4044/6833MB (lfb 4x2MB) SWAP 113/3417MB (cached 1MB) CPU [9%@1420,14%@1420,9%@1420,14%@1420,9%@1420,80%@1420] EMC_FREQ 0% GR3D_FREQ 0% AUX@45C CPU@45.5C thermal@44.95C AO@44.5C GPU@44.5C PMIC@50C
1791262048.134396 10-06-2026 13:47:28 RAM 4045/6833MB (lfb 4x2MB) SWAP 113/3417MB (cached 1MB) CPU [0%@1420,5%@1420,9%@1420,5%@1420,13%@1420,94%@1420] EMC_FREQ 0% GR3D_FREQ 0% AUX@44.5C CPU@45.5C thermal@44.95C AO@44.5C GPU@44.5C PMIC@50C
1791262048.337778 10-06-2026 13:47:28 RAM 4046/6833MB (lfb 4x2MB) SWAP 113/3417MB (cached 1MB) CPU [0%@1420,10%@1420,5%@1420,5%@1420,77%@1420,25%@1420] EMC_FREQ 0% GR3D_FREQ 0% AUX@44.5C CPU@45.5C thermal@44.8C AO@45C GPU@45C PMIC@50C
1791262048.540966 10-06-2026 13:47:28 RAM 4050/6833MB (lfb 4x2MB) SWAP 113/3417MB (cached 1MB) CPU [14%@1420,0%@1420,5%@1420,10%@1420,90%@1420,9%@1420] EMC_FREQ 0% GR3D_FREQ 0% AUX@44.5C CPU@45.5C thermal@44.8C AO@45C GPU@45C PMIC@50C
1791262048.744690 10-06-2026 13:47:28 RAM 4051/6833MB (lfb 4x2MB) SWAP 113/3417MB (cached 1MB) CPU [13%@1420,10%@1420,4%@1420,4%@1420,86%@1420,0%@1420] EMC_FREQ 0% GR3D_FREQ 0% AUX@44.5C CPU@45.5C thermal@44.8C AO@44.5C GPU@44.5C PMIC@50C
1791262048.948016 10-06-2026 13:47:28 RAM 4052/6833MB (lfb 4x2MB) SWAP 113/3417MB (cached 1MB) CPU [5%@1420,5%@1420,5%@1420,10%@1420,94%@1420,5%@1420] EMC_FREQ 0% GR3D_FREQ 0% AUX@44.5C CPU@45.5C thermal@44.8C AO@44.5C GPU@45C PMIC@50C
1791262049.151425 10-06-2026 13:47:29 RAM 4060/6833MB (lfb 2x2MB) SWAP 113/3417MB (cached 1MB) CPU [18%@1267,19%@1267,10%@1267,20%@1267,55%@1267,10%@1267] EMC_FREQ 0% GR3D_FREQ 0% AUX@44.5C CPU@45.5C thermal@44.8C AO@45C GPU@44.5C PMIC@50C
1791262049.355127 10-06-2026 13:47:29 RAM 4061/6833MB (lfb 2x2MB) SWAP 112/3417MB (cached 1MB) CPU [16%@1420,25%@1420,66%@1420,5%@1420,4%@1420,9%@1420] EMC_FREQ 0% GR3D_FREQ 0% AUX@44.5C CPU@45.5C thermal@44.8C AO@44.5C GPU@45C PMIC@50C
1791262049.558512 10-06-2026 13:47:29 RAM 4062/6833MB (lfb 2x2MB) SWAP 112/3417MB (cached 1MB) CPU [15%@1420,89%@1420,5%@1420,5%@1420,0%@1420,0%@1420] EMC_FREQ 0% GR3D_FREQ 0% AUX@44.5C CPU@45.5C thermal@44.8C AO@44.5C GPU@44.5C PMIC@50C
1791262049.761869 10-06-2026 13:47:29 RAM 4061/6833MB (lfb 2x2MB) SWAP 112/3417MB (cached 1MB) CPU [10%@1420,85%@1420,14%@1420,9%@1420,5%@1420,0%@1420] EMC_FREQ 0% GR3D_FREQ 0% AUX@44.5C CPU@45.5C thermal@44.8C AO@45C GPU@45C PMIC@50C
1791262049.967388 10-06-2026 13:47:29 RAM 4083/6833MB (lfb 1x2MB) SWAP 118/3417MB (cached 1MB) CPU [10%@1420,65%@1420,14%@1420,19%@1420,72%@1420,30%@1420] EMC_FREQ 0% GR3D_FREQ 0% AUX@44.5C CPU@45.5C thermal@44.8C AO@44.5C GPU@45C PMIC@50C
1791262050.170859 10-06-2026 13:47:30 RAM 4080/6833MB (lfb 1x2MB) SWAP 118/3417MB (cached 1MB) CPU [5%@1190,10%@1420,14%@1420,14%@1420,20%@1420,0%@1420] EMC_FREQ 0% GR3D_FREQ 0% AUX@44.5C CPU@45.5C thermal@44.8C AO@44.5C GPU@45C PMIC@50C
1791262050.374422 10-06-2026 13:47:30 RAM 4086/6833MB (lfb 2x1MB) SWAP 118/3417MB (cached 1MB) CPU [5%@1420,4%@1420,5%@1420,4%@1420,25%@1420,59%@1420] EMC_FREQ 0% GR3D_FREQ 0% AUX@44.5C CPU@45.5C thermal@44.8C AO@44.5C GPU@44.5C PMIC@50C
1791262050.578601 10-06-2026 13:47:30 RAM 4094/6833MB (lfb 2x1MB) SWAP 118/3417MB (cached 1MB) CPU [5%@1190,0%@1190,5%@1420,9%@1420,25%@1420,15%@1420] EMC_FREQ 0% GR3D_FREQ 0% AUX@44.5C CPU@45.5C thermal@44.8C AO@44.5C GPU@45C PMIC@50C
1791262050.782550 10-06-2026 13:47:30 RAM 4104/6833MB (lfb 2x1MB) SWAP 118/3417MB (cached 1MB) CPU [17%@1420,5%@1420,0%@1420,5%@1420,31%@1420,0%@1420] EMC_FREQ 0% GR3D_FREQ 0% AUX@44.5C CPU@45C thermal@44.8C AO@44.5C GPU@44.5C PMIC@50C
1791262050.986728 10-06-2026 13:47:30 RAM 4115/6833MB (lfb 2x1MB) SWAP 118/3417MB (cached 1MB) CPU [5%@1190,9%@1190,5%@1190,14%@1190,30%@1190,0%@1190] EMC_FREQ 0% GR3D_FREQ 0% AUX@44.5C CPU@45.5C thermal@44.8C AO@44.5C GPU@44.5C PMIC@50C
1791262051.191156 10-06-2026 13:47:31 RAM 4127/6833MB (lfb 2x1MB) SWAP 118/3417MB (cached 1MB) CPU [10%@1190,0%@1190,0%@1190,0%@1190,23%@1190,0%@1190] EMC_FREQ 0% GR3D_FREQ 0% AUX@44.5C CPU@45C thermal@44.8C AO@44.5C GPU@44.5C PMIC@50C
1791262051.394860 10-06-2026 13:47:31 RAM 4139/6833MB (lfb 2x1MB) SWAP 118/3417MB (cached 1MB) CPU [18%@1420,0%@1420,10%@1420,13%@1420,20%@1420,0%@1420] EMC_FREQ 0% GR3D_FREQ 0% AUX@44.5C CPU@45C thermal@44.8C AO@44.5C GPU@44.5C PMIC@50C
1791262051.598590 10-06-2026 13:47:31 RAM 4149/6833MB (lfb 2x1MB) SWAP 118/3417MB (cached 1MB) CPU [10%@1190,17%@1190,4%@1190,0%@1420,15%@1420,0%@1420] EMC_FREQ 0% GR3D_FREQ 0% AUX@44C CPU@45.5C thermal@44.8C AO@44.5C GPU@44.5C PMIC@50C
1791262051.802217 10-06-2026 13:47:31 RAM 4156/6833MB (lfb 2x1MB) SWAP 118/3417MB (cached 1MB) CPU [10%@1420,5%@1420,5%@1420,0%@1420,28%@1420,9%@1420] EMC_FREQ 0% GR3D_FREQ 0% AUX@44C CPU@45.5C thermal@44.8C AO@44.5C GPU@44.5C PMIC@50C
1791262052.006106 10-06-2026 13:47:32 RAM 4166/6833MB (lfb 2x1MB) SWAP 118/3417MB (cached 1MB) CPU [4%@1190,15%@1420,9%@1420,18%@1420,15%@1420,0%@1420] EMC_FREQ 0% GR3D_FREQ 0% AUX@44C CPU@45.5C thermal@44.8C AO@44.5C GPU@44.5C PMIC@50C
1791262052.210492 10-06-2026 13:47:32 RAM 4177/6833MB (lfb 2x1MB) SWAP 118/3417MB (cached 1MB) CPU [5%@1190,13%@1190,5%@1190,5%@1190,28%@1190,9%@1190] EMC_FREQ 0% GR3D_FREQ 0% AUX@44.5C CPU@45.5C thermal@44.8C AO@44C GPU@44.5C PMIC@50C
1791262052.415067 10-06-2026 13:47:32 RAM 4187/6833MB (lfb 2x1MB) SWAP 118/3417MB (cached 1MB) CPU [5%@1190,5%@1190,9%@1190,5%@1190,36%@1190,4%@1190] EMC_FREQ 0% GR3D_FREQ 0% AUX@44C CPU@45.5C thermal@44.8C AO@44C GPU@44.5C PMIC@50C
1791262052.619859 10-06-2026 13:47:32 RAM 4197/6833MB (lfb 2x1MB) SWAP 118/3417MB (cached 1MB) CPU [5%@1420,9%@1420,13%@1420,5%@1420,30%@1420,0%@1420] EMC_FREQ 0% GR3D_FREQ 0% AUX@44C CPU@45.5C thermal@44.8C AO@44.5C GPU@44.5C PMIC@50C
1791262052.824778 10-06-2026 13:47:32 RAM 4206/6833MB (lfb 2x1MB) SWAP 118/3417MB (cached 1MB) CPU [9%@1420,4%@1420,14%@1420,0%@1420,35%@1420,0%@1420] EMC_FREQ 0% GR3D_FREQ 0% AUX@44.5C CPU@45.5C thermal@44.8C AO@44C GPU@44.5C PMIC@50C
1791262053.028768 10-06-2026 13:47:33 RAM 4215/6833MB (lfb 2x1MB) SWAP 118/3417MB (cached 1MB) CPU [0%@1420,0%@1420,5%@1420,14%@1420,23%@1420,4%@1420] EMC_FREQ 0% GR3D_FREQ 0% AUX@44.5C CPU@45.5C thermal@44.8C AO@44C GPU@44.5C PMIC@50C
1791262053.232598 10-06-2026 13:47:33 RAM 4224/6833MB (lfb 2x1MB) SWAP 118/3417MB (cached 1MB) CPU [0%@1190,9%@1190,5%@1190,10%@1190,31%@1420,0%@1420] EMC_FREQ 0% GR3D_FREQ 0% AUX@44.5C CPU@45C thermal@44.8C AO@44.5C GPU@44.5C PMIC@50C
1791262053.437097 10-06-2026 13:47:33 RAM 4236/6833MB (lfb 2x1MB) SWAP 118/3417MB (cached 1MB) CPU [5%@1190,5%@1190,9%@1190,10%@1190,42%@1190,9%@1190] EMC_FREQ 0% GR3D_FREQ 0% AUX@44.5C CPU@45.5C thermal@44.8C AO@44C GPU@44.5C PMIC@50C
1791262053.641308 10-06-2026 13:47:33 RAM 4248/6833MB (lfb 2x1MB) SWAP 118/3417MB (cached 1MB) CPU [9%@1420,9%@1420,5%@1420,14%@1420,35%@1420,4%@1420] EMC_FREQ 0% GR3D_FREQ 0% AUX@44.5C CPU@45.5C thermal@44.8C AO@44C GPU@44.5C PMIC@50C
1791262053.844786 10-06-2026 13:47:33 RAM 4260/6833MB (lfb 2x1MB) SWAP 118/3417MB (cached 1MB) CPU [4%@1344,0%@1344,10%@1344,5%@1344,38%@1344,0%@1344] EMC_FREQ 0% GR3D_FREQ 0% AUX@44.5C CPU@45C thermal@44.8C AO@44C GPU@44.5C PMIC@50C
1791262054.048486 10-06-2026 13:47:34 RAM 4272/6833MB (lfb 2x1MB) SWAP 118/3417MB (cached 1MB) CPU [65%@1420,4%@1420,10%@1420,14%@1420,36%@1420,0%@1420] EMC_FREQ 0% GR3D_FREQ 0% AUX@44C CPU@45C thermal@44.65C AO@44C GPU@44.5C PMIC@50C
1791262054.252600 10-06-2026 13:47:34 RAM 4279/6833MB (lfb 2x1MB) SWAP 118/3417MB (cached 1MB) CPU [0%@1420,5%@1420,14%@1420,14%@1420,28%@1420,0%@1420] EMC_FREQ 0% GR3D_FREQ 0% AUX@44C CPU@45C thermal@44.65C AO@44.5C GPU@44.5C PMIC@50C
1791262054.456548 10-06-2026 13:47:34 RAM 4290/6833MB (lfb 2x1MB) SWAP 118/3417MB (cached 1MB) CPU [14%@1190,5%@1190,0%@1190,10%@1420,40%@1420,4%@1420] EMC_FREQ 0% GR3D_FREQ 0% AUX@44C CPU@45C thermal@44.65C AO@44C GPU@44.5C PMIC@50C
1791262054.660501 10-06-2026 13:47:34 RAM 4302/6833MB (lfb 2x1MB) SWAP 118/3417MB (cached 1MB) CPU [0%@1420,5%@1420,0%@1420,15%@1420,42%@1420,5%@1420] EMC_FREQ 0% GR3D_FREQ 0% AUX@44.5C CPU@45C thermal@44.65C AO@44C GPU@44.5C PMIC@50C
1791262054.866150 10-06-2026 13:47:34 RAM 4314/6833MB (lfb 2x1MB) SWAP 118/3417MB (cached 1MB) CPU [5%@1190,5%@1190,9%@1190,9%@1190,42%@1190,0%@1190] EMC_FREQ 0% GR3D_FREQ 0% AUX@44C CPU@45.5C thermal@44.65C AO@44C GPU@44.5C PMIC@50C
1791262055.069856 10-06-2026 13:47:35 RAM 4325/6833MB (lfb 3x1MB) SWAP 118/3417MB (cached 1MB) CPU [13%@1420,9%@1420,0%@1420,10%@1420,47%@1420,4%@1420] EMC_FREQ 0% GR3D_FREQ 0% AUX@44C CPU@45C thermal@44.45C AO@44C GPU@44.5C PMIC@50C
1791262055.274493 10-06-2026 13:47:35 RAM 4333/6833MB (lfb 4x1MB) SWAP 118/3417MB (cached 1MB) CPU [5%@1420,0%@1420,4%@1420,5%@1420,38%@1420,9%@1420] EMC_FREQ 0% GR3D_FREQ 0% AUX@44C CPU@45C thermal@44.45C AO@44C GPU@44C PMIC@50C
1791262055.479237 10-06-2026 13:47:35 RAM 4358/6833MB (lfb 5x1MB) SWAP 118/3417MB (cached 1MB) CPU [9%@1420,14%@1420,9%@1420,9%@1420,100%@1420,5%@1420] EMC_FREQ 0% GR3D_FREQ 0% AUX@44C CPU@45.5C thermal@44.45C AO@44C GPU@44C PMIC@50C
1791262055.683172 10-06-2026 13:47:35 RAM 4384/6833MB (lfb 5x1MB) SWAP 118/3417MB (cached 1MB) CPU [0%@1420,4%@1420,10%@1420,9%@1420,100%@1420,5%@1420] EMC_FREQ 0% GR3D_FREQ 0% AUX@44C CPU@45.5C thermal@44.45C AO@44C GPU@44C PMIC@50C
1791262055.887721 10-06-2026 13:47:35 RAM 4416/6833MB (lfb 5x1MB) SWAP 118/3417MB (cached 1MB) CPU [5%@1420,0%@1420,9%@1420,9%@1420,100%@1420,5%@1420] EMC_FREQ 0% GR3D_FREQ 0% AUX@44C CPU@45.5C thermal@44.45C AO@44C GPU@44C PMIC@50C
1791262056.094528 10-06-2026 13:47:36 RAM 4447/6833MB (lfb 5x1MB) SWAP 119/3417MB (cached 1MB) CPU [10%@1420,13%@1420,5%@1420,71%@1420,100%@1420,5%@1420] EMC_FREQ 0% GR3D_FREQ 0% AUX@44.5C CPU@45.5C thermal@44.45C AO@44C GPU@44C PMIC@50C
1791262056.298363 10-06-2026 13:47:36 RAM 4496/6833MB (lfb 3x1MB) SWAP 119/3417MB (cached 1MB) CPU [17%@1420,10%@1420,50%@1420,55%@1420,20%@1420,4%@1420] EMC_FREQ 0% GR3D_FREQ 0% AUX@44C CPU@45C thermal@44.45C AO@44.5C GPU@44C PMIC@50C
1791262056.502818 10-06-2026 13:47:36 RAM 4543/6833MB (lfb 3x1MB) SWAP 121/3417MB (cached 1MB) CPU [0%@1420,15%@1420,5%@1420,100%@1420,38%@1420,0%@1420] EMC_FREQ 0% GR3D_FREQ 0% AUX@44C CPU@45.5C thermal@44.45C AO@44C GPU@44.5C PMIC@50C
1791262056.709367 10-06-2026 13:47:36 RAM 4593/6833MB (lfb 3x1MB) SWAP 123/3417MB (cached 1MB) CPU [13%@1420,14%@1420,5%@1420,100%@1420,30%@1420,19%@1420] EMC_FREQ 0% GR3D_FREQ 0% AUX@44C CPU@45C thermal@44.45C AO@44.5C GPU@44.5C PMIC@50C
1791262056.916041 10-06-2026 13:47:36 RAM 4645/6833MB (lfb 5x1MB) SWAP 124/3417MB (cached 1MB) CPU [20%@1420,73%@1420,13%@1420,71%@1420,5%@1420,35%@1420] EMC_FREQ 0% GR3D_FREQ 0% AUX@44C CPU@45C thermal@44.45C AO@44C GPU@44C PMIC@50C
1791262057.124835 10-06-2026 13:47:37 RAM 4678/6833MB (lfb 5x1MB) SWAP 135/3417MB (cached 1MB) CPU [23%@1420,100%@1420,19%@1420,38%@1420,5%@1420,100%@1420] EMC_FREQ 0% GR3D_FREQ 0% AUX@44C CPU@45.5C thermal@44.45C AO@44C GPU@44.5C PMIC@50C
1791262057.330369 10-06-2026 13:47:37 RAM 4707/6833MB (lfb 6x1MB) SWAP 140/3417MB (cached 1MB) CPU [42%@1420,71%@1420,28%@1420,40%@1420,19%@1420,76%@1420] EMC_FREQ 0% GR3D_FREQ 0% AUX@44C CPU@45.5C thermal@44.6C AO@44C GPU@44C PMIC@50C
1791262057.534541 10-06-2026 13:47:37 RAM 4717/6833MB (lfb 6x1MB) SWAP 140/3417MB (cached 1MB) CPU [15%@1420,45%@1420,5%@1420,30%@1420,5%@1420,15%@1420] EMC_FREQ 0% GR3D_FREQ 99% AUX@44C CPU@45.5C thermal@44.6C AO@44C GPU@44.5C PMIC@50C
1791262057.739164 10-06-2026 13:47:37 RAM 4732/6833MB (lfb 1x2MB) SWAP 144/3417MB (cached 1MB) CPU [5%@1420,31%@1420,5%@1420,20%@1420,4%@1420,30%@1420] EMC_FREQ 0% GR3D_FREQ 0% AUX@44C CPU@45.5C thermal@44.6C AO@44.5C GPU@45C PMIC@50C
1791262057.942925 10-06-2026 13:47:37 RAM 4695/6833MB (lfb 3x2MB) SWAP 148/3417MB (cached 1MB) CPU [19%@1190,80%@1420,14%@1420,28%@1420,10%@1420,52%@1420] EMC_FREQ 0% GR3D_FREQ 0% AUX@44C CPU@45.5C thermal@44.6C AO@44.5C GPU@45C PMIC@50C
1791262058.146237 10-06-2026 13:47:38 RAM 4692/6833MB (lfb 1x2MB) SWAP 148/3417MB (cached 1MB) CPU [0%@1190,4%@1190,0%@1420,5%@1420,0%@1420,0%@1420] EMC_FREQ 0% GR3D_FREQ 0% AUX@44C CPU@45.5C thermal@44.6C AO@44.5C GPU@44.5C PMIC@50C
1791262058.349701 10-06-2026 13:47:38 RAM 4472/6833MB (lfb 15x2MB) SWAP 148/3417MB (cached 1MB) CPU [0%@1420,25%@1420,38%@1420,10%@1420,19%@1420,5%@1420] EMC_FREQ 0% GR3D_FREQ 0% AUX@44C CPU@45C thermal@44.6C AO@44.5C GPU@44.5C PMIC@50C
1791262058.554075 10-06-2026 13:47:38 RAM 4358/6833MB (lfb 15x2MB) SWAP 148/3417MB (cached 1MB) CPU [0%@1420,0%@1420,90%@1420,9%@1420,0%@1420,0%@1420] EMC_FREQ 0% GR3D_FREQ 0% AUX@44C CPU@45C thermal@44.45C AO@44C GPU@44.5C PMIC@50C
1791262058.757749 10-06-2026 13:47:38 RAM 4358/6833MB (lfb 15x2MB) SWAP 148/3417MB (cached 1MB) CPU [0%@1420,0%@1420,100%@1420,5%@1420,0%@1420,61%@1420] EMC_FREQ 0% GR3D_FREQ 0% AUX@44C CPU@45C thermal@44.45C AO@44.5C GPU@44.5C PMIC@50C
1791262058.961695 10-06-2026 13:47:38 RAM 4358/6833MB (lfb 15x2MB) SWAP 148/3417MB (cached 1MB) CPU [4%@1420,0%@1420,100%@1420,0%@1420,0%@1420,5%@1420] EMC_FREQ 0% GR3D_FREQ 0% AUX@44C CPU@45C thermal@44.45C AO@44.5C GPU@44.5C PMIC@50C
1791262059.165561 10-06-2026 13:47:39 RAM 4358/6833MB (lfb 15x2MB) SWAP 148/3417MB (cached 1MB) CPU [4%@1420,0%@1420,100%@1420,4%@1420,0%@1420,0%@1420] EMC_FREQ 0% GR3D_FREQ 0% AUX@44C CPU@45C thermal@44.45C AO@44C GPU@44.5C PMIC@50C
1791262059.369719 10-06-2026 13:47:39 RAM 4347/6833MB (lfb 15x2MB) SWAP 148/3417MB (cached 1MB) CPU [0%@1420,66%@1420,100%@1420,0%@1420,0%@1420,0%@1420] EMC_FREQ 0% GR3D_FREQ 0% AUX@44C CPU@45C thermal@44.45C AO@44C GPU@44.5C PMIC@50C
1791262059.573997 10-06-2026 13:47:39 RAM 4344/6833MB (lfb 15x2MB) SWAP 148/3417MB (cached 1MB) CPU [0%@1420,9%@1420,100%@1420,0%@1420,0%@1420,4%@1420] EMC_FREQ 0% GR3D_FREQ 0% AUX@44C CPU@45C thermal@44.45C AO@44C GPU@44.5C PMIC@50C
1791262059.778067 10-06-2026 13:47:39 RAM 4344/6833MB (lfb 15x2MB) SWAP 148/3417MB (cached 1MB) CPU [4%@1420,0%@1420,13%@1420,0%@1420,90%@1420,0%@1420] EMC_FREQ 0% GR3D_FREQ 0% AUX@44C CPU@45C thermal@44.45C AO@44C GPU@44.5C PMIC@50C
1791262059.981364 10-06-2026 13:47:39 RAM 4344/6833MB (lfb 15x2MB) SWAP 148/3417MB (cached 1MB) CPU [0%@1420,0%@1420,0%@1420,0%@1420,90%@1420,4%@1420] EMC_FREQ 0% GR3D_FREQ 0% AUX@44C CPU@45C thermal@44.45C AO@44C GPU@44.5C PMIC@50C
1791262060.184770 10-06-2026 13:47:40 RAM 4343/6833MB (lfb 15x2MB) SWAP 148/3417MB (cached 1MB) CPU [0%@1420,0%@1420,0%@1420,9%@1420,0%@1420,95%@1420] EMC_FREQ 0% GR3D_FREQ 0% AUX@44C CPU@45C thermal@44.45C AO@44C GPU@44.5C PMIC@50C
1791262060.388059 10-06-2026 13:47:40 RAM 3926/6833MB (lfb 19x4MB) SWAP 148/3417MB (cached 1MB) CPU [23%@1420,0%@1420,0%@1420,4%@1420,47%@1420,26%@1420] EMC_FREQ 0% GR3D_FREQ 0% AUX@44C CPU@45C thermal@44.45C AO@44C GPU@44.5C PMIC@50C
1791262060.591397 10-06-2026 13:47:40 RAM 3840/6833MB (lfb 24x4MB) SWAP 148/3417MB (cached 1MB) CPU [0%@1420,0%@1420,0%@1420,0%@1420,89%@1420,4%@1420] EMC_FREQ 0% GR3D_FREQ 0% AUX@44C CPU@45C thermal@44.45C AO@44.5C GPU@44.5C PMIC@50C
1791262060.794713 10-06-2026 13:47:40 RAM 3841/6833MB (lfb 24x4MB) SWAP 148/3417MB (cached 1MB) CPU [4%@1420,0%@1420,0%@1420,4%@1420,83%@1420,0%@1420] EMC_FREQ 0% GR3D_FREQ 0% AUX@44C CPU@45C thermal@44.45C AO@44C GPU@44.5C PMIC@50C
1791262060.998656 10-06-2026 13:47:40 RAM 3840/6833MB (lfb 24x4MB) SWAP 148/3417MB (cached 1MB) CPU [9%@1420,4%@1420,0%@1420,0%@1420,0%@1420,86%@1420] EMC_FREQ 0% GR3D_FREQ 0% AUX@43.5C CPU@45C thermal@44.45C AO@44C GPU@44.5C PMIC@50C
1791262061.202228 10-06-2026 13:47:41 RAM 3840/6833MB (lfb 24x4MB) SWAP 148/3417MB (cached 1MB) CPU [20%@1190,0%@1190,0%@1190,4%@1420,0%@1420,100%@1420] EMC_FREQ 0% GR3D_FREQ 0% AUX@44C CPU@45C thermal@44.45C AO@44C GPU@44.5C PMIC@50C
1791262061.406119 10-06-2026 13:47:41 RAM 3840/6833MB (lfb 24x4MB) SWAP 148/3417MB (cached 1MB) CPU [0%@1420,4%@1420,0%@1420,5%@1420,23%@1420,61%@1420] EMC_FREQ 0% GR3D_FREQ 0% AUX@44C CPU@45C thermal@44.45C AO@44C GPU@44.5C PMIC@50C
1791262061.609496 10-06-2026 13:47:41 RAM 3840/6833MB (lfb 24x4MB) SWAP 148/3417MB (cached 1MB) CPU [13%@1420,0%@1420,0%@1420,0%@1420,100%@1420,0%@1420] EMC_FREQ 0% GR3D_FREQ 0% AUX@44C CPU@45C thermal@44.45C AO@44C GPU@44.5C PMIC@50C
1791262061.812725 10-06-2026 13:47:41 RAM 3840/6833MB (lfb 24x4MB) SWAP 148/3417MB (cached 1MB) CPU [4%@1420,0%@1420,0%@1420,4%@1420,35%@1420,50%@1420] EMC_FREQ 0% GR3D_FREQ 0% AUX@44C CPU@45C thermal@44.45C AO@43.5C GPU@44.5C PMIC@50C
1791262062.015884 10-06-2026 13:47:42 RAM 3840/6833MB (lfb 24x4MB) SWAP 148/3417MB (cached 1MB) CPU [0%@1420,4%@1420,0%@1420,0%@1420,63%@1420,33%@1420] EMC_FREQ 0% GR3D_FREQ 0% AUX@44C CPU@45C thermal@44.45C AO@44C GPU@44.5C PMIC@50C
1791262062.219054 10-06-2026 13:47:42 RAM 3840/6833MB (lfb 24x4MB) SWAP 148/3417MB (cached 1MB) CPU [0%@1420,0%@1420,0%@1420,0%@1420,31%@1420,40%@1420] EMC_FREQ 0% GR3D_FREQ 0% AUX@44C CPU@45C thermal@44.45C AO@44C GPU@44.5C PMIC@50C
1791262062.422382 10-06-2026 13:47:42 RAM 3840/6833MB (lfb 24x4MB) SWAP 148/3417MB (cached 1MB) CPU [0%@1190,0%@1190,0%@1420,0%@1420,5%@1420,50%@1420] EMC_FREQ 0% GR3D_FREQ 0% AUX@43.5C CPU@44.5C thermal@44.45C AO@44C GPU@44.5C PMIC@50C
1791262062.626120 10-06-2026 13:47:42 RAM 3840/6833MB (lfb 24x4MB) SWAP 148/3417MB (cached 1MB) CPU [4%@1420,0%@1420,0%@1420,0%@1420,72%@1420,0%@1420] EMC_FREQ 0% GR3D_FREQ 0% AUX@44C CPU@45C thermal@44.45C AO@43.5C GPU@44C PMIC@50C
1791262062.829496 10-06-2026 13:47:42 RAM 3840/6833MB (lfb 24x4MB) SWAP 148/3417MB (cached 1MB) CPU [4%@1420,0%@1420,0%@1420,4%@1420,100%@1420,0%@1420] EMC_FREQ 0% GR3D_FREQ 0% AUX@44C CPU@45C thermal@44.45C AO@44C GPU@44.5C PMIC@50C
1791262063.032964 10-06-2026 13:47:43 RAM 3840/6833MB (lfb 24x4MB) SWAP 148/3417MB (cached 1MB) CPU [5%@1420,0%@1420,0%@1420,0%@1420,100%@1420,0%@1420] EMC_FREQ 0% GR3D_FREQ 0% AUX@44C CPU@45C thermal@44.45C AO@44C GPU@44.5C PMIC@50C
1791262063.236159 10-06-2026 13:47:43 RAM 3840/6833MB (lfb 24x4MB) SWAP 148/3417MB (cached 1MB) CPU [5%@1420,0%@1420,0%@1420,0%@1420,95%@1420,0%@1420] EMC_FREQ 0% GR3D_FREQ 0% AUX@44C CPU@44.5C thermal@44.45C AO@44C GPU@44C PMIC@50C
1791262063.439420 10-06-2026 13:47:43 RAM 3840/6833MB (lfb 24x4MB) SWAP 148/3417MB (cached 1MB) CPU [0%@1420,0%@1420,0%@1420,4%@1420,15%@1420,57%@1420] EMC_FREQ 0% GR3D_FREQ 0% AUX@44C CPU@44.5C thermal@44.45C AO@44C GPU@44.5C PMIC@50C
1791262063.642673 10-06-2026 13:47:43 RAM 3840/6833MB (lfb 24x4MB) SWAP 148/3417MB (cached 1MB) CPU [4%@1420,0%@1420,0%@1420,0%@1420,73%@1420,23%@1420] EMC_FREQ 0% GR3D_FREQ 0% AUX@43.5C CPU@44.5C thermal@44.45C AO@44C GPU@44.5C PMIC@50C
1791262063.845973 10-06-2026 13:47:43 RAM 3840/6833MB (lfb 24x4MB) SWAP 148/3417MB (cached 1MB) CPU [0%@1420,0%@1420,0%@1420,4%@1420,40%@1420,42%@1420] EMC_FREQ 0% GR3D_FREQ 0% AUX@44C CPU@45C thermal@44.45C AO@44C GPU@44C PMIC@50C
1791262064.049235 10-06-2026 13:47:44 RAM 3840/6833MB (lfb 24x4MB) SWAP 148/3417MB (cached 1MB) CPU [4%@1420,0%@1420,0%@1420,4%@1420,9%@1420,52%@1420] EMC_FREQ 0% GR3D_FREQ 0% AUX@44C CPU@45C thermal@43.95C AO@44C GPU@44C PMIC@50C
1791262064.252431 10-06-2026 13:47:44 RAM 3840/6833MB (lfb 24x4MB) SWAP 148/3417MB (cached 1MB) CPU [4%@1190,9%@1190,0%@1190,0%@1190,10%@1190,18%@1190] EMC_FREQ 0% GR3D_FREQ 0% AUX@44C CPU@44.5C thermal@43.95C AO@44C GPU@44.5C PMIC@50C
1791262064.455916 10-06-2026 13:47:44 RAM 3840/6833MB (lfb 24x4MB) SWAP 148/3417MB (cached 1MB) CPU [0%@1420,0%@1420,0%@1420,4%@1420,9%@1420,16%@1420] EMC_FREQ 0% GR3D_FREQ 0% AUX@44C CPU@44.5C thermal@43.95C AO@44C GPU@44C PMIC@50C
1791262064.659039 10-06-2026 13:47:44 RAM 3840/6833MB (lfb 24x4MB) SWAP 148/3417MB (cached 1MB) CPU [0%@1420,65%@1420,0%@1420,0%@1420,0%@1420,76%@1420] EMC_FREQ 0% GR3D_FREQ 0% AUX@44C CPU@45C thermal@43.95C AO@43.5C GPU@44C PMIC@50C
1791262064.862381 10-06-2026 13:47:44 RAM 3840/6833MB (lfb 24x4MB) SWAP 148/3417MB (cached 1MB) CPU [0%@1420,4%@1420,0%@1420,0%@1420,0%@1420,90%@1420] EMC_FREQ 0% GR3D_FREQ 0% AUX@44C CPU@44.5C thermal@43.95C AO@44C GPU@44C PMIC@50C
1791262065.065545 10-06-2026 13:47:45 RAM 3840/6833MB (lfb 24x4MB) SWAP 148/3417MB (cached 1MB) CPU [4%@1420,0%@1420,0%@1420,0%@1420,95%@1420,0%@1420] EMC_FREQ 0% GR3D_FREQ 0% AUX@43.5C CPU@44.5C thermal@43.95C AO@44C GPU@44C PMIC@50C
1791262065.268821 10-06-2026 13:47:45 RAM 3840/6833MB (lfb 24x4MB) SWAP 148/3417MB (cached 1MB) CPU [0%@1190,0%@1190,0%@1190,5%@1190,9%@1190,15%@1420] EMC_FREQ 0% GR3D_FREQ 0% AUX@43.5C CPU@44.5C thermal@44.1C AO@43.5C GPU@44C PMIC@50C
1791262065.472556 10-06-2026 13:47:45 RAM 3840/6833MB (lfb 24x4MB) SWAP 148/3417MB (cached 1MB) CPU [5%@1420,0%@1420,0%@1420,0%@1420,0%@1420,76%@1420] EMC_FREQ 0% GR3D_FREQ 0% AUX@44C CPU@45C thermal@44.1C AO@43.5C GPU@44C PMIC@50C
1791262065.675943 10-06-2026 13:47:45 RAM 3840/6833MB (lfb 24x4MB) SWAP 148/3417MB (cached 1MB) CPU [5%@1420,0%@1420,0%@1420,0%@1420,0%@1420,100%@1420] EMC_FREQ 0% GR3D_FREQ 0% AUX@44C CPU@44.5C thermal@44.1C AO@43.5C GPU@44.5C PMIC@50C
1791262065.879116 10-06-2026 13:47:45 RAM 3840/6833MB (lfb 24x4MB) SWAP 148/3417MB (cached 1MB) CPU [0%@1190,0%@1420,4%@1420,0%@1420,9%@1420,15%@1420] EMC_FREQ 0% GR3D_FREQ 0% AUX@43.5C CPU@44.5C thermal@44.1C AO@43.5C GPU@44C PMIC@50C
1791262066.082829 10-06-2026 13:47:46 RAM 3840/6833MB (lfb 24x4MB) SWAP 148/3417MB (cached 1MB) CPU [13%@1420,0%@1420,0%@1420,0%@1420,86%@1420,0%@1420] EMC_FREQ 0% GR3D_FREQ 0% AUX@43.5C CPU@45C thermal@44.1C AO@43.5C GPU@44C PMIC@50C
1791262066.286499 10-06-2026 13:47:46 RAM 3840/6833MB (lfb 24x4MB) SWAP 148/3417MB (cached 1MB) CPU [5%@1420,0%@1420,0%@1420,4%@1420,100%@1420,4%@1420] EMC_FREQ 0% GR3D_FREQ 0% AUX@43.5C CPU@44.5C thermal@44.15C AO@43.5C GPU@44C PMIC@50C
1791262066.490134 10-06-2026 13:47:46 RAM 3814/6833MB (lfb 30x4MB) SWAP 148/3417MB (cached 1MB) CPU [5%@1420,4%@1420,0%@1420,0%@1420,100%@1420,0%@1420] EMC_FREQ 0% GR3D_FREQ 0% AUX@43.5C CPU@44.5C thermal@44.15C AO@43.5C GPU@43.5C PMIC@50C
1791262066.693786 10-06-2026 13:47:46 RAM 3814/6833MB (lfb 30x4MB) SWAP 148/3417MB (cached 1MB) CPU [0%@1420,0%@1420,0%@1420,4%@1420,100%@1420,4%@1420] EMC_FREQ 0% GR3D_FREQ 0% AUX@43.5C CPU@45C thermal@44.15C AO@44C GPU@44C PMIC@50C
1791262066.897256 10-06-2026 13:47:46 RAM 3814/6833MB (lfb 30x4MB) SWAP 148/3417MB (cached 1MB) CPU [5%@1420,0%@1420,0%@1420,0%@1420,100%@1420,0%@1420] EMC_FREQ 0% GR3D_FREQ 0% AUX@43.5C CPU@44.5C thermal@44.15C AO@43.5C GPU@43.5C PMIC@50C
1791262067.100572 10-06-2026 13:47:47 RAM 3786/6833MB (lfb 30x4MB) SWAP 148/3417MB (cached 1MB) CPU [0%@1420,0%@1420,0%@1420,0%@1420,100%@1420,0%@1420] EMC_FREQ 0% GR3D_FREQ 0% AUX@43.5C CPU@44.5C thermal@44.15C AO@43.5C GPU@43.5C PMIC@50C
1791262067.304269 10-06-2026 13:47:47 RAM 3721/6833MB (lfb 30x4MB) SWAP 148/3417MB (cached 1MB) CPU [0%@1420,0%@1420,0%@1420,4%@1420,100%@1420,0%@1420] EMC_FREQ 0% GR3D_FREQ 0% AUX@43.5C CPU@44.5C thermal@44.15C AO@43.5C GPU@43.5C PMIC@50C
1791262067.507912 10-06-2026 13:47:47 RAM 3628/6833MB (lfb 34x4MB) SWAP 148/3417MB (cached 1MB) CPU [0%@1420,0%@1420,0%@1420,4%@1420,100%@1420,0%@1420] EMC_FREQ 0% GR3D_FREQ 0% AUX@43.5C CPU@44.5C thermal@43.8C AO@43.5C GPU@43.5C PMIC@50C
1791262067.711324 10-06-2026 13:47:47 RAM 3391/6833MB (lfb 50x4MB) SWAP 148/3417MB (cached 1MB) CPU [0%@1420,0%@1420,0%@1420,0%@1420,100%@1420,0%@1420] EMC_FREQ 0% GR3D_FREQ 0% AUX@43.5C CPU@44.5C thermal@43.8C AO@43.5C GPU@43.5C PMIC@50C
1791262067.916515 10-06-2026 13:47:47 RAM 3276/6833MB (lfb 50x4MB) SWAP 144/3417MB (cached 1MB) CPU [21%@1420,5%@1420,0%@1420,0%@1420,70%@1420,0%@1420] EMC_FREQ 0% GR3D_FREQ 0% AUX@43.5C CPU@44.5C thermal@43.8C AO@44C GPU@43.5C PMIC@50C
1791262068.119952 10-06-2026 13:47:48 RAM 3276/6833MB (lfb 50x4MB) SWAP 144/3417MB (cached 1MB) CPU [0%@1190,0%@1190,4%@1190,0%@1190,0%@1190,4%@1190] EMC_FREQ 0% GR3D_FREQ 0% AUX@43.5C CPU@44.5C thermal@43.8C AO@44C GPU@43.5C PMIC@50C
1791262068.323252 10-06-2026 13:47:48 RAM 3276/6833MB (lfb 50x4MB) SWAP 144/3417MB (cached 1MB) CPU [4%@1190,0%@1190,0%@1420,0%@1420,0%@1420,0%@1420] EMC_FREQ 0% GR3D_FREQ 0% AUX@43.5C CPU@44C thermal@43.8C AO@43.5C GPU@43.5C PMIC@50C
1791262068.526496 10-06-2026 13:47:48 RAM 3272/6833MB (lfb 50x4MB) SWAP 144/3417MB (cached 1MB) CPU [0%@1420,0%@1420,55%@1420,0%@1420,0%@1420,0%@1420] EMC_FREQ 0% GR3D_FREQ 0% AUX@43.5C CPU@44C thermal@43.65C AO@43.5C GPU@43.5C PMIC@50C
1791262068.729720 10-06-2026 13:47:48 RAM 3265/6833MB (lfb 50x4MB) SWAP 144/3417MB (cached 1MB) CPU [5%@1420,0%@1420,71%@1420,9%@1420,4%@1420,0%@1420] EMC_FREQ 0% GR3D_FREQ 0% AUX@43.5C CPU@44C thermal@43.65C AO@43.5C GPU@43.5C PMIC@50C
1791262068.933063 10-06-2026 13:47:48 RAM 3259/6833MB (lfb 50x4MB) SWAP 144/3417MB (cached 1MB) CPU [0%@1190,0%@1190,40%@1190,13%@1190,0%@1190,0%@1190] EMC_FREQ 0% GR3D_FREQ 0% AUX@43.5C CPU@44C thermal@43.65C AO@43.5C GPU@43.5C PMIC@50C
1791262069.136445 10-06-2026 13:47:49 RAM 3253/6833MB (lfb 51x4MB) SWAP 144/3417MB (cached 1MB) CPU [0%@1190,0%@1190,14%@1190,5%@1190,0%@1190,0%@1190] EMC_FREQ 0% GR3D_FREQ 0% AUX@43.5C CPU@44C thermal@43.65C AO@43.5C GPU@43.5C PMIC@50C
1791262069.339658 10-06-2026 13:47:49 RAM 3073/6833MB (lfb 51x4MB) SWAP 144/3417MB (cached 1MB) CPU [9%@1420,4%@1420,38%@1420,5%@1420,0%@1420,4%@1420] EMC_FREQ 0% GR3D_FREQ 0% AUX@43.5C CPU@44C thermal@43.65C AO@43.5C GPU@43.5C PMIC@50C
1791262069.543290 10-06-2026 13:47:49 RAM 2073/6833MB (lfb 165x4MB) SWAP 144/3417MB (cached 1MB) CPU [0%@1420,0%@1420,100%@1420,0%@1420,4%@1420,4%@1420] EMC_FREQ 0% GR3D_FREQ 0% AUX@43C CPU@44C thermal@43.65C AO@43.5C GPU@43.5C PMIC@50C
1791262069.746694 10-06-2026 13:47:49 RAM 1653/6833MB (lfb 180x4MB) SWAP 144/3417MB (cached 1MB) CPU [0%@1420,0%@1420,100%@1420,0%@1420,0%@1420,0%@1420] EMC_FREQ 0% GR3D_FREQ 0% AUX@43C CPU@44C thermal@43.65C AO@43.5C GPU@43.5C PMIC@50C
