1791262904.733871 10-06-2026 14:01:44 RAM 1615/6833MB (lfb 158x4MB) SWAP 131/3417MB (cached 1MB) CPU [0%@1420,4%@1420,0%@1420,0%@1420,0%@1420,95%@1420] EMC_FREQ 0% GR3D_FREQ 0% AUX@43C CPU@44C thermal@43.25C AO@43.5C GPU@43.5C PMIC@50C
1791262904.937141 10-06-2026 14:01:44 RAM 1617/6833MB (lfb 158x4MB) SWAP 131/3417MB (cached 1MB) CPU [0%@1420,0%@1420,4%@1420,0%@1420,0%@1420,95%@1420] EMC_FREQ 0% GR3D_FREQ 0% AUX@43C CPU@44.5C thermal@43.25C AO@43C GPU@43.5C PMIC@50C
1791262905.140652 10-06-2026 14:01:45 RAM 1617/6833MB (lfb 158x4MB) SWAP 131/3417MB (cached 1MB) CPU [4%@1420,0%@1420,0%@1420,0%@1420,0%@1420,95%@1420] EMC_FREQ 0% GR3D_FREQ 0% AUX@43C CPU@44C thermal@43.3C AO@43C GPU@43.5C PMIC@50C
1791262905.344105 10-06-2026 14:01:45 RAM 1619/6833MB (lfb 158x4MB) SWAP 131/3417MB (cached 1MB) CPU [0%@1420,0%@1420,0%@1420,4%@1420,0%@1420,90%@1420] EMC_FREQ 0% GR3D_FREQ 0% AUX@43C CPU@44C thermal@43.3C AO@43C GPU@43.5C PMIC@50C
1791262905.547441 10-06-2026 14:01:45 RAM 1619/6833MB (lfb 158x4MB) SWAP 131/3417MB (cached 1MB) CPU [4%@1420,0%@1420,36%@1420,0%@1420,0%@1420,54%@1420] EMC_FREQ 0% GR3D_FREQ 0% AUX@43C CPU@44C thermal@43.3C AO@43.5C GPU@43.5C PMIC@50C
1791262905.751497 10-06-2026 14:01:45 RAM 1619/6833MB (lfb 158x4MB) SWAP 131/3417MB (cached 1MB) CPU [0%@1420,0%@1420,28%@1420,63%@1420,0%@1420,0%@1420] EMC_FREQ 0% GR3D_FREQ 0% AUX@43C CPU@44C thermal@43.3C AO@43.5C GPU@43.5C PMIC@50C
1791262905.955355 10-06-2026 14:01:45 RAM 1620/6833MB (lfb 158x4MB) SWAP 131/3417MB (cached 1MB) CPU [4%@1420,0%@1420,4%@1420,33%@1420,52%@1420,4%@1420] EMC_FREQ 0% GR3D_FREQ 0% AUX@43C CPU@44C thermal@43.3C AO@43.5C GPU@43.5C PMIC@50C
1791262906.159038 10-06-2026 14:01:46 RAM 1622/6833MB (lfb 158x4MB) SWAP 131/3417MB (cached 1MB) CPU [5%@1420,0%@1420,0%@1420,0%@1420,65%@1420,23%@1420] EMC_FREQ 0% GR3D_FREQ 0% AUX@43C CPU@44C thermal@43.3C AO@43C GPU@43.5C PMIC@50C
1791262906.362312 10-06-2026 14:01:46 RAM 1624/6833MB (lfb 158x4MB) SWAP 131/3417MB (cached 1MB) CPU [4%@1420,9%@1420,4%@1420,0%@1420,68%@1420,19%@1420] EMC_FREQ 0% GR3D_FREQ 0% AUX@43C CPU@44C thermal@43.45C AO@43C GPU@43.5C PMIC@50C
1791262906.565800 10-06-2026 14:01:46 RAM 1624/6833MB (lfb 158x4MB) SWAP 131/3417MB (cached 1MB) CPU [0%@1420,0%@1420,0%@1420,0%@1420,90%@1420,0%@1420] EMC_FREQ 0% GR3D_FREQ 0% AUX@43C CPU@44C thermal@43.45C AO@43C GPU@43.5C PMIC@50C
1791262906.769138 10-06-2026 14:01:46 RAM 1625/6833MB (lfb 158x4MB) SWAP 131/3417MB (cached 1MB) CPU [0%@1420,0%@1420,0%@1420,0%@1420,100%@1420,0%@1420] EMC_FREQ 0% GR3D_FREQ 0% AUX@43C CPU@44C thermal@43.45C AO@43C GPU@43.5C PMIC@50C
1791262906.972501 10-06-2026 14:01:46 RAM 1625/6833MB (lfb 158x4MB) SWAP 131/3417MB (cached 1MB) CPU [4%@1420,4%@1420,0%@1420,0%@1420,80%@1420,10%@1420] EMC_FREQ 0% GR3D_FREQ 0% AUX@43C CPU@43.5C thermal@43.45C AO@43C GPU@43C PMIC@50C
1791262907.175681 10-06-2026 14:01:47 RAM 1626/6833MB (lfb 158x4MB) SWAP 131/3417MB (cached 1MB) CPU [0%@1420,0%@1420,0%@1420,0%@1420,0%@1420,94%@1420] EMC_FREQ 0% GR3D_FREQ 0% AUX@43C CPU@44C thermal@43.45C AO@43C GPU@43.5C PMIC@50C
1791262907.379067 10-06-2026 14:01:47 RAM 1629/6833MB (lfb 158x4MB) SWAP 131/3417MB (cached 1MB) CPU [5%@1420,4%@1420,0%@1420,4%@1420,0%@1420,90%@1420] EMC_FREQ 0% GR3D_FREQ 0% AUX@43C CPU@44C thermal@43.45C AO@43C GPU@43C PMIC@50C
1791262907.582489 10-06-2026 14:01:47 RAM 1630/6833MB (lfb 158x4MB) SWAP 131/3417MB (cached 1MB) CPU [0%@1420,0%@1420,0%@1420,0%@1420,0%@1420,90%@1420] EMC_FREQ 0% GR3D_FREQ 0% AUX@43C CPU@43.5C thermal@43.45C AO@43C GPU@43C PMIC@50C
1791262907.785935 10-06-2026 14:01:47 RAM 1642/6833MB (lfb 158x4MB) SWAP 131/3417MB (cached 1MB) CPU [85%@1420,90%@1420,85%@1420,90%@1420,100%@1420,90%@1420] EMC_FREQ 0% GR3D_FREQ 0% AUX@43C CPU@44C thermal@43.45C AO@43C GPU@43.5C PMIC@50C
1791262908.035193 10-06-2026 14:01:48 RAM 1643/6833MB (lfb 158x4MB) SWAP 131/3417MB (cached 1MB) CPU [100%@1420,100%@1420,100%@1420,100%@1420,69%@1420,100%@1420] EMC_FREQ 0% GR3D_FREQ 0% AUX@43C CPU@44C thermal@43.45C AO@43C GPU@43C PMIC@50C
1791262908.238746 10-06-2026 14:01:48 RAM 1645/6833MB (lfb 158x4MB) SWAP 131/3417MB (cached 1MB) CPU [88%@1420,100%@1420,100%@1420,100%@1420,100%@1420,100%@1420] EMC_FREQ 0% GR3D_FREQ 0% AUX@43C CPU@44.5C thermal@43.45C AO@43C GPU@43.5C PMIC@50C
1791262908.455439 10-06-2026 14:01:48 RAM 1648/6833MB (lfb 158x4MB) SWAP 131/3417MB (cached 1MB) CPU [95%@1420,100%@1420,100%@1420,100%@1420,100%@1420,100%@1420] EMC_FREQ 0% GR3D_FREQ 0% AUX@43C CPU@44.5C thermal@43.6C AO@43C GPU@43.5C PMIC@50C
1791262908.658699 10-06-2026 14:01:48 RAM 1652/6833MB (lfb 158x4MB) SWAP 131/3417MB (cached 1MB) CPU [90%@1420,100%@1420,100%@1420,100%@1420,100%@1420,100%@1420] EMC_FREQ 0% GR3D_FREQ 0% AUX@43C CPU@44.5C thermal@43.6C AO@43C GPU@43C PMIC@50C
1791262908.862217 10-06-2026 14:01:48 RAM 1654/6833MB (lfb 158x4MB) SWAP 131/3417MB (cached 1MB) CPU [100%@1420,100%@1420,100%@1420,100%@1420,100%@1420,100%@1420] EMC_FREQ 0% GR3D_FREQ 0% AUX@43C CPU@44.5C thermal@43.6C AO@43C GPU@43C PMIC@50C
1791262909.065717 10-06-2026 14:01:49 RAM 1655/6833MB (lfb 158x4MB) SWAP 131/3417MB (cached 1MB) CPU [90%@1420,100%@1420,100%@1420,100%@1420,100%@1420,100%@1420] EMC_FREQ 0% GR3D_FREQ 0% AUX@43C CPU@44.5C thermal@43.6C AO@43C GPU@43.5C PMIC@50C
1791262909.269146 10-06-2026 14:01:49 RAM 1656/6833MB (lfb 158x4MB) SWAP 131/3417MB (cached 1MB) CPU [95%@1420,100%@1420,100%@1420,100%@1420,100%@1420,100%@1420] EMC_FREQ 0% GR3D_FREQ 0% AUX@43C CPU@44.5C thermal@43.6C AO@43C GPU@43.5C PMIC@50C
1791262909.472548 10-06-2026 14:01:49 RAM 1656/6833MB (lfb 158x4MB) SWAP 131/3417MB (cached 1MB) CPU [95%@1420,100%@1420,100%@1420,100%@1420,100%@1420,100%@1420] EMC_FREQ 0% GR3D_FREQ 0% AUX@43C CPU@44.5C thermal@43.6C AO@43C GPU@43C PMIC@50C
1791262909.675921 10-06-2026 14:01:49 RAM 1658/6833MB (lfb 158x4MB) SWAP 131/3417MB (cached 1MB) CPU [95%@1420,100%@1420,100%@1420,100%@1420,100%@1420,100%@1420] EMC_FREQ 0% GR3D_FREQ 0% AUX@43C CPU@44.5C thermal@43.6C AO@43C GPU@43C PMIC@50C
1791262909.879211 10-06-2026 14:01:49 RAM 1659/6833MB (lfb 158x4MB) SWAP 131/3417MB (cached 1MB) CPU [88%@1420,100%@1420,100%@1420,100%@1420,100%@1420,100%@1420] EMC_FREQ 0% GR3D_FREQ 0% AUX@43C CPU@44.5C thermal@43.6C AO@43C GPU@43.5C PMIC@50C
1791262910.083002 10-06-2026 14:01:50 RAM 1660/6833MB (lfb 158x4MB) SWAP 131/3417MB (cached 1MB) CPU [89%@1420,100%@1420,100%@1420,100%@1420,100%@1420,100%@1420] EMC_FREQ 0% GR3D_FREQ 0% AUX@43C CPU@44.5C thermal@43.6C AO@43C GPU@43.5C PMIC@50C
1791262910.286751 10-06-2026 14:01:50 RAM 1661/6833MB (lfb 158x4MB) SWAP 131/3417MB (cached 1MB) CPU [95%@1420,100%@1420,100%@1420,100%@1420,100%@1420,100%@1420] EMC_FREQ 0% GR3D_FREQ 0% AUX@42.5C CPU@44.5C thermal@43.6C AO@43C GPU@43.5C PMIC@50C
1791262910.490178 10-06-2026 14:01:50 RAM 1663/6833MB (lfb 158x4MB) SWAP 131/3417MB (cached 1MB) CPU [94%@1420,100%@1420,100%@1420,100%@1420,100%@1420,100%@1420] EMC_FREQ 0% GR3D_FREQ 0% AUX@43C CPU@44.5C thermal@43.6C AO@43C GPU@43.5C PMIC@50C
1791262910.693737 10-06-2026 14:01:50 RAM 1664/6833MB (lfb 158x4MB) SWAP 131/3417MB (cached 1MB) CPU [90%@1420,100%@1420,100%@1420,100%@1420,100%@1420,100%@1420] EMC_FREQ 0% GR3D_FREQ 0% AUX@43C CPU@44.5C thermal@43.6C AO@43C GPU@43.5C PMIC@50C
1791262910.897116 10-06-2026 14:01:50 RAM 1666/6833MB (lfb 158x4MB) SWAP 131/3417MB (cached 1MB) CPU [95%@1420,100%@1420,100%@1420,100%@1420,100%@1420,100%@1420] EMC_FREQ 0% GR3D_FREQ 0% AUX@43C CPU@44.5C thermal@43.6C AO@42.5C GPU@43C PMIC@50C
1791262911.100521 10-06-2026 14:01:51 RAM 1669/6833MB (lfb 158x4MB) SWAP 131/3417MB (cached 1MB) CPU [75%@1420,100%@1420,100%@1420,100%@1420,100%@1420,100%@1420] EMC_FREQ 0% GR3D_FREQ 0% AUX@43C CPU@44.5C thermal@43.6C AO@42.5C GPU@43.5C PMIC@50C
1791262911.303910 10-06-2026 14:01:51 RAM 1670/6833MB (lfb 158x4MB) SWAP 131/3417MB (cached 1MB) CPU [85%@1420,100%@1420,100%@1420,100%@1420,100%@1420,95%@1420] EMC_FREQ 0% GR3D_FREQ 0% AUX@43C CPU@44.5C thermal@43.6C AO@43C GPU@43.5C PMIC@50C
1791262911.507354 10-06-2026 14:01:51 RAM 1670/6833MB (lfb 158x4MB) SWAP 131/3417MB (cached 1MB) CPU [100%@1420,100%@1420,100%@1420,100%@1420,100%@1420,100%@1420] EMC_FREQ 0% GR3D_FREQ 0% AUX@42.5C CPU@44.5C thermal@43.6C AO@43C GPU@43C PMIC@50C
1791262911.710728 10-06-2026 14:01:51 RAM 1675/6833MB (lfb 158x4MB) SWAP 131/3417MB (cached 1MB) CPU [100%@1420,100%@1420,100%@1420,100%@1420,100%@1420,66%@1420] EMC_FREQ 0% GR3D_FREQ 0% AUX@43C CPU@44.5C thermal@43.6C AO@42.5C GPU@43C PMIC@50C
1791262911.914544 10-06-2026 14:01:51 RAM 1686/6833MB (lfb 158x4MB) SWAP 131/3417MB (cached 1MB) CPU [90%@1420,100%@1420,100%@1420,100%@1420,100%@1420,100%@1420] EMC_FREQ 0% GR3D_FREQ 10% AUX@43C CPU@44.5C thermal@43.45C AO@43C GPU@43C PMIC@50C
1791262912.117924 10-06-2026 14:01:52 RAM 1706/6833MB (lfb 158x4MB) SWAP 131/3417MB (cached 1MB) CPU [89%@1420,100%@1420,100%@1420,100%@1420,100%@1420,100%@1420] EMC_FREQ 0% GR3D_FREQ 0% AUX@43C CPU@44.5C thermal@43.45C AO@43C GPU@43C PMIC@50C
1791262912.321148 10-06-2026 14:01:52 RAM 1707/6833MB (lfb 158x4MB) SWAP 131/3417MB (cached 1MB) CPU [80%@1420,100%@1420,100%@1420,100%@1420,100%@1420,100%@1420] EMC_FREQ 0% GR3D_FREQ 0% AUX@43C CPU@44.5C thermal@43.45C AO@43C GPU@43C PMIC@50C
1791262912.524564 10-06-2026 14:01:52 RAM 1722/6833MB (lfb 158x4MB) SWAP 131/3417MB (cached 1MB) CPU [75%@1420,100%@1420,100%@1420,100%@1420,100%@1420,100%@1420] EMC_FREQ 0% GR3D_FREQ 0% AUX@43C CPU@44.5C thermal@43.45C AO@43C GPU@43C PMIC@50C
1791262912.727862 10-06-2026 14:01:52 RAM 1741/6833MB (lfb 158x4MB) SWAP 131/3417MB (cached 1MB) CPU [90%@1420,100%@1420,100%@1420,100%@1420,100%@1420,70%@1420] EMC_FREQ 0% GR3D_FREQ 0% AUX@43C CPU@44.5C thermal@43.45C AO@43C GPU@43C PMIC@50C
1791262912.931319 10-06-2026 14:01:52 RAM 1755/6833MB (lfb 158x4MB) SWAP 131/3417MB (cached 1MB) CPU [80%@1420,100%@1420,100%@1420,55%@1420,100%@1420,100%@1420] EMC_FREQ 0% GR3D_FREQ 0% AUX@43C CPU@44.5C thermal@43.6C AO@43C GPU@43C PMIC@50C
1791262913.134623 10-06-2026 14:01:53 RAM 1763/6833MB (lfb 158x4MB) SWAP 131/3417MB (cached 1MB) CPU [100%@1420,100%@1420,100%@1420,95%@1420,100%@1420,100%@1420] EMC_FREQ 0% GR3D_FREQ 0% AUX@43C CPU@45C thermal@43.6C AO@43C GPU@43C PMIC@50C
1791262913.337983 10-06-2026 14:01:53 RAM 1766/6833MB (lfb 158x4MB) SWAP 131/3417MB (cached 1MB) CPU [100%@1420,100%@1420,100%@1420,50%@1420,100%@1420,100%@1420] EMC_FREQ 0% GR3D_FREQ 0% AUX@43C CPU@44.5C thermal@43.6C AO@43C GPU@43C PMIC@50C
1791262913.541439 10-06-2026 14:01:53 RAM 1767/6833MB (lfb 158x4MB) SWAP 131/3417MB (cached 1MB) CPU [100%@1420,100%@1420,100%@1420,86%@1420,100%@1420,100%@1420] EMC_FREQ 0% GR3D_FREQ 0% AUX@43C CPU@44.5C thermal@43.6C AO@43C GPU@43.5C PMIC@50C
1791262913.744831 10-06-2026 14:01:53 RAM 1768/6833MB (lfb 158x4MB) SWAP 131/3417MB (cached 1MB) CPU [100%@1420,100%@1420,100%@1420,100%@1420,100%@1420,100%@1420] EMC_FREQ 0% GR3D_FREQ 0% AUX@43C CPU@44.5C thermal@43.6C AO@43C GPU@43C PMIC@50C
1791262913.948217 10-06-2026 14:01:53 RAM 1769/6833MB (lfb 158x4MB) SWAP 131/3417MB (cached 1MB) CPU [100%@1420,100%@1420,100%@1420,100%@1420,100%@1420,100%@1420] EMC_FREQ 0% GR3D_FREQ 0% AUX@43C CPU@44.5C thermal@43.6C AO@42.5C GPU@43.5C PMIC@50C
1791262914.151587 10-06-2026 14:01:54 RAM 1772/6833MB (lfb 158x4MB) SWAP 131/3417MB (cached 1MB) CPU [100%@1420,100%@1420,100%@1420,95%@1420,100%@1420,100%@1420] EMC_FREQ 0% GR3D_FREQ 0% AUX@43C CPU@44.5C thermal@43.6C AO@43C GPU@43.5C PMIC@50C
1791262914.355860 10-06-2026 14:01:54 RAM 1778/6833MB (lfb 158x4MB) SWAP 131/3417MB (cached 1MB) CPU [100%@1420,100%@1420,100%@1420,100%@1420,100%@1420,100%@1420] EMC_FREQ 0% GR3D_FREQ 0% AUX@43C CPU@44.5C thermal@43.6C AO@43C GPU@43.5C PMIC@50C
1791262914.559206 10-06-2026 14:01:54 RAM 1785/6833MB (lfb 158x4MB) SWAP 131/3417MB (cached 1MB) CPU [100%@1420,100%@1420,100%@1420,100%@1420,100%@1420,100%@1420] EMC_FREQ 0% GR3D_FREQ 0% AUX@43C CPU@44.5C thermal@43.6C AO@43C GPU@43C PMIC@50C
1791262914.762620 10-06-2026 14:01:54 RAM 1790/6833MB (lfb 158x4MB) SWAP 131/3417MB (cached 1MB) CPU [100%@1420,100%@1420,100%@1420,100%@1420,100%@1420,100%@1420] EMC_FREQ 0% GR3D_FREQ 0% AUX@43C CPU@44.5C thermal@43.6C AO@43C GPU@43C PMIC@50C
1791262914.966128 10-06-2026 14:01:54 RAM 1794/6833MB (lfb 158x4MB) SWAP 131/3417MB (cached 1MB) CPU [100%@1420,100%@1420,100%@1420,100%@1420,100%@1420,100%@1420] EMC_FREQ 0% GR3D_FREQ 0% AUX@43C CPU@44.5C thermal@43.6C AO@43C GPU@43C PMIC@50C
1791262915.169503 10-06-2026 14:01:55 RAM 1796/6833MB (lfb 158x4MB) SWAP 131/3417MB (cached 1MB) CPU [100%@1420,100%@1420,100%@1420,100%@1420,100%@1420,100%@1420] EMC_FREQ 0% GR3D_FREQ 0% AUX@43C CPU@44.5C thermal@43.6C AO@43C GPU@43.5C PMIC@50C
1791262915.373111 10-06-2026 14:01:55 RAM 1797/6833MB (lfb 158x4MB) SWAP 131/3417MB (cached 1MB) CPU [95%@1420,100%@1420,100%@1420,100%@1420,100%@1420,100%@1420] EMC_FREQ 0% GR3D_FREQ 0% AUX@43C CPU@44.5C thermal@43.6C AO@43C GPU@43C PMIC@50C
1791262915.588144 10-06-2026 14:01:55 RAM 1799/6833MB (lfb 158x4MB) SWAP 131/3417MB (cached 1MB) CPU [100%@1420,100%@1420,100%@1420,100%@1420,100%@1420,100%@1420] EMC_FREQ 0% GR3D_FREQ 0% AUX@43C CPU@44.5C thermal@43.6C AO@43C GPU@43C PMIC@50C
1791262915.793193 10-06-2026 14:01:55 RAM 1801/6833MB (lfb 158x4MB) SWAP 131/3417MB (cached 1MB) CPU [100%@1420,100%@1420,100%@1420,100%@1420,100%@1420,100%@1420] EMC_FREQ 0% GR3D_FREQ 0% AUX@43C CPU@44.5C thermal@43.6C AO@43C GPU@43C PMIC@50C
1791262915.996572 10-06-2026 14:01:55 RAM 1804/6833MB (lfb 158x4MB) SWAP 131/3417MB (cached 1MB) CPU [100%@1420,100%@1420,100%@1420,100%@1420,100%@1420,100%@1420] EMC_FREQ 0% GR3D_FREQ 0% AUX@43C CPU@44.5C thermal@43.6C AO@43C GPU@43.5C PMIC@50C
1791262916.199925 10-06-2026 14:01:56 RAM 1806/6833MB (lfb 158x4MB) SWAP 131/3417MB (cached 1MB) CPU [100%@1420,100%@1420,100%@1420,100%@1420,100%@1420,100%@1420] EMC_FREQ 0% GR3D_FREQ 0% AUX@43C CPU@44.5C thermal@43.6C AO@43C GPU@43.5C PMIC@50C
1791262916.403268 10-06-2026 14:01:56 RAM 1817/6833MB (lfb 158x4MB) SWAP 131/3417MB (cached 1MB) CPU [95%@1420,100%@1420,100%@1420,75%@1420,100%@1420,100%@1420] EMC_FREQ 0% GR3D_FREQ 0% AUX@43C CPU@44.5C thermal@43.6C AO@43C GPU@43C PMIC@50C
1791262916.606845 10-06-2026 14:01:56 RAM 1820/6833MB (lfb 158x4MB) SWAP 131/3417MB (cached 1MB) CPU [85%@1420,100%@1420,100%@1420,95%@1420,100%@1420,100%@1420] EMC_FREQ 0% GR3D_FREQ 0% AUX@43C CPU@44.5C thermal@43.6C AO@43C GPU@43.5C PMIC@50C
1791262916.810331 10-06-2026 14:01:56 RAM 1822/6833MB (lfb 158x4MB) SWAP 131/3417MB (cached 1MB) CPU [100%@1420,100%@1420,100%@1420,95%@1420,100%@1420,100%@1420] EMC_FREQ 0% GR3D_FREQ 0% AUX@43C CPU@44.5C thermal@43.6C AO@43C GPU@43C PMIC@50C
1791262917.014458 10-06-2026 14:01:57 RAM 1824/6833MB (lfb 158x4MB) SWAP 131/3417MB (cached 1MB) CPU [100%@1420,100%@1420,100%@1420,89%@1420,100%@1420,100%@1420] EMC_FREQ 0% GR3D_FREQ 0% AUX@43C CPU@44.5C thermal@43.6C AO@43C GPU@43.5C PMIC@50C
1791262917.217715 10-06-2026 14:01:57 RAM 1825/6833MB (lfb 158x4MB) SWAP 131/3417MB (cached 1MB) CPU [100%@1420,100%@1420,100%@1420,95%@1420,100%@1420,100%@1420] EMC_FREQ 0% GR3D_FREQ 0% AUX@43C CPU@44.5C thermal@43.6C AO@43C GPU@43.5C PMIC@50C
1791262917.421067 10-06-2026 14:01:57 RAM 1828/6833MB (lfb 158x4MB) SWAP 131/3417MB (cached 1MB) CPU [100%@1420,100%@1420,100%@1420,90%@1420,95%@1420,100%@1420] EMC_FREQ 0% GR3D_FREQ 0% AUX@43C CPU@44.5C thermal@43.6C AO@43C GPU@43C PMIC@50C
1791262917.624444 10-06-2026 14:01:57 RAM 1829/6833MB (lfb 158x4MB) SWAP 131/3417MB (cached 1MB) CPU [100%@1420,100%@1420,100%@1420,85%@1420,100%@1420,100%@1420] EMC_FREQ 0% GR3D_FREQ 0% AUX@43C CPU@44.5C thermal@43.6C AO@43C GPU@43.5C PMIC@50C
1791262917.827817 10-06-2026 14:01:57 RAM 1830/6833MB (lfb 158x4MB) SWAP 131/3417MB (cached 1MB) CPU [100%@1420,100%@1420,100%@1420,100%@1420,100%@1420,100%@1420] EMC_FREQ 0% GR3D_FREQ 0% AUX@43C CPU@44.5C thermal@43.6C AO@43C GPU@43.5C PMIC@50C
1791262918.031664 10-06-2026 14:01:58 RAM 1833/6833MB (lfb 158x4MB) SWAP 131/3417MB (cached 1MB) CPU [100%@1420,100%@1420,100%@1420,81%@1420,100%@1420,100%@1420] EMC_FREQ 0% GR3D_FREQ 0% AUX@43C CPU@44.5C thermal@43.6C AO@43C GPU@43.5C PMIC@50C
1791262918.236233 10-06-2026 14:01:58 RAM 1834/6833MB (lfb 158x4MB) SWAP 131/3417MB (cached 1MB) CPU [100%@1420,100%@1420,100%@1420,88%@1420,100%@1420,100%@1420] EMC_FREQ 0% GR3D_FREQ 0% AUX@43C CPU@44.5C thermal@43.6C AO@43C GPU@43.5C PMIC@50C
1791262918.439549 10-06-2026 14:01:58 RAM 1835/6833MB (lfb 158x4MB) SWAP 131/3417MB (cached 1MB) CPU [100%@1420,100%@1420,100%@1420,90%@1420,100%@1420,100%@1420] EMC_FREQ 0% GR3D_FREQ 0% AUX@43C CPU@44.5C thermal@43.6C AO@43C GPU@43C PMIC@50C
1791262918.643014 10-06-2026 14:01:58 RAM 1836/6833MB (lfb 158x4MB) SWAP 131/3417MB (cached 1MB) CPU [100%@1420,100%@1420,100%@1420,90%@1420,100%@1420,100%@1420] EMC_FREQ 0% GR3D_FREQ 0% AUX@43C CPU@44.5C thermal@43.45C AO@43C GPU@43C PMIC@50C
1791262918.847078 10-06-2026 14:01:58 RAM 1838/6833MB (lfb 158x4MB) SWAP 131/3417MB (cached 1MB) CPU [100%@1420,100%@1420,100%@1420,85%@1420,100%@1420,100%@1420] EMC_FREQ 0% GR3D_FREQ 0% AUX@43C CPU@44.5C thermal@43.45C AO@43C GPU@43C PMIC@50C
1791262919.050498 10-06-2026 14:01:59 RAM 1840/6833MB (lfb 158x4MB) SWAP 131/3417MB (cached 1MB) CPU [100%@1420,100%@1420,100%@1420,85%@1420,100%@1420,100%@1420] EMC_FREQ 0% GR3D_FREQ 0% AUX@43C CPU@44.5C thermal@43.45C AO@43C GPU@43C PMIC@50C
1791262919.254331 10-06-2026 14:01:59 RAM 1840/6833MB (lfb 158x4MB) SWAP 130/3417MB (cached 1MB) CPU [100%@1420,100%@1420,100%@1420,90%@1420,100%@1420,100%@1420] EMC_FREQ 0% GR3D_FREQ 0% AUX@43C CPU@44.5C thermal@43.45C AO@42.5C GPU@43C PMIC@50C
1791262919.457845 10-06-2026 14:01:59 RAM 1842/6833MB (lfb 158x4MB) SWAP 130/3417MB (cached 1MB) CPU [100%@1420,100%@1420,100%@1420,85%@1420,100%@1420,100%@1420] EMC_FREQ 0% GR3D_FREQ 0% AUX@43C CPU@44.5C thermal@43.45C AO@43C GPU@43.5C PMIC@50C
1791262919.661143 10-06-2026 14:01:59 RAM 1842/6833MB (lfb 158x4MB) SWAP 130/3417MB (cached 1MB) CPU [95%@1420,100%@1420,100%@1420,95%@1420,100%@1420,100%@1420] EMC_FREQ 0% GR3D_FREQ 0% AUX@43C CPU@44.5C thermal@43.45C AO@43C GPU@43C PMIC@50C
1791262919.864414 10-06-2026 14:01:59 RAM 1842/6833MB (lfb 158x4MB) SWAP 130/3417MB (cached 1MB) CPU [100%@1420,100%@1420,100%@1420,94%@1420,95%@1420,100%@1420] EMC_FREQ 0% GR3D_FREQ 0% AUX@43C CPU@44.5C thermal@43.45C AO@43C GPU@43C PMIC@50C
1791262920.067760 10-06-2026 14:02:00 RAM 1843/6833MB (lfb 158x4MB) SWAP 130/3417MB (cached 1MB) CPU [100%@1420,100%@1420,100%@1420,89%@1420,100%@1420,100%@1420] EMC_FREQ 0% GR3D_FREQ 0% AUX@43C CPU@44.5C thermal@43.45C AO@43C GPU@43C PMIC@50C
1791262920.271134 10-06-2026 14:02:00 RAM 1846/6833MB (lfb 158x4MB) SWAP 130/3417MB (cached 1MB) CPU [100%@1420,100%@1420,100%@1420,81%@1420,100%@1420,100%@1420] EMC_FREQ 0% GR3D_FREQ 0% AUX@43C CPU@44.5C thermal@43.45C AO@43C GPU@43.5C PMIC@50C
1791262920.474889 10-06-2026 14:02:00 RAM 1847/6833MB (lfb 158x4MB) SWAP 130/3417MB (cached 1MB) CPU [100%@1420,100%@1420,100%@1420,90%@1420,100%@1420,100%@1420] EMC_FREQ 0% GR3D_FREQ 0% AUX@43C CPU@44.5C thermal@43.45C AO@43C GPU@43C PMIC@50C
1791262920.678311 10-06-2026 14:02:00 RAM 1849/6833MB (lfb 158x4MB) SWAP 130/3417MB (cached 1MB) CPU [100%@1420,100%@1420,100%@1420,89%@1420,100%@1420,100%@1420] EMC_FREQ 0% GR3D_FREQ 0% AUX@43C CPU@44.5C thermal@43.45C AO@43C GPU@43C PMIC@50C
1791262920.882123 10-06-2026 14:02:00 RAM 1850/6833MB (lfb 158x4MB) SWAP 130/3417MB (cached 1MB) CPU [100%@1420,100%@1420,100%@1420,94%@1420,100%@1420,100%@1420] EMC_FREQ 0% GR3D_FREQ 0% AUX@43C CPU@44.5C thermal@43.45C AO@43C GPU@43C PMIC@50C
1791262921.085681 10-06-2026 14:02:01 RAM 1853/6833MB (lfb 158x4MB) SWAP 130/3417MB (cached 1MB) CPU [100%@1420,100%@1420,100%@1420,81%@1420,100%@1420,100%@1420] EMC_FREQ 0% GR3D_FREQ 0% AUX@43C CPU@44.5C thermal@43.45C AO@43C GPU@43C PMIC@50C
1791262921.289637 10-06-2026 14:02:01 RAM 1855/6833MB (lfb 158x4MB) SWAP 130/3417MB (cached 1MB) CPU [81%@1420,100%@1420,100%@1420,85%@1420,100%@1420,100%@1420] EMC_FREQ 0% GR3D_FREQ 0% AUX@43C CPU@44.5C thermal@43.45C AO@43C GPU@43C PMIC@50C
1791262921.493136 10-06-2026 14:02:01 RAM 1855/6833MB (lfb 158x4MB) SWAP 130/3417MB (cached 1MB) CPU [100%@1420,100%@1420,100%@1420,95%@1420,100%@1420,100%@1420] EMC_FREQ 0% GR3D_FREQ 0% AUX@43C CPU@44.5C thermal@43.45C AO@43C GPU@43C PMIC@50C
1791262921.696926 10-06-2026 14:02:01 RAM 1855/6833MB (lfb 158x4MB) SWAP 130/3417MB (cached 1MB) CPU [100%@1420,100%@1420,100%@1420,95%@1420,100%@1420,100%@1420] EMC_FREQ 0% GR3D_FREQ 0% AUX@43C CPU@44.5C thermal@43.45C AO@43C GPU@43C PMIC@50C
1791262921.900576 10-06-2026 14:02:01 RAM 1856/6833MB (lfb 158x4MB) SWAP 130/3417MB (cached 1MB) CPU [100%@1420,100%@1420,100%@1420,95%@1420,100%@1420,100%@1420] EMC_FREQ 0% GR3D_FREQ 0% AUX@43C CPU@44.5C thermal@43.45C AO@43C GPU@43C PMIC@50C
1791262922.103947 10-06-2026 14:02:02 RAM 1856/6833MB (lfb 158x4MB) SWAP 130/3417MB (cached 1MB) CPU [100%@1420,100%@1420,100%@1420,95%@1420,100%@1420,100%@1420] EMC_FREQ 0% GR3D_FREQ 0% AUX@43C CPU@44.5C thermal@43.45C AO@43C GPU@43C PMIC@50C
1791262922.307333 10-06-2026 14:02:02 RAM 1857/6833MB (lfb 158x4MB) SWAP 130/3417MB (cached 1MB) CPU [95%@1420,100%@1420,100%@1420,90%@1420,100%@1420,100%@1420] EMC_FREQ 0% GR3D_FREQ 0% AUX@43C CPU@44.5C thermal@43.45C AO@42.5C GPU@43.5C PMIC@50C
1791262922.510631 10-06-2026 14:02:02 RAM 1857/6833MB (lfb 158x4MB) SWAP 130/3417MB (cached 1MB) CPU [85%@1420,70%@1420,85%@1420,89%@1420,85%@1420,85%@1420] EMC_FREQ 0% GR3D_FREQ 0% AUX@43C CPU@44.5C thermal@43.45C AO@43C GPU@43C PMIC@50C
1791262922.713892 10-06-2026 14:02:02 RAM 1861/6833MB (lfb 158x4MB) SWAP 130/3417MB (cached 1MB) CPU [9%@1420,14%@1420,0%@1420,81%@1420,0%@1420,5%@1420] EMC_FREQ 0% GR3D_FREQ 0% AUX@43C CPU@44.5C thermal@43.45C AO@43C GPU@43C PMIC@50C
1791262922.917731 10-06-2026 14:02:02 RAM 1864/6833MB (lfb 158x4MB) SWAP 130/3417MB (cached 1MB) CPU [14%@1420,14%@1420,0%@1420,78%@1420,5%@1420,13%@1420] EMC_FREQ 0% GR3D_FREQ 0% AUX@43C CPU@44.5C thermal@43.45C AO@42.5C GPU@43C PMIC@50C
1791262923.121079 10-06-2026 14:02:03 RAM 1866/6833MB (lfb 158x4MB) SWAP 130/3417MB (cached 1MB) CPU [5%@1420,5%@1420,0%@1420,85%@1420,0%@1420,9%@1420] EMC_FREQ 0% GR3D_FREQ 0% AUX@43C CPU@44C thermal@43.3C AO@43C GPU@43C PMIC@50C
1791262923.324378 10-06-2026 14:02:03 RAM 1866/6833MB (lfb 158x4MB) SWAP 130/3417MB (cached 1MB) CPU [4%@1420,14%@1420,0%@1420,94%@1420,4%@1420,5%@1420] EMC_FREQ 0% GR3D_FREQ 0% AUX@42.5C CPU@44C thermal@43.3C AO@42.5C GPU@43C PMIC@50C
1791262923.527713 10-06-2026 14:02:03 RAM 1868/6833MB (lfb 158x4MB) SWAP 130/3417MB (cached 1MB) CPU [0%@1420,5%@1420,5%@1420,86%@1420,10%@1420,0%@1420] EMC_FREQ 0% GR3D_FREQ 0% AUX@43C CPU@44C thermal@43.3C AO@43C GPU@43C PMIC@50C
1791262923.731052 10-06-2026 14:02:03 RAM 1868/6833MB (lfb 158x4MB) SWAP 130/3417MB (cached 1MB) CPU [5%@1420,14%@1420,9%@1420,90%@1420,13%@1420,4%@1420] EMC_FREQ 0% GR3D_FREQ 0% AUX@43C CPU@44C thermal@43.3C AO@43C GPU@43C PMIC@50C
1791262923.934322 10-06-2026 14:02:03 RAM 1869/6833MB (lfb 158x4MB) SWAP 130/3417MB (cached 1MB) CPU [5%@1420,0%@1420,0%@1420,95%@1420,5%@1420,5%@1420] EMC_FREQ 0% GR3D_FREQ 0% AUX@42.5C CPU@44C thermal@43.3C AO@42.5C GPU@43C PMIC@50C
1791262924.137536 10-06-2026 14:02:04 RAM 1871/6833MB (lfb 158x4MB) SWAP 130/3417MB (cached 1MB) CPU [17%@1420,5%@1420,4%@1420,90%@1420,0%@1420,9%@1420] EMC_FREQ 0% GR3D_FREQ 0% AUX@43C CPU@44C thermal@43.3C AO@42.5C GPU@43C PMIC@50C
1791262924.340741 10-06-2026 14:02:04 RAM 1872/6833MB (lfb 158x4MB) SWAP 130/3417MB (cached 1MB) CPU [0%@1420,4%@1420,9%@1420,90%@1420,0%@1420,5%@1420] EMC_FREQ 0% GR3D_FREQ 0% AUX@43C CPU@44C thermal@43.3C AO@42.5C GPU@43C PMIC@50C
1791262924.544187 10-06-2026 14:02:04 RAM 1872/6833MB (lfb 158x4MB) SWAP 130/3417MB (cached 1MB) CPU [5%@1420,5%@1420,0%@1420,94%@1420,9%@1420,9%@1420] EMC_FREQ 0% GR3D_FREQ 0% AUX@43C CPU@44C thermal@43.3C AO@43C GPU@43C PMIC@50C
1791262924.748605 10-06-2026 14:02:04 RAM 1874/6833MB (lfb 158x4MB) SWAP 130/3417MB (cached 1MB) CPU [5%@1420,9%@1420,0%@1420,100%@1420,9%@1420,5%@1420] EMC_FREQ 0% GR3D_FREQ 0% AUX@42.5C CPU@43.5C thermal@43.3C AO@42.5C GPU@43C PMIC@50C
1791262924.952263 10-06-2026 14:02:04 RAM 1876/6833MB (lfb 158x4MB) SWAP 130/3417MB (cached 1MB) CPU [9%@1420,5%@1420,4%@1420,100%@1420,0%@1420,5%@1420] EMC_FREQ 0% GR3D_FREQ 0% AUX@42.5C CPU@43.5C thermal@43.3C AO@43C GPU@43C PMIC@50C
1791262925.155560 10-06-2026 14:02:05 RAM 1879/6833MB (lfb 158x4MB) SWAP 130/3417MB (cached 1MB) CPU [14%@1420,5%@1420,9%@1420,95%@1420,9%@1420,0%@1420] EMC_FREQ 0% GR3D_FREQ 0% AUX@42.5C CPU@44C thermal@43.3C AO@43C GPU@43C PMIC@50C
1791262925.359498 10-06-2026 14:02:05 RAM 1880/6833MB (lfb 158x4MB) SWAP 130/3417MB (cached 1MB) CPU [10%@1420,5%@1420,0%@1420,100%@1420,5%@1420,0%@1420] EMC_FREQ 0% GR3D_FREQ 0% AUX@43C CPU@43.5C thermal@42.95C AO@43C GPU@43C PMIC@50C
1791262925.562633 10-06-2026 14:02:05 RAM 1881/6833MB (lfb 158x4MB) SWAP 130/3417MB (cached 1MB) CPU [9%@1420,14%@1420,4%@1420,94%@1420,5%@1420,4%@1420] EMC_FREQ 0% GR3D_FREQ 0% AUX@42.5C CPU@43.5C thermal@42.95C AO@42.5C GPU@43C PMIC@50C
1791262925.766171 10-06-2026 14:02:05 RAM 1882/6833MB (lfb 158x4MB) SWAP 130/3417MB (cached 1MB) CPU [10%@1420,0%@1420,0%@1420,95%@1420,0%@1420,0%@1420] EMC_FREQ 0% GR3D_FREQ 0% AUX@43C CPU@43.5C thermal@42.95C AO@43C GPU@43C PMIC@50C
1791262925.969890 10-06-2026 14:02:05 RAM 1884/6833MB (lfb 158x4MB) SWAP 130/3417MB (cached 1MB) CPU [9%@1420,10%@1420,0%@1420,95%@1420,4%@1420,5%@1420] EMC_FREQ 0% GR3D_FREQ 0% AUX@42.5C CPU@44C thermal@42.95C AO@42.5C GPU@43C PMIC@50C
1791262926.173150 10-06-2026 14:02:06 RAM 1884/6833MB (lfb 158x4MB) SWAP 130/3417MB (cached 1MB) CPU [10%@1420,9%@1420,0%@1420,95%@1420,5%@1420,0%@1420] EMC_FREQ 0% GR3D_FREQ 0% AUX@42.5C CPU@44C thermal@42.95C AO@43C GPU@43C PMIC@50C
1791262926.376505 10-06-2026 14:02:06 RAM 1884/6833MB (lfb 158x4MB) SWAP 130/3417MB (cached 1MB) CPU [10%@1420,0%@1420,9%@1420,95%@1420,0%@1420,9%@1420] EMC_FREQ 0% GR3D_FREQ 0% AUX@42.5C CPU@43.5C thermal@42.95C AO@42.5C GPU@43C PMIC@50C
1791262926.579903 10-06-2026 14:02:06 RAM 1885/6833MB (lfb 158x4MB) SWAP 130/3417MB (cached 1MB) CPU [5%@1420,5%@1420,60%@1420,30%@1420,5%@1420,5%@1420] EMC_FREQ 0% GR3D_FREQ 0% AUX@42.5C CPU@44C thermal@42.95C AO@43C GPU@43C PMIC@50C
1791262926.784144 10-06-2026 14:02:06 RAM 1885/6833MB (lfb 158x4MB) SWAP 130/3417MB (cached 1MB) CPU [0%@1420,13%@1420,95%@1420,0%@1420,9%@1420,10%@1420] EMC_FREQ 0% GR3D_FREQ 0% AUX@42.5C CPU@44C thermal@42.95C AO@42.5C GPU@43C PMIC@50C
1791262926.987657 10-06-2026 14:02:06 RAM 1887/6833MB (lfb 158x4MB) SWAP 130/3417MB (cached 1MB) CPU [9%@1420,0%@1420,89%@1420,0%@1420,5%@1420,5%@1420] EMC_FREQ 0% GR3D_FREQ 0% AUX@42.5C CPU@43.5C thermal@42.95C AO@42.5C GPU@43C PMIC@50C
1791262927.191001 10-06-2026 14:02:07 RAM 1889/6833MB (lfb 158x4MB) SWAP 130/3417MB (cached 1MB) CPU [0%@1420,0%@1420,84%@1420,4%@1420,9%@1420,13%@1420] EMC_FREQ 0% GR3D_FREQ 0% AUX@42.5C CPU@43.5C thermal@42.95C AO@42.5C GPU@43C PMIC@50C
1791262927.394311 10-06-2026 14:02:07 RAM 1890/6833MB (lfb 158x4MB) SWAP 130/3417MB (cached 1MB) CPU [9%@1420,5%@1420,90%@1420,0%@1420,14%@1420,5%@1420] EMC_FREQ 0% GR3D_FREQ 0% AUX@42.5C CPU@43.5C thermal@42.95C AO@42.5C GPU@43C PMIC@50C
1791262927.597572 10-06-2026 14:02:07 RAM 1890/6833MB (lfb 158x4MB) SWAP 130/3417MB (cached 1MB) CPU [5%@1420,0%@1420,95%@1420,4%@1420,5%@1420,15%@1420] EMC_FREQ 0% GR3D_FREQ 0% AUX@42.5C CPU@43.5C thermal@43.1C AO@43C GPU@43C PMIC@50C
1791262927.801427 10-06-2026 14:02:07 RAM 1890/6833MB (lfb 158x4MB) SWAP 130/3417MB (cached 1MB) CPU [5%@1420,5%@1420,100%@1420,0%@1420,5%@1420,5%@1420] EMC_FREQ 0% GR3D_FREQ 0% AUX@42.5C CPU@43.5C thermal@43.1C AO@42.5C GPU@43C PMIC@50C
1791262928.004851 10-06-2026 14:02:08 RAM 1890/6833MB (lfb 158x4MB) SWAP 130/3417MB (cached 1MB) CPU [9%@1420,4%@1420,0%@1420,100%@1420,9%@1420,5%@1420] EMC_FREQ 0% GR3D_FREQ 0% AUX@42.5C CPU@43.5C thermal@43.1C AO@42.5C GPU@43C PMIC@50C
1791262928.208126 10-06-2026 14:02:08 RAM 1890/6833MB (lfb 158x4MB) SWAP 130/3417MB (cached 1MB) CPU [0%@1420,5%@1420,0%@1420,95%@1420,10%@1420,9%@1420] EMC_FREQ 0% GR3D_FREQ 0% AUX@42.5C CPU@43.5C thermal@43.1C AO@42.5C GPU@43C PMIC@50C
1791262928.411648 10-06-2026 14:02:08 RAM 1891/6833MB (lfb 158x4MB) SWAP 130/3417MB (cached 1MB) CPU [10%@1344,4%@1344,0%@1344,72%@1344,10%@1344,0%@1344] EMC_FREQ 0% GR3D_FREQ 0% AUX@42.5C CPU@43.5C thermal@43.1C AO@42.5C GPU@43C PMIC@50C
1791262928.615237 10-06-2026 14:02:08 RAM 1892/6833MB (lfb 158x4MB) SWAP 130/3417MB (cached 1MB) CPU [14%@1420,14%@1420,0%@1420,0%@1420,89%@1420,10%@1420] EMC_FREQ 0% GR3D_FREQ 0% AUX@42.5C CPU@44C thermal@43.1C AO@43C GPU@43C PMIC@50C
1791262928.818496 10-06-2026 14:02:08 RAM 1892/6833MB (lfb 158x4MB) SWAP 130/3417MB (cached 1MB) CPU [15%@1420,61%@1420,0%@1420,0%@1420,10%@1420,18%@1420] EMC_FREQ 0% GR3D_FREQ 0% AUX@42.5C CPU@43.5C thermal@43.1C AO@42.5C GPU@43C PMIC@50C
1791262929.022022 10-06-2026 14:02:09 RAM 1895/6833MB (lfb 158x4MB) SWAP 130/3417MB (cached 1MB) CPU [14%@1420,78%@1420,4%@1420,0%@1420,9%@1420,0%@1420] EMC_FREQ 0% GR3D_FREQ 0% AUX@42.5C CPU@43.5C thermal@43.1C AO@42.5C GPU@43C PMIC@50C
1791262929.227212 10-06-2026 14:02:09 RAM 1896/6833MB (lfb 158x4MB) SWAP 130/3417MB (cached 1MB) CPU [9%@1420,89%@1420,0%@1420,5%@1420,10%@1420,5%@1420] EMC_FREQ 0% GR3D_FREQ 0% AUX@42.5C CPU@43.5C thermal@43.1C AO@43C GPU@43C PMIC@50C
1791262929.430490 10-06-2026 14:02:09 RAM 1896/6833MB (lfb 158x4MB) SWAP 130/3417MB (cached 1MB) CPU [9%@1420,95%@1420,0%@1420,4%@1420,5%@1420,0%@1420] EMC_FREQ 0% GR3D_FREQ 0% AUX@42.5C CPU@43.5C thermal@43.1C AO@42.5C GPU@43C PMIC@50C
1791262929.633782 10-06-2026 14:02:09 RAM 1897/6833MB (lfb 158x4MB) SWAP 130/3417MB (cached 1MB) CPU [9%@1420,90%@1420,0%@1420,0%@1420,14%@1420,0%@1420] EMC_FREQ 0% GR3D_FREQ 0% AUX@42.5C CPU@43.5C thermal@43.1C AO@43C GPU@43C PMIC@50C
1791262929.837076 10-06-2026 14:02:09 RAM 1899/6833MB (lfb 158x4MB) SWAP 130/3417MB (cached 1MB) CPU [0%@1420,89%@1420,4%@1420,9%@1420,10%@1420,5%@1420] EMC_FREQ 0% GR3D_FREQ 0% AUX@42.5C CPU@43.5C thermal@42.95C AO@42.5C GPU@43C PMIC@50C
1791262930.040323 10-06-2026 14:02:10 RAM 1900/6833MB (lfb 158x4MB) SWAP 130/3417MB (cached 1MB) CPU [0%@1420,90%@1420,0%@1420,0%@1420,5%@1420,10%@1420] EMC_FREQ 0% GR3D_FREQ 0% AUX@42.5C CPU@43.5C thermal@42.95C AO@42.5C GPU@43C PMIC@50C
1791262930.243522 10-06-2026 14:02:10 RAM 1899/6833MB (lfb 158x4MB) SWAP 130/3417MB (cached 1MB) CPU [5%@1420,95%@1420,4%@1420,4%@1420,22%@1420,4%@1420] EMC_FREQ 0% GR3D_FREQ 0% AUX@42.5C CPU@43.5C thermal@42.95C AO@42.5C GPU@43C PMIC@50C
1791262930.446906 10-06-2026 14:02:10 RAM 1899/6833MB (lfb 158x4MB) SWAP 130/3417MB (cached 1MB) CPU [9%@1420,100%@1420,5%@1420,5%@1420,0%@1420,0%@1420] EMC_FREQ 0% GR3D_FREQ 0% AUX@42.5C CPU@43.5C thermal@42.95C AO@42.5C GPU@42.5C PMIC@50C
1791262930.650272 10-06-2026 14:02:10 RAM 1900/6833MB (lfb 158x4MB) SWAP 130/3417MB (cached 1MB) CPU [4%@1420,95%@1420,9%@1420,0%@1420,14%@1420,5%@1420] EMC_FREQ 0% GR3D_FREQ 0% AUX@42.5C CPU@43.5C thermal@42.95C AO@42.5C GPU@43C PMIC@50C
1791262930.853448 10-06-2026 14:02:10 RAM 1900/6833MB (lfb 158x4MB) SWAP 130/3417MB (cached 1MB) CPU [0%@1420,95%@1420,0%@1420,4%@1420,15%@1420,9%@1420] EMC_FREQ 0% GR3D_FREQ 0% AUX@42.5C CPU@43.5C thermal@42.8C AO@42.5C GPU@42.5C PMIC@50C
1791262931.056702 10-06-2026 14:02:11 RAM 1900/6833MB (lfb 158x4MB) SWAP 130/3417MB (cached 1MB) CPU [5%@1420,90%@1420,4%@1420,5%@1420,0%@1420,10%@1420] EMC_FREQ 0% GR3D_FREQ 0% AUX@42.5C CPU@43.5C thermal@42.8C AO@42.5C GPU@42.5C PMIC@50C
1791262931.260109 10-06-2026 14:02:11 RAM 1901/6833MB (lfb 158x4MB) SWAP 130/3417MB (cached 1MB) CPU [9%@1420,94%@1420,5%@1420,9%@1420,14%@1420,9%@1420] EMC_FREQ 0% GR3D_FREQ 0% AUX@42.5C CPU@43.5C thermal@42.8C AO@42.5C GPU@42.5C PMIC@50C
1791262931.463636 10-06-2026 14:02:11 RAM 1901/6833MB (lfb 158x4MB) SWAP 130/3417MB (cached 1MB) CPU [0%@1420,100%@1420,4%@1420,0%@1420,9%@1420,14%@1420] EMC_FREQ 0% GR3D_FREQ 0% AUX@42.5C CPU@43.5C thermal@42.8C AO@42.5C GPU@42.5C PMIC@50C
1791262931.666966 10-06-2026 14:02:11 RAM 1901/6833MB (lfb 158x4MB) SWAP 130/3417MB (cached 1MB) CPU [15%@1420,85%@1420,0%@1420,4%@1420,5%@1420,5%@1420] EMC_FREQ 0% GR3D_FREQ 0% AUX@42.5C CPU@43.5C thermal@42.8C AO@42.5C GPU@42.5C PMIC@50C
1791262931.870555 10-06-2026 14:02:11 RAM 1901/6833MB (lfb 158x4MB) SWAP 130/3417MB (cached 1MB) CPU [13%@1420,95%@1420,5%@1420,5%@1420,9%@1420,0%@1420] EMC_FREQ 0% GR3D_FREQ 0% AUX@42.5C CPU@43.5C thermal@42.8C AO@42.5C GPU@42.5C PMIC@50C
1791262932.073696 10-06-2026 14:02:12 RAM 1902/6833MB (lfb 158x4MB) SWAP 130/3417MB (cached 1MB) CPU [14%@1420,94%@1420,5%@1420,9%@1420,0%@1420,9%@1420] EMC_FREQ 0% GR3D_FREQ 0% AUX@42.5C CPU@43.5C thermal@42.8C AO@42.5C GPU@43C PMIC@50C
1791262932.277035 10-06-2026 14:02:12 RAM 1902/6833MB (lfb 158x4MB) SWAP 130/3417MB (cached 1MB) CPU [5%@1420,95%@1420,0%@1420,0%@1420,5%@1420,0%@1420] EMC_FREQ 0% GR3D_FREQ 0% AUX@42.5C CPU@43.5C thermal@42.8C AO@42.5C GPU@42.5C PMIC@50C
1791262932.480407 10-06-2026 14:02:12 RAM 1902/6833MB (lfb 158x4MB) SWAP 130/3417MB (cached 1MB) CPU [14%@1420,90%@1420,0%@1420,10%@1420,0%@1420,5%@1420] EMC_FREQ 0% GR3D_FREQ 0% AUX@42.5C CPU@43.5C thermal@42.8C AO@42.5C GPU@43C PMIC@50C
1791262932.683727 10-06-2026 14:02:12 RAM 1902/6833MB (lfb 158x4MB) SWAP 130/3417MB (cached 1MB) CPU [60%@1420,47%@1420,9%@1420,0%@1420,9%@1420,4%@1420] EMC_FREQ 0% GR3D_FREQ 0% AUX@42.5C CPU@43.5C thermal@42.8C AO@42.5C GPU@43C PMIC@50C
1791262932.886945 10-06-2026 14:02:12 RAM 1903/6833MB (lfb 158x4MB) SWAP 130/3417MB (cached 1MB) CPU [47%@1420,52%@1420,9%@1420,0%@1420,5%@1420,0%@1420] EMC_FREQ 0% GR3D_FREQ 0% AUX@42.5C CPU@43C thermal@42.8C AO@42.5C GPU@42.5C PMIC@50C
1791262933.090370 10-06-2026 14:02:13 RAM 1903/6833MB (lfb 158x4MB) SWAP 130/3417MB (cached 1MB) CPU [5%@1420,95%@1420,0%@1420,5%@1420,5%@1420,0%@1420] EMC_FREQ 0% GR3D_FREQ 0% AUX@42.5C CPU@43C thermal@42.8C AO@42.5C GPU@43C PMIC@50C
1791262933.293570 10-06-2026 14:02:13 RAM 1903/6833MB (lfb 158x4MB) SWAP 130/3417MB (cached 1MB) CPU [10%@1420,95%@1420,5%@1420,9%@1420,5%@1420,4%@1420] EMC_FREQ 0% GR3D_FREQ 0% AUX@42.5C CPU@43.5C thermal@42.8C AO@42.5C GPU@42.5C PMIC@50C
1791262933.496857 10-06-2026 14:02:13 RAM 1904/6833MB (lfb 158x4MB) SWAP 130/3417MB (cached 1MB) CPU [10%@1420,90%@1420,0%@1420,4%@1420,5%@1420,5%@1420] EMC_FREQ 0% GR3D_FREQ 0% AUX@42.5C CPU@43.5C thermal@42.8C AO@42.5C GPU@42.5C PMIC@50C
1791262933.700161 10-06-2026 14:02:13 RAM 1904/6833MB (lfb 158x4MB) SWAP 130/3417MB (cached 1MB) CPU [9%@1420,94%@1420,4%@1420,5%@1420,5%@1420,0%@1420] EMC_FREQ 0% GR3D_FREQ 0% AUX@42.5C CPU@43.5C thermal@42.8C AO@42.5C GPU@42.5C PMIC@50C
1791262933.903491 10-06-2026 14:02:13 RAM 1904/6833MB (lfb 158x4MB) SWAP 130/3417MB (cached 1MB) CPU [9%@1420,95%@1420,5%@1420,0%@1420,0%@1420,9%@1420] EMC_FREQ 0% GR3D_FREQ 0% AUX@42.5C CPU@43.5C thermal@42.8C AO@42.5C GPU@42.5C PMIC@50C
1791262934.106786 10-06-2026 14:02:14 RAM 1905/6833MB (lfb 158x4MB) SWAP 130/3417MB (cached 1MB) CPU [0%@1420,90%@1420,5%@1420,9%@1420,5%@1420,5%@1420] EMC_FREQ 0% GR3D_FREQ 0% AUX@42.5C CPU@43.5C thermal@42.8C AO@42.5C GPU@43C PMIC@50C
1791262934.309893 10-06-2026 14:02:14 RAM 1906/6833MB (lfb 158x4MB) SWAP 130/3417MB (cached 1MB) CPU [0%@1420,95%@1420,0%@1420,14%@1420,9%@1420,4%@1420] EMC_FREQ 0% GR3D_FREQ 0% AUX@42.5C CPU@43.5C thermal@42.95C AO@42.5C GPU@43C PMIC@50C
1791262934.513206 10-06-2026 14:02:14 RAM 1907/6833MB (lfb 158x4MB) SWAP 130/3417MB (cached 1MB) CPU [4%@1420,78%@1420,10%@1420,0%@1420,5%@1420,5%@1420] EMC_FREQ 0% GR3D_FREQ 0% AUX@42.5C CPU@43.5C thermal@42.95C AO@42.5C GPU@42.5C PMIC@50C
1791262934.716406 10-06-2026 14:02:14 RAM 1912/6833MB (lfb 158x4MB) SWAP 130/3417MB (cached 1MB) CPU [4%@1420,95%@1420,5%@1420,9%@1420,10%@1420,10%@1420] EMC_FREQ 0% GR3D_FREQ 0% AUX@42.5C CPU@43.5C thermal@42.95C AO@42.5C GPU@42.5C PMIC@50C
1791262934.919781 10-06-2026 14:02:14 RAM 1912/6833MB (lfb 158x4MB) SWAP 130/3417MB (cached 1MB) CPU [5%@1420,100%@1420,0%@1420,5%@1420,18%@1420,4%@1420] EMC_FREQ 0% GR3D_FREQ 0% AUX@42C CPU@43.5C thermal@42.95C AO@42.5C GPU@42.5C PMIC@50C
1791262935.123152 10-06-2026 14:02:15 RAM 1912/6833MB (lfb 158x4MB) SWAP 130/3417MB (cached 1MB) CPU [0%@1420,95%@1420,4%@1420,0%@1420,5%@1420,14%@1420] EMC_FREQ 0% GR3D_FREQ 0% AUX@42.5C CPU@43.5C thermal@42.95C AO@42.5C GPU@42.5C PMIC@50C
1791262935.326370 10-06-2026 14:02:15 RAM 1913/6833MB (lfb 158x4MB) SWAP 130/3417MB (cached 1MB) CPU [5%@1420,89%@1420,0%@1420,0%@1420,14%@1420,0%@1420] EMC_FREQ 0% GR3D_FREQ 0% AUX@42.5C CPU@43.5C thermal@42.95C AO@42.5C GPU@42.5C PMIC@50C
1791262935.529536 10-06-2026 14:02:15 RAM 1913/6833MB (lfb 158x4MB) SWAP 130/3417MB (cached 1MB) CPU [5%@1420,100%@1420,4%@1420,0%@1420,10%@1420,5%@1420] EMC_FREQ 0% GR3D_FREQ 0% AUX@42.5C CPU@43.5C thermal@42.8C AO@42.5C GPU@42.5C PMIC@50C
1791262935.732965 10-06-2026 14:02:15 RAM 1914/6833MB (lfb 158x4MB) SWAP 130/3417MB (cached 1MB) CPU [9%@1420,86%@1420,0%@1420,14%@1420,4%@1420,5%@1420] EMC_FREQ 0% GR3D_FREQ 0% AUX@42.5C CPU@43.5C thermal@42.8C AO@42.5C GPU@43C PMIC@50C
1791262935.936525 10-06-2026 14:02:15 RAM 1914/6833MB (lfb 158x4MB) SWAP 130/3417MB (cached 1MB) CPU [0%@1420,100%@1420,9%@1420,10%@1420,5%@1420,4%@1420] EMC_FREQ 0% GR3D_FREQ 0% AUX@42C CPU@43.5C thermal@42.8C AO@42.5C GPU@42.5C PMIC@50C
1791262936.139944 10-06-2026 14:02:16 RAM 1914/6833MB (lfb 158x4MB) SWAP 130/3417MB (cached 1MB) CPU [9%@1420,90%@1420,5%@1420,9%@1420,0%@1420,5%@1420] EMC_FREQ 0% GR3D_FREQ 0% AUX@42C CPU@43.5C thermal@42.8C AO@42.5C GPU@42.5C PMIC@50C
1791262936.343394 10-06-2026 14:02:16 RAM 1915/6833MB (lfb 158x4MB) SWAP 130/3417MB (cached 1MB) CPU [4%@1420,90%@1420,9%@1420,10%@1420,0%@1420,5%@1420] EMC_FREQ 0% GR3D_FREQ 0% AUX@42.5C CPU@43.5C thermal@42.8C AO@42.5C GPU@42.5C PMIC@50C
1791262936.546721 10-06-2026 14:02:16 RAM 1916/6833MB (lfb 158x4MB) SWAP 130/3417MB (cached 1MB) CPU [9%@1420,95%@1420,5%@1420,0%@1420,4%@1420,5%@1420] EMC_FREQ 0% GR3D_FREQ 0% AUX@42C CPU@43.5C thermal@42.6C AO@42.5C GPU@42.5C PMIC@50C
1791262936.750292 10-06-2026 14:02:16 RAM 1916/6833MB (lfb 158x4MB) SWAP 130/3417MB (cached 1MB) CPU [45%@1420,33%@1420,14%@1420,9%@1420,9%@1420,5%@1420] EMC_FREQ 0% GR3D_FREQ 0% AUX@42C CPU@43.5C thermal@42.6C AO@42.5C GPU@42.5C PMIC@50C
1791262936.953789 10-06-2026 14:02:16 RAM 1933/6833MB (lfb 158x4MB) SWAP 130/3417MB (cached 1MB) CPU [42%@1420,57%@1420,5%@1420,9%@1420,0%@1420,0%@1420] EMC_FREQ 0% GR3D_FREQ 0% AUX@42C CPU@43.5C thermal@42.6C AO@42.5C GPU@42.5C PMIC@50C
1791262937.157233 10-06-2026 14:02:17 RAM 1933/6833MB (lfb 158x4MB) SWAP 130/3417MB (cached 1MB) CPU [0%@1420,100%@1420,0%@1420,15%@1420,5%@1420,5%@1420] EMC_FREQ 0% GR3D_FREQ 0% AUX@42.5C CPU@43.5C thermal@42.6C AO@42.5C GPU@42.5C PMIC@50C
1791262937.360992 10-06-2026 14:02:17 RAM 1941/6833MB (lfb 158x4MB) SWAP 130/3417MB (cached 1MB) CPU [0%@1420,100%@1420,9%@1420,5%@1420,5%@1420,0%@1420] EMC_FREQ 0% GR3D_FREQ 0% AUX@42.5C CPU@43.5C thermal@42.6C AO@42.5C GPU@42.5C PMIC@50C
1791262937.564433 10-06-2026 14:02:17 RAM 1941/6833MB (lfb 158x4MB) SWAP 130/3417MB (cached 1MB) CPU [4%@1420,95%@1420,5%@1420,5%@1420,5%@1420,5%@1420] EMC_FREQ 0% GR3D_FREQ 0% AUX@42C CPU@43C thermal@42.6C AO@42.5C GPU@42.5C PMIC@50C
1791262937.767856 10-06-2026 14:02:17 RAM 1948/6833MB (lfb 158x4MB) SWAP 130/3417MB (cached 1MB) CPU [22%@1420,65%@1420,25%@1420,35%@1420,30%@1420,26%@1420] EMC_FREQ 0% GR3D_FREQ 0% AUX@42C CPU@43.5C thermal@42.45C AO@42.5C GPU@42.5C PMIC@50C
1791262937.971262 10-06-2026 14:02:17 RAM 1952/6833MB (lfb 158x4MB) SWAP 130/3417MB (cached 1MB) CPU [14%@1420,77%@1420,14%@1420,19%@1420,10%@1420,10%@1420] EMC_FREQ 0% GR3D_FREQ 0% AUX@42C CPU@43.5C thermal@42.45C AO@42.5C GPU@42.5C PMIC@50C
1791262938.174573 10-06-2026 14:02:18 RAM 1955/6833MB (lfb 158x4MB) SWAP 130/3417MB (cached 1MB) CPU [0%@1344,81%@1344,0%@1344,14%@1344,5%@1344,9%@1344] EMC_FREQ 0% GR3D_FREQ 0% AUX@42.5C CPU@43.5C thermal@42.45C AO@42.5C GPU@42.5C PMIC@50C
1791262938.377936 10-06-2026 14:02:18 RAM 1957/6833MB (lfb 158x4MB) SWAP 130/3417MB (cached 1MB) CPU [9%@1420,60%@1420,9%@1420,5%@1420,5%@1420,0%@1420] EMC_FREQ 0% GR3D_FREQ 0% AUX@42C CPU@43.5C thermal@42.45C AO@42.5C GPU@42.5C PMIC@50C
1791262938.581390 10-06-2026 14:02:18 RAM 1957/6833MB (lfb 158x4MB) SWAP 130/3417MB (cached 1MB) CPU [5%@1420,89%@1420,10%@1420,9%@1420,5%@1420,0%@1420] EMC_FREQ 0% GR3D_FREQ 0% AUX@42C CPU@43C thermal@42.45C AO@42.5C GPU@42.5C PMIC@50C
1791262938.784718 10-06-2026 14:02:18 RAM 1967/6833MB (lfb 158x4MB) SWAP 130/3417MB (cached 1MB) CPU [4%@1420,100%@1420,9%@1420,4%@1420,9%@1420,9%@1420] EMC_FREQ 0% GR3D_FREQ 0% AUX@42C CPU@43.5C thermal@42.6C AO@42C GPU@42.5C PMIC@50C
1791262938.988141 10-06-2026 14:02:18 RAM 1993/6833MB (lfb 158x4MB) SWAP 130/3417MB (cached 1MB) CPU [0%@1420,100%@1420,10%@1420,0%@1420,5%@1420,5%@1420] EMC_FREQ 0% GR3D_FREQ 0% AUX@42.5C CPU@43.5C thermal@42.6C AO@42.5C GPU@42.5C PMIC@50C
1791262939.191407 10-06-2026 14:02:19 RAM 2225/6833MB (lfb 158x4MB) SWAP 130/3417MB (cached 1MB) CPU [5%@1420,100%@1420,13%@1420,4%@1420,5%@1420,5%@1420] EMC_FREQ 0% GR3D_FREQ 0% AUX@42C CPU@43.5C thermal@42.6C AO@42.5C GPU@42.5C PMIC@50C
1791262939.394594 10-06-2026 14:02:19 RAM 2259/6833MB (lfb 158x4MB) SWAP 130/3417MB (cached 1MB) CPU [9%@1420,95%@1420,14%@1420,0%@1420,5%@1420,5%@1420] EMC_FREQ 0% GR3D_FREQ 0% AUX@42C CPU@43.5C thermal@42.6C AO@42.5C GPU@42.5C PMIC@50C
1791262939.598087 10-06-2026 14:02:19 RAM 2275/6833MB (lfb 158x4MB) SWAP 130/3417MB (cached 1MB) CPU [10%@1420,30%@1420,5%@1420,0%@1420,5%@1420,5%@1420] EMC_FREQ 0% GR3D_FREQ 0% AUX@42.5C CPU@43.5C thermal@42.6C AO@42.5C GPU@42.5C PMIC@50C
1791262939.801568 10-06-2026 14:02:19 RAM 2992/6833MB (lfb 25x4MB) SWAP 130/3417MB (cached 1MB) CPU [5%@1420,95%@1420,14%@1420,4%@1420,5%@1420,5%@1420] EMC_FREQ 0% GR3D_FREQ 0% AUX@42C CPU@43.5C thermal@42.6C AO@42.5C GPU@42.5C PMIC@50C
1791262940.005097 10-06-2026 14:02:20 RAM 3013/6833MB (lfb 25x4MB) SWAP 130/3417MB (cached 1MB) CPU [0%@1420,100%@1420,5%@1420,0%@1420,9%@1420,9%@1420] EMC_FREQ 0% GR3D_FREQ 0% AUX@42C CPU@43.5C thermal@42.8C AO@42.5C GPU@42.5C PMIC@50C
1791262940.208462 10-06-2026 14:02:20 RAM 3015/6833MB (lfb 25x4MB) SWAP 130/3417MB (cached 1MB) CPU [9%@1420,100%@1420,10%@1420,4%@1420,0%@1420,5%@1420] EMC_FREQ 0% GR3D_FREQ 0% AUX@42C CPU@43.5C thermal@42.8C AO@42.5C GPU@42.5C PMIC@50C
1791262940.412084 10-06-2026 14:02:20 RAM 3018/6833MB (lfb 25x4MB) SWAP 130/3417MB (cached 1MB) CPU [5%@1420,100%@1420,9%@1420,5%@1420,9%@1420,14%@1420] EMC_FREQ 0% GR3D_FREQ 0% AUX@42C CPU@43.5C thermal@42.8C AO@42C GPU@42.5C PMIC@50C
1791262940.615443 10-06-2026 14:02:20 RAM 3020/6833MB (lfb 25x4MB) SWAP 130/3417MB (cached 1MB) CPU [5%@1420,100%@1420,5%@1420,4%@1420,5%@1420,4%@1420] EMC_FREQ 0% GR3D_FREQ 0% AUX@42C CPU@43C thermal@42.8C AO@42.5C GPU@42C PMIC@50C
1791262940.818828 10-06-2026 14:02:20 RAM 3069/6833MB (lfb 25x4MB) SWAP 130/3417MB (cached 1MB) CPU [5%@1420,100%@1420,14%@1420,0%@1420,9%@1420,0%@1420] EMC_FREQ 0% GR3D_FREQ 0% AUX@42C CPU@43.5C thermal@42.8C AO@42C GPU@42.5C PMIC@50C
1791262941.022161 10-06-2026 14:02:21 RAM 3181/6833MB (lfb 25x4MB) SWAP 130/3417MB (cached 1MB) CPU [0%@1420,100%@1420,5%@1420,9%@1420,10%@1420,5%@1420] EMC_FREQ 0% GR3D_FREQ 0% AUX@42C CPU@43C thermal@42.6C AO@42C GPU@42.5C PMIC@50C
1791262941.225876 10-06-2026 14:02:21 RAM 3265/6833MB (lfb 25x4MB) SWAP 130/3417MB (cached 1MB) CPU [4%@1420,100%@1420,5%@1420,5%@1420,5%@1420,5%@1420] EMC_FREQ 0% GR3D_FREQ 0% AUX@42C CPU@43C thermal@42.6C AO@42C GPU@42.5C PMIC@50C
1791262941.429057 10-06-2026 14:02:21 RAM 3356/6833MB (lfb 4x4MB) SWAP 130/3417MB (cached 1MB) CPU [0%@1420,100%@1420,4%@1420,10%@1420,9%@1420,0%@1420] EMC_FREQ 0% GR3D_FREQ 0% AUX@42C CPU@43C thermal@42.6C AO@42.5C GPU@42.5C PMIC@50C
1791262941.632437 10-06-2026 14:02:21 RAM 2352/6833MB (lfb 137x4MB) SWAP 130/3417MB (cached 1MB) CPU [4%@1420,100%@1420,5%@1420,9%@1420,0%@1420,0%@1420] EMC_FREQ 0% GR3D_FREQ 0% AUX@42C CPU@43C thermal@42.6C AO@42.5C GPU@42.5C PMIC@50C
1791262941.835666 10-06-2026 14:02:21 RAM 2379/6833MB (lfb 137x4MB) SWAP 130/3417MB (cached 1MB) CPU [68%@1420,100%@1420,5%@1420,5%@1420,17%@1420,5%@1420] EMC_FREQ 0% GR3D_FREQ 0% AUX@42C CPU@43.5C thermal@42.6C AO@42.5C GPU@42.5C PMIC@50C
1791262942.039018 10-06-2026 14:02:22 RAM 2410/6833MB (lfb 137x4MB) SWAP 130/3417MB (cached 1MB) CPU [0%@1420,100%@1420,0%@1420,10%@1420,0%@1420,9%@1420] EMC_FREQ 0% GR3D_FREQ 0% AUX@42C CPU@43.5C thermal@42.6C AO@42.5C GPU@42.5C PMIC@50C
1791262942.242209 10-06-2026 14:02:22 RAM 2439/6833MB (lfb 137x4MB) SWAP 130/3417MB (cached 1MB) CPU [0%@1420,100%@1420,9%@1420,5%@1420,10%@1420,5%@1420] EMC_FREQ 0% GR3D_FREQ 0% AUX@42.5C CPU@43.5C thermal@42.6C AO@42C GPU@42.5C PMIC@50C
1791262942.445571 10-06-2026 14:02:22 RAM 2471/6833MB (lfb 137x4MB) SWAP 130/3417MB (cached 1MB) CPU [4%@1420,100%@1420,10%@1420,5%@1420,4%@1420,0%@1420] EMC_FREQ 0% GR3D_FREQ 0% AUX@42C CPU@43C thermal@42.6C AO@42.5C GPU@42.5C PMIC@50C
1791262942.648881 10-06-2026 14:02:22 RAM 2501/6833MB (lfb 137x4MB) SWAP 130/3417MB (cached 1MB) CPU [0%@1420,100%@1420,0%@1420,9%@1420,5%@1420,9%@1420] EMC_FREQ 0% GR3D_FREQ 0% AUX@42C CPU@43C thermal@42.6C AO@42.5C GPU@42.5C PMIC@50C
1791262942.852212 10-06-2026 14:02:22 RAM 2533/6833MB (lfb 137x4MB) SWAP 130/3417MB (cached 1MB) CPU [5%@1420,100%@1420,0%@1420,14%@1420,0%@1420,5%@1420] EMC_FREQ 0% GR3D_FREQ 0% AUX@42C CPU@43C thermal@42.6C AO@42C GPU@42.5C PMIC@50C
1791262943.055513 10-06-2026 14:02:23 RAM 2563/6833MB (lfb 137x4MB) SWAP 130/3417MB (cached 1MB) CPU [9%@1420,100%@1420,10%@1420,5%@1420,66%@1420,9%@1420] EMC_FREQ 0% GR3D_FREQ 0% AUX@42C CPU@43C thermal@42.6C AO@42.5C GPU@42.5C PMIC@50C
1791262943.258848 10-06-2026 14:02:23 RAM 2593/6833MB (lfb 137x4MB) SWAP 130/3417MB (cached 1MB) CPU [5%@1420,100%@1420,9%@1420,10%@1420,0%@1420,0%@1420] EMC_FREQ 0% GR3D_FREQ 0% AUX@42C CPU@43.5C thermal@42.45C AO@42C GPU@42.5C PMIC@50C
1791262943.462087 10-06-2026 14:02:23 RAM 2625/6833MB (lfb 137x4MB) SWAP 130/3417MB (cached 1MB) CPU [4%@1420,100%@1420,0%@1420,9%@1420,0%@1420,9%@1420] EMC_FREQ 0% GR3D_FREQ 0% AUX@42C CPU@43C thermal@42.45C AO@42.5C GPU@42.5C PMIC@50C
1791262943.665506 10-06-2026 14:02:23 RAM 2656/6833MB (lfb 137x4MB) SWAP 130/3417MB (cached 1MB) CPU [9%@1420,100%@1420,5%@1420,9%@1420,4%@1420,9%@1420] EMC_FREQ 0% GR3D_FREQ 0% AUX@42C CPU@43C thermal@42.45C AO@42.5C GPU@42.5C PMIC@50C
1791262943.869087 10-06-2026 14:02:23 RAM 2686/6833MB (lfb 137x4MB) SWAP 130/3417MB (cached 1MB) CPU [0%@1420,100%@1420,9%@1420,10%@1420,0%@1420,5%@1420] EMC_FREQ 0% GR3D_FREQ 0% AUX@42C CPU@43C thermal@42.45C AO@42C GPU@42.5C PMIC@50C
1791262944.072445 10-06-2026 14:02:24 RAM 2715/6833MB (lfb 137x4MB) SWAP 130/3417MB (cached 1MB) CPU [4%@1420,100%@1420,10%@1420,5%@1420,4%@1420,0%@1420] EMC_FREQ 0% GR3D_FREQ 0% AUX@42C CPU@43C thermal@42.45C AO@42.5C GPU@42.5C PMIC@50C
1791262944.275893 10-06-2026 14:02:24 RAM 2747/6833MB (lfb 137x4MB) SWAP 130/3417MB (cached 1MB) CPU [10%@1420,100%@1420,14%@1420,0%@1420,0%@1420,4%@1420] EMC_FREQ 0% GR3D_FREQ 0% AUX@42C CPU@43C thermal@42.45C AO@42C GPU@42.5C PMIC@50C
1791262944.479182 10-06-2026 14:02:24 RAM 2780/6833MB (lfb 137x4MB) SWAP 130/3417MB (cached 1MB) CPU [0%@1420,100%@1420,5%@1420,5%@1420,5%@1420,14%@1420] EMC_FREQ 0% GR3D_FREQ 0% AUX@42C CPU@43.5C thermal@42.45C AO@42C GPU@42.5C PMIC@50C
1791262944.682462 10-06-2026 14:02:24 RAM 2808/6833MB (lfb 137x4MB) SWAP 130/3417MB (cached 1MB) CPU [5%@1420,100%@1420,0%@1420,5%@1420,5%@1420,5%@1420] EMC_FREQ 0% GR3D_FREQ 0% AUX@42C CPU@43C thermal@42.45C AO@42C GPU@42.5C PMIC@50C
1791262944.885849 10-06-2026 14:02:24 RAM 2867/6833MB (lfb 133x4MB) SWAP 130/3417MB (cached 1MB) CPU [5%@1420,100%@1420,4%@1420,4%@1420,4%@1420,10%@1420] EMC_FREQ 0% GR3D_FREQ 0% AUX@42.5C CPU@43C thermal@42.45C AO@42.5C GPU@42.5C PMIC@50C
1791262945.089110 10-06-2026 14:02:25 RAM 2925/6833MB (lfb 118x4MB) SWAP 130/3417MB (cached 1MB) CPU [5%@1420,100%@1420,5%@1420,0%@1420,5%@1420,10%@1420] EMC_FREQ 0% GR3D_FREQ 0% AUX@42C CPU@43C thermal@42.45C AO@42.5C GPU@42.5C PMIC@50C
1791262945.292535 10-06-2026 14:02:25 RAM 2925/6833MB (lfb 118x4MB) SWAP 130/3417MB (cached 1MB) CPU [5%@1420,100%@1420,0%@1420,5%@1420,0%@1420,10%@1420] EMC_FREQ 0% GR3D_FREQ 0% AUX@42C CPU@43.5C thermal@42.45C AO@42C GPU@42.5C PMIC@50C
1791262945.495929 10-06-2026 14:02:25 RAM 2925/6833MB (lfb 118x4MB) SWAP 130/3417MB (cached 1MB) CPU [4%@1420,100%@1420,0%@1420,9%@1420,0%@1420,14%@1420] EMC_FREQ 0% GR3D_FREQ 0% AUX@42C CPU@43.5C thermal@42.45C AO@42C GPU@42.5C PMIC@50C
1791262945.699109 10-06-2026 14:02:25 RAM 2925/6833MB (lfb 118x4MB) SWAP 130/3417MB (cached 1MB) CPU [9%@1420,100%@1420,9%@1420,5%@1420,9%@1420,5%@1420] EMC_FREQ 0% GR3D_FREQ 0% AUX@42C CPU@43.5C thermal@42.45C AO@42C GPU@42.5C PMIC@50C
1791262945.902400 10-06-2026 14:02:25 RAM 2925/6833MB (lfb 118x4MB) SWAP 130/3417MB (cached 1MB) CPU [5%@1420,100%@1420,0%@1420,5%@1420,0%@1420,14%@1420] EMC_FREQ 0% GR3D_FREQ 0% AUX@42C CPU@43.5C thermal@42.45C AO@42.5C GPU@42.5C PMIC@50C
1791262946.105886 10-06-2026 14:02:26 RAM 2925/6833MB (lfb 118x4MB) SWAP 130/3417MB (cached 1MB) CPU [0%@1420,100%@1420,9%@1420,0%@1420,0%@1420,10%@1420] EMC_FREQ 0% GR3D_FREQ 0% AUX@42C CPU@43C thermal@42.45C AO@42.5C GPU@42.5C PMIC@50C
1791262946.309168 10-06-2026 14:02:26 RAM 2925/6833MB (lfb 118x4MB) SWAP 130/3417MB (cached 1MB) CPU [9%@1420,100%@1420,4%@1420,13%@1420,14%@1420,5%@1420] EMC_FREQ 0% GR3D_FREQ 0% AUX@42C CPU@43C thermal@42.45C AO@42.5C GPU@42.5C PMIC@50C
1791262946.512671 10-06-2026 14:02:26 RAM 2925/6833MB (lfb 118x4MB) SWAP 130/3417MB (cached 1MB) CPU [5%@1420,100%@1420,0%@1420,0%@1420,5%@1420,13%@1420] EMC_FREQ 0% GR3D_FREQ 0% AUX@42C CPU@43C thermal@42.45C AO@42C GPU@42.5C PMIC@50C
1791262946.716068 10-06-2026 14:02:26 RAM 2925/6833MB (lfb 118x4MB) SWAP 130/3417MB (cached 1MB) CPU [0%@1420,100%@1420,5%@1420,5%@1420,9%@1420,5%@1420] EMC_FREQ 0% GR3D_FREQ 0% AUX@42C CPU@43.5C thermal@42.45C AO@42C GPU@42.5C PMIC@50C
1791262946.919226 10-06-2026 14:02:26 RAM 2925/6833MB (lfb 118x4MB) SWAP 130/3417MB (cached 1MB) CPU [5%@1420,100%@1420,9%@1420,4%@1420,5%@1420,9%@1420] EMC_FREQ 0% GR3D_FREQ 0% AUX@42C CPU@43.5C thermal@42.45C AO@42C GPU@42.5C PMIC@50C
1791262947.122494 10-06-2026 14:02:27 RAM 2925/6833MB (lfb 118x4MB) SWAP 130/3417MB (cached 1MB) CPU [5%@1420,100%@1420,0%@1420,0%@1420,4%@1420,0%@1420] EMC_FREQ 0% GR3D_FREQ 0% AUX@42C CPU@43C thermal@42.45C AO@42.5C GPU@42.5C PMIC@50C
1791262947.325745 10-06-2026 14:02:27 RAM 2925/6833MB (lfb 118x4MB) SWAP 130/3417MB (cached 1MB) CPU [5%@1420,100%@1420,14%@1420,0%@1420,0%@1420,5%@1420] EMC_FREQ 0% GR3D_FREQ 0% AUX@42C CPU@43C thermal@42.45C AO@42C GPU@42.5C PMIC@50C
1791262947.529136 10-06-2026 14:02:27 RAM 2925/6833MB (lfb 118x4MB) SWAP 130/3417MB (cached 1MB) CPU [10%@1420,100%@1420,10%@1420,0%@1420,19%@1420,10%@1420] EMC_FREQ 0% GR3D_FREQ 0% AUX@42C CPU@43.5C thermal@42.45C AO@42C GPU@42.5C PMIC@50C
1791262947.732512 10-06-2026 14:02:27 RAM 2925/6833MB (lfb 118x4MB) SWAP 130/3417MB (cached 1MB) CPU [13%@1420,100%@1420,0%@1420,10%@1420,0%@1420,0%@1420] EMC_FREQ 0% GR3D_FREQ 0% AUX@42C CPU@43.5C thermal@42.45C AO@42C GPU@42.5C PMIC@50C
1791262947.936545 10-06-2026 14:02:27 RAM 2926/6833MB (lfb 118x4MB) SWAP 130/3417MB (cached 1MB) CPU [33%@1420,80%@1420,33%@1420,27%@1420,33%@1420,26%@1420] EMC_FREQ 0% GR3D_FREQ 0% AUX@42C CPU@43.5C thermal@42.45C AO@42C GPU@42C PMIC@50C
1791262948.140143 10-06-2026 14:02:28 RAM 2948/6833MB (lfb 115x4MB) SWAP 130/3417MB (cached 1MB) CPU [15%@1420,94%@1420,5%@1420,14%@1420,70%@1420,15%@1420] EMC_FREQ 0% GR3D_FREQ 7% AUX@42C CPU@43C thermal@42.45C AO@42C GPU@42C PMIC@50C
1791262948.343717 10-06-2026 14:02:28 RAM 2982/6833MB (lfb 111x4MB) SWAP 130/3417MB (cached 1MB) CPU [0%@1420,95%@1420,9%@1420,9%@1420,5%@1420,0%@1420] EMC_FREQ 0% GR3D_FREQ 0% AUX@42C CPU@43C thermal@42.45C AO@42C GPU@42.5C PMIC@50C
1791262948.547204 10-06-2026 14:02:28 RAM 3043/6833MB (lfb 97x4MB) SWAP 130/3417MB (cached 1MB) CPU [9%@1420,100%@1420,0%@1420,9%@1420,0%@1420,4%@1420] EMC_FREQ 0% GR3D_FREQ 0% AUX@42C CPU@43C thermal@42.45C AO@42.5C GPU@42.5C PMIC@50C
1791262948.750629 10-06-2026 14:02:28 RAM 3045/6833MB (lfb 98x4MB) SWAP 130/3417MB (cached 1MB) CPU [14%@1420,100%@1420,18%@1420,10%@1420,0%@1420,0%@1420] EMC_FREQ 0% GR3D_FREQ 24% AUX@42C CPU@43C thermal@42.45C AO@42.5C GPU@42.5C PMIC@50C
1791262948.954056 10-06-2026 14:02:28 RAM 3077/6833MB (lfb 94x4MB) SWAP 130/3417MB (cached 1MB) CPU [5%@1420,95%@1420,5%@1420,0%@1420,13%@1420,5%@1420] EMC_FREQ 0% GR3D_FREQ 10% AUX@42C CPU@43C thermal@42.3C AO@42C GPU@42C PMIC@50C
1791262949.157455 10-06-2026 14:02:29 RAM 3136/6833MB (lfb 84x4MB) SWAP 130/3417MB (cached 1MB) CPU [5%@1420,100%@1420,10%@1420,4%@1420,0%@1420,4%@1420] EMC_FREQ 0% GR3D_FREQ 0% AUX@42C CPU@43C thermal@42.3C AO@42C GPU@42C PMIC@50C
1791262949.361586 10-06-2026 14:02:29 RAM 3156/6833MB (lfb 81x4MB) SWAP 130/3417MB (cached 1MB) CPU [5%@1420,95%@1420,9%@1420,0%@1420,9%@1420,5%@1420] EMC_FREQ 0% GR3D_FREQ 0% AUX@42C CPU@43C thermal@42.3C AO@42C GPU@42.5C PMIC@50C
1791262949.564935 10-06-2026 14:02:29 RAM 3200/6833MB (lfb 72x4MB) SWAP 130/3417MB (cached 1MB) CPU [5%@1420,100%@1420,5%@1420,0%@1420,0%@1420,13%@1420] EMC_FREQ 0% GR3D_FREQ 0% AUX@42C CPU@43C thermal@42.3C AO@42C GPU@42.5C PMIC@50C
1791262949.768244 10-06-2026 14:02:29 RAM 3217/6833MB (lfb 70x4MB) SWAP 130/3417MB (cached 1MB) CPU [9%@1420,90%@1420,0%@1420,14%@1420,5%@1420,0%@1420] EMC_FREQ 0% GR3D_FREQ 7% AUX@42C CPU@43C thermal@42.3C AO@42C GPU@42.5C PMIC@50C
1791262949.971703 10-06-2026 14:02:29 RAM 3241/6833MB (lfb 68x4MB) SWAP 130/3417MB (cached 1MB) CPU [60%@1420,14%@1420,9%@1420,0%@1420,0%@1420,38%@1420] EMC_FREQ 0% GR3D_FREQ 24% AUX@42C CPU@43C thermal@42.45C AO@42C GPU@42.5C PMIC@50C
1791262950.175503 10-06-2026 14:02:30 RAM 3272/6833MB (lfb 66x4MB) SWAP 130/3417MB (cached 1MB) CPU [0%@1420,5%@1420,10%@1420,5%@1420,13%@1420,95%@1420] EMC_FREQ 0% GR3D_FREQ 7% AUX@42C CPU@43C thermal@42.45C AO@42C GPU@42.5C PMIC@50C
1791262950.379390 10-06-2026 14:02:30 RAM 3299/6833MB (lfb 64x4MB) SWAP 130/3417MB (cached 1MB) CPU [5%@1420,0%@1420,0%@1420,10%@1420,4%@1420,95%@1420] EMC_FREQ 0% GR3D_FREQ 7% AUX@42C CPU@43.5C thermal@42.45C AO@42C GPU@42.5C PMIC@50C
1791262950.582832 10-06-2026 14:02:30 RAM 3324/6833MB (lfb 63x4MB) SWAP 130/3417MB (cached 1MB) CPU [5%@1420,0%@1420,17%@1420,14%@1420,5%@1420,90%@1420] EMC_FREQ 0% GR3D_FREQ 7% AUX@42C CPU@43C thermal@42.45C AO@42C GPU@42.5C PMIC@50C
1791262950.786228 10-06-2026 14:02:30 RAM 3356/6833MB (lfb 61x4MB) SWAP 130/3417MB (cached 1MB) CPU [9%@1420,0%@1420,5%@1420,0%@1420,0%@1420,95%@1420] EMC_FREQ 0% GR3D_FREQ 15% AUX@42C CPU@43C thermal@42.45C AO@42C GPU@42.5C PMIC@50C
1791262950.989635 10-06-2026 14:02:30 RAM 3385/6833MB (lfb 56x4MB) SWAP 130/3417MB (cached 1MB) CPU [4%@1420,0%@1420,0%@1420,18%@1420,4%@1420,95%@1420] EMC_FREQ 0% GR3D_FREQ 14% AUX@42C CPU@43C thermal@42.45C AO@42.5C GPU@42.5C PMIC@50C
1791262951.192911 10-06-2026 14:02:31 RAM 3415/6833MB (lfb 53x4MB) SWAP 130/3417MB (cached 1MB) CPU [10%@1420,5%@1420,4%@1420,10%@1420,0%@1420,95%@1420] EMC_FREQ 0% GR3D_FREQ 28% AUX@42C CPU@43C thermal@42.45C AO@42C GPU@42.5C PMIC@50C
1791262951.396173 10-06-2026 14:02:31 RAM 3447/6833MB (lfb 50x4MB) SWAP 130/3417MB (cached 1MB) CPU [5%@1420,9%@1420,0%@1420,10%@1420,4%@1420,95%@1420] EMC_FREQ 0% GR3D_FREQ 7% AUX@42C CPU@43C thermal@42.45C AO@42C GPU@42.5C PMIC@50C
1791262951.599999 10-06-2026 14:02:31 RAM 3380/6833MB (lfb 50x4MB) SWAP 130/3417MB (cached 1MB) CPU [5%@1344,4%@1344,4%@1344,10%@1344,10%@1344,50%@1344] EMC_FREQ 0% GR3D_FREQ 76% AUX@42C CPU@43C thermal@42.45C AO@42C GPU@42.5C PMIC@50C
1791262951.804996 10-06-2026 14:02:31 RAM 3266/6833MB (lfb 50x4MB) SWAP 130/3417MB (cached 1MB) CPU [5%@1190,5%@1190,9%@1190,9%@1420,47%@1420,5%@1420] EMC_FREQ 0% GR3D_FREQ 70% AUX@42C CPU@43C thermal@42.45C AO@42C GPU@42.5C PMIC@50C
1791262952.009829 10-06-2026 14:02:32 RAM 3272/6833MB (lfb 50x4MB) SWAP 130/3417MB (cached 1MB) CPU [33%@1420,4%@1420,5%@1420,5%@1420,19%@1420,4%@1420] EMC_FREQ 0% GR3D_FREQ 39% AUX@42C CPU@43C thermal@42.45C AO@42C GPU@42.5C PMIC@50C
1791262952.213243 10-06-2026 14:02:32 RAM 3519/6833MB (lfb 50x4MB) SWAP 130/3417MB (cached 1MB) CPU [13%@1420,76%@1420,5%@1420,10%@1420,4%@1420,9%@1420] EMC_FREQ 0% GR3D_FREQ 0% AUX@42C CPU@43C thermal@42.3C AO@42C GPU@42.5C PMIC@50C
1791262952.416544 10-06-2026 14:02:32 RAM 3376/6833MB (lfb 82x4MB) SWAP 130/3417MB (cached 1MB) CPU [15%@1420,84%@1420,5%@1420,5%@1420,0%@1420,5%@1420] EMC_FREQ 0% GR3D_FREQ 0% AUX@42C CPU@43C thermal@42.3C AO@42C GPU@42C PMIC@50C
1791262952.620207 10-06-2026 14:02:32 RAM 3374/6833MB (lfb 82x4MB) SWAP 130/3417MB (cached 1MB) CPU [9%@1420,45%@1420,5%@1420,14%@1420,5%@1420,9%@1420] EMC_FREQ 0% GR3D_FREQ 0% AUX@42C CPU@43C thermal@42.3C AO@42C GPU@42.5C PMIC@50C
1791262952.823542 10-06-2026 14:02:32 RAM 3375/6833MB (lfb 82x4MB) SWAP 130/3417MB (cached 1MB) CPU [10%@1190,10%@1190,0%@1190,14%@1190,5%@1420,5%@1420] EMC_FREQ 0% GR3D_FREQ 0% AUX@42C CPU@43C thermal@42.3C AO@42C GPU@42.5C PMIC@50C
1791262953.027563 10-06-2026 14:02:33 RAM 3374/6833MB (lfb 82x4MB) SWAP 130/3417MB (cached 1MB) CPU [0%@1190,9%@1190,9%@1190,10%@1190,9%@1190,5%@1190] EMC_FREQ 0% GR3D_FREQ 0% AUX@42C CPU@42.5C thermal@42.3C AO@42C GPU@42.5C PMIC@50C
1791262953.231480 10-06-2026 14:02:33 RAM 3374/6833MB (lfb 82x4MB) SWAP 130/3417MB (cached 1MB) CPU [10%@1420,10%@1420,0%@1420,9%@1420,9%@1420,9%@1420] EMC_FREQ 0% GR3D_FREQ 0% AUX@42C CPU@43C thermal@42.3C AO@42C GPU@42C PMIC@50C
1791262953.435360 10-06-2026 14:02:33 RAM 3374/6833MB (lfb 82x4MB) SWAP 130/3417MB (cached 1MB) CPU [5%@1190,10%@1190,9%@1190,5%@1190,5%@1190,0%@1190] EMC_FREQ 0% GR3D_FREQ 0% AUX@42C CPU@43C thermal@42.45C AO@42C GPU@42C PMIC@50C
1791262953.638698 10-06-2026 14:02:33 RAM 3374/6833MB (lfb 82x4MB) SWAP 130/3417MB (cached 1MB) CPU [14%@1190,14%@1420,5%@1420,10%@1420,0%@1420,0%@1420] EMC_FREQ 0% GR3D_FREQ 0% AUX@42C CPU@42.5C thermal@42.45C AO@42C GPU@42C PMIC@50C
1791262953.842099 10-06-2026 14:02:33 RAM 3374/6833MB (lfb 82x4MB) SWAP 130/3417MB (cached 1MB) CPU [0%@1190,9%@1420,9%@1420,14%@1420,5%@1420,9%@1420] EMC_FREQ 0% GR3D_FREQ 0% AUX@42C CPU@43C thermal@42.45C AO@42C GPU@42C PMIC@50C
1791262954.045694 10-06-2026 14:02:34 RAM 3374/6833MB (lfb 82x4MB) SWAP 130/3417MB (cached 1MB) CPU [13%@1190,20%@1190,5%@1190,9%@1190,5%@1190,0%@1420] EMC_FREQ 0% GR3D_FREQ 0% AUX@41.5C CPU@43C thermal@42.45C AO@42C GPU@42C PMIC@50C
1791262954.249361 10-06-2026 14:02:34 RAM 3375/6833MB (lfb 82x4MB) SWAP 130/3417MB (cached 1MB) CPU [0%@1420,9%@1420,5%@1420,5%@1420,13%@1420,5%@1420] EMC_FREQ 0% GR3D_FREQ 0% AUX@42C CPU@43C thermal@42.45C AO@42C GPU@42C PMIC@50C
1791262954.453230 10-06-2026 14:02:34 RAM 3374/6833MB (lfb 82x4MB) SWAP 130/3417MB (cached 1MB) CPU [18%@1190,10%@1190,4%@1190,9%@1190,9%@1190,9%@1190] EMC_FREQ 0% GR3D_FREQ 0% AUX@42C CPU@42.5C thermal@42.15C AO@42C GPU@42C PMIC@50C
1791262954.656967 10-06-2026 14:02:34 RAM 3374/6833MB (lfb 82x4MB) SWAP 130/3417MB (cached 1MB) CPU [5%@1190,5%@1190,10%@1190,10%@1190,5%@1190,4%@1190] EMC_FREQ 0% GR3D_FREQ 0% AUX@42C CPU@43C thermal@42.15C AO@42C GPU@42C PMIC@50C
1791262954.860440 10-06-2026 14:02:34 RAM 3374/6833MB (lfb 82x4MB) SWAP 130/3417MB (cached 1MB) CPU [9%@1190,19%@1420,5%@1420,4%@1420,9%@1420,0%@1420] EMC_FREQ 0% GR3D_FREQ 0% AUX@42C CPU@42.5C thermal@42.15C AO@42C GPU@42C PMIC@50C
1791262955.063741 10-06-2026 14:02:35 RAM 3375/6833MB (lfb 82x4MB) SWAP 130/3417MB (cached 1MB) CPU [10%@1190,5%@1190,9%@1190,5%@1190,9%@1190,9%@1420] EMC_FREQ 0% GR3D_FREQ 0% AUX@42C CPU@43C thermal@42.15C AO@42C GPU@42C PMIC@50C
1791262955.267533 10-06-2026 14:02:35 RAM 3374/6833MB (lfb 82x4MB) SWAP 130/3417MB (cached 1MB) CPU [15%@1190,10%@1190,5%@1190,9%@1190,0%@1190,5%@1190] EMC_FREQ 0% GR3D_FREQ 0% AUX@41.5C CPU@42.5C thermal@42.15C AO@42C GPU@42C PMIC@50C
1791262955.470929 10-06-2026 14:02:35 RAM 3373/6833MB (lfb 82x4MB) SWAP 130/3417MB (cached 1MB) CPU [10%@1190,5%@1190,9%@1420,9%@1420,13%@1420,5%@1420] EMC_FREQ 0% GR3D_FREQ 0% AUX@42C CPU@42.5C thermal@42.15C AO@42C GPU@42C PMIC@50C
1791262955.674289 10-06-2026 14:02:35 RAM 3373/6833MB (lfb 82x4MB) SWAP 130/3417MB (cached 1MB) CPU [5%@1190,0%@1420,5%@1420,5%@1420,10%@1420,9%@1420] EMC_FREQ 0% GR3D_FREQ 0% AUX@42C CPU@43C thermal@42.25C AO@42C GPU@42C PMIC@50C
1791262955.877893 10-06-2026 14:02:35 RAM 3378/6833MB (lfb 82x4MB) SWAP 130/3417MB (cached 1MB) CPU [0%@1420,4%@1420,5%@1420,5%@1420,15%@1420,10%@1420] EMC_FREQ 0% GR3D_FREQ 0% AUX@42C CPU@43C thermal@42.25C AO@41.5C GPU@42C PMIC@50C
1791262956.081752 10-06-2026 14:02:36 RAM 3391/6833MB (lfb 82x4MB) SWAP 130/3417MB (cached 1MB) CPU [13%@1190,5%@1190,9%@1190,0%@1190,15%@1190,0%@1190] EMC_FREQ 0% GR3D_FREQ 0% AUX@42C CPU@42.5C thermal@42.25C AO@42C GPU@42C PMIC@50C
1791262956.285132 10-06-2026 14:02:36 RAM 3410/6833MB (lfb 82x4MB) SWAP 130/3417MB (cached 1MB) CPU [5%@1190,9%@1190,14%@1190,5%@1190,19%@1190,18%@1420] EMC_FREQ 0% GR3D_FREQ 0% AUX@42C CPU@42.5C thermal@42.25C AO@42C GPU@42C PMIC@50C
1791262956.488725 10-06-2026 14:02:36 RAM 3426/6833MB (lfb 82x4MB) SWAP 130/3417MB (cached 1MB) CPU [5%@1190,10%@1190,5%@1190,5%@1190,0%@1190,15%@1190] EMC_FREQ 0% GR3D_FREQ 0% AUX@42C CPU@43C thermal@42.25C AO@42C GPU@42C PMIC@50C
1791262956.692111 10-06-2026 14:02:36 RAM 3444/6833MB (lfb 82x4MB) SWAP 130/3417MB (cached 1MB) CPU [0%@1190,9%@1190,9%@1190,14%@1190,15%@1420,5%@1420] EMC_FREQ 0% GR3D_FREQ 0% AUX@42C CPU@43C thermal@42.1C AO@42C GPU@42C PMIC@50C
1791262956.895478 10-06-2026 14:02:36 RAM 3467/6833MB (lfb 82x4MB) SWAP 130/3417MB (cached 1MB) CPU [14%@1420,9%@1420,10%@1420,5%@1420,10%@1420,28%@1420] EMC_FREQ 0% GR3D_FREQ 0% AUX@41.5C CPU@42.5C thermal@42.1C AO@42C GPU@42C PMIC@50C
1791262957.098832 10-06-2026 14:02:37 RAM 3472/6833MB (lfb 82x4MB) SWAP 130/3417MB (cached 1MB) CPU [9%@1420,0%@1420,5%@1420,9%@1420,5%@1420,60%@1420] EMC_FREQ 0% GR3D_FREQ 0% AUX@42C CPU@43C thermal@42.1C AO@42C GPU@42C PMIC@50C
1791262957.302680 10-06-2026 14:02:37 RAM 3493/6833MB (lfb 82x4MB) SWAP 130/3417MB (cached 1MB) CPU [5%@1190,0%@1190,5%@1190,5%@1190,19%@1190,10%@1190] EMC_FREQ 0% GR3D_FREQ 0% AUX@42C CPU@42.5C thermal@42.1C AO@42C GPU@42C PMIC@50C
1791262957.506051 10-06-2026 14:02:37 RAM 3505/6833MB (lfb 82x4MB) SWAP 130/3417MB (cached 1MB) CPU [10%@1190,14%@1190,10%@1420,0%@1420,10%@1420,14%@1420] EMC_FREQ 0% GR3D_FREQ 0% AUX@42C CPU@42.5C thermal@42.1C AO@42C GPU@42C PMIC@50C
1791262957.709307 10-06-2026 14:02:37 RAM 3513/6833MB (lfb 82x4MB) SWAP 130/3417MB (cached 1MB) CPU [10%@1190,5%@1190,13%@1190,4%@1190,15%@1190,15%@1190] EMC_FREQ 0% GR3D_FREQ 0% AUX@42C CPU@42.5C thermal@42.1C AO@42C GPU@42C PMIC@50C
1791262957.913149 10-06-2026 14:02:37 RAM 3533/6833MB (lfb 82x4MB) SWAP 130/3417MB (cached 1MB) CPU [10%@1267,9%@1267,9%@1267,5%@1267,9%@1267,27%@1267] EMC_FREQ 0% GR3D_FREQ 0% AUX@41.5C CPU@43C thermal@42.15C AO@42C GPU@42C PMIC@50C
1791262958.116508 10-06-2026 14:02:38 RAM 3554/6833MB (lfb 79x4MB) SWAP 130/3417MB (cached 1MB) CPU [5%@1420,5%@1420,0%@1420,4%@1420,25%@1420,66%@1420] EMC_FREQ 0% GR3D_FREQ 0% AUX@41.5C CPU@42.5C thermal@42.15C AO@41.5C GPU@42C PMIC@50C
1791262958.319921 10-06-2026 14:02:38 RAM 3581/6833MB (lfb 72x4MB) SWAP 130/3417MB (cached 1MB) CPU [10%@1420,0%@1420,9%@1420,0%@1420,95%@1420,4%@1420] EMC_FREQ 0% GR3D_FREQ 0% AUX@41.5C CPU@42.5C thermal@42.15C AO@41.5C GPU@42C PMIC@50C
1791262958.523159 10-06-2026 14:02:38 RAM 3662/6833MB (lfb 52x4MB) SWAP 130/3417MB (cached 1MB) CPU [22%@1420,5%@1420,63%@1420,5%@1420,45%@1420,0%@1420] EMC_FREQ 0% GR3D_FREQ 0% AUX@41.5C CPU@43C thermal@42.15C AO@42C GPU@42C PMIC@50C
1791262958.726854 10-06-2026 14:02:38 RAM 3668/6833MB (lfb 48x4MB) SWAP 130/3417MB (cached 1MB) CPU [14%@1190,5%@1190,5%@1190,5%@1190,70%@1190,0%@1190] EMC_FREQ 0% GR3D_FREQ 0% AUX@41.5C CPU@43C thermal@42.15C AO@41.5C GPU@42C PMIC@50C
1791262958.930321 10-06-2026 14:02:38 RAM 3682/6833MB (lfb 41x4MB) SWAP 130/3417MB (cached 1MB) CPU [5%@1190,9%@1190,0%@1190,10%@1420,0%@1420,14%@1420] EMC_FREQ 0% GR3D_FREQ 0% AUX@41.5C CPU@43C thermal@41.95C AO@42C GPU@42C PMIC@50C
1791262959.134641 10-06-2026 14:02:39 RAM 3694/6833MB (lfb 36x4MB) SWAP 130/3417MB (cached 1MB) CPU [9%@1267,0%@1267,9%@1267,21%@1267,15%@1267,11%@1267] EMC_FREQ 0% GR3D_FREQ 47% AUX@41.5C CPU@43C thermal@41.95C AO@42C GPU@42C PMIC@50C
1791262959.338469 10-06-2026 14:02:39 RAM 3694/6833MB (lfb 36x4MB) SWAP 130/3417MB (cached 1MB) CPU [10%@1420,5%@1420,5%@1420,9%@1420,21%@1420,45%@1420] EMC_FREQ 0% GR3D_FREQ 54% AUX@41.5C CPU@43C thermal@41.95C AO@41.5C GPU@42C PMIC@50C
1791262959.541917 10-06-2026 14:02:39 RAM 3374/6833MB (lfb 62x4MB) SWAP 130/3417MB (cached 1MB) CPU [9%@1420,5%@1420,14%@1420,5%@1420,5%@1420,90%@1420] EMC_FREQ 0% GR3D_FREQ 0% AUX@41.5C CPU@43C thermal@41.95C AO@42C GPU@42.5C PMIC@50C
1791262959.745639 10-06-2026 14:02:39 RAM 3373/6833MB (lfb 62x4MB) SWAP 130/3417MB (cached 1MB) CPU [5%@1420,9%@1420,5%@1420,27%@1420,15%@1420,95%@1420] EMC_FREQ 0% GR3D_FREQ 0% AUX@41.5C CPU@43C thermal@41.95C AO@42C GPU@42C PMIC@50C
1791262959.950063 10-06-2026 14:02:39 RAM 3374/6833MB (lfb 62x4MB) SWAP 130/3417MB (cached 1MB) CPU [14%@1420,5%@1420,18%@1420,36%@1420,19%@1420,55%@1420] EMC_FREQ 0% GR3D_FREQ 0% AUX@41.5C CPU@43C thermal@41.95C AO@41.5C GPU@42.5C PMIC@50C
1791262960.153414 10-06-2026 14:02:40 RAM 3376/6833MB (lfb 62x4MB) SWAP 130/3417MB (cached 1MB) CPU [4%@1420,5%@1420,14%@1420,9%@1420,75%@1420,4%@1420] EMC_FREQ 0% GR3D_FREQ 0% AUX@41.5C CPU@42.5C thermal@42.1C AO@41.5C GPU@42C PMIC@50C
1791262960.357156 10-06-2026 14:02:40 RAM 3377/6833MB (lfb 62x4MB) SWAP 130/3417MB (cached 1MB) CPU [5%@1420,0%@1420,0%@1420,5%@1420,76%@1420,9%@1420] EMC_FREQ 0% GR3D_FREQ 0% AUX@41.5C CPU@42.5C thermal@42.1C AO@41.5C GPU@42C PMIC@50C
1791262960.560686 10-06-2026 14:02:40 RAM 3377/6833MB (lfb 62x4MB) SWAP 130/3417MB (cached 1MB) CPU [9%@1420,13%@1420,10%@1420,9%@1420,80%@1420,0%@1420] EMC_FREQ 0% GR3D_FREQ 0% AUX@42C CPU@42.5C thermal@42.1C AO@41.5C GPU@42C PMIC@50C
1791262960.764105 10-06-2026 14:02:40 RAM 3377/6833MB (lfb 62x4MB) SWAP 130/3417MB (cached 1MB) CPU [5%@1420,5%@1420,9%@1420,5%@1420,95%@1420,0%@1420] EMC_FREQ 0% GR3D_FREQ 0% AUX@41.5C CPU@42.5C thermal@42.1C AO@42C GPU@42C PMIC@50C
1791262960.967312 10-06-2026 14:02:40 RAM 3376/6833MB (lfb 62x4MB) SWAP 130/3417MB (cached 1MB) CPU [5%@1420,5%@1420,14%@1420,0%@1420,95%@1420,5%@1420] EMC_FREQ 0% GR3D_FREQ 0% AUX@42C CPU@43C thermal@42.1C AO@42C GPU@42C PMIC@50C
1791262961.170516 10-06-2026 14:02:41 RAM 3376/6833MB (lfb 62x4MB) SWAP 130/3417MB (cached 1MB) CPU [0%@1420,5%@1420,5%@1420,14%@1420,78%@1420,0%@1420] EMC_FREQ 0% GR3D_FREQ 0% AUX@41.5C CPU@43C thermal@41.95C AO@41.5C GPU@42C PMIC@50C
1791262961.373757 10-06-2026 14:02:41 RAM 3375/6833MB (lfb 62x4MB) SWAP 130/3417MB (cached 1MB) CPU [5%@1420,4%@1420,5%@1420,10%@1420,95%@1420,0%@1420] EMC_FREQ 0% GR3D_FREQ 0% AUX@41.5C CPU@42.5C thermal@41.95C AO@41.5C GPU@42C PMIC@50C
1791262961.577133 10-06-2026 14:02:41 RAM 3882/6833MB (lfb 3x4MB) SWAP 130/3417MB (cached 1MB) CPU [13%@1420,5%@1420,10%@1420,5%@1420,100%@1420,0%@1420] EMC_FREQ 0% GR3D_FREQ 0% AUX@41.5C CPU@43C thermal@41.95C AO@42C GPU@42C PMIC@50C
1791262961.780401 10-06-2026 14:02:41 RAM 3963/6833MB (lfb 29x1MB) SWAP 130/3417MB (cached 1MB) CPU [5%@1420,5%@1420,5%@1420,5%@1420,100%@1420,0%@1420] EMC_FREQ 0% GR3D_FREQ 0% AUX@41.5C CPU@43C thermal@41.95C AO@41.5C GPU@42C PMIC@50C
1791262961.983727 10-06-2026 14:02:41 RAM 4027/6833MB (lfb 29x1MB) SWAP 130/3417MB (cached 1MB) CPU [0%@1420,0%@1420,0%@1420,13%@1420,100%@1420,5%@1420] EMC_FREQ 0% GR3D_FREQ 0% AUX@41.5C CPU@43C thermal@41.95C AO@41.5C GPU@42C PMIC@50C
1791262962.189241 10-06-2026 14:02:42 RAM 4091/6833MB (lfb 27x1MB) SWAP 130/3417MB (cached 1MB) CPU [5%@1420,9%@1420,13%@1420,5%@1420,100%@1420,9%@1420] EMC_FREQ 0% GR3D_FREQ 0% AUX@41.5C CPU@42.5C thermal@41.95C AO@42C GPU@42C PMIC@50C
1791262962.394235 10-06-2026 14:02:42 RAM 4021/6833MB (lfb 25x1MB) SWAP 130/3417MB (cached 1MB) CPU [20%@1420,5%@1420,42%@1420,35%@1420,100%@1420,0%@1420] EMC_FREQ 0% GR3D_FREQ 0% AUX@41.5C CPU@43C thermal@42.15C AO@41.5C GPU@42C PMIC@50C
1791262962.598468 10-06-2026 14:02:42 RAM 3978/6833MB (lfb 29x1MB) SWAP 130/3417MB (cached 1MB) CPU [14%@1420,57%@1420,15%@1420,47%@1420,100%@1420,4%@1420] EMC_FREQ 0% GR3D_FREQ 0% AUX@41.5C CPU@43C thermal@42.15C AO@41.5C GPU@42C PMIC@50C
1791262962.802593 10-06-2026 14:02:42 RAM 3940/6833MB (lfb 30x1MB) SWAP 130/3417MB (cached 1MB) CPU [31%@1420,25%@1420,9%@1420,10%@1420,100%@1420,19%@1420] EMC_FREQ 0% GR3D_FREQ 0% AUX@42C CPU@42.5C thermal@42.15C AO@42C GPU@42C PMIC@50C
1791262963.006918 10-06-2026 14:02:43 RAM 3924/6833MB (lfb 29x1MB) SWAP 130/3417MB (cached 1MB) CPU [38%@1420,5%@1420,5%@1420,5%@1420,100%@1420,0%@1420] EMC_FREQ 0% GR3D_FREQ 0% AUX@41.5C CPU@42.5C thermal@42.15C AO@41.5C GPU@42C PMIC@50C
1791262963.210991 10-06-2026 14:02:43 RAM 3921/6833MB (lfb 36x1MB) SWAP 130/3417MB (cached 1MB) CPU [31%@1420,0%@1420,10%@1420,5%@1420,100%@1420,5%@1420] EMC_FREQ 0% GR3D_FREQ 0% AUX@42C CPU@43C thermal@42.15C AO@41.5C GPU@42C PMIC@50C
1791262963.414422 10-06-2026 14:02:43 RAM 3922/6833MB (lfb 36x1MB) SWAP 130/3417MB (cached 1MB) CPU [5%@1420,5%@1420,5%@1420,9%@1420,100%@1420,0%@1420] EMC_FREQ 0% GR3D_FREQ 0% AUX@42C CPU@42.5C thermal@42.3C AO@42C GPU@42C PMIC@50C
1791262963.617738 10-06-2026 14:02:43 RAM 3922/6833MB (lfb 36x1MB) SWAP 130/3417MB (cached 1MB) CPU [9%@1420,5%@1420,13%@1420,0%@1420,100%@1420,9%@1420] EMC_FREQ 0% GR3D_FREQ 0% AUX@42C CPU@43C thermal@42.3C AO@42C GPU@42.5C PMIC@50C
1791262963.821100 10-06-2026 14:02:43 RAM 3922/6833MB (lfb 36x1MB) SWAP 130/3417MB (cached 1MB) CPU [0%@1420,5%@1420,5%@1420,66%@1420,100%@1420,5%@1420] EMC_FREQ 0% GR3D_FREQ 0% AUX@41.5C CPU@43C thermal@42.3C AO@42C GPU@42C PMIC@50C
1791262964.024370 10-06-2026 14:02:44 RAM 3922/6833MB (lfb 36x1MB) SWAP 130/3417MB (cached 1MB) CPU [5%@1420,14%@1420,0%@1420,0%@1420,100%@1420,5%@1420] EMC_FREQ 0% GR3D_FREQ 0% AUX@42C CPU@43C thermal@42.3C AO@42C GPU@42C PMIC@50C
1791262964.227920 10-06-2026 14:02:44 RAM 3921/6833MB (lfb 36x1MB) SWAP 130/3417MB (cached 1MB) CPU [5%@1420,9%@1420,4%@1420,0%@1420,100%@1420,14%@1420] EMC_FREQ 0% GR3D_FREQ 0% AUX@42C CPU@43C thermal@42.3C AO@41.5C GPU@42C PMIC@50C
1791262964.431231 10-06-2026 14:02:44 RAM 2919/6833MB (lfb 63x4MB) SWAP 130/3417MB (cached 1MB) CPU [9%@1420,9%@1420,0%@1420,9%@1420,100%@1420,5%@1420] EMC_FREQ 0% GR3D_FREQ 0% AUX@42C CPU@43C thermal@42.3C AO@42C GPU@42C PMIC@50C
1791262964.634517 10-06-2026 14:02:44 RAM 2919/6833MB (lfb 63x4MB) SWAP 130/3417MB (cached 1MB) CPU [10%@1420,14%@1420,5%@1420,4%@1420,100%@1420,0%@1420] EMC_FREQ 0% GR3D_FREQ 0% AUX@42C CPU@43C thermal@42.3C AO@42C GPU@42C PMIC@50C
1791262964.837859 10-06-2026 14:02:44 RAM 2919/6833MB (lfb 63x4MB) SWAP 130/3417MB (cached 1MB) CPU [5%@1420,10%@1420,4%@1420,5%@1420,100%@1420,5%@1420] EMC_FREQ 0% GR3D_FREQ 0% AUX@42C CPU@43C thermal@42.3C AO@42C GPU@42C PMIC@50C
1791262965.041154 10-06-2026 14:02:45 RAM 2919/6833MB (lfb 63x4MB) SWAP 130/3417MB (cached 1MB) CPU [9%@1420,10%@1420,5%@1420,0%@1420,100%@1420,4%@1420] EMC_FREQ 0% GR3D_FREQ 0% AUX@42C CPU@43C thermal@42.3C AO@42C GPU@42.5C PMIC@50C
1791262965.244842 10-06-2026 14:02:45 RAM 2942/6833MB (lfb 63x4MB) SWAP 130/3417MB (cached 1MB) CPU [10%@1420,5%@1420,0%@1420,4%@1420,100%@1420,5%@1420] EMC_FREQ 0% GR3D_FREQ 0% AUX@42C CPU@43C thermal@42.3C AO@42C GPU@42.5C PMIC@50C
1791262965.447959 10-06-2026 14:02:45 RAM 2973/6833MB (lfb 63x4MB) SWAP 130/3417MB (cached 1MB) CPU [13%@1420,5%@1420,5%@1420,5%@1420,100%@1420,4%@1420] EMC_FREQ 0% GR3D_FREQ 0% AUX@42C CPU@43C thermal@42.3C AO@42C GPU@42.5C PMIC@50C
1791262965.651233 10-06-2026 14:02:45 RAM 3001/6833MB (lfb 63x4MB) SWAP 130/3417MB (cached 1MB) CPU [15%@1420,0%@1420,0%@1420,0%@1420,100%@1420,9%@1420] EMC_FREQ 0% GR3D_FREQ 0% AUX@42C CPU@43C thermal@42.45C AO@42C GPU@42C PMIC@50C
1791262965.855185 10-06-2026 14:02:45 RAM 3030/6833MB (lfb 63x4MB) SWAP 130/3417MB (cached 1MB) CPU [9%@1420,14%@1420,5%@1420,9%@1420,100%@1420,0%@1420] EMC_FREQ 0% GR3D_FREQ 0% AUX@42C CPU@43C thermal@42.45C AO@42C GPU@42.5C PMIC@50C
1791262966.058431 10-06-2026 14:02:46 RAM 3061/6833MB (lfb 63x4MB) SWAP 130/3417MB (cached 1MB) CPU [9%@1420,15%@1420,5%@1420,5%@1420,100%@1420,0%@1420] EMC_FREQ 0% GR3D_FREQ 0% AUX@42C CPU@43C thermal@42.45C AO@42C GPU@42.5C PMIC@50C
1791262966.261639 10-06-2026 14:02:46 RAM 3091/6833MB (lfb 63x4MB) SWAP 130/3417MB (cached 1MB) CPU [10%@1420,9%@1420,0%@1420,9%@1420,100%@1420,5%@1420] EMC_FREQ 0% GR3D_FREQ 0% AUX@42C CPU@43C thermal@42.45C AO@42C GPU@42.5C PMIC@50C
1791262966.465596 10-06-2026 14:02:46 RAM 3123/6833MB (lfb 63x4MB) SWAP 130/3417MB (cached 1MB) CPU [14%@1420,0%@1420,4%@1420,4%@1420,100%@1420,0%@1420] EMC_FREQ 0% GR3D_FREQ 0% AUX@42C CPU@43C thermal@42.45C AO@42C GPU@42.5C PMIC@50C
1791262966.669078 10-06-2026 14:02:46 RAM 3153/6833MB (lfb 63x4MB) SWAP 130/3417MB (cached 1MB) CPU [10%@1420,5%@1420,0%@1420,9%@1420,100%@1420,0%@1420] EMC_FREQ 0% GR3D_FREQ 0% AUX@42C CPU@43C thermal@42.45C AO@42C GPU@42.5C PMIC@50C
1791262966.872434 10-06-2026 14:02:46 RAM 3179/6833MB (lfb 63x4MB) SWAP 130/3417MB (cached 1MB) CPU [18%@1420,4%@1420,5%@1420,0%@1420,100%@1420,0%@1420] EMC_FREQ 0% GR3D_FREQ 0% AUX@42C CPU@43C thermal@42.45C AO@42C GPU@42.5C PMIC@50C
1791262967.076100 10-06-2026 14:02:47 RAM 3206/6833MB (lfb 61x4MB) SWAP 130/3417MB (cached 1MB) CPU [15%@1420,9%@1420,0%@1420,5%@1420,100%@1420,4%@1420] EMC_FREQ 0% GR3D_FREQ 0% AUX@42C CPU@43C thermal@42.45C AO@42C GPU@42.5C PMIC@50C
1791262967.279269 10-06-2026 14:02:47 RAM 3235/6833MB (lfb 57x4MB) SWAP 130/3417MB (cached 1MB) CPU [0%@1420,5%@1420,0%@1420,10%@1420,100%@1420,0%@1420] EMC_FREQ 0% GR3D_FREQ 0% AUX@42C CPU@43C thermal@42.45C AO@42C GPU@42.5C PMIC@50C
1791262967.482774 10-06-2026 14:02:47 RAM 3263/6833MB (lfb 54x4MB) SWAP 130/3417MB (cached 1MB) CPU [9%@1420,60%@1420,14%@1420,14%@1420,100%@1420,4%@1420] EMC_FREQ 0% GR3D_FREQ 0% AUX@42C CPU@43.5C thermal@42.45C AO@42C GPU@42.5C PMIC@50C
1791262967.685920 10-06-2026 14:02:47 RAM 3291/6833MB (lfb 50x4MB) SWAP 130/3417MB (cached 1MB) CPU [9%@1420,5%@1420,5%@1420,0%@1420,100%@1420,5%@1420] EMC_FREQ 0% GR3D_FREQ 0% AUX@42C CPU@43.5C thermal@42.45C AO@42C GPU@42.5C PMIC@50C
1791262967.889418 10-06-2026 14:02:47 RAM 3376/6833MB (lfb 30x4MB) SWAP 130/3417MB (cached 1MB) CPU [9%@1420,4%@1420,5%@1420,15%@1420,100%@1420,0%@1420] EMC_FREQ 0% GR3D_FREQ 0% AUX@42C CPU@43.5C thermal@42.6C AO@42C GPU@42.5C PMIC@50C
1791262968.093028 10-06-2026 14:02:48 RAM 3396/6833MB (lfb 26x4MB) SWAP 130/3417MB (cached 1MB) CPU [9%@1420,5%@1420,0%@1420,0%@1420,100%@1420,9%@1420] EMC_FREQ 0% GR3D_FREQ 0% AUX@42.5C CPU@43.5C thermal@42.6C AO@42.5C GPU@42.5C PMIC@50C
1791262968.296352 10-06-2026 14:02:48 RAM 3396/6833MB (lfb 26x4MB) SWAP 130/3417MB (cached 1MB) CPU [5%@1420,9%@1420,9%@1420,5%@1420,100%@1420,0%@1420] EMC_FREQ 0% GR3D_FREQ 0% AUX@42.5C CPU@43C thermal@42.6C AO@42.5C GPU@42.5C PMIC@50C
1791262968.499996 10-06-2026 14:02:48 RAM 3396/6833MB (lfb 26x4MB) SWAP 130/3417MB (cached 1MB) CPU [10%@1420,9%@1420,0%@1420,9%@1420,100%@1420,9%@1420] EMC_FREQ 0% GR3D_FREQ 0% AUX@42C CPU@43C thermal@42.6C AO@42.5C GPU@42.5C PMIC@50C
1791262968.703259 10-06-2026 14:02:48 RAM 3396/6833MB (lfb 26x4MB) SWAP 130/3417MB (cached 1MB) CPU [18%@1420,9%@1420,4%@1420,9%@1420,100%@1420,0%@1420] EMC_FREQ 0% GR3D_FREQ 0% AUX@42C CPU@43.5C thermal@42.6C AO@42.5C GPU@42.5C PMIC@50C
1791262968.906523 10-06-2026 14:02:48 RAM 3396/6833MB (lfb 26x4MB) SWAP 130/3417MB (cached 1MB) CPU [10%@1420,0%@1420,4%@1420,4%@1420,100%@1420,5%@1420] EMC_FREQ 0% GR3D_FREQ 0% AUX@42.5C CPU@43.5C thermal@42.6C AO@42.5C GPU@42.5C PMIC@50C
1791262969.109757 10-06-2026 14:02:49 RAM 3396/6833MB (lfb 26x4MB) SWAP 130/3417MB (cached 1MB) CPU [10%@1420,5%@1420,0%@1420,66%@1420,100%@1420,5%@1420] EMC_FREQ 0% GR3D_FREQ 0% AUX@42C CPU@43.5C thermal@42.6C AO@42.5C GPU@42.5C PMIC@50C
1791262969.312961 10-06-2026 14:02:49 RAM 3396/6833MB (lfb 26x4MB) SWAP 130/3417MB (cached 1MB) CPU [5%@1420,17%@1420,0%@1420,0%@1420,100%@1420,9%@1420] EMC_FREQ 0% GR3D_FREQ 0% AUX@42C CPU@43.5C thermal@42.6C AO@42.5C GPU@42.5C PMIC@50C
1791262969.516189 10-06-2026 14:02:49 RAM 3396/6833MB (lfb 26x4MB) SWAP 130/3417MB (cached 1MB) CPU [18%@1420,5%@1420,5%@1420,0%@1420,100%@1420,0%@1420] EMC_FREQ 0% GR3D_FREQ 0% AUX@42.5C CPU@43.5C thermal@42.6C AO@42.5C GPU@42.5C PMIC@50C
1791262969.719382 10-06-2026 14:02:49 RAM 3396/6833MB (lfb 26x4MB) SWAP 130/3417MB (cached 1MB) CPU [0%@1420,14%@1420,4%@1420,4%@1420,100%@1420,0%@1420] EMC_FREQ 0% GR3D_FREQ 0% AUX@42C CPU@43.5C thermal@42.6C AO@42.5C GPU@42.5C PMIC@50C
1791262969.922796 10-06-2026 14:02:49 RAM 3396/6833MB (lfb 26x4MB) SWAP 130/3417MB (cached 1MB) CPU [9%@1420,10%@1420,5%@1420,5%@1420,100%@1420,4%@1420] EMC_FREQ 0% GR3D_FREQ 0% AUX@42.5C CPU@43.5C thermal@42.6C AO@42.5C GPU@42.5C PMIC@50C
1791262970.126041 10-06-2026 14:02:50 RAM 3396/6833MB (lfb 26x4MB) SWAP 130/3417MB (cached 1MB) CPU [5%@1420,9%@1420,0%@1420,5%@1420,100%@1420,9%@1420] EMC_FREQ 0% GR3D_FREQ 0% AUX@42.5C CPU@43.5C thermal@42.6C AO@42.5C GPU@42.5C PMIC@50C
1791262970.332017 10-06-2026 14:02:50 RAM 3396/6833MB (lfb 26x4MB) SWAP 130/3417MB (cached 1MB) CPU [10%@1420,9%@1420,9%@1420,9%@1420,100%@1420,0%@1420] EMC_FREQ 0% GR3D_FREQ 0% AUX@42C CPU@43.5C thermal@42.6C AO@42.5C GPU@42.5C PMIC@50C
1791262970.536268 10-06-2026 14:02:50 RAM 3397/6833MB (lfb 26x4MB) SWAP 130/3417MB (cached 1MB) CPU [31%@1420,26%@1420,25%@1420,22%@1420,95%@1420,20%@1420] EMC_FREQ 0% GR3D_FREQ 0% AUX@42C CPU@43.5C thermal@42.6C AO@42.5C GPU@42.5C PMIC@50C
1791262970.739573 10-06-2026 14:02:50 RAM 2920/6833MB (lfb 63x4MB) SWAP 130/3417MB (cached 1MB) CPU [14%@1420,18%@1420,15%@1420,30%@1420,95%@1420,19%@1420] EMC_FREQ 0% GR3D_FREQ 0% AUX@42.5C CPU@44C thermal@42.6C AO@42.5C GPU@42.5C PMIC@50C
1791262970.942858 10-06-2026 14:02:50 RAM 2919/6833MB (lfb 63x4MB) SWAP 130/3417MB (cached 1MB) CPU [14%@1420,9%@1420,14%@1420,5%@1420,100%@1420,0%@1420] EMC_FREQ 0% GR3D_FREQ 0% AUX@42.5C CPU@43.5C thermal@42.6C AO@42.5C GPU@42.5C PMIC@50C
1791262971.146607 10-06-2026 14:02:51 RAM 2919/6833MB (lfb 63x4MB) SWAP 130/3417MB (cached 1MB) CPU [14%@1420,0%@1420,14%@1420,4%@1420,42%@1420,31%@1420] EMC_FREQ 0% GR3D_FREQ 7% AUX@42.5C CPU@43.5C thermal@42.6C AO@42.5C GPU@42.5C PMIC@50C
1791262971.349868 10-06-2026 14:02:51 RAM 2919/6833MB (lfb 63x4MB) SWAP 130/3417MB (cached 1MB) CPU [9%@1420,9%@1420,0%@1420,10%@1420,23%@1420,68%@1420] EMC_FREQ 0% GR3D_FREQ 0% AUX@42.5C CPU@43.5C thermal@42.8C AO@42.5C GPU@42.5C PMIC@50C
1791262971.553394 10-06-2026 14:02:51 RAM 2918/6833MB (lfb 63x4MB) SWAP 130/3417MB (cached 1MB) CPU [0%@1344,14%@1344,9%@1344,0%@1344,71%@1344,15%@1344] EMC_FREQ 0% GR3D_FREQ 7% AUX@42.5C CPU@43.5C thermal@42.8C AO@42.5C GPU@42.5C PMIC@50C
1791262971.756954 10-06-2026 14:02:51 RAM 2918/6833MB (lfb 63x4MB) SWAP 130/3417MB (cached 1MB) CPU [5%@1420,0%@1420,15%@1420,9%@1420,30%@1420,60%@1420] EMC_FREQ 0% GR3D_FREQ 0% AUX@42.5C CPU@43.5C thermal@42.8C AO@42.5C GPU@42.5C PMIC@50C
1791262971.960309 10-06-2026 14:02:51 RAM 2918/6833MB (lfb 63x4MB) SWAP 130/3417MB (cached 1MB) CPU [14%@1420,14%@1420,14%@1420,0%@1420,65%@1420,4%@1420] EMC_FREQ 0% GR3D_FREQ 7% AUX@42.5C CPU@43.5C thermal@42.8C AO@42.5C GPU@42.5C PMIC@50C
1791262972.163510 10-06-2026 14:02:52 RAM 2919/6833MB (lfb 63x4MB) SWAP 130/3417MB (cached 1MB) CPU [15%@1420,76%@1420,5%@1420,15%@1420,0%@1420,0%@1420] EMC_FREQ 0% GR3D_FREQ 0% AUX@42.5C CPU@43.5C thermal@42.8C AO@43C GPU@43C PMIC@50C
1791262972.366686 10-06-2026 14:02:52 RAM 2918/6833MB (lfb 63x4MB) SWAP 130/3417MB (cached 1MB) CPU [85%@1420,18%@1420,9%@1420,10%@1420,0%@1420,5%@1420] EMC_FREQ 0% GR3D_FREQ 0% AUX@42.5C CPU@43.5C thermal@42.95C AO@42.5C GPU@43C PMIC@50C
1791262972.570032 10-06-2026 14:02:52 RAM 2918/6833MB (lfb 63x4MB) SWAP 130/3417MB (cached 1MB) CPU [20%@1420,57%@1420,13%@1420,14%@1420,13%@1420,4%@1420] EMC_FREQ 0% GR3D_FREQ 19% AUX@42.5C CPU@43.5C thermal@42.95C AO@42.5C GPU@43C PMIC@50C
1791262972.773143 10-06-2026 14:02:52 RAM 2918/6833MB (lfb 63x4MB) SWAP 130/3417MB (cached 1MB) CPU [9%@1420,80%@1420,0%@1420,15%@1420,0%@1420,9%@1420] EMC_FREQ 0% GR3D_FREQ 2% AUX@42.5C CPU@43.5C thermal@42.95C AO@42.5C GPU@42.5C PMIC@50C
1791262972.976393 10-06-2026 14:02:52 RAM 2918/6833MB (lfb 63x4MB) SWAP 130/3417MB (cached 1MB) CPU [40%@1420,55%@1420,9%@1420,14%@1420,9%@1420,9%@1420] EMC_FREQ 0% GR3D_FREQ 0% AUX@42.5C CPU@43.5C thermal@42.95C AO@43C GPU@42.5C PMIC@50C
1791262973.179641 10-06-2026 14:02:53 RAM 2918/6833MB (lfb 63x4MB) SWAP 130/3417MB (cached 1MB) CPU [45%@1420,44%@1420,5%@1420,10%@1420,0%@1420,0%@1420] EMC_FREQ 0% GR3D_FREQ 0% AUX@42.5C CPU@43.5C thermal@42.95C AO@43C GPU@43C PMIC@50C
1791262973.382907 10-06-2026 14:02:53 RAM 2919/6833MB (lfb 63x4MB) SWAP 130/3417MB (cached 1MB) CPU [18%@1420,78%@1420,4%@1420,19%@1420,9%@1420,9%@1420] EMC_FREQ 0% GR3D_FREQ 0% AUX@42.5C CPU@43.5C thermal@42.95C AO@43C GPU@43C PMIC@50C
1791262973.586257 10-06-2026 14:02:53 RAM 2919/6833MB (lfb 63x4MB) SWAP 130/3417MB (cached 1MB) CPU [44%@1420,38%@1420,5%@1420,14%@1420,5%@1420,4%@1420] EMC_FREQ 0% GR3D_FREQ 17% AUX@42.5C CPU@43.5C thermal@42.95C AO@43C GPU@43C PMIC@50C
1791262973.789716 10-06-2026 14:02:53 RAM 2919/6833MB (lfb 63x4MB) SWAP 130/3417MB (cached 1MB) CPU [80%@1420,10%@1420,4%@1420,5%@1420,5%@1420,5%@1420] EMC_FREQ 0% GR3D_FREQ 15% AUX@43C CPU@43.5C thermal@42.95C AO@43C GPU@43C PMIC@50C
1791262973.993061 10-06-2026 14:02:53 RAM 2919/6833MB (lfb 63x4MB) SWAP 130/3417MB (cached 1MB) CPU [9%@1420,84%@1420,0%@1420,5%@1420,9%@1420,5%@1420] EMC_FREQ 0% GR3D_FREQ 0% AUX@42.5C CPU@44C thermal@42.95C AO@42.5C GPU@43C PMIC@50C
1791262974.196791 10-06-2026 14:02:54 RAM 2919/6833MB (lfb 63x4MB) SWAP 130/3417MB (cached 1MB) CPU [10%@1420,77%@1420,0%@1420,5%@1420,9%@1420,5%@1420] EMC_FREQ 0% GR3D_FREQ 0% AUX@42.5C CPU@43.5C thermal@42.95C AO@43C GPU@43C PMIC@50C
1791262974.399894 10-06-2026 14:02:54 RAM 2919/6833MB (lfb 63x4MB) SWAP 130/3417MB (cached 1MB) CPU [80%@1420,0%@1420,4%@1420,5%@1420,10%@1420,5%@1420] EMC_FREQ 0% GR3D_FREQ 0% AUX@43C CPU@44C thermal@42.95C AO@42.5C GPU@43C PMIC@50C
1791262974.603407 10-06-2026 14:02:54 RAM 2918/6833MB (lfb 63x4MB) SWAP 130/3417MB (cached 1MB) CPU [10%@1420,10%@1420,5%@1420,4%@1420,9%@1420,10%@1420] EMC_FREQ 0% GR3D_FREQ 0% AUX@42.5C CPU@43.5C thermal@42.95C AO@43C GPU@43C PMIC@50C
1791262974.806800 10-06-2026 14:02:54 RAM 2920/6833MB (lfb 63x4MB) SWAP 130/3417MB (cached 1MB) CPU [14%@1420,80%@1420,5%@1420,5%@1420,10%@1420,0%@1420] EMC_FREQ 0% GR3D_FREQ 0% AUX@42.5C CPU@44C thermal@42.95C AO@43C GPU@43C PMIC@50C
1791262975.010154 10-06-2026 14:02:55 RAM 2920/6833MB (lfb 63x4MB) SWAP 130/3417MB (cached 1MB) CPU [4%@1420,95%@1420,9%@1420,9%@1420,5%@1420,5%@1420] EMC_FREQ 0% GR3D_FREQ 0% AUX@42.5C CPU@43.5C thermal@42.95C AO@43C GPU@43C PMIC@50C
1791262975.213797 10-06-2026 14:02:55 RAM 2949/6833MB (lfb 63x4MB) SWAP 130/3417MB (cached 1MB) CPU [85%@1420,13%@1420,4%@1420,0%@1420,0%@1420,10%@1420] EMC_FREQ 0% GR3D_FREQ 0% AUX@42.5C CPU@44C thermal@42.95C AO@43C GPU@43C PMIC@50C
1791262975.417096 10-06-2026 14:02:55 RAM 3177/6833MB (lfb 63x4MB) SWAP 130/3417MB (cached 1MB) CPU [28%@1420,31%@1420,9%@1420,5%@1420,5%@1420,15%@1420] EMC_FREQ 0% GR3D_FREQ 0% AUX@42.5C CPU@44C thermal@42.95C AO@43C GPU@43C PMIC@50C
1791262975.620503 10-06-2026 14:02:55 RAM 3216/6833MB (lfb 63x4MB) SWAP 130/3417MB (cached 1MB) CPU [22%@1420,50%@1420,0%@1420,0%@1420,5%@1420,13%@1420] EMC_FREQ 0% GR3D_FREQ 0% AUX@43C CPU@44C thermal@42.95C AO@43C GPU@43C PMIC@50C
1791262975.823730 10-06-2026 14:02:55 RAM 3262/6833MB (lfb 63x4MB) SWAP 130/3417MB (cached 1MB) CPU [75%@1420,20%@1420,9%@1420,10%@1420,14%@1420,0%@1420] EMC_FREQ 0% GR3D_FREQ 0% AUX@42.5C CPU@44C thermal@43.3C AO@43C GPU@43C PMIC@50C
1791262976.027043 10-06-2026 14:02:56 RAM 3262/6833MB (lfb 63x4MB) SWAP 130/3417MB (cached 1MB) CPU [100%@1420,0%@1420,9%@1420,13%@1420,5%@1420,14%@1420] EMC_FREQ 0% GR3D_FREQ 0% AUX@42.5C CPU@44C thermal@43.3C AO@43C GPU@43C PMIC@50C
1791262976.230592 10-06-2026 14:02:56 RAM 3262/6833MB (lfb 63x4MB) SWAP 130/3417MB (cached 1MB) CPU [100%@1420,0%@1420,5%@1420,5%@1420,0%@1420,18%@1420] EMC_FREQ 0% GR3D_FREQ 3% AUX@43C CPU@44C thermal@43.3C AO@43C GPU@43C PMIC@50C
1791262976.433759 10-06-2026 14:02:56 RAM 3262/6833MB (lfb 63x4MB) SWAP 130/3417MB (cached 1MB) CPU [57%@1420,38%@1420,9%@1420,0%@1420,9%@1420,10%@1420] EMC_FREQ 0% GR3D_FREQ 0% AUX@43C CPU@44C thermal@43.3C AO@43C GPU@43.5C PMIC@50C
1791262976.637116 10-06-2026 14:02:56 RAM 3266/6833MB (lfb 63x4MB) SWAP 130/3417MB (cached 1MB) CPU [0%@1420,85%@1420,0%@1420,0%@1420,0%@1420,15%@1420] EMC_FREQ 0% GR3D_FREQ 0% AUX@42.5C CPU@44C thermal@43.3C AO@43C GPU@43C PMIC@50C
1791262976.840632 10-06-2026 14:02:56 RAM 3268/6833MB (lfb 63x4MB) SWAP 130/3417MB (cached 1MB) CPU [5%@1190,50%@1420,0%@1420,5%@1420,10%@1420,9%@1420] EMC_FREQ 0% GR3D_FREQ 0% AUX@43C CPU@44C thermal@43.1C AO@43C GPU@43C PMIC@50C
1791262977.043931 10-06-2026 14:02:57 RAM 3282/6833MB (lfb 63x4MB) SWAP 130/3417MB (cached 1MB) CPU [9%@1420,68%@1420,5%@1420,13%@1420,5%@1420,10%@1420] EMC_FREQ 0% GR3D_FREQ 0% AUX@42.5C CPU@44C thermal@43.1C AO@43C GPU@43.5C PMIC@50C
1791262977.247658 10-06-2026 14:02:57 RAM 3284/6833MB (lfb 63x4MB) SWAP 130/3417MB (cached 1MB) CPU [19%@1420,50%@1420,0%@1420,10%@1420,9%@1420,5%@1190] EMC_FREQ 0% GR3D_FREQ 0% AUX@43C CPU@44C thermal@43.1C AO@43C GPU@43C PMIC@50C
1791262977.450935 10-06-2026 14:02:57 RAM 3308/6833MB (lfb 63x4MB) SWAP 130/3417MB (cached 1MB) CPU [90%@1420,66%@1420,9%@1420,4%@1420,14%@1420,4%@1420] EMC_FREQ 0% GR3D_FREQ 4% AUX@42.5C CPU@44C thermal@43.1C AO@43C GPU@43C PMIC@50C
1791262977.654608 10-06-2026 14:02:57 RAM 3319/6833MB (lfb 63x4MB) SWAP 130/3417MB (cached 1MB) CPU [4%@1420,57%@1420,0%@1420,5%@1420,5%@1420,5%@1420] EMC_FREQ 0% GR3D_FREQ 4% AUX@42.5C CPU@44C thermal@43.1C AO@43C GPU@43.5C PMIC@50C
1791262977.857835 10-06-2026 14:02:57 RAM 3327/6833MB (lfb 63x4MB) SWAP 130/3417MB (cached 1MB) CPU [5%@1420,90%@1420,0%@1420,5%@1420,14%@1420,9%@1420] EMC_FREQ 0% GR3D_FREQ 0% AUX@43C CPU@44C thermal@43.1C AO@43C GPU@43.5C PMIC@50C
1791262978.061019 10-06-2026 14:02:58 RAM 3331/6833MB (lfb 63x4MB) SWAP 130/3417MB (cached 1MB) CPU [0%@1420,95%@1420,9%@1420,10%@1420,15%@1420,5%@1420] EMC_FREQ 0% GR3D_FREQ 0% AUX@43C CPU@44C thermal@43.45C AO@43C GPU@43.5C PMIC@50C
1791262978.264381 10-06-2026 14:02:58 RAM 3339/6833MB (lfb 63x4MB) SWAP 130/3417MB (cached 1MB) CPU [4%@1420,80%@1420,5%@1420,13%@1420,15%@1420,5%@1420] EMC_FREQ 0% GR3D_FREQ 6% AUX@43C CPU@44C thermal@43.45C AO@43C GPU@43.5C PMIC@50C
1791262978.467891 10-06-2026 14:02:58 RAM 3343/6833MB (lfb 63x4MB) SWAP 130/3417MB (cached 1MB) CPU [10%@1420,73%@1420,9%@1420,4%@1420,14%@1420,9%@1420] EMC_FREQ 0% GR3D_FREQ 3% AUX@43C CPU@44C thermal@43.45C AO@43C GPU@43.5C PMIC@50C
1791262978.671190 10-06-2026 14:02:58 RAM 3355/6833MB (lfb 63x4MB) SWAP 130/3417MB (cached 1MB) CPU [90%@1420,5%@1420,5%@1420,0%@1420,5%@1420,9%@1420] EMC_FREQ 0% GR3D_FREQ 0% AUX@43C CPU@44C thermal@43.45C AO@43C GPU@43.5C PMIC@50C
1791262978.874954 10-06-2026 14:02:58 RAM 3358/6833MB (lfb 63x4MB) SWAP 130/3417MB (cached 1MB) CPU [0%@1344,76%@1344,5%@1344,5%@1344,14%@1344,5%@1344] EMC_FREQ 0% GR3D_FREQ 0% AUX@43C CPU@44C thermal@43.45C AO@43C GPU@43.5C PMIC@50C
1791262979.078396 10-06-2026 14:02:59 RAM 3366/6833MB (lfb 63x4MB) SWAP 130/3417MB (cached 1MB) CPU [15%@1420,36%@1420,13%@1420,13%@1420,5%@1420,9%@1420] EMC_FREQ 0% GR3D_FREQ 13% AUX@43C CPU@44.5C thermal@43.45C AO@43.5C GPU@43.5C PMIC@50C
1791262979.281736 10-06-2026 14:02:59 RAM 3366/6833MB (lfb 63x4MB) SWAP 130/3417MB (cached 1MB) CPU [42%@1420,59%@1420,0%@1420,0%@1420,17%@1420,9%@1420] EMC_FREQ 0% GR3D_FREQ 0% AUX@43C CPU@44C thermal@43.45C AO@43.5C GPU@43.5C PMIC@50C
1791262979.485539 10-06-2026 14:02:59 RAM 3366/6833MB (lfb 63x4MB) SWAP 130/3417MB (cached 1MB) CPU [100%@1420,9%@1420,70%@1420,9%@1420,14%@1420,9%@1420] EMC_FREQ 0% GR3D_FREQ 0% AUX@43C CPU@44.5C thermal@43.45C AO@43.5C GPU@43.5C PMIC@50C
1791262979.689351 10-06-2026 14:02:59 RAM 3366/6833MB (lfb 63x4MB) SWAP 130/3417MB (cached 1MB) CPU [100%@1420,5%@1420,4%@1420,5%@1420,5%@1420,5%@1420] EMC_FREQ 0% GR3D_FREQ 4% AUX@43C CPU@44C thermal@43.45C AO@43C GPU@43.5C PMIC@50C
1791262979.893023 10-06-2026 14:02:59 RAM 3366/6833MB (lfb 63x4MB) SWAP 130/3417MB (cached 1MB) CPU [95%@1420,5%@1420,0%@1420,5%@1420,5%@1420,4%@1420] EMC_FREQ 0% GR3D_FREQ 0% AUX@43C CPU@44.5C thermal@43.45C AO@43.5C GPU@43.5C PMIC@50C
1791262980.096626 10-06-2026 14:03:00 RAM 3366/6833MB (lfb 63x4MB) SWAP 130/3417MB (cached 1MB) CPU [100%@1420,0%@1420,5%@1420,5%@1420,10%@1420,5%@1420] EMC_FREQ 0% GR3D_FREQ 0% AUX@43C CPU@44.5C thermal@43.45C AO@43.5C GPU@43.5C PMIC@50C
1791262980.300710 10-06-2026 14:03:00 RAM 3366/6833MB (lfb 63x4MB) SWAP 130/3417MB (cached 1MB) CPU [100%@1420,14%@1420,0%@1420,13%@1420,9%@1420,9%@1420] EMC_FREQ 0% GR3D_FREQ 0% AUX@43C CPU@44.5C thermal@43.6C AO@43.5C GPU@43.5C PMIC@50C
1791262980.504408 10-06-2026 14:03:00 RAM 3366/6833MB (lfb 63x4MB) SWAP 130/3417MB (cached 1MB) CPU [100%@1420,5%@1420,4%@1420,0%@1420,0%@1420,10%@1420] EMC_FREQ 0% GR3D_FREQ 0% AUX@43C CPU@44C thermal@43.6C AO@43.5C GPU@43.5C PMIC@50C
1791262980.707932 10-06-2026 14:03:00 RAM 3366/6833MB (lfb 63x4MB) SWAP 130/3417MB (cached 1MB) CPU [100%@1420,10%@1420,5%@1420,5%@1420,0%@1420,9%@1420] EMC_FREQ 0% GR3D_FREQ 4% AUX@43C CPU@44.5C thermal@43.6C AO@43.5C GPU@43.5C PMIC@50C
1791262980.911144 10-06-2026 14:03:00 RAM 3366/6833MB (lfb 63x4MB) SWAP 130/3417MB (cached 1MB) CPU [100%@1420,5%@1420,9%@1420,0%@1420,4%@1420,10%@1420] EMC_FREQ 0% GR3D_FREQ 0% AUX@43C CPU@44.5C thermal@43.6C AO@43.5C GPU@43.5C PMIC@50C
1791262981.114459 10-06-2026 14:03:01 RAM 3366/6833MB (lfb 63x4MB) SWAP 130/3417MB (cached 1MB) CPU [100%@1420,5%@1420,0%@1420,5%@1420,5%@1420,9%@1420] EMC_FREQ 0% GR3D_FREQ 0% AUX@43.5C CPU@44.5C thermal@43.6C AO@43.5C GPU@43.5C PMIC@50C
1791262981.319190 10-06-2026 14:03:01 RAM 3366/6833MB (lfb 63x4MB) SWAP 130/3417MB (cached 1MB) CPU [100%@1420,0%@1420,5%@1420,9%@1420,4%@1420,13%@1420] EMC_FREQ 0% GR3D_FREQ 0% AUX@43C CPU@44.5C thermal@43.6C AO@43.5C GPU@43.5C PMIC@50C
1791262981.522720 10-06-2026 14:03:01 RAM 3366/6833MB (lfb 63x4MB) SWAP 130/3417MB (cached 1MB) CPU [100%@1420,4%@1420,18%@1420,0%@1420,5%@1420,0%@1420] EMC_FREQ 0% GR3D_FREQ 0% AUX@43.5C CPU@44.5C thermal@43.6C AO@43.5C GPU@43.5C PMIC@50C
1791262981.725981 10-06-2026 14:03:01 RAM 3366/6833MB (lfb 63x4MB) SWAP 130/3417MB (cached 1MB) CPU [100%@1420,4%@1420,10%@1420,9%@1420,5%@1420,10%@1420] EMC_FREQ 0% GR3D_FREQ 0% AUX@43C CPU@44.5C thermal@43.6C AO@43.5C GPU@43.5C PMIC@50C
1791262981.929239 10-06-2026 14:03:01 RAM 3366/6833MB (lfb 63x4MB) SWAP 130/3417MB (cached 1MB) CPU [55%@1420,19%@1420,26%@1420,30%@1420,20%@1420,10%@1420] EMC_FREQ 0% GR3D_FREQ 0% AUX@43.5C CPU@44.5C thermal@43.6C AO@43.5C GPU@43.5C PMIC@50C
1791262982.132866 10-06-2026 14:03:02 RAM 3366/6833MB (lfb 63x4MB) SWAP 130/3417MB (cached 1MB) CPU [55%@1190,4%@1420,9%@1420,0%@1420,10%@1420,9%@1420] EMC_FREQ 0% GR3D_FREQ 99% AUX@43.5C CPU@44.5C thermal@43.6C AO@43.5C GPU@44C PMIC@50C
1791262982.336198 10-06-2026 14:03:02 RAM 3366/6833MB (lfb 63x4MB) SWAP 130/3417MB (cached 1MB) CPU [9%@1420,38%@1420,9%@1420,5%@1420,5%@1420,5%@1420] EMC_FREQ 0% GR3D_FREQ 0% AUX@43.5C CPU@44.5C thermal@43.6C AO@44C GPU@44.5C PMIC@50C
1791262982.539866 10-06-2026 14:03:02 RAM 3378/6833MB (lfb 63x4MB) SWAP 130/3417MB (cached 1MB) CPU [10%@1420,85%@1420,5%@1420,9%@1420,4%@1420,5%@1420] EMC_FREQ 0% GR3D_FREQ 0% AUX@43.5C CPU@44.5C thermal@44.1C AO@43.5C GPU@44.5C PMIC@50C
1791262982.743109 10-06-2026 14:03:02 RAM 3394/6833MB (lfb 63x4MB) SWAP 130/3417MB (cached 1MB) CPU [5%@1420,90%@1420,5%@1420,5%@1420,5%@1420,5%@1420] EMC_FREQ 0% GR3D_FREQ 0% AUX@43C CPU@44.5C thermal@44.1C AO@44C GPU@44.5C PMIC@50C
1791262982.946324 10-06-2026 14:03:02 RAM 3407/6833MB (lfb 63x4MB) SWAP 130/3417MB (cached 1MB) CPU [47%@1420,50%@1420,18%@1420,0%@1420,13%@1420,5%@1420] EMC_FREQ 0% GR3D_FREQ 0% AUX@43.5C CPU@44.5C thermal@44.1C AO@43.5C GPU@44.5C PMIC@50C
1791262983.149704 10-06-2026 14:03:03 RAM 3431/6833MB (lfb 63x4MB) SWAP 130/3417MB (cached 1MB) CPU [31%@1420,63%@1420,5%@1420,9%@1420,0%@1420,9%@1420] EMC_FREQ 0% GR3D_FREQ 1% AUX@43.5C CPU@45C thermal@44.1C AO@43.5C GPU@44C PMIC@50C
1791262983.353000 10-06-2026 14:03:03 RAM 3480/6833MB (lfb 63x4MB) SWAP 130/3417MB (cached 1MB) CPU [0%@1420,100%@1420,10%@1420,9%@1420,9%@1420,5%@1420] EMC_FREQ 0% GR3D_FREQ 0% AUX@43.5C CPU@44.5C thermal@44.1C AO@44C GPU@44C PMIC@50C
1791262983.557023 10-06-2026 14:03:03 RAM 3492/6833MB (lfb 63x4MB) SWAP 130/3417MB (cached 1MB) CPU [14%@1420,76%@1420,10%@1420,0%@1420,0%@1420,5%@1420] EMC_FREQ 0% GR3D_FREQ 27% AUX@43.5C CPU@44.5C thermal@43.95C AO@44C GPU@44.5C PMIC@50C
1791262983.760491 10-06-2026 14:03:03 RAM 3552/6833MB (lfb 55x4MB) SWAP 130/3417MB (cached 1MB) CPU [90%@1420,4%@1420,10%@1420,4%@1420,5%@1420,5%@1420] EMC_FREQ 0% GR3D_FREQ 0% AUX@43.5C CPU@45C thermal@43.95C AO@44C GPU@44C PMIC@50C
1791262983.964362 10-06-2026 14:03:03 RAM 3594/6833MB (lfb 48x4MB) SWAP 130/3417MB (cached 1MB) CPU [100%@1420,0%@1420,10%@1420,5%@1420,9%@1420,5%@1420] EMC_FREQ 0% GR3D_FREQ 0% AUX@43.5C CPU@45C thermal@43.95C AO@44C GPU@44C PMIC@50C
1791262984.167562 10-06-2026 14:03:04 RAM 3636/6833MB (lfb 40x4MB) SWAP 130/3417MB (cached 1MB) CPU [100%@1420,0%@1420,0%@1420,14%@1420,0%@1420,5%@1420] EMC_FREQ 0% GR3D_FREQ 0% AUX@43.5C CPU@45C thermal@43.95C AO@44C GPU@44.5C PMIC@50C
1791262984.371042 10-06-2026 14:03:04 RAM 3643/6833MB (lfb 40x4MB) SWAP 130/3417MB (cached 1MB) CPU [33%@1420,63%@1420,10%@1420,10%@1420,0%@1420,9%@1420] EMC_FREQ 0% GR3D_FREQ 0% AUX@43.5C CPU@45C thermal@43.95C AO@44C GPU@44.5C PMIC@50C
1791262984.574865 10-06-2026 14:03:04 RAM 3650/6833MB (lfb 40x4MB) SWAP 130/3417MB (cached 1MB) CPU [0%@1420,100%@1420,9%@1420,0%@1420,5%@1420,0%@1420] EMC_FREQ 0% GR3D_FREQ 5% AUX@43.5C CPU@45C thermal@43.95C AO@44C GPU@44.5C PMIC@50C
1791262984.778876 10-06-2026 14:03:04 RAM 3688/6833MB (lfb 35x4MB) SWAP 130/3417MB (cached 1MB) CPU [4%@1420,83%@1420,9%@1420,9%@1420,10%@1420,68%@1420] EMC_FREQ 0% GR3D_FREQ 1% AUX@43.5C CPU@45C thermal@44.25C AO@44C GPU@44.5C PMIC@50C
1791262984.982427 10-06-2026 14:03:04 RAM 3696/6833MB (lfb 34x4MB) SWAP 130/3417MB (cached 1MB) CPU [15%@1420,84%@1420,5%@1420,9%@1420,0%@1420,10%@1420] EMC_FREQ 0% GR3D_FREQ 0% AUX@43.5C CPU@45C thermal@44.25C AO@44C GPU@44C PMIC@50C
1791262985.186298 10-06-2026 14:03:05 RAM 3712/6833MB (lfb 32x4MB) SWAP 130/3417MB (cached 1MB) CPU [95%@1420,4%@1420,9%@1420,13%@1420,9%@1420,17%@1420] EMC_FREQ 0% GR3D_FREQ 0% AUX@44C CPU@45C thermal@44.25C AO@44C GPU@44C PMIC@50C
1791262985.389001 10-06-2026 14:03:05 RAM 3779/6833MB (lfb 26x4MB) SWAP 130/3417MB (cached 1MB) CPU [68%@1420,0%@1420,9%@1420,5%@1420,5%@1420,5%@1420] EMC_FREQ 0% GR3D_FREQ 1% AUX@43.5C CPU@45C thermal@44.25C AO@44C GPU@44.5C PMIC@50C
1791262985.592279 10-06-2026 14:03:05 RAM 3784/6833MB (lfb 26x4MB) SWAP 130/3417MB (cached 1MB) CPU [78%@1420,10%@1420,0%@1420,5%@1420,4%@1420,10%@1420] EMC_FREQ 0% GR3D_FREQ 2% AUX@43.5C CPU@45C thermal@44.25C AO@44C GPU@44.5C PMIC@50C
1791262985.795493 10-06-2026 14:03:05 RAM 3798/6833MB (lfb 26x4MB) SWAP 130/3417MB (cached 1MB) CPU [95%@1420,0%@1420,9%@1420,9%@1420,14%@1420,14%@1420] EMC_FREQ 0% GR3D_FREQ 0% AUX@44C CPU@45C thermal@44.25C AO@44C GPU@44.5C PMIC@50C
1791262985.999085 10-06-2026 14:03:05 RAM 3810/6833MB (lfb 26x4MB) SWAP 130/3417MB (cached 1MB) CPU [9%@1420,89%@1420,0%@1420,0%@1420,5%@1420,5%@1420] EMC_FREQ 0% GR3D_FREQ 0% AUX@43.5C CPU@45C thermal@44.25C AO@44C GPU@44.5C PMIC@50C
1791262986.202272 10-06-2026 14:03:06 RAM 3859/6833MB (lfb 26x4MB) SWAP 130/3417MB (cached 1MB) CPU [94%@1420,4%@1420,4%@1420,4%@1420,9%@1420,15%@1420] EMC_FREQ 0% GR3D_FREQ 0% AUX@43.5C CPU@45C thermal@44.25C AO@44C GPU@44.5C PMIC@50C
1791262986.406062 10-06-2026 14:03:06 RAM 3874/6833MB (lfb 26x4MB) SWAP 130/3417MB (cached 1MB) CPU [33%@1420,66%@1420,4%@1420,9%@1420,9%@1420,10%@1420] EMC_FREQ 0% GR3D_FREQ 0% AUX@44C CPU@45C thermal@44.25C AO@44C GPU@44.5C PMIC@50C
1791262986.609381 10-06-2026 14:03:06 RAM 3887/6833MB (lfb 26x4MB) SWAP 130/3417MB (cached 1MB) CPU [52%@1420,35%@1420,0%@1420,5%@1420,0%@1420,5%@1420] EMC_FREQ 0% GR3D_FREQ 0% AUX@44C CPU@45C thermal@44.25C AO@44C GPU@44.5C PMIC@50C
1791262986.812666 10-06-2026 14:03:06 RAM 3896/6833MB (lfb 26x4MB) SWAP 130/3417MB (cached 1MB) CPU [47%@1420,47%@1420,4%@1420,5%@1420,5%@1420,18%@1420] EMC_FREQ 0% GR3D_FREQ 0% AUX@44C CPU@45C thermal@44.25C AO@44C GPU@44.5C PMIC@50C
1791262987.016020 10-06-2026 14:03:07 RAM 3910/6833MB (lfb 26x4MB) SWAP 130/3417MB (cached 1MB) CPU [45%@1420,42%@1420,9%@1420,5%@1420,9%@1420,5%@1420] EMC_FREQ 0% GR3D_FREQ 0% AUX@44C CPU@45C thermal@44.45C AO@44C GPU@44.5C PMIC@50C
1791262987.219511 10-06-2026 14:03:07 RAM 3961/6833MB (lfb 26x4MB) SWAP 130/3417MB (cached 1MB) CPU [100%@1420,0%@1420,0%@1420,9%@1420,10%@1420,5%@1420] EMC_FREQ 0% GR3D_FREQ 3% AUX@44C CPU@45C thermal@44.45C AO@43.5C GPU@44C PMIC@50C
1791262987.422831 10-06-2026 14:03:07 RAM 3982/6833MB (lfb 25x4MB) SWAP 130/3417MB (cached 1MB) CPU [76%@1420,15%@1420,0%@1420,5%@1420,10%@1420,9%@1420] EMC_FREQ 0% GR3D_FREQ 1% AUX@44C CPU@45C thermal@44.45C AO@44C GPU@44.5C PMIC@50C
1791262987.626017 10-06-2026 14:03:07 RAM 4004/6833MB (lfb 22x4MB) SWAP 130/3417MB (cached 1MB) CPU [4%@1420,100%@1420,5%@1420,9%@1420,5%@1420,5%@1420] EMC_FREQ 0% GR3D_FREQ 0% AUX@44C CPU@45C thermal@44.45C AO@44C GPU@44C PMIC@50C
1791262987.829293 10-06-2026 14:03:07 RAM 4071/6833MB (lfb 9x4MB) SWAP 130/3417MB (cached 1MB) CPU [90%@1420,13%@1420,4%@1420,5%@1420,15%@1420,10%@1420] EMC_FREQ 0% GR3D_FREQ 42% AUX@44C CPU@45C thermal@44.45C AO@44C GPU@44C PMIC@50C
1791262988.032981 10-06-2026 14:03:08 RAM 4096/6833MB (lfb 8x4MB) SWAP 130/3417MB (cached 1MB) CPU [71%@1420,0%@1420,10%@1420,25%@1420,25%@1420,42%@1420] EMC_FREQ 0% GR3D_FREQ 0% AUX@44C CPU@45C thermal@44.3C AO@44C GPU@44C PMIC@50C
1791262988.236048 10-06-2026 14:03:08 RAM 4075/6833MB (lfb 8x4MB) SWAP 130/3417MB (cached 1MB) CPU [9%@1420,85%@1420,5%@1420,5%@1420,4%@1420,20%@1420] EMC_FREQ 0% GR3D_FREQ 0% AUX@44C CPU@45C thermal@44.3C AO@44C GPU@44C PMIC@50C
1791262988.439775 10-06-2026 14:03:08 RAM 4078/6833MB (lfb 8x4MB) SWAP 130/3417MB (cached 1MB) CPU [0%@1420,100%@1420,5%@1420,13%@1420,5%@1420,5%@1420] EMC_FREQ 0% GR3D_FREQ 0% AUX@44C CPU@45C thermal@44.3C AO@44C GPU@44.5C PMIC@50C
1791262988.643161 10-06-2026 14:03:08 RAM 4079/6833MB (lfb 8x4MB) SWAP 130/3417MB (cached 1MB) CPU [0%@1420,95%@1420,5%@1420,5%@1420,5%@1420,5%@1420] EMC_FREQ 0% GR3D_FREQ 0% AUX@44C CPU@45C thermal@44.3C AO@44.5C GPU@44.5C PMIC@50C
1791262988.846546 10-06-2026 14:03:08 RAM 4080/6833MB (lfb 8x4MB) SWAP 130/3417MB (cached 1MB) CPU [70%@1420,25%@1420,9%@1420,4%@1420,10%@1420,9%@1420] EMC_FREQ 0% GR3D_FREQ 0% AUX@43.5C CPU@45C thermal@44.3C AO@44C GPU@44.5C PMIC@50C
1791262989.049865 10-06-2026 14:03:09 RAM 4081/6833MB (lfb 8x4MB) SWAP 130/3417MB (cached 1MB) CPU [5%@1420,100%@1420,5%@1420,0%@1420,14%@1420,10%@1420] EMC_FREQ 0% GR3D_FREQ 0% AUX@44C CPU@45C thermal@44.3C AO@44C GPU@44.5C PMIC@50C
1791262989.253167 10-06-2026 14:03:09 RAM 4082/6833MB (lfb 8x4MB) SWAP 130/3417MB (cached 1MB) CPU [9%@1420,89%@1420,0%@1420,5%@1420,15%@1420,9%@1420] EMC_FREQ 0% GR3D_FREQ 0% AUX@44C CPU@45C thermal@44.45C AO@44C GPU@44.5C PMIC@50C
1791262989.456679 10-06-2026 14:03:09 RAM 4082/6833MB (lfb 8x4MB) SWAP 130/3417MB (cached 1MB) CPU [0%@1420,95%@1420,5%@1420,9%@1420,5%@1420,0%@1420] EMC_FREQ 0% GR3D_FREQ 0% AUX@44C CPU@45.5C thermal@44.45C AO@44C GPU@44.5C PMIC@50C
1791262989.660043 10-06-2026 14:03:09 RAM 4083/6833MB (lfb 8x4MB) SWAP 130/3417MB (cached 1MB) CPU [9%@1420,90%@1420,5%@1420,0%@1420,9%@1420,0%@1420] EMC_FREQ 0% GR3D_FREQ 0% AUX@44C CPU@45.5C thermal@44.45C AO@44C GPU@44.5C PMIC@50C
1791262989.863601 10-06-2026 14:03:09 RAM 4084/6833MB (lfb 8x4MB) SWAP 130/3417MB (cached 1MB) CPU [0%@1420,78%@1420,5%@1420,5%@1420,10%@1420,9%@1420] EMC_FREQ 0% GR3D_FREQ 0% AUX@44C CPU@45C thermal@44.45C AO@44C GPU@44.5C PMIC@50C
1791262990.066932 10-06-2026 14:03:10 RAM 4087/6833MB (lfb 8x4MB) SWAP 130/3417MB (cached 1MB) CPU [13%@1420,95%@1420,9%@1420,0%@1420,13%@1420,10%@1420] EMC_FREQ 0% GR3D_FREQ 0% AUX@44C CPU@45C thermal@44.45C AO@44C GPU@44.5C PMIC@50C
1791262990.270340 10-06-2026 14:03:10 RAM 4088/6833MB (lfb 8x4MB) SWAP 130/3417MB (cached 1MB) CPU [5%@1420,71%@1420,0%@1420,9%@1420,5%@1420,5%@1420] EMC_FREQ 0% GR3D_FREQ 0% AUX@44C CPU@45C thermal@44.45C AO@44C GPU@44.5C PMIC@50C
1791262990.473754 10-06-2026 14:03:10 RAM 4095/6833MB (lfb 8x4MB) SWAP 130/3417MB (cached 1MB) CPU [14%@1420,90%@1420,5%@1420,0%@1420,18%@1420,9%@1420] EMC_FREQ 0% GR3D_FREQ 0% AUX@44C CPU@45C thermal@44.45C AO@44.5C GPU@44.5C PMIC@50C
1791262990.677121 10-06-2026 14:03:10 RAM 4097/6833MB (lfb 8x4MB) SWAP 130/3417MB (cached 1MB) CPU [13%@1420,94%@1420,9%@1420,13%@1420,0%@1420,0%@1420] EMC_FREQ 0% GR3D_FREQ 0% AUX@44C CPU@45C thermal@44.45C AO@44.5C GPU@44C PMIC@50C
1791262990.880295 10-06-2026 14:03:10 RAM 4098/6833MB (lfb 8x4MB) SWAP 130/3417MB (cached 1MB) CPU [11%@1420,52%@1420,9%@1420,5%@1420,21%@1420,14%@1420] EMC_FREQ 0% GR3D_FREQ 0% AUX@44C CPU@45.5C thermal@44.45C AO@44.5C GPU@44.5C PMIC@50C
1791262991.083742 10-06-2026 14:03:11 RAM 4098/6833MB (lfb 8x4MB) SWAP 130/3417MB (cached 1MB) CPU [55%@1190,10%@1190,5%@1420,15%@1420,15%@1420,15%@1420] EMC_FREQ 0% GR3D_FREQ 0% AUX@44C CPU@45C thermal@44.45C AO@44C GPU@44.5C PMIC@50C
1791262991.287141 10-06-2026 14:03:11 RAM 4098/6833MB (lfb 8x4MB) SWAP 130/3417MB (cached 1MB) CPU [10%@1420,80%@1420,9%@1420,0%@1420,9%@1420,9%@1420] EMC_FREQ 0% GR3D_FREQ 0% AUX@44.5C CPU@45C thermal@44.45C AO@44.5C GPU@44.5C PMIC@50C
1791262991.490387 10-06-2026 14:03:11 RAM 4099/6833MB (lfb 8x4MB) SWAP 130/3417MB (cached 1MB) CPU [5%@1420,75%@1420,0%@1420,5%@1420,0%@1420,5%@1420] EMC_FREQ 0% GR3D_FREQ 0% AUX@44.5C CPU@45C thermal@44.45C AO@44.5C GPU@44.5C PMIC@50C
1791262991.694588 10-06-2026 14:03:11 RAM 4126/6833MB (lfb 8x4MB) SWAP 130/3417MB (cached 1MB) CPU [10%@1420,57%@1420,30%@1420,10%@1420,10%@1420,20%@1420] EMC_FREQ 0% GR3D_FREQ 0% AUX@44C CPU@45.5C thermal@44.45C AO@44.5C GPU@44.5C PMIC@50C
1791262991.898256 10-06-2026 14:03:11 RAM 4126/6833MB (lfb 8x4MB) SWAP 130/3417MB (cached 1MB) CPU [5%@1420,9%@1420,4%@1420,5%@1420,5%@1420,5%@1420] EMC_FREQ 0% GR3D_FREQ 0% AUX@44.5C CPU@45C thermal@44.45C AO@44.5C GPU@44.5C PMIC@50C
1791262992.101556 10-06-2026 14:03:12 RAM 4126/6833MB (lfb 8x4MB) SWAP 130/3417MB (cached 1MB) CPU [4%@1190,4%@1190,4%@1190,4%@1190,10%@1190,10%@1420] EMC_FREQ 0% GR3D_FREQ 0% AUX@44C CPU@45.5C thermal@44.45C AO@44.5C GPU@44.5C PMIC@50C
1791262992.305154 10-06-2026 14:03:12 RAM 4136/6833MB (lfb 6x4MB) SWAP 130/3417MB (cached 1MB) CPU [13%@1420,5%@1420,9%@1420,14%@1420,5%@1420,0%@1420] EMC_FREQ 0% GR3D_FREQ 0% AUX@44.5C CPU@45C thermal@44.45C AO@44.5C GPU@44.5C PMIC@50C
1791262992.508821 10-06-2026 14:03:12 RAM 4148/6833MB (lfb 4x4MB) SWAP 130/3417MB (cached 1MB) CPU [5%@1190,0%@1190,4%@1190,5%@1190,5%@1190,5%@1190] EMC_FREQ 0% GR3D_FREQ 0% AUX@44.5C CPU@45.5C thermal@44.8C AO@44C GPU@44.5C PMIC@50C
1791262992.712318 10-06-2026 14:03:12 RAM 4160/6833MB (lfb 2x4MB) SWAP 130/3417MB (cached 1MB) CPU [5%@1190,9%@1190,5%@1420,10%@1420,9%@1420,5%@1420] EMC_FREQ 0% GR3D_FREQ 0% AUX@44C CPU@45.5C thermal@44.8C AO@44.5C GPU@44.5C PMIC@50C
1791262992.919378 10-06-2026 14:03:12 RAM 4171/6833MB (lfb 1x2MB) SWAP 130/3417MB (cached 1MB) CPU [5%@1420,9%@1420,5%@1420,18%@1420,5%@1420,21%@1420] EMC_FREQ 0% GR3D_FREQ 0% AUX@44C CPU@45.5C thermal@44.8C AO@44.5C GPU@44.5C PMIC@50C
1791262993.121133 10-06-2026 14:03:13 RAM 4166/6833MB (lfb 4x1MB) SWAP 132/3417MB (cached 1MB) CPU [45%@1420,9%@1420,9%@1420,20%@1190,5%@1190,42%@1190] EMC_FREQ 0% GR3D_FREQ 0% AUX@44.5C CPU@45.5C thermal@44.8C AO@44.5C GPU@44.5C PMIC@50C
1791262993.324097 10-06-2026 14:03:13 RAM 4176/6833MB (lfb 4x1MB) SWAP 132/3417MB (cached 1MB) CPU [9%@1420,5%@1420,0%@1420,21%@1420,4%@1420,5%@1420] EMC_FREQ 0% GR3D_FREQ 0% AUX@44.5C CPU@45.5C thermal@44.8C AO@44.5C GPU@44.5C PMIC@50C
1791262993.527499 10-06-2026 14:03:13 RAM 4187/6833MB (lfb 4x1MB) SWAP 132/3417MB (cached 1MB) CPU [14%@1190,10%@1190,4%@1190,28%@1190,0%@1420,4%@1420] EMC_FREQ 0% GR3D_FREQ 0% AUX@44C CPU@45.5C thermal@44.8C AO@44.5C GPU@44.5C PMIC@50C
1791262993.730773 10-06-2026 14:03:13 RAM 4199/6833MB (lfb 4x1MB) SWAP 132/3417MB (cached 1MB) CPU [0%@1190,14%@1420,0%@1420,25%@1420,0%@1420,14%@1420] EMC_FREQ 0% GR3D_FREQ 0% AUX@44.5C CPU@45C thermal@44.8C AO@44.5C GPU@44.5C PMIC@50C
1791262993.935028 10-06-2026 14:03:13 RAM 4213/6833MB (lfb 4x1MB) SWAP 132/3417MB (cached 1MB) CPU [14%@1420,5%@1420,0%@1420,21%@1420,9%@1420,10%@1267] EMC_FREQ 0% GR3D_FREQ 0% AUX@44.5C CPU@45.5C thermal@44.8C AO@44.5C GPU@44.5C PMIC@50C
1791262994.139315 10-06-2026 14:03:14 RAM 4220/6833MB (lfb 4x1MB) SWAP 132/3417MB (cached 1MB) CPU [15%@1420,14%@1420,0%@1420,20%@1420,0%@1420,5%@1420] EMC_FREQ 0% GR3D_FREQ 0% AUX@44.5C CPU@45.5C thermal@44.8C AO@44.5C GPU@44.5C PMIC@50C
1791262994.343162 10-06-2026 14:03:14 RAM 4219/6833MB (lfb 10x1MB) SWAP 132/3417MB (cached 1MB) CPU [18%@1420,45%@1420,0%@1420,38%@1420,5%@1420,5%@1420] EMC_FREQ 0% GR3D_FREQ 0% AUX@44.5C CPU@45C thermal@44.8C AO@44.5C GPU@44.5C PMIC@50C
1791262994.547040 10-06-2026 14:03:14 RAM 4226/6833MB (lfb 11x1MB) SWAP 132/3417MB (cached 1MB) CPU [0%@1190,0%@1190,0%@1190,23%@1420,9%@1420,10%@1420] EMC_FREQ 0% GR3D_FREQ 0% AUX@44.5C CPU@45.5C thermal@44.8C AO@44.5C GPU@45C PMIC@50C
1791262994.751053 10-06-2026 14:03:14 RAM 4238/6833MB (lfb 11x1MB) SWAP 132/3417MB (cached 1MB) CPU [5%@1190,9%@1190,0%@1190,21%@1190,9%@1190,18%@1190] EMC_FREQ 0% GR3D_FREQ 0% AUX@44.5C CPU@45.5C thermal@44.8C AO@45C GPU@44.5C PMIC@50C
1791262994.954918 10-06-2026 14:03:14 RAM 4250/6833MB (lfb 11x1MB) SWAP 132/3417MB (cached 1MB) CPU [10%@1420,5%@1420,0%@1420,27%@1420,0%@1420,0%@1420] EMC_FREQ 0% GR3D_FREQ 0% AUX@44C CPU@45.5C thermal@44.8C AO@44.5C GPU@44.5C PMIC@50C
1791262995.158666 10-06-2026 14:03:15 RAM 4262/6833MB (lfb 11x1MB) SWAP 132/3417MB (cached 1MB) CPU [15%@1420,5%@1420,5%@1420,25%@1420,68%@1420,5%@1420] EMC_FREQ 0% GR3D_FREQ 0% AUX@44.5C CPU@45.5C thermal@44.8C AO@44.5C GPU@44.5C PMIC@50C
1791262995.362552 10-06-2026 14:03:15 RAM 4270/6833MB (lfb 11x1MB) SWAP 132/3417MB (cached 1MB) CPU [14%@1190,10%@1190,0%@1190,15%@1420,9%@1420,0%@1420] EMC_FREQ 0% GR3D_FREQ 0% AUX@44.5C CPU@45.5C thermal@44.8C AO@44.5C GPU@44.5C PMIC@50C
1791262995.566818 10-06-2026 14:03:15 RAM 4280/6833MB (lfb 11x1MB) SWAP 132/3417MB (cached 1MB) CPU [9%@1190,14%@1190,10%@1190,10%@1190,0%@1190,5%@1190] EMC_FREQ 0% GR3D_FREQ 0% AUX@44.5C CPU@45.5C thermal@44.8C AO@45C GPU@44.5C PMIC@50C
1791262995.770797 10-06-2026 14:03:15 RAM 4291/6833MB (lfb 10x1MB) SWAP 132/3417MB (cached 1MB) CPU [5%@1190,9%@1420,21%@1420,0%@1420,5%@1420,5%@1420] EMC_FREQ 0% GR3D_FREQ 0% AUX@44.5C CPU@45.5C thermal@44.8C AO@44.5C GPU@44.5C PMIC@50C
1791262995.974274 10-06-2026 14:03:15 RAM 4304/6833MB (lfb 10x1MB) SWAP 132/3417MB (cached 1MB) CPU [15%@1190,9%@1190,22%@1190,4%@1420,0%@1420,9%@1420] EMC_FREQ 0% GR3D_FREQ 0% AUX@44.5C CPU@45.5C thermal@44.8C AO@44.5C GPU@44.5C PMIC@50C
1791262996.177525 10-06-2026 14:03:16 RAM 4315/6833MB (lfb 10x1MB) SWAP 132/3417MB (cached 1MB) CPU [10%@1190,5%@1420,21%@1420,0%@1420,9%@1420,14%@1420] EMC_FREQ 0% GR3D_FREQ 0% AUX@44.5C CPU@45.5C thermal@44.8C AO@44.5C GPU@44.5C PMIC@50C
1791262996.380934 10-06-2026 14:03:16 RAM 4328/6833MB (lfb 10x1MB) SWAP 132/3417MB (cached 1MB) CPU [5%@1420,9%@1420,15%@1420,0%@1420,5%@1420,19%@1420] EMC_FREQ 0% GR3D_FREQ 0% AUX@44.5C CPU@45.5C thermal@44.8C AO@44.5C GPU@45C PMIC@50C
1791262996.584254 10-06-2026 14:03:16 RAM 4333/6833MB (lfb 10x1MB) SWAP 133/3417MB (cached 1MB) CPU [14%@1420,10%@1420,28%@1420,9%@1420,4%@1420,5%@1420] EMC_FREQ 0% GR3D_FREQ 0% AUX@44.5C CPU@45.5C thermal@44.8C AO@45C GPU@45C PMIC@50C
1791262996.788338 10-06-2026 14:03:16 RAM 4345/6833MB (lfb 10x1MB) SWAP 133/3417MB (cached 1MB) CPU [5%@1190,4%@1190,25%@1190,5%@1190,5%@1190,4%@1190] EMC_FREQ 0% GR3D_FREQ 0% AUX@44.5C CPU@45.5C thermal@44.8C AO@45C GPU@45C PMIC@50C
1791262996.994710 10-06-2026 14:03:16 RAM 4354/6833MB (lfb 10x1MB) SWAP 135/3417MB (cached 1MB) CPU [23%@1420,35%@1420,57%@1420,5%@1420,0%@1420,5%@1420] EMC_FREQ 0% GR3D_FREQ 0% AUX@44.5C CPU@45.5C thermal@44.95C AO@45C GPU@44.5C PMIC@50C
1791262997.201167 10-06-2026 14:03:17 RAM 4385/6833MB (lfb 11x1MB) SWAP 137/3417MB (cached 1MB) CPU [66%@1420,5%@1420,71%@1420,4%@1420,30%@1420,20%@1420] EMC_FREQ 0% GR3D_FREQ 0% AUX@44.5C CPU@45.5C thermal@44.95C AO@44.5C GPU@44.5C PMIC@50C
1791262997.405735 10-06-2026 14:03:17 RAM 4434/6833MB (lfb 11x1MB) SWAP 138/3417MB (cached 1MB) CPU [20%@1420,30%@1420,0%@1420,14%@1420,78%@1420,15%@1420] EMC_FREQ 0% GR3D_FREQ 0% AUX@44.5C CPU@45.5C thermal@44.95C AO@44.5C GPU@44.5C PMIC@50C
1791262997.609879 10-06-2026 14:03:17 RAM 4476/6833MB (lfb 10x1MB) SWAP 145/3417MB (cached 1MB) CPU [47%@1420,15%@1420,4%@1420,5%@1420,57%@1420,36%@1420] EMC_FREQ 0% GR3D_FREQ 0% AUX@44.5C CPU@46C thermal@44.95C AO@45C GPU@44.5C PMIC@50C
1791262997.816240 10-06-2026 14:03:17 RAM 4480/6833MB (lfb 10x1MB) SWAP 152/3417MB (cached 1MB) CPU [42%@1420,15%@1420,70%@1420,15%@1420,95%@1420,25%@1420] EMC_FREQ 0% GR3D_FREQ 0% AUX@44.5C CPU@46C thermal@44.95C AO@45C GPU@44.5C PMIC@50C
1791262998.020039 10-06-2026 14:03:18 RAM 4508/6833MB (lfb 18x1MB) SWAP 152/3417MB (cached 1MB) CPU [9%@1420,42%@1420,25%@1420,10%@1420,100%@1420,15%@1420] EMC_FREQ 0% GR3D_FREQ 0% AUX@44.5C CPU@46C thermal@44.95C AO@44.5C GPU@45C PMIC@50C
1791262998.223571 10-06-2026 14:03:18 RAM 4574/6833MB (lfb 19x1MB) SWAP 152/3417MB (cached 1MB) CPU [5%@1420,19%@1420,94%@1420,9%@1420,14%@1420,50%@1420] EMC_FREQ 0% GR3D_FREQ 0% AUX@45C CPU@45.5C thermal@45.1C AO@45C GPU@44.5C PMIC@50C
1791262998.427328 10-06-2026 14:03:18 RAM 4628/6833MB (lfb 10x1MB) SWAP 152/3417MB (cached 1MB) CPU [10%@1420,28%@1420,95%@1420,10%@1420,0%@1420,5%@1420] EMC_FREQ 0% GR3D_FREQ 0% AUX@45C CPU@45.5C thermal@45.1C AO@44.5C GPU@45C PMIC@50C
1791262998.634486 10-06-2026 14:03:18 RAM 4628/6833MB (lfb 10x1MB) SWAP 156/3417MB (cached 1MB) CPU [100%@1420,40%@1420,100%@1420,100%@1420,9%@1420,57%@1420] EMC_FREQ 0% GR3D_FREQ 0% AUX@45C CPU@46C thermal@45.1C AO@45C GPU@45C PMIC@50C
1791262998.839366 10-06-2026 14:03:18 RAM 4668/6833MB (lfb 10x1MB) SWAP 160/3417MB (cached 1MB) CPU [80%@1420,45%@1420,50%@1420,20%@1420,86%@1420,70%@1420] EMC_FREQ 0% GR3D_FREQ 0% AUX@44.5C CPU@46C thermal@45.1C AO@45C GPU@45C PMIC@50C
1791262999.043689 10-06-2026 14:03:19 RAM 4724/6833MB (lfb 11x1MB) SWAP 159/3417MB (cached 1MB) CPU [19%@1420,23%@1420,36%@1420,45%@1420,72%@1420,5%@1420] EMC_FREQ 0% GR3D_FREQ 0% AUX@45C CPU@46C thermal@45.1C AO@45C GPU@45C PMIC@50C
1791262999.248005 10-06-2026 14:03:19 RAM 4734/6833MB (lfb 10x1MB) SWAP 159/3417MB (cached 1MB) CPU [0%@1190,10%@1190,10%@1190,25%@1190,10%@1190,0%@1190] EMC_FREQ 0% GR3D_FREQ 99% AUX@45C CPU@46C thermal@45.45C AO@45C GPU@46C PMIC@50C
1791262999.451760 10-06-2026 14:03:19 RAM 4706/6833MB (lfb 10x2MB) SWAP 160/3417MB (cached 1MB) CPU [10%@1420,31%@1420,10%@1420,40%@1420,73%@1420,10%@1420] EMC_FREQ 0% GR3D_FREQ 0% AUX@45C CPU@46C thermal@45.45C AO@45C GPU@45.5C PMIC@50C
1791262999.655185 10-06-2026 14:03:19 RAM 4711/6833MB (lfb 8x2MB) SWAP 160/3417MB (cached 1MB) CPU [14%@1420,5%@1420,14%@1420,9%@1420,47%@1420,4%@1420] EMC_FREQ 0% GR3D_FREQ 0% AUX@45C CPU@46C thermal@45.45C AO@45.5C GPU@45.5C PMIC@50C
1791262999.859044 10-06-2026 14:03:19 RAM 4706/6833MB (lfb 8x2MB) SWAP 160/3417MB (cached 1MB) CPU [0%@1420,4%@1420,0%@1420,5%@1420,0%@1420,0%@1420] EMC_FREQ 0% GR3D_FREQ 0% AUX@45C CPU@46C thermal@45.45C AO@45.5C GPU@45.5C PMIC@50C
1791263000.062225 10-06-2026 14:03:20 RAM 4386/6833MB (lfb 1x4MB) SWAP 160/3417MB (cached 1MB) CPU [80%@1420,5%@1420,5%@1420,0%@1420,0%@1420,14%@1420] EMC_FREQ 0% GR3D_FREQ 0% AUX@45C CPU@46C thermal@45.45C AO@45.5C GPU@45.5C PMIC@50C
1791263000.266235 10-06-2026 14:03:20 RAM 4372/6833MB (lfb 2x4MB) SWAP 160/3417MB (cached 1MB) CPU [71%@1420,33%@1420,4%@1420,4%@1420,0%@1420,0%@1420] EMC_FREQ 0% GR3D_FREQ 0% AUX@45C CPU@46C thermal@45.45C AO@45C GPU@45.5C PMIC@50C
1791263000.470028 10-06-2026 14:03:20 RAM 4372/6833MB (lfb 2x4MB) SWAP 160/3417MB (cached 1MB) CPU [0%@1420,100%@1420,4%@1420,0%@1420,0%@1420,0%@1420] EMC_FREQ 0% GR3D_FREQ 0% AUX@45C CPU@46C thermal@45.45C AO@45.5C GPU@45C PMIC@50C
1791263000.673857 10-06-2026 14:03:20 RAM 4372/6833MB (lfb 2x4MB) SWAP 160/3417MB (cached 1MB) CPU [0%@1420,100%@1420,0%@1420,0%@1420,4%@1420,0%@1420] EMC_FREQ 0% GR3D_FREQ 0% AUX@45C CPU@46C thermal@45.45C AO@45C GPU@45.5C PMIC@50C
1791263000.877595 10-06-2026 14:03:20 RAM 4372/6833MB (lfb 2x4MB) SWAP 160/3417MB (cached 1MB) CPU [0%@1420,100%@1420,0%@1420,4%@1420,0%@1420,0%@1420] EMC_FREQ 0% GR3D_FREQ 0% AUX@45C CPU@46C thermal@45.45C AO@45.5C GPU@45.5C PMIC@50C
1791263001.082205 10-06-2026 14:03:21 RAM 4360/6833MB (lfb 2x4MB) SWAP 160/3417MB (cached 1MB) CPU [5%@1420,100%@1420,0%@1420,0%@1420,0%@1420,4%@1420] EMC_FREQ 0% GR3D_FREQ 0% AUX@45C CPU@46C thermal@45.45C AO@45C GPU@45.5C PMIC@50C
1791263001.286350 10-06-2026 14:03:21 RAM 4358/6833MB (lfb 2x4MB) SWAP 160/3417MB (cached 1MB) CPU [4%@1420,100%@1420,0%@1420,0%@1420,0%@1420,4%@1420] EMC_FREQ 0% GR3D_FREQ 0% AUX@45C CPU@46C thermal@45.45C AO@45.5C GPU@45.5C PMIC@50C
1791263001.490478 10-06-2026 14:03:21 RAM 4358/6833MB (lfb 2x4MB) SWAP 160/3417MB (cached 1MB) CPU [0%@1420,100%@1420,0%@1420,4%@1420,0%@1420,0%@1420] EMC_FREQ 0% GR3D_FREQ 0% AUX@45C CPU@46.5C thermal@45.45C AO@45C GPU@45.5C PMIC@50C
1791263001.694012 10-06-2026 14:03:21 RAM 4192/6833MB (lfb 10x4MB) SWAP 160/3417MB (cached 1MB) CPU [4%@1420,95%@1420,0%@1420,0%@1420,0%@1420,5%@1420] EMC_FREQ 0% GR3D_FREQ 0% AUX@45C CPU@46C thermal@45.45C AO@45C GPU@45.5C PMIC@50C
1791263001.897583 10-06-2026 14:03:21 RAM 3945/6833MB (lfb 23x4MB) SWAP 160/3417MB (cached 1MB) CPU [45%@1420,50%@1420,0%@1420,0%@1420,0%@1420,25%@1420] EMC_FREQ 0% GR3D_FREQ 0% AUX@45C CPU@46C thermal@45.45C AO@45.5C GPU@45.5C PMIC@50C
1791263002.103942 10-06-2026 14:03:22 RAM 3878/6833MB (lfb 23x4MB) SWAP 160/3417MB (cached 1MB) CPU [95%@1420,4%@1420,0%@1420,0%@1420,0%@1420,0%@1420] EMC_FREQ 0% GR3D_FREQ 0% AUX@45C CPU@46C thermal@45.45C AO@45C GPU@45.5C PMIC@50C
1791263002.304723 10-06-2026 14:03:22 RAM 3878/6833MB (lfb 23x4MB) SWAP 160/3417MB (cached 1MB) CPU [15%@1420,77%@1420,0%@1420,0%@1420,0%@1420,0%@1420] EMC_FREQ 0% GR3D_FREQ 0% AUX@45C CPU@46C thermal@45.45C AO@45.5C GPU@45.5C PMIC@50C
1791263002.507915 10-06-2026 14:03:22 RAM 3878/6833MB (lfb 23x4MB) SWAP 160/3417MB (cached 1MB) CPU [0%@1420,100%@1420,0%@1420,9%@1420,10%@1420,5%@1420] EMC_FREQ 0% GR3D_FREQ 0% AUX@45C CPU@46C thermal@45.45C AO@45C GPU@45.5C PMIC@50C
1791263002.711624 10-06-2026 14:03:22 RAM 3878/6833MB (lfb 23x4MB) SWAP 160/3417MB (cached 1MB) CPU [54%@1420,45%@1420,0%@1420,0%@1420,4%@1420,4%@1420] EMC_FREQ 0% GR3D_FREQ 0% AUX@45C CPU@46C thermal@45.45C AO@45C GPU@45.5C PMIC@50C
1791263002.914787 10-06-2026 14:03:22 RAM 3878/6833MB (lfb 23x4MB) SWAP 160/3417MB (cached 1MB) CPU [100%@1420,5%@1420,0%@1420,0%@1420,0%@1420,0%@1420] EMC_FREQ 0% GR3D_FREQ 0% AUX@45C CPU@46C thermal@45.45C AO@45C GPU@45.5C PMIC@50C
1791263003.118523 10-06-2026 14:03:23 RAM 3878/6833MB (lfb 23x4MB) SWAP 160/3417MB (cached 1MB) CPU [77%@1344,20%@1344,0%@1344,0%@1344,0%@1344,0%@1344] EMC_FREQ 0% GR3D_FREQ 0% AUX@45C CPU@46C thermal@45.45C AO@45C GPU@45.5C PMIC@50C
1791263003.321924 10-06-2026 14:03:23 RAM 3878/6833MB (lfb 23x4MB) SWAP 160/3417MB (cached 1MB) CPU [5%@1420,80%@1420,0%@1420,0%@1420,0%@1420,0%@1420] EMC_FREQ 0% GR3D_FREQ 0% AUX@45C CPU@46C thermal@45.45C AO@45.5C GPU@45.5C PMIC@50C
1791263003.525333 10-06-2026 14:03:23 RAM 3878/6833MB (lfb 23x4MB) SWAP 160/3417MB (cached 1MB) CPU [5%@1190,68%@1420,0%@1420,0%@1420,0%@1420,0%@1420] EMC_FREQ 0% GR3D_FREQ 0% AUX@45C CPU@46C thermal@45.45C AO@45C GPU@45.5C PMIC@50C
1791263003.728838 10-06-2026 14:03:23 RAM 3878/6833MB (lfb 23x4MB) SWAP 160/3417MB (cached 1MB) CPU [9%@1420,95%@1420,0%@1420,0%@1420,0%@1420,0%@1420] EMC_FREQ 0% GR3D_FREQ 0% AUX@45C CPU@46.5C thermal@45.45C AO@45.5C GPU@45.5C PMIC@50C
1791263003.932364 10-06-2026 14:03:23 RAM 3878/6833MB (lfb 23x4MB) SWAP 160/3417MB (cached 1MB) CPU [0%@1420,100%@1420,0%@1420,0%@1420,5%@1420,0%@1420] EMC_FREQ 0% GR3D_FREQ 0% AUX@45C CPU@46.5C thermal@45.45C AO@45.5C GPU@45.5C PMIC@50C
1791263004.136038 10-06-2026 14:03:24 RAM 3878/6833MB (lfb 23x4MB) SWAP 160/3417MB (cached 1MB) CPU [0%@1420,100%@1420,0%@1420,0%@1420,5%@1420,0%@1420] EMC_FREQ 0% GR3D_FREQ 0% AUX@45C CPU@46C thermal@45.45C AO@45.5C GPU@45.5C PMIC@50C
1791263004.339652 10-06-2026 14:03:24 RAM 3878/6833MB (lfb 23x4MB) SWAP 160/3417MB (cached 1MB) CPU [0%@1420,86%@1420,0%@1420,0%@1420,0%@1420,0%@1420] EMC_FREQ 0% GR3D_FREQ 0% AUX@45C CPU@46C thermal@45.45C AO@45.5C GPU@45.5C PMIC@50C
1791263004.543245 10-06-2026 14:03:24 RAM 3878/6833MB (lfb 23x4MB) SWAP 160/3417MB (cached 1MB) CPU [31%@1420,68%@1420,0%@1420,0%@1420,0%@1420,0%@1420] EMC_FREQ 0% GR3D_FREQ 0% AUX@45C CPU@46C thermal@45.45C AO@45.5C GPU@45.5C PMIC@50C
1791263004.746845 10-06-2026 14:03:24 RAM 3878/6833MB (lfb 23x4MB) SWAP 160/3417MB (cached 1MB) CPU [61%@1190,13%@1190,0%@1190,0%@1190,0%@1190,0%@1190] EMC_FREQ 0% GR3D_FREQ 0% AUX@45C CPU@46C thermal@45.45C AO@45.5C GPU@45.5C PMIC@50C
1791263004.950365 10-06-2026 14:03:24 RAM 3878/6833MB (lfb 23x4MB) SWAP 160/3417MB (cached 1MB) CPU [19%@1190,11%@1190,0%@1190,0%@1420,0%@1420,0%@1420] EMC_FREQ 0% GR3D_FREQ 0% AUX@45C CPU@46C thermal@45.3C AO@45.5C GPU@45.5C PMIC@50C
1791263005.153906 10-06-2026 14:03:25 RAM 3878/6833MB (lfb 23x4MB) SWAP 160/3417MB (cached 1MB) CPU [4%@1420,89%@1420,0%@1420,0%@1420,0%@1420,0%@1420] EMC_FREQ 0% GR3D_FREQ 0% AUX@45C CPU@46.5C thermal@45.3C AO@45.5C GPU@45.5C PMIC@50C
1791263005.357333 10-06-2026 14:03:25 RAM 3878/6833MB (lfb 23x4MB) SWAP 160/3417MB (cached 1MB) CPU [5%@1420,95%@1420,0%@1420,4%@1420,0%@1420,0%@1420] EMC_FREQ 0% GR3D_FREQ 0% AUX@45C CPU@46C thermal@45.3C AO@45.5C GPU@45.5C PMIC@50C
1791263005.561866 10-06-2026 14:03:25 RAM 3878/6833MB (lfb 23x4MB) SWAP 160/3417MB (cached 1MB) CPU [10%@1190,45%@1190,0%@1190,0%@1420,0%@1420,0%@1420] EMC_FREQ 0% GR3D_FREQ 0% AUX@45C CPU@46C thermal@45.3C AO@45.5C GPU@45.5C PMIC@50C
1791263005.765905 10-06-2026 14:03:25 RAM 3878/6833MB (lfb 23x4MB) SWAP 160/3417MB (cached 1MB) CPU [0%@1420,90%@1420,4%@1420,4%@1420,4%@1420,0%@1420] EMC_FREQ 0% GR3D_FREQ 0% AUX@45C CPU@46C thermal@45.3C AO@45.5C GPU@45.5C PMIC@50C
1791263005.969825 10-06-2026 14:03:25 RAM 3878/6833MB (lfb 23x4MB) SWAP 160/3417MB (cached 1MB) CPU [0%@1420,94%@1420,0%@1420,0%@1420,9%@1420,4%@1420] EMC_FREQ 0% GR3D_FREQ 0% AUX@45C CPU@46C thermal@45.6C AO@45.5C GPU@45.5C PMIC@50C
1791263006.173666 10-06-2026 14:03:26 RAM 3878/6833MB (lfb 23x4MB) SWAP 160/3417MB (cached 1MB) CPU [14%@1420,42%@1420,4%@1420,0%@1420,0%@1420,0%@1420] EMC_FREQ 0% GR3D_FREQ 0% AUX@45C CPU@46C thermal@45.6C AO@45.5C GPU@45.5C PMIC@50C
1791263006.377201 10-06-2026 14:03:26 RAM 3878/6833MB (lfb 23x4MB) SWAP 160/3417MB (cached 1MB) CPU [0%@1420,100%@1420,4%@1420,0%@1420,18%@1420,0%@1420] EMC_FREQ 0% GR3D_FREQ 0% AUX@45C CPU@46C thermal@45.6C AO@45.5C GPU@45.5C PMIC@50C
1791263006.581238 10-06-2026 14:03:26 RAM 3878/6833MB (lfb 23x4MB) SWAP 160/3417MB (cached 1MB) CPU [0%@1420,100%@1420,0%@1420,0%@1420,9%@1420,0%@1420] EMC_FREQ 0% GR3D_FREQ 0% AUX@45C CPU@46C thermal@45.6C AO@45.5C GPU@45.5C PMIC@50C
1791263006.785192 10-06-2026 14:03:26 RAM 3878/6833MB (lfb 23x4MB) SWAP 160/3417MB (cached 1MB) CPU [0%@1420,100%@1420,0%@1420,0%@1420,0%@1420,0%@1420] EMC_FREQ 0% GR3D_FREQ 0% AUX@45C CPU@46C thermal@45.6C AO@45.5C GPU@45.5C PMIC@50C
1791263006.989435 10-06-2026 14:03:26 RAM 3851/6833MB (lfb 29x4MB) SWAP 160/3417MB (cached 1MB) CPU [0%@1420,100%@1420,0%@1420,0%@1420,9%@1420,0%@1420] EMC_FREQ 0% GR3D_FREQ 0% AUX@45C CPU@46.5C thermal@45.6C AO@45.5C GPU@45.5C PMIC@50C
1791263007.193568 10-06-2026 14:03:27 RAM 3823/6833MB (lfb 30x4MB) SWAP 160/3417MB (cached 1MB) CPU [0%@1420,100%@1420,4%@1420,0%@1420,0%@1420,0%@1420] EMC_FREQ 0% GR3D_FREQ 0% AUX@45C CPU@46C thermal@45.45C AO@45.5C GPU@45.5C PMIC@50C
1791263007.397655 10-06-2026 14:03:27 RAM 3743/6833MB (lfb 32x4MB) SWAP 160/3417MB (cached 1MB) CPU [4%@1420,100%@1420,0%@1420,0%@1420,0%@1420,0%@1420] EMC_FREQ 0% GR3D_FREQ 0% AUX@45C CPU@46C thermal@45.45C AO@45.5C GPU@45.5C PMIC@50C
1791263007.601628 10-06-2026 14:03:27 RAM 3627/6833MB (lfb 32x4MB) SWAP 160/3417MB (cached 1MB) CPU [0%@1420,100%@1420,0%@1420,0%@1420,0%@1420,0%@1420] EMC_FREQ 0% GR3D_FREQ 0% AUX@45C CPU@46.5C thermal@45.45C AO@45.5C GPU@45.5C PMIC@50C
1791263007.805445 10-06-2026 14:03:27 RAM 3404/6833MB (lfb 39x4MB) SWAP 160/3417MB (cached 1MB) CPU [0%@1420,95%@1420,0%@1420,4%@1420,0%@1420,0%@1420] EMC_FREQ 0% GR3D_FREQ 0% AUX@45C CPU@46C thermal@45.45C AO@45.5C GPU@45.5C PMIC@50C
1791263008.009180 10-06-2026 14:03:28 RAM 3310/6833MB (lfb 41x4MB) SWAP 157/3417MB (cached 1MB) CPU [9%@1190,31%@1190,23%@1420,4%@1420,0%@1420,9%@1420] EMC_FREQ 0% GR3D_FREQ 0% AUX@45C CPU@46C thermal@45.45C AO@45.5C GPU@45.5C PMIC@50C
1791263008.212641 10-06-2026 14:03:28 RAM 3310/6833MB (lfb 41x4MB) SWAP 157/3417MB (cached 1MB) CPU [0%@1190,0%@1190,0%@1190,9%@1420,0%@1420,0%@1420] EMC_FREQ 0% GR3D_FREQ 0% AUX@45.5C CPU@46C thermal@45.45C AO@45.5C GPU@45.5C PMIC@50C
1791263008.415928 10-06-2026 14:03:28 RAM 3310/6833MB (lfb 41x4MB) SWAP 157/3417MB (cached 1MB) CPU [0%@1190,4%@1190,0%@1190,0%@1190,0%@1420,0%@1420] EMC_FREQ 0% GR3D_FREQ 0% AUX@45C CPU@46C thermal@45.45C AO@45.5C GPU@45.5C PMIC@50C
1791263008.619160 10-06-2026 14:03:28 RAM 3309/6833MB (lfb 41x4MB) SWAP 157/3417MB (cached 1MB) CPU [73%@1190,0%@1190,0%@1190,0%@1420,0%@1420,0%@1420] EMC_FREQ 0% GR3D_FREQ 0% AUX@45C CPU@46C thermal@45.45C AO@45.5C GPU@45.5C PMIC@50C
1791263008.822437 10-06-2026 14:03:28 RAM 3305/6833MB (lfb 41x4MB) SWAP 157/3417MB (cached 1MB) CPU [71%@1420,9%@1420,4%@1420,0%@1420,4%@1420,0%@1420] EMC_FREQ 0% GR3D_FREQ 0% AUX@45C CPU@46C thermal@45.45C AO@45.5C GPU@45.5C PMIC@50C
1791263009.026432 10-06-2026 14:03:29 RAM 3305/6833MB (lfb 41x4MB) SWAP 157/3417MB (cached 1MB) CPU [28%@1190,14%@1190,0%@1190,0%@1420,0%@1420,0%@1420] EMC_FREQ 0% GR3D_FREQ 0% AUX@45.5C CPU@46.5C thermal@45.45C AO@45.5C GPU@45.5C PMIC@50C
1791263009.230214 10-06-2026 14:03:29 RAM 3289/6833MB (lfb 41x4MB) SWAP 157/3417MB (cached 1MB) CPU [5%@1190,15%@1190,0%@1190,0%@1420,0%@1420,0%@1420] EMC_FREQ 0% GR3D_FREQ 0% AUX@45C CPU@46C thermal@45.45C AO@45.5C GPU@45.5C PMIC@50C
1791263009.434258 10-06-2026 14:03:29 RAM 3230/6833MB (lfb 43x4MB) SWAP 157/3417MB (cached 1MB) CPU [28%@1190,14%@1190,0%@1190,0%@1190,0%@1190,0%@1190] EMC_FREQ 0% GR3D_FREQ 0% AUX@45.5C CPU@46C thermal@45.45C AO@45.5C GPU@45.5C PMIC@50C
1791263009.637756 10-06-2026 14:03:29 RAM 2108/6833MB (lfb 117x4MB) SWAP 157/3417MB (cached 1MB) CPU [100%@1420,0%@1420,0%@1420,0%@1420,0%@1420,0%@1420] EMC_FREQ 0% GR3D_FREQ 0% AUX@45.5C CPU@46C thermal@45.45C AO@46C GPU@45.5C PMIC@50C
1791263009.841484 10-06-2026 14:03:29 RAM 1633/6833MB (lfb 138x4MB) SWAP 157/3417MB (cached 1MB) CPU [100%@1420,0%@1420,0%@1420,0%@1420,0%@1420,0%@1420] EMC_FREQ 0% GR3D_FREQ 0% AUX@45.5C CPU@46C thermal@45.45C AO@45.5C GPU@45.5C PMIC@50C
