1791264333.549972 10-06-2026 14:25:33 RAM 1571/6833MB (lfb 141x4MB) SWAP 211/3417MB (cached 1MB) CPU [0%@1420,100%@1420,0%@1420,0%@1420,4%@1420,0%@1420] EMC_FREQ 0% GR3D_FREQ 0% AUX@40.5C CPU@41C thermal@40.65C AO@40.5C GPU@40.5C PMIC@50C
1791264333.753157 10-06-2026 14:25:33 RAM 1572/6833MB (lfb 141x4MB) SWAP 211/3417MB (cached 1MB) CPU [0%@1420,90%@1420,0%@1420,0%@1420,0%@1420,4%@1420] EMC_FREQ 0% GR3D_FREQ 0% AUX@40.5C CPU@41C thermal@40.65C AO@40.5C GPU@40.5C PMIC@50C
1791264333.956418 10-06-2026 14:25:33 RAM 1573/6833MB (lfb 141x4MB) SWAP 211/3417MB (cached 1MB) CPU [4%@1420,100%@1420,0%@1420,0%@1420,0%@1420,4%@1420] EMC_FREQ 0% GR3D_FREQ 0% AUX@40.5C CPU@41C thermal@40.65C AO@40.5C GPU@40.5C PMIC@50C
1791264334.159833 10-06-2026 14:25:34 RAM 1574/6833MB (lfb 141x4MB) SWAP 211/3417MB (cached 1MB) CPU [0%@1420,95%@1420,4%@1420,0%@1420,0%@1420,0%@1420] EMC_FREQ 0% GR3D_FREQ 0% AUX@40.5C CPU@41C thermal@40.65C AO@40.5C GPU@40.5C PMIC@50C
1791264334.363142 10-06-2026 14:25:34 RAM 1575/6833MB (lfb 141x4MB) SWAP 211/3417MB (cached 1MB) CPU [4%@1420,50%@1420,0%@1420,35%@1420,0%@1420,0%@1420] EMC_FREQ 0% GR3D_FREQ 0% AUX@40.5C CPU@41.5C thermal@40.8C AO@40.5C GPU@40.5C PMIC@50C
1791264334.566600 10-06-2026 14:25:34 RAM 1577/6833MB (lfb 141x4MB) SWAP 211/3417MB (cached 1MB) CPU [0%@1420,19%@1420,14%@1420,57%@1420,0%@1420,0%@1420] EMC_FREQ 0% GR3D_FREQ 0% AUX@40.5C CPU@41C thermal@40.8C AO@40.5C GPU@40.5C PMIC@50C
1791264334.770083 10-06-2026 14:25:34 RAM 1577/6833MB (lfb 141x4MB) SWAP 211/3417MB (cached 1MB) CPU [4%@1420,80%@1420,0%@1420,0%@1420,0%@1420,0%@1420] EMC_FREQ 0% GR3D_FREQ 0% AUX@40.5C CPU@41C thermal@40.8C AO@40.5C GPU@41C PMIC@50C
1791264334.974084 10-06-2026 14:25:34 RAM 1577/6833MB (lfb 141x4MB) SWAP 211/3417MB (cached 1MB) CPU [5%@1190,16%@1420,0%@1420,0%@1420,4%@1420,0%@1420] EMC_FREQ 0% GR3D_FREQ 0% AUX@40.5C CPU@41.5C thermal@40.8C AO@40.5C GPU@40.5C PMIC@50C
1791264335.177743 10-06-2026 14:25:35 RAM 1578/6833MB (lfb 141x4MB) SWAP 211/3417MB (cached 1MB) CPU [5%@1190,25%@1190,0%@1420,4%@1420,0%@1420,0%@1420] EMC_FREQ 0% GR3D_FREQ 0% AUX@40.5C CPU@41.5C thermal@40.8C AO@40.5C GPU@41C PMIC@50C
1791264335.381361 10-06-2026 14:25:35 RAM 1578/6833MB (lfb 141x4MB) SWAP 211/3417MB (cached 1MB) CPU [0%@1190,22%@1190,0%@1190,0%@1190,0%@1190,0%@1190] EMC_FREQ 0% GR3D_FREQ 0% AUX@40.5C CPU@41C thermal@40.95C AO@40.5C GPU@41C PMIC@50C
1791264335.584813 10-06-2026 14:25:35 RAM 1579/6833MB (lfb 141x4MB) SWAP 211/3417MB (cached 1MB) CPU [4%@1190,28%@1190,4%@1190,0%@1420,0%@1420,0%@1420] EMC_FREQ 0% GR3D_FREQ 0% AUX@40.5C CPU@41C thermal@40.95C AO@40.5C GPU@41C PMIC@50C
1791264335.788388 10-06-2026 14:25:35 RAM 1580/6833MB (lfb 141x4MB) SWAP 211/3417MB (cached 1MB) CPU [5%@1190,33%@1190,0%@1190,0%@1420,0%@1420,0%@1420] EMC_FREQ 0% GR3D_FREQ 0% AUX@40.5C CPU@41.5C thermal@40.95C AO@40.5C GPU@40.5C PMIC@50C
1791264335.991919 10-06-2026 14:25:35 RAM 1581/6833MB (lfb 141x4MB) SWAP 211/3417MB (cached 1MB) CPU [4%@1420,63%@1420,0%@1420,0%@1420,5%@1420,0%@1420] EMC_FREQ 0% GR3D_FREQ 0% AUX@40.5C CPU@41.5C thermal@40.95C AO@40.5C GPU@41C PMIC@50C
1791264336.195951 10-06-2026 14:25:36 RAM 1581/6833MB (lfb 141x4MB) SWAP 211/3417MB (cached 1MB) CPU [0%@1420,100%@1420,0%@1420,0%@1420,0%@1420,4%@1420] EMC_FREQ 0% GR3D_FREQ 0% AUX@40.5C CPU@41.5C thermal@40.95C AO@41C GPU@40.5C PMIC@50C
1791264336.399324 10-06-2026 14:25:36 RAM 1582/6833MB (lfb 141x4MB) SWAP 211/3417MB (cached 1MB) CPU [0%@1420,90%@1420,0%@1420,0%@1420,0%@1420,4%@1420] EMC_FREQ 0% GR3D_FREQ 0% AUX@40.5C CPU@41.5C thermal@40.95C AO@40.5C GPU@40.5C PMIC@50C
1791264336.602966 10-06-2026 14:25:36 RAM 1583/6833MB (lfb 141x4MB) SWAP 211/3417MB (cached 1MB) CPU [4%@1420,85%@1420,0%@1420,0%@1420,0%@1420,0%@1420] EMC_FREQ 0% GR3D_FREQ 0% AUX@40.5C CPU@41.5C thermal@40.95C AO@41C GPU@41C PMIC@50C
1791264336.806470 10-06-2026 14:25:36 RAM 1585/6833MB (lfb 141x4MB) SWAP 211/3417MB (cached 1MB) CPU [0%@1420,100%@1420,4%@1420,0%@1420,0%@1420,4%@1420] EMC_FREQ 0% GR3D_FREQ 0% AUX@40.5C CPU@41.5C thermal@40.95C AO@40.5C GPU@41C PMIC@50C
1791264337.010592 10-06-2026 14:25:37 RAM 1595/6833MB (lfb 141x4MB) SWAP 211/3417MB (cached 1MB) CPU [28%@1420,100%@1420,28%@1420,25%@1420,28%@1420,25%@1420] EMC_FREQ 0% GR3D_FREQ 0% AUX@40.5C CPU@41.5C thermal@40.95C AO@40.5C GPU@41C PMIC@50C
1791264337.214353 10-06-2026 14:25:37 RAM 1597/6833MB (lfb 141x4MB) SWAP 211/3417MB (cached 1MB) CPU [100%@1420,100%@1420,100%@1420,100%@1420,100%@1420,95%@1420] EMC_FREQ 0% GR3D_FREQ 0% AUX@40.5C CPU@42C thermal@40.95C AO@40.5C GPU@41C PMIC@50C
1791264337.490899 10-06-2026 14:25:37 RAM 1599/6833MB (lfb 141x4MB) SWAP 211/3417MB (cached 1MB) CPU [100%@1420,100%@1420,100%@1420,100%@1420,100%@1420,89%@1420] EMC_FREQ 0% GR3D_FREQ 0% AUX@40.5C CPU@42C thermal@40.95C AO@41C GPU@41C PMIC@50C
1791264337.694626 10-06-2026 14:25:37 RAM 1601/6833MB (lfb 141x4MB) SWAP 211/3417MB (cached 1MB) CPU [70%@1420,100%@1420,100%@1420,100%@1420,100%@1420,100%@1420] EMC_FREQ 0% GR3D_FREQ 0% AUX@40.5C CPU@42C thermal@41.1C AO@40.5C GPU@41C PMIC@50C
1791264337.934967 10-06-2026 14:25:37 RAM 1604/6833MB (lfb 141x4MB) SWAP 211/3417MB (cached 1MB) CPU [95%@1420,100%@1420,100%@1420,100%@1420,100%@1420,100%@1420] EMC_FREQ 0% GR3D_FREQ 0% AUX@40.5C CPU@42C thermal@41.1C AO@41C GPU@41C PMIC@50C
1791264338.138427 10-06-2026 14:25:38 RAM 1605/6833MB (lfb 141x4MB) SWAP 211/3417MB (cached 1MB) CPU [71%@1420,100%@1420,100%@1420,100%@1420,100%@1420,100%@1420] EMC_FREQ 0% GR3D_FREQ 0% AUX@41C CPU@42C thermal@41.1C AO@41C GPU@41C PMIC@50C
1791264338.342057 10-06-2026 14:25:38 RAM 1607/6833MB (lfb 141x4MB) SWAP 211/3417MB (cached 1MB) CPU [95%@1420,100%@1420,100%@1420,100%@1420,100%@1420,100%@1420] EMC_FREQ 0% GR3D_FREQ 0% AUX@41C CPU@42.5C thermal@41.1C AO@41C GPU@41C PMIC@50C
1791264338.545644 10-06-2026 14:25:38 RAM 1609/6833MB (lfb 141x4MB) SWAP 211/3417MB (cached 1MB) CPU [85%@1420,100%@1420,100%@1420,100%@1420,100%@1420,100%@1420] EMC_FREQ 0% GR3D_FREQ 0% AUX@41C CPU@42.5C thermal@41.1C AO@41C GPU@41C PMIC@50C
1791264338.858574 10-06-2026 14:25:38 RAM 1612/6833MB (lfb 141x4MB) SWAP 211/3417MB (cached 1MB) CPU [80%@1420,100%@1420,100%@1420,100%@1420,100%@1420,100%@1420] EMC_FREQ 0% GR3D_FREQ 0% AUX@41C CPU@42.5C thermal@41.45C AO@41C GPU@41C PMIC@50C
1791264339.062528 10-06-2026 14:25:39 RAM 1614/6833MB (lfb 141x4MB) SWAP 211/3417MB (cached 1MB) CPU [95%@1420,100%@1420,100%@1420,100%@1420,100%@1420,100%@1420] EMC_FREQ 0% GR3D_FREQ 0% AUX@41C CPU@42.5C thermal@41.45C AO@41C GPU@41C PMIC@50C
1791264339.285458 10-06-2026 14:25:39 RAM 1614/6833MB (lfb 141x4MB) SWAP 211/3417MB (cached 1MB) CPU [95%@1420,100%@1420,100%@1420,100%@1420,100%@1420,100%@1420] EMC_FREQ 0% GR3D_FREQ 0% AUX@41C CPU@42.5C thermal@41.45C AO@41C GPU@41C PMIC@50C
1791264339.488971 10-06-2026 14:25:39 RAM 1615/6833MB (lfb 141x4MB) SWAP 211/3417MB (cached 1MB) CPU [95%@1420,100%@1420,100%@1420,100%@1420,100%@1420,100%@1420] EMC_FREQ 0% GR3D_FREQ 0% AUX@40.5C CPU@42.5C thermal@41.45C AO@41C GPU@41C PMIC@50C
1791264339.755165 10-06-2026 14:25:39 RAM 1618/6833MB (lfb 141x4MB) SWAP 211/3417MB (cached 1MB) CPU [88%@1420,100%@1420,100%@1420,100%@1420,100%@1420,100%@1420] EMC_FREQ 0% GR3D_FREQ 0% AUX@41C CPU@42.5C thermal@41.45C AO@41C GPU@41.5C PMIC@50C
1791264339.958105 10-06-2026 14:25:39 RAM 1620/6833MB (lfb 141x4MB) SWAP 211/3417MB (cached 1MB) CPU [85%@1420,100%@1420,100%@1420,100%@1420,100%@1420,100%@1420] EMC_FREQ 0% GR3D_FREQ 0% AUX@41C CPU@42.5C thermal@41.45C AO@41C GPU@41.5C PMIC@50C
1791264340.161480 10-06-2026 14:25:40 RAM 1621/6833MB (lfb 141x4MB) SWAP 211/3417MB (cached 1MB) CPU [94%@1420,100%@1420,100%@1420,100%@1420,100%@1420,100%@1420] EMC_FREQ 0% GR3D_FREQ 0% AUX@41C CPU@42.5C thermal@41.45C AO@41C GPU@41.5C PMIC@50C
1791264340.364829 10-06-2026 14:25:40 RAM 1623/6833MB (lfb 141x4MB) SWAP 211/3417MB (cached 1MB) CPU [90%@1420,100%@1420,100%@1420,100%@1420,100%@1420,100%@1420] EMC_FREQ 0% GR3D_FREQ 0% AUX@41C CPU@42.5C thermal@41.45C AO@41C GPU@41C PMIC@50C
1791264340.568706 10-06-2026 14:25:40 RAM 1623/6833MB (lfb 141x4MB) SWAP 211/3417MB (cached 1MB) CPU [78%@1420,100%@1420,100%@1420,100%@1420,100%@1420,100%@1420] EMC_FREQ 0% GR3D_FREQ 0% AUX@41C CPU@42.5C thermal@41.45C AO@41C GPU@41.5C PMIC@50C
1791264340.778475 10-06-2026 14:25:40 RAM 1627/6833MB (lfb 141x4MB) SWAP 211/3417MB (cached 1MB) CPU [50%@1420,100%@1420,100%@1420,100%@1420,100%@1420,100%@1420] EMC_FREQ 0% GR3D_FREQ 18% AUX@41C CPU@42.5C thermal@41.45C AO@41C GPU@41.5C PMIC@50C
1791264340.982214 10-06-2026 14:25:40 RAM 1629/6833MB (lfb 141x4MB) SWAP 211/3417MB (cached 1MB) CPU [95%@1420,100%@1420,100%@1420,100%@1420,100%@1420,100%@1420] EMC_FREQ 0% GR3D_FREQ 0% AUX@41.5C CPU@42.5C thermal@41.8C AO@41C GPU@41.5C PMIC@50C
1791264341.185730 10-06-2026 14:25:41 RAM 1629/6833MB (lfb 141x4MB) SWAP 211/3417MB (cached 1MB) CPU [94%@1420,100%@1420,100%@1420,100%@1420,100%@1420,100%@1420] EMC_FREQ 0% GR3D_FREQ 0% AUX@41.5C CPU@42.5C thermal@41.8C AO@41.5C GPU@41.5C PMIC@50C
1791264341.389217 10-06-2026 14:25:41 RAM 1634/6833MB (lfb 141x4MB) SWAP 211/3417MB (cached 1MB) CPU [61%@1420,100%@1420,100%@1420,100%@1420,100%@1420,100%@1420] EMC_FREQ 0% GR3D_FREQ 0% AUX@41.5C CPU@42.5C thermal@41.8C AO@41C GPU@41.5C PMIC@50C
1791264341.593115 10-06-2026 14:25:41 RAM 1654/6833MB (lfb 141x4MB) SWAP 210/3417MB (cached 1MB) CPU [100%@1420,100%@1420,100%@1420,100%@1420,66%@1420,100%@1420] EMC_FREQ 0% GR3D_FREQ 0% AUX@41.5C CPU@42.5C thermal@41.8C AO@41.5C GPU@41.5C PMIC@50C
1791264341.796793 10-06-2026 14:25:41 RAM 1667/6833MB (lfb 141x4MB) SWAP 210/3417MB (cached 1MB) CPU [100%@1420,100%@1420,100%@1420,80%@1420,100%@1420,100%@1420] EMC_FREQ 0% GR3D_FREQ 0% AUX@41.5C CPU@42.5C thermal@41.8C AO@41.5C GPU@41.5C PMIC@50C
1791264342.000503 10-06-2026 14:25:41 RAM 1677/6833MB (lfb 141x4MB) SWAP 210/3417MB (cached 1MB) CPU [100%@1420,100%@1420,100%@1420,94%@1420,100%@1420,22%@1420] EMC_FREQ 0% GR3D_FREQ 0% AUX@41.5C CPU@42.5C thermal@41.8C AO@41C GPU@41.5C PMIC@50C
1791264342.203986 10-06-2026 14:25:42 RAM 1690/6833MB (lfb 141x4MB) SWAP 210/3417MB (cached 1MB) CPU [89%@1420,100%@1420,100%@1420,100%@1420,100%@1420,100%@1420] EMC_FREQ 0% GR3D_FREQ 0% AUX@41.5C CPU@43C thermal@41.8C AO@41.5C GPU@41.5C PMIC@50C
1791264342.408077 10-06-2026 14:25:42 RAM 1716/6833MB (lfb 141x4MB) SWAP 210/3417MB (cached 1MB) CPU [40%@1420,100%@1420,100%@1420,100%@1420,100%@1420,95%@1420] EMC_FREQ 0% GR3D_FREQ 0% AUX@41.5C CPU@43C thermal@41.8C AO@41.5C GPU@41.5C PMIC@50C
1791264342.611615 10-06-2026 14:25:42 RAM 1724/6833MB (lfb 141x4MB) SWAP 210/3417MB (cached 1MB) CPU [95%@1420,100%@1420,100%@1420,100%@1420,100%@1420,95%@1420] EMC_FREQ 0% GR3D_FREQ 0% AUX@41.5C CPU@43C thermal@41.8C AO@41C GPU@41.5C PMIC@50C
1791264342.815042 10-06-2026 14:25:42 RAM 1724/6833MB (lfb 141x4MB) SWAP 210/3417MB (cached 1MB) CPU [55%@1420,100%@1420,100%@1420,100%@1420,100%@1420,84%@1420] EMC_FREQ 0% GR3D_FREQ 0% AUX@41.5C CPU@43C thermal@41.8C AO@41.5C GPU@41.5C PMIC@50C
1791264343.018424 10-06-2026 14:25:43 RAM 1726/6833MB (lfb 141x4MB) SWAP 210/3417MB (cached 1MB) CPU [90%@1420,100%@1420,100%@1420,100%@1420,100%@1420,100%@1420] EMC_FREQ 0% GR3D_FREQ 0% AUX@41.5C CPU@43C thermal@41.8C AO@41.5C GPU@41.5C PMIC@50C
1791264343.221776 10-06-2026 14:25:43 RAM 1727/6833MB (lfb 141x4MB) SWAP 210/3417MB (cached 1MB) CPU [100%@1420,100%@1420,100%@1420,100%@1420,100%@1420,100%@1420] EMC_FREQ 0% GR3D_FREQ 0% AUX@41.5C CPU@43C thermal@41.95C AO@41.5C GPU@41.5C PMIC@50C
1791264343.425323 10-06-2026 14:25:43 RAM 1733/6833MB (lfb 141x4MB) SWAP 210/3417MB (cached 1MB) CPU [100%@1420,100%@1420,100%@1420,100%@1420,100%@1420,100%@1420] EMC_FREQ 0% GR3D_FREQ 0% AUX@41.5C CPU@43C thermal@41.95C AO@41.5C GPU@41.5C PMIC@50C
1791264343.628946 10-06-2026 14:25:43 RAM 1739/6833MB (lfb 141x4MB) SWAP 210/3417MB (cached 1MB) CPU [100%@1420,100%@1420,100%@1420,100%@1420,100%@1420,100%@1420] EMC_FREQ 0% GR3D_FREQ 0% AUX@41.5C CPU@43C thermal@41.95C AO@41.5C GPU@41.5C PMIC@50C
1791264343.832330 10-06-2026 14:25:43 RAM 1746/6833MB (lfb 141x4MB) SWAP 210/3417MB (cached 1MB) CPU [100%@1420,100%@1420,100%@1420,100%@1420,100%@1420,100%@1420] EMC_FREQ 0% GR3D_FREQ 0% AUX@42C CPU@43C thermal@41.95C AO@42C GPU@41.5C PMIC@50C
1791264344.035717 10-06-2026 14:25:44 RAM 1749/6833MB (lfb 141x4MB) SWAP 210/3417MB (cached 1MB) CPU [100%@1420,100%@1420,100%@1420,100%@1420,100%@1420,100%@1420] EMC_FREQ 0% GR3D_FREQ 0% AUX@42C CPU@43.5C thermal@41.95C AO@41.5C GPU@42C PMIC@50C
1791264344.239172 10-06-2026 14:25:44 RAM 1751/6833MB (lfb 141x4MB) SWAP 210/3417MB (cached 1MB) CPU [100%@1420,100%@1420,100%@1420,100%@1420,100%@1420,100%@1420] EMC_FREQ 0% GR3D_FREQ 0% AUX@42C CPU@43C thermal@41.95C AO@41.5C GPU@42C PMIC@50C
1791264344.442584 10-06-2026 14:25:44 RAM 1755/6833MB (lfb 141x4MB) SWAP 210/3417MB (cached 1MB) CPU [100%@1420,100%@1420,100%@1420,100%@1420,100%@1420,100%@1420] EMC_FREQ 0% GR3D_FREQ 0% AUX@42C CPU@43.5C thermal@42.3C AO@41.5C GPU@42C PMIC@50C
1791264344.645925 10-06-2026 14:25:44 RAM 1757/6833MB (lfb 141x4MB) SWAP 209/3417MB (cached 1MB) CPU [100%@1420,100%@1420,100%@1420,100%@1420,100%@1420,100%@1420] EMC_FREQ 0% GR3D_FREQ 0% AUX@42C CPU@43.5C thermal@42.3C AO@41.5C GPU@42C PMIC@50C
1791264344.850514 10-06-2026 14:25:44 RAM 1759/6833MB (lfb 141x4MB) SWAP 209/3417MB (cached 1MB) CPU [100%@1420,100%@1420,100%@1420,100%@1420,100%@1420,100%@1420] EMC_FREQ 0% GR3D_FREQ 0% AUX@41.5C CPU@43.5C thermal@42.3C AO@42C GPU@42C PMIC@50C
1791264345.054041 10-06-2026 14:25:45 RAM 1762/6833MB (lfb 141x4MB) SWAP 209/3417MB (cached 1MB) CPU [100%@1420,100%@1420,100%@1420,100%@1420,100%@1420,100%@1420] EMC_FREQ 0% GR3D_FREQ 0% AUX@42C CPU@43.5C thermal@42.3C AO@42C GPU@42C PMIC@50C
1791264345.257334 10-06-2026 14:25:45 RAM 1764/6833MB (lfb 141x4MB) SWAP 209/3417MB (cached 1MB) CPU [100%@1420,100%@1420,100%@1420,100%@1420,100%@1420,100%@1420] EMC_FREQ 0% GR3D_FREQ 0% AUX@42C CPU@43.5C thermal@42.3C AO@42C GPU@42C PMIC@50C
1791264345.460693 10-06-2026 14:25:45 RAM 1768/6833MB (lfb 141x4MB) SWAP 209/3417MB (cached 1MB) CPU [100%@1420,100%@1420,100%@1420,100%@1420,100%@1420,100%@1420] EMC_FREQ 0% GR3D_FREQ 0% AUX@42C CPU@43.5C thermal@42.45C AO@42C GPU@42C PMIC@50C
1791264345.664003 10-06-2026 14:25:45 RAM 1769/6833MB (lfb 141x4MB) SWAP 209/3417MB (cached 1MB) CPU [90%@1420,100%@1420,80%@1420,100%@1420,100%@1420,100%@1420] EMC_FREQ 0% GR3D_FREQ 0% AUX@42C CPU@43.5C thermal@42.45C AO@42C GPU@42C PMIC@50C
1791264345.868355 10-06-2026 14:25:45 RAM 1783/6833MB (lfb 141x4MB) SWAP 209/3417MB (cached 1MB) CPU [100%@1420,100%@1420,95%@1420,100%@1420,100%@1420,100%@1420] EMC_FREQ 0% GR3D_FREQ 0% AUX@42C CPU@43.5C thermal@42.45C AO@42C GPU@42C PMIC@50C
1791264346.073720 10-06-2026 14:25:46 RAM 1785/6833MB (lfb 141x4MB) SWAP 209/3417MB (cached 1MB) CPU [100%@1420,90%@1420,100%@1420,100%@1420,100%@1420,100%@1420] EMC_FREQ 0% GR3D_FREQ 0% AUX@42C CPU@43.5C thermal@42.45C AO@42C GPU@42C PMIC@50C
1791264346.277141 10-06-2026 14:25:46 RAM 1787/6833MB (lfb 141x4MB) SWAP 209/3417MB (cached 1MB) CPU [100%@1420,85%@1420,100%@1420,100%@1420,100%@1420,100%@1420] EMC_FREQ 0% GR3D_FREQ 0% AUX@42C CPU@43.5C thermal@42.45C AO@42C GPU@42C PMIC@50C
1791264346.480576 10-06-2026 14:25:46 RAM 1789/6833MB (lfb 141x4MB) SWAP 209/3417MB (cached 1MB) CPU [100%@1420,90%@1420,100%@1420,100%@1420,100%@1420,100%@1420] EMC_FREQ 0% GR3D_FREQ 0% AUX@42C CPU@43.5C thermal@42.45C AO@42C GPU@42C PMIC@50C
1791264346.683895 10-06-2026 14:25:46 RAM 1792/6833MB (lfb 141x4MB) SWAP 209/3417MB (cached 1MB) CPU [100%@1420,78%@1420,100%@1420,100%@1420,100%@1420,100%@1420] EMC_FREQ 0% GR3D_FREQ 0% AUX@42C CPU@43.5C thermal@42.45C AO@42C GPU@42C PMIC@50C
1791264346.887192 10-06-2026 14:25:46 RAM 1792/6833MB (lfb 141x4MB) SWAP 209/3417MB (cached 1MB) CPU [100%@1420,95%@1420,100%@1420,100%@1420,100%@1420,100%@1420] EMC_FREQ 0% GR3D_FREQ 0% AUX@42C CPU@43.5C thermal@42.45C AO@42C GPU@42C PMIC@50C
1791264347.090735 10-06-2026 14:25:47 RAM 1795/6833MB (lfb 141x4MB) SWAP 209/3417MB (cached 1MB) CPU [100%@1420,80%@1420,100%@1420,90%@1420,100%@1420,100%@1420] EMC_FREQ 0% GR3D_FREQ 0% AUX@42C CPU@43.5C thermal@42.45C AO@42C GPU@42C PMIC@50C
1791264347.295182 10-06-2026 14:25:47 RAM 1796/6833MB (lfb 141x4MB) SWAP 209/3417MB (cached 1MB) CPU [100%@1420,89%@1420,100%@1420,100%@1420,100%@1420,100%@1420] EMC_FREQ 0% GR3D_FREQ 0% AUX@42C CPU@43.5C thermal@42.45C AO@42C GPU@42C PMIC@50C
1791264347.498583 10-06-2026 14:25:47 RAM 1797/6833MB (lfb 141x4MB) SWAP 209/3417MB (cached 1MB) CPU [100%@1420,94%@1420,100%@1420,100%@1420,100%@1420,100%@1420] EMC_FREQ 0% GR3D_FREQ 0% AUX@42C CPU@43.5C thermal@42.45C AO@42C GPU@42.5C PMIC@50C
1791264347.701970 10-06-2026 14:25:47 RAM 1800/6833MB (lfb 141x4MB) SWAP 209/3417MB (cached 1MB) CPU [100%@1420,77%@1420,100%@1420,100%@1420,100%@1420,100%@1420] EMC_FREQ 0% GR3D_FREQ 0% AUX@42C CPU@43.5C thermal@42.6C AO@42C GPU@42.5C PMIC@50C
1791264347.905351 10-06-2026 14:25:47 RAM 1802/6833MB (lfb 141x4MB) SWAP 209/3417MB (cached 1MB) CPU [100%@1420,80%@1420,100%@1420,100%@1420,100%@1420,100%@1420] EMC_FREQ 0% GR3D_FREQ 0% AUX@42.5C CPU@43.5C thermal@42.6C AO@42C GPU@42.5C PMIC@50C
1791264348.108766 10-06-2026 14:25:48 RAM 1802/6833MB (lfb 141x4MB) SWAP 209/3417MB (cached 1MB) CPU [100%@1420,90%@1420,100%@1420,100%@1420,100%@1420,100%@1420] EMC_FREQ 0% GR3D_FREQ 0% AUX@42C CPU@44C thermal@42.6C AO@42C GPU@42.5C PMIC@50C
1791264348.312494 10-06-2026 14:25:48 RAM 1805/6833MB (lfb 141x4MB) SWAP 209/3417MB (cached 1MB) CPU [100%@1420,75%@1420,100%@1420,100%@1420,100%@1420,100%@1420] EMC_FREQ 0% GR3D_FREQ 0% AUX@42.5C CPU@43.5C thermal@42.6C AO@42C GPU@42.5C PMIC@50C
1791264348.516837 10-06-2026 14:25:48 RAM 1805/6833MB (lfb 141x4MB) SWAP 209/3417MB (cached 1MB) CPU [100%@1420,95%@1420,100%@1420,100%@1420,100%@1420,100%@1420] EMC_FREQ 0% GR3D_FREQ 0% AUX@42C CPU@43.5C thermal@42.6C AO@42C GPU@42C PMIC@50C
1791264348.720247 10-06-2026 14:25:48 RAM 1806/6833MB (lfb 141x4MB) SWAP 209/3417MB (cached 1MB) CPU [94%@1420,89%@1420,100%@1420,100%@1420,100%@1420,100%@1420] EMC_FREQ 0% GR3D_FREQ 0% AUX@42.5C CPU@44C thermal@42.6C AO@42.5C GPU@42.5C PMIC@50C
1791264348.923506 10-06-2026 14:25:48 RAM 1807/6833MB (lfb 141x4MB) SWAP 209/3417MB (cached 1MB) CPU [100%@1420,90%@1420,100%@1420,100%@1420,100%@1420,100%@1420] EMC_FREQ 0% GR3D_FREQ 0% AUX@42.5C CPU@44C thermal@42.95C AO@42C GPU@42.5C PMIC@50C
1791264349.126759 10-06-2026 14:25:49 RAM 1810/6833MB (lfb 141x4MB) SWAP 209/3417MB (cached 1MB) CPU [100%@1420,80%@1420,100%@1420,100%@1420,100%@1420,100%@1420] EMC_FREQ 0% GR3D_FREQ 0% AUX@42.5C CPU@44C thermal@42.95C AO@42.5C GPU@42.5C PMIC@50C
1791264349.330440 10-06-2026 14:25:49 RAM 1814/6833MB (lfb 141x4MB) SWAP 209/3417MB (cached 1MB) CPU [100%@1420,88%@1420,100%@1420,100%@1420,100%@1420,100%@1420] EMC_FREQ 0% GR3D_FREQ 0% AUX@42.5C CPU@44C thermal@42.95C AO@42.5C GPU@42.5C PMIC@50C
1791264349.533895 10-06-2026 14:25:49 RAM 1813/6833MB (lfb 141x4MB) SWAP 209/3417MB (cached 1MB) CPU [100%@1420,91%@1420,100%@1420,100%@1420,100%@1420,100%@1420] EMC_FREQ 0% GR3D_FREQ 0% AUX@42.5C CPU@44C thermal@42.95C AO@42C GPU@42.5C PMIC@50C
1791264349.737215 10-06-2026 14:25:49 RAM 1816/6833MB (lfb 141x4MB) SWAP 209/3417MB (cached 1MB) CPU [100%@1420,85%@1420,100%@1420,100%@1420,100%@1420,100%@1420] EMC_FREQ 0% GR3D_FREQ 0% AUX@42C CPU@44C thermal@42.95C AO@42C GPU@42.5C PMIC@50C
1791264349.940611 10-06-2026 14:25:49 RAM 1820/6833MB (lfb 141x4MB) SWAP 209/3417MB (cached 1MB) CPU [100%@1420,77%@1420,100%@1420,100%@1420,100%@1420,100%@1420] EMC_FREQ 0% GR3D_FREQ 0% AUX@42.5C CPU@44C thermal@42.95C AO@42.5C GPU@42.5C PMIC@50C
1791264350.144089 10-06-2026 14:25:50 RAM 1820/6833MB (lfb 141x4MB) SWAP 209/3417MB (cached 1MB) CPU [100%@1420,94%@1420,100%@1420,100%@1420,100%@1420,100%@1420] EMC_FREQ 0% GR3D_FREQ 0% AUX@42.5C CPU@44C thermal@42.95C AO@42.5C GPU@42.5C PMIC@50C
1791264350.347553 10-06-2026 14:25:50 RAM 1821/6833MB (lfb 141x4MB) SWAP 209/3417MB (cached 1MB) CPU [100%@1420,100%@1420,100%@1420,100%@1420,100%@1420,100%@1420] EMC_FREQ 0% GR3D_FREQ 0% AUX@42.5C CPU@44C thermal@42.95C AO@42.5C GPU@42.5C PMIC@50C
1791264350.550914 10-06-2026 14:25:50 RAM 1821/6833MB (lfb 141x4MB) SWAP 209/3417MB (cached 1MB) CPU [100%@1420,90%@1420,100%@1420,100%@1420,100%@1420,100%@1420] EMC_FREQ 0% GR3D_FREQ 0% AUX@42.5C CPU@44C thermal@42.95C AO@42.5C GPU@42.5C PMIC@50C
1791264350.754306 10-06-2026 14:25:50 RAM 1821/6833MB (lfb 141x4MB) SWAP 209/3417MB (cached 1MB) CPU [100%@1420,94%@1420,100%@1420,100%@1420,100%@1420,100%@1420] EMC_FREQ 0% GR3D_FREQ 0% AUX@42.5C CPU@44C thermal@42.95C AO@42.5C GPU@42.5C PMIC@50C
1791264350.957678 10-06-2026 14:25:50 RAM 1822/6833MB (lfb 141x4MB) SWAP 209/3417MB (cached 1MB) CPU [100%@1420,95%@1420,100%@1420,100%@1420,100%@1420,100%@1420] EMC_FREQ 0% GR3D_FREQ 0% AUX@43C CPU@44C thermal@42.95C AO@42.5C GPU@42.5C PMIC@50C
1791264351.160986 10-06-2026 14:25:51 RAM 1823/6833MB (lfb 141x4MB) SWAP 209/3417MB (cached 1MB) CPU [100%@1420,91%@1420,100%@1420,100%@1420,100%@1420,100%@1420] EMC_FREQ 0% GR3D_FREQ 0% AUX@43C CPU@44C thermal@42.95C AO@42.5C GPU@42.5C PMIC@50C
1791264351.364339 10-06-2026 14:25:51 RAM 1823/6833MB (lfb 141x4MB) SWAP 209/3417MB (cached 1MB) CPU [100%@1420,94%@1420,100%@1420,100%@1420,100%@1420,100%@1420] EMC_FREQ 0% GR3D_FREQ 0% AUX@42.5C CPU@44C thermal@42.95C AO@42.5C GPU@42.5C PMIC@50C
1791264351.567660 10-06-2026 14:25:51 RAM 1826/6833MB (lfb 141x4MB) SWAP 209/3417MB (cached 1MB) CPU [100%@1420,80%@1420,100%@1420,100%@1420,100%@1420,100%@1420] EMC_FREQ 0% GR3D_FREQ 0% AUX@42.5C CPU@44C thermal@42.95C AO@42.5C GPU@42.5C PMIC@50C
1791264351.771018 10-06-2026 14:25:51 RAM 1828/6833MB (lfb 141x4MB) SWAP 209/3417MB (cached 1MB) CPU [100%@1420,73%@1420,100%@1420,100%@1420,100%@1420,100%@1420] EMC_FREQ 0% GR3D_FREQ 0% AUX@43C CPU@44C thermal@42.95C AO@42.5C GPU@42.5C PMIC@50C
1791264351.974793 10-06-2026 14:25:51 RAM 1832/6833MB (lfb 141x4MB) SWAP 209/3417MB (cached 1MB) CPU [35%@1420,76%@1420,40%@1420,42%@1420,40%@1420,45%@1420] EMC_FREQ 0% GR3D_FREQ 0% AUX@42.5C CPU@43.5C thermal@42.95C AO@42.5C GPU@42.5C PMIC@50C
1791264352.178256 10-06-2026 14:25:52 RAM 1832/6833MB (lfb 141x4MB) SWAP 209/3417MB (cached 1MB) CPU [0%@1420,94%@1420,4%@1420,10%@1420,9%@1420,0%@1420] EMC_FREQ 0% GR3D_FREQ 0% AUX@42.5C CPU@43.5C thermal@42.95C AO@42.5C GPU@42.5C PMIC@50C
1791264352.381675 10-06-2026 14:25:52 RAM 1833/6833MB (lfb 141x4MB) SWAP 209/3417MB (cached 1MB) CPU [9%@1420,86%@1420,9%@1420,14%@1420,0%@1420,0%@1420] EMC_FREQ 0% GR3D_FREQ 0% AUX@42.5C CPU@43.5C thermal@42.95C AO@42.5C GPU@42.5C PMIC@50C
1791264352.586714 10-06-2026 14:25:52 RAM 1834/6833MB (lfb 141x4MB) SWAP 209/3417MB (cached 1MB) CPU [0%@1420,94%@1420,5%@1420,9%@1420,5%@1420,9%@1420] EMC_FREQ 0% GR3D_FREQ 0% AUX@42.5C CPU@43.5C thermal@42.95C AO@42.5C GPU@42.5C PMIC@50C
1791264352.790040 10-06-2026 14:25:52 RAM 1835/6833MB (lfb 141x4MB) SWAP 209/3417MB (cached 1MB) CPU [9%@1420,95%@1420,4%@1420,10%@1420,5%@1420,0%@1420] EMC_FREQ 0% GR3D_FREQ 0% AUX@42.5C CPU@43.5C thermal@42.95C AO@42.5C GPU@42.5C PMIC@50C
1791264352.993302 10-06-2026 14:25:52 RAM 1835/6833MB (lfb 141x4MB) SWAP 209/3417MB (cached 1MB) CPU [0%@1420,95%@1420,5%@1420,10%@1420,9%@1420,4%@1420] EMC_FREQ 0% GR3D_FREQ 0% AUX@42.5C CPU@43.5C thermal@42.95C AO@42.5C GPU@42.5C PMIC@50C
1791264353.197058 10-06-2026 14:25:53 RAM 1837/6833MB (lfb 141x4MB) SWAP 209/3417MB (cached 1MB) CPU [9%@1420,80%@1420,9%@1420,9%@1420,0%@1420,9%@1420] EMC_FREQ 0% GR3D_FREQ 0% AUX@42.5C CPU@43.5C thermal@42.95C AO@42.5C GPU@42.5C PMIC@50C
1791264353.400233 10-06-2026 14:25:53 RAM 1838/6833MB (lfb 141x4MB) SWAP 209/3417MB (cached 1MB) CPU [4%@1420,100%@1420,5%@1420,0%@1420,5%@1420,0%@1420] EMC_FREQ 0% GR3D_FREQ 0% AUX@42.5C CPU@43.5C thermal@42.95C AO@42.5C GPU@42.5C PMIC@50C
1791264353.603557 10-06-2026 14:25:53 RAM 1838/6833MB (lfb 141x4MB) SWAP 209/3417MB (cached 1MB) CPU [0%@1420,95%@1420,0%@1420,10%@1420,0%@1420,5%@1420] EMC_FREQ 0% GR3D_FREQ 0% AUX@42.5C CPU@43.5C thermal@42.95C AO@42.5C GPU@42.5C PMIC@50C
1791264353.807459 10-06-2026 14:25:53 RAM 1842/6833MB (lfb 141x4MB) SWAP 209/3417MB (cached 1MB) CPU [0%@1420,100%@1420,14%@1420,5%@1420,5%@1420,4%@1420] EMC_FREQ 0% GR3D_FREQ 0% AUX@42.5C CPU@44C thermal@42.95C AO@42.5C GPU@43C PMIC@50C
1791264354.010900 10-06-2026 14:25:54 RAM 1843/6833MB (lfb 141x4MB) SWAP 209/3417MB (cached 1MB) CPU [9%@1420,90%@1420,9%@1420,9%@1420,4%@1420,5%@1420] EMC_FREQ 0% GR3D_FREQ 0% AUX@42.5C CPU@43.5C thermal@42.95C AO@42.5C GPU@42.5C PMIC@50C
1791264354.214355 10-06-2026 14:25:54 RAM 1846/6833MB (lfb 141x4MB) SWAP 209/3417MB (cached 1MB) CPU [0%@1420,100%@1420,14%@1420,4%@1420,5%@1420,0%@1420] EMC_FREQ 0% GR3D_FREQ 0% AUX@43C CPU@44C thermal@42.95C AO@42.5C GPU@43C PMIC@50C
1791264354.418227 10-06-2026 14:25:54 RAM 1846/6833MB (lfb 141x4MB) SWAP 209/3417MB (cached 1MB) CPU [9%@1420,95%@1420,10%@1420,9%@1420,0%@1420,5%@1420] EMC_FREQ 0% GR3D_FREQ 0% AUX@42.5C CPU@43.5C thermal@42.95C AO@42.5C GPU@43C PMIC@50C
1791264354.621912 10-06-2026 14:25:54 RAM 1847/6833MB (lfb 141x4MB) SWAP 209/3417MB (cached 1MB) CPU [5%@1420,95%@1420,0%@1420,9%@1420,4%@1420,0%@1420] EMC_FREQ 0% GR3D_FREQ 0% AUX@42.5C CPU@43.5C thermal@42.95C AO@42.5C GPU@43C PMIC@50C
1791264354.825247 10-06-2026 14:25:54 RAM 1849/6833MB (lfb 141x4MB) SWAP 209/3417MB (cached 1MB) CPU [0%@1420,100%@1420,10%@1420,0%@1420,0%@1420,5%@1420] EMC_FREQ 0% GR3D_FREQ 0% AUX@42.5C CPU@44C thermal@42.95C AO@42.5C GPU@42.5C PMIC@50C
1791264355.028639 10-06-2026 14:25:55 RAM 1849/6833MB (lfb 141x4MB) SWAP 209/3417MB (cached 1MB) CPU [5%@1420,95%@1420,4%@1420,14%@1420,0%@1420,13%@1420] EMC_FREQ 0% GR3D_FREQ 0% AUX@42.5C CPU@43.5C thermal@42.95C AO@42.5C GPU@43C PMIC@50C
1791264355.232035 10-06-2026 14:25:55 RAM 1850/6833MB (lfb 141x4MB) SWAP 209/3417MB (cached 1MB) CPU [9%@1420,89%@1420,0%@1420,14%@1420,9%@1420,9%@1420] EMC_FREQ 0% GR3D_FREQ 0% AUX@42.5C CPU@44C thermal@42.95C AO@43C GPU@42.5C PMIC@50C
1791264355.435282 10-06-2026 14:25:55 RAM 1851/6833MB (lfb 141x4MB) SWAP 209/3417MB (cached 1MB) CPU [0%@1420,90%@1420,10%@1420,10%@1420,0%@1420,9%@1420] EMC_FREQ 0% GR3D_FREQ 0% AUX@43C CPU@43.5C thermal@42.95C AO@42.5C GPU@43C PMIC@50C
1791264355.639031 10-06-2026 14:25:55 RAM 1851/6833MB (lfb 141x4MB) SWAP 209/3417MB (cached 1MB) CPU [0%@1420,90%@1420,5%@1420,0%@1420,4%@1420,0%@1420] EMC_FREQ 0% GR3D_FREQ 0% AUX@43C CPU@43.5C thermal@42.95C AO@42.5C GPU@42.5C PMIC@50C
1791264355.842472 10-06-2026 14:25:55 RAM 1853/6833MB (lfb 141x4MB) SWAP 209/3417MB (cached 1MB) CPU [5%@1420,94%@1420,14%@1420,5%@1420,5%@1420,0%@1420] EMC_FREQ 0% GR3D_FREQ 0% AUX@42.5C CPU@43.5C thermal@42.95C AO@43C GPU@43C PMIC@50C
1791264356.045859 10-06-2026 14:25:56 RAM 1854/6833MB (lfb 141x4MB) SWAP 209/3417MB (cached 1MB) CPU [4%@1420,82%@1420,5%@1420,4%@1420,4%@1420,5%@1420] EMC_FREQ 0% GR3D_FREQ 0% AUX@43C CPU@43.5C thermal@42.95C AO@43C GPU@43C PMIC@50C
1791264356.249508 10-06-2026 14:25:56 RAM 1855/6833MB (lfb 141x4MB) SWAP 209/3417MB (cached 1MB) CPU [0%@1420,100%@1420,5%@1420,5%@1420,0%@1420,0%@1420] EMC_FREQ 0% GR3D_FREQ 0% AUX@43C CPU@43.5C thermal@42.95C AO@42.5C GPU@43C PMIC@50C
1791264356.453194 10-06-2026 14:25:56 RAM 1856/6833MB (lfb 141x4MB) SWAP 209/3417MB (cached 1MB) CPU [9%@1420,78%@1420,5%@1420,5%@1420,9%@1420,10%@1420] EMC_FREQ 0% GR3D_FREQ 0% AUX@43C CPU@44C thermal@42.95C AO@43C GPU@42.5C PMIC@50C
1791264356.656407 10-06-2026 14:25:56 RAM 1856/6833MB (lfb 141x4MB) SWAP 209/3417MB (cached 1MB) CPU [19%@1420,66%@1420,14%@1420,14%@1420,9%@1420,4%@1420] EMC_FREQ 0% GR3D_FREQ 0% AUX@43C CPU@44C thermal@43.15C AO@43C GPU@43C PMIC@50C
1791264356.860563 10-06-2026 14:25:56 RAM 1857/6833MB (lfb 141x4MB) SWAP 209/3417MB (cached 1MB) CPU [5%@1420,75%@1420,5%@1420,9%@1420,0%@1420,5%@1420] EMC_FREQ 0% GR3D_FREQ 0% AUX@43C CPU@44C thermal@43.15C AO@43C GPU@43C PMIC@50C
1791264357.063666 10-06-2026 14:25:57 RAM 1857/6833MB (lfb 141x4MB) SWAP 209/3417MB (cached 1MB) CPU [5%@1420,90%@1420,10%@1420,9%@1420,5%@1420,5%@1420] EMC_FREQ 0% GR3D_FREQ 0% AUX@43C CPU@44C thermal@43.15C AO@43C GPU@43C PMIC@50C
1791264357.266930 10-06-2026 14:25:57 RAM 1857/6833MB (lfb 141x4MB) SWAP 209/3417MB (cached 1MB) CPU [13%@1420,100%@1420,5%@1420,5%@1420,0%@1420,0%@1420] EMC_FREQ 0% GR3D_FREQ 0% AUX@43C CPU@43.5C thermal@43.15C AO@43C GPU@43C PMIC@50C
1791264357.472677 10-06-2026 14:25:57 RAM 1857/6833MB (lfb 141x4MB) SWAP 209/3417MB (cached 1MB) CPU [0%@1420,90%@1420,14%@1420,0%@1420,5%@1420,9%@1420] EMC_FREQ 0% GR3D_FREQ 0% AUX@43C CPU@44C thermal@43.15C AO@43C GPU@43C PMIC@50C
1791264357.675891 10-06-2026 14:25:57 RAM 1857/6833MB (lfb 141x4MB) SWAP 209/3417MB (cached 1MB) CPU [30%@1420,65%@1420,13%@1420,4%@1420,9%@1420,5%@1420] EMC_FREQ 0% GR3D_FREQ 0% AUX@43C CPU@43.5C thermal@43.15C AO@43C GPU@43C PMIC@50C
1791264357.879122 10-06-2026 14:25:57 RAM 1858/6833MB (lfb 141x4MB) SWAP 209/3417MB (cached 1MB) CPU [42%@1420,39%@1420,5%@1420,5%@1420,14%@1420,5%@1420] EMC_FREQ 0% GR3D_FREQ 0% AUX@43C CPU@44C thermal@43.3C AO@43C GPU@43C PMIC@50C
1791264358.083203 10-06-2026 14:25:58 RAM 1860/6833MB (lfb 141x4MB) SWAP 209/3417MB (cached 1MB) CPU [5%@1420,61%@1420,0%@1420,18%@1420,0%@1420,4%@1420] EMC_FREQ 0% GR3D_FREQ 0% AUX@43C CPU@44C thermal@43.3C AO@43C GPU@43C PMIC@50C
1791264358.286503 10-06-2026 14:25:58 RAM 1863/6833MB (lfb 141x4MB) SWAP 209/3417MB (cached 1MB) CPU [10%@1420,81%@1420,9%@1420,5%@1420,0%@1420,5%@1420] EMC_FREQ 0% GR3D_FREQ 0% AUX@43C CPU@44C thermal@43.3C AO@43C GPU@43C PMIC@50C
1791264358.489803 10-06-2026 14:25:58 RAM 1862/6833MB (lfb 141x4MB) SWAP 209/3417MB (cached 1MB) CPU [71%@1420,20%@1420,14%@1420,4%@1420,5%@1420,13%@1420] EMC_FREQ 0% GR3D_FREQ 0% AUX@42.5C CPU@44C thermal@43.3C AO@43C GPU@43C PMIC@50C
1791264358.693511 10-06-2026 14:25:58 RAM 1863/6833MB (lfb 141x4MB) SWAP 209/3417MB (cached 1MB) CPU [0%@1420,90%@1420,10%@1420,0%@1420,5%@1420,5%@1420] EMC_FREQ 0% GR3D_FREQ 0% AUX@43C CPU@44C thermal@43.3C AO@43C GPU@43.5C PMIC@50C
1791264358.896678 10-06-2026 14:25:58 RAM 1863/6833MB (lfb 141x4MB) SWAP 209/3417MB (cached 1MB) CPU [5%@1420,100%@1420,5%@1420,14%@1420,0%@1420,4%@1420] EMC_FREQ 0% GR3D_FREQ 0% AUX@43C CPU@44C thermal@43.3C AO@43C GPU@43C PMIC@50C
1791264359.099946 10-06-2026 14:25:59 RAM 1866/6833MB (lfb 141x4MB) SWAP 209/3417MB (cached 1MB) CPU [5%@1420,78%@1420,10%@1420,4%@1420,0%@1420,5%@1420] EMC_FREQ 0% GR3D_FREQ 0% AUX@43C CPU@44C thermal@43.3C AO@43C GPU@43C PMIC@50C
1791264359.306957 10-06-2026 14:25:59 RAM 1866/6833MB (lfb 141x4MB) SWAP 209/3417MB (cached 1MB) CPU [14%@1420,95%@1420,9%@1420,5%@1420,9%@1420,0%@1420] EMC_FREQ 0% GR3D_FREQ 0% AUX@43C CPU@44C thermal@43.3C AO@43C GPU@43C PMIC@50C
1791264359.510181 10-06-2026 14:25:59 RAM 1866/6833MB (lfb 141x4MB) SWAP 209/3417MB (cached 1MB) CPU [10%@1420,95%@1420,5%@1420,5%@1420,0%@1420,9%@1420] EMC_FREQ 0% GR3D_FREQ 0% AUX@43C CPU@44C thermal@43.3C AO@43C GPU@43C PMIC@50C
1791264359.713500 10-06-2026 14:25:59 RAM 1866/6833MB (lfb 141x4MB) SWAP 209/3417MB (cached 1MB) CPU [4%@1420,95%@1420,9%@1420,4%@1420,0%@1420,0%@1420] EMC_FREQ 0% GR3D_FREQ 0% AUX@43C CPU@44C thermal@43.3C AO@43.5C GPU@43C PMIC@50C
1791264359.917129 10-06-2026 14:25:59 RAM 1866/6833MB (lfb 141x4MB) SWAP 209/3417MB (cached 1MB) CPU [0%@1420,20%@1420,5%@1420,5%@1420,75%@1420,9%@1420] EMC_FREQ 0% GR3D_FREQ 0% AUX@43C CPU@44C thermal@43.3C AO@43C GPU@43.5C PMIC@50C
1791264360.120432 10-06-2026 14:26:00 RAM 1867/6833MB (lfb 141x4MB) SWAP 209/3417MB (cached 1MB) CPU [5%@1420,0%@1420,5%@1420,9%@1420,95%@1420,9%@1420] EMC_FREQ 0% GR3D_FREQ 0% AUX@43C CPU@44.5C thermal@43.45C AO@43C GPU@43C PMIC@50C
1791264360.323998 10-06-2026 14:26:00 RAM 1867/6833MB (lfb 141x4MB) SWAP 209/3417MB (cached 1MB) CPU [0%@1420,9%@1420,9%@1420,10%@1420,0%@1420,94%@1420] EMC_FREQ 0% GR3D_FREQ 0% AUX@43C CPU@44C thermal@43.45C AO@43C GPU@43C PMIC@50C
1791264360.527386 10-06-2026 14:26:00 RAM 1867/6833MB (lfb 141x4MB) SWAP 209/3417MB (cached 1MB) CPU [9%@1420,0%@1420,5%@1420,13%@1420,13%@1420,90%@1420] EMC_FREQ 0% GR3D_FREQ 0% AUX@43C CPU@44.5C thermal@43.45C AO@43C GPU@43.5C PMIC@50C
1791264360.730734 10-06-2026 14:26:00 RAM 1867/6833MB (lfb 141x4MB) SWAP 209/3417MB (cached 1MB) CPU [0%@1420,4%@1420,5%@1420,5%@1420,9%@1420,100%@1420] EMC_FREQ 0% GR3D_FREQ 0% AUX@43C CPU@44.5C thermal@43.45C AO@43C GPU@43C PMIC@50C
1791264360.934196 10-06-2026 14:26:00 RAM 1868/6833MB (lfb 141x4MB) SWAP 209/3417MB (cached 1MB) CPU [9%@1420,0%@1420,9%@1420,9%@1420,4%@1420,90%@1420] EMC_FREQ 0% GR3D_FREQ 0% AUX@43C CPU@44.5C thermal@43.45C AO@43C GPU@43.5C PMIC@50C
1791264361.139935 10-06-2026 14:26:01 RAM 1868/6833MB (lfb 141x4MB) SWAP 209/3417MB (cached 1MB) CPU [5%@1420,0%@1420,5%@1420,5%@1420,35%@1420,68%@1420] EMC_FREQ 0% GR3D_FREQ 0% AUX@43C CPU@44.5C thermal@43.45C AO@43C GPU@43.5C PMIC@50C
1791264361.340820 10-06-2026 14:26:01 RAM 1868/6833MB (lfb 141x4MB) SWAP 209/3417MB (cached 1MB) CPU [0%@1420,9%@1420,9%@1420,5%@1420,95%@1420,5%@1420] EMC_FREQ 0% GR3D_FREQ 0% AUX@43C CPU@44C thermal@43.45C AO@43C GPU@43C PMIC@50C
1791264361.545920 10-06-2026 14:26:01 RAM 1868/6833MB (lfb 141x4MB) SWAP 209/3417MB (cached 1MB) CPU [0%@1420,0%@1420,5%@1420,5%@1420,30%@1420,63%@1420] EMC_FREQ 0% GR3D_FREQ 0% AUX@43C CPU@44C thermal@43.45C AO@43C GPU@43C PMIC@50C
1791264361.747754 10-06-2026 14:26:01 RAM 1868/6833MB (lfb 141x4MB) SWAP 209/3417MB (cached 1MB) CPU [5%@1420,5%@1420,9%@1420,5%@1420,4%@1420,95%@1420] EMC_FREQ 0% GR3D_FREQ 0% AUX@43C CPU@44.5C thermal@43.45C AO@43C GPU@43.5C PMIC@50C
1791264361.951055 10-06-2026 14:26:01 RAM 1868/6833MB (lfb 141x4MB) SWAP 209/3417MB (cached 1MB) CPU [5%@1420,9%@1420,5%@1420,10%@1420,5%@1420,90%@1420] EMC_FREQ 0% GR3D_FREQ 0% AUX@43C CPU@44.5C thermal@43.45C AO@43C GPU@43.5C PMIC@50C
1791264362.154713 10-06-2026 14:26:02 RAM 1869/6833MB (lfb 141x4MB) SWAP 209/3417MB (cached 1MB) CPU [9%@1420,0%@1420,0%@1420,9%@1420,4%@1420,94%@1420] EMC_FREQ 0% GR3D_FREQ 0% AUX@43C CPU@44.5C thermal@43.45C AO@43C GPU@43C PMIC@50C
1791264362.358371 10-06-2026 14:26:02 RAM 1869/6833MB (lfb 141x4MB) SWAP 209/3417MB (cached 1MB) CPU [5%@1420,13%@1420,4%@1420,5%@1420,5%@1420,95%@1420] EMC_FREQ 0% GR3D_FREQ 0% AUX@43.5C CPU@44.5C thermal@43.8C AO@43C GPU@43.5C PMIC@50C
1791264362.561867 10-06-2026 14:26:02 RAM 1870/6833MB (lfb 141x4MB) SWAP 209/3417MB (cached 1MB) CPU [0%@1420,0%@1420,5%@1420,10%@1420,4%@1420,90%@1420] EMC_FREQ 0% GR3D_FREQ 0% AUX@43.5C CPU@44.5C thermal@43.8C AO@43C GPU@43.5C PMIC@50C
1791264362.765490 10-06-2026 14:26:02 RAM 1870/6833MB (lfb 141x4MB) SWAP 209/3417MB (cached 1MB) CPU [5%@1420,0%@1420,5%@1420,14%@1420,5%@1420,95%@1420] EMC_FREQ 0% GR3D_FREQ 0% AUX@43.5C CPU@44.5C thermal@43.8C AO@43.5C GPU@43.5C PMIC@50C
1791264362.969027 10-06-2026 14:26:02 RAM 1871/6833MB (lfb 141x4MB) SWAP 209/3417MB (cached 1MB) CPU [5%@1420,5%@1420,13%@1420,4%@1420,0%@1420,95%@1420] EMC_FREQ 0% GR3D_FREQ 0% AUX@43C CPU@44.5C thermal@43.8C AO@43.5C GPU@43.5C PMIC@50C
1791264363.172528 10-06-2026 14:26:03 RAM 1871/6833MB (lfb 141x4MB) SWAP 209/3417MB (cached 1MB) CPU [5%@1420,5%@1420,9%@1420,0%@1420,5%@1420,94%@1420] EMC_FREQ 0% GR3D_FREQ 0% AUX@43.5C CPU@44.5C thermal@43.8C AO@43.5C GPU@43.5C PMIC@50C
1791264363.377479 10-06-2026 14:26:03 RAM 1872/6833MB (lfb 141x4MB) SWAP 209/3417MB (cached 1MB) CPU [0%@1420,9%@1420,10%@1420,4%@1420,61%@1420,25%@1420] EMC_FREQ 0% GR3D_FREQ 0% AUX@43.5C CPU@44.5C thermal@43.6C AO@43.5C GPU@43.5C PMIC@50C
1791264363.579673 10-06-2026 14:26:03 RAM 1877/6833MB (lfb 141x4MB) SWAP 209/3417MB (cached 1MB) CPU [13%@1420,0%@1420,5%@1420,10%@1420,95%@1420,5%@1420] EMC_FREQ 0% GR3D_FREQ 0% AUX@43.5C CPU@44.5C thermal@43.6C AO@43.5C GPU@43.5C PMIC@50C
1791264363.783200 10-06-2026 14:26:03 RAM 1878/6833MB (lfb 141x4MB) SWAP 209/3417MB (cached 1MB) CPU [5%@1420,4%@1420,4%@1420,5%@1420,100%@1420,4%@1420] EMC_FREQ 0% GR3D_FREQ 0% AUX@43.5C CPU@44.5C thermal@43.6C AO@43C GPU@43.5C PMIC@50C
1791264363.986543 10-06-2026 14:26:03 RAM 1878/6833MB (lfb 141x4MB) SWAP 209/3417MB (cached 1MB) CPU [0%@1420,5%@1420,0%@1420,14%@1420,94%@1420,5%@1420] EMC_FREQ 0% GR3D_FREQ 0% AUX@43.5C CPU@44.5C thermal@43.6C AO@43.5C GPU@43.5C PMIC@50C
1791264364.190411 10-06-2026 14:26:04 RAM 1878/6833MB (lfb 141x4MB) SWAP 209/3417MB (cached 1MB) CPU [9%@1420,5%@1420,9%@1420,10%@1420,94%@1420,4%@1420] EMC_FREQ 0% GR3D_FREQ 0% AUX@43.5C CPU@44.5C thermal@43.6C AO@43.5C GPU@43.5C PMIC@50C
1791264364.393871 10-06-2026 14:26:04 RAM 1879/6833MB (lfb 141x4MB) SWAP 209/3417MB (cached 1MB) CPU [9%@1420,0%@1420,0%@1420,9%@1420,90%@1420,0%@1420] EMC_FREQ 0% GR3D_FREQ 0% AUX@43.5C CPU@44.5C thermal@43.6C AO@43.5C GPU@43.5C PMIC@50C
1791264364.597392 10-06-2026 14:26:04 RAM 1879/6833MB (lfb 141x4MB) SWAP 209/3417MB (cached 1MB) CPU [5%@1420,5%@1420,14%@1420,0%@1420,94%@1420,5%@1420] EMC_FREQ 0% GR3D_FREQ 0% AUX@43.5C CPU@44.5C thermal@43.8C AO@43.5C GPU@44C PMIC@50C
1791264364.800685 10-06-2026 14:26:04 RAM 1879/6833MB (lfb 141x4MB) SWAP 209/3417MB (cached 1MB) CPU [0%@1420,9%@1420,9%@1420,0%@1420,95%@1420,9%@1420] EMC_FREQ 0% GR3D_FREQ 0% AUX@43.5C CPU@44.5C thermal@43.8C AO@43.5C GPU@43.5C PMIC@50C
1791264365.004207 10-06-2026 14:26:05 RAM 1880/6833MB (lfb 141x4MB) SWAP 209/3417MB (cached 1MB) CPU [9%@1420,5%@1420,5%@1420,14%@1420,90%@1420,0%@1420] EMC_FREQ 0% GR3D_FREQ 0% AUX@43.5C CPU@44.5C thermal@43.8C AO@43.5C GPU@44C PMIC@50C
1791264365.207484 10-06-2026 14:26:05 RAM 1881/6833MB (lfb 141x4MB) SWAP 209/3417MB (cached 1MB) CPU [0%@1420,9%@1420,5%@1420,9%@1420,95%@1420,4%@1420] EMC_FREQ 0% GR3D_FREQ 0% AUX@43.5C CPU@44.5C thermal@43.8C AO@43.5C GPU@43.5C PMIC@50C
1791264365.410618 10-06-2026 14:26:05 RAM 1881/6833MB (lfb 141x4MB) SWAP 209/3417MB (cached 1MB) CPU [9%@1420,5%@1420,17%@1420,5%@1420,84%@1420,0%@1420] EMC_FREQ 0% GR3D_FREQ 0% AUX@43.5C CPU@44.5C thermal@43.8C AO@43.5C GPU@43.5C PMIC@50C
1791264365.613934 10-06-2026 14:26:05 RAM 1901/6833MB (lfb 141x4MB) SWAP 209/3417MB (cached 1MB) CPU [4%@1420,0%@1420,5%@1420,5%@1420,100%@1420,0%@1420] EMC_FREQ 0% GR3D_FREQ 0% AUX@43.5C CPU@44.5C thermal@43.8C AO@43.5C GPU@43.5C PMIC@50C
1791264365.817407 10-06-2026 14:26:05 RAM 1901/6833MB (lfb 141x4MB) SWAP 209/3417MB (cached 1MB) CPU [0%@1420,9%@1420,5%@1420,9%@1420,100%@1420,5%@1420] EMC_FREQ 0% GR3D_FREQ 0% AUX@43.5C CPU@44.5C thermal@43.8C AO@43.5C GPU@43.5C PMIC@50C
1791264366.021242 10-06-2026 14:26:06 RAM 1905/6833MB (lfb 141x4MB) SWAP 209/3417MB (cached 1MB) CPU [9%@1420,9%@1420,9%@1420,5%@1420,90%@1420,4%@1420] EMC_FREQ 0% GR3D_FREQ 0% AUX@43.5C CPU@44.5C thermal@43.8C AO@43.5C GPU@43.5C PMIC@50C
1791264366.224882 10-06-2026 14:26:06 RAM 1905/6833MB (lfb 141x4MB) SWAP 209/3417MB (cached 1MB) CPU [0%@1267,0%@1267,5%@1267,4%@1267,76%@1267,10%@1267] EMC_FREQ 0% GR3D_FREQ 0% AUX@44C CPU@44.5C thermal@43.8C AO@43.5C GPU@44C PMIC@50C
1791264366.428270 10-06-2026 14:26:06 RAM 1912/6833MB (lfb 141x4MB) SWAP 209/3417MB (cached 1MB) CPU [35%@1420,31%@1420,38%@1420,35%@1420,60%@1420,35%@1420] EMC_FREQ 0% GR3D_FREQ 0% AUX@44C CPU@45C thermal@43.8C AO@43.5C GPU@44C PMIC@50C
1791264366.631440 10-06-2026 14:26:06 RAM 1913/6833MB (lfb 141x4MB) SWAP 209/3417MB (cached 1MB) CPU [13%@1420,9%@1420,18%@1420,5%@1420,52%@1420,40%@1420] EMC_FREQ 0% GR3D_FREQ 0% AUX@43.5C CPU@44.5C thermal@43.8C AO@43.5C GPU@43.5C PMIC@50C
1791264366.834734 10-06-2026 14:26:06 RAM 1919/6833MB (lfb 141x4MB) SWAP 209/3417MB (cached 1MB) CPU [10%@1420,0%@1420,5%@1420,9%@1420,40%@1420,55%@1420] EMC_FREQ 0% GR3D_FREQ 0% AUX@43.5C CPU@44.5C thermal@43.95C AO@43.5C GPU@43.5C PMIC@50C
1791264367.038173 10-06-2026 14:26:07 RAM 1920/6833MB (lfb 141x4MB) SWAP 209/3417MB (cached 1MB) CPU [9%@1420,5%@1420,10%@1420,13%@1420,35%@1420,47%@1420] EMC_FREQ 0% GR3D_FREQ 0% AUX@44C CPU@44.5C thermal@43.95C AO@43.5C GPU@43.5C PMIC@50C
1791264367.241442 10-06-2026 14:26:07 RAM 1920/6833MB (lfb 141x4MB) SWAP 209/3417MB (cached 1MB) CPU [0%@1420,5%@1420,5%@1420,10%@1420,4%@1420,90%@1420] EMC_FREQ 0% GR3D_FREQ 0% AUX@43.5C CPU@44.5C thermal@43.95C AO@44C GPU@43.5C PMIC@50C
1791264367.444668 10-06-2026 14:26:07 RAM 1923/6833MB (lfb 141x4MB) SWAP 209/3417MB (cached 1MB) CPU [15%@1420,0%@1420,14%@1420,5%@1420,0%@1420,80%@1420] EMC_FREQ 0% GR3D_FREQ 0% AUX@43.5C CPU@44.5C thermal@43.95C AO@43.5C GPU@43.5C PMIC@50C
1791264367.648058 10-06-2026 14:26:07 RAM 1948/6833MB (lfb 141x4MB) SWAP 209/3417MB (cached 1MB) CPU [100%@1420,9%@1420,5%@1420,10%@1420,0%@1420,0%@1420] EMC_FREQ 0% GR3D_FREQ 0% AUX@43.5C CPU@44.5C thermal@43.95C AO@43.5C GPU@43.5C PMIC@50C
1791264367.851309 10-06-2026 14:26:07 RAM 1969/6833MB (lfb 141x4MB) SWAP 209/3417MB (cached 1MB) CPU [100%@1420,0%@1420,9%@1420,5%@1420,4%@1420,0%@1420] EMC_FREQ 0% GR3D_FREQ 0% AUX@43.5C CPU@44.5C thermal@43.8C AO@43.5C GPU@43.5C PMIC@50C
1791264368.055126 10-06-2026 14:26:08 RAM 2007/6833MB (lfb 141x4MB) SWAP 209/3417MB (cached 1MB) CPU [40%@1420,4%@1420,15%@1420,27%@1420,0%@1420,0%@1420] EMC_FREQ 0% GR3D_FREQ 0% AUX@43.5C CPU@45C thermal@43.8C AO@43.5C GPU@43.5C PMIC@50C
1791264368.258744 10-06-2026 14:26:08 RAM 2054/6833MB (lfb 141x4MB) SWAP 209/3417MB (cached 1MB) CPU [23%@1190,18%@1190,9%@1420,5%@1420,0%@1420,0%@1420] EMC_FREQ 0% GR3D_FREQ 0% AUX@43.5C CPU@45C thermal@43.8C AO@43.5C GPU@44C PMIC@50C
1791264368.462306 10-06-2026 14:26:08 RAM 2102/6833MB (lfb 141x4MB) SWAP 209/3417MB (cached 1MB) CPU [31%@1420,28%@1420,5%@1420,9%@1420,4%@1420,5%@1420] EMC_FREQ 0% GR3D_FREQ 0% AUX@43.5C CPU@45C thermal@43.8C AO@43.5C GPU@44C PMIC@50C
1791264368.665965 10-06-2026 14:26:08 RAM 2158/6833MB (lfb 141x4MB) SWAP 209/3417MB (cached 1MB) CPU [15%@1190,25%@1190,9%@1190,0%@1190,5%@1190,0%@1190] EMC_FREQ 0% GR3D_FREQ 0% AUX@44C CPU@44.5C thermal@43.8C AO@44C GPU@44C PMIC@50C
1791264368.869618 10-06-2026 14:26:08 RAM 2177/6833MB (lfb 141x4MB) SWAP 209/3417MB (cached 1MB) CPU [13%@1420,20%@1420,9%@1420,5%@1420,4%@1420,9%@1420] EMC_FREQ 0% GR3D_FREQ 0% AUX@44C CPU@45C thermal@43.8C AO@44C GPU@44C PMIC@50C
1791264369.073161 10-06-2026 14:26:09 RAM 2194/6833MB (lfb 141x4MB) SWAP 209/3417MB (cached 1MB) CPU [10%@1190,0%@1190,15%@1190,14%@1420,5%@1420,0%@1420] EMC_FREQ 0% GR3D_FREQ 0% AUX@43.5C CPU@45C thermal@43.8C AO@44C GPU@44C PMIC@50C
1791264369.277043 10-06-2026 14:26:09 RAM 2293/6833MB (lfb 137x4MB) SWAP 209/3417MB (cached 1MB) CPU [10%@1190,9%@1190,27%@1190,25%@1420,0%@1420,9%@1420] EMC_FREQ 0% GR3D_FREQ 0% AUX@43.5C CPU@45C thermal@43.8C AO@43.5C GPU@44C PMIC@50C
1791264369.480560 10-06-2026 14:26:09 RAM 2971/6833MB (lfb 15x4MB) SWAP 209/3417MB (cached 1MB) CPU [14%@1420,9%@1420,100%@1420,0%@1420,0%@1420,9%@1420] EMC_FREQ 0% GR3D_FREQ 0% AUX@44C CPU@45C thermal@43.8C AO@43.5C GPU@44C PMIC@50C
1791264369.683934 10-06-2026 14:26:09 RAM 2975/6833MB (lfb 15x4MB) SWAP 209/3417MB (cached 1MB) CPU [9%@1420,0%@1420,100%@1420,0%@1420,9%@1420,10%@1420] EMC_FREQ 0% GR3D_FREQ 0% AUX@43.5C CPU@45C thermal@43.8C AO@44C GPU@44C PMIC@50C
1791264369.887145 10-06-2026 14:26:09 RAM 2978/6833MB (lfb 15x4MB) SWAP 209/3417MB (cached 1MB) CPU [9%@1420,0%@1420,100%@1420,9%@1420,10%@1420,5%@1420] EMC_FREQ 0% GR3D_FREQ 0% AUX@43.5C CPU@45C thermal@43.8C AO@44C GPU@44C PMIC@50C
1791264370.090653 10-06-2026 14:26:10 RAM 2980/6833MB (lfb 15x4MB) SWAP 209/3417MB (cached 1MB) CPU [0%@1420,13%@1420,100%@1420,0%@1420,10%@1420,9%@1420] EMC_FREQ 0% GR3D_FREQ 0% AUX@44C CPU@45C thermal@44.3C AO@44C GPU@44C PMIC@50C
1791264370.294286 10-06-2026 14:26:10 RAM 2982/6833MB (lfb 15x4MB) SWAP 209/3417MB (cached 1MB) CPU [14%@1420,5%@1420,100%@1420,4%@1420,5%@1420,0%@1420] EMC_FREQ 0% GR3D_FREQ 0% AUX@44C CPU@45C thermal@44.3C AO@44C GPU@44C PMIC@50C
1791264370.498094 10-06-2026 14:26:10 RAM 3062/6833MB (lfb 15x4MB) SWAP 209/3417MB (cached 1MB) CPU [4%@1420,5%@1420,100%@1420,5%@1420,13%@1420,5%@1420] EMC_FREQ 0% GR3D_FREQ 0% AUX@44C CPU@45C thermal@44.3C AO@44C GPU@44C PMIC@50C
1791264370.701238 10-06-2026 14:26:10 RAM 3164/6833MB (lfb 6x4MB) SWAP 209/3417MB (cached 1MB) CPU [5%@1420,5%@1420,100%@1420,0%@1420,10%@1420,4%@1420] EMC_FREQ 0% GR3D_FREQ 0% AUX@44C CPU@45C thermal@44.3C AO@44C GPU@44C PMIC@50C
1791264370.904500 10-06-2026 14:26:10 RAM 3250/6833MB (lfb 149x1MB) SWAP 209/3417MB (cached 1MB) CPU [9%@1420,9%@1420,100%@1420,0%@1420,5%@1420,0%@1420] EMC_FREQ 0% GR3D_FREQ 0% AUX@44C CPU@45C thermal@44.3C AO@44C GPU@44C PMIC@50C
1791264371.107901 10-06-2026 14:26:11 RAM 3317/6833MB (lfb 149x1MB) SWAP 209/3417MB (cached 1MB) CPU [9%@1420,5%@1420,100%@1420,13%@1420,5%@1420,9%@1420] EMC_FREQ 0% GR3D_FREQ 0% AUX@44C CPU@45C thermal@44.3C AO@44C GPU@44C PMIC@50C
1791264371.311021 10-06-2026 14:26:11 RAM 3317/6833MB (lfb 149x1MB) SWAP 209/3417MB (cached 1MB) CPU [18%@1420,66%@1420,100%@1420,0%@1420,5%@1420,0%@1420] EMC_FREQ 0% GR3D_FREQ 0% AUX@44C CPU@45C thermal@44.45C AO@44C GPU@44C PMIC@50C
1791264371.514293 10-06-2026 14:26:11 RAM 2315/6833MB (lfb 126x4MB) SWAP 209/3417MB (cached 1MB) CPU [5%@1420,0%@1420,100%@1420,5%@1420,5%@1420,9%@1420] EMC_FREQ 0% GR3D_FREQ 0% AUX@44C CPU@45C thermal@44.45C AO@44C GPU@44C PMIC@50C
1791264371.717535 10-06-2026 14:26:11 RAM 2345/6833MB (lfb 126x4MB) SWAP 209/3417MB (cached 1MB) CPU [0%@1420,4%@1420,100%@1420,0%@1420,19%@1420,9%@1420] EMC_FREQ 0% GR3D_FREQ 0% AUX@44C CPU@45C thermal@44.45C AO@44C GPU@44C PMIC@50C
1791264371.920736 10-06-2026 14:26:11 RAM 2374/6833MB (lfb 126x4MB) SWAP 209/3417MB (cached 1MB) CPU [0%@1420,10%@1420,23%@1420,66%@1420,80%@1420,5%@1420] EMC_FREQ 0% GR3D_FREQ 0% AUX@44C CPU@45C thermal@44.45C AO@44C GPU@44C PMIC@50C
1791264372.124115 10-06-2026 14:26:12 RAM 2404/6833MB (lfb 126x4MB) SWAP 209/3417MB (cached 1MB) CPU [9%@1420,0%@1420,4%@1420,0%@1420,100%@1420,15%@1420] EMC_FREQ 0% GR3D_FREQ 0% AUX@44.5C CPU@45.5C thermal@44.45C AO@44C GPU@44C PMIC@50C
1791264372.327227 10-06-2026 14:26:12 RAM 2435/6833MB (lfb 126x4MB) SWAP 209/3417MB (cached 1MB) CPU [5%@1420,9%@1420,5%@1420,0%@1420,100%@1420,13%@1420] EMC_FREQ 0% GR3D_FREQ 0% AUX@44C CPU@45C thermal@44.45C AO@44C GPU@44C PMIC@50C
1791264372.530519 10-06-2026 14:26:12 RAM 2464/6833MB (lfb 126x4MB) SWAP 209/3417MB (cached 1MB) CPU [5%@1420,10%@1420,0%@1420,0%@1420,100%@1420,10%@1420] EMC_FREQ 0% GR3D_FREQ 0% AUX@44C CPU@45C thermal@44.45C AO@44C GPU@44C PMIC@50C
1791264372.733793 10-06-2026 14:26:12 RAM 2496/6833MB (lfb 126x4MB) SWAP 209/3417MB (cached 1MB) CPU [9%@1420,5%@1420,0%@1420,4%@1420,100%@1420,5%@1420] EMC_FREQ 0% GR3D_FREQ 0% AUX@44C CPU@45C thermal@44.45C AO@44C GPU@44.5C PMIC@50C
1791264372.937015 10-06-2026 14:26:12 RAM 2524/6833MB (lfb 126x4MB) SWAP 209/3417MB (cached 1MB) CPU [5%@1420,5%@1420,0%@1420,5%@1420,100%@1420,5%@1420] EMC_FREQ 0% GR3D_FREQ 0% AUX@44C CPU@45.5C thermal@44.45C AO@44C GPU@44C PMIC@50C
1791264373.140258 10-06-2026 14:26:13 RAM 2555/6833MB (lfb 126x4MB) SWAP 209/3417MB (cached 1MB) CPU [5%@1420,9%@1420,5%@1420,0%@1420,100%@1420,5%@1420] EMC_FREQ 0% GR3D_FREQ 0% AUX@44.5C CPU@45C thermal@44.45C AO@44C GPU@44C PMIC@50C
1791264373.343452 10-06-2026 14:26:13 RAM 2584/6833MB (lfb 126x4MB) SWAP 209/3417MB (cached 1MB) CPU [14%@1420,10%@1420,0%@1420,5%@1420,100%@1420,0%@1420] EMC_FREQ 0% GR3D_FREQ 0% AUX@44C CPU@45.5C thermal@44.45C AO@44C GPU@44.5C PMIC@50C
1791264373.546563 10-06-2026 14:26:13 RAM 2614/6833MB (lfb 126x4MB) SWAP 209/3417MB (cached 1MB) CPU [5%@1420,5%@1420,0%@1420,9%@1420,100%@1420,5%@1420] EMC_FREQ 0% GR3D_FREQ 0% AUX@44C CPU@45.5C thermal@44.3C AO@44C GPU@44C PMIC@50C
1791264373.749850 10-06-2026 14:26:13 RAM 2644/6833MB (lfb 126x4MB) SWAP 209/3417MB (cached 1MB) CPU [9%@1420,9%@1420,10%@1420,5%@1420,100%@1420,4%@1420] EMC_FREQ 0% GR3D_FREQ 0% AUX@44C CPU@45.5C thermal@44.3C AO@44.5C GPU@44.5C PMIC@50C
1791264373.954593 10-06-2026 14:26:13 RAM 2671/6833MB (lfb 126x4MB) SWAP 209/3417MB (cached 1MB) CPU [5%@1420,9%@1420,5%@1420,9%@1420,100%@1420,0%@1420] EMC_FREQ 0% GR3D_FREQ 0% AUX@44.5C CPU@45.5C thermal@44.3C AO@44.5C GPU@44.5C PMIC@50C
1791264374.157779 10-06-2026 14:26:14 RAM 2700/6833MB (lfb 126x4MB) SWAP 209/3417MB (cached 1MB) CPU [5%@1420,0%@1420,9%@1420,5%@1420,100%@1420,0%@1420] EMC_FREQ 0% GR3D_FREQ 0% AUX@44.5C CPU@45.5C thermal@44.3C AO@44C GPU@44.5C PMIC@50C
1791264374.360953 10-06-2026 14:26:14 RAM 2729/6833MB (lfb 126x4MB) SWAP 209/3417MB (cached 1MB) CPU [9%@1420,5%@1420,5%@1420,14%@1420,100%@1420,0%@1420] EMC_FREQ 0% GR3D_FREQ 0% AUX@44.5C CPU@45C thermal@44.3C AO@44C GPU@44.5C PMIC@50C
1791264374.564315 10-06-2026 14:26:14 RAM 2755/6833MB (lfb 126x4MB) SWAP 209/3417MB (cached 1MB) CPU [9%@1420,0%@1420,0%@1420,5%@1420,100%@1420,5%@1420] EMC_FREQ 0% GR3D_FREQ 0% AUX@44C CPU@45C thermal@44.65C AO@44C GPU@44.5C PMIC@50C
1791264374.767404 10-06-2026 14:26:14 RAM 2782/6833MB (lfb 126x4MB) SWAP 209/3417MB (cached 1MB) CPU [5%@1420,10%@1420,0%@1420,5%@1420,100%@1420,0%@1420] EMC_FREQ 0% GR3D_FREQ 0% AUX@44.5C CPU@45.5C thermal@44.65C AO@44.5C GPU@44.5C PMIC@50C
1791264374.970712 10-06-2026 14:26:14 RAM 2870/6833MB (lfb 115x4MB) SWAP 209/3417MB (cached 1MB) CPU [5%@1420,9%@1420,5%@1420,10%@1420,100%@1420,9%@1420] EMC_FREQ 0% GR3D_FREQ 0% AUX@44.5C CPU@45.5C thermal@44.65C AO@44.5C GPU@44.5C PMIC@50C
1791264375.173899 10-06-2026 14:26:15 RAM 2886/6833MB (lfb 111x4MB) SWAP 209/3417MB (cached 1MB) CPU [14%@1420,14%@1420,9%@1420,5%@1420,100%@1420,0%@1420] EMC_FREQ 0% GR3D_FREQ 0% AUX@44.5C CPU@45.5C thermal@44.65C AO@44.5C GPU@44.5C PMIC@50C
1791264375.377291 10-06-2026 14:26:15 RAM 2886/6833MB (lfb 111x4MB) SWAP 209/3417MB (cached 1MB) CPU [9%@1420,9%@1420,5%@1420,0%@1420,100%@1420,13%@1420] EMC_FREQ 0% GR3D_FREQ 0% AUX@44.5C CPU@45.5C thermal@44.65C AO@44C GPU@44.5C PMIC@50C
1791264375.580732 10-06-2026 14:26:15 RAM 2886/6833MB (lfb 111x4MB) SWAP 209/3417MB (cached 1MB) CPU [5%@1420,9%@1420,5%@1420,14%@1420,100%@1420,0%@1420] EMC_FREQ 0% GR3D_FREQ 0% AUX@44.5C CPU@45.5C thermal@44.65C AO@44C GPU@44.5C PMIC@50C
1791264375.784149 10-06-2026 14:26:15 RAM 2886/6833MB (lfb 111x4MB) SWAP 209/3417MB (cached 1MB) CPU [5%@1420,0%@1420,4%@1420,10%@1420,100%@1420,0%@1420] EMC_FREQ 0% GR3D_FREQ 0% AUX@44C CPU@45.5C thermal@44.8C AO@44C GPU@44.5C PMIC@50C
1791264375.987534 10-06-2026 14:26:15 RAM 2886/6833MB (lfb 111x4MB) SWAP 209/3417MB (cached 1MB) CPU [5%@1420,5%@1420,5%@1420,14%@1420,100%@1420,4%@1420] EMC_FREQ 0% GR3D_FREQ 0% AUX@44.5C CPU@45.5C thermal@44.8C AO@44.5C GPU@44.5C PMIC@50C
1791264376.190820 10-06-2026 14:26:16 RAM 2886/6833MB (lfb 111x4MB) SWAP 209/3417MB (cached 1MB) CPU [13%@1420,5%@1420,9%@1420,10%@1420,100%@1420,0%@1420] EMC_FREQ 0% GR3D_FREQ 0% AUX@44.5C CPU@45.5C thermal@44.8C AO@44C GPU@44.5C PMIC@50C
1791264376.394245 10-06-2026 14:26:16 RAM 2886/6833MB (lfb 111x4MB) SWAP 209/3417MB (cached 1MB) CPU [5%@1420,4%@1420,0%@1420,9%@1420,100%@1420,0%@1420] EMC_FREQ 0% GR3D_FREQ 0% AUX@44.5C CPU@45.5C thermal@44.8C AO@44.5C GPU@44.5C PMIC@50C
1791264376.597775 10-06-2026 14:26:16 RAM 2886/6833MB (lfb 111x4MB) SWAP 209/3417MB (cached 1MB) CPU [10%@1420,5%@1420,13%@1420,0%@1420,100%@1420,9%@1420] EMC_FREQ 0% GR3D_FREQ 0% AUX@44.5C CPU@45.5C thermal@44.8C AO@44C GPU@44.5C PMIC@50C
1791264376.801507 10-06-2026 14:26:16 RAM 2886/6833MB (lfb 111x4MB) SWAP 209/3417MB (cached 1MB) CPU [5%@1420,9%@1420,5%@1420,9%@1420,100%@1420,4%@1420] EMC_FREQ 0% GR3D_FREQ 0% AUX@44.5C CPU@45.5C thermal@44.8C AO@44.5C GPU@44.5C PMIC@50C
1791264377.004686 10-06-2026 14:26:17 RAM 2886/6833MB (lfb 111x4MB) SWAP 209/3417MB (cached 1MB) CPU [5%@1420,9%@1420,9%@1420,0%@1420,100%@1420,0%@1420] EMC_FREQ 0% GR3D_FREQ 0% AUX@44.5C CPU@45.5C thermal@44.8C AO@44.5C GPU@44.5C PMIC@50C
1791264377.208069 10-06-2026 14:26:17 RAM 2886/6833MB (lfb 111x4MB) SWAP 209/3417MB (cached 1MB) CPU [0%@1420,5%@1420,5%@1420,66%@1420,100%@1420,0%@1420] EMC_FREQ 0% GR3D_FREQ 0% AUX@44.5C CPU@45.5C thermal@44.8C AO@44.5C GPU@44.5C PMIC@50C
1791264377.411137 10-06-2026 14:26:17 RAM 2886/6833MB (lfb 111x4MB) SWAP 209/3417MB (cached 1MB) CPU [10%@1420,5%@1420,4%@1420,5%@1420,100%@1420,0%@1420] EMC_FREQ 0% GR3D_FREQ 0% AUX@44.5C CPU@45.5C thermal@44.8C AO@44.5C GPU@44.5C PMIC@50C
1791264377.614397 10-06-2026 14:26:17 RAM 2886/6833MB (lfb 111x4MB) SWAP 209/3417MB (cached 1MB) CPU [0%@1420,9%@1420,9%@1420,5%@1420,100%@1420,0%@1420] EMC_FREQ 0% GR3D_FREQ 0% AUX@44.5C CPU@45.5C thermal@44.8C AO@44.5C GPU@44.5C PMIC@50C
1791264377.818496 10-06-2026 14:26:17 RAM 2887/6833MB (lfb 111x4MB) SWAP 209/3417MB (cached 1MB) CPU [23%@1420,15%@1420,15%@1420,23%@1420,100%@1420,19%@1420] EMC_FREQ 0% GR3D_FREQ 0% AUX@44.5C CPU@46C thermal@44.8C AO@44.5C GPU@44.5C PMIC@50C
1791264378.021568 10-06-2026 14:26:18 RAM 2896/6833MB (lfb 111x4MB) SWAP 209/3417MB (cached 1MB) CPU [28%@1420,25%@1420,23%@1420,28%@1420,90%@1420,21%@1420] EMC_FREQ 0% GR3D_FREQ 11% AUX@44.5C CPU@46C thermal@44.95C AO@44.5C GPU@44.5C PMIC@50C
1791264378.224848 10-06-2026 14:26:18 RAM 2922/6833MB (lfb 109x4MB) SWAP 209/3417MB (cached 1MB) CPU [10%@1420,14%@1420,5%@1420,13%@1420,95%@1420,4%@1420] EMC_FREQ 0% GR3D_FREQ 22% AUX@44.5C CPU@46C thermal@44.95C AO@44.5C GPU@44.5C PMIC@50C
1791264378.428075 10-06-2026 14:26:18 RAM 2950/6833MB (lfb 107x4MB) SWAP 209/3417MB (cached 1MB) CPU [5%@1420,9%@1420,5%@1420,5%@1420,90%@1420,4%@1420] EMC_FREQ 0% GR3D_FREQ 15% AUX@44.5C CPU@45.5C thermal@44.95C AO@44.5C GPU@44.5C PMIC@50C
1791264378.631314 10-06-2026 14:26:18 RAM 2981/6833MB (lfb 103x4MB) SWAP 209/3417MB (cached 1MB) CPU [0%@1420,5%@1420,0%@1420,0%@1420,94%@1420,0%@1420] EMC_FREQ 0% GR3D_FREQ 16% AUX@44.5C CPU@45.5C thermal@44.95C AO@44.5C GPU@44.5C PMIC@50C
1791264378.834661 10-06-2026 14:26:18 RAM 3011/6833MB (lfb 102x4MB) SWAP 209/3417MB (cached 1MB) CPU [9%@1420,5%@1420,0%@1420,14%@1420,95%@1420,5%@1420] EMC_FREQ 0% GR3D_FREQ 7% AUX@45C CPU@45.5C thermal@44.95C AO@44.5C GPU@44.5C PMIC@50C
1791264379.037852 10-06-2026 14:26:19 RAM 3049/6833MB (lfb 97x4MB) SWAP 209/3417MB (cached 1MB) CPU [5%@1420,5%@1420,14%@1420,5%@1420,100%@1420,0%@1420] EMC_FREQ 0% GR3D_FREQ 2% AUX@44.5C CPU@45.5C thermal@45C AO@44.5C GPU@45C PMIC@50C
1791264379.241090 10-06-2026 14:26:19 RAM 3088/6833MB (lfb 91x4MB) SWAP 209/3417MB (cached 1MB) CPU [13%@1420,5%@1420,10%@1420,4%@1420,95%@1420,4%@1420] EMC_FREQ 0% GR3D_FREQ 0% AUX@44.5C CPU@46C thermal@45C AO@44.5C GPU@45C PMIC@50C
1791264379.444396 10-06-2026 14:26:19 RAM 3105/6833MB (lfb 90x4MB) SWAP 209/3417MB (cached 1MB) CPU [5%@1420,4%@1420,10%@1420,0%@1420,100%@1420,0%@1420] EMC_FREQ 0% GR3D_FREQ 0% AUX@44.5C CPU@45.5C thermal@45C AO@44.5C GPU@44.5C PMIC@50C
1791264379.648066 10-06-2026 14:26:19 RAM 3136/6833MB (lfb 86x4MB) SWAP 209/3417MB (cached 1MB) CPU [9%@1420,0%@1420,9%@1420,5%@1420,94%@1420,0%@1420] EMC_FREQ 0% GR3D_FREQ 9% AUX@44.5C CPU@45.5C thermal@45C AO@44.5C GPU@44.5C PMIC@50C
1791264379.851209 10-06-2026 14:26:19 RAM 3178/6833MB (lfb 78x4MB) SWAP 209/3417MB (cached 1MB) CPU [9%@1420,0%@1420,5%@1420,5%@1420,95%@1420,0%@1420] EMC_FREQ 0% GR3D_FREQ 3% AUX@45C CPU@45.5C thermal@45C AO@44.5C GPU@45C PMIC@50C
1791264380.054869 10-06-2026 14:26:20 RAM 3211/6833MB (lfb 73x4MB) SWAP 209/3417MB (cached 1MB) CPU [5%@1420,5%@1420,9%@1420,13%@1420,0%@1420,95%@1420] EMC_FREQ 0% GR3D_FREQ 7% AUX@44.5C CPU@45.5C thermal@45C AO@45C GPU@44.5C PMIC@50C
1791264380.258212 10-06-2026 14:26:20 RAM 3230/6833MB (lfb 71x4MB) SWAP 209/3417MB (cached 1MB) CPU [10%@1420,0%@1420,0%@1420,13%@1420,0%@1420,89%@1420] EMC_FREQ 0% GR3D_FREQ 22% AUX@45C CPU@46C thermal@45.3C AO@44.5C GPU@44.5C PMIC@50C
1791264380.461521 10-06-2026 14:26:20 RAM 3271/6833MB (lfb 65x4MB) SWAP 209/3417MB (cached 1MB) CPU [19%@1420,9%@1420,0%@1420,0%@1420,4%@1420,100%@1420] EMC_FREQ 0% GR3D_FREQ 7% AUX@45C CPU@46C thermal@45.3C AO@44.5C GPU@44.5C PMIC@50C
1791264380.664902 10-06-2026 14:26:20 RAM 3307/6833MB (lfb 59x4MB) SWAP 209/3417MB (cached 1MB) CPU [5%@1420,10%@1420,5%@1420,9%@1420,0%@1420,94%@1420] EMC_FREQ 0% GR3D_FREQ 0% AUX@44.5C CPU@46C thermal@45.3C AO@44.5C GPU@45C PMIC@50C
1791264380.868252 10-06-2026 14:26:20 RAM 3331/6833MB (lfb 57x4MB) SWAP 209/3417MB (cached 1MB) CPU [0%@1420,10%@1420,9%@1420,0%@1420,0%@1420,95%@1420] EMC_FREQ 0% GR3D_FREQ 7% AUX@44.5C CPU@46C thermal@45.3C AO@45C GPU@45C PMIC@50C
1791264381.071412 10-06-2026 14:26:21 RAM 3403/6833MB (lfb 41x4MB) SWAP 209/3417MB (cached 1MB) CPU [14%@1420,4%@1420,9%@1420,5%@1420,0%@1420,95%@1420] EMC_FREQ 0% GR3D_FREQ 0% AUX@44.5C CPU@46C thermal@45.3C AO@45C GPU@45C PMIC@50C
1791264381.274945 10-06-2026 14:26:21 RAM 3404/6833MB (lfb 42x4MB) SWAP 209/3417MB (cached 1MB) CPU [9%@1420,10%@1420,4%@1420,9%@1420,0%@1420,94%@1420] EMC_FREQ 0% GR3D_FREQ 7% AUX@45C CPU@46C thermal@45.3C AO@45C GPU@45C PMIC@50C
1791264381.478558 10-06-2026 14:26:21 RAM 3341/6833MB (lfb 40x4MB) SWAP 209/3417MB (cached 1MB) CPU [20%@1420,0%@1420,5%@1420,36%@1420,23%@1420,33%@1420] EMC_FREQ 0% GR3D_FREQ 78% AUX@45C CPU@45.5C thermal@45.3C AO@45C GPU@45C PMIC@50C
1791264381.682639 10-06-2026 14:26:21 RAM 3235/6833MB (lfb 40x4MB) SWAP 209/3417MB (cached 1MB) CPU [15%@1190,5%@1190,5%@1190,30%@1190,36%@1190,0%@1190] EMC_FREQ 0% GR3D_FREQ 70% AUX@45C CPU@46C thermal@45.3C AO@44.5C GPU@45C PMIC@50C
1791264381.885979 10-06-2026 14:26:21 RAM 3215/6833MB (lfb 40x4MB) SWAP 209/3417MB (cached 1MB) CPU [19%@1420,10%@1420,0%@1420,0%@1420,47%@1420,18%@1420] EMC_FREQ 0% GR3D_FREQ 58% AUX@45C CPU@46C thermal@45.3C AO@45C GPU@45C PMIC@50C
1791264382.089198 10-06-2026 14:26:22 RAM 3370/6833MB (lfb 40x4MB) SWAP 209/3417MB (cached 1MB) CPU [0%@1420,10%@1420,0%@1420,0%@1420,71%@1420,5%@1420] EMC_FREQ 0% GR3D_FREQ 33% AUX@45C CPU@46C thermal@45.3C AO@45C GPU@45C PMIC@50C
1791264382.292818 10-06-2026 14:26:22 RAM 3324/6833MB (lfb 61x4MB) SWAP 209/3417MB (cached 1MB) CPU [14%@1420,13%@1420,5%@1420,5%@1420,88%@1420,4%@1420] EMC_FREQ 0% GR3D_FREQ 22% AUX@45C CPU@46C thermal@45.3C AO@45C GPU@45C PMIC@50C
1791264382.496145 10-06-2026 14:26:22 RAM 3324/6833MB (lfb 61x4MB) SWAP 209/3417MB (cached 1MB) CPU [10%@1420,5%@1420,0%@1420,63%@1420,18%@1420,23%@1420] EMC_FREQ 0% GR3D_FREQ 0% AUX@45C CPU@46C thermal@45.3C AO@45C GPU@45C PMIC@50C
1791264382.699411 10-06-2026 14:26:22 RAM 3324/6833MB (lfb 61x4MB) SWAP 209/3417MB (cached 1MB) CPU [0%@1420,0%@1420,5%@1420,9%@1420,5%@1420,75%@1420] EMC_FREQ 0% GR3D_FREQ 0% AUX@45C CPU@46C thermal@45.3C AO@45C GPU@44.5C PMIC@50C
1791264382.902666 10-06-2026 14:26:22 RAM 3324/6833MB (lfb 61x4MB) SWAP 209/3417MB (cached 1MB) CPU [5%@1190,5%@1420,0%@1420,0%@1420,13%@1420,15%@1420] EMC_FREQ 0% GR3D_FREQ 0% AUX@45C CPU@46C thermal@45.3C AO@45C GPU@45C PMIC@50C
1791264383.105974 10-06-2026 14:26:23 RAM 3323/6833MB (lfb 61x4MB) SWAP 209/3417MB (cached 1MB) CPU [4%@1190,9%@1190,9%@1420,5%@1420,14%@1420,10%@1420] EMC_FREQ 0% GR3D_FREQ 0% AUX@45C CPU@46C thermal@45.3C AO@45C GPU@45C PMIC@50C
1791264383.309731 10-06-2026 14:26:23 RAM 3324/6833MB (lfb 61x4MB) SWAP 209/3417MB (cached 1MB) CPU [10%@1190,5%@1190,5%@1190,0%@1190,10%@1420,10%@1420] EMC_FREQ 0% GR3D_FREQ 0% AUX@45C CPU@46C thermal@45.3C AO@44.5C GPU@45C PMIC@50C
1791264383.513271 10-06-2026 14:26:23 RAM 3324/6833MB (lfb 61x4MB) SWAP 209/3417MB (cached 1MB) CPU [28%@1190,5%@1190,4%@1190,4%@1190,4%@1190,14%@1190] EMC_FREQ 0% GR3D_FREQ 0% AUX@45C CPU@46C thermal@45.3C AO@45C GPU@45C PMIC@50C
1791264383.719215 10-06-2026 14:26:23 RAM 3330/6833MB (lfb 61x4MB) SWAP 209/3417MB (cached 1MB) CPU [57%@1420,27%@1420,0%@1420,0%@1420,0%@1420,5%@1420] EMC_FREQ 0% GR3D_FREQ 0% AUX@45C CPU@46C thermal@45.3C AO@45C GPU@45C PMIC@50C
1791264383.922855 10-06-2026 14:26:23 RAM 3355/6833MB (lfb 61x4MB) SWAP 209/3417MB (cached 1MB) CPU [5%@1420,78%@1420,4%@1420,9%@1420,5%@1420,5%@1420] EMC_FREQ 0% GR3D_FREQ 0% AUX@45C CPU@46C thermal@45.3C AO@44.5C GPU@45C PMIC@50C
1791264384.126307 10-06-2026 14:26:24 RAM 3379/6833MB (lfb 61x4MB) SWAP 209/3417MB (cached 1MB) CPU [20%@1420,5%@1420,50%@1420,5%@1420,9%@1420,5%@1420] EMC_FREQ 0% GR3D_FREQ 0% AUX@45C CPU@46C thermal@45.3C AO@45C GPU@45C PMIC@50C
1791264384.329590 10-06-2026 14:26:24 RAM 3391/6833MB (lfb 61x4MB) SWAP 209/3417MB (cached 1MB) CPU [4%@1420,4%@1420,90%@1420,14%@1420,5%@1420,0%@1420] EMC_FREQ 0% GR3D_FREQ 0% AUX@45C CPU@46C thermal@45.3C AO@45C GPU@45C PMIC@50C
1791264384.533003 10-06-2026 14:26:24 RAM 3433/6833MB (lfb 61x4MB) SWAP 209/3417MB (cached 1MB) CPU [10%@1420,4%@1420,4%@1420,94%@1420,5%@1420,10%@1420] EMC_FREQ 0% GR3D_FREQ 0% AUX@45C CPU@46C thermal@45.3C AO@45C GPU@45C PMIC@50C
1791264384.737166 10-06-2026 14:26:24 RAM 3448/6833MB (lfb 61x4MB) SWAP 209/3417MB (cached 1MB) CPU [0%@1190,0%@1190,0%@1190,65%@1190,9%@1190,5%@1190] EMC_FREQ 0% GR3D_FREQ 0% AUX@45C CPU@46C thermal@45.3C AO@45C GPU@45C PMIC@50C
1791264384.940941 10-06-2026 14:26:24 RAM 3476/6833MB (lfb 61x4MB) SWAP 209/3417MB (cached 1MB) CPU [0%@1420,0%@1420,22%@1420,23%@1420,15%@1420,13%@1420] EMC_FREQ 0% GR3D_FREQ 0% AUX@45C CPU@46C thermal@45.3C AO@45C GPU@45C PMIC@50C
1791264385.144430 10-06-2026 14:26:25 RAM 3498/6833MB (lfb 61x4MB) SWAP 209/3417MB (cached 1MB) CPU [13%@1190,4%@1420,11%@1420,11%@1420,10%@1420,5%@1420] EMC_FREQ 0% GR3D_FREQ 0% AUX@45C CPU@46C thermal@45.3C AO@45C GPU@45C PMIC@50C
1791264385.347907 10-06-2026 14:26:25 RAM 3508/6833MB (lfb 61x4MB) SWAP 209/3417MB (cached 1MB) CPU [4%@1190,0%@1190,10%@1420,5%@1420,14%@1420,5%@1420] EMC_FREQ 0% GR3D_FREQ 0% AUX@45C CPU@46C thermal@45.3C AO@45C GPU@45C PMIC@50C
1791264385.551173 10-06-2026 14:26:25 RAM 3517/6833MB (lfb 61x4MB) SWAP 209/3417MB (cached 1MB) CPU [5%@1190,9%@1190,4%@1190,20%@1190,10%@1190,14%@1420] EMC_FREQ 0% GR3D_FREQ 0% AUX@45C CPU@46C thermal@45.3C AO@45C GPU@45C PMIC@50C
1791264385.754788 10-06-2026 14:26:25 RAM 3529/6833MB (lfb 61x4MB) SWAP 209/3417MB (cached 1MB) CPU [14%@1190,5%@1190,19%@1190,9%@1190,10%@1190,5%@1190] EMC_FREQ 0% GR3D_FREQ 0% AUX@45C CPU@46C thermal@45.3C AO@45C GPU@45C PMIC@50C
1791264385.958392 10-06-2026 14:26:25 RAM 3555/6833MB (lfb 61x4MB) SWAP 209/3417MB (cached 1MB) CPU [5%@1190,5%@1420,5%@1420,15%@1420,5%@1420,5%@1420] EMC_FREQ 0% GR3D_FREQ 0% AUX@45C CPU@46C thermal@45.3C AO@45C GPU@45C PMIC@50C
1791264386.162333 10-06-2026 14:26:26 RAM 3583/6833MB (lfb 61x4MB) SWAP 209/3417MB (cached 1MB) CPU [14%@1190,4%@1190,5%@1190,14%@1190,9%@1190,0%@1190] EMC_FREQ 0% GR3D_FREQ 0% AUX@45C CPU@46C thermal@45.3C AO@45C GPU@45C PMIC@50C
1791264386.365905 10-06-2026 14:26:26 RAM 3637/6833MB (lfb 47x4MB) SWAP 209/3417MB (cached 1MB) CPU [9%@1420,10%@1420,5%@1420,45%@1420,0%@1420,5%@1420] EMC_FREQ 0% GR3D_FREQ 0% AUX@45C CPU@46C thermal@45.3C AO@45.5C GPU@45C PMIC@50C
1791264386.569364 10-06-2026 14:26:26 RAM 3637/6833MB (lfb 47x4MB) SWAP 209/3417MB (cached 1MB) CPU [14%@1420,5%@1420,60%@1420,26%@1420,0%@1420,17%@1420] EMC_FREQ 0% GR3D_FREQ 54% AUX@45C CPU@46.5C thermal@45.3C AO@45C GPU@45C PMIC@50C
1791264386.772731 10-06-2026 14:26:26 RAM 3637/6833MB (lfb 47x4MB) SWAP 209/3417MB (cached 1MB) CPU [0%@1420,5%@1420,90%@1420,0%@1420,19%@1420,0%@1420] EMC_FREQ 0% GR3D_FREQ 0% AUX@45C CPU@46C thermal@45.3C AO@45C GPU@45C PMIC@50C
1791264386.976109 10-06-2026 14:26:26 RAM 3325/6833MB (lfb 59x4MB) SWAP 209/3417MB (cached 1MB) CPU [9%@1420,5%@1420,100%@1420,0%@1420,14%@1420,0%@1420] EMC_FREQ 0% GR3D_FREQ 0% AUX@45C CPU@46.5C thermal@45.3C AO@45C GPU@45C PMIC@50C
1791264387.180338 10-06-2026 14:26:27 RAM 3323/6833MB (lfb 59x4MB) SWAP 209/3417MB (cached 1MB) CPU [20%@1420,9%@1420,95%@1420,4%@1420,60%@1420,10%@1420] EMC_FREQ 0% GR3D_FREQ 0% AUX@45C CPU@46.5C thermal@45.3C AO@45C GPU@45C PMIC@50C
1791264387.384097 10-06-2026 14:26:27 RAM 3325/6833MB (lfb 59x4MB) SWAP 209/3417MB (cached 1MB) CPU [17%@1420,4%@1420,36%@1420,10%@1420,5%@1420,18%@1420] EMC_FREQ 0% GR3D_FREQ 0% AUX@45C CPU@46C thermal@45.3C AO@45.5C GPU@45C PMIC@50C
1791264387.587221 10-06-2026 14:26:27 RAM 3327/6833MB (lfb 59x4MB) SWAP 209/3417MB (cached 1MB) CPU [5%@1420,0%@1420,94%@1420,0%@1420,9%@1420,5%@1420] EMC_FREQ 0% GR3D_FREQ 0% AUX@45.5C CPU@46C thermal@45.3C AO@45C GPU@45C PMIC@50C
1791264387.790578 10-06-2026 14:26:27 RAM 3327/6833MB (lfb 59x4MB) SWAP 209/3417MB (cached 1MB) CPU [0%@1420,5%@1420,57%@1420,35%@1420,0%@1420,13%@1420] EMC_FREQ 0% GR3D_FREQ 0% AUX@45C CPU@46.5C thermal@45.3C AO@45C GPU@45C PMIC@50C
1791264387.993807 10-06-2026 14:26:27 RAM 3326/6833MB (lfb 59x4MB) SWAP 209/3417MB (cached 1MB) CPU [10%@1420,10%@1420,18%@1420,78%@1420,9%@1420,0%@1420] EMC_FREQ 0% GR3D_FREQ 0% AUX@45C CPU@46.5C thermal@45.45C AO@45C GPU@45C PMIC@50C
1791264388.197160 10-06-2026 14:26:28 RAM 3326/6833MB (lfb 59x4MB) SWAP 209/3417MB (cached 1MB) CPU [5%@1420,9%@1420,84%@1420,15%@1420,10%@1420,5%@1420] EMC_FREQ 0% GR3D_FREQ 0% AUX@45C CPU@46.5C thermal@45.45C AO@45C GPU@45C PMIC@50C
1791264388.400494 10-06-2026 14:26:28 RAM 3325/6833MB (lfb 59x4MB) SWAP 209/3417MB (cached 1MB) CPU [9%@1420,5%@1420,0%@1420,84%@1420,10%@1420,5%@1420] EMC_FREQ 0% GR3D_FREQ 0% AUX@45C CPU@46C thermal@45.45C AO@45.5C GPU@45C PMIC@50C
1791264388.603687 10-06-2026 14:26:28 RAM 3325/6833MB (lfb 59x4MB) SWAP 209/3417MB (cached 1MB) CPU [0%@1420,0%@1420,84%@1420,4%@1420,4%@1420,10%@1420] EMC_FREQ 0% GR3D_FREQ 0% AUX@45C CPU@46.5C thermal@45.45C AO@45.5C GPU@45C PMIC@50C
1791264388.807037 10-06-2026 14:26:28 RAM 3325/6833MB (lfb 59x4MB) SWAP 209/3417MB (cached 1MB) CPU [9%@1420,4%@1420,77%@1420,0%@1420,0%@1420,18%@1420] EMC_FREQ 0% GR3D_FREQ 0% AUX@45.5C CPU@46.5C thermal@45.45C AO@45.5C GPU@45.5C PMIC@50C
1791264389.010401 10-06-2026 14:26:29 RAM 3910/6833MB (lfb 5x4MB) SWAP 209/3417MB (cached 1MB) CPU [10%@1420,5%@1420,94%@1420,0%@1420,9%@1420,10%@1420] EMC_FREQ 0% GR3D_FREQ 0% AUX@45.5C CPU@46.5C thermal@45.45C AO@45C GPU@45.5C PMIC@50C
1791264389.213701 10-06-2026 14:26:29 RAM 3997/6833MB (lfb 84x1MB) SWAP 209/3417MB (cached 1MB) CPU [5%@1420,0%@1420,100%@1420,9%@1420,0%@1420,9%@1420] EMC_FREQ 0% GR3D_FREQ 0% AUX@45C CPU@46.5C thermal@45.6C AO@45.5C GPU@45.5C PMIC@50C
1791264389.416960 10-06-2026 14:26:29 RAM 4061/6833MB (lfb 84x1MB) SWAP 209/3417MB (cached 1MB) CPU [9%@1420,9%@1420,100%@1420,0%@1420,9%@1420,10%@1420] EMC_FREQ 0% GR3D_FREQ 0% AUX@45.5C CPU@46.5C thermal@45.6C AO@45C GPU@45.5C PMIC@50C
1791264389.620183 10-06-2026 14:26:29 RAM 4125/6833MB (lfb 84x1MB) SWAP 209/3417MB (cached 1MB) CPU [5%@1420,5%@1420,100%@1420,0%@1420,5%@1420,10%@1420] EMC_FREQ 0% GR3D_FREQ 0% AUX@45.5C CPU@46.5C thermal@45.6C AO@45.5C GPU@45.5C PMIC@50C
1791264389.823344 10-06-2026 14:26:29 RAM 4190/6833MB (lfb 64x1MB) SWAP 209/3417MB (cached 1MB) CPU [0%@1420,5%@1420,100%@1420,0%@1420,5%@1420,13%@1420] EMC_FREQ 0% GR3D_FREQ 0% AUX@45.5C CPU@46.5C thermal@45.6C AO@45.5C GPU@45.5C PMIC@50C
1791264390.027073 10-06-2026 14:26:30 RAM 4172/6833MB (lfb 46x1MB) SWAP 209/3417MB (cached 1MB) CPU [15%@1420,25%@1420,100%@1420,28%@1420,9%@1420,5%@1420] EMC_FREQ 0% GR3D_FREQ 0% AUX@45.5C CPU@46.5C thermal@45.6C AO@45.5C GPU@45.5C PMIC@50C
1791264390.230868 10-06-2026 14:26:30 RAM 4160/6833MB (lfb 40x1MB) SWAP 209/3417MB (cached 1MB) CPU [33%@1420,14%@1420,100%@1420,0%@1420,5%@1420,10%@1420] EMC_FREQ 0% GR3D_FREQ 0% AUX@45C CPU@46.5C thermal@45.8C AO@45C GPU@45.5C PMIC@50C
1791264390.434579 10-06-2026 14:26:30 RAM 4159/6833MB (lfb 38x1MB) SWAP 209/3417MB (cached 1MB) CPU [5%@1420,5%@1420,100%@1420,0%@1420,5%@1420,10%@1420] EMC_FREQ 0% GR3D_FREQ 0% AUX@45.5C CPU@46.5C thermal@45.8C AO@45.5C GPU@45.5C PMIC@50C
1791264390.637890 10-06-2026 14:26:30 RAM 4159/6833MB (lfb 38x1MB) SWAP 209/3417MB (cached 1MB) CPU [9%@1420,9%@1420,100%@1420,0%@1420,4%@1420,14%@1420] EMC_FREQ 0% GR3D_FREQ 0% AUX@45.5C CPU@46.5C thermal@45.8C AO@45.5C GPU@45.5C PMIC@50C
1791264390.841274 10-06-2026 14:26:30 RAM 4159/6833MB (lfb 38x1MB) SWAP 209/3417MB (cached 1MB) CPU [9%@1420,0%@1420,100%@1420,5%@1420,9%@1420,5%@1420] EMC_FREQ 0% GR3D_FREQ 0% AUX@45.5C CPU@46.5C thermal@45.8C AO@45.5C GPU@45.5C PMIC@50C
1791264391.044676 10-06-2026 14:26:31 RAM 4159/6833MB (lfb 38x1MB) SWAP 209/3417MB (cached 1MB) CPU [0%@1420,5%@1420,100%@1420,0%@1420,5%@1420,10%@1420] EMC_FREQ 0% GR3D_FREQ 0% AUX@45.5C CPU@46.5C thermal@45.8C AO@45.5C GPU@45.5C PMIC@50C
1791264391.247880 10-06-2026 14:26:31 RAM 4159/6833MB (lfb 38x1MB) SWAP 209/3417MB (cached 1MB) CPU [13%@1420,9%@1420,100%@1420,0%@1420,0%@1420,9%@1420] EMC_FREQ 0% GR3D_FREQ 0% AUX@45.5C CPU@46.5C thermal@45.8C AO@45C GPU@45.5C PMIC@50C
1791264391.451246 10-06-2026 14:26:31 RAM 3888/6833MB (lfb 1x2MB) SWAP 209/3417MB (cached 1MB) CPU [0%@1420,0%@1420,100%@1420,9%@1420,9%@1420,9%@1420] EMC_FREQ 0% GR3D_FREQ 0% AUX@45.5C CPU@46.5C thermal@45.8C AO@45.5C GPU@45.5C PMIC@50C
1791264391.654536 10-06-2026 14:26:31 RAM 3156/6833MB (lfb 61x4MB) SWAP 209/3417MB (cached 1MB) CPU [5%@1420,13%@1420,90%@1420,10%@1420,5%@1420,5%@1420] EMC_FREQ 0% GR3D_FREQ 0% AUX@45.5C CPU@46.5C thermal@45.8C AO@45.5C GPU@45.5C PMIC@50C
1791264391.858315 10-06-2026 14:26:31 RAM 3156/6833MB (lfb 61x4MB) SWAP 209/3417MB (cached 1MB) CPU [9%@1420,5%@1420,0%@1420,100%@1420,14%@1420,17%@1420] EMC_FREQ 0% GR3D_FREQ 0% AUX@45.5C CPU@46.5C thermal@45.8C AO@45.5C GPU@45.5C PMIC@50C
1791264392.061637 10-06-2026 14:26:32 RAM 3156/6833MB (lfb 61x4MB) SWAP 209/3417MB (cached 1MB) CPU [5%@1420,4%@1420,0%@1420,100%@1420,10%@1420,5%@1420] EMC_FREQ 0% GR3D_FREQ 0% AUX@45.5C CPU@46.5C thermal@45.8C AO@45.5C GPU@45.5C PMIC@50C
1791264392.264939 10-06-2026 14:26:32 RAM 3157/6833MB (lfb 61x4MB) SWAP 209/3417MB (cached 1MB) CPU [10%@1420,5%@1420,0%@1420,100%@1420,5%@1420,5%@1420] EMC_FREQ 0% GR3D_FREQ 0% AUX@45.5C CPU@46.5C thermal@45.8C AO@45.5C GPU@45.5C PMIC@50C
1791264392.468204 10-06-2026 14:26:32 RAM 3187/6833MB (lfb 61x4MB) SWAP 209/3417MB (cached 1MB) CPU [5%@1420,5%@1420,0%@1420,100%@1420,9%@1420,5%@1420] EMC_FREQ 0% GR3D_FREQ 0% AUX@45.5C CPU@46.5C thermal@45.8C AO@45.5C GPU@45.5C PMIC@50C
1791264392.671460 10-06-2026 14:26:32 RAM 3217/6833MB (lfb 61x4MB) SWAP 209/3417MB (cached 1MB) CPU [0%@1420,10%@1420,0%@1420,100%@1420,9%@1420,9%@1420] EMC_FREQ 0% GR3D_FREQ 0% AUX@45.5C CPU@46.5C thermal@45.8C AO@45.5C GPU@45.5C PMIC@50C
1791264392.874701 10-06-2026 14:26:32 RAM 3249/6833MB (lfb 61x4MB) SWAP 209/3417MB (cached 1MB) CPU [5%@1420,9%@1420,9%@1420,100%@1420,0%@1420,9%@1420] EMC_FREQ 0% GR3D_FREQ 0% AUX@45.5C CPU@46.5C thermal@45.8C AO@45.5C GPU@46C PMIC@50C
1791264393.078068 10-06-2026 14:26:33 RAM 3280/6833MB (lfb 61x4MB) SWAP 209/3417MB (cached 1MB) CPU [5%@1420,15%@1420,5%@1420,100%@1420,65%@1420,4%@1420] EMC_FREQ 0% GR3D_FREQ 0% AUX@45.5C CPU@46.5C thermal@45.8C AO@45.5C GPU@45.5C PMIC@50C
1791264393.281326 10-06-2026 14:26:33 RAM 3312/6833MB (lfb 61x4MB) SWAP 209/3417MB (cached 1MB) CPU [5%@1420,9%@1420,9%@1420,100%@1420,4%@1420,0%@1420] EMC_FREQ 0% GR3D_FREQ 0% AUX@45.5C CPU@46.5C thermal@45.8C AO@45.5C GPU@45.5C PMIC@50C
1791264393.484460 10-06-2026 14:26:33 RAM 3346/6833MB (lfb 61x4MB) SWAP 209/3417MB (cached 1MB) CPU [14%@1420,5%@1420,5%@1420,100%@1420,5%@1420,4%@1420] EMC_FREQ 0% GR3D_FREQ 0% AUX@45.5C CPU@46.5C thermal@45.8C AO@45.5C GPU@45.5C PMIC@50C
1791264393.687657 10-06-2026 14:26:33 RAM 3375/6833MB (lfb 61x4MB) SWAP 209/3417MB (cached 1MB) CPU [14%@1420,5%@1420,5%@1420,100%@1420,4%@1420,0%@1420] EMC_FREQ 0% GR3D_FREQ 0% AUX@45.5C CPU@46.5C thermal@45.8C AO@45.5C GPU@45.5C PMIC@50C
1791264393.891069 10-06-2026 14:26:33 RAM 3404/6833MB (lfb 61x4MB) SWAP 209/3417MB (cached 1MB) CPU [10%@1420,9%@1420,0%@1420,100%@1420,5%@1420,5%@1420] EMC_FREQ 0% GR3D_FREQ 0% AUX@45.5C CPU@46.5C thermal@45.8C AO@45.5C GPU@45.5C PMIC@50C
1791264394.094323 10-06-2026 14:26:34 RAM 3430/6833MB (lfb 61x4MB) SWAP 209/3417MB (cached 1MB) CPU [9%@1420,5%@1420,4%@1420,100%@1420,15%@1420,13%@1420] EMC_FREQ 0% GR3D_FREQ 0% AUX@45.5C CPU@46.5C thermal@45.8C AO@46C GPU@45.5C PMIC@50C
1791264394.298131 10-06-2026 14:26:34 RAM 3457/6833MB (lfb 59x4MB) SWAP 209/3417MB (cached 1MB) CPU [0%@1420,5%@1420,4%@1420,100%@1420,5%@1420,9%@1420] EMC_FREQ 0% GR3D_FREQ 0% AUX@45.5C CPU@46.5C thermal@45.8C AO@45.5C GPU@45.5C PMIC@50C
1791264394.501643 10-06-2026 14:26:34 RAM 3484/6833MB (lfb 57x4MB) SWAP 209/3417MB (cached 1MB) CPU [0%@1420,0%@1420,0%@1420,100%@1420,13%@1420,5%@1420] EMC_FREQ 0% GR3D_FREQ 0% AUX@45.5C CPU@46.5C thermal@45.8C AO@45.5C GPU@45.5C PMIC@50C
1791264394.704889 10-06-2026 14:26:34 RAM 3512/6833MB (lfb 54x4MB) SWAP 209/3417MB (cached 1MB) CPU [13%@1420,9%@1420,5%@1420,100%@1420,14%@1420,4%@1420] EMC_FREQ 0% GR3D_FREQ 0% AUX@46C CPU@47C thermal@45.8C AO@45.5C GPU@45.5C PMIC@50C
1791264394.908426 10-06-2026 14:26:34 RAM 3542/6833MB (lfb 51x4MB) SWAP 209/3417MB (cached 1MB) CPU [0%@1420,5%@1420,0%@1420,100%@1420,5%@1420,0%@1420] EMC_FREQ 0% GR3D_FREQ 0% AUX@45.5C CPU@47C thermal@45.8C AO@45.5C GPU@45.5C PMIC@50C
1791264395.111619 10-06-2026 14:26:35 RAM 3636/6833MB (lfb 28x4MB) SWAP 209/3417MB (cached 1MB) CPU [9%@1420,0%@1420,4%@1420,100%@1420,14%@1420,9%@1420] EMC_FREQ 0% GR3D_FREQ 0% AUX@45.5C CPU@47C thermal@45.8C AO@46C GPU@45.5C PMIC@50C
1791264395.314900 10-06-2026 14:26:35 RAM 3636/6833MB (lfb 28x4MB) SWAP 209/3417MB (cached 1MB) CPU [0%@1420,0%@1420,5%@1420,100%@1420,5%@1420,5%@1420] EMC_FREQ 0% GR3D_FREQ 0% AUX@45.5C CPU@47C thermal@45.8C AO@46C GPU@45.5C PMIC@50C
1791264395.518667 10-06-2026 14:26:35 RAM 3636/6833MB (lfb 28x4MB) SWAP 209/3417MB (cached 1MB) CPU [9%@1420,9%@1420,4%@1420,100%@1420,5%@1420,5%@1420] EMC_FREQ 0% GR3D_FREQ 0% AUX@45.5C CPU@47C thermal@45.8C AO@46C GPU@45.5C PMIC@50C
1791264395.721924 10-06-2026 14:26:35 RAM 3636/6833MB (lfb 28x4MB) SWAP 209/3417MB (cached 1MB) CPU [9%@1420,5%@1420,0%@1420,100%@1420,9%@1420,5%@1420] EMC_FREQ 0% GR3D_FREQ 0% AUX@45.5C CPU@47C thermal@45.8C AO@45.5C GPU@45.5C PMIC@50C
1791264395.925040 10-06-2026 14:26:35 RAM 3636/6833MB (lfb 28x4MB) SWAP 209/3417MB (cached 1MB) CPU [0%@1420,5%@1420,9%@1420,100%@1420,10%@1420,4%@1420] EMC_FREQ 0% GR3D_FREQ 0% AUX@45.5C CPU@47C thermal@45.95C AO@46C GPU@45.5C PMIC@50C
1791264396.129388 10-06-2026 14:26:36 RAM 3636/6833MB (lfb 28x4MB) SWAP 209/3417MB (cached 1MB) CPU [9%@1420,5%@1420,0%@1420,100%@1420,14%@1420,0%@1420] EMC_FREQ 0% GR3D_FREQ 0% AUX@46C CPU@46.5C thermal@45.95C AO@45.5C GPU@45.5C PMIC@50C
1791264396.333143 10-06-2026 14:26:36 RAM 3636/6833MB (lfb 28x4MB) SWAP 209/3417MB (cached 1MB) CPU [5%@1420,4%@1420,0%@1420,100%@1420,0%@1420,9%@1420] EMC_FREQ 0% GR3D_FREQ 0% AUX@46C CPU@46.5C thermal@45.95C AO@46C GPU@46C PMIC@50C
1791264396.536379 10-06-2026 14:26:36 RAM 3636/6833MB (lfb 28x4MB) SWAP 209/3417MB (cached 1MB) CPU [5%@1420,5%@1420,5%@1420,100%@1420,9%@1420,10%@1420] EMC_FREQ 0% GR3D_FREQ 0% AUX@45.5C CPU@46.5C thermal@45.95C AO@46C GPU@45.5C PMIC@50C
1791264396.740158 10-06-2026 14:26:36 RAM 3636/6833MB (lfb 28x4MB) SWAP 209/3417MB (cached 1MB) CPU [9%@1420,5%@1420,0%@1420,100%@1420,5%@1420,9%@1420] EMC_FREQ 0% GR3D_FREQ 0% AUX@46C CPU@47C thermal@45.95C AO@46C GPU@46C PMIC@50C
1791264396.943399 10-06-2026 14:26:36 RAM 3636/6833MB (lfb 28x4MB) SWAP 209/3417MB (cached 1MB) CPU [0%@1420,66%@1420,0%@1420,100%@1420,0%@1420,10%@1420] EMC_FREQ 0% GR3D_FREQ 0% AUX@46C CPU@47C thermal@46.15C AO@46C GPU@46C PMIC@50C
1791264397.146695 10-06-2026 14:26:37 RAM 3636/6833MB (lfb 28x4MB) SWAP 209/3417MB (cached 1MB) CPU [9%@1420,0%@1420,5%@1420,100%@1420,10%@1420,4%@1420] EMC_FREQ 0% GR3D_FREQ 0% AUX@46C CPU@47C thermal@46.15C AO@46C GPU@45.5C PMIC@50C
1791264397.350304 10-06-2026 14:26:37 RAM 3636/6833MB (lfb 28x4MB) SWAP 209/3417MB (cached 1MB) CPU [5%@1420,4%@1420,9%@1420,100%@1420,0%@1420,14%@1420] EMC_FREQ 0% GR3D_FREQ 0% AUX@46C CPU@47C thermal@46.15C AO@46C GPU@46C PMIC@50C
1791264397.554223 10-06-2026 14:26:37 RAM 3637/6833MB (lfb 28x4MB) SWAP 209/3417MB (cached 1MB) CPU [14%@1420,14%@1420,9%@1420,100%@1420,10%@1420,15%@1420] EMC_FREQ 0% GR3D_FREQ 0% AUX@46C CPU@47C thermal@46.15C AO@46C GPU@46C PMIC@50C
1791264397.757605 10-06-2026 14:26:37 RAM 3315/6833MB (lfb 32x4MB) SWAP 209/3417MB (cached 1MB) CPU [80%@1420,34%@1420,33%@1420,31%@1420,33%@1420,33%@1420] EMC_FREQ 0% GR3D_FREQ 0% AUX@46C CPU@47C thermal@46.15C AO@46C GPU@46C PMIC@50C
1791264397.960728 10-06-2026 14:26:37 RAM 3157/6833MB (lfb 61x4MB) SWAP 209/3417MB (cached 1MB) CPU [95%@1420,5%@1420,9%@1420,9%@1420,13%@1420,10%@1420] EMC_FREQ 0% GR3D_FREQ 0% AUX@46C CPU@47C thermal@46.15C AO@46C GPU@46C PMIC@50C
1791264398.164669 10-06-2026 14:26:38 RAM 3156/6833MB (lfb 61x4MB) SWAP 209/3417MB (cached 1MB) CPU [73%@1420,14%@1420,18%@1420,5%@1420,4%@1420,10%@1420] EMC_FREQ 0% GR3D_FREQ 7% AUX@46C CPU@47C thermal@46.3C AO@46C GPU@46C PMIC@50C
1791264398.368067 10-06-2026 14:26:38 RAM 3156/6833MB (lfb 61x4MB) SWAP 209/3417MB (cached 1MB) CPU [19%@1420,75%@1420,0%@1420,9%@1420,0%@1420,10%@1420] EMC_FREQ 0% GR3D_FREQ 0% AUX@46C CPU@47C thermal@46.3C AO@46C GPU@46C PMIC@50C
1791264398.571598 10-06-2026 14:26:38 RAM 3156/6833MB (lfb 61x4MB) SWAP 209/3417MB (cached 1MB) CPU [22%@1420,70%@1420,4%@1420,0%@1420,10%@1420,5%@1420] EMC_FREQ 0% GR3D_FREQ 0% AUX@46C CPU@47C thermal@46.3C AO@46C GPU@46C PMIC@50C
1791264398.774791 10-06-2026 14:26:38 RAM 3156/6833MB (lfb 61x4MB) SWAP 209/3417MB (cached 1MB) CPU [47%@1420,28%@1420,9%@1420,5%@1420,5%@1420,5%@1420] EMC_FREQ 0% GR3D_FREQ 0% AUX@46C CPU@47C thermal@46.3C AO@46C GPU@46C PMIC@50C
1791264398.978035 10-06-2026 14:26:38 RAM 3156/6833MB (lfb 61x4MB) SWAP 209/3417MB (cached 1MB) CPU [42%@1420,55%@1420,0%@1420,4%@1420,15%@1420,5%@1420] EMC_FREQ 0% GR3D_FREQ 0% AUX@46C CPU@47C thermal@46.3C AO@46C GPU@45.5C PMIC@50C
1791264399.181278 10-06-2026 14:26:39 RAM 3156/6833MB (lfb 61x4MB) SWAP 209/3417MB (cached 1MB) CPU [10%@1420,75%@1420,0%@1420,5%@1420,9%@1420,5%@1420] EMC_FREQ 0% GR3D_FREQ 7% AUX@46C CPU@47C thermal@46.3C AO@46C GPU@46C PMIC@50C
1791264399.384573 10-06-2026 14:26:39 RAM 3156/6833MB (lfb 61x4MB) SWAP 209/3417MB (cached 1MB) CPU [40%@1420,60%@1420,5%@1420,0%@1420,5%@1420,0%@1420] EMC_FREQ 0% GR3D_FREQ 0% AUX@46C CPU@47C thermal@46.3C AO@46C GPU@45.5C PMIC@50C
1791264399.587782 10-06-2026 14:26:39 RAM 3156/6833MB (lfb 61x4MB) SWAP 209/3417MB (cached 1MB) CPU [47%@1420,47%@1420,10%@1420,9%@1420,9%@1420,9%@1420] EMC_FREQ 0% GR3D_FREQ 0% AUX@46C CPU@47C thermal@46.3C AO@46C GPU@46C PMIC@50C
1791264399.791032 10-06-2026 14:26:39 RAM 3156/6833MB (lfb 61x4MB) SWAP 209/3417MB (cached 1MB) CPU [70%@1420,28%@1420,5%@1420,5%@1420,10%@1420,0%@1420] EMC_FREQ 0% GR3D_FREQ 0% AUX@46C CPU@47C thermal@46.3C AO@46C GPU@45.5C PMIC@50C
1791264399.994226 10-06-2026 14:26:39 RAM 3156/6833MB (lfb 61x4MB) SWAP 209/3417MB (cached 1MB) CPU [14%@1420,75%@1420,9%@1420,5%@1420,5%@1420,13%@1420] EMC_FREQ 0% GR3D_FREQ 0% AUX@45.5C CPU@47C thermal@46.3C AO@46C GPU@45.5C PMIC@50C
1791264400.197612 10-06-2026 14:26:40 RAM 3156/6833MB (lfb 61x4MB) SWAP 209/3417MB (cached 1MB) CPU [15%@1420,75%@1420,5%@1420,5%@1420,5%@1420,0%@1420] EMC_FREQ 0% GR3D_FREQ 0% AUX@46C CPU@47C thermal@46.3C AO@46C GPU@45.5C PMIC@50C
1791264400.400825 10-06-2026 14:26:40 RAM 3156/6833MB (lfb 61x4MB) SWAP 209/3417MB (cached 1MB) CPU [22%@1420,14%@1420,5%@1420,9%@1420,25%@1420,52%@1420] EMC_FREQ 0% GR3D_FREQ 0% AUX@45.5C CPU@47C thermal@46.1C AO@46C GPU@46C PMIC@50C
1791264400.604100 10-06-2026 14:26:40 RAM 3156/6833MB (lfb 61x4MB) SWAP 209/3417MB (cached 1MB) CPU [0%@1420,0%@1420,10%@1420,5%@1420,73%@1420,20%@1420] EMC_FREQ 0% GR3D_FREQ 0% AUX@46C CPU@47C thermal@46.1C AO@45.5C GPU@45.5C PMIC@50C
1791264400.807220 10-06-2026 14:26:40 RAM 3156/6833MB (lfb 61x4MB) SWAP 209/3417MB (cached 1MB) CPU [0%@1420,4%@1420,14%@1420,5%@1420,28%@1420,63%@1420] EMC_FREQ 0% GR3D_FREQ 0% AUX@45.5C CPU@47C thermal@46.1C AO@46C GPU@46C PMIC@50C
1791264401.010596 10-06-2026 14:26:41 RAM 3156/6833MB (lfb 61x4MB) SWAP 209/3417MB (cached 1MB) CPU [68%@1420,0%@1420,10%@1420,0%@1420,5%@1420,15%@1420] EMC_FREQ 0% GR3D_FREQ 0% AUX@45.5C CPU@47C thermal@46.1C AO@46C GPU@45.5C PMIC@50C
1791264401.214142 10-06-2026 14:26:41 RAM 3155/6833MB (lfb 61x4MB) SWAP 209/3417MB (cached 1MB) CPU [42%@1420,50%@1420,19%@1420,5%@1420,5%@1420,4%@1420] EMC_FREQ 0% GR3D_FREQ 0% AUX@45.5C CPU@47C thermal@46.1C AO@45.5C GPU@45.5C PMIC@50C
1791264401.417287 10-06-2026 14:26:41 RAM 3155/6833MB (lfb 61x4MB) SWAP 209/3417MB (cached 1MB) CPU [42%@1420,59%@1420,5%@1420,4%@1420,9%@1420,5%@1420] EMC_FREQ 0% GR3D_FREQ 0% AUX@46C CPU@47C thermal@45.95C AO@45.5C GPU@46C PMIC@50C
1791264401.620646 10-06-2026 14:26:41 RAM 3155/6833MB (lfb 61x4MB) SWAP 209/3417MB (cached 1MB) CPU [65%@1420,15%@1420,0%@1420,5%@1420,5%@1420,9%@1420] EMC_FREQ 0% GR3D_FREQ 11% AUX@46C CPU@47C thermal@45.95C AO@46C GPU@45.5C PMIC@50C
1791264401.824256 10-06-2026 14:26:41 RAM 3161/6833MB (lfb 61x4MB) SWAP 209/3417MB (cached 1MB) CPU [80%@1420,14%@1420,0%@1420,5%@1420,5%@1420,0%@1420] EMC_FREQ 0% GR3D_FREQ 0% AUX@45.5C CPU@47C thermal@45.95C AO@46C GPU@45.5C PMIC@50C
1791264402.027561 10-06-2026 14:26:42 RAM 3281/6833MB (lfb 61x4MB) SWAP 209/3417MB (cached 1MB) CPU [15%@1420,47%@1420,5%@1420,0%@1420,9%@1420,5%@1420] EMC_FREQ 0% GR3D_FREQ 0% AUX@45.5C CPU@47C thermal@45.95C AO@45.5C GPU@45.5C PMIC@50C
1791264402.230978 10-06-2026 14:26:42 RAM 3324/6833MB (lfb 61x4MB) SWAP 209/3417MB (cached 1MB) CPU [10%@1420,90%@1420,9%@1420,9%@1420,9%@1420,4%@1420] EMC_FREQ 0% GR3D_FREQ 0% AUX@45.5C CPU@47C thermal@45.95C AO@46C GPU@45.5C PMIC@50C
1791264402.434387 10-06-2026 14:26:42 RAM 3325/6833MB (lfb 61x4MB) SWAP 209/3417MB (cached 1MB) CPU [15%@1420,85%@1420,5%@1420,5%@1420,5%@1420,5%@1420] EMC_FREQ 0% GR3D_FREQ 0% AUX@45.5C CPU@46.5C thermal@45.95C AO@46C GPU@46C PMIC@50C
1791264402.637718 10-06-2026 14:26:42 RAM 3325/6833MB (lfb 61x4MB) SWAP 209/3417MB (cached 1MB) CPU [0%@1420,95%@1420,9%@1420,13%@1420,4%@1420,21%@1420] EMC_FREQ 0% GR3D_FREQ 0% AUX@45.5C CPU@47C thermal@46.15C AO@46C GPU@45.5C PMIC@50C
1791264402.842013 10-06-2026 14:26:42 RAM 3327/6833MB (lfb 61x4MB) SWAP 209/3417MB (cached 1MB) CPU [47%@1267,25%@1267,5%@1267,5%@1267,0%@1267,5%@1267] EMC_FREQ 0% GR3D_FREQ 79% AUX@45.5C CPU@47C thermal@46.15C AO@45.5C GPU@45.5C PMIC@50C
1791264403.045170 10-06-2026 14:26:43 RAM 3327/6833MB (lfb 61x4MB) SWAP 209/3417MB (cached 1MB) CPU [9%@1420,0%@1420,5%@1420,0%@1420,75%@1420,14%@1420] EMC_FREQ 0% GR3D_FREQ 0% AUX@45.5C CPU@46.5C thermal@46.15C AO@46C GPU@45.5C PMIC@50C
1791264403.249084 10-06-2026 14:26:43 RAM 3491/6833MB (lfb 27x4MB) SWAP 209/3417MB (cached 1MB) CPU [5%@1190,5%@1190,0%@1190,13%@1420,10%@1420,35%@1420] EMC_FREQ 0% GR3D_FREQ 77% AUX@45.5C CPU@47C thermal@46.15C AO@46C GPU@45.5C PMIC@50C
1791264403.452495 10-06-2026 14:26:43 RAM 3323/6833MB (lfb 27x4MB) SWAP 209/3417MB (cached 1MB) CPU [9%@1420,65%@1420,5%@1420,5%@1420,95%@1420,10%@1420] EMC_FREQ 0% GR3D_FREQ 0% AUX@45.5C CPU@47C thermal@46.15C AO@46C GPU@45.5C PMIC@50C
1791264403.655609 10-06-2026 14:26:43 RAM 3323/6833MB (lfb 27x4MB) SWAP 209/3417MB (cached 1MB) CPU [5%@1420,5%@1420,4%@1420,5%@1420,95%@1420,10%@1420] EMC_FREQ 0% GR3D_FREQ 0% AUX@45.5C CPU@47C thermal@45.8C AO@46C GPU@45.5C PMIC@50C
1791264403.858904 10-06-2026 14:26:43 RAM 3323/6833MB (lfb 27x4MB) SWAP 209/3417MB (cached 1MB) CPU [5%@1420,4%@1420,5%@1420,5%@1420,25%@1420,85%@1420] EMC_FREQ 0% GR3D_FREQ 0% AUX@45.5C CPU@47C thermal@45.8C AO@46C GPU@45.5C PMIC@50C
1791264404.062133 10-06-2026 14:26:44 RAM 3323/6833MB (lfb 27x4MB) SWAP 209/3417MB (cached 1MB) CPU [9%@1420,5%@1420,0%@1420,15%@1420,19%@1420,90%@1420] EMC_FREQ 0% GR3D_FREQ 0% AUX@46C CPU@46.5C thermal@45.8C AO@45.5C GPU@45.5C PMIC@50C
1791264404.265367 10-06-2026 14:26:44 RAM 3323/6833MB (lfb 27x4MB) SWAP 209/3417MB (cached 1MB) CPU [5%@1420,5%@1420,4%@1420,4%@1420,75%@1420,20%@1420] EMC_FREQ 0% GR3D_FREQ 7% AUX@45.5C CPU@46.5C thermal@45.8C AO@45.5C GPU@45.5C PMIC@50C
1791264404.468444 10-06-2026 14:26:44 RAM 3322/6833MB (lfb 27x4MB) SWAP 209/3417MB (cached 1MB) CPU [10%@1420,14%@1420,5%@1420,5%@1420,5%@1420,85%@1420] EMC_FREQ 0% GR3D_FREQ 7% AUX@45.5C CPU@47C thermal@45.8C AO@45.5C GPU@45.5C PMIC@50C
1791264404.671569 10-06-2026 14:26:44 RAM 3322/6833MB (lfb 27x4MB) SWAP 209/3417MB (cached 1MB) CPU [5%@1420,5%@1420,0%@1420,4%@1420,0%@1420,80%@1420] EMC_FREQ 0% GR3D_FREQ 6% AUX@45.5C CPU@46.5C thermal@45.8C AO@45.5C GPU@45.5C PMIC@50C
1791264404.875065 10-06-2026 14:26:44 RAM 3323/6833MB (lfb 27x4MB) SWAP 209/3417MB (cached 1MB) CPU [19%@1420,0%@1420,5%@1420,0%@1420,0%@1420,70%@1420] EMC_FREQ 0% GR3D_FREQ 0% AUX@45.5C CPU@46.5C thermal@45.8C AO@46C GPU@45.5C PMIC@50C
1791264405.078631 10-06-2026 14:26:45 RAM 3323/6833MB (lfb 27x4MB) SWAP 209/3417MB (cached 1MB) CPU [5%@1420,14%@1420,5%@1420,9%@1420,76%@1420,4%@1420] EMC_FREQ 0% GR3D_FREQ 0% AUX@45.5C CPU@47C thermal@45.8C AO@45.5C GPU@45.5C PMIC@50C
1791264405.282188 10-06-2026 14:26:45 RAM 3323/6833MB (lfb 27x4MB) SWAP 209/3417MB (cached 1MB) CPU [10%@1420,5%@1420,9%@1420,5%@1420,28%@1420,23%@1420] EMC_FREQ 0% GR3D_FREQ 0% AUX@45.5C CPU@46.5C thermal@45.8C AO@46C GPU@45.5C PMIC@50C
1791264405.485808 10-06-2026 14:26:45 RAM 3323/6833MB (lfb 27x4MB) SWAP 209/3417MB (cached 1MB) CPU [9%@1420,9%@1420,9%@1420,5%@1420,73%@1420,28%@1420] EMC_FREQ 0% GR3D_FREQ 4% AUX@45.5C CPU@46.5C thermal@45.8C AO@45.5C GPU@45.5C PMIC@50C
1791264405.689075 10-06-2026 14:26:45 RAM 3323/6833MB (lfb 27x4MB) SWAP 209/3417MB (cached 1MB) CPU [5%@1420,5%@1420,5%@1420,5%@1420,5%@1420,76%@1420] EMC_FREQ 0% GR3D_FREQ 4% AUX@45.5C CPU@46.5C thermal@45.8C AO@45.5C GPU@45.5C PMIC@50C
1791264405.892236 10-06-2026 14:26:45 RAM 3323/6833MB (lfb 27x4MB) SWAP 209/3417MB (cached 1MB) CPU [10%@1420,10%@1420,0%@1420,9%@1420,90%@1420,0%@1420] EMC_FREQ 0% GR3D_FREQ 0% AUX@45.5C CPU@46.5C thermal@45.8C AO@45.5C GPU@45.5C PMIC@50C
1791264406.095461 10-06-2026 14:26:46 RAM 3323/6833MB (lfb 27x4MB) SWAP 209/3417MB (cached 1MB) CPU [15%@1420,9%@1420,4%@1420,10%@1420,84%@1420,0%@1420] EMC_FREQ 0% GR3D_FREQ 0% AUX@45.5C CPU@46.5C thermal@45.8C AO@45.5C GPU@45.5C PMIC@50C
1791264406.298634 10-06-2026 14:26:46 RAM 3323/6833MB (lfb 27x4MB) SWAP 209/3417MB (cached 1MB) CPU [18%@1420,5%@1420,5%@1420,0%@1420,14%@1420,72%@1420] EMC_FREQ 0% GR3D_FREQ 8% AUX@45.5C CPU@46.5C thermal@45.8C AO@45.5C GPU@45.5C PMIC@50C
1791264406.501765 10-06-2026 14:26:46 RAM 3323/6833MB (lfb 27x4MB) SWAP 209/3417MB (cached 1MB) CPU [5%@1420,9%@1420,0%@1420,5%@1420,0%@1420,80%@1420] EMC_FREQ 0% GR3D_FREQ 0% AUX@45.5C CPU@46.5C thermal@45.8C AO@45.5C GPU@45.5C PMIC@50C
1791264406.705006 10-06-2026 14:26:46 RAM 3323/6833MB (lfb 27x4MB) SWAP 209/3417MB (cached 1MB) CPU [5%@1420,9%@1420,13%@1420,5%@1420,90%@1420,5%@1420] EMC_FREQ 0% GR3D_FREQ 0% AUX@45.5C CPU@46.5C thermal@45.8C AO@45.5C GPU@45.5C PMIC@50C
1791264406.908635 10-06-2026 14:26:46 RAM 3323/6833MB (lfb 27x4MB) SWAP 209/3417MB (cached 1MB) CPU [10%@1267,10%@1267,4%@1267,5%@1267,0%@1267,76%@1267] EMC_FREQ 0% GR3D_FREQ 0% AUX@45.5C CPU@46.5C thermal@45.8C AO@45.5C GPU@45.5C PMIC@50C
1791264407.111929 10-06-2026 14:26:47 RAM 3325/6833MB (lfb 27x4MB) SWAP 209/3417MB (cached 1MB) CPU [5%@1420,5%@1420,5%@1420,5%@1420,0%@1420,89%@1420] EMC_FREQ 0% GR3D_FREQ 0% AUX@45.5C CPU@46.5C thermal@45.65C AO@45.5C GPU@45.5C PMIC@50C
1791264407.315183 10-06-2026 14:26:47 RAM 3324/6833MB (lfb 27x4MB) SWAP 209/3417MB (cached 1MB) CPU [20%@1420,5%@1420,0%@1420,0%@1420,60%@1420,0%@1420] EMC_FREQ 0% GR3D_FREQ 11% AUX@45.5C CPU@46.5C thermal@45.65C AO@45.5C GPU@45.5C PMIC@50C
1791264407.518688 10-06-2026 14:26:47 RAM 3328/6833MB (lfb 27x4MB) SWAP 209/3417MB (cached 1MB) CPU [14%@1420,13%@1420,9%@1420,13%@1420,60%@1420,30%@1420] EMC_FREQ 0% GR3D_FREQ 0% AUX@45.5C CPU@46.5C thermal@45.65C AO@45.5C GPU@45C PMIC@50C
1791264407.721756 10-06-2026 14:26:47 RAM 3328/6833MB (lfb 27x4MB) SWAP 209/3417MB (cached 1MB) CPU [0%@1420,0%@1420,4%@1420,5%@1420,4%@1420,100%@1420] EMC_FREQ 0% GR3D_FREQ 0% AUX@45.5C CPU@46.5C thermal@45.65C AO@45.5C GPU@45.5C PMIC@50C
1791264407.925084 10-06-2026 14:26:47 RAM 3328/6833MB (lfb 27x4MB) SWAP 209/3417MB (cached 1MB) CPU [14%@1420,13%@1420,0%@1420,0%@1420,4%@1420,100%@1420] EMC_FREQ 0% GR3D_FREQ 4% AUX@45.5C CPU@46.5C thermal@45.65C AO@45.5C GPU@45.5C PMIC@50C
1791264408.128417 10-06-2026 14:26:48 RAM 3328/6833MB (lfb 27x4MB) SWAP 209/3417MB (cached 1MB) CPU [5%@1420,5%@1420,0%@1420,9%@1420,0%@1420,100%@1420] EMC_FREQ 0% GR3D_FREQ 0% AUX@45C CPU@46.5C thermal@45.6C AO@45.5C GPU@45.5C PMIC@50C
1791264408.331675 10-06-2026 14:26:48 RAM 3328/6833MB (lfb 27x4MB) SWAP 209/3417MB (cached 1MB) CPU [10%@1420,19%@1420,5%@1420,0%@1420,0%@1420,100%@1420] EMC_FREQ 0% GR3D_FREQ 0% AUX@45.5C CPU@46.5C thermal@45.6C AO@45.5C GPU@45.5C PMIC@50C
1791264408.534971 10-06-2026 14:26:48 RAM 3328/6833MB (lfb 27x4MB) SWAP 209/3417MB (cached 1MB) CPU [4%@1420,5%@1420,5%@1420,4%@1420,9%@1420,100%@1420] EMC_FREQ 0% GR3D_FREQ 0% AUX@45.5C CPU@46.5C thermal@45.6C AO@45.5C GPU@45C PMIC@50C
1791264408.738874 10-06-2026 14:26:48 RAM 3328/6833MB (lfb 27x4MB) SWAP 209/3417MB (cached 1MB) CPU [15%@1420,70%@1420,5%@1420,0%@1420,4%@1420,100%@1420] EMC_FREQ 0% GR3D_FREQ 0% AUX@45.5C CPU@46.5C thermal@45.6C AO@45.5C GPU@45C PMIC@50C
1791264408.942468 10-06-2026 14:26:48 RAM 3328/6833MB (lfb 27x4MB) SWAP 209/3417MB (cached 1MB) CPU [0%@1420,9%@1420,0%@1420,5%@1420,4%@1420,100%@1420] EMC_FREQ 0% GR3D_FREQ 0% AUX@45.5C CPU@46.5C thermal@45.6C AO@45C GPU@45C PMIC@50C
1791264409.145803 10-06-2026 14:26:49 RAM 3328/6833MB (lfb 27x4MB) SWAP 209/3417MB (cached 1MB) CPU [5%@1420,5%@1420,9%@1420,5%@1420,0%@1420,100%@1420] EMC_FREQ 0% GR3D_FREQ 0% AUX@45.5C CPU@46.5C thermal@45.6C AO@45.5C GPU@45.5C PMIC@50C
1791264409.349199 10-06-2026 14:26:49 RAM 3328/6833MB (lfb 27x4MB) SWAP 209/3417MB (cached 1MB) CPU [0%@1420,10%@1420,0%@1420,5%@1420,9%@1420,100%@1420] EMC_FREQ 0% GR3D_FREQ 0% AUX@45.5C CPU@46.5C thermal@45.8C AO@45.5C GPU@45C PMIC@50C
1791264409.552498 10-06-2026 14:26:49 RAM 3328/6833MB (lfb 27x4MB) SWAP 209/3417MB (cached 1MB) CPU [4%@1420,13%@1420,0%@1420,9%@1420,5%@1420,100%@1420] EMC_FREQ 0% GR3D_FREQ 0% AUX@45C CPU@46.5C thermal@45.8C AO@45C GPU@45.5C PMIC@50C
1791264409.755586 10-06-2026 14:26:49 RAM 3328/6833MB (lfb 27x4MB) SWAP 209/3417MB (cached 1MB) CPU [5%@1420,10%@1420,9%@1420,0%@1420,4%@1420,100%@1420] EMC_FREQ 0% GR3D_FREQ 0% AUX@45.5C CPU@46.5C thermal@45.8C AO@45C GPU@45.5C PMIC@50C
1791264409.959085 10-06-2026 14:26:49 RAM 3329/6833MB (lfb 27x4MB) SWAP 209/3417MB (cached 1MB) CPU [9%@1420,10%@1420,13%@1420,13%@1420,4%@1420,85%@1420] EMC_FREQ 0% GR3D_FREQ 0% AUX@45C CPU@46.5C thermal@45.8C AO@45C GPU@45.5C PMIC@50C
1791264410.162360 10-06-2026 14:26:50 RAM 3329/6833MB (lfb 27x4MB) SWAP 209/3417MB (cached 1MB) CPU [28%@1420,71%@1420,15%@1420,25%@1420,10%@1420,9%@1420] EMC_FREQ 0% GR3D_FREQ 0% AUX@45C CPU@46C thermal@45.8C AO@45C GPU@45.5C PMIC@50C
1791264410.366067 10-06-2026 14:26:50 RAM 3328/6833MB (lfb 27x4MB) SWAP 209/3417MB (cached 1MB) CPU [5%@1420,30%@1420,13%@1420,9%@1420,0%@1420,0%@1420] EMC_FREQ 0% GR3D_FREQ 99% AUX@45C CPU@46.5C thermal@45.8C AO@45.5C GPU@46.5C PMIC@50C
1791264410.569129 10-06-2026 14:26:50 RAM 3328/6833MB (lfb 27x4MB) SWAP 209/3417MB (cached 1MB) CPU [10%@1420,76%@1420,0%@1420,5%@1420,0%@1420,9%@1420] EMC_FREQ 0% GR3D_FREQ 0% AUX@45C CPU@46C thermal@45.9C AO@45.5C GPU@46C PMIC@50C
1791264410.772434 10-06-2026 14:26:50 RAM 3328/6833MB (lfb 27x4MB) SWAP 209/3417MB (cached 1MB) CPU [22%@1420,75%@1420,0%@1420,9%@1420,4%@1420,5%@1420] EMC_FREQ 0% GR3D_FREQ 0% AUX@45C CPU@46C thermal@45.9C AO@45.5C GPU@46C PMIC@50C
1791264410.975884 10-06-2026 14:26:50 RAM 3334/6833MB (lfb 27x4MB) SWAP 209/3417MB (cached 1MB) CPU [30%@1420,40%@1420,5%@1420,0%@1420,9%@1420,9%@1420] EMC_FREQ 0% GR3D_FREQ 0% AUX@45C CPU@46.5C thermal@45.9C AO@45.5C GPU@45.5C PMIC@50C
1791264411.179040 10-06-2026 14:26:51 RAM 3339/6833MB (lfb 27x4MB) SWAP 209/3417MB (cached 1MB) CPU [17%@1420,15%@1420,0%@1420,0%@1420,63%@1420,5%@1420] EMC_FREQ 0% GR3D_FREQ 0% AUX@45C CPU@46C thermal@45.9C AO@45.5C GPU@45.5C PMIC@50C
1791264411.383524 10-06-2026 14:26:51 RAM 3341/6833MB (lfb 27x4MB) SWAP 209/3417MB (cached 1MB) CPU [10%@1420,71%@1420,9%@1420,4%@1420,18%@1420,4%@1420] EMC_FREQ 0% GR3D_FREQ 0% AUX@45C CPU@46.5C thermal@45.9C AO@45.5C GPU@45.5C PMIC@50C
1791264411.586751 10-06-2026 14:26:51 RAM 3347/6833MB (lfb 27x4MB) SWAP 209/3417MB (cached 1MB) CPU [11%@1420,75%@1420,5%@1420,4%@1420,0%@1420,0%@1420] EMC_FREQ 0% GR3D_FREQ 0% AUX@45C CPU@46C thermal@45.8C AO@45.5C GPU@45.5C PMIC@50C
1791264411.790099 10-06-2026 14:26:51 RAM 3360/6833MB (lfb 27x4MB) SWAP 209/3417MB (cached 1MB) CPU [38%@1420,40%@1420,5%@1420,5%@1420,0%@1420,5%@1420] EMC_FREQ 0% GR3D_FREQ 0% AUX@45C CPU@46C thermal@45.8C AO@45.5C GPU@45.5C PMIC@50C
1791264411.993256 10-06-2026 14:26:51 RAM 3374/6833MB (lfb 27x4MB) SWAP 209/3417MB (cached 1MB) CPU [85%@1420,21%@1420,0%@1420,9%@1420,5%@1420,0%@1420] EMC_FREQ 0% GR3D_FREQ 0% AUX@45C CPU@46.5C thermal@45.8C AO@45C GPU@45.5C PMIC@50C
1791264412.196474 10-06-2026 14:26:52 RAM 3380/6833MB (lfb 27x4MB) SWAP 209/3417MB (cached 1MB) CPU [15%@1344,76%@1344,5%@1344,10%@1344,5%@1344,4%@1344] EMC_FREQ 0% GR3D_FREQ 3% AUX@45C CPU@46.5C thermal@45.8C AO@45C GPU@45C PMIC@50C
1791264412.399641 10-06-2026 14:26:52 RAM 3384/6833MB (lfb 27x4MB) SWAP 209/3417MB (cached 1MB) CPU [61%@1420,35%@1420,9%@1420,5%@1420,5%@1420,0%@1420] EMC_FREQ 0% GR3D_FREQ 0% AUX@45C CPU@46.5C thermal@45.8C AO@45.5C GPU@45.5C PMIC@50C
1791264412.602967 10-06-2026 14:26:52 RAM 3393/6833MB (lfb 27x4MB) SWAP 209/3417MB (cached 1MB) CPU [10%@1420,45%@1420,5%@1420,9%@1420,30%@1420,23%@1420] EMC_FREQ 0% GR3D_FREQ 1% AUX@45C CPU@46.5C thermal@45.8C AO@45.5C GPU@45.5C PMIC@50C
1791264412.806404 10-06-2026 14:26:52 RAM 3408/6833MB (lfb 27x4MB) SWAP 209/3417MB (cached 1MB) CPU [9%@1420,0%@1420,5%@1420,10%@1420,80%@1420,10%@1420] EMC_FREQ 0% GR3D_FREQ 0% AUX@45C CPU@46.5C thermal@45.6C AO@45C GPU@45.5C PMIC@50C
1791264413.009662 10-06-2026 14:26:53 RAM 3417/6833MB (lfb 27x4MB) SWAP 209/3417MB (cached 1MB) CPU [10%@1420,9%@1420,0%@1420,5%@1420,78%@1420,15%@1420] EMC_FREQ 0% GR3D_FREQ 2% AUX@45C CPU@46.5C thermal@45.6C AO@45.5C GPU@45C PMIC@50C
1791264413.213193 10-06-2026 14:26:53 RAM 3427/6833MB (lfb 27x4MB) SWAP 209/3417MB (cached 1MB) CPU [10%@1420,94%@1420,0%@1420,15%@1420,4%@1420,0%@1420] EMC_FREQ 0% GR3D_FREQ 0% AUX@45C CPU@46C thermal@45.6C AO@45C GPU@45C PMIC@50C
1791264413.416903 10-06-2026 14:26:53 RAM 3447/6833MB (lfb 27x4MB) SWAP 209/3417MB (cached 1MB) CPU [13%@1190,66%@1190,5%@1190,10%@1190,5%@1190,33%@1190] EMC_FREQ 0% GR3D_FREQ 0% AUX@45C CPU@46.5C thermal@45.6C AO@45C GPU@45.5C PMIC@50C
1791264413.620013 10-06-2026 14:26:53 RAM 3450/6833MB (lfb 27x4MB) SWAP 209/3417MB (cached 1MB) CPU [5%@1420,5%@1420,9%@1420,5%@1420,5%@1420,80%@1420] EMC_FREQ 0% GR3D_FREQ 0% AUX@45C CPU@46C thermal@45.6C AO@45C GPU@45.5C PMIC@50C
1791264413.823201 10-06-2026 14:26:53 RAM 3473/6833MB (lfb 27x4MB) SWAP 209/3417MB (cached 1MB) CPU [0%@1420,0%@1420,9%@1420,10%@1420,0%@1420,95%@1420] EMC_FREQ 0% GR3D_FREQ 0% AUX@45C CPU@46C thermal@45.45C AO@45C GPU@45.5C PMIC@50C
1791264414.026389 10-06-2026 14:26:54 RAM 3508/6833MB (lfb 27x4MB) SWAP 209/3417MB (cached 1MB) CPU [9%@1420,5%@1420,0%@1420,10%@1420,95%@1420,9%@1420] EMC_FREQ 0% GR3D_FREQ 0% AUX@45C CPU@46.5C thermal@45.45C AO@45C GPU@45.5C PMIC@50C
1791264414.229582 10-06-2026 14:26:54 RAM 3510/6833MB (lfb 27x4MB) SWAP 209/3417MB (cached 1MB) CPU [10%@1420,5%@1420,4%@1420,14%@1420,35%@1420,50%@1420] EMC_FREQ 0% GR3D_FREQ 0% AUX@45C CPU@46C thermal@45.45C AO@45C GPU@45.5C PMIC@50C
1791264414.432857 10-06-2026 14:26:54 RAM 3519/6833MB (lfb 27x4MB) SWAP 209/3417MB (cached 1MB) CPU [0%@1420,5%@1420,0%@1420,15%@1420,0%@1420,85%@1420] EMC_FREQ 0% GR3D_FREQ 0% AUX@45C CPU@46.5C thermal@45.45C AO@45C GPU@45.5C PMIC@50C
1791264414.636388 10-06-2026 14:26:54 RAM 3532/6833MB (lfb 27x4MB) SWAP 209/3417MB (cached 1MB) CPU [9%@1267,5%@1267,5%@1267,9%@1267,20%@1267,35%@1267] EMC_FREQ 0% GR3D_FREQ 0% AUX@45C CPU@46.5C thermal@45.45C AO@45C GPU@45.5C PMIC@50C
1791264414.839575 10-06-2026 14:26:54 RAM 3538/6833MB (lfb 27x4MB) SWAP 209/3417MB (cached 1MB) CPU [0%@1420,5%@1420,9%@1420,5%@1420,85%@1420,0%@1420] EMC_FREQ 0% GR3D_FREQ 0% AUX@45C CPU@46C thermal@45.45C AO@45C GPU@45.5C PMIC@50C
1791264415.042657 10-06-2026 14:26:55 RAM 3589/6833MB (lfb 27x4MB) SWAP 209/3417MB (cached 1MB) CPU [0%@1420,5%@1420,0%@1420,5%@1420,80%@1420,14%@1420] EMC_FREQ 0% GR3D_FREQ 3% AUX@45C CPU@46C thermal@45.45C AO@45C GPU@45.5C PMIC@50C
1791264415.245812 10-06-2026 14:26:55 RAM 3596/6833MB (lfb 27x4MB) SWAP 209/3417MB (cached 1MB) CPU [9%@1420,0%@1420,9%@1420,0%@1420,70%@1420,30%@1420] EMC_FREQ 0% GR3D_FREQ 0% AUX@45C CPU@46C thermal@45.45C AO@45C GPU@45.5C PMIC@50C
1791264415.449001 10-06-2026 14:26:55 RAM 3600/6833MB (lfb 27x4MB) SWAP 209/3417MB (cached 1MB) CPU [5%@1420,9%@1420,0%@1420,0%@1420,50%@1420,52%@1420] EMC_FREQ 0% GR3D_FREQ 0% AUX@45C CPU@46C thermal@45.45C AO@45C GPU@45.5C PMIC@50C
1791264415.652509 10-06-2026 14:26:55 RAM 3600/6833MB (lfb 26x4MB) SWAP 209/3417MB (cached 1MB) CPU [9%@1420,0%@1420,0%@1420,9%@1420,42%@1420,66%@1420] EMC_FREQ 0% GR3D_FREQ 0% AUX@45C CPU@46.5C thermal@45.45C AO@45C GPU@45.5C PMIC@50C
1791264415.855611 10-06-2026 14:26:55 RAM 3604/6833MB (lfb 25x4MB) SWAP 209/3417MB (cached 1MB) CPU [0%@1420,9%@1420,0%@1420,0%@1420,9%@1420,100%@1420] EMC_FREQ 0% GR3D_FREQ 0% AUX@45C CPU@46.5C thermal@45.45C AO@45C GPU@45.5C PMIC@50C
1791264416.058771 10-06-2026 14:26:56 RAM 3605/6833MB (lfb 25x4MB) SWAP 209/3417MB (cached 1MB) CPU [5%@1420,9%@1420,4%@1420,0%@1420,5%@1420,95%@1420] EMC_FREQ 0% GR3D_FREQ 0% AUX@45C CPU@46C thermal@45.6C AO@45C GPU@45C PMIC@50C
1791264416.261929 10-06-2026 14:26:56 RAM 3611/6833MB (lfb 22x4MB) SWAP 209/3417MB (cached 1MB) CPU [9%@1420,0%@1420,9%@1420,5%@1420,15%@1420,59%@1420] EMC_FREQ 0% GR3D_FREQ 0% AUX@45C CPU@46C thermal@45.6C AO@45C GPU@45C PMIC@50C
1791264416.464992 10-06-2026 14:26:56 RAM 3623/6833MB (lfb 19x4MB) SWAP 209/3417MB (cached 1MB) CPU [5%@1420,13%@1420,5%@1420,5%@1420,20%@1420,60%@1420] EMC_FREQ 0% GR3D_FREQ 1% AUX@45C CPU@46C thermal@45.6C AO@45C GPU@45C PMIC@50C
1791264416.668205 10-06-2026 14:26:56 RAM 3628/6833MB (lfb 18x4MB) SWAP 209/3417MB (cached 1MB) CPU [9%@1420,9%@1420,0%@1420,9%@1420,23%@1420,61%@1420] EMC_FREQ 0% GR3D_FREQ 11% AUX@45C CPU@46C thermal@45.6C AO@45C GPU@45C PMIC@50C
1791264416.871310 10-06-2026 14:26:56 RAM 3630/6833MB (lfb 17x4MB) SWAP 209/3417MB (cached 1MB) CPU [9%@1420,0%@1420,5%@1420,14%@1420,75%@1420,10%@1420] EMC_FREQ 0% GR3D_FREQ 2% AUX@45C CPU@46C thermal@45.6C AO@45C GPU@45C PMIC@50C
1791264417.074479 10-06-2026 14:26:57 RAM 3634/6833MB (lfb 16x4MB) SWAP 209/3417MB (cached 1MB) CPU [5%@1420,13%@1420,4%@1420,5%@1420,76%@1420,14%@1420] EMC_FREQ 0% GR3D_FREQ 0% AUX@45C CPU@46C thermal@45.6C AO@45C GPU@45C PMIC@50C
1791264417.278073 10-06-2026 14:26:57 RAM 3708/6833MB (lfb 6x4MB) SWAP 209/3417MB (cached 1MB) CPU [9%@1420,15%@1420,0%@1420,0%@1420,5%@1420,80%@1420] EMC_FREQ 0% GR3D_FREQ 2% AUX@45C CPU@46C thermal@45.3C AO@45C GPU@45C PMIC@50C
1791264417.481184 10-06-2026 14:26:57 RAM 3708/6833MB (lfb 6x4MB) SWAP 209/3417MB (cached 1MB) CPU [10%@1420,57%@1420,0%@1420,0%@1420,9%@1420,40%@1420] EMC_FREQ 0% GR3D_FREQ 0% AUX@44.5C CPU@46C thermal@45.3C AO@45C GPU@45C PMIC@50C
1791264417.684442 10-06-2026 14:26:57 RAM 3710/6833MB (lfb 6x4MB) SWAP 209/3417MB (cached 1MB) CPU [13%@1420,0%@1420,9%@1420,9%@1420,10%@1420,80%@1420] EMC_FREQ 0% GR3D_FREQ 0% AUX@45C CPU@45.5C thermal@45.3C AO@45C GPU@45C PMIC@50C
1791264417.887597 10-06-2026 14:26:57 RAM 3727/6833MB (lfb 6x4MB) SWAP 209/3417MB (cached 1MB) CPU [0%@1420,4%@1420,5%@1420,0%@1420,45%@1420,47%@1420] EMC_FREQ 0% GR3D_FREQ 0% AUX@45C CPU@46C thermal@45.3C AO@45C GPU@45C PMIC@50C
1791264418.090882 10-06-2026 14:26:58 RAM 3735/6833MB (lfb 6x4MB) SWAP 209/3417MB (cached 1MB) CPU [50%@1420,10%@1420,5%@1420,9%@1420,52%@1420,5%@1420] EMC_FREQ 0% GR3D_FREQ 0% AUX@45C CPU@45.5C thermal@45.3C AO@45C GPU@45C PMIC@50C
1791264418.294449 10-06-2026 14:26:58 RAM 3797/6833MB (lfb 6x4MB) SWAP 209/3417MB (cached 1MB) CPU [76%@1420,10%@1420,9%@1420,5%@1420,5%@1420,5%@1420] EMC_FREQ 0% GR3D_FREQ 0% AUX@45C CPU@45.5C thermal@45C AO@44.5C GPU@44.5C PMIC@50C
1791264418.497612 10-06-2026 14:26:58 RAM 3811/6833MB (lfb 6x4MB) SWAP 209/3417MB (cached 1MB) CPU [100%@1420,5%@1420,10%@1420,9%@1420,0%@1420,5%@1420] EMC_FREQ 0% GR3D_FREQ 0% AUX@45C CPU@45.5C thermal@45C AO@44.5C GPU@45C PMIC@50C
1791264418.700860 10-06-2026 14:26:58 RAM 3815/6833MB (lfb 6x4MB) SWAP 209/3417MB (cached 1MB) CPU [10%@1420,76%@1420,5%@1420,5%@1420,14%@1420,0%@1420] EMC_FREQ 0% GR3D_FREQ 0% AUX@44.5C CPU@45.5C thermal@45C AO@44.5C GPU@44.5C PMIC@50C
1791264418.904244 10-06-2026 14:26:58 RAM 3819/6833MB (lfb 6x4MB) SWAP 209/3417MB (cached 1MB) CPU [76%@1420,10%@1420,0%@1420,9%@1420,9%@1420,0%@1420] EMC_FREQ 0% GR3D_FREQ 0% AUX@45C CPU@45.5C thermal@45C AO@44.5C GPU@45C PMIC@50C
1791264419.107413 10-06-2026 14:26:59 RAM 3835/6833MB (lfb 6x4MB) SWAP 209/3417MB (cached 1MB) CPU [14%@1420,76%@1420,5%@1420,18%@1420,9%@1420,5%@1420] EMC_FREQ 0% GR3D_FREQ 0% AUX@44.5C CPU@45.5C thermal@45C AO@44.5C GPU@44.5C PMIC@50C
1791264419.310659 10-06-2026 14:26:59 RAM 3845/6833MB (lfb 6x4MB) SWAP 209/3417MB (cached 1MB) CPU [0%@1420,70%@1420,10%@1420,5%@1420,9%@1420,5%@1420] EMC_FREQ 0% GR3D_FREQ 0% AUX@45C CPU@45.5C thermal@45C AO@45C GPU@44.5C PMIC@50C
1791264419.514025 10-06-2026 14:26:59 RAM 3858/6833MB (lfb 6x4MB) SWAP 209/3417MB (cached 1MB) CPU [9%@1420,90%@1420,9%@1420,5%@1420,0%@1420,4%@1420] EMC_FREQ 0% GR3D_FREQ 0% AUX@44.5C CPU@45.5C thermal@45C AO@44.5C GPU@44.5C PMIC@50C
1791264419.717721 10-06-2026 14:26:59 RAM 3879/6833MB (lfb 6x4MB) SWAP 209/3417MB (cached 1MB) CPU [40%@1420,52%@1420,5%@1420,5%@1420,4%@1420,5%@1420] EMC_FREQ 0% GR3D_FREQ 14% AUX@45C CPU@45.5C thermal@45C AO@45C GPU@44.5C PMIC@50C
1791264419.921308 10-06-2026 14:26:59 RAM 3879/6833MB (lfb 6x4MB) SWAP 209/3417MB (cached 1MB) CPU [65%@1420,45%@1420,5%@1420,9%@1420,4%@1420,5%@1420] EMC_FREQ 0% GR3D_FREQ 0% AUX@45C CPU@45.5C thermal@45C AO@44.5C GPU@44.5C PMIC@50C
1791264420.128086 10-06-2026 14:27:00 RAM 3896/6833MB (lfb 6x4MB) SWAP 209/3417MB (cached 1MB) CPU [57%@1420,70%@1420,4%@1420,0%@1420,13%@1420,4%@1420] EMC_FREQ 0% GR3D_FREQ 2% AUX@45C CPU@45.5C thermal@45C AO@44.5C GPU@44.5C PMIC@50C
1791264420.331322 10-06-2026 14:27:00 RAM 3912/6833MB (lfb 6x4MB) SWAP 209/3417MB (cached 1MB) CPU [89%@1420,4%@1420,5%@1420,14%@1420,0%@1420,5%@1420] EMC_FREQ 0% GR3D_FREQ 0% AUX@44.5C CPU@45.5C thermal@45C AO@45C GPU@44.5C PMIC@50C
1791264420.534556 10-06-2026 14:27:00 RAM 3919/6833MB (lfb 6x4MB) SWAP 209/3417MB (cached 1MB) CPU [90%@1420,0%@1420,9%@1420,10%@1420,5%@1420,9%@1420] EMC_FREQ 0% GR3D_FREQ 0% AUX@45C CPU@45.5C thermal@45C AO@44.5C GPU@44.5C PMIC@50C
1791264420.737918 10-06-2026 14:27:00 RAM 3932/6833MB (lfb 6x4MB) SWAP 209/3417MB (cached 1MB) CPU [30%@1420,60%@1420,15%@1420,10%@1420,4%@1420,0%@1420] EMC_FREQ 0% GR3D_FREQ 0% AUX@44.5C CPU@45.5C thermal@45C AO@44.5C GPU@44.5C PMIC@50C
1791264420.941184 10-06-2026 14:27:00 RAM 3940/6833MB (lfb 6x4MB) SWAP 209/3417MB (cached 1MB) CPU [0%@1420,40%@1420,10%@1420,10%@1420,5%@1420,57%@1420] EMC_FREQ 0% GR3D_FREQ 0% AUX@45C CPU@45.5C thermal@45C AO@44.5C GPU@44.5C PMIC@50C
1791264421.145068 10-06-2026 14:27:01 RAM 3945/6833MB (lfb 6x4MB) SWAP 209/3417MB (cached 1MB) CPU [0%@1420,0%@1420,10%@1420,13%@1420,36%@1420,40%@1420] EMC_FREQ 0% GR3D_FREQ 15% AUX@45C CPU@45.5C thermal@45C AO@44.5C GPU@44.5C PMIC@50C
1791264421.348638 10-06-2026 14:27:01 RAM 3993/6833MB (lfb 6x4MB) SWAP 209/3417MB (cached 1MB) CPU [42%@1420,4%@1420,5%@1420,10%@1420,50%@1420,9%@1420] EMC_FREQ 0% GR3D_FREQ 0% AUX@45C CPU@45.5C thermal@45C AO@44.5C GPU@44.5C PMIC@50C
1791264421.552064 10-06-2026 14:27:01 RAM 3999/6833MB (lfb 6x4MB) SWAP 209/3417MB (cached 1MB) CPU [66%@1420,31%@1420,5%@1420,15%@1420,0%@1420,0%@1420] EMC_FREQ 0% GR3D_FREQ 14% AUX@44.5C CPU@45.5C thermal@45C AO@44.5C GPU@44.5C PMIC@50C
1791264421.755303 10-06-2026 14:27:01 RAM 4004/6833MB (lfb 6x4MB) SWAP 209/3417MB (cached 1MB) CPU [21%@1420,56%@1420,14%@1420,10%@1420,0%@1420,5%@1420] EMC_FREQ 0% GR3D_FREQ 0% AUX@44.5C CPU@45.5C thermal@44.95C AO@44.5C GPU@44.5C PMIC@50C
1791264421.958749 10-06-2026 14:27:01 RAM 4009/6833MB (lfb 6x4MB) SWAP 209/3417MB (cached 1MB) CPU [66%@1344,0%@1344,0%@1344,14%@1344,17%@1344,0%@1344] EMC_FREQ 0% GR3D_FREQ 99% AUX@44.5C CPU@45.5C thermal@44.95C AO@44.5C GPU@44.5C PMIC@50C
1791264422.161935 10-06-2026 14:27:02 RAM 4013/6833MB (lfb 6x4MB) SWAP 209/3417MB (cached 1MB) CPU [90%@1420,0%@1420,5%@1420,10%@1420,21%@1420,10%@1420] EMC_FREQ 0% GR3D_FREQ 0% AUX@44.5C CPU@45.5C thermal@44.95C AO@44.5C GPU@44.5C PMIC@50C
1791264422.365401 10-06-2026 14:27:02 RAM 4015/6833MB (lfb 6x4MB) SWAP 209/3417MB (cached 1MB) CPU [55%@1420,40%@1420,9%@1420,19%@1420,14%@1420,5%@1420] EMC_FREQ 0% GR3D_FREQ 0% AUX@44.5C CPU@45.5C thermal@44.95C AO@44.5C GPU@44.5C PMIC@50C
1791264422.568833 10-06-2026 14:27:02 RAM 4015/6833MB (lfb 6x4MB) SWAP 209/3417MB (cached 1MB) CPU [0%@1420,100%@1420,0%@1420,10%@1420,5%@1420,10%@1420] EMC_FREQ 0% GR3D_FREQ 0% AUX@44.5C CPU@45.5C thermal@44.95C AO@44C GPU@44.5C PMIC@50C
1791264422.772040 10-06-2026 14:27:02 RAM 4016/6833MB (lfb 6x4MB) SWAP 209/3417MB (cached 1MB) CPU [4%@1420,95%@1420,0%@1420,14%@1420,9%@1420,0%@1420] EMC_FREQ 0% GR3D_FREQ 0% AUX@44.5C CPU@45.5C thermal@44.8C AO@44.5C GPU@44.5C PMIC@50C
1791264422.975192 10-06-2026 14:27:02 RAM 4017/6833MB (lfb 6x4MB) SWAP 209/3417MB (cached 1MB) CPU [0%@1420,90%@1420,9%@1420,5%@1420,10%@1420,9%@1420] EMC_FREQ 0% GR3D_FREQ 0% AUX@44.5C CPU@45.5C thermal@44.8C AO@44.5C GPU@44.5C PMIC@50C
1791264423.178588 10-06-2026 14:27:03 RAM 4018/6833MB (lfb 6x4MB) SWAP 209/3417MB (cached 1MB) CPU [9%@1420,95%@1420,5%@1420,9%@1420,0%@1420,13%@1420] EMC_FREQ 0% GR3D_FREQ 0% AUX@44.5C CPU@45.5C thermal@44.8C AO@44.5C GPU@44.5C PMIC@50C
1791264423.381935 10-06-2026 14:27:03 RAM 4019/6833MB (lfb 6x4MB) SWAP 209/3417MB (cached 1MB) CPU [0%@1420,94%@1420,0%@1420,10%@1420,13%@1420,5%@1420] EMC_FREQ 0% GR3D_FREQ 0% AUX@44.5C CPU@45.5C thermal@44.8C AO@44.5C GPU@44.5C PMIC@50C
1791264423.585119 10-06-2026 14:27:03 RAM 4022/6833MB (lfb 6x4MB) SWAP 209/3417MB (cached 1MB) CPU [5%@1420,95%@1420,0%@1420,10%@1420,0%@1420,5%@1420] EMC_FREQ 0% GR3D_FREQ 0% AUX@45C CPU@45.5C thermal@44.8C AO@44.5C GPU@44.5C PMIC@50C
1791264423.788481 10-06-2026 14:27:03 RAM 4022/6833MB (lfb 6x4MB) SWAP 209/3417MB (cached 1MB) CPU [9%@1420,100%@1420,15%@1420,5%@1420,0%@1420,4%@1420] EMC_FREQ 0% GR3D_FREQ 0% AUX@44.5C CPU@45.5C thermal@44.8C AO@44.5C GPU@44.5C PMIC@50C
1791264423.991631 10-06-2026 14:27:03 RAM 4032/6833MB (lfb 6x4MB) SWAP 209/3417MB (cached 1MB) CPU [5%@1420,95%@1420,14%@1420,14%@1420,0%@1420,5%@1420] EMC_FREQ 0% GR3D_FREQ 0% AUX@44.5C CPU@45.5C thermal@44.8C AO@44.5C GPU@44.5C PMIC@50C
1791264424.194916 10-06-2026 14:27:04 RAM 4034/6833MB (lfb 6x4MB) SWAP 209/3417MB (cached 1MB) CPU [5%@1420,25%@1420,25%@1420,5%@1420,52%@1420,5%@1420] EMC_FREQ 0% GR3D_FREQ 0% AUX@44.5C CPU@45.5C thermal@44.8C AO@44.5C GPU@44.5C PMIC@50C
1791264424.398215 10-06-2026 14:27:04 RAM 4033/6833MB (lfb 6x4MB) SWAP 209/3417MB (cached 1MB) CPU [18%@1420,9%@1420,17%@1420,10%@1420,35%@1420,45%@1420] EMC_FREQ 0% GR3D_FREQ 0% AUX@44.5C CPU@45.5C thermal@44.8C AO@44.5C GPU@44.5C PMIC@50C
1791264424.601404 10-06-2026 14:27:04 RAM 4034/6833MB (lfb 6x4MB) SWAP 209/3417MB (cached 1MB) CPU [0%@1420,5%@1420,5%@1420,4%@1420,5%@1420,84%@1420] EMC_FREQ 0% GR3D_FREQ 0% AUX@44.5C CPU@45C thermal@44.8C AO@44.5C GPU@44.5C PMIC@50C
1791264424.805039 10-06-2026 14:27:04 RAM 4037/6833MB (lfb 6x4MB) SWAP 209/3417MB (cached 1MB) CPU [9%@1420,5%@1420,18%@1420,19%@1420,22%@1420,55%@1420] EMC_FREQ 0% GR3D_FREQ 0% AUX@44.5C CPU@45C thermal@44.8C AO@44.5C GPU@44.5C PMIC@50C
1791264425.008467 10-06-2026 14:27:05 RAM 4060/6833MB (lfb 6x4MB) SWAP 209/3417MB (cached 1MB) CPU [10%@1190,5%@1190,28%@1190,30%@1190,4%@1190,5%@1190] EMC_FREQ 0% GR3D_FREQ 0% AUX@44.5C CPU@45C thermal@44.65C AO@44.5C GPU@44.5C PMIC@50C
1791264425.211918 10-06-2026 14:27:05 RAM 4067/6833MB (lfb 6x4MB) SWAP 209/3417MB (cached 1MB) CPU [20%@1190,9%@1190,0%@1190,5%@1420,5%@1420,0%@1420] EMC_FREQ 0% GR3D_FREQ 0% AUX@44.5C CPU@45C thermal@44.65C AO@44C GPU@44.5C PMIC@50C
1791264425.415478 10-06-2026 14:27:05 RAM 4078/6833MB (lfb 4x4MB) SWAP 209/3417MB (cached 1MB) CPU [19%@1190,9%@1190,0%@1190,14%@1190,5%@1190,5%@1190] EMC_FREQ 0% GR3D_FREQ 0% AUX@44.5C CPU@45C thermal@44.65C AO@44.5C GPU@44C PMIC@50C
1791264425.619029 10-06-2026 14:27:05 RAM 4090/6833MB (lfb 2x4MB) SWAP 209/3417MB (cached 1MB) CPU [5%@1420,0%@1420,0%@1420,10%@1420,5%@1190,4%@1190] EMC_FREQ 0% GR3D_FREQ 0% AUX@44.5C CPU@45C thermal@44.65C AO@44.5C GPU@44.5C PMIC@50C
1791264425.822657 10-06-2026 14:27:05 RAM 4102/6833MB (lfb 22x1MB) SWAP 209/3417MB (cached 1MB) CPU [14%@1420,9%@1420,4%@1420,5%@1420,4%@1420,5%@1420] EMC_FREQ 0% GR3D_FREQ 0% AUX@44.5C CPU@45.5C thermal@44.65C AO@44C GPU@44.5C PMIC@50C
1791264426.026388 10-06-2026 14:27:06 RAM 4109/6833MB (lfb 22x1MB) SWAP 209/3417MB (cached 1MB) CPU [5%@1190,5%@1420,0%@1420,25%@1420,10%@1420,5%@1420] EMC_FREQ 0% GR3D_FREQ 0% AUX@44.5C CPU@45C thermal@44.65C AO@44C GPU@44.5C PMIC@50C
1791264426.229585 10-06-2026 14:27:06 RAM 4119/6833MB (lfb 22x1MB) SWAP 209/3417MB (cached 1MB) CPU [13%@1190,5%@1190,5%@1190,23%@1190,5%@1190,9%@1190] EMC_FREQ 0% GR3D_FREQ 0% AUX@44.5C CPU@45C thermal@44.65C AO@44C GPU@44.5C PMIC@50C
1791264426.433169 10-06-2026 14:27:06 RAM 4126/6833MB (lfb 22x1MB) SWAP 209/3417MB (cached 1MB) CPU [0%@1190,5%@1190,0%@1190,19%@1190,18%@1190,9%@1190] EMC_FREQ 0% GR3D_FREQ 0% AUX@44C CPU@45C thermal@44.65C AO@44C GPU@44.5C PMIC@50C
1791264426.636569 10-06-2026 14:27:06 RAM 4138/6833MB (lfb 22x1MB) SWAP 209/3417MB (cached 1MB) CPU [0%@1190,5%@1420,0%@1420,21%@1420,10%@1420,0%@1420] EMC_FREQ 0% GR3D_FREQ 0% AUX@44.5C CPU@45C thermal@44.65C AO@44C GPU@44.5C PMIC@50C
1791264426.840174 10-06-2026 14:27:06 RAM 4150/6833MB (lfb 22x1MB) SWAP 209/3417MB (cached 1MB) CPU [5%@1420,9%@1420,9%@1420,28%@1420,14%@1420,9%@1420] EMC_FREQ 0% GR3D_FREQ 0% AUX@44C CPU@45C thermal@44.65C AO@44.5C GPU@44.5C PMIC@50C
1791264427.044441 10-06-2026 14:27:07 RAM 4161/6833MB (lfb 22x1MB) SWAP 209/3417MB (cached 1MB) CPU [5%@1420,0%@1420,0%@1420,23%@1420,10%@1420,0%@1420] EMC_FREQ 0% GR3D_FREQ 0% AUX@44.5C CPU@45C thermal@44.65C AO@44C GPU@44.5C PMIC@50C
1791264427.248704 10-06-2026 14:27:07 RAM 4175/6833MB (lfb 20x1MB) SWAP 209/3417MB (cached 1MB) CPU [18%@1420,0%@1420,0%@1420,21%@1420,9%@1420,10%@1420] EMC_FREQ 0% GR3D_FREQ 0% AUX@44.5C CPU@45C thermal@44.65C AO@44C GPU@44.5C PMIC@50C
1791264427.452498 10-06-2026 14:27:07 RAM 4182/6833MB (lfb 20x1MB) SWAP 209/3417MB (cached 1MB) CPU [14%@1420,9%@1420,52%@1420,25%@1420,19%@1420,0%@1420] EMC_FREQ 0% GR3D_FREQ 0% AUX@44C CPU@45C thermal@44.65C AO@44.5C GPU@44.5C PMIC@50C
1791264427.656196 10-06-2026 14:27:07 RAM 4193/6833MB (lfb 19x1MB) SWAP 209/3417MB (cached 1MB) CPU [4%@1190,5%@1420,15%@1420,14%@1420,10%@1420,14%@1420] EMC_FREQ 0% GR3D_FREQ 0% AUX@44C CPU@45C thermal@44.65C AO@44C GPU@44C PMIC@50C
1791264427.860306 10-06-2026 14:27:07 RAM 4192/6833MB (lfb 22x1MB) SWAP 209/3417MB (cached 1MB) CPU [5%@1190,25%@1190,0%@1190,21%@1190,19%@1190,10%@1190] EMC_FREQ 0% GR3D_FREQ 0% AUX@44C CPU@45C thermal@44.65C AO@44C GPU@44.5C PMIC@50C
1791264428.064412 10-06-2026 14:27:08 RAM 4205/6833MB (lfb 18x1MB) SWAP 209/3417MB (cached 1MB) CPU [5%@1190,9%@1190,0%@1190,31%@1190,10%@1190,5%@1190] EMC_FREQ 0% GR3D_FREQ 0% AUX@44C CPU@45C thermal@44.65C AO@44C GPU@44.5C PMIC@50C
1791264428.268687 10-06-2026 14:27:08 RAM 4215/6833MB (lfb 18x1MB) SWAP 209/3417MB (cached 1MB) CPU [13%@1190,13%@1190,0%@1190,28%@1190,5%@1190,9%@1190] EMC_FREQ 0% GR3D_FREQ 0% AUX@44C CPU@45C thermal@44.65C AO@44C GPU@44C PMIC@50C
1791264428.472049 10-06-2026 14:27:08 RAM 4228/6833MB (lfb 18x1MB) SWAP 209/3417MB (cached 1MB) CPU [5%@1190,5%@1420,4%@1420,20%@1420,18%@1420,5%@1420] EMC_FREQ 0% GR3D_FREQ 0% AUX@44C CPU@45C thermal@44.45C AO@44C GPU@44C PMIC@50C
1791264428.676100 10-06-2026 14:27:08 RAM 4238/6833MB (lfb 19x1MB) SWAP 209/3417MB (cached 1MB) CPU [13%@1190,5%@1420,0%@1420,23%@1420,10%@1420,5%@1420] EMC_FREQ 0% GR3D_FREQ 0% AUX@44C CPU@45C thermal@44.45C AO@44C GPU@44.5C PMIC@50C
1791264428.879435 10-06-2026 14:27:08 RAM 4246/6833MB (lfb 19x1MB) SWAP 209/3417MB (cached 1MB) CPU [0%@1190,10%@1190,4%@1190,10%@1190,10%@1190,0%@1420] EMC_FREQ 0% GR3D_FREQ 0% AUX@44C CPU@45C thermal@44.45C AO@44C GPU@44C PMIC@50C
1791264429.083038 10-06-2026 14:27:09 RAM 4257/6833MB (lfb 18x1MB) SWAP 209/3417MB (cached 1MB) CPU [14%@1190,5%@1420,0%@1420,28%@1420,5%@1420,5%@1420] EMC_FREQ 0% GR3D_FREQ 0% AUX@44C CPU@45C thermal@44.45C AO@43.5C GPU@44C PMIC@50C
1791264429.287249 10-06-2026 14:27:09 RAM 4268/6833MB (lfb 17x1MB) SWAP 210/3417MB (cached 1MB) CPU [5%@1190,20%@1190,4%@1190,21%@1190,10%@1190,14%@1190] EMC_FREQ 0% GR3D_FREQ 0% AUX@44C CPU@45C thermal@44.45C AO@44C GPU@44C PMIC@50C
1791264429.491755 10-06-2026 14:27:09 RAM 4280/6833MB (lfb 15x1MB) SWAP 210/3417MB (cached 1MB) CPU [10%@1420,30%@1420,0%@1420,30%@1420,5%@1420,0%@1420] EMC_FREQ 0% GR3D_FREQ 0% AUX@44C CPU@45C thermal@44.45C AO@44C GPU@44C PMIC@50C
1791264429.696407 10-06-2026 14:27:09 RAM 4283/6833MB (lfb 2x2MB) SWAP 211/3417MB (cached 1MB) CPU [19%@1190,65%@1190,0%@1190,19%@1190,10%@1420,40%@1420] EMC_FREQ 0% GR3D_FREQ 0% AUX@44C CPU@45C thermal@44.45C AO@44C GPU@44.5C PMIC@50C
1791264429.900887 10-06-2026 14:27:09 RAM 4295/6833MB (lfb 2x2MB) SWAP 211/3417MB (cached 1MB) CPU [14%@1420,0%@1420,0%@1420,25%@1420,9%@1420,18%@1420] EMC_FREQ 0% GR3D_FREQ 0% AUX@44C CPU@45C thermal@44.45C AO@44C GPU@44.5C PMIC@50C
1791264430.105455 10-06-2026 14:27:10 RAM 4302/6833MB (lfb 2x2MB) SWAP 211/3417MB (cached 1MB) CPU [5%@1420,9%@1420,4%@1420,18%@1420,10%@1420,5%@1420] EMC_FREQ 0% GR3D_FREQ 0% AUX@44C CPU@45C thermal@44.45C AO@44C GPU@44C PMIC@50C
1791264430.309518 10-06-2026 14:27:10 RAM 4346/6833MB (lfb 2x2MB) SWAP 211/3417MB (cached 1MB) CPU [9%@1420,5%@1420,0%@1420,100%@1420,9%@1420,14%@1420] EMC_FREQ 0% GR3D_FREQ 0% AUX@44C CPU@45C thermal@44.45C AO@44C GPU@44C PMIC@50C
1791264430.513490 10-06-2026 14:27:10 RAM 4369/6833MB (lfb 2x2MB) SWAP 213/3417MB (cached 1MB) CPU [5%@1420,5%@1420,4%@1420,100%@1420,14%@1420,9%@1420] EMC_FREQ 0% GR3D_FREQ 0% AUX@44C CPU@45C thermal@44.45C AO@44C GPU@44.5C PMIC@50C
1791264430.717742 10-06-2026 14:27:10 RAM 4400/6833MB (lfb 2x2MB) SWAP 215/3417MB (cached 1MB) CPU [14%@1420,0%@1420,4%@1420,100%@1420,14%@1420,13%@1420] EMC_FREQ 0% GR3D_FREQ 0% AUX@44C CPU@45C thermal@44.45C AO@44C GPU@44C PMIC@50C
1791264430.922290 10-06-2026 14:27:10 RAM 4426/6833MB (lfb 2x2MB) SWAP 216/3417MB (cached 1MB) CPU [10%@1420,9%@1420,0%@1420,100%@1420,5%@1420,5%@1420] EMC_FREQ 0% GR3D_FREQ 0% AUX@44C CPU@45C thermal@44.45C AO@44C GPU@44C PMIC@50C
1791264431.126696 10-06-2026 14:27:11 RAM 4456/6833MB (lfb 2x2MB) SWAP 216/3417MB (cached 1MB) CPU [13%@1420,9%@1420,4%@1420,100%@1420,18%@1420,0%@1420] EMC_FREQ 0% GR3D_FREQ 0% AUX@44C CPU@45C thermal@44.45C AO@44C GPU@44C PMIC@50C
1791264431.330495 10-06-2026 14:27:11 RAM 4488/6833MB (lfb 2x2MB) SWAP 216/3417MB (cached 1MB) CPU [10%@1420,5%@1420,0%@1420,100%@1420,5%@1420,9%@1420] EMC_FREQ 0% GR3D_FREQ 0% AUX@44C CPU@45C thermal@44.45C AO@44C GPU@44C PMIC@50C
1791264431.535087 10-06-2026 14:27:11 RAM 4519/6833MB (lfb 2x2MB) SWAP 216/3417MB (cached 1MB) CPU [5%@1420,10%@1420,0%@1420,100%@1420,14%@1420,0%@1420] EMC_FREQ 0% GR3D_FREQ 0% AUX@44C CPU@45C thermal@44.45C AO@44C GPU@44C PMIC@50C
1791264431.739406 10-06-2026 14:27:11 RAM 4546/6833MB (lfb 2x2MB) SWAP 216/3417MB (cached 1MB) CPU [14%@1420,9%@1420,5%@1420,100%@1420,5%@1420,0%@1420] EMC_FREQ 0% GR3D_FREQ 0% AUX@44C CPU@45C thermal@44.3C AO@44C GPU@44C PMIC@50C
1791264431.943517 10-06-2026 14:27:11 RAM 4572/6833MB (lfb 2x2MB) SWAP 216/3417MB (cached 1MB) CPU [19%@1420,5%@1420,0%@1420,100%@1420,0%@1420,0%@1420] EMC_FREQ 0% GR3D_FREQ 0% AUX@44C CPU@44.5C thermal@44.3C AO@44C GPU@44C PMIC@50C
1791264432.148460 10-06-2026 14:27:12 RAM 4601/6833MB (lfb 2x2MB) SWAP 216/3417MB (cached 1MB) CPU [40%@1420,0%@1420,4%@1420,95%@1420,18%@1420,13%@1420] EMC_FREQ 0% GR3D_FREQ 0% AUX@44C CPU@45C thermal@44.3C AO@43.5C GPU@44.5C PMIC@50C
1791264432.353528 10-06-2026 14:27:12 RAM 4629/6833MB (lfb 2x2MB) SWAP 216/3417MB (cached 1MB) CPU [61%@1420,9%@1420,35%@1420,50%@1420,28%@1420,5%@1420] EMC_FREQ 0% GR3D_FREQ 0% AUX@44C CPU@45C thermal@44.3C AO@44C GPU@44C PMIC@50C
1791264432.559440 10-06-2026 14:27:12 RAM 4664/6833MB (lfb 1x2MB) SWAP 216/3417MB (cached 1MB) CPU [9%@1420,9%@1420,0%@1420,38%@1420,100%@1420,20%@1420] EMC_FREQ 0% GR3D_FREQ 0% AUX@44C CPU@45C thermal@44.3C AO@44C GPU@44C PMIC@50C
1791264432.763574 10-06-2026 14:27:12 RAM 4692/6833MB (lfb 1x2MB) SWAP 216/3417MB (cached 1MB) CPU [55%@1420,35%@1420,14%@1420,54%@1420,52%@1420,85%@1420] EMC_FREQ 0% GR3D_FREQ 0% AUX@44C CPU@45C thermal@44.3C AO@44C GPU@44C PMIC@50C
1791264432.967888 10-06-2026 14:27:12 RAM 4713/6833MB (lfb 40x1MB) SWAP 219/3417MB (cached 1MB) CPU [15%@1267,66%@1267,33%@1267,38%@1190,16%@1190,38%@1190] EMC_FREQ 0% GR3D_FREQ 99% AUX@44C CPU@45C thermal@44.3C AO@44C GPU@44.5C PMIC@50C
1791264433.171018 10-06-2026 14:27:13 RAM 4743/6833MB (lfb 27x1MB) SWAP 219/3417MB (cached 1MB) CPU [10%@1420,42%@1420,4%@1420,23%@1420,18%@1420,5%@1420] EMC_FREQ 0% GR3D_FREQ 30% AUX@44C CPU@45C thermal@44.3C AO@44C GPU@45.5C PMIC@50C
1791264433.375093 10-06-2026 14:27:13 RAM 4696/6833MB (lfb 27x1MB) SWAP 219/3417MB (cached 1MB) CPU [20%@1190,57%@1190,9%@1190,30%@1190,4%@1190,14%@1190] EMC_FREQ 0% GR3D_FREQ 0% AUX@44C CPU@45C thermal@44.3C AO@44C GPU@44.5C PMIC@50C
1791264433.578520 10-06-2026 14:27:13 RAM 4689/6833MB (lfb 2x2MB) SWAP 219/3417MB (cached 1MB) CPU [9%@1420,4%@1420,0%@1420,0%@1420,5%@1420,5%@1420] EMC_FREQ 0% GR3D_FREQ 0% AUX@44C CPU@44.5C thermal@44.3C AO@44C GPU@44.5C PMIC@50C
1791264433.782357 10-06-2026 14:27:13 RAM 4683/6833MB (lfb 3x2MB) SWAP 219/3417MB (cached 1MB) CPU [5%@1190,10%@1190,0%@1190,25%@1190,4%@1190,5%@1190] EMC_FREQ 0% GR3D_FREQ 2% AUX@44C CPU@44.5C thermal@44.3C AO@44C GPU@44.5C PMIC@50C
1791264433.985951 10-06-2026 14:27:13 RAM 4373/6833MB (lfb 4x4MB) SWAP 219/3417MB (cached 1MB) CPU [0%@1420,9%@1420,95%@1420,4%@1420,0%@1420,0%@1420] EMC_FREQ 0% GR3D_FREQ 0% AUX@44C CPU@45C thermal@44.45C AO@44C GPU@44.5C PMIC@50C
1791264434.189045 10-06-2026 14:27:14 RAM 4373/6833MB (lfb 4x4MB) SWAP 219/3417MB (cached 1MB) CPU [4%@1420,0%@1420,100%@1420,0%@1420,4%@1420,0%@1420] EMC_FREQ 0% GR3D_FREQ 0% AUX@44C CPU@45C thermal@44.45C AO@44C GPU@44.5C PMIC@50C
1791264434.392566 10-06-2026 14:27:14 RAM 4373/6833MB (lfb 4x4MB) SWAP 219/3417MB (cached 1MB) CPU [4%@1420,0%@1420,35%@1420,9%@1420,63%@1420,4%@1420] EMC_FREQ 0% GR3D_FREQ 0% AUX@44C CPU@45C thermal@44.45C AO@44C GPU@44.5C PMIC@50C
1791264434.596312 10-06-2026 14:27:14 RAM 4373/6833MB (lfb 4x4MB) SWAP 219/3417MB (cached 1MB) CPU [0%@1420,0%@1420,0%@1420,0%@1420,100%@1420,5%@1420] EMC_FREQ 0% GR3D_FREQ 0% AUX@44C CPU@45C thermal@44.45C AO@44C GPU@44C PMIC@50C
1791264434.800480 10-06-2026 14:27:14 RAM 4361/6833MB (lfb 4x4MB) SWAP 219/3417MB (cached 1MB) CPU [0%@1420,0%@1420,0%@1420,0%@1420,100%@1420,0%@1420] EMC_FREQ 0% GR3D_FREQ 0% AUX@44C CPU@45C thermal@44.45C AO@44C GPU@44.5C PMIC@50C
1791264435.004326 10-06-2026 14:27:15 RAM 4361/6833MB (lfb 4x4MB) SWAP 219/3417MB (cached 1MB) CPU [4%@1420,0%@1420,0%@1420,0%@1420,100%@1420,5%@1420] EMC_FREQ 0% GR3D_FREQ 0% AUX@44C CPU@45C thermal@44.45C AO@44C GPU@44.5C PMIC@50C
1791264435.208226 10-06-2026 14:27:15 RAM 4360/6833MB (lfb 4x4MB) SWAP 219/3417MB (cached 1MB) CPU [0%@1420,0%@1420,0%@1420,0%@1420,100%@1420,0%@1420] EMC_FREQ 0% GR3D_FREQ 0% AUX@44C CPU@45C thermal@44.3C AO@44C GPU@44C PMIC@50C
1791264435.411750 10-06-2026 14:27:15 RAM 3845/6833MB (lfb 49x4MB) SWAP 219/3417MB (cached 1MB) CPU [30%@1420,0%@1420,0%@1420,0%@1420,100%@1420,9%@1420] EMC_FREQ 0% GR3D_FREQ 0% AUX@44C CPU@45C thermal@44.3C AO@44C GPU@44.5C PMIC@50C
1791264435.615232 10-06-2026 14:27:15 RAM 3844/6833MB (lfb 49x4MB) SWAP 219/3417MB (cached 1MB) CPU [0%@1420,0%@1420,0%@1420,0%@1420,90%@1420,0%@1420] EMC_FREQ 0% GR3D_FREQ 0% AUX@44C CPU@44.5C thermal@44.3C AO@44C GPU@44.5C PMIC@50C
1791264435.818661 10-06-2026 14:27:15 RAM 3844/6833MB (lfb 49x4MB) SWAP 219/3417MB (cached 1MB) CPU [14%@1420,0%@1420,4%@1420,0%@1420,100%@1420,0%@1420] EMC_FREQ 0% GR3D_FREQ 0% AUX@44C CPU@45C thermal@44.3C AO@44C GPU@44.5C PMIC@50C
1791264436.023470 10-06-2026 14:27:16 RAM 3844/6833MB (lfb 49x4MB) SWAP 219/3417MB (cached 1MB) CPU [5%@1420,0%@1420,0%@1420,0%@1420,100%@1420,0%@1420] EMC_FREQ 0% GR3D_FREQ 0% AUX@44C CPU@44.5C thermal@44.3C AO@43.5C GPU@44.5C PMIC@50C
1791264436.225426 10-06-2026 14:27:16 RAM 3844/6833MB (lfb 49x4MB) SWAP 219/3417MB (cached 1MB) CPU [0%@1420,0%@1420,0%@1420,0%@1420,19%@1420,80%@1420] EMC_FREQ 0% GR3D_FREQ 0% AUX@44C CPU@45C thermal@44.25C AO@43.5C GPU@44.5C PMIC@50C
1791264436.428640 10-06-2026 14:27:16 RAM 3844/6833MB (lfb 49x4MB) SWAP 219/3417MB (cached 1MB) CPU [9%@1420,0%@1420,4%@1420,4%@1420,4%@1420,100%@1420] EMC_FREQ 0% GR3D_FREQ 0% AUX@44C CPU@45C thermal@44.25C AO@44C GPU@44.5C PMIC@50C
1791264436.631837 10-06-2026 14:27:16 RAM 3844/6833MB (lfb 49x4MB) SWAP 219/3417MB (cached 1MB) CPU [4%@1420,0%@1420,0%@1420,9%@1420,40%@1420,57%@1420] EMC_FREQ 0% GR3D_FREQ 0% AUX@44C CPU@45C thermal@44.25C AO@44C GPU@44.5C PMIC@50C
1791264436.835059 10-06-2026 14:27:16 RAM 3844/6833MB (lfb 49x4MB) SWAP 219/3417MB (cached 1MB) CPU [4%@1420,0%@1420,0%@1420,0%@1420,57%@1420,19%@1420] EMC_FREQ 0% GR3D_FREQ 0% AUX@44C CPU@44.5C thermal@44.25C AO@44C GPU@44.5C PMIC@50C
1791264437.038569 10-06-2026 14:27:17 RAM 3844/6833MB (lfb 49x4MB) SWAP 219/3417MB (cached 1MB) CPU [0%@1420,0%@1420,0%@1420,0%@1420,100%@1420,4%@1420] EMC_FREQ 0% GR3D_FREQ 0% AUX@44C CPU@44.5C thermal@44.25C AO@44C GPU@44C PMIC@50C
1791264437.241885 10-06-2026 14:27:17 RAM 3843/6833MB (lfb 49x4MB) SWAP 219/3417MB (cached 1MB) CPU [4%@1420,0%@1420,0%@1420,0%@1420,100%@1420,0%@1420] EMC_FREQ 0% GR3D_FREQ 0% AUX@44C CPU@45C thermal@44.25C AO@43.5C GPU@44.5C PMIC@50C
1791264437.444999 10-06-2026 14:27:17 RAM 3844/6833MB (lfb 49x4MB) SWAP 219/3417MB (cached 1MB) CPU [0%@1420,5%@1420,4%@1420,4%@1420,100%@1420,0%@1420] EMC_FREQ 0% GR3D_FREQ 0% AUX@44C CPU@44.5C thermal@44.45C AO@43.5C GPU@44C PMIC@50C
1791264437.648349 10-06-2026 14:27:17 RAM 3843/6833MB (lfb 49x4MB) SWAP 219/3417MB (cached 1MB) CPU [0%@1420,0%@1420,0%@1420,0%@1420,47%@1420,47%@1420] EMC_FREQ 0% GR3D_FREQ 0% AUX@44C CPU@44.5C thermal@44.45C AO@43.5C GPU@44C PMIC@50C
1791264437.851555 10-06-2026 14:27:17 RAM 3844/6833MB (lfb 49x4MB) SWAP 219/3417MB (cached 1MB) CPU [0%@1420,0%@1420,0%@1420,0%@1420,4%@1420,95%@1420] EMC_FREQ 0% GR3D_FREQ 0% AUX@44C CPU@45C thermal@44.45C AO@43.5C GPU@44C PMIC@50C
1791264438.056263 10-06-2026 14:27:18 RAM 3843/6833MB (lfb 49x4MB) SWAP 219/3417MB (cached 1MB) CPU [4%@1420,0%@1420,0%@1420,4%@1420,10%@1420,63%@1420] EMC_FREQ 0% GR3D_FREQ 0% AUX@44C CPU@44.5C thermal@44.45C AO@43.5C GPU@44C PMIC@50C
1791264438.259726 10-06-2026 14:27:18 RAM 3844/6833MB (lfb 49x4MB) SWAP 219/3417MB (cached 1MB) CPU [0%@1190,4%@1190,0%@1190,0%@1190,10%@1190,19%@1190] EMC_FREQ 0% GR3D_FREQ 0% AUX@43.5C CPU@44.5C thermal@44.45C AO@43.5C GPU@44C PMIC@50C
1791264438.463486 10-06-2026 14:27:18 RAM 3843/6833MB (lfb 49x4MB) SWAP 219/3417MB (cached 1MB) CPU [9%@1420,0%@1420,4%@1420,0%@1420,80%@1420,5%@1420] EMC_FREQ 0% GR3D_FREQ 0% AUX@43.5C CPU@44.5C thermal@43.95C AO@43.5C GPU@44C PMIC@50C
1791264438.667061 10-06-2026 14:27:18 RAM 3843/6833MB (lfb 49x4MB) SWAP 219/3417MB (cached 1MB) CPU [0%@1420,0%@1420,0%@1420,0%@1420,95%@1420,0%@1420] EMC_FREQ 0% GR3D_FREQ 0% AUX@43.5C CPU@44.5C thermal@43.95C AO@43.5C GPU@44C PMIC@50C
1791264438.870749 10-06-2026 14:27:18 RAM 3843/6833MB (lfb 49x4MB) SWAP 219/3417MB (cached 1MB) CPU [0%@1190,4%@1190,0%@1190,0%@1190,47%@1190,10%@1190] EMC_FREQ 0% GR3D_FREQ 0% AUX@43.5C CPU@44.5C thermal@43.95C AO@43.5C GPU@44C PMIC@50C
1791264439.074405 10-06-2026 14:27:19 RAM 3843/6833MB (lfb 49x4MB) SWAP 219/3417MB (cached 1MB) CPU [0%@1420,4%@1420,0%@1420,4%@1420,65%@1420,9%@1420] EMC_FREQ 0% GR3D_FREQ 0% AUX@43.5C CPU@44.5C thermal@43.95C AO@43.5C GPU@44C PMIC@50C
1791264439.278231 10-06-2026 14:27:19 RAM 3843/6833MB (lfb 49x4MB) SWAP 219/3417MB (cached 1MB) CPU [4%@1420,10%@1420,0%@1420,0%@1420,100%@1420,0%@1420] EMC_FREQ 0% GR3D_FREQ 0% AUX@44C CPU@44.5C thermal@43.95C AO@43.5C GPU@43.5C PMIC@50C
1791264439.481819 10-06-2026 14:27:19 RAM 3843/6833MB (lfb 49x4MB) SWAP 219/3417MB (cached 1MB) CPU [4%@1344,0%@1344,0%@1344,0%@1344,68%@1344,4%@1344] EMC_FREQ 0% GR3D_FREQ 0% AUX@43.5C CPU@44.5C thermal@43.95C AO@43.5C GPU@43.5C PMIC@50C
1791264439.685569 10-06-2026 14:27:19 RAM 3843/6833MB (lfb 49x4MB) SWAP 219/3417MB (cached 1MB) CPU [0%@1420,0%@1420,0%@1420,4%@1420,5%@1420,54%@1420] EMC_FREQ 0% GR3D_FREQ 0% AUX@43.5C CPU@44.5C thermal@43.95C AO@43.5C GPU@43.5C PMIC@50C
1791264439.889148 10-06-2026 14:27:19 RAM 3843/6833MB (lfb 49x4MB) SWAP 219/3417MB (cached 1MB) CPU [4%@1420,4%@1420,0%@1420,0%@1420,0%@1420,100%@1420] EMC_FREQ 0% GR3D_FREQ 0% AUX@43.5C CPU@44.5C thermal@43.95C AO@43.5C GPU@44C PMIC@50C
1791264440.092834 10-06-2026 14:27:20 RAM 3843/6833MB (lfb 49x4MB) SWAP 219/3417MB (cached 1MB) CPU [10%@1420,0%@1420,0%@1420,4%@1420,0%@1420,100%@1420] EMC_FREQ 0% GR3D_FREQ 0% AUX@43.5C CPU@44.5C thermal@43.95C AO@43.5C GPU@43.5C PMIC@50C
1791264440.296423 10-06-2026 14:27:20 RAM 3843/6833MB (lfb 49x4MB) SWAP 219/3417MB (cached 1MB) CPU [0%@1420,0%@1420,0%@1420,0%@1420,0%@1420,100%@1420] EMC_FREQ 0% GR3D_FREQ 0% AUX@43.5C CPU@44.5C thermal@43.95C AO@43.5C GPU@43.5C PMIC@50C
1791264440.500249 10-06-2026 14:27:20 RAM 3843/6833MB (lfb 49x4MB) SWAP 219/3417MB (cached 1MB) CPU [9%@1420,9%@1420,0%@1420,0%@1420,0%@1420,100%@1420] EMC_FREQ 0% GR3D_FREQ 0% AUX@43.5C CPU@44.5C thermal@43.95C AO@43.5C GPU@43.5C PMIC@50C
1791264440.703940 10-06-2026 14:27:20 RAM 3843/6833MB (lfb 49x4MB) SWAP 219/3417MB (cached 1MB) CPU [0%@1420,4%@1420,4%@1420,0%@1420,0%@1420,100%@1420] EMC_FREQ 0% GR3D_FREQ 0% AUX@43.5C CPU@44.5C thermal@43.95C AO@43.5C GPU@43.5C PMIC@50C
1791264440.907458 10-06-2026 14:27:20 RAM 3785/6833MB (lfb 51x4MB) SWAP 219/3417MB (cached 1MB) CPU [4%@1420,0%@1420,0%@1420,0%@1420,0%@1420,100%@1420] EMC_FREQ 0% GR3D_FREQ 0% AUX@43.5C CPU@44.5C thermal@43.95C AO@43.5C GPU@43.5C PMIC@50C
1791264441.111010 10-06-2026 14:27:21 RAM 3721/6833MB (lfb 51x4MB) SWAP 219/3417MB (cached 1MB) CPU [0%@1420,0%@1420,0%@1420,0%@1420,0%@1420,100%@1420] EMC_FREQ 0% GR3D_FREQ 0% AUX@43.5C CPU@44.5C thermal@43.95C AO@43.5C GPU@43.5C PMIC@50C
1791264441.314336 10-06-2026 14:27:21 RAM 3551/6833MB (lfb 62x4MB) SWAP 219/3417MB (cached 1MB) CPU [4%@1420,0%@1420,0%@1420,0%@1420,0%@1420,100%@1420] EMC_FREQ 0% GR3D_FREQ 0% AUX@43.5C CPU@44.5C thermal@43.95C AO@43.5C GPU@43.5C PMIC@50C
1791264441.517617 10-06-2026 14:27:21 RAM 3275/6833MB (lfb 65x4MB) SWAP 217/3417MB (cached 1MB) CPU [45%@1420,4%@1420,0%@1420,5%@1420,28%@1420,26%@1420] EMC_FREQ 0% GR3D_FREQ 0% AUX@43.5C CPU@44.5C thermal@43.95C AO@43.5C GPU@43.5C PMIC@50C
1791264441.721016 10-06-2026 14:27:21 RAM 3275/6833MB (lfb 65x4MB) SWAP 217/3417MB (cached 1MB) CPU [23%@1190,0%@1190,0%@1190,0%@1190,0%@1190,0%@1190] EMC_FREQ 0% GR3D_FREQ 0% AUX@43.5C CPU@44C thermal@43.95C AO@43C GPU@43.5C PMIC@50C
1791264441.924432 10-06-2026 14:27:21 RAM 3275/6833MB (lfb 65x4MB) SWAP 217/3417MB (cached 1MB) CPU [0%@1190,0%@1190,0%@1190,0%@1190,0%@1190,0%@1190] EMC_FREQ 0% GR3D_FREQ 0% AUX@43.5C CPU@44C thermal@43.65C AO@43C GPU@43.5C PMIC@50C
1791264442.127605 10-06-2026 14:27:22 RAM 3271/6833MB (lfb 65x4MB) SWAP 217/3417MB (cached 1MB) CPU [0%@1420,0%@1420,0%@1420,0%@1420,0%@1420,68%@1420] EMC_FREQ 0% GR3D_FREQ 0% AUX@43.5C CPU@44.5C thermal@43.65C AO@43C GPU@43.5C PMIC@50C
1791264442.330925 10-06-2026 14:27:22 RAM 3266/6833MB (lfb 65x4MB) SWAP 217/3417MB (cached 1MB) CPU [0%@1420,0%@1420,4%@1420,45%@1420,9%@1420,9%@1420] EMC_FREQ 0% GR3D_FREQ 0% AUX@43.5C CPU@44.5C thermal@43.65C AO@43.5C GPU@43.5C PMIC@50C
1791264442.534312 10-06-2026 14:27:22 RAM 3259/6833MB (lfb 65x4MB) SWAP 217/3417MB (cached 1MB) CPU [9%@1190,0%@1190,9%@1190,52%@1420,0%@1420,0%@1420] EMC_FREQ 0% GR3D_FREQ 0% AUX@43.5C CPU@44C thermal@43.65C AO@43.5C GPU@43.5C PMIC@50C
1791264442.737469 10-06-2026 14:27:22 RAM 2984/6833MB (lfb 65x4MB) SWAP 217/3417MB (cached 1MB) CPU [10%@1420,9%@1420,9%@1420,9%@1420,0%@1420,38%@1420] EMC_FREQ 0% GR3D_FREQ 0% AUX@43.5C CPU@44.5C thermal@43.65C AO@43.5C GPU@43.5C PMIC@50C
1791264442.940807 10-06-2026 14:27:22 RAM 1872/6833MB (lfb 146x4MB) SWAP 217/3417MB (cached 1MB) CPU [0%@1420,4%@1420,0%@1420,0%@1420,45%@1420,100%@1420] EMC_FREQ 0% GR3D_FREQ 0% AUX@43.5C CPU@44.5C thermal@43.8C AO@43.5C GPU@43.5C PMIC@50C
1791264443.144601 10-06-2026 14:27:23 RAM 1585/6833MB (lfb 150x4MB) SWAP 217/3417MB (cached 1MB) CPU [0%@1190,0%@1190,0%@1190,0%@1190,20%@1190,95%@1190] EMC_FREQ 0% GR3D_FREQ 0% AUX@43.5C CPU@44.5C thermal@43.8C AO@43.5C GPU@43.5C PMIC@50C
