1791262741.894652 10-06-2026 13:59:01 RAM 1600/6833MB (lfb 184x4MB) SWAP 125/3417MB (cached 1MB) CPU [9%@1420,68%@1420,4%@1420,0%@1420,0%@1420,31%@1420] EMC_FREQ 0% GR3D_FREQ 0% AUX@40.5C CPU@41.5C thermal@40.65C AO@40.5C GPU@40.5C PMIC@50C
1791262742.097751 10-06-2026 13:59:02 RAM 1601/6833MB (lfb 184x4MB) SWAP 125/3417MB (cached 1MB) CPU [0%@1420,0%@1420,0%@1420,0%@1420,0%@1420,95%@1420] EMC_FREQ 0% GR3D_FREQ 0% AUX@40.5C CPU@41.5C thermal@40.65C AO@40.5C GPU@40.5C PMIC@50C
1791262742.301393 10-06-2026 13:59:02 RAM 1602/6833MB (lfb 184x4MB) SWAP 125/3417MB (cached 1MB) CPU [4%@1420,0%@1420,0%@1420,0%@1420,0%@1420,95%@1420] EMC_FREQ 0% GR3D_FREQ 0% AUX@40.5C CPU@41.5C thermal@40.65C AO@40.5C GPU@41C PMIC@50C
1791262742.504833 10-06-2026 13:59:02 RAM 1603/6833MB (lfb 184x4MB) SWAP 125/3417MB (cached 1MB) CPU [0%@1420,0%@1420,9%@1420,5%@1420,0%@1420,94%@1420] EMC_FREQ 0% GR3D_FREQ 0% AUX@40.5C CPU@41.5C thermal@40.65C AO@40.5C GPU@40.5C PMIC@50C
1791262742.708461 10-06-2026 13:59:02 RAM 1604/6833MB (lfb 184x4MB) SWAP 125/3417MB (cached 1MB) CPU [0%@1420,47%@1420,0%@1420,4%@1420,0%@1420,47%@1420] EMC_FREQ 0% GR3D_FREQ 0% AUX@40.5C CPU@41.5C thermal@40.65C AO@40.5C GPU@40.5C PMIC@50C
1791262742.915941 10-06-2026 13:59:02 RAM 1607/6833MB (lfb 184x4MB) SWAP 125/3417MB (cached 1MB) CPU [9%@1420,77%@1420,4%@1420,4%@1420,4%@1420,0%@1420] EMC_FREQ 0% GR3D_FREQ 0% AUX@40.5C CPU@41.5C thermal@40.65C AO@40.5C GPU@40.5C PMIC@50C
1791262743.116769 10-06-2026 13:59:03 RAM 1607/6833MB (lfb 184x4MB) SWAP 125/3417MB (cached 1MB) CPU [0%@1420,78%@1420,0%@1420,0%@1420,0%@1420,0%@1420] EMC_FREQ 0% GR3D_FREQ 0% AUX@40.5C CPU@41.5C thermal@40.65C AO@40.5C GPU@40.5C PMIC@50C
1791262743.320222 10-06-2026 13:59:03 RAM 1607/6833MB (lfb 184x4MB) SWAP 125/3417MB (cached 1MB) CPU [9%@1190,31%@1190,0%@1190,0%@1420,0%@1420,0%@1420] EMC_FREQ 0% GR3D_FREQ 0% AUX@40.5C CPU@41.5C thermal@40.65C AO@40.5C GPU@40.5C PMIC@50C
1791262743.524034 10-06-2026 13:59:03 RAM 1607/6833MB (lfb 184x4MB) SWAP 125/3417MB (cached 1MB) CPU [0%@1190,26%@1190,0%@1190,4%@1190,0%@1190,0%@1420] EMC_FREQ 0% GR3D_FREQ 0% AUX@40.5C CPU@41.5C thermal@40.65C AO@40.5C GPU@40.5C PMIC@50C
1791262743.727442 10-06-2026 13:59:03 RAM 1608/6833MB (lfb 184x4MB) SWAP 125/3417MB (cached 1MB) CPU [5%@1190,20%@1190,0%@1420,0%@1420,0%@1420,0%@1420] EMC_FREQ 0% GR3D_FREQ 0% AUX@40.5C CPU@41.5C thermal@40.65C AO@40.5C GPU@40.5C PMIC@50C
1791262743.931099 10-06-2026 13:59:03 RAM 1609/6833MB (lfb 184x4MB) SWAP 125/3417MB (cached 1MB) CPU [5%@1190,35%@1190,0%@1190,4%@1190,0%@1190,0%@1190] EMC_FREQ 0% GR3D_FREQ 0% AUX@40.5C CPU@41.5C thermal@40.8C AO@40.5C GPU@41C PMIC@50C
1791262744.134859 10-06-2026 13:59:04 RAM 1610/6833MB (lfb 184x4MB) SWAP 125/3417MB (cached 1MB) CPU [5%@1420,100%@1420,0%@1420,0%@1420,0%@1420,0%@1420] EMC_FREQ 0% GR3D_FREQ 0% AUX@40.5C CPU@41.5C thermal@40.8C AO@40.5C GPU@40.5C PMIC@50C
1791262744.338726 10-06-2026 13:59:04 RAM 1611/6833MB (lfb 184x4MB) SWAP 125/3417MB (cached 1MB) CPU [0%@1420,88%@1420,0%@1420,0%@1420,4%@1420,0%@1420] EMC_FREQ 0% GR3D_FREQ 0% AUX@40.5C CPU@41.5C thermal@40.8C AO@40.5C GPU@41C PMIC@50C
1791262744.542991 10-06-2026 13:59:04 RAM 1611/6833MB (lfb 184x4MB) SWAP 125/3417MB (cached 1MB) CPU [19%@1420,71%@1420,0%@1420,4%@1420,0%@1420,0%@1420] EMC_FREQ 0% GR3D_FREQ 0% AUX@40.5C CPU@41.5C thermal@40.8C AO@40.5C GPU@40.5C PMIC@50C
1791262744.746863 10-06-2026 13:59:04 RAM 1614/6833MB (lfb 184x4MB) SWAP 125/3417MB (cached 1MB) CPU [90%@1420,15%@1420,0%@1420,0%@1420,0%@1420,0%@1420] EMC_FREQ 0% GR3D_FREQ 0% AUX@40.5C CPU@41.5C thermal@40.8C AO@40.5C GPU@41C PMIC@50C
1791262744.950114 10-06-2026 13:59:04 RAM 1616/6833MB (lfb 184x4MB) SWAP 125/3417MB (cached 1MB) CPU [4%@1420,95%@1420,4%@1420,4%@1420,0%@1420,0%@1420] EMC_FREQ 0% GR3D_FREQ 0% AUX@40.5C CPU@41.5C thermal@40.8C AO@41C GPU@41C PMIC@50C
1791262745.153812 10-06-2026 13:59:05 RAM 1626/6833MB (lfb 184x4MB) SWAP 125/3417MB (cached 1MB) CPU [85%@1420,85%@1420,71%@1420,68%@1420,75%@1420,70%@1420] EMC_FREQ 0% GR3D_FREQ 0% AUX@40.5C CPU@42C thermal@40.8C AO@40.5C GPU@40.5C PMIC@50C
1791262745.357141 10-06-2026 13:59:05 RAM 1626/6833MB (lfb 184x4MB) SWAP 125/3417MB (cached 1MB) CPU [100%@1420,100%@1420,95%@1420,100%@1420,100%@1420,100%@1420] EMC_FREQ 0% GR3D_FREQ 0% AUX@40.5C CPU@42C thermal@40.8C AO@40.5C GPU@40.5C PMIC@50C
1791262745.560680 10-06-2026 13:59:05 RAM 1628/6833MB (lfb 184x4MB) SWAP 125/3417MB (cached 1MB) CPU [89%@1420,100%@1420,80%@1420,100%@1420,100%@1420,100%@1420] EMC_FREQ 0% GR3D_FREQ 0% AUX@40.5C CPU@42.5C thermal@40.8C AO@40.5C GPU@40.5C PMIC@50C
1791262745.807176 10-06-2026 13:59:05 RAM 1633/6833MB (lfb 184x4MB) SWAP 125/3417MB (cached 1MB) CPU [84%@1420,100%@1420,100%@1420,100%@1420,100%@1420,100%@1420] EMC_FREQ 0% GR3D_FREQ 0% AUX@41C CPU@42.5C thermal@40.8C AO@41C GPU@41C PMIC@50C
1791262746.011501 10-06-2026 13:59:06 RAM 1636/6833MB (lfb 184x4MB) SWAP 125/3417MB (cached 1MB) CPU [65%@1420,100%@1420,100%@1420,100%@1420,100%@1420,100%@1420] EMC_FREQ 0% GR3D_FREQ 0% AUX@41C CPU@42.5C thermal@40.8C AO@40.5C GPU@41C PMIC@50C
1791262746.215439 10-06-2026 13:59:06 RAM 1638/6833MB (lfb 184x4MB) SWAP 125/3417MB (cached 1MB) CPU [100%@1420,90%@1420,100%@1420,100%@1420,100%@1420,100%@1420] EMC_FREQ 0% GR3D_FREQ 0% AUX@41C CPU@42.5C thermal@41.45C AO@40.5C GPU@41C PMIC@50C
1791262746.418961 10-06-2026 13:59:06 RAM 1639/6833MB (lfb 184x4MB) SWAP 125/3417MB (cached 1MB) CPU [100%@1420,85%@1420,100%@1420,100%@1420,100%@1420,100%@1420] EMC_FREQ 0% GR3D_FREQ 0% AUX@41C CPU@42.5C thermal@41.45C AO@41C GPU@41C PMIC@50C
1791262746.622719 10-06-2026 13:59:06 RAM 1642/6833MB (lfb 184x4MB) SWAP 125/3417MB (cached 1MB) CPU [100%@1420,65%@1420,100%@1420,100%@1420,100%@1420,100%@1420] EMC_FREQ 0% GR3D_FREQ 0% AUX@41C CPU@42.5C thermal@41.45C AO@41C GPU@41C PMIC@50C
1791262746.826169 10-06-2026 13:59:06 RAM 1644/6833MB (lfb 184x4MB) SWAP 125/3417MB (cached 1MB) CPU [90%@1420,100%@1420,100%@1420,100%@1420,100%@1420,100%@1420] EMC_FREQ 0% GR3D_FREQ 0% AUX@41C CPU@42.5C thermal@41.45C AO@41C GPU@41C PMIC@50C
1791262747.029532 10-06-2026 13:59:07 RAM 1645/6833MB (lfb 184x4MB) SWAP 125/3417MB (cached 1MB) CPU [94%@1420,100%@1420,100%@1420,100%@1420,100%@1420,100%@1420] EMC_FREQ 0% GR3D_FREQ 0% AUX@41C CPU@42.5C thermal@41.45C AO@40.5C GPU@41C PMIC@50C
1791262747.232854 10-06-2026 13:59:07 RAM 1645/6833MB (lfb 184x4MB) SWAP 125/3417MB (cached 1MB) CPU [95%@1420,100%@1420,100%@1420,100%@1420,100%@1420,100%@1420] EMC_FREQ 0% GR3D_FREQ 0% AUX@41C CPU@42.5C thermal@41.6C AO@41C GPU@41C PMIC@50C
1791262747.436608 10-06-2026 13:59:07 RAM 1646/6833MB (lfb 184x4MB) SWAP 125/3417MB (cached 1MB) CPU [89%@1420,100%@1420,100%@1420,100%@1420,100%@1420,100%@1420] EMC_FREQ 0% GR3D_FREQ 0% AUX@41C CPU@42.5C thermal@41.6C AO@41C GPU@41C PMIC@50C
1791262747.679129 10-06-2026 13:59:07 RAM 1649/6833MB (lfb 184x4MB) SWAP 125/3417MB (cached 1MB) CPU [91%@1420,100%@1420,100%@1420,100%@1420,100%@1420,100%@1420] EMC_FREQ 0% GR3D_FREQ 0% AUX@41C CPU@42.5C thermal@41.6C AO@41C GPU@41C PMIC@50C
1791262747.882655 10-06-2026 13:59:07 RAM 1651/6833MB (lfb 184x4MB) SWAP 125/3417MB (cached 1MB) CPU [80%@1420,100%@1420,100%@1420,100%@1420,100%@1420,100%@1420] EMC_FREQ 0% GR3D_FREQ 0% AUX@41C CPU@42.5C thermal@41.6C AO@41C GPU@41C PMIC@50C
1791262748.086083 10-06-2026 13:59:08 RAM 1651/6833MB (lfb 184x4MB) SWAP 125/3417MB (cached 1MB) CPU [95%@1420,100%@1420,100%@1420,100%@1420,100%@1420,100%@1420] EMC_FREQ 0% GR3D_FREQ 0% AUX@41C CPU@42.5C thermal@41.6C AO@41C GPU@41.5C PMIC@50C
1791262748.289437 10-06-2026 13:59:08 RAM 1654/6833MB (lfb 185x4MB) SWAP 125/3417MB (cached 1MB) CPU [95%@1420,100%@1420,100%@1420,100%@1420,100%@1420,100%@1420] EMC_FREQ 0% GR3D_FREQ 0% AUX@41C CPU@42.5C thermal@41.45C AO@41C GPU@41C PMIC@50C
1791262748.492878 10-06-2026 13:59:08 RAM 1654/6833MB (lfb 185x4MB) SWAP 125/3417MB (cached 1MB) CPU [70%@1420,100%@1420,100%@1420,100%@1420,100%@1420,100%@1420] EMC_FREQ 0% GR3D_FREQ 0% AUX@41C CPU@42.5C thermal@41.45C AO@41C GPU@41.5C PMIC@50C
1791262748.697927 10-06-2026 13:59:08 RAM 1662/6833MB (lfb 185x4MB) SWAP 125/3417MB (cached 1MB) CPU [61%@1420,100%@1420,100%@1420,95%@1420,100%@1420,100%@1420] EMC_FREQ 0% GR3D_FREQ 19% AUX@41.5C CPU@43C thermal@41.45C AO@41C GPU@41.5C PMIC@50C
1791262748.903510 10-06-2026 13:59:08 RAM 1662/6833MB (lfb 185x4MB) SWAP 125/3417MB (cached 1MB) CPU [100%@1420,100%@1420,100%@1420,95%@1420,100%@1420,100%@1420] EMC_FREQ 0% GR3D_FREQ 0% AUX@41.5C CPU@43C thermal@41.45C AO@41.5C GPU@41.5C PMIC@50C
1791262749.107213 10-06-2026 13:59:09 RAM 1664/6833MB (lfb 185x4MB) SWAP 125/3417MB (cached 1MB) CPU [100%@1420,100%@1420,84%@1420,95%@1420,100%@1420,100%@1420] EMC_FREQ 0% GR3D_FREQ 0% AUX@41.5C CPU@43C thermal@41.45C AO@41C GPU@41.5C PMIC@50C
1791262749.337296 10-06-2026 13:59:09 RAM 1689/6833MB (lfb 185x4MB) SWAP 123/3417MB (cached 1MB) CPU [100%@1420,100%@1420,87%@1420,100%@1420,100%@1420,100%@1420] EMC_FREQ 0% GR3D_FREQ 0% AUX@41C CPU@43C thermal@41.45C AO@41C GPU@41.5C PMIC@50C
1791262749.541157 10-06-2026 13:59:09 RAM 1700/6833MB (lfb 185x4MB) SWAP 123/3417MB (cached 1MB) CPU [100%@1420,100%@1420,71%@1420,100%@1420,100%@1420,100%@1420] EMC_FREQ 0% GR3D_FREQ 0% AUX@41.5C CPU@42.5C thermal@41.95C AO@41C GPU@41.5C PMIC@50C
1791262749.744870 10-06-2026 13:59:09 RAM 1708/6833MB (lfb 185x4MB) SWAP 123/3417MB (cached 1MB) CPU [100%@1420,100%@1420,80%@1420,35%@1420,100%@1420,100%@1420] EMC_FREQ 0% GR3D_FREQ 0% AUX@41.5C CPU@43C thermal@41.95C AO@41.5C GPU@41.5C PMIC@50C
1791262749.948334 10-06-2026 13:59:09 RAM 1723/6833MB (lfb 185x4MB) SWAP 123/3417MB (cached 1MB) CPU [90%@1420,100%@1420,100%@1420,100%@1420,95%@1420,100%@1420] EMC_FREQ 0% GR3D_FREQ 0% AUX@41.5C CPU@43C thermal@41.95C AO@41C GPU@41.5C PMIC@50C
1791262750.152123 10-06-2026 13:59:10 RAM 1737/6833MB (lfb 185x4MB) SWAP 123/3417MB (cached 1MB) CPU [60%@1420,95%@1420,90%@1420,100%@1420,100%@1420,100%@1420] EMC_FREQ 0% GR3D_FREQ 0% AUX@41.5C CPU@43C thermal@41.95C AO@41C GPU@41.5C PMIC@50C
1791262750.355548 10-06-2026 13:59:10 RAM 1757/6833MB (lfb 185x4MB) SWAP 123/3417MB (cached 1MB) CPU [100%@1420,95%@1420,100%@1420,100%@1420,100%@1420,100%@1420] EMC_FREQ 0% GR3D_FREQ 0% AUX@41.5C CPU@43C thermal@41.95C AO@41C GPU@41.5C PMIC@50C
1791262750.559093 10-06-2026 13:59:10 RAM 1758/6833MB (lfb 185x4MB) SWAP 123/3417MB (cached 1MB) CPU [95%@1420,84%@1420,100%@1420,100%@1420,100%@1420,100%@1420] EMC_FREQ 0% GR3D_FREQ 0% AUX@41.5C CPU@43C thermal@41.95C AO@41.5C GPU@41.5C PMIC@50C
1791262750.762429 10-06-2026 13:59:10 RAM 1760/6833MB (lfb 185x4MB) SWAP 123/3417MB (cached 1MB) CPU [95%@1420,77%@1420,100%@1420,100%@1420,100%@1420,100%@1420] EMC_FREQ 0% GR3D_FREQ 0% AUX@41.5C CPU@43C thermal@41.95C AO@41C GPU@41.5C PMIC@50C
1791262750.966829 10-06-2026 13:59:10 RAM 1764/6833MB (lfb 185x4MB) SWAP 123/3417MB (cached 1MB) CPU [100%@1420,100%@1420,100%@1420,100%@1420,100%@1420,100%@1420] EMC_FREQ 0% GR3D_FREQ 0% AUX@42C CPU@43.5C thermal@41.95C AO@41.5C GPU@41.5C PMIC@50C
1791262751.170574 10-06-2026 13:59:11 RAM 1767/6833MB (lfb 185x4MB) SWAP 123/3417MB (cached 1MB) CPU [100%@1420,100%@1420,100%@1420,100%@1420,100%@1420,100%@1420] EMC_FREQ 0% GR3D_FREQ 0% AUX@41.5C CPU@43.5C thermal@41.95C AO@41.5C GPU@41.5C PMIC@50C
1791262751.377199 10-06-2026 13:59:11 RAM 1773/6833MB (lfb 185x4MB) SWAP 123/3417MB (cached 1MB) CPU [100%@1420,100%@1420,100%@1420,100%@1420,100%@1420,100%@1420] EMC_FREQ 0% GR3D_FREQ 0% AUX@41.5C CPU@43.5C thermal@41.95C AO@41.5C GPU@41.5C PMIC@50C
1791262751.581109 10-06-2026 13:59:11 RAM 1781/6833MB (lfb 185x4MB) SWAP 123/3417MB (cached 1MB) CPU [100%@1420,100%@1420,100%@1420,100%@1420,100%@1420,100%@1420] EMC_FREQ 0% GR3D_FREQ 0% AUX@41.5C CPU@43.5C thermal@41.95C AO@41.5C GPU@41.5C PMIC@50C
1791262751.788487 10-06-2026 13:59:11 RAM 1786/6833MB (lfb 185x4MB) SWAP 123/3417MB (cached 1MB) CPU [100%@1420,100%@1420,100%@1420,100%@1420,100%@1420,100%@1420] EMC_FREQ 0% GR3D_FREQ 0% AUX@41.5C CPU@43.5C thermal@42.3C AO@41.5C GPU@41.5C PMIC@50C
1791262751.991935 10-06-2026 13:59:11 RAM 1790/6833MB (lfb 185x4MB) SWAP 123/3417MB (cached 1MB) CPU [100%@1420,100%@1420,100%@1420,100%@1420,100%@1420,100%@1420] EMC_FREQ 0% GR3D_FREQ 0% AUX@42C CPU@43.5C thermal@42.3C AO@41.5C GPU@41.5C PMIC@50C
1791262752.195200 10-06-2026 13:59:12 RAM 1791/6833MB (lfb 185x4MB) SWAP 123/3417MB (cached 1MB) CPU [100%@1420,100%@1420,100%@1420,100%@1420,100%@1420,100%@1420] EMC_FREQ 0% GR3D_FREQ 0% AUX@41.5C CPU@43.5C thermal@42.3C AO@41.5C GPU@42C PMIC@50C
1791262752.398648 10-06-2026 13:59:12 RAM 1793/6833MB (lfb 185x4MB) SWAP 123/3417MB (cached 1MB) CPU [100%@1420,100%@1420,100%@1420,100%@1420,100%@1420,100%@1420] EMC_FREQ 0% GR3D_FREQ 0% AUX@42C CPU@43.5C thermal@42.3C AO@41.5C GPU@41.5C PMIC@50C
1791262752.602039 10-06-2026 13:59:12 RAM 1794/6833MB (lfb 185x4MB) SWAP 123/3417MB (cached 1MB) CPU [100%@1420,100%@1420,100%@1420,100%@1420,100%@1420,100%@1420] EMC_FREQ 0% GR3D_FREQ 0% AUX@42C CPU@43.5C thermal@42.3C AO@41.5C GPU@41.5C PMIC@50C
1791262752.805416 10-06-2026 13:59:12 RAM 1796/6833MB (lfb 185x4MB) SWAP 123/3417MB (cached 1MB) CPU [100%@1420,100%@1420,100%@1420,100%@1420,100%@1420,100%@1420] EMC_FREQ 0% GR3D_FREQ 0% AUX@42C CPU@43.5C thermal@42.45C AO@41.5C GPU@42C PMIC@50C
1791262753.009615 10-06-2026 13:59:13 RAM 1799/6833MB (lfb 185x4MB) SWAP 123/3417MB (cached 1MB) CPU [100%@1420,100%@1420,100%@1420,100%@1420,100%@1420,100%@1420] EMC_FREQ 0% GR3D_FREQ 0% AUX@42C CPU@43.5C thermal@42.45C AO@41.5C GPU@42C PMIC@50C
1791262753.213154 10-06-2026 13:59:13 RAM 1803/6833MB (lfb 185x4MB) SWAP 123/3417MB (cached 1MB) CPU [100%@1420,100%@1420,100%@1420,100%@1420,100%@1420,100%@1420] EMC_FREQ 0% GR3D_FREQ 0% AUX@42C CPU@43.5C thermal@42.45C AO@41.5C GPU@42C PMIC@50C
1791262753.416444 10-06-2026 13:59:13 RAM 1813/6833MB (lfb 185x4MB) SWAP 123/3417MB (cached 1MB) CPU [100%@1420,100%@1420,100%@1420,100%@1420,100%@1420,100%@1420] EMC_FREQ 0% GR3D_FREQ 0% AUX@42C CPU@43.5C thermal@42.45C AO@41.5C GPU@42C PMIC@50C
1791262753.619897 10-06-2026 13:59:13 RAM 1817/6833MB (lfb 185x4MB) SWAP 123/3417MB (cached 1MB) CPU [100%@1420,100%@1420,100%@1420,100%@1420,100%@1420,90%@1420] EMC_FREQ 0% GR3D_FREQ 0% AUX@42C CPU@43.5C thermal@42.45C AO@42C GPU@42C PMIC@50C
1791262753.823385 10-06-2026 13:59:13 RAM 1818/6833MB (lfb 185x4MB) SWAP 123/3417MB (cached 1MB) CPU [100%@1420,100%@1420,100%@1420,100%@1420,100%@1420,77%@1420] EMC_FREQ 0% GR3D_FREQ 0% AUX@42C CPU@43.5C thermal@42.45C AO@42C GPU@42C PMIC@50C
1791262754.028742 10-06-2026 13:59:14 RAM 1820/6833MB (lfb 185x4MB) SWAP 123/3417MB (cached 1MB) CPU [100%@1420,100%@1420,100%@1420,100%@1420,100%@1420,91%@1420] EMC_FREQ 0% GR3D_FREQ 0% AUX@42C CPU@43.5C thermal@42.45C AO@41.5C GPU@42C PMIC@50C
1791262754.233006 10-06-2026 13:59:14 RAM 1822/6833MB (lfb 185x4MB) SWAP 123/3417MB (cached 1MB) CPU [100%@1420,100%@1420,100%@1420,100%@1420,100%@1420,90%@1420] EMC_FREQ 0% GR3D_FREQ 0% AUX@42C CPU@43.5C thermal@42.45C AO@41.5C GPU@42C PMIC@50C
1791262754.436677 10-06-2026 13:59:14 RAM 1824/6833MB (lfb 185x4MB) SWAP 123/3417MB (cached 1MB) CPU [100%@1420,100%@1420,100%@1420,100%@1420,100%@1420,95%@1420] EMC_FREQ 0% GR3D_FREQ 0% AUX@42C CPU@43.5C thermal@42.45C AO@42C GPU@42C PMIC@50C
1791262754.640204 10-06-2026 13:59:14 RAM 1826/6833MB (lfb 185x4MB) SWAP 123/3417MB (cached 1MB) CPU [100%@1420,100%@1420,100%@1420,100%@1420,100%@1420,84%@1420] EMC_FREQ 0% GR3D_FREQ 0% AUX@42C CPU@43.5C thermal@42.45C AO@42C GPU@42C PMIC@50C
1791262754.843686 10-06-2026 13:59:14 RAM 1828/6833MB (lfb 185x4MB) SWAP 123/3417MB (cached 1MB) CPU [100%@1420,100%@1420,100%@1420,100%@1420,100%@1420,90%@1420] EMC_FREQ 0% GR3D_FREQ 0% AUX@42C CPU@43.5C thermal@42.45C AO@42C GPU@42C PMIC@50C
1791262755.046976 10-06-2026 13:59:15 RAM 1829/6833MB (lfb 185x4MB) SWAP 123/3417MB (cached 1MB) CPU [100%@1420,100%@1420,100%@1420,100%@1420,90%@1420,100%@1420] EMC_FREQ 0% GR3D_FREQ 0% AUX@42C CPU@43.5C thermal@42.45C AO@42C GPU@42C PMIC@50C
1791262755.250402 10-06-2026 13:59:15 RAM 1830/6833MB (lfb 185x4MB) SWAP 123/3417MB (cached 1MB) CPU [100%@1420,100%@1420,100%@1420,100%@1420,94%@1420,100%@1420] EMC_FREQ 0% GR3D_FREQ 0% AUX@42C CPU@43.5C thermal@42.45C AO@42C GPU@42C PMIC@50C
1791262755.453907 10-06-2026 13:59:15 RAM 1832/6833MB (lfb 185x4MB) SWAP 123/3417MB (cached 1MB) CPU [100%@1420,100%@1420,100%@1420,100%@1420,85%@1420,100%@1420] EMC_FREQ 0% GR3D_FREQ 0% AUX@42C CPU@43.5C thermal@42.45C AO@42C GPU@42C PMIC@50C
1791262755.657081 10-06-2026 13:59:15 RAM 1834/6833MB (lfb 185x4MB) SWAP 123/3417MB (cached 1MB) CPU [85%@1420,100%@1420,100%@1420,100%@1420,90%@1420,100%@1420] EMC_FREQ 0% GR3D_FREQ 0% AUX@42C CPU@43.5C thermal@42.45C AO@42C GPU@42.5C PMIC@50C
1791262755.861829 10-06-2026 13:59:15 RAM 1836/6833MB (lfb 185x4MB) SWAP 123/3417MB (cached 1MB) CPU [95%@1420,100%@1420,100%@1420,100%@1420,80%@1420,100%@1420] EMC_FREQ 0% GR3D_FREQ 0% AUX@42C CPU@43.5C thermal@42.45C AO@42C GPU@42C PMIC@50C
1791262756.069288 10-06-2026 13:59:16 RAM 1837/6833MB (lfb 185x4MB) SWAP 123/3417MB (cached 1MB) CPU [90%@1420,100%@1420,100%@1420,100%@1420,95%@1420,100%@1420] EMC_FREQ 0% GR3D_FREQ 0% AUX@42C CPU@43.5C thermal@42.45C AO@42C GPU@42C PMIC@50C
1791262756.272942 10-06-2026 13:59:16 RAM 1839/6833MB (lfb 185x4MB) SWAP 123/3417MB (cached 1MB) CPU [95%@1420,100%@1420,100%@1420,100%@1420,85%@1420,100%@1420] EMC_FREQ 0% GR3D_FREQ 0% AUX@42C CPU@43.5C thermal@42.6C AO@42C GPU@42C PMIC@50C
1791262756.476425 10-06-2026 13:59:16 RAM 1839/6833MB (lfb 185x4MB) SWAP 123/3417MB (cached 1MB) CPU [100%@1420,100%@1420,100%@1420,100%@1420,100%@1420,100%@1420] EMC_FREQ 0% GR3D_FREQ 0% AUX@42C CPU@43.5C thermal@42.6C AO@42C GPU@42.5C PMIC@50C
1791262756.679857 10-06-2026 13:59:16 RAM 1841/6833MB (lfb 185x4MB) SWAP 123/3417MB (cached 1MB) CPU [100%@1420,100%@1420,100%@1420,100%@1420,85%@1420,100%@1420] EMC_FREQ 0% GR3D_FREQ 0% AUX@42.5C CPU@44C thermal@42.6C AO@42C GPU@42.5C PMIC@50C
1791262756.883327 10-06-2026 13:59:16 RAM 1844/6833MB (lfb 185x4MB) SWAP 123/3417MB (cached 1MB) CPU [95%@1420,100%@1420,100%@1420,100%@1420,77%@1420,100%@1420] EMC_FREQ 0% GR3D_FREQ 0% AUX@42C CPU@43.5C thermal@42.6C AO@42C GPU@42.5C PMIC@50C
1791262757.086643 10-06-2026 13:59:17 RAM 1848/6833MB (lfb 185x4MB) SWAP 123/3417MB (cached 1MB) CPU [100%@1420,100%@1420,100%@1420,100%@1420,90%@1420,100%@1420] EMC_FREQ 0% GR3D_FREQ 0% AUX@42.5C CPU@44C thermal@42.6C AO@42C GPU@42.5C PMIC@50C
1791262757.290565 10-06-2026 13:59:17 RAM 1848/6833MB (lfb 185x4MB) SWAP 123/3417MB (cached 1MB) CPU [100%@1420,100%@1420,100%@1420,100%@1420,95%@1420,100%@1420] EMC_FREQ 0% GR3D_FREQ 0% AUX@42C CPU@43.5C thermal@42.6C AO@42C GPU@42.5C PMIC@50C
1791262757.495536 10-06-2026 13:59:17 RAM 1850/6833MB (lfb 185x4MB) SWAP 123/3417MB (cached 1MB) CPU [95%@1420,100%@1420,100%@1420,100%@1420,86%@1420,100%@1420] EMC_FREQ 0% GR3D_FREQ 0% AUX@42.5C CPU@44C thermal@42.6C AO@42C GPU@42.5C PMIC@50C
1791262757.699171 10-06-2026 13:59:17 RAM 1854/6833MB (lfb 185x4MB) SWAP 123/3417MB (cached 1MB) CPU [100%@1420,100%@1420,100%@1420,100%@1420,77%@1420,100%@1420] EMC_FREQ 0% GR3D_FREQ 0% AUX@42.5C CPU@44C thermal@42.6C AO@42C GPU@42.5C PMIC@50C
1791262757.902517 10-06-2026 13:59:17 RAM 1854/6833MB (lfb 185x4MB) SWAP 123/3417MB (cached 1MB) CPU [100%@1420,100%@1420,100%@1420,100%@1420,94%@1420,100%@1420] EMC_FREQ 0% GR3D_FREQ 0% AUX@42.5C CPU@43.5C thermal@42.6C AO@42C GPU@42.5C PMIC@50C
1791262758.105842 10-06-2026 13:59:18 RAM 1855/6833MB (lfb 185x4MB) SWAP 123/3417MB (cached 1MB) CPU [100%@1420,100%@1420,100%@1420,100%@1420,95%@1420,100%@1420] EMC_FREQ 0% GR3D_FREQ 0% AUX@42.5C CPU@44C thermal@42.6C AO@42.5C GPU@42.5C PMIC@50C
1791262758.309229 10-06-2026 13:59:18 RAM 1855/6833MB (lfb 185x4MB) SWAP 123/3417MB (cached 1MB) CPU [100%@1420,100%@1420,100%@1420,100%@1420,90%@1420,100%@1420] EMC_FREQ 0% GR3D_FREQ 0% AUX@42.5C CPU@44C thermal@42.6C AO@42C GPU@42.5C PMIC@50C
1791262758.512754 10-06-2026 13:59:18 RAM 1855/6833MB (lfb 185x4MB) SWAP 123/3417MB (cached 1MB) CPU [100%@1420,100%@1420,100%@1420,100%@1420,95%@1420,100%@1420] EMC_FREQ 0% GR3D_FREQ 0% AUX@42.5C CPU@44C thermal@42.95C AO@42C GPU@42.5C PMIC@50C
1791262758.717898 10-06-2026 13:59:18 RAM 1856/6833MB (lfb 185x4MB) SWAP 123/3417MB (cached 1MB) CPU [100%@1420,100%@1420,100%@1420,100%@1420,95%@1420,100%@1420] EMC_FREQ 0% GR3D_FREQ 0% AUX@42.5C CPU@44C thermal@42.95C AO@42C GPU@42.5C PMIC@50C
1791262758.921201 10-06-2026 13:59:18 RAM 1857/6833MB (lfb 185x4MB) SWAP 123/3417MB (cached 1MB) CPU [100%@1420,100%@1420,100%@1420,100%@1420,90%@1420,100%@1420] EMC_FREQ 0% GR3D_FREQ 0% AUX@42.5C CPU@44C thermal@42.95C AO@42C GPU@42.5C PMIC@50C
1791262759.124476 10-06-2026 13:59:19 RAM 1857/6833MB (lfb 185x4MB) SWAP 123/3417MB (cached 1MB) CPU [90%@1420,100%@1420,100%@1420,100%@1420,95%@1420,100%@1420] EMC_FREQ 0% GR3D_FREQ 0% AUX@42.5C CPU@44C thermal@42.95C AO@42C GPU@42.5C PMIC@50C
1791262759.327919 10-06-2026 13:59:19 RAM 1860/6833MB (lfb 185x4MB) SWAP 123/3417MB (cached 1MB) CPU [100%@1420,100%@1420,100%@1420,100%@1420,80%@1420,100%@1420] EMC_FREQ 0% GR3D_FREQ 0% AUX@42.5C CPU@44C thermal@42.95C AO@42C GPU@42.5C PMIC@50C
1791262759.531062 10-06-2026 13:59:19 RAM 1863/6833MB (lfb 185x4MB) SWAP 123/3417MB (cached 1MB) CPU [100%@1420,95%@1420,100%@1420,100%@1420,80%@1420,95%@1420] EMC_FREQ 0% GR3D_FREQ 0% AUX@42.5C CPU@44C thermal@42.95C AO@42.5C GPU@42.5C PMIC@50C
1791262759.734418 10-06-2026 13:59:19 RAM 1866/6833MB (lfb 185x4MB) SWAP 123/3417MB (cached 1MB) CPU [5%@1420,9%@1420,5%@1420,0%@1420,30%@1420,47%@1420] EMC_FREQ 0% GR3D_FREQ 0% AUX@42.5C CPU@43.5C thermal@42.95C AO@42.5C GPU@42.5C PMIC@50C
1791262759.937878 10-06-2026 13:59:19 RAM 1866/6833MB (lfb 185x4MB) SWAP 123/3417MB (cached 1MB) CPU [9%@1420,9%@1420,9%@1420,14%@1420,0%@1420,100%@1420] EMC_FREQ 0% GR3D_FREQ 0% AUX@42.5C CPU@43.5C thermal@42.95C AO@42.5C GPU@42.5C PMIC@50C
1791262760.141159 10-06-2026 13:59:20 RAM 1867/6833MB (lfb 185x4MB) SWAP 123/3417MB (cached 1MB) CPU [0%@1420,5%@1420,5%@1420,10%@1420,0%@1420,84%@1420] EMC_FREQ 0% GR3D_FREQ 0% AUX@42.5C CPU@43.5C thermal@42.95C AO@42C GPU@42.5C PMIC@50C
1791262760.344532 10-06-2026 13:59:20 RAM 1868/6833MB (lfb 185x4MB) SWAP 123/3417MB (cached 1MB) CPU [0%@1420,5%@1420,0%@1420,5%@1420,5%@1420,95%@1420] EMC_FREQ 0% GR3D_FREQ 0% AUX@42.5C CPU@43.5C thermal@42.95C AO@42.5C GPU@42.5C PMIC@50C
1791262760.547770 10-06-2026 13:59:20 RAM 1870/6833MB (lfb 185x4MB) SWAP 123/3417MB (cached 1MB) CPU [13%@1420,4%@1420,5%@1420,10%@1420,60%@1420,36%@1420] EMC_FREQ 0% GR3D_FREQ 0% AUX@42.5C CPU@43.5C thermal@42.95C AO@42C GPU@42.5C PMIC@50C
1791262760.750968 10-06-2026 13:59:20 RAM 1871/6833MB (lfb 185x4MB) SWAP 123/3417MB (cached 1MB) CPU [9%@1420,5%@1420,4%@1420,14%@1420,88%@1420,4%@1420] EMC_FREQ 0% GR3D_FREQ 0% AUX@42.5C CPU@43.5C thermal@42.8C AO@42.5C GPU@42.5C PMIC@50C
1791262760.954335 10-06-2026 13:59:20 RAM 1872/6833MB (lfb 185x4MB) SWAP 123/3417MB (cached 1MB) CPU [10%@1420,9%@1420,4%@1420,10%@1420,90%@1420,0%@1420] EMC_FREQ 0% GR3D_FREQ 0% AUX@42.5C CPU@43.5C thermal@42.8C AO@42.5C GPU@42.5C PMIC@50C
1791262761.157963 10-06-2026 13:59:21 RAM 1872/6833MB (lfb 185x4MB) SWAP 123/3417MB (cached 1MB) CPU [5%@1420,5%@1420,5%@1420,9%@1420,94%@1420,0%@1420] EMC_FREQ 0% GR3D_FREQ 0% AUX@42.5C CPU@43.5C thermal@42.8C AO@42.5C GPU@42.5C PMIC@50C
1791262761.361235 10-06-2026 13:59:21 RAM 1874/6833MB (lfb 185x4MB) SWAP 123/3417MB (cached 1MB) CPU [5%@1420,4%@1420,5%@1420,5%@1420,100%@1420,0%@1420] EMC_FREQ 0% GR3D_FREQ 0% AUX@42.5C CPU@44C thermal@42.8C AO@42.5C GPU@42.5C PMIC@50C
1791262761.564654 10-06-2026 13:59:21 RAM 1876/6833MB (lfb 185x4MB) SWAP 123/3417MB (cached 1MB) CPU [13%@1420,5%@1420,5%@1420,5%@1420,95%@1420,0%@1420] EMC_FREQ 0% GR3D_FREQ 0% AUX@43C CPU@43.5C thermal@42.8C AO@42.5C GPU@42.5C PMIC@50C
1791262761.768031 10-06-2026 13:59:21 RAM 1878/6833MB (lfb 185x4MB) SWAP 123/3417MB (cached 1MB) CPU [9%@1420,9%@1420,4%@1420,14%@1420,100%@1420,0%@1420] EMC_FREQ 0% GR3D_FREQ 0% AUX@42.5C CPU@43.5C thermal@42.8C AO@42.5C GPU@43C PMIC@50C
1791262761.971235 10-06-2026 13:59:21 RAM 1880/6833MB (lfb 185x4MB) SWAP 123/3417MB (cached 1MB) CPU [14%@1420,5%@1420,5%@1420,5%@1420,95%@1420,5%@1420] EMC_FREQ 0% GR3D_FREQ 0% AUX@42.5C CPU@43.5C thermal@42.8C AO@42.5C GPU@42.5C PMIC@50C
1791262762.174576 10-06-2026 13:59:22 RAM 1880/6833MB (lfb 185x4MB) SWAP 123/3417MB (cached 1MB) CPU [0%@1420,5%@1420,4%@1420,10%@1420,100%@1420,4%@1420] EMC_FREQ 0% GR3D_FREQ 0% AUX@43C CPU@43.5C thermal@42.8C AO@42.5C GPU@43C PMIC@50C
1791262762.377840 10-06-2026 13:59:22 RAM 1881/6833MB (lfb 185x4MB) SWAP 123/3417MB (cached 1MB) CPU [13%@1420,5%@1420,0%@1420,13%@1420,95%@1420,4%@1420] EMC_FREQ 0% GR3D_FREQ 0% AUX@42.5C CPU@43.5C thermal@42.8C AO@42.5C GPU@42.5C PMIC@50C
1791262762.581090 10-06-2026 13:59:22 RAM 1884/6833MB (lfb 185x4MB) SWAP 123/3417MB (cached 1MB) CPU [10%@1420,0%@1420,9%@1420,10%@1420,95%@1420,4%@1420] EMC_FREQ 0% GR3D_FREQ 0% AUX@42.5C CPU@43.5C thermal@42.8C AO@42.5C GPU@42.5C PMIC@50C
1791262762.784501 10-06-2026 13:59:22 RAM 1884/6833MB (lfb 185x4MB) SWAP 123/3417MB (cached 1MB) CPU [0%@1420,5%@1420,0%@1420,10%@1420,95%@1420,0%@1420] EMC_FREQ 0% GR3D_FREQ 0% AUX@42.5C CPU@43.5C thermal@42.8C AO@42.5C GPU@43C PMIC@50C
1791262762.987753 10-06-2026 13:59:22 RAM 1884/6833MB (lfb 185x4MB) SWAP 123/3417MB (cached 1MB) CPU [9%@1420,5%@1420,0%@1420,10%@1420,94%@1420,4%@1420] EMC_FREQ 0% GR3D_FREQ 0% AUX@42.5C CPU@44C thermal@42.95C AO@42.5C GPU@43C PMIC@50C
1791262763.190985 10-06-2026 13:59:23 RAM 1885/6833MB (lfb 185x4MB) SWAP 123/3417MB (cached 1MB) CPU [14%@1420,5%@1420,4%@1420,14%@1420,90%@1420,5%@1420] EMC_FREQ 0% GR3D_FREQ 0% AUX@43C CPU@43.5C thermal@42.95C AO@42.5C GPU@42.5C PMIC@50C
1791262763.394328 10-06-2026 13:59:23 RAM 1885/6833MB (lfb 185x4MB) SWAP 123/3417MB (cached 1MB) CPU [9%@1420,5%@1420,9%@1420,14%@1420,94%@1420,5%@1420] EMC_FREQ 0% GR3D_FREQ 0% AUX@43C CPU@44C thermal@42.95C AO@42.5C GPU@43C PMIC@50C
1791262763.597528 10-06-2026 13:59:23 RAM 1886/6833MB (lfb 185x4MB) SWAP 123/3417MB (cached 1MB) CPU [5%@1420,0%@1420,4%@1420,10%@1420,90%@1420,9%@1420] EMC_FREQ 0% GR3D_FREQ 0% AUX@42.5C CPU@44C thermal@42.95C AO@42.5C GPU@43C PMIC@50C
1791262763.800940 10-06-2026 13:59:23 RAM 1887/6833MB (lfb 185x4MB) SWAP 123/3417MB (cached 1MB) CPU [10%@1420,9%@1420,10%@1420,0%@1420,94%@1420,0%@1420] EMC_FREQ 0% GR3D_FREQ 0% AUX@43C CPU@43.5C thermal@42.95C AO@42.5C GPU@43C PMIC@50C
1791262764.004596 10-06-2026 13:59:24 RAM 1889/6833MB (lfb 185x4MB) SWAP 123/3417MB (cached 1MB) CPU [5%@1420,0%@1420,5%@1420,14%@1420,90%@1420,0%@1420] EMC_FREQ 0% GR3D_FREQ 0% AUX@42.5C CPU@43.5C thermal@43C AO@42.5C GPU@42.5C PMIC@50C
1791262764.207759 10-06-2026 13:59:24 RAM 1890/6833MB (lfb 185x4MB) SWAP 123/3417MB (cached 1MB) CPU [9%@1420,9%@1420,0%@1420,10%@1420,47%@1420,45%@1420] EMC_FREQ 0% GR3D_FREQ 0% AUX@42.5C CPU@44C thermal@43C AO@42.5C GPU@43C PMIC@50C
1791262764.411166 10-06-2026 13:59:24 RAM 1890/6833MB (lfb 185x4MB) SWAP 123/3417MB (cached 1MB) CPU [10%@1420,9%@1420,13%@1420,5%@1420,0%@1420,95%@1420] EMC_FREQ 0% GR3D_FREQ 0% AUX@43C CPU@44C thermal@43C AO@42.5C GPU@43C PMIC@50C
1791262764.614798 10-06-2026 13:59:24 RAM 1890/6833MB (lfb 185x4MB) SWAP 123/3417MB (cached 1MB) CPU [5%@1420,14%@1420,4%@1420,4%@1420,0%@1420,95%@1420] EMC_FREQ 0% GR3D_FREQ 0% AUX@43C CPU@44C thermal@43C AO@42.5C GPU@42.5C PMIC@50C
1791262764.818082 10-06-2026 13:59:24 RAM 1890/6833MB (lfb 185x4MB) SWAP 123/3417MB (cached 1MB) CPU [5%@1420,14%@1420,0%@1420,5%@1420,4%@1420,95%@1420] EMC_FREQ 0% GR3D_FREQ 0% AUX@43C CPU@43.5C thermal@43C AO@42.5C GPU@43C PMIC@50C
1791262765.021507 10-06-2026 13:59:25 RAM 1891/6833MB (lfb 185x4MB) SWAP 123/3417MB (cached 1MB) CPU [10%@1420,5%@1420,4%@1420,5%@1420,9%@1420,95%@1420] EMC_FREQ 0% GR3D_FREQ 0% AUX@43C CPU@44C thermal@43C AO@42.5C GPU@43C PMIC@50C
1791262765.224766 10-06-2026 13:59:25 RAM 1891/6833MB (lfb 185x4MB) SWAP 123/3417MB (cached 1MB) CPU [9%@1420,5%@1420,5%@1420,9%@1420,0%@1420,95%@1420] EMC_FREQ 0% GR3D_FREQ 0% AUX@43C CPU@44C thermal@43.3C AO@42.5C GPU@43C PMIC@50C
1791262765.428027 10-06-2026 13:59:25 RAM 1892/6833MB (lfb 185x4MB) SWAP 123/3417MB (cached 1MB) CPU [5%@1420,0%@1420,5%@1420,10%@1420,5%@1420,84%@1420] EMC_FREQ 0% GR3D_FREQ 0% AUX@43C CPU@43.5C thermal@43.3C AO@42.5C GPU@43C PMIC@50C
1791262765.631337 10-06-2026 13:59:25 RAM 1894/6833MB (lfb 185x4MB) SWAP 123/3417MB (cached 1MB) CPU [0%@1420,9%@1420,0%@1420,10%@1420,28%@1420,57%@1420] EMC_FREQ 0% GR3D_FREQ 0% AUX@43C CPU@44C thermal@43.3C AO@42.5C GPU@43C PMIC@50C
1791262765.834550 10-06-2026 13:59:25 RAM 1895/6833MB (lfb 185x4MB) SWAP 123/3417MB (cached 1MB) CPU [10%@1420,5%@1420,9%@1420,5%@1420,90%@1420,0%@1420] EMC_FREQ 0% GR3D_FREQ 0% AUX@43C CPU@43.5C thermal@43.3C AO@42.5C GPU@43C PMIC@50C
1791262766.038259 10-06-2026 13:59:26 RAM 1896/6833MB (lfb 185x4MB) SWAP 123/3417MB (cached 1MB) CPU [9%@1420,5%@1420,5%@1420,10%@1420,95%@1420,4%@1420] EMC_FREQ 0% GR3D_FREQ 0% AUX@43C CPU@44C thermal@43.3C AO@42.5C GPU@43C PMIC@50C
1791262766.241407 10-06-2026 13:59:26 RAM 1897/6833MB (lfb 185x4MB) SWAP 123/3417MB (cached 1MB) CPU [5%@1420,0%@1420,5%@1420,10%@1420,90%@1420,0%@1420] EMC_FREQ 0% GR3D_FREQ 0% AUX@43C CPU@44C thermal@43.3C AO@42.5C GPU@43C PMIC@50C
1791262766.444805 10-06-2026 13:59:26 RAM 1897/6833MB (lfb 185x4MB) SWAP 123/3417MB (cached 1MB) CPU [14%@1420,9%@1420,9%@1420,5%@1420,57%@1420,25%@1420] EMC_FREQ 0% GR3D_FREQ 0% AUX@43C CPU@44C thermal@43.3C AO@42.5C GPU@43C PMIC@50C
1791262766.648130 10-06-2026 13:59:26 RAM 1899/6833MB (lfb 185x4MB) SWAP 123/3417MB (cached 1MB) CPU [0%@1420,0%@1420,9%@1420,5%@1420,10%@1420,90%@1420] EMC_FREQ 0% GR3D_FREQ 0% AUX@43C CPU@44C thermal@43.3C AO@42.5C GPU@43C PMIC@50C
1791262766.851470 10-06-2026 13:59:26 RAM 1900/6833MB (lfb 185x4MB) SWAP 123/3417MB (cached 1MB) CPU [5%@1420,5%@1420,5%@1420,14%@1420,5%@1420,90%@1420] EMC_FREQ 0% GR3D_FREQ 0% AUX@43C CPU@44C thermal@43.3C AO@43C GPU@43C PMIC@50C
1791262767.054711 10-06-2026 13:59:27 RAM 1900/6833MB (lfb 185x4MB) SWAP 123/3417MB (cached 1MB) CPU [0%@1420,5%@1420,9%@1420,13%@1420,0%@1420,95%@1420] EMC_FREQ 0% GR3D_FREQ 0% AUX@43C CPU@44C thermal@43.3C AO@43C GPU@43C PMIC@50C
1791262767.257915 10-06-2026 13:59:27 RAM 1900/6833MB (lfb 185x4MB) SWAP 123/3417MB (cached 1MB) CPU [9%@1420,13%@1420,0%@1420,0%@1420,0%@1420,100%@1420] EMC_FREQ 0% GR3D_FREQ 0% AUX@43C CPU@44C thermal@43.3C AO@42.5C GPU@43C PMIC@50C
1791262767.461094 10-06-2026 13:59:27 RAM 1900/6833MB (lfb 185x4MB) SWAP 123/3417MB (cached 1MB) CPU [9%@1420,5%@1420,45%@1420,10%@1420,0%@1420,47%@1420] EMC_FREQ 0% GR3D_FREQ 0% AUX@43C CPU@44C thermal@43.3C AO@43C GPU@43C PMIC@50C
1791262767.664308 10-06-2026 13:59:27 RAM 1900/6833MB (lfb 185x4MB) SWAP 123/3417MB (cached 1MB) CPU [14%@1420,5%@1420,94%@1420,10%@1420,0%@1420,0%@1420] EMC_FREQ 0% GR3D_FREQ 0% AUX@43C CPU@44C thermal@43.3C AO@42.5C GPU@43C PMIC@50C
1791262767.867481 10-06-2026 13:59:27 RAM 1901/6833MB (lfb 185x4MB) SWAP 123/3417MB (cached 1MB) CPU [14%@1420,10%@1420,57%@1420,47%@1420,0%@1420,0%@1420] EMC_FREQ 0% GR3D_FREQ 0% AUX@43C CPU@44C thermal@43.3C AO@42.5C GPU@43C PMIC@50C
1791262768.070656 10-06-2026 13:59:28 RAM 1901/6833MB (lfb 185x4MB) SWAP 123/3417MB (cached 1MB) CPU [10%@1420,0%@1420,9%@1420,90%@1420,9%@1420,0%@1420] EMC_FREQ 0% GR3D_FREQ 0% AUX@43C CPU@44C thermal@43.3C AO@43C GPU@43C PMIC@50C
1791262768.273985 10-06-2026 13:59:28 RAM 1901/6833MB (lfb 185x4MB) SWAP 123/3417MB (cached 1MB) CPU [0%@1420,9%@1420,0%@1420,100%@1420,9%@1420,5%@1420] EMC_FREQ 0% GR3D_FREQ 0% AUX@43C CPU@44C thermal@43.3C AO@43C GPU@43C PMIC@50C
1791262768.477224 10-06-2026 13:59:28 RAM 1902/6833MB (lfb 185x4MB) SWAP 123/3417MB (cached 1MB) CPU [5%@1420,5%@1420,9%@1420,95%@1420,5%@1420,4%@1420] EMC_FREQ 0% GR3D_FREQ 0% AUX@43C CPU@44C thermal@43.3C AO@43C GPU@43C PMIC@50C
1791262768.680418 10-06-2026 13:59:28 RAM 1902/6833MB (lfb 185x4MB) SWAP 123/3417MB (cached 1MB) CPU [10%@1420,9%@1420,9%@1420,94%@1420,4%@1420,0%@1420] EMC_FREQ 0% GR3D_FREQ 0% AUX@43C CPU@44C thermal@43.3C AO@43C GPU@43.5C PMIC@50C
1791262768.883568 10-06-2026 13:59:28 RAM 1902/6833MB (lfb 185x4MB) SWAP 123/3417MB (cached 1MB) CPU [5%@1420,5%@1420,10%@1420,90%@1420,5%@1420,13%@1420] EMC_FREQ 0% GR3D_FREQ 0% AUX@43C CPU@44C thermal@43.3C AO@43C GPU@43C PMIC@50C
1791262769.087100 10-06-2026 13:59:29 RAM 1902/6833MB (lfb 185x4MB) SWAP 123/3417MB (cached 1MB) CPU [5%@1420,5%@1420,5%@1420,95%@1420,0%@1420,0%@1420] EMC_FREQ 0% GR3D_FREQ 0% AUX@43C CPU@44C thermal@43.3C AO@43C GPU@43C PMIC@50C
1791262769.290348 10-06-2026 13:59:29 RAM 1902/6833MB (lfb 185x4MB) SWAP 123/3417MB (cached 1MB) CPU [14%@1420,13%@1420,9%@1420,94%@1420,0%@1420,5%@1420] EMC_FREQ 0% GR3D_FREQ 0% AUX@43C CPU@44C thermal@43.3C AO@43C GPU@43.5C PMIC@50C
1791262769.493758 10-06-2026 13:59:29 RAM 1902/6833MB (lfb 185x4MB) SWAP 123/3417MB (cached 1MB) CPU [9%@1420,0%@1420,0%@1420,95%@1420,5%@1420,0%@1420] EMC_FREQ 0% GR3D_FREQ 0% AUX@43C CPU@44C thermal@43.3C AO@43C GPU@43C PMIC@50C
1791262769.697063 10-06-2026 13:59:29 RAM 1903/6833MB (lfb 185x4MB) SWAP 123/3417MB (cached 1MB) CPU [5%@1420,0%@1420,10%@1420,95%@1420,5%@1420,0%@1420] EMC_FREQ 0% GR3D_FREQ 0% AUX@43C CPU@44C thermal@43.45C AO@43C GPU@43C PMIC@50C
1791262769.900265 10-06-2026 13:59:29 RAM 1903/6833MB (lfb 185x4MB) SWAP 123/3417MB (cached 1MB) CPU [5%@1420,0%@1420,5%@1420,94%@1420,0%@1420,9%@1420] EMC_FREQ 0% GR3D_FREQ 0% AUX@43C CPU@44C thermal@43.45C AO@43C GPU@43C PMIC@50C
1791262770.103387 10-06-2026 13:59:30 RAM 1903/6833MB (lfb 185x4MB) SWAP 123/3417MB (cached 1MB) CPU [0%@1420,10%@1420,9%@1420,95%@1420,5%@1420,0%@1420] EMC_FREQ 0% GR3D_FREQ 0% AUX@43C CPU@44C thermal@43.45C AO@43C GPU@43C PMIC@50C
1791262770.306499 10-06-2026 13:59:30 RAM 1905/6833MB (lfb 185x4MB) SWAP 123/3417MB (cached 1MB) CPU [9%@1420,4%@1420,5%@1420,89%@1420,5%@1420,20%@1420] EMC_FREQ 0% GR3D_FREQ 0% AUX@43C CPU@44C thermal@43.45C AO@43C GPU@43.5C PMIC@50C
1791262770.509633 10-06-2026 13:59:30 RAM 1905/6833MB (lfb 185x4MB) SWAP 123/3417MB (cached 1MB) CPU [5%@1420,10%@1420,5%@1420,95%@1420,0%@1420,9%@1420] EMC_FREQ 0% GR3D_FREQ 0% AUX@43C CPU@44C thermal@43.45C AO@43C GPU@43.5C PMIC@50C
1791262770.713124 10-06-2026 13:59:30 RAM 1905/6833MB (lfb 185x4MB) SWAP 123/3417MB (cached 1MB) CPU [9%@1420,13%@1420,13%@1420,95%@1420,0%@1420,0%@1420] EMC_FREQ 0% GR3D_FREQ 0% AUX@43C CPU@44C thermal@43.45C AO@43C GPU@43C PMIC@50C
1791262770.916363 10-06-2026 13:59:30 RAM 1905/6833MB (lfb 185x4MB) SWAP 123/3417MB (cached 1MB) CPU [0%@1420,0%@1420,5%@1420,95%@1420,4%@1420,9%@1420] EMC_FREQ 0% GR3D_FREQ 0% AUX@43C CPU@44C thermal@43.45C AO@43C GPU@43C PMIC@50C
1791262771.119495 10-06-2026 13:59:31 RAM 1906/6833MB (lfb 185x4MB) SWAP 123/3417MB (cached 1MB) CPU [9%@1420,9%@1420,72%@1420,25%@1420,5%@1420,0%@1420] EMC_FREQ 0% GR3D_FREQ 0% AUX@43C CPU@44C thermal@43.45C AO@43C GPU@43.5C PMIC@50C
1791262771.322663 10-06-2026 13:59:31 RAM 1907/6833MB (lfb 185x4MB) SWAP 123/3417MB (cached 1MB) CPU [9%@1420,5%@1420,94%@1420,17%@1420,0%@1420,9%@1420] EMC_FREQ 0% GR3D_FREQ 0% AUX@43C CPU@44C thermal@43.45C AO@43C GPU@43C PMIC@50C
1791262771.525902 10-06-2026 13:59:31 RAM 1912/6833MB (lfb 185x4MB) SWAP 123/3417MB (cached 1MB) CPU [10%@1420,5%@1420,95%@1420,5%@1420,5%@1420,0%@1420] EMC_FREQ 0% GR3D_FREQ 0% AUX@43C CPU@44C thermal@43.45C AO@43C GPU@43.5C PMIC@50C
1791262771.729067 10-06-2026 13:59:31 RAM 1913/6833MB (lfb 185x4MB) SWAP 123/3417MB (cached 1MB) CPU [5%@1420,0%@1420,100%@1420,9%@1420,0%@1420,0%@1420] EMC_FREQ 0% GR3D_FREQ 0% AUX@43.5C CPU@44.5C thermal@43.45C AO@43C GPU@43.5C PMIC@50C
1791262771.932286 10-06-2026 13:59:31 RAM 1913/6833MB (lfb 185x4MB) SWAP 123/3417MB (cached 1MB) CPU [13%@1420,10%@1420,89%@1420,5%@1420,5%@1420,4%@1420] EMC_FREQ 0% GR3D_FREQ 0% AUX@43C CPU@44C thermal@43.6C AO@43C GPU@43.5C PMIC@50C
1791262772.135543 10-06-2026 13:59:32 RAM 1914/6833MB (lfb 185x4MB) SWAP 123/3417MB (cached 1MB) CPU [5%@1420,9%@1420,94%@1420,5%@1420,0%@1420,0%@1420] EMC_FREQ 0% GR3D_FREQ 0% AUX@43.5C CPU@44C thermal@43.6C AO@43C GPU@43.5C PMIC@50C
1791262772.338845 10-06-2026 13:59:32 RAM 1914/6833MB (lfb 185x4MB) SWAP 123/3417MB (cached 1MB) CPU [14%@1420,0%@1420,94%@1420,10%@1420,5%@1420,9%@1420] EMC_FREQ 0% GR3D_FREQ 0% AUX@43C CPU@44.5C thermal@43.6C AO@43C GPU@43.5C PMIC@50C
1791262772.542144 10-06-2026 13:59:32 RAM 1914/6833MB (lfb 185x4MB) SWAP 123/3417MB (cached 1MB) CPU [5%@1420,5%@1420,90%@1420,4%@1420,4%@1420,4%@1420] EMC_FREQ 0% GR3D_FREQ 0% AUX@43.5C CPU@44C thermal@43.6C AO@43C GPU@43.5C PMIC@50C
1791262772.745448 10-06-2026 13:59:32 RAM 1915/6833MB (lfb 185x4MB) SWAP 123/3417MB (cached 1MB) CPU [10%@1420,9%@1420,43%@1420,0%@1420,45%@1420,0%@1420] EMC_FREQ 0% GR3D_FREQ 0% AUX@43.5C CPU@44.5C thermal@43.6C AO@43.5C GPU@43.5C PMIC@50C
1791262772.949278 10-06-2026 13:59:32 RAM 1915/6833MB (lfb 185x4MB) SWAP 123/3417MB (cached 1MB) CPU [5%@1420,14%@1420,0%@1420,4%@1420,95%@1420,5%@1420] EMC_FREQ 0% GR3D_FREQ 0% AUX@43.5C CPU@44.5C thermal@43.8C AO@43C GPU@43.5C PMIC@50C
1791262773.152554 10-06-2026 13:59:33 RAM 1916/6833MB (lfb 185x4MB) SWAP 123/3417MB (cached 1MB) CPU [10%@1420,10%@1420,0%@1420,9%@1420,90%@1420,4%@1420] EMC_FREQ 0% GR3D_FREQ 0% AUX@43.5C CPU@44.5C thermal@43.8C AO@43C GPU@43.5C PMIC@50C
1791262773.355909 10-06-2026 13:59:33 RAM 1936/6833MB (lfb 185x4MB) SWAP 123/3417MB (cached 1MB) CPU [10%@1420,5%@1420,9%@1420,5%@1420,100%@1420,5%@1420] EMC_FREQ 0% GR3D_FREQ 0% AUX@43.5C CPU@44.5C thermal@43.8C AO@43C GPU@43.5C PMIC@50C
1791262773.559400 10-06-2026 13:59:33 RAM 1934/6833MB (lfb 185x4MB) SWAP 123/3417MB (cached 1MB) CPU [10%@1420,0%@1420,0%@1420,5%@1420,100%@1420,0%@1420] EMC_FREQ 0% GR3D_FREQ 0% AUX@43.5C CPU@44.5C thermal@43.8C AO@43C GPU@43.5C PMIC@50C
1791262773.762866 10-06-2026 13:59:33 RAM 1940/6833MB (lfb 185x4MB) SWAP 123/3417MB (cached 1MB) CPU [19%@1420,5%@1420,4%@1420,0%@1420,95%@1420,9%@1420] EMC_FREQ 0% GR3D_FREQ 0% AUX@43.5C CPU@44.5C thermal@43.8C AO@43C GPU@43.5C PMIC@50C
1791262773.966167 10-06-2026 13:59:33 RAM 1941/6833MB (lfb 185x4MB) SWAP 123/3417MB (cached 1MB) CPU [10%@1420,10%@1420,0%@1420,0%@1420,94%@1420,5%@1420] EMC_FREQ 0% GR3D_FREQ 0% AUX@43.5C CPU@44.5C thermal@43.8C AO@43.5C GPU@44C PMIC@50C
1791262774.170302 10-06-2026 13:59:34 RAM 1948/6833MB (lfb 185x4MB) SWAP 123/3417MB (cached 1MB) CPU [38%@1420,43%@1420,38%@1420,40%@1420,90%@1420,33%@1420] EMC_FREQ 0% GR3D_FREQ 0% AUX@43.5C CPU@44.5C thermal@43.8C AO@43C GPU@43.5C PMIC@50C
1791262774.373637 10-06-2026 13:59:34 RAM 1954/6833MB (lfb 185x4MB) SWAP 123/3417MB (cached 1MB) CPU [0%@1420,5%@1420,5%@1420,5%@1420,90%@1420,0%@1420] EMC_FREQ 0% GR3D_FREQ 0% AUX@43.5C CPU@44.5C thermal@43.8C AO@43.5C GPU@43.5C PMIC@50C
1791262774.577080 10-06-2026 13:59:34 RAM 1956/6833MB (lfb 185x4MB) SWAP 123/3417MB (cached 1MB) CPU [5%@1420,14%@1420,4%@1420,0%@1420,52%@1420,25%@1420] EMC_FREQ 0% GR3D_FREQ 0% AUX@43.5C CPU@44.5C thermal@43.8C AO@43.5C GPU@43.5C PMIC@50C
1791262774.780650 10-06-2026 13:59:34 RAM 1956/6833MB (lfb 185x4MB) SWAP 123/3417MB (cached 1MB) CPU [13%@1420,9%@1420,0%@1420,9%@1420,0%@1420,90%@1420] EMC_FREQ 0% GR3D_FREQ 0% AUX@43.5C CPU@44.5C thermal@43.8C AO@43.5C GPU@43.5C PMIC@50C
1791262774.983874 10-06-2026 13:59:34 RAM 1961/6833MB (lfb 185x4MB) SWAP 123/3417MB (cached 1MB) CPU [10%@1420,0%@1420,0%@1420,5%@1420,0%@1420,95%@1420] EMC_FREQ 0% GR3D_FREQ 0% AUX@43.5C CPU@44.5C thermal@43.8C AO@43.5C GPU@43.5C PMIC@50C
1791262775.186955 10-06-2026 13:59:35 RAM 1987/6833MB (lfb 185x4MB) SWAP 123/3417MB (cached 1MB) CPU [9%@1420,5%@1420,9%@1420,5%@1420,4%@1420,100%@1420] EMC_FREQ 0% GR3D_FREQ 0% AUX@43.5C CPU@44.5C thermal@43.8C AO@43.5C GPU@43.5C PMIC@50C
1791262775.390202 10-06-2026 13:59:35 RAM 2232/6833MB (lfb 185x4MB) SWAP 123/3417MB (cached 1MB) CPU [5%@1420,5%@1420,13%@1420,18%@1420,0%@1420,100%@1420] EMC_FREQ 0% GR3D_FREQ 0% AUX@43.5C CPU@45C thermal@43.8C AO@43.5C GPU@44C PMIC@50C
1791262775.593816 10-06-2026 13:59:35 RAM 2314/6833MB (lfb 181x4MB) SWAP 123/3417MB (cached 1MB) CPU [5%@1420,5%@1420,5%@1420,5%@1420,35%@1420,61%@1420] EMC_FREQ 0% GR3D_FREQ 0% AUX@43.5C CPU@44.5C thermal@43.8C AO@43.5C GPU@43.5C PMIC@50C
1791262775.797164 10-06-2026 13:59:35 RAM 2322/6833MB (lfb 179x4MB) SWAP 123/3417MB (cached 1MB) CPU [5%@1420,4%@1420,4%@1420,10%@1420,42%@1420,4%@1420] EMC_FREQ 0% GR3D_FREQ 0% AUX@43.5C CPU@44.5C thermal@43.8C AO@43.5C GPU@43.5C PMIC@50C
1791262776.000826 10-06-2026 13:59:35 RAM 2337/6833MB (lfb 176x4MB) SWAP 123/3417MB (cached 1MB) CPU [10%@1190,9%@1420,10%@1420,0%@1420,10%@1420,9%@1420] EMC_FREQ 0% GR3D_FREQ 0% AUX@43.5C CPU@44.5C thermal@43.8C AO@43.5C GPU@43.5C PMIC@50C
1791262776.204408 10-06-2026 13:59:36 RAM 3008/6833MB (lfb 26x4MB) SWAP 123/3417MB (cached 1MB) CPU [9%@1420,5%@1420,0%@1420,9%@1420,100%@1420,5%@1420] EMC_FREQ 0% GR3D_FREQ 0% AUX@43.5C CPU@45C thermal@43.8C AO@43.5C GPU@44C PMIC@50C
1791262776.407688 10-06-2026 13:59:36 RAM 3010/6833MB (lfb 26x4MB) SWAP 123/3417MB (cached 1MB) CPU [5%@1420,66%@1420,13%@1420,5%@1420,100%@1420,5%@1420] EMC_FREQ 0% GR3D_FREQ 0% AUX@43.5C CPU@45C thermal@44.15C AO@43.5C GPU@43.5C PMIC@50C
1791262776.610984 10-06-2026 13:59:36 RAM 3013/6833MB (lfb 26x4MB) SWAP 123/3417MB (cached 1MB) CPU [4%@1420,9%@1420,5%@1420,31%@1420,100%@1420,5%@1420] EMC_FREQ 0% GR3D_FREQ 0% AUX@44C CPU@44.5C thermal@44.15C AO@43.5C GPU@43.5C PMIC@50C
1791262776.815183 10-06-2026 13:59:36 RAM 3016/6833MB (lfb 26x4MB) SWAP 123/3417MB (cached 1MB) CPU [15%@1420,0%@1420,9%@1420,31%@1420,100%@1420,0%@1420] EMC_FREQ 0% GR3D_FREQ 0% AUX@44C CPU@45C thermal@44.15C AO@43C GPU@43.5C PMIC@50C
1791262777.018656 10-06-2026 13:59:37 RAM 3018/6833MB (lfb 26x4MB) SWAP 123/3417MB (cached 1MB) CPU [10%@1420,5%@1420,0%@1420,4%@1420,100%@1420,9%@1420] EMC_FREQ 0% GR3D_FREQ 0% AUX@43.5C CPU@45C thermal@44.15C AO@43.5C GPU@44C PMIC@50C
1791262777.223877 10-06-2026 13:59:37 RAM 3059/6833MB (lfb 26x4MB) SWAP 123/3417MB (cached 1MB) CPU [15%@1420,9%@1420,50%@1420,9%@1420,100%@1420,9%@1420] EMC_FREQ 0% GR3D_FREQ 0% AUX@43.5C CPU@45C thermal@44.15C AO@43.5C GPU@43.5C PMIC@50C
1791262777.427598 10-06-2026 13:59:37 RAM 3151/6833MB (lfb 26x4MB) SWAP 123/3417MB (cached 1MB) CPU [20%@1420,19%@1420,100%@1420,9%@1420,100%@1420,10%@1420] EMC_FREQ 0% GR3D_FREQ 0% AUX@43.5C CPU@45C thermal@44.1C AO@43.5C GPU@44C PMIC@50C
1791262777.631243 10-06-2026 13:59:37 RAM 3219/6833MB (lfb 26x4MB) SWAP 123/3417MB (cached 1MB) CPU [23%@1420,5%@1420,100%@1420,5%@1420,100%@1420,5%@1420] EMC_FREQ 0% GR3D_FREQ 0% AUX@43.5C CPU@45C thermal@44.1C AO@43.5C GPU@44C PMIC@50C
1791262777.834863 10-06-2026 13:59:37 RAM 3355/6833MB (lfb 27x4MB) SWAP 123/3417MB (cached 1MB) CPU [14%@1420,10%@1420,100%@1420,5%@1420,100%@1420,5%@1420] EMC_FREQ 0% GR3D_FREQ 0% AUX@43.5C CPU@45C thermal@44.1C AO@44C GPU@44C PMIC@50C
1791262778.039047 10-06-2026 13:59:38 RAM 3355/6833MB (lfb 32x4MB) SWAP 123/3417MB (cached 1MB) CPU [15%@1420,5%@1420,15%@1420,0%@1420,100%@1420,5%@1420] EMC_FREQ 0% GR3D_FREQ 0% AUX@44C CPU@45C thermal@44.1C AO@44C GPU@44C PMIC@50C
1791262778.242675 10-06-2026 13:59:38 RAM 2352/6833MB (lfb 192x4MB) SWAP 123/3417MB (cached 1MB) CPU [9%@1420,14%@1420,0%@1420,4%@1420,100%@1420,5%@1420] EMC_FREQ 0% GR3D_FREQ 0% AUX@44C CPU@45C thermal@44.1C AO@43.5C GPU@44C PMIC@50C
1791262778.446330 10-06-2026 13:59:38 RAM 2382/6833MB (lfb 192x4MB) SWAP 123/3417MB (cached 1MB) CPU [10%@1420,15%@1420,0%@1420,9%@1420,100%@1420,0%@1420] EMC_FREQ 0% GR3D_FREQ 0% AUX@44C CPU@45C thermal@44.1C AO@43.5C GPU@44C PMIC@50C
1791262778.649896 10-06-2026 13:59:38 RAM 2412/6833MB (lfb 192x4MB) SWAP 123/3417MB (cached 1MB) CPU [5%@1420,4%@1420,5%@1420,10%@1420,100%@1420,5%@1420] EMC_FREQ 0% GR3D_FREQ 0% AUX@44C CPU@45C thermal@44.3C AO@44C GPU@44C PMIC@50C
1791262778.853330 10-06-2026 13:59:38 RAM 2445/6833MB (lfb 192x4MB) SWAP 123/3417MB (cached 1MB) CPU [10%@1420,10%@1420,0%@1420,9%@1420,100%@1420,9%@1420] EMC_FREQ 0% GR3D_FREQ 0% AUX@44C CPU@45C thermal@44.3C AO@44C GPU@44C PMIC@50C
1791262779.056619 10-06-2026 13:59:39 RAM 2477/6833MB (lfb 192x4MB) SWAP 123/3417MB (cached 1MB) CPU [9%@1420,9%@1420,0%@1420,5%@1420,100%@1420,0%@1420] EMC_FREQ 0% GR3D_FREQ 0% AUX@43.5C CPU@45C thermal@44.3C AO@44C GPU@44C PMIC@50C
1791262779.260045 10-06-2026 13:59:39 RAM 2506/6833MB (lfb 192x4MB) SWAP 123/3417MB (cached 1MB) CPU [5%@1420,5%@1420,0%@1420,5%@1420,100%@1420,4%@1420] EMC_FREQ 0% GR3D_FREQ 0% AUX@44C CPU@45C thermal@44.3C AO@43.5C GPU@44C PMIC@50C
1791262779.463287 10-06-2026 13:59:39 RAM 2536/6833MB (lfb 192x4MB) SWAP 123/3417MB (cached 1MB) CPU [5%@1420,5%@1420,5%@1420,5%@1420,100%@1420,0%@1420] EMC_FREQ 0% GR3D_FREQ 0% AUX@44C CPU@45C thermal@44.3C AO@44C GPU@44C PMIC@50C
1791262779.666682 10-06-2026 13:59:39 RAM 2568/6833MB (lfb 192x4MB) SWAP 123/3417MB (cached 1MB) CPU [0%@1420,5%@1420,0%@1420,10%@1420,100%@1420,4%@1420] EMC_FREQ 0% GR3D_FREQ 0% AUX@44C CPU@45C thermal@44.3C AO@44C GPU@44C PMIC@50C
1791262779.869848 10-06-2026 13:59:39 RAM 2599/6833MB (lfb 192x4MB) SWAP 123/3417MB (cached 1MB) CPU [9%@1420,15%@1420,9%@1420,0%@1420,100%@1420,0%@1420] EMC_FREQ 0% GR3D_FREQ 0% AUX@44C CPU@45C thermal@44.3C AO@44C GPU@44C PMIC@50C
1791262780.073201 10-06-2026 13:59:40 RAM 2629/6833MB (lfb 192x4MB) SWAP 123/3417MB (cached 1MB) CPU [15%@1420,5%@1420,5%@1420,5%@1420,100%@1420,0%@1420] EMC_FREQ 0% GR3D_FREQ 0% AUX@44C CPU@45C thermal@44.3C AO@44C GPU@44C PMIC@50C
1791262780.276607 10-06-2026 13:59:40 RAM 2659/6833MB (lfb 192x4MB) SWAP 123/3417MB (cached 1MB) CPU [18%@1420,10%@1420,4%@1420,0%@1420,100%@1420,0%@1420] EMC_FREQ 0% GR3D_FREQ 0% AUX@44C CPU@45C thermal@44.3C AO@44C GPU@44C PMIC@50C
1791262780.480138 10-06-2026 13:59:40 RAM 2687/6833MB (lfb 192x4MB) SWAP 123/3417MB (cached 1MB) CPU [5%@1420,0%@1420,9%@1420,0%@1420,100%@1420,9%@1420] EMC_FREQ 0% GR3D_FREQ 0% AUX@44C CPU@45C thermal@44.3C AO@44C GPU@44C PMIC@50C
1791262780.683406 10-06-2026 13:59:40 RAM 2717/6833MB (lfb 192x4MB) SWAP 123/3417MB (cached 1MB) CPU [14%@1420,13%@1420,0%@1420,9%@1420,100%@1420,0%@1420] EMC_FREQ 0% GR3D_FREQ 0% AUX@44C CPU@45C thermal@44.3C AO@44C GPU@44.5C PMIC@50C
1791262780.886654 10-06-2026 13:59:40 RAM 2746/6833MB (lfb 192x4MB) SWAP 123/3417MB (cached 1MB) CPU [10%@1420,9%@1420,0%@1420,9%@1420,100%@1420,0%@1420] EMC_FREQ 0% GR3D_FREQ 0% AUX@44C CPU@45C thermal@44.3C AO@43.5C GPU@44C PMIC@50C
1791262781.089992 10-06-2026 13:59:41 RAM 2774/6833MB (lfb 192x4MB) SWAP 123/3417MB (cached 1MB) CPU [14%@1420,5%@1420,9%@1420,5%@1420,100%@1420,0%@1420] EMC_FREQ 0% GR3D_FREQ 0% AUX@44C CPU@45C thermal@44.3C AO@44C GPU@44C PMIC@50C
1791262781.293204 10-06-2026 13:59:41 RAM 2801/6833MB (lfb 192x4MB) SWAP 123/3417MB (cached 1MB) CPU [10%@1420,5%@1420,5%@1420,5%@1420,100%@1420,4%@1420] EMC_FREQ 0% GR3D_FREQ 0% AUX@44C CPU@45C thermal@44.3C AO@44C GPU@44C PMIC@50C
1791262781.496429 10-06-2026 13:59:41 RAM 2835/6833MB (lfb 192x4MB) SWAP 123/3417MB (cached 1MB) CPU [10%@1420,0%@1420,5%@1420,5%@1420,100%@1420,0%@1420] EMC_FREQ 0% GR3D_FREQ 0% AUX@44C CPU@45.5C thermal@44.3C AO@43.5C GPU@44.5C PMIC@50C
1791262781.699749 10-06-2026 13:59:41 RAM 2923/6833MB (lfb 175x4MB) SWAP 123/3417MB (cached 1MB) CPU [14%@1420,65%@1420,9%@1420,17%@1420,100%@1420,15%@1420] EMC_FREQ 0% GR3D_FREQ 0% AUX@44C CPU@45.5C thermal@44.3C AO@44C GPU@44.5C PMIC@50C
1791262781.902919 10-06-2026 13:59:41 RAM 2923/6833MB (lfb 175x4MB) SWAP 123/3417MB (cached 1MB) CPU [100%@1420,18%@1420,5%@1420,5%@1420,4%@1420,50%@1420] EMC_FREQ 0% GR3D_FREQ 0% AUX@44C CPU@45.5C thermal@44.3C AO@43.5C GPU@44C PMIC@50C
1791262782.106294 10-06-2026 13:59:42 RAM 2923/6833MB (lfb 175x4MB) SWAP 123/3417MB (cached 1MB) CPU [100%@1420,5%@1420,5%@1420,10%@1420,0%@1420,0%@1420] EMC_FREQ 0% GR3D_FREQ 0% AUX@44C CPU@45C thermal@44.3C AO@44C GPU@44C PMIC@50C
1791262782.309614 10-06-2026 13:59:42 RAM 2923/6833MB (lfb 175x4MB) SWAP 123/3417MB (cached 1MB) CPU [100%@1420,15%@1420,5%@1420,9%@1420,4%@1420,0%@1420] EMC_FREQ 0% GR3D_FREQ 0% AUX@44C CPU@45C thermal@44.3C AO@44C GPU@44C PMIC@50C
1791262782.512884 10-06-2026 13:59:42 RAM 2923/6833MB (lfb 175x4MB) SWAP 123/3417MB (cached 1MB) CPU [100%@1420,10%@1420,5%@1420,5%@1420,0%@1420,0%@1420] EMC_FREQ 0% GR3D_FREQ 0% AUX@44C CPU@45.5C thermal@44.3C AO@44C GPU@44C PMIC@50C
1791262782.716147 10-06-2026 13:59:42 RAM 2923/6833MB (lfb 175x4MB) SWAP 123/3417MB (cached 1MB) CPU [100%@1420,9%@1420,5%@1420,0%@1420,5%@1420,9%@1420] EMC_FREQ 0% GR3D_FREQ 0% AUX@44C CPU@45C thermal@44.3C AO@44C GPU@44.5C PMIC@50C
1791262782.919306 10-06-2026 13:59:42 RAM 2923/6833MB (lfb 175x4MB) SWAP 123/3417MB (cached 1MB) CPU [100%@1420,10%@1420,5%@1420,9%@1420,4%@1420,5%@1420] EMC_FREQ 0% GR3D_FREQ 0% AUX@44C CPU@45.5C thermal@44.3C AO@44C GPU@44.5C PMIC@50C
1791262783.122608 10-06-2026 13:59:43 RAM 2923/6833MB (lfb 175x4MB) SWAP 123/3417MB (cached 1MB) CPU [100%@1420,9%@1420,9%@1420,0%@1420,5%@1420,5%@1420] EMC_FREQ 0% GR3D_FREQ 0% AUX@44C CPU@45.5C thermal@44.8C AO@44C GPU@44.5C PMIC@50C
1791262783.326044 10-06-2026 13:59:43 RAM 2923/6833MB (lfb 175x4MB) SWAP 123/3417MB (cached 1MB) CPU [100%@1420,10%@1420,0%@1420,4%@1420,5%@1420,9%@1420] EMC_FREQ 0% GR3D_FREQ 0% AUX@44C CPU@45.5C thermal@44.8C AO@44C GPU@44C PMIC@50C
1791262783.529412 10-06-2026 13:59:43 RAM 2923/6833MB (lfb 175x4MB) SWAP 123/3417MB (cached 1MB) CPU [100%@1420,5%@1420,5%@1420,5%@1420,0%@1420,0%@1420] EMC_FREQ 0% GR3D_FREQ 0% AUX@44C CPU@45.5C thermal@44.8C AO@44C GPU@44.5C PMIC@50C
1791262783.732729 10-06-2026 13:59:43 RAM 2924/6833MB (lfb 175x4MB) SWAP 123/3417MB (cached 1MB) CPU [100%@1420,9%@1420,9%@1420,5%@1420,9%@1420,5%@1420] EMC_FREQ 0% GR3D_FREQ 0% AUX@44C CPU@45.5C thermal@44.8C AO@44C GPU@44.5C PMIC@50C
1791262783.935986 10-06-2026 13:59:43 RAM 2924/6833MB (lfb 175x4MB) SWAP 123/3417MB (cached 1MB) CPU [100%@1420,9%@1420,0%@1420,5%@1420,0%@1420,0%@1420] EMC_FREQ 0% GR3D_FREQ 0% AUX@44C CPU@45.5C thermal@44.8C AO@44C GPU@44.5C PMIC@50C
1791262784.139453 10-06-2026 13:59:44 RAM 2924/6833MB (lfb 175x4MB) SWAP 123/3417MB (cached 1MB) CPU [100%@1420,5%@1420,13%@1420,9%@1420,9%@1420,9%@1420] EMC_FREQ 0% GR3D_FREQ 0% AUX@44C CPU@45.5C thermal@44.6C AO@44C GPU@44.5C PMIC@50C
1791262784.342654 10-06-2026 13:59:44 RAM 2924/6833MB (lfb 175x4MB) SWAP 123/3417MB (cached 1MB) CPU [100%@1420,10%@1420,5%@1420,0%@1420,0%@1420,5%@1420] EMC_FREQ 0% GR3D_FREQ 0% AUX@44C CPU@45.5C thermal@44.6C AO@44C GPU@44.5C PMIC@50C
1791262784.546055 10-06-2026 13:59:44 RAM 2924/6833MB (lfb 175x4MB) SWAP 123/3417MB (cached 1MB) CPU [100%@1420,9%@1420,4%@1420,0%@1420,9%@1420,14%@1420] EMC_FREQ 0% GR3D_FREQ 0% AUX@44C CPU@45.5C thermal@44.6C AO@44C GPU@44.5C PMIC@50C
1791262784.749348 10-06-2026 13:59:44 RAM 2924/6833MB (lfb 175x4MB) SWAP 123/3417MB (cached 1MB) CPU [100%@1420,15%@1420,4%@1420,5%@1420,5%@1420,4%@1420] EMC_FREQ 0% GR3D_FREQ 0% AUX@44.5C CPU@45.5C thermal@44.6C AO@44C GPU@44.5C PMIC@50C
1791262784.952946 10-06-2026 13:59:44 RAM 2925/6833MB (lfb 175x4MB) SWAP 123/3417MB (cached 1MB) CPU [94%@1420,19%@1420,10%@1420,14%@1420,15%@1420,15%@1420] EMC_FREQ 0% GR3D_FREQ 0% AUX@44C CPU@45.5C thermal@44.6C AO@44.5C GPU@44.5C PMIC@50C
1791262785.156553 10-06-2026 13:59:45 RAM 2929/6833MB (lfb 175x4MB) SWAP 123/3417MB (cached 1MB) CPU [68%@1420,65%@1420,40%@1420,35%@1420,27%@1420,27%@1420] EMC_FREQ 0% GR3D_FREQ 16% AUX@44.5C CPU@45.5C thermal@44.6C AO@44C GPU@44.5C PMIC@50C
1791262785.359907 10-06-2026 13:59:45 RAM 3003/6833MB (lfb 161x4MB) SWAP 123/3417MB (cached 1MB) CPU [5%@1420,100%@1420,0%@1420,5%@1420,9%@1420,0%@1420] EMC_FREQ 0% GR3D_FREQ 7% AUX@44.5C CPU@45.5C thermal@44.8C AO@44C GPU@44.5C PMIC@50C
1791262785.563075 10-06-2026 13:59:45 RAM 2993/6833MB (lfb 164x4MB) SWAP 123/3417MB (cached 1MB) CPU [10%@1420,47%@1420,4%@1420,4%@1420,55%@1420,10%@1420] EMC_FREQ 0% GR3D_FREQ 20% AUX@44.5C CPU@45.5C thermal@44.8C AO@44.5C GPU@44.5C PMIC@50C
1791262785.766437 10-06-2026 13:59:45 RAM 3026/6833MB (lfb 161x4MB) SWAP 123/3417MB (cached 1MB) CPU [0%@1420,5%@1420,5%@1420,0%@1420,95%@1420,0%@1420] EMC_FREQ 0% GR3D_FREQ 15% AUX@44.5C CPU@45.5C thermal@44.8C AO@44.5C GPU@44.5C PMIC@50C
1791262785.969628 10-06-2026 13:59:45 RAM 3055/6833MB (lfb 157x4MB) SWAP 123/3417MB (cached 1MB) CPU [10%@1420,14%@1420,0%@1420,9%@1420,95%@1420,0%@1420] EMC_FREQ 0% GR3D_FREQ 19% AUX@44.5C CPU@45.5C thermal@44.8C AO@44.5C GPU@44.5C PMIC@50C
1791262786.173154 10-06-2026 13:59:46 RAM 3111/6833MB (lfb 148x4MB) SWAP 123/3417MB (cached 1MB) CPU [15%@1420,0%@1420,5%@1420,9%@1420,100%@1420,4%@1420] EMC_FREQ 0% GR3D_FREQ 0% AUX@44.5C CPU@45.5C thermal@44.8C AO@44.5C GPU@44.5C PMIC@50C
1791262786.376526 10-06-2026 13:59:46 RAM 3123/6833MB (lfb 148x4MB) SWAP 123/3417MB (cached 1MB) CPU [0%@1420,10%@1420,0%@1420,0%@1420,100%@1420,0%@1420] EMC_FREQ 0% GR3D_FREQ 16% AUX@44.5C CPU@45.5C thermal@44.8C AO@44C GPU@44.5C PMIC@50C
1791262786.579704 10-06-2026 13:59:46 RAM 3167/6833MB (lfb 139x4MB) SWAP 123/3417MB (cached 1MB) CPU [22%@1420,5%@1420,0%@1420,5%@1420,95%@1420,9%@1420] EMC_FREQ 0% GR3D_FREQ 21% AUX@44.5C CPU@45.5C thermal@44.8C AO@44.5C GPU@44.5C PMIC@50C
1791262786.783530 10-06-2026 13:59:46 RAM 3192/6833MB (lfb 134x4MB) SWAP 123/3417MB (cached 1MB) CPU [10%@1420,13%@1420,4%@1420,9%@1420,95%@1420,4%@1420] EMC_FREQ 0% GR3D_FREQ 26% AUX@44.5C CPU@45.5C thermal@44.8C AO@44.5C GPU@44.5C PMIC@50C
1791262786.987007 10-06-2026 13:59:46 RAM 3224/6833MB (lfb 130x4MB) SWAP 123/3417MB (cached 1MB) CPU [18%@1420,65%@1420,0%@1420,5%@1420,63%@1420,31%@1420] EMC_FREQ 0% GR3D_FREQ 0% AUX@44.5C CPU@45.5C thermal@44.8C AO@44.5C GPU@44.5C PMIC@50C
1791262787.190266 10-06-2026 13:59:47 RAM 3250/6833MB (lfb 127x4MB) SWAP 123/3417MB (cached 1MB) CPU [5%@1420,0%@1420,14%@1420,14%@1420,9%@1420,95%@1420] EMC_FREQ 0% GR3D_FREQ 0% AUX@44.5C CPU@45.5C thermal@44.8C AO@44.5C GPU@44.5C PMIC@50C
1791262787.393466 10-06-2026 13:59:47 RAM 3281/6833MB (lfb 123x4MB) SWAP 123/3417MB (cached 1MB) CPU [5%@1420,5%@1420,0%@1420,10%@1420,4%@1420,94%@1420] EMC_FREQ 0% GR3D_FREQ 8% AUX@44.5C CPU@46C thermal@44.8C AO@44.5C GPU@44.5C PMIC@50C
1791262787.596759 10-06-2026 13:59:47 RAM 3316/6833MB (lfb 116x4MB) SWAP 123/3417MB (cached 1MB) CPU [0%@1420,9%@1420,10%@1420,5%@1420,5%@1420,95%@1420] EMC_FREQ 0% GR3D_FREQ 7% AUX@44.5C CPU@45.5C thermal@44.8C AO@44.5C GPU@44.5C PMIC@50C
1791262787.800258 10-06-2026 13:59:47 RAM 3347/6833MB (lfb 112x4MB) SWAP 123/3417MB (cached 1MB) CPU [5%@1420,5%@1420,0%@1420,14%@1420,5%@1420,90%@1420] EMC_FREQ 0% GR3D_FREQ 41% AUX@44.5C CPU@45.5C thermal@44.8C AO@44.5C GPU@44.5C PMIC@50C
1791262788.003563 10-06-2026 13:59:47 RAM 3381/6833MB (lfb 108x4MB) SWAP 123/3417MB (cached 1MB) CPU [5%@1420,5%@1420,4%@1420,10%@1420,0%@1420,100%@1420] EMC_FREQ 0% GR3D_FREQ 14% AUX@44.5C CPU@45.5C thermal@44.8C AO@44.5C GPU@44.5C PMIC@50C
1791262788.206843 10-06-2026 13:59:48 RAM 3402/6833MB (lfb 107x4MB) SWAP 123/3417MB (cached 1MB) CPU [5%@1420,13%@1420,0%@1420,10%@1420,5%@1420,90%@1420] EMC_FREQ 0% GR3D_FREQ 58% AUX@44.5C CPU@46C thermal@44.8C AO@44.5C GPU@45C PMIC@50C
1791262788.410135 10-06-2026 13:59:48 RAM 3439/6833MB (lfb 100x4MB) SWAP 123/3417MB (cached 1MB) CPU [14%@1420,0%@1420,5%@1420,10%@1420,4%@1420,95%@1420] EMC_FREQ 0% GR3D_FREQ 44% AUX@44.5C CPU@45.5C thermal@44.8C AO@44.5C GPU@44.5C PMIC@50C
1791262788.613461 10-06-2026 13:59:48 RAM 3399/6833MB (lfb 100x4MB) SWAP 123/3417MB (cached 1MB) CPU [17%@1420,9%@1420,0%@1420,5%@1420,5%@1344,60%@1344] EMC_FREQ 0% GR3D_FREQ 66% AUX@44.5C CPU@45.5C thermal@44.95C AO@44.5C GPU@45C PMIC@50C
1791262788.817100 10-06-2026 13:59:48 RAM 3294/6833MB (lfb 100x4MB) SWAP 123/3417MB (cached 1MB) CPU [5%@1420,10%@1420,5%@1420,14%@1420,23%@1420,10%@1420] EMC_FREQ 0% GR3D_FREQ 78% AUX@44.5C CPU@45.5C thermal@44.95C AO@44.5C GPU@45C PMIC@50C
1791262789.020709 10-06-2026 13:59:49 RAM 3256/6833MB (lfb 100x4MB) SWAP 123/3417MB (cached 1MB) CPU [15%@1267,4%@1267,13%@1267,30%@1267,15%@1267,10%@1267] EMC_FREQ 0% GR3D_FREQ 74% AUX@44.5C CPU@45.5C thermal@44.95C AO@44.5C GPU@45C PMIC@50C
1791262789.224340 10-06-2026 13:59:49 RAM 3343/6833MB (lfb 100x4MB) SWAP 123/3417MB (cached 1MB) CPU [9%@1420,5%@1420,35%@1420,40%@1420,0%@1420,0%@1420] EMC_FREQ 0% GR3D_FREQ 37% AUX@44.5C CPU@45.5C thermal@44.95C AO@44.5C GPU@45C PMIC@50C
1791262789.427888 10-06-2026 13:59:49 RAM 3335/6833MB (lfb 110x4MB) SWAP 123/3417MB (cached 1MB) CPU [19%@1420,0%@1420,88%@1420,0%@1420,5%@1420,5%@1420] EMC_FREQ 0% GR3D_FREQ 30% AUX@44.5C CPU@45.5C thermal@44.95C AO@44.5C GPU@44.5C PMIC@50C
1791262789.631045 10-06-2026 13:59:49 RAM 3359/6833MB (lfb 103x4MB) SWAP 123/3417MB (cached 1MB) CPU [14%@1420,13%@1420,81%@1420,5%@1420,0%@1420,4%@1420] EMC_FREQ 0% GR3D_FREQ 0% AUX@45C CPU@45.5C thermal@44.95C AO@44.5C GPU@45C PMIC@50C
1791262789.834977 10-06-2026 13:59:49 RAM 3359/6833MB (lfb 103x4MB) SWAP 123/3417MB (cached 1MB) CPU [5%@1190,14%@1190,0%@1190,9%@1190,9%@1190,5%@1190] EMC_FREQ 0% GR3D_FREQ 0% AUX@45C CPU@45.5C thermal@44.95C AO@44.5C GPU@44.5C PMIC@50C
1791262790.038737 10-06-2026 13:59:50 RAM 3359/6833MB (lfb 103x4MB) SWAP 123/3417MB (cached 1MB) CPU [14%@1190,0%@1190,9%@1190,18%@1420,5%@1420,5%@1420] EMC_FREQ 0% GR3D_FREQ 0% AUX@45C CPU@45.5C thermal@44.95C AO@44.5C GPU@44.5C PMIC@50C
1791262790.242307 10-06-2026 13:59:50 RAM 3359/6833MB (lfb 103x4MB) SWAP 123/3417MB (cached 1MB) CPU [5%@1420,5%@1420,14%@1420,5%@1420,14%@1420,9%@1420] EMC_FREQ 0% GR3D_FREQ 0% AUX@45C CPU@45.5C thermal@44.95C AO@44.5C GPU@44.5C PMIC@50C
1791262790.446366 10-06-2026 13:59:50 RAM 3359/6833MB (lfb 103x4MB) SWAP 123/3417MB (cached 1MB) CPU [5%@1420,0%@1420,0%@1420,5%@1420,5%@1420,5%@1420] EMC_FREQ 0% GR3D_FREQ 0% AUX@45C CPU@45.5C thermal@44.95C AO@45C GPU@45C PMIC@50C
1791262790.649921 10-06-2026 13:59:50 RAM 3359/6833MB (lfb 103x4MB) SWAP 123/3417MB (cached 1MB) CPU [14%@1420,5%@1420,9%@1420,9%@1420,13%@1420,13%@1420] EMC_FREQ 0% GR3D_FREQ 0% AUX@44.5C CPU@45.5C thermal@44.95C AO@45C GPU@45C PMIC@50C
1791262790.853472 10-06-2026 13:59:50 RAM 3359/6833MB (lfb 103x4MB) SWAP 123/3417MB (cached 1MB) CPU [9%@1190,0%@1190,15%@1190,10%@1190,5%@1420,0%@1420] EMC_FREQ 0% GR3D_FREQ 0% AUX@44.5C CPU@45.5C thermal@45.15C AO@45C GPU@45C PMIC@50C
1791262791.056912 10-06-2026 13:59:51 RAM 3359/6833MB (lfb 103x4MB) SWAP 123/3417MB (cached 1MB) CPU [5%@1190,14%@1190,0%@1190,0%@1190,0%@1190,18%@1190] EMC_FREQ 0% GR3D_FREQ 0% AUX@45C CPU@45.5C thermal@45.15C AO@44.5C GPU@45C PMIC@50C
1791262791.260450 10-06-2026 13:59:51 RAM 3359/6833MB (lfb 103x4MB) SWAP 123/3417MB (cached 1MB) CPU [5%@1190,5%@1420,5%@1420,10%@1420,10%@1420,13%@1420] EMC_FREQ 0% GR3D_FREQ 0% AUX@44.5C CPU@45.5C thermal@45.15C AO@45C GPU@45C PMIC@50C
1791262791.463900 10-06-2026 13:59:51 RAM 3359/6833MB (lfb 103x4MB) SWAP 123/3417MB (cached 1MB) CPU [9%@1420,0%@1420,10%@1420,9%@1420,14%@1420,0%@1420] EMC_FREQ 0% GR3D_FREQ 0% AUX@45C CPU@45.5C thermal@45.15C AO@45C GPU@45C PMIC@50C
1791262791.669366 10-06-2026 13:59:51 RAM 3359/6833MB (lfb 103x4MB) SWAP 123/3417MB (cached 1MB) CPU [14%@1420,9%@1420,5%@1420,5%@1420,14%@1420,0%@1420] EMC_FREQ 0% GR3D_FREQ 0% AUX@45C CPU@45.5C thermal@45.15C AO@45C GPU@45C PMIC@50C
1791262791.872759 10-06-2026 13:59:51 RAM 3359/6833MB (lfb 103x4MB) SWAP 123/3417MB (cached 1MB) CPU [5%@1190,5%@1190,0%@1420,10%@1420,5%@1420,10%@1420] EMC_FREQ 0% GR3D_FREQ 0% AUX@45C CPU@45.5C thermal@45.15C AO@45C GPU@45C PMIC@50C
1791262792.076164 10-06-2026 13:59:52 RAM 3359/6833MB (lfb 103x4MB) SWAP 123/3417MB (cached 1MB) CPU [5%@1190,9%@1190,0%@1420,13%@1420,5%@1420,5%@1420] EMC_FREQ 0% GR3D_FREQ 0% AUX@45C CPU@45.5C thermal@45.15C AO@45C GPU@45C PMIC@50C
1791262792.279938 10-06-2026 13:59:52 RAM 3359/6833MB (lfb 103x4MB) SWAP 123/3417MB (cached 1MB) CPU [9%@1190,5%@1190,10%@1190,5%@1190,10%@1190,0%@1190] EMC_FREQ 0% GR3D_FREQ 0% AUX@45C CPU@45.5C thermal@45.15C AO@45C GPU@45C PMIC@50C
1791262792.483229 10-06-2026 13:59:52 RAM 3359/6833MB (lfb 103x4MB) SWAP 123/3417MB (cached 1MB) CPU [10%@1190,5%@1420,9%@1420,4%@1420,5%@1420,9%@1420] EMC_FREQ 0% GR3D_FREQ 0% AUX@45C CPU@45.5C thermal@45.15C AO@45C GPU@45C PMIC@50C
1791262792.687770 10-06-2026 13:59:52 RAM 3359/6833MB (lfb 103x4MB) SWAP 123/3417MB (cached 1MB) CPU [13%@1420,0%@1420,18%@1420,5%@1420,10%@1420,9%@1420] EMC_FREQ 0% GR3D_FREQ 0% AUX@45C CPU@45.5C thermal@45.15C AO@45C GPU@45C PMIC@50C
1791262792.891862 10-06-2026 13:59:52 RAM 3359/6833MB (lfb 103x4MB) SWAP 123/3417MB (cached 1MB) CPU [5%@1420,5%@1420,5%@1420,10%@1420,5%@1420,5%@1420] EMC_FREQ 0% GR3D_FREQ 0% AUX@45C CPU@45.5C thermal@45.15C AO@45C GPU@45C PMIC@50C
1791262793.095257 10-06-2026 13:59:53 RAM 3363/6833MB (lfb 103x4MB) SWAP 123/3417MB (cached 1MB) CPU [9%@1190,5%@1190,5%@1190,5%@1420,10%@1420,0%@1420] EMC_FREQ 0% GR3D_FREQ 0% AUX@45C CPU@45.5C thermal@45.15C AO@45C GPU@45C PMIC@50C
1791262793.298688 10-06-2026 13:59:53 RAM 3377/6833MB (lfb 103x4MB) SWAP 123/3417MB (cached 1MB) CPU [5%@1190,9%@1190,5%@1420,0%@1420,14%@1420,0%@1420] EMC_FREQ 0% GR3D_FREQ 0% AUX@45C CPU@45.5C thermal@45.15C AO@45C GPU@45C PMIC@50C
1791262793.502170 10-06-2026 13:59:53 RAM 3393/6833MB (lfb 103x4MB) SWAP 123/3417MB (cached 1MB) CPU [5%@1190,5%@1420,18%@1420,5%@1420,14%@1420,13%@1420] EMC_FREQ 0% GR3D_FREQ 0% AUX@45C CPU@46C thermal@45.15C AO@45C GPU@45C PMIC@50C
1791262793.705405 10-06-2026 13:59:53 RAM 3405/6833MB (lfb 103x4MB) SWAP 123/3417MB (cached 1MB) CPU [9%@1190,0%@1420,15%@1420,0%@1420,10%@1420,5%@1420] EMC_FREQ 0% GR3D_FREQ 0% AUX@45C CPU@45.5C thermal@45.15C AO@45C GPU@45C PMIC@50C
1791262793.909134 10-06-2026 13:59:53 RAM 3418/6833MB (lfb 103x4MB) SWAP 123/3417MB (cached 1MB) CPU [9%@1190,9%@1190,14%@1190,9%@1190,10%@1420,0%@1420] EMC_FREQ 0% GR3D_FREQ 0% AUX@45C CPU@45.5C thermal@45.15C AO@45C GPU@45C PMIC@50C
1791262794.113278 10-06-2026 13:59:54 RAM 3434/6833MB (lfb 103x4MB) SWAP 123/3417MB (cached 1MB) CPU [0%@1420,5%@1420,15%@1420,5%@1420,14%@1420,10%@1420] EMC_FREQ 0% GR3D_FREQ 0% AUX@45C CPU@45.5C thermal@45.15C AO@45C GPU@45C PMIC@50C
1791262794.316782 10-06-2026 13:59:54 RAM 3449/6833MB (lfb 103x4MB) SWAP 123/3417MB (cached 1MB) CPU [10%@1190,9%@1190,10%@1190,5%@1420,0%@1420,13%@1420] EMC_FREQ 0% GR3D_FREQ 0% AUX@45C CPU@45.5C thermal@45.3C AO@45C GPU@45C PMIC@50C
1791262794.520341 10-06-2026 13:59:54 RAM 3465/6833MB (lfb 103x4MB) SWAP 123/3417MB (cached 1MB) CPU [14%@1190,5%@1190,5%@1420,10%@1420,10%@1420,0%@1420] EMC_FREQ 0% GR3D_FREQ 0% AUX@45C CPU@45.5C thermal@45.3C AO@45C GPU@45C PMIC@50C
1791262794.724165 10-06-2026 13:59:54 RAM 3479/6833MB (lfb 103x4MB) SWAP 123/3417MB (cached 1MB) CPU [14%@1420,0%@1420,5%@1420,15%@1420,5%@1420,5%@1420] EMC_FREQ 0% GR3D_FREQ 0% AUX@45C CPU@46C thermal@45.3C AO@45C GPU@45C PMIC@50C
1791262794.927595 10-06-2026 13:59:54 RAM 3492/6833MB (lfb 103x4MB) SWAP 123/3417MB (cached 1MB) CPU [10%@1190,10%@1420,5%@1420,14%@1420,9%@1420,5%@1420] EMC_FREQ 0% GR3D_FREQ 0% AUX@45C CPU@46C thermal@45.3C AO@45C GPU@45.5C PMIC@50C
1791262795.131247 10-06-2026 13:59:55 RAM 3493/6833MB (lfb 103x4MB) SWAP 123/3417MB (cached 1MB) CPU [14%@1190,4%@1190,5%@1190,10%@1420,5%@1420,0%@1420] EMC_FREQ 0% GR3D_FREQ 0% AUX@45C CPU@46C thermal@45.3C AO@45C GPU@45C PMIC@50C
1791262795.334819 10-06-2026 13:59:55 RAM 3504/6833MB (lfb 100x4MB) SWAP 123/3417MB (cached 1MB) CPU [10%@1420,0%@1420,9%@1420,10%@1420,9%@1420,5%@1420] EMC_FREQ 0% GR3D_FREQ 0% AUX@45C CPU@46C thermal@45.3C AO@45C GPU@45C PMIC@50C
1791262795.538249 10-06-2026 13:59:55 RAM 3515/6833MB (lfb 94x4MB) SWAP 123/3417MB (cached 1MB) CPU [9%@1420,18%@1420,5%@1420,26%@1420,9%@1420,17%@1420] EMC_FREQ 0% GR3D_FREQ 0% AUX@45C CPU@46C thermal@45.3C AO@45C GPU@45C PMIC@50C
1791262795.741631 10-06-2026 13:59:55 RAM 3525/6833MB (lfb 88x4MB) SWAP 123/3417MB (cached 1MB) CPU [5%@1190,10%@1420,13%@1420,10%@1420,10%@1420,0%@1420] EMC_FREQ 0% GR3D_FREQ 0% AUX@45C CPU@46C thermal@45.3C AO@45C GPU@45C PMIC@50C
1791262795.945411 10-06-2026 13:59:55 RAM 3539/6833MB (lfb 80x4MB) SWAP 123/3417MB (cached 1MB) CPU [5%@1420,10%@1420,5%@1420,10%@1420,0%@1420,5%@1420] EMC_FREQ 0% GR3D_FREQ 0% AUX@45C CPU@46C thermal@45.3C AO@45C GPU@45C PMIC@50C
1791262796.148789 10-06-2026 13:59:56 RAM 3548/6833MB (lfb 74x4MB) SWAP 123/3417MB (cached 1MB) CPU [19%@1190,4%@1190,10%@1190,15%@1190,5%@1190,9%@1190] EMC_FREQ 0% GR3D_FREQ 0% AUX@45C CPU@46C thermal@45.3C AO@45C GPU@45C PMIC@50C
1791262796.352869 10-06-2026 13:59:56 RAM 3559/6833MB (lfb 68x4MB) SWAP 123/3417MB (cached 1MB) CPU [14%@1420,0%@1420,9%@1420,10%@1420,5%@1420,5%@1420] EMC_FREQ 0% GR3D_FREQ 0% AUX@45C CPU@46C thermal@45.3C AO@45C GPU@45.5C PMIC@50C
1791262796.556969 10-06-2026 13:59:56 RAM 3569/6833MB (lfb 62x4MB) SWAP 123/3417MB (cached 1MB) CPU [14%@1420,14%@1420,10%@1420,15%@1420,5%@1420,0%@1420] EMC_FREQ 0% GR3D_FREQ 0% AUX@45C CPU@46C thermal@45.45C AO@45C GPU@45C PMIC@50C
1791262796.760518 10-06-2026 13:59:56 RAM 3582/6833MB (lfb 54x4MB) SWAP 123/3417MB (cached 1MB) CPU [5%@1420,5%@1420,5%@1420,19%@1420,0%@1420,5%@1420] EMC_FREQ 0% GR3D_FREQ 0% AUX@45C CPU@46C thermal@45.45C AO@45C GPU@45.5C PMIC@50C
1791262796.964153 10-06-2026 13:59:56 RAM 3599/6833MB (lfb 46x4MB) SWAP 123/3417MB (cached 1MB) CPU [13%@1420,9%@1420,9%@1420,15%@1420,9%@1420,9%@1420] EMC_FREQ 0% GR3D_FREQ 0% AUX@45C CPU@46C thermal@45.45C AO@45.5C GPU@45.5C PMIC@50C
1791262797.167548 10-06-2026 13:59:57 RAM 3615/6833MB (lfb 38x4MB) SWAP 123/3417MB (cached 1MB) CPU [9%@1190,9%@1190,5%@1190,14%@1190,0%@1420,5%@1420] EMC_FREQ 0% GR3D_FREQ 0% AUX@45C CPU@46C thermal@45.45C AO@45C GPU@45.5C PMIC@50C
1791262797.371060 10-06-2026 13:59:57 RAM 3631/6833MB (lfb 30x4MB) SWAP 123/3417MB (cached 1MB) CPU [5%@1190,0%@1190,9%@1190,15%@1190,5%@1190,10%@1190] EMC_FREQ 0% GR3D_FREQ 0% AUX@45.5C CPU@46C thermal@45.45C AO@45C GPU@45C PMIC@50C
1791262797.574407 10-06-2026 13:59:57 RAM 3645/6833MB (lfb 26x4MB) SWAP 123/3417MB (cached 1MB) CPU [4%@1190,13%@1190,5%@1190,19%@1190,4%@1190,0%@1420] EMC_FREQ 0% GR3D_FREQ 0% AUX@45C CPU@46C thermal@45.45C AO@45.5C GPU@45.5C PMIC@50C
1791262797.777956 10-06-2026 13:59:57 RAM 3661/6833MB (lfb 26x4MB) SWAP 123/3417MB (cached 1MB) CPU [9%@1420,5%@1420,14%@1420,9%@1420,0%@1420,5%@1420] EMC_FREQ 0% GR3D_FREQ 0% AUX@45C CPU@46C thermal@45.45C AO@45.5C GPU@45C PMIC@50C
1791262797.981519 10-06-2026 13:59:57 RAM 3677/6833MB (lfb 26x4MB) SWAP 123/3417MB (cached 1MB) CPU [0%@1190,5%@1190,10%@1190,10%@1420,9%@1420,5%@1420] EMC_FREQ 0% GR3D_FREQ 0% AUX@45C CPU@46C thermal@45.45C AO@45C GPU@45.5C PMIC@50C
1791262798.184811 10-06-2026 13:59:58 RAM 3677/6833MB (lfb 26x4MB) SWAP 123/3417MB (cached 1MB) CPU [19%@1420,5%@1420,14%@1420,72%@1420,5%@1420,5%@1420] EMC_FREQ 0% GR3D_FREQ 68% AUX@45.5C CPU@46.5C thermal@45.45C AO@45C GPU@45.5C PMIC@50C
1791262798.388083 10-06-2026 13:59:58 RAM 3677/6833MB (lfb 26x4MB) SWAP 123/3417MB (cached 1MB) CPU [14%@1420,5%@1420,0%@1420,5%@1420,76%@1420,9%@1420] EMC_FREQ 0% GR3D_FREQ 0% AUX@45C CPU@46.5C thermal@45.45C AO@45.5C GPU@45.5C PMIC@50C
1791262798.591246 10-06-2026 13:59:58 RAM 3359/6833MB (lfb 26x4MB) SWAP 123/3417MB (cached 1MB) CPU [5%@1420,9%@1420,9%@1420,4%@1420,100%@1420,0%@1420] EMC_FREQ 0% GR3D_FREQ 0% AUX@45C CPU@46.5C thermal@45.45C AO@45C GPU@45.5C PMIC@50C
1791262798.794480 10-06-2026 13:59:58 RAM 3358/6833MB (lfb 26x4MB) SWAP 123/3417MB (cached 1MB) CPU [0%@1420,0%@1420,45%@1420,0%@1420,100%@1420,5%@1420] EMC_FREQ 0% GR3D_FREQ 0% AUX@45C CPU@46.5C thermal@45.6C AO@45.5C GPU@45C PMIC@50C
1791262799.000040 10-06-2026 13:59:58 RAM 3362/6833MB (lfb 26x4MB) SWAP 123/3417MB (cached 1MB) CPU [5%@1420,10%@1420,47%@1420,14%@1420,95%@1420,4%@1420] EMC_FREQ 0% GR3D_FREQ 0% AUX@45C CPU@46.5C thermal@45.6C AO@45.5C GPU@45.5C PMIC@50C
1791262799.201173 10-06-2026 13:59:59 RAM 3362/6833MB (lfb 26x4MB) SWAP 123/3417MB (cached 1MB) CPU [10%@1420,0%@1420,10%@1420,5%@1420,85%@1420,5%@1420] EMC_FREQ 0% GR3D_FREQ 0% AUX@45C CPU@46C thermal@45.6C AO@45C GPU@45.5C PMIC@50C
1791262799.404592 10-06-2026 13:59:59 RAM 3360/6833MB (lfb 26x4MB) SWAP 123/3417MB (cached 1MB) CPU [13%@1420,14%@1420,9%@1420,10%@1420,0%@1420,78%@1420] EMC_FREQ 0% GR3D_FREQ 0% AUX@45.5C CPU@46.5C thermal@45.6C AO@45.5C GPU@45.5C PMIC@50C
1791262799.607938 10-06-2026 13:59:59 RAM 3411/6833MB (lfb 26x4MB) SWAP 123/3417MB (cached 1MB) CPU [5%@1420,0%@1420,10%@1420,9%@1420,95%@1420,5%@1420] EMC_FREQ 0% GR3D_FREQ 0% AUX@45C CPU@46.5C thermal@45.6C AO@45.5C GPU@45.5C PMIC@50C
1791262799.811043 10-06-2026 13:59:59 RAM 3830/6833MB (lfb 48x1MB) SWAP 123/3417MB (cached 1MB) CPU [9%@1420,0%@1420,0%@1420,10%@1420,100%@1420,0%@1420] EMC_FREQ 0% GR3D_FREQ 0% AUX@45.5C CPU@46.5C thermal@45.8C AO@45.5C GPU@45.5C PMIC@50C
1791262800.014292 10-06-2026 14:00:00 RAM 3894/6833MB (lfb 33x1MB) SWAP 123/3417MB (cached 1MB) CPU [5%@1420,9%@1420,4%@1420,5%@1420,100%@1420,5%@1420] EMC_FREQ 0% GR3D_FREQ 0% AUX@45C CPU@46.5C thermal@45.8C AO@45.5C GPU@45.5C PMIC@50C
1791262800.217505 10-06-2026 14:00:00 RAM 3955/6833MB (lfb 33x1MB) SWAP 123/3417MB (cached 1MB) CPU [5%@1420,9%@1420,0%@1420,10%@1420,100%@1420,0%@1420] EMC_FREQ 0% GR3D_FREQ 0% AUX@45.5C CPU@46.5C thermal@45.8C AO@45.5C GPU@45.5C PMIC@50C
1791262800.420756 10-06-2026 14:00:00 RAM 4017/6833MB (lfb 33x1MB) SWAP 123/3417MB (cached 1MB) CPU [5%@1420,9%@1420,5%@1420,18%@1420,100%@1420,9%@1420] EMC_FREQ 0% GR3D_FREQ 0% AUX@45.5C CPU@46.5C thermal@45.8C AO@45.5C GPU@45.5C PMIC@50C
1791262800.624578 10-06-2026 14:00:00 RAM 4043/6833MB (lfb 10x1MB) SWAP 123/3417MB (cached 1MB) CPU [5%@1420,5%@1420,5%@1420,28%@1420,100%@1420,5%@1420] EMC_FREQ 0% GR3D_FREQ 0% AUX@45.5C CPU@46.5C thermal@45.8C AO@45.5C GPU@45.5C PMIC@50C
1791262800.829197 10-06-2026 14:00:00 RAM 4015/6833MB (lfb 10x1MB) SWAP 123/3417MB (cached 1MB) CPU [5%@1420,9%@1420,5%@1420,26%@1420,100%@1420,5%@1420] EMC_FREQ 0% GR3D_FREQ 0% AUX@45.5C CPU@46.5C thermal@45.8C AO@45.5C GPU@45.5C PMIC@50C
1791262801.033476 10-06-2026 14:00:01 RAM 4000/6833MB (lfb 16x1MB) SWAP 123/3417MB (cached 1MB) CPU [27%@1420,15%@1420,9%@1420,13%@1420,100%@1420,9%@1420] EMC_FREQ 0% GR3D_FREQ 0% AUX@45C CPU@46.5C thermal@45.8C AO@45.5C GPU@45.5C PMIC@50C
1791262801.237125 10-06-2026 14:00:01 RAM 4000/6833MB (lfb 12x1MB) SWAP 123/3417MB (cached 1MB) CPU [20%@1420,10%@1420,9%@1420,5%@1420,100%@1420,15%@1420] EMC_FREQ 0% GR3D_FREQ 0% AUX@45.5C CPU@46.5C thermal@45.8C AO@45.5C GPU@45.5C PMIC@50C
1791262801.441011 10-06-2026 14:00:01 RAM 4002/6833MB (lfb 12x1MB) SWAP 123/3417MB (cached 1MB) CPU [30%@1420,9%@1420,10%@1420,9%@1420,100%@1420,4%@1420] EMC_FREQ 0% GR3D_FREQ 0% AUX@45.5C CPU@46.5C thermal@45.8C AO@45.5C GPU@45.5C PMIC@50C
1791262801.644573 10-06-2026 14:00:01 RAM 4004/6833MB (lfb 12x1MB) SWAP 123/3417MB (cached 1MB) CPU [5%@1420,9%@1420,10%@1420,10%@1420,100%@1420,4%@1420] EMC_FREQ 0% GR3D_FREQ 0% AUX@45.5C CPU@46.5C thermal@45.8C AO@45.5C GPU@45.5C PMIC@50C
1791262801.848097 10-06-2026 14:00:01 RAM 4004/6833MB (lfb 12x1MB) SWAP 123/3417MB (cached 1MB) CPU [5%@1420,10%@1420,5%@1420,0%@1420,100%@1420,0%@1420] EMC_FREQ 0% GR3D_FREQ 0% AUX@45.5C CPU@46.5C thermal@45.8C AO@45.5C GPU@45.5C PMIC@50C
1791262802.051167 10-06-2026 14:00:02 RAM 4004/6833MB (lfb 12x1MB) SWAP 123/3417MB (cached 1MB) CPU [0%@1420,14%@1420,0%@1420,9%@1420,100%@1420,5%@1420] EMC_FREQ 0% GR3D_FREQ 0% AUX@45.5C CPU@46.5C thermal@45.8C AO@45.5C GPU@45.5C PMIC@50C
1791262802.254795 10-06-2026 14:00:02 RAM 4004/6833MB (lfb 12x1MB) SWAP 123/3417MB (cached 1MB) CPU [9%@1420,0%@1420,5%@1420,13%@1420,100%@1420,0%@1420] EMC_FREQ 0% GR3D_FREQ 0% AUX@45.5C CPU@47C thermal@45.8C AO@45.5C GPU@45.5C PMIC@50C
1791262802.458175 10-06-2026 14:00:02 RAM 4004/6833MB (lfb 12x1MB) SWAP 123/3417MB (cached 1MB) CPU [30%@1420,9%@1420,13%@1420,5%@1420,80%@1420,26%@1420] EMC_FREQ 0% GR3D_FREQ 0% AUX@45.5C CPU@47C thermal@45.8C AO@45.5C GPU@45.5C PMIC@50C
1791262802.661616 10-06-2026 14:00:02 RAM 3858/6833MB (lfb 1x2MB) SWAP 123/3417MB (cached 1MB) CPU [100%@1420,10%@1420,0%@1420,5%@1420,0%@1420,35%@1420] EMC_FREQ 0% GR3D_FREQ 0% AUX@45.5C CPU@46.5C thermal@45.8C AO@45.5C GPU@45.5C PMIC@50C
1791262802.865027 10-06-2026 14:00:02 RAM 3003/6833MB (lfb 30x4MB) SWAP 123/3417MB (cached 1MB) CPU [60%@1420,78%@1420,14%@1420,50%@1420,0%@1420,5%@1420] EMC_FREQ 0% GR3D_FREQ 0% AUX@45.5C CPU@46.5C thermal@45.8C AO@46C GPU@45.5C PMIC@50C
1791262803.068768 10-06-2026 14:00:03 RAM 3003/6833MB (lfb 30x4MB) SWAP 123/3417MB (cached 1MB) CPU [36%@1420,36%@1420,10%@1420,14%@1420,35%@1420,0%@1420] EMC_FREQ 0% GR3D_FREQ 0% AUX@45.5C CPU@46.5C thermal@45.8C AO@45.5C GPU@45.5C PMIC@50C
1791262803.272124 10-06-2026 14:00:03 RAM 3003/6833MB (lfb 30x4MB) SWAP 123/3417MB (cached 1MB) CPU [5%@1420,10%@1420,9%@1420,0%@1420,100%@1420,4%@1420] EMC_FREQ 0% GR3D_FREQ 0% AUX@45.5C CPU@46.5C thermal@45.8C AO@46C GPU@45.5C PMIC@50C
1791262803.475261 10-06-2026 14:00:03 RAM 3009/6833MB (lfb 30x4MB) SWAP 123/3417MB (cached 1MB) CPU [9%@1420,14%@1420,5%@1420,5%@1420,100%@1420,0%@1420] EMC_FREQ 0% GR3D_FREQ 0% AUX@45.5C CPU@46.5C thermal@45.8C AO@46C GPU@46C PMIC@50C
1791262803.678828 10-06-2026 14:00:03 RAM 3038/6833MB (lfb 30x4MB) SWAP 123/3417MB (cached 1MB) CPU [5%@1420,5%@1420,5%@1420,5%@1420,100%@1420,4%@1420] EMC_FREQ 0% GR3D_FREQ 0% AUX@45.5C CPU@46.5C thermal@45.8C AO@46C GPU@45.5C PMIC@50C
1791262803.882148 10-06-2026 14:00:03 RAM 3069/6833MB (lfb 30x4MB) SWAP 123/3417MB (cached 1MB) CPU [18%@1420,0%@1420,9%@1420,4%@1420,100%@1420,4%@1420] EMC_FREQ 0% GR3D_FREQ 0% AUX@45.5C CPU@46.5C thermal@45.8C AO@45.5C GPU@45.5C PMIC@50C
1791262804.085550 10-06-2026 14:00:04 RAM 3099/6833MB (lfb 30x4MB) SWAP 123/3417MB (cached 1MB) CPU [15%@1420,9%@1420,0%@1420,0%@1420,100%@1420,0%@1420] EMC_FREQ 0% GR3D_FREQ 0% AUX@45.5C CPU@46.5C thermal@45.8C AO@46C GPU@45.5C PMIC@50C
1791262804.288764 10-06-2026 14:00:04 RAM 3129/6833MB (lfb 30x4MB) SWAP 123/3417MB (cached 1MB) CPU [5%@1420,14%@1420,5%@1420,0%@1420,100%@1420,0%@1420] EMC_FREQ 0% GR3D_FREQ 0% AUX@45.5C CPU@47C thermal@45.95C AO@45.5C GPU@46C PMIC@50C
1791262804.491951 10-06-2026 14:00:04 RAM 3159/6833MB (lfb 30x4MB) SWAP 123/3417MB (cached 1MB) CPU [5%@1420,5%@1420,5%@1420,17%@1420,100%@1420,5%@1420] EMC_FREQ 0% GR3D_FREQ 0% AUX@45.5C CPU@47C thermal@45.95C AO@45.5C GPU@46C PMIC@50C
1791262804.695182 10-06-2026 14:00:04 RAM 3188/6833MB (lfb 30x4MB) SWAP 123/3417MB (cached 1MB) CPU [13%@1420,5%@1420,0%@1420,0%@1420,100%@1420,0%@1420] EMC_FREQ 0% GR3D_FREQ 0% AUX@45.5C CPU@47C thermal@45.95C AO@46C GPU@46C PMIC@50C
1791262804.898460 10-06-2026 14:00:04 RAM 3217/6833MB (lfb 30x4MB) SWAP 123/3417MB (cached 1MB) CPU [0%@1420,9%@1420,14%@1420,10%@1420,100%@1420,0%@1420] EMC_FREQ 0% GR3D_FREQ 0% AUX@45.5C CPU@47C thermal@45.95C AO@45.5C GPU@45.5C PMIC@50C
1791262805.101708 10-06-2026 14:00:05 RAM 3247/6833MB (lfb 30x4MB) SWAP 123/3417MB (cached 1MB) CPU [5%@1420,15%@1420,9%@1420,9%@1420,100%@1420,4%@1420] EMC_FREQ 0% GR3D_FREQ 0% AUX@45.5C CPU@46.5C thermal@45.95C AO@46C GPU@46C PMIC@50C
1791262805.304993 10-06-2026 14:00:05 RAM 3274/6833MB (lfb 30x4MB) SWAP 123/3417MB (cached 1MB) CPU [10%@1420,0%@1420,9%@1420,10%@1420,100%@1420,4%@1420] EMC_FREQ 0% GR3D_FREQ 0% AUX@45.5C CPU@47C thermal@45.95C AO@46C GPU@46C PMIC@50C
1791262805.508334 10-06-2026 14:00:05 RAM 3301/6833MB (lfb 30x4MB) SWAP 123/3417MB (cached 1MB) CPU [14%@1420,5%@1420,4%@1420,13%@1420,100%@1420,0%@1420] EMC_FREQ 0% GR3D_FREQ 0% AUX@45.5C CPU@47C thermal@46.1C AO@46C GPU@46C PMIC@50C
1791262805.711577 10-06-2026 14:00:05 RAM 3329/6833MB (lfb 30x4MB) SWAP 123/3417MB (cached 1MB) CPU [5%@1420,5%@1420,9%@1420,5%@1420,100%@1420,0%@1420] EMC_FREQ 0% GR3D_FREQ 0% AUX@46C CPU@46.5C thermal@46.1C AO@46C GPU@46C PMIC@50C
1791262805.914950 10-06-2026 14:00:05 RAM 3360/6833MB (lfb 30x4MB) SWAP 123/3417MB (cached 1MB) CPU [9%@1420,9%@1420,0%@1420,5%@1420,100%@1420,9%@1420] EMC_FREQ 0% GR3D_FREQ 0% AUX@45.5C CPU@46.5C thermal@46.1C AO@46C GPU@45.5C PMIC@50C
1791262806.118384 10-06-2026 14:00:06 RAM 3388/6833MB (lfb 30x4MB) SWAP 123/3417MB (cached 1MB) CPU [5%@1420,10%@1420,5%@1420,10%@1420,100%@1420,5%@1420] EMC_FREQ 0% GR3D_FREQ 0% AUX@45.5C CPU@46.5C thermal@46.1C AO@46C GPU@46C PMIC@50C
1791262806.321784 10-06-2026 14:00:06 RAM 3482/6833MB (lfb 30x4MB) SWAP 123/3417MB (cached 1MB) CPU [9%@1420,14%@1420,5%@1420,0%@1420,100%@1420,5%@1420] EMC_FREQ 0% GR3D_FREQ 0% AUX@45.5C CPU@46.5C thermal@46.1C AO@46C GPU@46C PMIC@50C
1791262806.525125 10-06-2026 14:00:06 RAM 3482/6833MB (lfb 30x4MB) SWAP 123/3417MB (cached 1MB) CPU [9%@1420,15%@1420,0%@1420,9%@1420,100%@1420,0%@1420] EMC_FREQ 0% GR3D_FREQ 0% AUX@46C CPU@46.5C thermal@46.1C AO@46C GPU@46C PMIC@50C
1791262806.728446 10-06-2026 14:00:06 RAM 3482/6833MB (lfb 30x4MB) SWAP 123/3417MB (cached 1MB) CPU [5%@1420,9%@1420,5%@1420,5%@1420,100%@1420,0%@1420] EMC_FREQ 0% GR3D_FREQ 0% AUX@45.5C CPU@47C thermal@46.15C AO@46C GPU@46C PMIC@50C
1791262806.931900 10-06-2026 14:00:06 RAM 3482/6833MB (lfb 30x4MB) SWAP 123/3417MB (cached 1MB) CPU [9%@1420,5%@1420,13%@1420,5%@1420,100%@1420,0%@1420] EMC_FREQ 0% GR3D_FREQ 0% AUX@46C CPU@47C thermal@46.15C AO@46C GPU@46C PMIC@50C
1791262807.135190 10-06-2026 14:00:07 RAM 3482/6833MB (lfb 30x4MB) SWAP 123/3417MB (cached 1MB) CPU [5%@1420,5%@1420,5%@1420,5%@1420,100%@1420,0%@1420] EMC_FREQ 0% GR3D_FREQ 0% AUX@46C CPU@47C thermal@46.15C AO@46C GPU@46C PMIC@50C
1791262807.338496 10-06-2026 14:00:07 RAM 3482/6833MB (lfb 30x4MB) SWAP 123/3417MB (cached 1MB) CPU [15%@1420,4%@1420,5%@1420,0%@1420,100%@1420,0%@1420] EMC_FREQ 0% GR3D_FREQ 0% AUX@46C CPU@47C thermal@46.15C AO@46C GPU@46C PMIC@50C
1791262807.541760 10-06-2026 14:00:07 RAM 3482/6833MB (lfb 30x4MB) SWAP 123/3417MB (cached 1MB) CPU [14%@1420,5%@1420,19%@1420,9%@1420,100%@1420,5%@1420] EMC_FREQ 0% GR3D_FREQ 0% AUX@46C CPU@46.5C thermal@46.15C AO@46C GPU@46C PMIC@50C
1791262807.745393 10-06-2026 14:00:07 RAM 3482/6833MB (lfb 30x4MB) SWAP 123/3417MB (cached 1MB) CPU [5%@1420,10%@1420,57%@1420,5%@1420,100%@1420,0%@1420] EMC_FREQ 0% GR3D_FREQ 0% AUX@45.5C CPU@47C thermal@46.1C AO@46C GPU@46C PMIC@50C
1791262807.948740 10-06-2026 14:00:07 RAM 3482/6833MB (lfb 30x4MB) SWAP 123/3417MB (cached 1MB) CPU [15%@1420,9%@1420,0%@1420,0%@1420,100%@1420,4%@1420] EMC_FREQ 0% GR3D_FREQ 0% AUX@46C CPU@47C thermal@46.1C AO@46C GPU@46C PMIC@50C
1791262808.152247 10-06-2026 14:00:08 RAM 3482/6833MB (lfb 30x4MB) SWAP 123/3417MB (cached 1MB) CPU [0%@1420,9%@1420,9%@1420,9%@1420,100%@1420,0%@1420] EMC_FREQ 0% GR3D_FREQ 0% AUX@46C CPU@47C thermal@46.1C AO@46C GPU@46C PMIC@50C
1791262808.355575 10-06-2026 14:00:08 RAM 3482/6833MB (lfb 30x4MB) SWAP 123/3417MB (cached 1MB) CPU [14%@1420,9%@1420,0%@1420,5%@1420,100%@1420,9%@1420] EMC_FREQ 0% GR3D_FREQ 0% AUX@46C CPU@47C thermal@46.1C AO@46C GPU@46C PMIC@50C
1791262808.558934 10-06-2026 14:00:08 RAM 3482/6833MB (lfb 30x4MB) SWAP 123/3417MB (cached 1MB) CPU [5%@1420,0%@1420,9%@1420,0%@1420,100%@1420,4%@1420] EMC_FREQ 0% GR3D_FREQ 0% AUX@45.5C CPU@47C thermal@46.1C AO@46C GPU@46C PMIC@50C
1791262808.762123 10-06-2026 14:00:08 RAM 3482/6833MB (lfb 30x4MB) SWAP 123/3417MB (cached 1MB) CPU [10%@1420,5%@1420,5%@1420,9%@1420,100%@1420,5%@1420] EMC_FREQ 0% GR3D_FREQ 0% AUX@46C CPU@47C thermal@46.1C AO@46C GPU@46C PMIC@50C
1791262808.965552 10-06-2026 14:00:08 RAM 3482/6833MB (lfb 30x4MB) SWAP 123/3417MB (cached 1MB) CPU [15%@1420,9%@1420,0%@1420,13%@1420,100%@1420,0%@1420] EMC_FREQ 0% GR3D_FREQ 0% AUX@46C CPU@47C thermal@46.3C AO@46C GPU@46C PMIC@50C
1791262809.169039 10-06-2026 14:00:09 RAM 3443/6833MB (lfb 30x4MB) SWAP 123/3417MB (cached 1MB) CPU [40%@1420,35%@1420,40%@1420,31%@1420,95%@1420,31%@1420] EMC_FREQ 0% GR3D_FREQ 0% AUX@46C CPU@47C thermal@46.3C AO@46C GPU@46C PMIC@50C
1791262809.372262 10-06-2026 14:00:09 RAM 3005/6833MB (lfb 30x4MB) SWAP 123/3417MB (cached 1MB) CPU [10%@1420,5%@1420,4%@1420,5%@1420,100%@1420,5%@1420] EMC_FREQ 0% GR3D_FREQ 0% AUX@46C CPU@47C thermal@46.3C AO@46C GPU@46C PMIC@50C
1791262809.575446 10-06-2026 14:00:09 RAM 3003/6833MB (lfb 30x4MB) SWAP 123/3417MB (cached 1MB) CPU [5%@1420,13%@1420,5%@1420,9%@1420,90%@1420,0%@1420] EMC_FREQ 0% GR3D_FREQ 0% AUX@46C CPU@47C thermal@46.3C AO@45.5C GPU@46C PMIC@50C
1791262809.778892 10-06-2026 14:00:09 RAM 3003/6833MB (lfb 30x4MB) SWAP 123/3417MB (cached 1MB) CPU [5%@1420,10%@1420,5%@1420,0%@1420,72%@1420,10%@1420] EMC_FREQ 0% GR3D_FREQ 14% AUX@46C CPU@47C thermal@46.3C AO@46C GPU@46C PMIC@50C
1791262809.982771 10-06-2026 14:00:09 RAM 3003/6833MB (lfb 30x4MB) SWAP 123/3417MB (cached 1MB) CPU [13%@1420,0%@1420,5%@1420,5%@1420,90%@1420,9%@1420] EMC_FREQ 0% GR3D_FREQ 15% AUX@45.5C CPU@47C thermal@46.3C AO@46C GPU@46C PMIC@50C
1791262810.185978 10-06-2026 14:00:10 RAM 3003/6833MB (lfb 30x4MB) SWAP 123/3417MB (cached 1MB) CPU [9%@1420,85%@1420,14%@1420,0%@1420,10%@1420,4%@1420] EMC_FREQ 0% GR3D_FREQ 0% AUX@46C CPU@46.5C thermal@46.3C AO@46C GPU@46C PMIC@50C
1791262810.389670 10-06-2026 14:00:10 RAM 3003/6833MB (lfb 30x4MB) SWAP 123/3417MB (cached 1MB) CPU [73%@1420,23%@1420,14%@1420,10%@1420,0%@1420,0%@1420] EMC_FREQ 0% GR3D_FREQ 0% AUX@45.5C CPU@47C thermal@46.3C AO@46C GPU@46C PMIC@50C
1791262810.593034 10-06-2026 14:00:10 RAM 3004/6833MB (lfb 30x4MB) SWAP 123/3417MB (cached 1MB) CPU [66%@1420,38%@1420,5%@1420,0%@1420,0%@1420,9%@1420] EMC_FREQ 0% GR3D_FREQ 0% AUX@46C CPU@47C thermal@46.3C AO@46C GPU@46C PMIC@50C
1791262810.796559 10-06-2026 14:00:10 RAM 3004/6833MB (lfb 30x4MB) SWAP 123/3417MB (cached 1MB) CPU [90%@1420,5%@1420,14%@1420,13%@1420,5%@1420,9%@1420] EMC_FREQ 0% GR3D_FREQ 39% AUX@46C CPU@46.5C thermal@46.3C AO@46C GPU@46C PMIC@50C
1791262810.999883 10-06-2026 14:00:10 RAM 3007/6833MB (lfb 30x4MB) SWAP 123/3417MB (cached 1MB) CPU [95%@1420,0%@1420,15%@1420,9%@1420,0%@1420,5%@1420] EMC_FREQ 0% GR3D_FREQ 0% AUX@45.5C CPU@46.5C thermal@46.3C AO@46C GPU@45.5C PMIC@50C
1791262811.203345 10-06-2026 14:00:11 RAM 3172/6833MB (lfb 30x4MB) SWAP 123/3417MB (cached 1MB) CPU [9%@1420,90%@1420,10%@1420,14%@1420,0%@1420,0%@1420] EMC_FREQ 0% GR3D_FREQ 0% AUX@45.5C CPU@46.5C thermal@45.95C AO@46C GPU@46C PMIC@50C
1791262811.406868 10-06-2026 14:00:11 RAM 3210/6833MB (lfb 30x4MB) SWAP 123/3417MB (cached 1MB) CPU [10%@1420,75%@1420,10%@1420,9%@1420,5%@1420,5%@1420] EMC_FREQ 0% GR3D_FREQ 96% AUX@46C CPU@47C thermal@45.95C AO@46C GPU@46C PMIC@50C
1791262811.610528 10-06-2026 14:00:11 RAM 3248/6833MB (lfb 30x4MB) SWAP 123/3417MB (cached 1MB) CPU [5%@1420,100%@1420,5%@1420,4%@1420,9%@1420,5%@1420] EMC_FREQ 0% GR3D_FREQ 0% AUX@46C CPU@47C thermal@45.95C AO@46C GPU@46C PMIC@50C
1791262811.816264 10-06-2026 14:00:11 RAM 3248/6833MB (lfb 30x4MB) SWAP 123/3417MB (cached 1MB) CPU [5%@1420,100%@1420,10%@1420,0%@1420,4%@1420,13%@1420] EMC_FREQ 0% GR3D_FREQ 0% AUX@46C CPU@47C thermal@45.95C AO@46C GPU@46C PMIC@50C
1791262812.020096 10-06-2026 14:00:12 RAM 3248/6833MB (lfb 30x4MB) SWAP 123/3417MB (cached 1MB) CPU [5%@1420,100%@1420,14%@1420,0%@1420,0%@1420,0%@1420] EMC_FREQ 0% GR3D_FREQ 6% AUX@45.5C CPU@46.5C thermal@45.95C AO@46C GPU@46C PMIC@50C
1791262812.224057 10-06-2026 14:00:12 RAM 3253/6833MB (lfb 30x4MB) SWAP 123/3417MB (cached 1MB) CPU [20%@1267,80%@1267,9%@1267,0%@1267,10%@1267,5%@1267] EMC_FREQ 0% GR3D_FREQ 4% AUX@45.5C CPU@46.5C thermal@46.3C AO@46C GPU@46C PMIC@50C
1791262812.427437 10-06-2026 14:00:12 RAM 3264/6833MB (lfb 30x4MB) SWAP 123/3417MB (cached 1MB) CPU [71%@1420,22%@1420,10%@1420,0%@1420,13%@1420,9%@1420] EMC_FREQ 0% GR3D_FREQ 0% AUX@46C CPU@46.5C thermal@46.3C AO@46C GPU@46C PMIC@50C
1791262812.630737 10-06-2026 14:00:12 RAM 3267/6833MB (lfb 30x4MB) SWAP 123/3417MB (cached 1MB) CPU [26%@1420,59%@1420,18%@1420,5%@1420,5%@1420,0%@1420] EMC_FREQ 0% GR3D_FREQ 0% AUX@46C CPU@46.5C thermal@46.3C AO@46C GPU@46C PMIC@50C
1791262812.834100 10-06-2026 14:00:12 RAM 3273/6833MB (lfb 30x4MB) SWAP 123/3417MB (cached 1MB) CPU [63%@1420,26%@1420,10%@1420,9%@1420,13%@1420,9%@1420] EMC_FREQ 0% GR3D_FREQ 0% AUX@45.5C CPU@46.5C thermal@46.3C AO@46C GPU@46C PMIC@50C
1791262813.041393 10-06-2026 14:00:13 RAM 3281/6833MB (lfb 30x4MB) SWAP 123/3417MB (cached 1MB) CPU [30%@1420,55%@1420,5%@1420,0%@1420,14%@1420,5%@1420] EMC_FREQ 0% GR3D_FREQ 0% AUX@46C CPU@46.5C thermal@46.3C AO@46C GPU@45.5C PMIC@50C
1791262813.240957 10-06-2026 14:00:13 RAM 3285/6833MB (lfb 30x4MB) SWAP 123/3417MB (cached 1MB) CPU [45%@1420,47%@1420,0%@1420,13%@1420,0%@1420,5%@1420] EMC_FREQ 0% GR3D_FREQ 16% AUX@45.5C CPU@46.5C thermal@46.3C AO@45.5C GPU@46C PMIC@50C
1791262813.444331 10-06-2026 14:00:13 RAM 3293/6833MB (lfb 30x4MB) SWAP 123/3417MB (cached 1MB) CPU [55%@1420,30%@1420,9%@1420,15%@1420,0%@1420,9%@1420] EMC_FREQ 0% GR3D_FREQ 0% AUX@45.5C CPU@46.5C thermal@45.95C AO@45.5C GPU@45.5C PMIC@50C
1791262813.647616 10-06-2026 14:00:13 RAM 3299/6833MB (lfb 30x4MB) SWAP 123/3417MB (cached 1MB) CPU [20%@1420,71%@1420,0%@1420,0%@1420,13%@1420,9%@1420] EMC_FREQ 0% GR3D_FREQ 20% AUX@45.5C CPU@46.5C thermal@45.95C AO@45.5C GPU@45.5C PMIC@50C
1791262813.851053 10-06-2026 14:00:13 RAM 3305/6833MB (lfb 30x4MB) SWAP 123/3417MB (cached 1MB) CPU [70%@1420,20%@1420,5%@1420,13%@1420,5%@1420,14%@1420] EMC_FREQ 0% GR3D_FREQ 0% AUX@45.5C CPU@46.5C thermal@45.95C AO@46C GPU@45.5C PMIC@50C
1791262814.054934 10-06-2026 14:00:14 RAM 3313/6833MB (lfb 30x4MB) SWAP 123/3417MB (cached 1MB) CPU [9%@1420,89%@1420,5%@1420,0%@1420,10%@1420,5%@1420] EMC_FREQ 0% GR3D_FREQ 0% AUX@45.5C CPU@46.5C thermal@45.95C AO@45.5C GPU@45.5C PMIC@50C
1791262814.258352 10-06-2026 14:00:14 RAM 3319/6833MB (lfb 30x4MB) SWAP 123/3417MB (cached 1MB) CPU [72%@1420,0%@1420,0%@1420,14%@1420,10%@1420,5%@1420] EMC_FREQ 0% GR3D_FREQ 0% AUX@45.5C CPU@46.5C thermal@45.95C AO@46C GPU@45.5C PMIC@50C
1791262814.461919 10-06-2026 14:00:14 RAM 3323/6833MB (lfb 30x4MB) SWAP 123/3417MB (cached 1MB) CPU [35%@1420,0%@1420,15%@1420,0%@1420,23%@1420,14%@1420] EMC_FREQ 0% GR3D_FREQ 4% AUX@45.5C CPU@46.5C thermal@45.8C AO@45.5C GPU@45.5C PMIC@50C
1791262814.666222 10-06-2026 14:00:14 RAM 3335/6833MB (lfb 30x4MB) SWAP 123/3417MB (cached 1MB) CPU [9%@1420,4%@1420,90%@1420,5%@1420,15%@1420,5%@1420] EMC_FREQ 0% GR3D_FREQ 0% AUX@45.5C CPU@46.5C thermal@45.8C AO@45.5C GPU@45.5C PMIC@50C
1791262814.869670 10-06-2026 14:00:14 RAM 3343/6833MB (lfb 30x4MB) SWAP 123/3417MB (cached 1MB) CPU [0%@1420,0%@1420,50%@1420,21%@1420,10%@1420,13%@1420] EMC_FREQ 0% GR3D_FREQ 32% AUX@45.5C CPU@46.5C thermal@45.8C AO@45.5C GPU@45.5C PMIC@50C
1791262815.072936 10-06-2026 14:00:15 RAM 3351/6833MB (lfb 30x4MB) SWAP 123/3417MB (cached 1MB) CPU [9%@1420,9%@1420,100%@1420,9%@1420,5%@1420,5%@1420] EMC_FREQ 0% GR3D_FREQ 0% AUX@45.5C CPU@46.5C thermal@45.8C AO@46C GPU@45.5C PMIC@50C
1791262815.276329 10-06-2026 14:00:15 RAM 3350/6833MB (lfb 30x4MB) SWAP 123/3417MB (cached 1MB) CPU [5%@1420,0%@1420,100%@1420,0%@1420,5%@1420,9%@1420] EMC_FREQ 0% GR3D_FREQ 0% AUX@45.5C CPU@46.5C thermal@45.8C AO@45.5C GPU@45.5C PMIC@50C
1791262815.479532 10-06-2026 14:00:15 RAM 3350/6833MB (lfb 30x4MB) SWAP 123/3417MB (cached 1MB) CPU [13%@1420,9%@1420,100%@1420,0%@1420,10%@1420,5%@1420] EMC_FREQ 0% GR3D_FREQ 0% AUX@45.5C CPU@46.5C thermal@45.8C AO@45.5C GPU@45.5C PMIC@50C
1791262815.682904 10-06-2026 14:00:15 RAM 3350/6833MB (lfb 30x4MB) SWAP 123/3417MB (cached 1MB) CPU [0%@1420,5%@1420,100%@1420,4%@1420,9%@1420,9%@1420] EMC_FREQ 0% GR3D_FREQ 0% AUX@45.5C CPU@46.5C thermal@45.8C AO@45.5C GPU@45.5C PMIC@50C
1791262815.886614 10-06-2026 14:00:15 RAM 3350/6833MB (lfb 30x4MB) SWAP 123/3417MB (cached 1MB) CPU [13%@1420,9%@1420,100%@1420,0%@1420,10%@1420,9%@1420] EMC_FREQ 0% GR3D_FREQ 0% AUX@45.5C CPU@46.5C thermal@45.8C AO@45.5C GPU@45.5C PMIC@50C
1791262816.089762 10-06-2026 14:00:16 RAM 3350/6833MB (lfb 30x4MB) SWAP 123/3417MB (cached 1MB) CPU [5%@1420,14%@1420,100%@1420,4%@1420,10%@1420,5%@1420] EMC_FREQ 0% GR3D_FREQ 0% AUX@45.5C CPU@46.5C thermal@45.8C AO@45.5C GPU@45.5C PMIC@50C
1791262816.293042 10-06-2026 14:00:16 RAM 3350/6833MB (lfb 30x4MB) SWAP 123/3417MB (cached 1MB) CPU [10%@1420,5%@1420,100%@1420,0%@1420,13%@1420,0%@1420] EMC_FREQ 0% GR3D_FREQ 0% AUX@45.5C CPU@46.5C thermal@45.8C AO@45.5C GPU@45.5C PMIC@50C
1791262816.496416 10-06-2026 14:00:16 RAM 3350/6833MB (lfb 30x4MB) SWAP 123/3417MB (cached 1MB) CPU [9%@1420,10%@1420,100%@1420,4%@1420,5%@1420,0%@1420] EMC_FREQ 0% GR3D_FREQ 0% AUX@45.5C CPU@46.5C thermal@45.8C AO@45.5C GPU@45.5C PMIC@50C
1791262816.699997 10-06-2026 14:00:16 RAM 3350/6833MB (lfb 30x4MB) SWAP 123/3417MB (cached 1MB) CPU [0%@1420,9%@1420,100%@1420,0%@1420,14%@1420,9%@1420] EMC_FREQ 0% GR3D_FREQ 0% AUX@45.5C CPU@46.5C thermal@45.8C AO@45.5C GPU@45.5C PMIC@50C
1791262816.903189 10-06-2026 14:00:16 RAM 3350/6833MB (lfb 30x4MB) SWAP 123/3417MB (cached 1MB) CPU [9%@1420,5%@1420,100%@1420,5%@1420,10%@1420,0%@1420] EMC_FREQ 0% GR3D_FREQ 0% AUX@45.5C CPU@46.5C thermal@45.8C AO@45.5C GPU@45.5C PMIC@50C
1791262817.106492 10-06-2026 14:00:17 RAM 3350/6833MB (lfb 30x4MB) SWAP 123/3417MB (cached 1MB) CPU [5%@1420,9%@1420,100%@1420,4%@1420,10%@1420,5%@1420] EMC_FREQ 0% GR3D_FREQ 0% AUX@45C CPU@46.5C thermal@45.8C AO@45.5C GPU@45.5C PMIC@50C
1791262817.309803 10-06-2026 14:00:17 RAM 3350/6833MB (lfb 30x4MB) SWAP 123/3417MB (cached 1MB) CPU [0%@1420,5%@1420,100%@1420,0%@1420,15%@1420,5%@1420] EMC_FREQ 0% GR3D_FREQ 0% AUX@45.5C CPU@46.5C thermal@45.8C AO@45.5C GPU@45.5C PMIC@50C
1791262817.513258 10-06-2026 14:00:17 RAM 3350/6833MB (lfb 30x4MB) SWAP 123/3417MB (cached 1MB) CPU [30%@1420,19%@1420,76%@1420,5%@1420,20%@1420,20%@1420] EMC_FREQ 0% GR3D_FREQ 99% AUX@45.5C CPU@46.5C thermal@45.8C AO@45.5C GPU@46C PMIC@50C
1791262817.716665 10-06-2026 14:00:17 RAM 3352/6833MB (lfb 30x4MB) SWAP 123/3417MB (cached 1MB) CPU [10%@1420,9%@1420,15%@1420,9%@1420,10%@1420,9%@1420] EMC_FREQ 0% GR3D_FREQ 0% AUX@45.5C CPU@46.5C thermal@45.8C AO@45.5C GPU@47C PMIC@50C
1791262817.922900 10-06-2026 14:00:17 RAM 3357/6833MB (lfb 30x4MB) SWAP 123/3417MB (cached 1MB) CPU [0%@1420,15%@1420,60%@1420,0%@1420,5%@1420,25%@1420] EMC_FREQ 0% GR3D_FREQ 5% AUX@45.5C CPU@46.5C thermal@46.25C AO@45.5C GPU@46C PMIC@50C
1791262818.126136 10-06-2026 14:00:18 RAM 3364/6833MB (lfb 30x4MB) SWAP 123/3417MB (cached 1MB) CPU [10%@1420,9%@1420,5%@1420,9%@1420,15%@1420,80%@1420] EMC_FREQ 0% GR3D_FREQ 0% AUX@45.5C CPU@46.5C thermal@46.25C AO@45.5C GPU@45.5C PMIC@50C
1791262818.329580 10-06-2026 14:00:18 RAM 3370/6833MB (lfb 30x4MB) SWAP 123/3417MB (cached 1MB) CPU [14%@1420,65%@1420,5%@1420,5%@1420,10%@1420,5%@1420] EMC_FREQ 0% GR3D_FREQ 0% AUX@45.5C CPU@46.5C thermal@46.25C AO@45C GPU@46C PMIC@50C
1791262818.532858 10-06-2026 14:00:18 RAM 3385/6833MB (lfb 30x4MB) SWAP 123/3417MB (cached 1MB) CPU [19%@1420,38%@1420,10%@1420,28%@1420,9%@1420,4%@1420] EMC_FREQ 0% GR3D_FREQ 1% AUX@45.5C CPU@46.5C thermal@46.25C AO@45.5C GPU@46C PMIC@50C
1791262818.736619 10-06-2026 14:00:18 RAM 3393/6833MB (lfb 30x4MB) SWAP 123/3417MB (cached 1MB) CPU [23%@1420,5%@1420,9%@1420,68%@1420,5%@1420,5%@1420] EMC_FREQ 0% GR3D_FREQ 1% AUX@45.5C CPU@46.5C thermal@46.25C AO@45C GPU@45.5C PMIC@50C
1791262818.939921 10-06-2026 14:00:18 RAM 3413/6833MB (lfb 30x4MB) SWAP 123/3417MB (cached 1MB) CPU [77%@1420,26%@1420,4%@1420,9%@1420,5%@1420,5%@1420] EMC_FREQ 0% GR3D_FREQ 0% AUX@45C CPU@46.5C thermal@45.8C AO@45.5C GPU@45.5C PMIC@50C
1791262819.143262 10-06-2026 14:00:19 RAM 3450/6833MB (lfb 30x4MB) SWAP 123/3417MB (cached 1MB) CPU [13%@1420,100%@1420,5%@1420,0%@1420,5%@1420,13%@1420] EMC_FREQ 0% GR3D_FREQ 0% AUX@45C CPU@46.5C thermal@45.8C AO@45.5C GPU@45.5C PMIC@50C
1791262819.346994 10-06-2026 14:00:19 RAM 3458/6833MB (lfb 30x4MB) SWAP 123/3417MB (cached 1MB) CPU [4%@1420,75%@1420,10%@1420,0%@1420,0%@1420,5%@1420] EMC_FREQ 0% GR3D_FREQ 0% AUX@45.5C CPU@46.5C thermal@45.8C AO@45.5C GPU@45.5C PMIC@50C
1791262819.550801 10-06-2026 14:00:19 RAM 3516/6833MB (lfb 30x4MB) SWAP 123/3417MB (cached 1MB) CPU [5%@1420,100%@1420,9%@1420,4%@1420,9%@1420,0%@1420] EMC_FREQ 0% GR3D_FREQ 0% AUX@45.5C CPU@46.5C thermal@45.8C AO@45.5C GPU@45.5C PMIC@50C
1791262819.754509 10-06-2026 14:00:19 RAM 3568/6833MB (lfb 30x4MB) SWAP 123/3417MB (cached 1MB) CPU [0%@1420,100%@1420,9%@1420,10%@1420,0%@1420,5%@1420] EMC_FREQ 0% GR3D_FREQ 2% AUX@45C CPU@46.5C thermal@45.8C AO@45.5C GPU@45.5C PMIC@50C
1791262819.958109 10-06-2026 14:00:19 RAM 3622/6833MB (lfb 30x4MB) SWAP 123/3417MB (cached 1MB) CPU [13%@1420,100%@1420,0%@1420,14%@1420,4%@1420,5%@1420] EMC_FREQ 0% GR3D_FREQ 0% AUX@45.5C CPU@46.5C thermal@45.8C AO@45C GPU@45.5C PMIC@50C
1791262820.161659 10-06-2026 14:00:20 RAM 3631/6833MB (lfb 30x4MB) SWAP 123/3417MB (cached 1MB) CPU [5%@1420,100%@1420,9%@1420,5%@1420,9%@1420,9%@1420] EMC_FREQ 0% GR3D_FREQ 0% AUX@45C CPU@46.5C thermal@45.6C AO@45.5C GPU@45.5C PMIC@50C
1791262820.365609 10-06-2026 14:00:20 RAM 3682/6833MB (lfb 30x4MB) SWAP 123/3417MB (cached 1MB) CPU [9%@1420,100%@1420,0%@1420,19%@1420,5%@1420,5%@1420] EMC_FREQ 0% GR3D_FREQ 0% AUX@45C CPU@46.5C thermal@45.6C AO@45.5C GPU@45.5C PMIC@50C
1791262820.569294 10-06-2026 14:00:20 RAM 3690/6833MB (lfb 30x4MB) SWAP 123/3417MB (cached 1MB) CPU [10%@1420,80%@1420,0%@1420,5%@1420,9%@1420,5%@1420] EMC_FREQ 0% GR3D_FREQ 0% AUX@45C CPU@46.5C thermal@45.6C AO@45.5C GPU@45.5C PMIC@50C
1791262820.772564 10-06-2026 14:00:20 RAM 3697/6833MB (lfb 30x4MB) SWAP 123/3417MB (cached 1MB) CPU [85%@1420,14%@1420,10%@1420,0%@1420,5%@1420,0%@1420] EMC_FREQ 0% GR3D_FREQ 1% AUX@45.5C CPU@46.5C thermal@45.6C AO@45C GPU@45.5C PMIC@50C
1791262820.976234 10-06-2026 14:00:20 RAM 3747/6833MB (lfb 28x4MB) SWAP 123/3417MB (cached 1MB) CPU [77%@1420,19%@1420,9%@1420,19%@1420,4%@1420,5%@1420] EMC_FREQ 0% GR3D_FREQ 0% AUX@45C CPU@46.5C thermal@45.6C AO@45C GPU@45.5C PMIC@50C
1791262821.179332 10-06-2026 14:00:21 RAM 3774/6833MB (lfb 28x4MB) SWAP 123/3417MB (cached 1MB) CPU [9%@1420,100%@1420,4%@1420,10%@1420,10%@1420,13%@1420] EMC_FREQ 0% GR3D_FREQ 0% AUX@45C CPU@46.5C thermal@45.6C AO@45C GPU@45.5C PMIC@50C
1791262821.382896 10-06-2026 14:00:21 RAM 3776/6833MB (lfb 28x4MB) SWAP 123/3417MB (cached 1MB) CPU [66%@1420,33%@1420,9%@1420,4%@1420,5%@1420,0%@1420] EMC_FREQ 0% GR3D_FREQ 0% AUX@45C CPU@46C thermal@45.6C AO@45.5C GPU@45.5C PMIC@50C
1791262821.586194 10-06-2026 14:00:21 RAM 3783/6833MB (lfb 28x4MB) SWAP 123/3417MB (cached 1MB) CPU [15%@1420,66%@1420,0%@1420,10%@1420,4%@1420,5%@1420] EMC_FREQ 0% GR3D_FREQ 0% AUX@45C CPU@46C thermal@45.6C AO@45C GPU@45.5C PMIC@50C
1791262821.789598 10-06-2026 14:00:21 RAM 3849/6833MB (lfb 17x4MB) SWAP 123/3417MB (cached 1MB) CPU [0%@1420,85%@1420,0%@1420,14%@1420,5%@1420,5%@1420] EMC_FREQ 0% GR3D_FREQ 0% AUX@45C CPU@46.5C thermal@45.6C AO@45.5C GPU@45.5C PMIC@50C
1791262821.993005 10-06-2026 14:00:21 RAM 3853/6833MB (lfb 16x4MB) SWAP 123/3417MB (cached 1MB) CPU [19%@1420,77%@1420,13%@1420,14%@1420,0%@1420,0%@1420] EMC_FREQ 0% GR3D_FREQ 1% AUX@45C CPU@46.5C thermal@45.6C AO@45C GPU@45.5C PMIC@50C
1791262822.196424 10-06-2026 14:00:22 RAM 3857/6833MB (lfb 15x4MB) SWAP 123/3417MB (cached 1MB) CPU [70%@1420,9%@1420,20%@1420,15%@1420,9%@1420,9%@1420] EMC_FREQ 0% GR3D_FREQ 5% AUX@45C CPU@46C thermal@45.6C AO@45C GPU@45C PMIC@50C
1791262822.399624 10-06-2026 14:00:22 RAM 3863/6833MB (lfb 13x4MB) SWAP 123/3417MB (cached 1MB) CPU [0%@1420,0%@1420,15%@1420,81%@1420,5%@1420,5%@1420] EMC_FREQ 0% GR3D_FREQ 2% AUX@45C CPU@46C thermal@45.45C AO@45C GPU@45.5C PMIC@50C
1791262822.604284 10-06-2026 14:00:22 RAM 3885/6833MB (lfb 9x4MB) SWAP 123/3417MB (cached 1MB) CPU [0%@1420,4%@1420,73%@1420,31%@1420,5%@1420,9%@1420] EMC_FREQ 0% GR3D_FREQ 0% AUX@45C CPU@46C thermal@45.45C AO@45C GPU@45C PMIC@50C
1791262822.807917 10-06-2026 14:00:22 RAM 3893/6833MB (lfb 8x4MB) SWAP 123/3417MB (cached 1MB) CPU [14%@1420,86%@1420,0%@1420,10%@1420,0%@1420,13%@1420] EMC_FREQ 0% GR3D_FREQ 0% AUX@45C CPU@46C thermal@45.45C AO@45.5C GPU@45.5C PMIC@50C
1791262823.012084 10-06-2026 14:00:23 RAM 3902/6833MB (lfb 8x4MB) SWAP 123/3417MB (cached 1MB) CPU [76%@1190,5%@1190,5%@1190,5%@1190,9%@1190,5%@1344] EMC_FREQ 0% GR3D_FREQ 0% AUX@45C CPU@46C thermal@45.45C AO@45C GPU@45C PMIC@50C
1791262823.215454 10-06-2026 14:00:23 RAM 3923/6833MB (lfb 6x4MB) SWAP 123/3417MB (cached 1MB) CPU [0%@1420,50%@1420,9%@1420,57%@1420,0%@1420,0%@1420] EMC_FREQ 0% GR3D_FREQ 0% AUX@45C CPU@46C thermal@45.45C AO@45.5C GPU@45C PMIC@50C
1791262823.418727 10-06-2026 14:00:23 RAM 3948/6833MB (lfb 5x4MB) SWAP 123/3417MB (cached 1MB) CPU [5%@1420,5%@1420,76%@1420,25%@1420,4%@1420,5%@1420] EMC_FREQ 0% GR3D_FREQ 0% AUX@45C CPU@46C thermal@45.3C AO@45C GPU@45C PMIC@50C
1791262823.621988 10-06-2026 14:00:23 RAM 3959/6833MB (lfb 4x4MB) SWAP 123/3417MB (cached 1MB) CPU [5%@1420,5%@1420,52%@1420,52%@1420,5%@1420,10%@1420] EMC_FREQ 0% GR3D_FREQ 0% AUX@45C CPU@46C thermal@45.3C AO@45C GPU@45C PMIC@50C
1791262823.825383 10-06-2026 14:00:23 RAM 3969/6833MB (lfb 4x4MB) SWAP 123/3417MB (cached 1MB) CPU [9%@1420,9%@1420,50%@1420,47%@1420,9%@1420,5%@1420] EMC_FREQ 0% GR3D_FREQ 0% AUX@45C CPU@46C thermal@45.3C AO@45C GPU@45.5C PMIC@50C
1791262824.028885 10-06-2026 14:00:24 RAM 3971/6833MB (lfb 4x4MB) SWAP 123/3417MB (cached 1MB) CPU [10%@1420,5%@1420,42%@1420,36%@1420,5%@1420,13%@1420] EMC_FREQ 0% GR3D_FREQ 0% AUX@45C CPU@46C thermal@45.3C AO@45C GPU@45C PMIC@50C
1791262824.232070 10-06-2026 14:00:24 RAM 3987/6833MB (lfb 4x4MB) SWAP 123/3417MB (cached 1MB) CPU [10%@1420,9%@1420,14%@1420,78%@1420,4%@1420,0%@1420] EMC_FREQ 0% GR3D_FREQ 4% AUX@45C CPU@46C thermal@45.3C AO@45C GPU@45C PMIC@50C
1791262824.435399 10-06-2026 14:00:24 RAM 3998/6833MB (lfb 4x4MB) SWAP 123/3417MB (cached 1MB) CPU [9%@1420,10%@1420,19%@1420,57%@1420,0%@1420,5%@1420] EMC_FREQ 0% GR3D_FREQ 0% AUX@45C CPU@46C thermal@45.3C AO@45C GPU@45.5C PMIC@50C
1791262824.638600 10-06-2026 14:00:24 RAM 4029/6833MB (lfb 2x4MB) SWAP 123/3417MB (cached 1MB) CPU [13%@1420,14%@1420,100%@1420,4%@1420,10%@1420,10%@1420] EMC_FREQ 0% GR3D_FREQ 0% AUX@45C CPU@46C thermal@45.3C AO@45C GPU@45C PMIC@50C
1791262824.841923 10-06-2026 14:00:24 RAM 4040/6833MB (lfb 2x4MB) SWAP 123/3417MB (cached 1MB) CPU [0%@1420,5%@1420,80%@1420,15%@1420,9%@1420,5%@1420] EMC_FREQ 0% GR3D_FREQ 0% AUX@45C CPU@46C thermal@45.3C AO@45C GPU@45C PMIC@50C
1791262825.046875 10-06-2026 14:00:25 RAM 4050/6833MB (lfb 2x4MB) SWAP 123/3417MB (cached 1MB) CPU [10%@1420,19%@1420,33%@1420,40%@1420,9%@1420,15%@1420] EMC_FREQ 0% GR3D_FREQ 0% AUX@45C CPU@46C thermal@45.3C AO@45C GPU@45C PMIC@50C
1791262825.254905 10-06-2026 14:00:25 RAM 4048/6833MB (lfb 2x4MB) SWAP 123/3417MB (cached 1MB) CPU [5%@1420,36%@1420,100%@1420,4%@1420,93%@1420,10%@1420] EMC_FREQ 0% GR3D_FREQ 0% AUX@45C CPU@46C thermal@45.3C AO@45C GPU@45C PMIC@50C
1791262825.459011 10-06-2026 14:00:25 RAM 4051/6833MB (lfb 2x4MB) SWAP 123/3417MB (cached 1MB) CPU [13%@1420,22%@1420,100%@1420,9%@1420,53%@1420,9%@1420] EMC_FREQ 0% GR3D_FREQ 0% AUX@45C CPU@46C thermal@45.3C AO@45C GPU@45C PMIC@50C
1791262825.662578 10-06-2026 14:00:25 RAM 4052/6833MB (lfb 2x4MB) SWAP 123/3417MB (cached 1MB) CPU [10%@1420,5%@1420,90%@1420,5%@1420,9%@1420,4%@1420] EMC_FREQ 0% GR3D_FREQ 0% AUX@45C CPU@45.5C thermal@45.15C AO@45C GPU@45C PMIC@50C
1791262825.866134 10-06-2026 14:00:25 RAM 4053/6833MB (lfb 2x4MB) SWAP 123/3417MB (cached 1MB) CPU [10%@1420,10%@1420,94%@1420,0%@1420,0%@1420,0%@1420] EMC_FREQ 0% GR3D_FREQ 0% AUX@45C CPU@45.5C thermal@45.15C AO@44.5C GPU@45C PMIC@50C
1791262826.069652 10-06-2026 14:00:26 RAM 4054/6833MB (lfb 2x4MB) SWAP 123/3417MB (cached 1MB) CPU [0%@1420,13%@1420,100%@1420,5%@1420,5%@1420,20%@1420] EMC_FREQ 0% GR3D_FREQ 0% AUX@45C CPU@45.5C thermal@45.15C AO@45C GPU@45C PMIC@50C
1791262826.273787 10-06-2026 14:00:26 RAM 4054/6833MB (lfb 2x4MB) SWAP 123/3417MB (cached 1MB) CPU [5%@1420,10%@1420,38%@1420,59%@1420,9%@1420,9%@1420] EMC_FREQ 0% GR3D_FREQ 0% AUX@45C CPU@46C thermal@45.15C AO@45C GPU@45C PMIC@50C
1791262826.477224 10-06-2026 14:00:26 RAM 4059/6833MB (lfb 2x4MB) SWAP 123/3417MB (cached 1MB) CPU [10%@1420,13%@1420,0%@1420,100%@1420,5%@1420,0%@1420] EMC_FREQ 0% GR3D_FREQ 0% AUX@45C CPU@46C thermal@45.15C AO@44.5C GPU@45C PMIC@50C
1791262826.680623 10-06-2026 14:00:26 RAM 4065/6833MB (lfb 1x4MB) SWAP 123/3417MB (cached 1MB) CPU [15%@1190,10%@1420,0%@1420,5%@1420,4%@1420,0%@1420] EMC_FREQ 0% GR3D_FREQ 0% AUX@45C CPU@45.5C thermal@45.15C AO@45C GPU@45C PMIC@50C
1791262826.884556 10-06-2026 14:00:26 RAM 4076/6833MB (lfb 1x2MB) SWAP 123/3417MB (cached 1MB) CPU [10%@1190,10%@1420,0%@1420,0%@1420,9%@1420,10%@1420] EMC_FREQ 0% GR3D_FREQ 0% AUX@44.5C CPU@45.5C thermal@45.15C AO@44.5C GPU@45C PMIC@50C
1791262827.088230 10-06-2026 14:00:27 RAM 4081/6833MB (lfb 3x1MB) SWAP 123/3417MB (cached 1MB) CPU [5%@1420,23%@1420,14%@1420,4%@1420,10%@1420,10%@1420] EMC_FREQ 0% GR3D_FREQ 0% AUX@45C CPU@46C thermal@45.15C AO@45C GPU@45C PMIC@50C
1791262827.291720 10-06-2026 14:00:27 RAM 4093/6833MB (lfb 3x1MB) SWAP 123/3417MB (cached 1MB) CPU [5%@1190,5%@1190,20%@1190,0%@1420,5%@1420,10%@1420] EMC_FREQ 0% GR3D_FREQ 0% AUX@45C CPU@46C thermal@45.15C AO@45C GPU@45C PMIC@50C
1791262827.496063 10-06-2026 14:00:27 RAM 4101/6833MB (lfb 3x1MB) SWAP 123/3417MB (cached 1MB) CPU [14%@1190,14%@1190,30%@1190,5%@1190,5%@1190,5%@1190] EMC_FREQ 0% GR3D_FREQ 0% AUX@45C CPU@45.5C thermal@45.15C AO@45C GPU@45C PMIC@50C
1791262827.700615 10-06-2026 14:00:27 RAM 4111/6833MB (lfb 3x1MB) SWAP 123/3417MB (cached 1MB) CPU [9%@1190,5%@1190,0%@1190,0%@1190,17%@1190,21%@1190] EMC_FREQ 0% GR3D_FREQ 0% AUX@45C CPU@45.5C thermal@45.15C AO@45C GPU@45C PMIC@50C
1791262827.904673 10-06-2026 14:00:27 RAM 4123/6833MB (lfb 3x1MB) SWAP 123/3417MB (cached 1MB) CPU [15%@1190,5%@1190,0%@1190,5%@1420,5%@1420,28%@1420] EMC_FREQ 0% GR3D_FREQ 0% AUX@44.5C CPU@45.5C thermal@45.3C AO@45C GPU@45C PMIC@50C
1791262828.109329 10-06-2026 14:00:28 RAM 4135/6833MB (lfb 3x1MB) SWAP 123/3417MB (cached 1MB) CPU [4%@1420,5%@1420,0%@1420,5%@1420,5%@1420,25%@1420] EMC_FREQ 0% GR3D_FREQ 0% AUX@45C CPU@45.5C thermal@45.3C AO@45C GPU@45C PMIC@50C
1791262828.313449 10-06-2026 14:00:28 RAM 4147/6833MB (lfb 3x1MB) SWAP 123/3417MB (cached 1MB) CPU [10%@1190,5%@1190,0%@1190,5%@1190,9%@1190,27%@1190] EMC_FREQ 0% GR3D_FREQ 0% AUX@45C CPU@45.5C thermal@45.3C AO@45C GPU@45C PMIC@50C
1791262828.517619 10-06-2026 14:00:28 RAM 4158/6833MB (lfb 4x1MB) SWAP 123/3417MB (cached 1MB) CPU [19%@1190,9%@1190,9%@1190,9%@1190,10%@1190,30%@1190] EMC_FREQ 0% GR3D_FREQ 0% AUX@44.5C CPU@46C thermal@45.3C AO@44.5C GPU@44.5C PMIC@50C
1791262828.722824 10-06-2026 14:00:28 RAM 4170/6833MB (lfb 4x1MB) SWAP 123/3417MB (cached 1MB) CPU [10%@1420,5%@1420,5%@1420,9%@1190,4%@1190,19%@1190] EMC_FREQ 0% GR3D_FREQ 0% AUX@45C CPU@45.5C thermal@45.3C AO@44.5C GPU@44.5C PMIC@50C
1791262828.926214 10-06-2026 14:00:28 RAM 4178/6833MB (lfb 4x1MB) SWAP 123/3417MB (cached 1MB) CPU [9%@1420,5%@1420,4%@1420,70%@1420,0%@1420,14%@1420] EMC_FREQ 0% GR3D_FREQ 0% AUX@44.5C CPU@45.5C thermal@45.3C AO@45C GPU@45C PMIC@50C
1791262829.129636 10-06-2026 14:00:29 RAM 4188/6833MB (lfb 4x1MB) SWAP 123/3417MB (cached 1MB) CPU [5%@1420,5%@1420,5%@1420,0%@1420,9%@1420,25%@1420] EMC_FREQ 0% GR3D_FREQ 0% AUX@45C CPU@45.5C thermal@44.95C AO@44.5C GPU@44.5C PMIC@50C
1791262829.333513 10-06-2026 14:00:29 RAM 4200/6833MB (lfb 7x1MB) SWAP 123/3417MB (cached 1MB) CPU [5%@1190,9%@1190,10%@1190,4%@1190,0%@1190,22%@1190] EMC_FREQ 0% GR3D_FREQ 0% AUX@45C CPU@45.5C thermal@44.95C AO@44.5C GPU@45C PMIC@50C
1791262829.537000 10-06-2026 14:00:29 RAM 4212/6833MB (lfb 6x1MB) SWAP 123/3417MB (cached 1MB) CPU [5%@1420,5%@1420,4%@1420,5%@1420,13%@1420,27%@1420] EMC_FREQ 0% GR3D_FREQ 0% AUX@45C CPU@45.5C thermal@44.95C AO@44.5C GPU@45C PMIC@50C
1791262829.741137 10-06-2026 14:00:29 RAM 4227/6833MB (lfb 3x1MB) SWAP 123/3417MB (cached 1MB) CPU [9%@1190,4%@1190,10%@1190,10%@1190,5%@1190,30%@1267] EMC_FREQ 0% GR3D_FREQ 0% AUX@44.5C CPU@45.5C thermal@44.95C AO@44.5C GPU@45C PMIC@50C
1791262829.945055 10-06-2026 14:00:29 RAM 4233/6833MB (lfb 3x1MB) SWAP 123/3417MB (cached 1MB) CPU [0%@1190,5%@1190,5%@1190,14%@1420,10%@1420,28%@1420] EMC_FREQ 0% GR3D_FREQ 0% AUX@44.5C CPU@45.5C thermal@44.95C AO@44.5C GPU@44.5C PMIC@50C
1791262830.148829 10-06-2026 14:00:30 RAM 4242/6833MB (lfb 3x1MB) SWAP 123/3417MB (cached 1MB) CPU [5%@1190,10%@1190,4%@1190,5%@1420,4%@1420,23%@1420] EMC_FREQ 0% GR3D_FREQ 0% AUX@44.5C CPU@45.5C thermal@45.15C AO@44.5C GPU@45C PMIC@50C
1791262830.352853 10-06-2026 14:00:30 RAM 4255/6833MB (lfb 3x1MB) SWAP 123/3417MB (cached 1MB) CPU [9%@1420,9%@1420,0%@1420,14%@1420,10%@1420,25%@1190] EMC_FREQ 0% GR3D_FREQ 0% AUX@44.5C CPU@45.5C thermal@45.15C AO@44.5C GPU@44.5C PMIC@50C
1791262830.557390 10-06-2026 14:00:30 RAM 4267/6833MB (lfb 1x2MB) SWAP 123/3417MB (cached 1MB) CPU [9%@1420,0%@1420,14%@1420,10%@1420,23%@1420,40%@1420] EMC_FREQ 0% GR3D_FREQ 0% AUX@44.5C CPU@45.5C thermal@45.15C AO@44.5C GPU@44.5C PMIC@50C
1791262830.760849 10-06-2026 14:00:30 RAM 4280/6833MB (lfb 4x1MB) SWAP 123/3417MB (cached 1MB) CPU [9%@1420,9%@1420,0%@1420,10%@1420,4%@1420,19%@1420] EMC_FREQ 0% GR3D_FREQ 0% AUX@44.5C CPU@45.5C thermal@45.15C AO@44.5C GPU@44.5C PMIC@50C
1791262830.964191 10-06-2026 14:00:30 RAM 4292/6833MB (lfb 5x1MB) SWAP 123/3417MB (cached 1MB) CPU [9%@1420,0%@1420,9%@1420,18%@1420,0%@1420,15%@1420] EMC_FREQ 0% GR3D_FREQ 0% AUX@44.5C CPU@45.5C thermal@45.15C AO@44.5C GPU@44.5C PMIC@50C
1791262831.168699 10-06-2026 14:00:31 RAM 4297/6833MB (lfb 6x1MB) SWAP 123/3417MB (cached 1MB) CPU [5%@1190,9%@1190,10%@1190,5%@1190,0%@1190,20%@1190] EMC_FREQ 0% GR3D_FREQ 0% AUX@44.5C CPU@45.5C thermal@45.15C AO@44.5C GPU@44.5C PMIC@50C
1791262831.372732 10-06-2026 14:00:31 RAM 4308/6833MB (lfb 8x1MB) SWAP 123/3417MB (cached 1MB) CPU [0%@1190,9%@1190,0%@1190,9%@1190,13%@1190,21%@1190] EMC_FREQ 0% GR3D_FREQ 0% AUX@44.5C CPU@45.5C thermal@44.8C AO@44.5C GPU@44.5C PMIC@50C
1791262831.577060 10-06-2026 14:00:31 RAM 4319/6833MB (lfb 10x1MB) SWAP 123/3417MB (cached 1MB) CPU [4%@1190,5%@1190,18%@1190,0%@1190,0%@1190,30%@1190] EMC_FREQ 0% GR3D_FREQ 0% AUX@44.5C CPU@45.5C thermal@44.8C AO@44.5C GPU@44.5C PMIC@50C
1791262831.780701 10-06-2026 14:00:31 RAM 4339/6833MB (lfb 10x1MB) SWAP 123/3417MB (cached 1MB) CPU [0%@1420,5%@1420,14%@1420,0%@1420,52%@1420,9%@1420] EMC_FREQ 0% GR3D_FREQ 0% AUX@44C CPU@45.5C thermal@44.8C AO@44.5C GPU@44.5C PMIC@50C
1791262831.984495 10-06-2026 14:00:31 RAM 4383/6833MB (lfb 15x1MB) SWAP 123/3417MB (cached 1MB) CPU [5%@1420,5%@1420,5%@1420,4%@1420,100%@1420,9%@1420] EMC_FREQ 0% GR3D_FREQ 0% AUX@44.5C CPU@45.5C thermal@44.8C AO@44.5C GPU@44.5C PMIC@50C
1791262832.188430 10-06-2026 14:00:32 RAM 4432/6833MB (lfb 18x1MB) SWAP 123/3417MB (cached 1MB) CPU [5%@1420,9%@1420,10%@1420,5%@1420,100%@1420,0%@1420] EMC_FREQ 0% GR3D_FREQ 0% AUX@44.5C CPU@45.5C thermal@44.8C AO@44.5C GPU@44.5C PMIC@50C
1791262832.393018 10-06-2026 14:00:32 RAM 4463/6833MB (lfb 24x1MB) SWAP 123/3417MB (cached 1MB) CPU [10%@1420,9%@1420,10%@1420,5%@1420,100%@1420,5%@1420] EMC_FREQ 0% GR3D_FREQ 0% AUX@44.5C CPU@45.5C thermal@44.8C AO@44.5C GPU@44.5C PMIC@50C
1791262832.597201 10-06-2026 14:00:32 RAM 4497/6833MB (lfb 27x1MB) SWAP 123/3417MB (cached 1MB) CPU [9%@1420,10%@1420,10%@1420,0%@1420,95%@1420,4%@1420] EMC_FREQ 0% GR3D_FREQ 0% AUX@44.5C CPU@45.5C thermal@44.8C AO@44.5C GPU@44.5C PMIC@50C
1791262832.800848 10-06-2026 14:00:32 RAM 4531/6833MB (lfb 34x1MB) SWAP 123/3417MB (cached 1MB) CPU [5%@1420,4%@1420,10%@1420,9%@1420,100%@1420,4%@1420] EMC_FREQ 0% GR3D_FREQ 0% AUX@44.5C CPU@45.5C thermal@44.8C AO@44.5C GPU@44.5C PMIC@50C
1791262833.005473 10-06-2026 14:00:33 RAM 4563/6833MB (lfb 30x1MB) SWAP 125/3417MB (cached 1MB) CPU [9%@1420,14%@1420,9%@1420,13%@1420,100%@1420,5%@1420] EMC_FREQ 0% GR3D_FREQ 0% AUX@44.5C CPU@45.5C thermal@44.8C AO@44.5C GPU@44.5C PMIC@50C
1791262833.209044 10-06-2026 14:00:33 RAM 4586/6833MB (lfb 28x1MB) SWAP 126/3417MB (cached 1MB) CPU [5%@1420,5%@1420,15%@1420,42%@1420,100%@1420,5%@1420] EMC_FREQ 0% GR3D_FREQ 0% AUX@44.5C CPU@45.5C thermal@44.8C AO@44.5C GPU@44.5C PMIC@50C
1791262833.412582 10-06-2026 14:00:33 RAM 4609/6833MB (lfb 28x1MB) SWAP 126/3417MB (cached 1MB) CPU [15%@1420,9%@1420,15%@1420,21%@1420,100%@1420,9%@1420] EMC_FREQ 0% GR3D_FREQ 0% AUX@44.5C CPU@45.5C thermal@44.6C AO@44.5C GPU@44.5C PMIC@50C
1791262833.617984 10-06-2026 14:00:33 RAM 4637/6833MB (lfb 28x1MB) SWAP 126/3417MB (cached 1MB) CPU [75%@1420,15%@1420,9%@1420,10%@1420,76%@1420,5%@1420] EMC_FREQ 0% GR3D_FREQ 0% AUX@44.5C CPU@45.5C thermal@44.6C AO@44.5C GPU@44.5C PMIC@50C
1791262833.823654 10-06-2026 14:00:33 RAM 4669/6833MB (lfb 29x1MB) SWAP 126/3417MB (cached 1MB) CPU [14%@1420,95%@1420,5%@1420,19%@1420,38%@1420,9%@1420] EMC_FREQ 0% GR3D_FREQ 0% AUX@44.5C CPU@45.5C thermal@44.6C AO@44C GPU@44.5C PMIC@50C
1791262834.030866 10-06-2026 14:00:34 RAM 4693/6833MB (lfb 29x1MB) SWAP 131/3417MB (cached 1MB) CPU [9%@1420,100%@1420,4%@1420,0%@1420,26%@1420,65%@1420] EMC_FREQ 0% GR3D_FREQ 0% AUX@44.5C CPU@45.5C thermal@44.6C AO@44.5C GPU@44.5C PMIC@50C
1791262834.235443 10-06-2026 14:00:34 RAM 4717/6833MB (lfb 29x1MB) SWAP 140/3417MB (cached 1MB) CPU [50%@1420,42%@1420,84%@1420,36%@1420,76%@1420,33%@1420] EMC_FREQ 0% GR3D_FREQ 0% AUX@44.5C CPU@45.5C thermal@44.6C AO@44.5C GPU@44.5C PMIC@50C
1791262834.442669 10-06-2026 14:00:34 RAM 4723/6833MB (lfb 29x1MB) SWAP 144/3417MB (cached 1MB) CPU [38%@1420,33%@1420,9%@1420,27%@1420,15%@1420,19%@1420] EMC_FREQ 0% GR3D_FREQ 0% AUX@44.5C CPU@45.5C thermal@44.6C AO@44.5C GPU@44.5C PMIC@50C
1791262834.646719 10-06-2026 14:00:34 RAM 4735/6833MB (lfb 27x1MB) SWAP 144/3417MB (cached 1MB) CPU [5%@1420,33%@1420,5%@1420,10%@1420,5%@1420,5%@1420] EMC_FREQ 0% GR3D_FREQ 99% AUX@44.5C CPU@45.5C thermal@44.8C AO@44.5C GPU@45.5C PMIC@50C
1791262834.850751 10-06-2026 14:00:34 RAM 4755/6833MB (lfb 27x1MB) SWAP 144/3417MB (cached 1MB) CPU [9%@1420,26%@1420,66%@1420,22%@1420,9%@1420,20%@1420] EMC_FREQ 0% GR3D_FREQ 8% AUX@44.5C CPU@45.5C thermal@44.8C AO@44.5C GPU@45.5C PMIC@50C
1791262835.054546 10-06-2026 14:00:35 RAM 4716/6833MB (lfb 18x1MB) SWAP 144/3417MB (cached 1MB) CPU [19%@1420,10%@1420,15%@1420,5%@1420,23%@1420,70%@1420] EMC_FREQ 0% GR3D_FREQ 0% AUX@44.5C CPU@45.5C thermal@44.8C AO@44.5C GPU@45.5C PMIC@50C
1791262835.258052 10-06-2026 14:00:35 RAM 4712/6833MB (lfb 1x2MB) SWAP 144/3417MB (cached 1MB) CPU [10%@1420,68%@1420,15%@1420,5%@1420,0%@1420,4%@1420] EMC_FREQ 0% GR3D_FREQ 0% AUX@44.5C CPU@45.5C thermal@44.8C AO@44.5C GPU@45C PMIC@50C
1791262835.461181 10-06-2026 14:00:35 RAM 4712/6833MB (lfb 1x2MB) SWAP 144/3417MB (cached 1MB) CPU [0%@1420,5%@1420,0%@1420,4%@1420,0%@1420,0%@1420] EMC_FREQ 0% GR3D_FREQ 0% AUX@44.5C CPU@45.5C thermal@44.8C AO@44.5C GPU@45C PMIC@50C
1791262835.664405 10-06-2026 14:00:35 RAM 4711/6833MB (lfb 1x2MB) SWAP 144/3417MB (cached 1MB) CPU [0%@1420,4%@1420,0%@1420,38%@1420,0%@1420,0%@1420] EMC_FREQ 0% GR3D_FREQ 0% AUX@44.5C CPU@45.5C thermal@44.95C AO@44.5C GPU@45C PMIC@50C
1791262835.867934 10-06-2026 14:00:35 RAM 4711/6833MB (lfb 1x2MB) SWAP 144/3417MB (cached 1MB) CPU [13%@1190,0%@1190,5%@1190,40%@1190,0%@1420,0%@1420] EMC_FREQ 0% GR3D_FREQ 0% AUX@44.5C CPU@45C thermal@44.95C AO@44.5C GPU@45C PMIC@50C
1791262836.071047 10-06-2026 14:00:36 RAM 4688/6833MB (lfb 3x2MB) SWAP 144/3417MB (cached 1MB) CPU [0%@1420,55%@1420,14%@1420,10%@1420,5%@1420,4%@1420] EMC_FREQ 0% GR3D_FREQ 0% AUX@44.5C CPU@45.5C thermal@44.95C AO@44.5C GPU@45C PMIC@50C
1791262836.274695 10-06-2026 14:00:36 RAM 4387/6833MB (lfb 8x4MB) SWAP 144/3417MB (cached 1MB) CPU [4%@1420,95%@1420,0%@1420,5%@1420,0%@1420,0%@1420] EMC_FREQ 0% GR3D_FREQ 0% AUX@44.5C CPU@45.5C thermal@44.95C AO@44.5C GPU@45C PMIC@50C
1791262836.478045 10-06-2026 14:00:36 RAM 4387/6833MB (lfb 8x4MB) SWAP 144/3417MB (cached 1MB) CPU [4%@1420,100%@1420,0%@1420,0%@1420,0%@1420,0%@1420] EMC_FREQ 0% GR3D_FREQ 0% AUX@44.5C CPU@45.5C thermal@44.95C AO@44.5C GPU@44.5C PMIC@50C
1791262836.681564 10-06-2026 14:00:36 RAM 4387/6833MB (lfb 8x4MB) SWAP 144/3417MB (cached 1MB) CPU [0%@1420,100%@1420,0%@1420,4%@1420,0%@1420,0%@1420] EMC_FREQ 0% GR3D_FREQ 0% AUX@44.5C CPU@45.5C thermal@44.95C AO@44.5C GPU@45C PMIC@50C
1791262836.884893 10-06-2026 14:00:36 RAM 4387/6833MB (lfb 8x4MB) SWAP 144/3417MB (cached 1MB) CPU [0%@1420,100%@1420,0%@1420,9%@1420,4%@1420,0%@1420] EMC_FREQ 0% GR3D_FREQ 0% AUX@44.5C CPU@45.5C thermal@44.95C AO@44.5C GPU@45C PMIC@50C
1791262837.088706 10-06-2026 14:00:37 RAM 4374/6833MB (lfb 8x4MB) SWAP 143/3417MB (cached 1MB) CPU [0%@1420,100%@1420,0%@1420,4%@1420,0%@1420,4%@1420] EMC_FREQ 0% GR3D_FREQ 0% AUX@44.5C CPU@45.5C thermal@44.95C AO@44.5C GPU@45C PMIC@50C
1791262837.291936 10-06-2026 14:00:37 RAM 4373/6833MB (lfb 8x4MB) SWAP 143/3417MB (cached 1MB) CPU [10%@1420,70%@1420,0%@1420,0%@1420,0%@1420,0%@1420] EMC_FREQ 0% GR3D_FREQ 0% AUX@44.5C CPU@45.5C thermal@44.95C AO@44C GPU@45C PMIC@50C
1791262837.495625 10-06-2026 14:00:37 RAM 4373/6833MB (lfb 8x4MB) SWAP 142/3417MB (cached 1MB) CPU [14%@1420,85%@1420,4%@1420,0%@1420,4%@1420,0%@1420] EMC_FREQ 0% GR3D_FREQ 0% AUX@44.5C CPU@45.5C thermal@44.95C AO@44.5C GPU@45C PMIC@50C
1791262837.698808 10-06-2026 14:00:37 RAM 4373/6833MB (lfb 8x4MB) SWAP 142/3417MB (cached 1MB) CPU [100%@1420,0%@1420,0%@1420,0%@1420,9%@1420,0%@1420] EMC_FREQ 0% GR3D_FREQ 0% AUX@44.5C CPU@45.5C thermal@44.95C AO@44.5C GPU@45C PMIC@50C
1791262837.901897 10-06-2026 14:00:37 RAM 4373/6833MB (lfb 8x4MB) SWAP 142/3417MB (cached 1MB) CPU [100%@1420,0%@1420,0%@1420,0%@1420,0%@1420,0%@1420] EMC_FREQ 0% GR3D_FREQ 0% AUX@44.5C CPU@45.5C thermal@44.95C AO@44.5C GPU@44.5C PMIC@50C
1791262838.105072 10-06-2026 14:00:38 RAM 4373/6833MB (lfb 8x4MB) SWAP 142/3417MB (cached 1MB) CPU [31%@1420,70%@1420,0%@1420,4%@1420,0%@1420,0%@1420] EMC_FREQ 0% GR3D_FREQ 0% AUX@44.5C CPU@45.5C thermal@44.95C AO@44.5C GPU@45C PMIC@50C
1791262838.308146 10-06-2026 14:00:38 RAM 4121/6833MB (lfb 17x4MB) SWAP 142/3417MB (cached 1MB) CPU [5%@1420,83%@1420,0%@1420,15%@1420,0%@1420,0%@1420] EMC_FREQ 0% GR3D_FREQ 0% AUX@44.5C CPU@45.5C thermal@44.95C AO@44.5C GPU@45C PMIC@50C
1791262838.511362 10-06-2026 14:00:38 RAM 3852/6833MB (lfb 18x4MB) SWAP 142/3417MB (cached 1MB) CPU [0%@1420,100%@1420,0%@1420,5%@1420,0%@1420,0%@1420] EMC_FREQ 0% GR3D_FREQ 0% AUX@44.5C CPU@45.5C thermal@44.95C AO@44.5C GPU@45C PMIC@50C
1791262838.715475 10-06-2026 14:00:38 RAM 3851/6833MB (lfb 18x4MB) SWAP 142/3417MB (cached 1MB) CPU [5%@1420,90%@1420,0%@1420,0%@1420,0%@1420,0%@1420] EMC_FREQ 0% GR3D_FREQ 0% AUX@44.5C CPU@45.5C thermal@44.95C AO@45C GPU@45C PMIC@50C
1791262838.919473 10-06-2026 14:00:38 RAM 3852/6833MB (lfb 18x4MB) SWAP 142/3417MB (cached 1MB) CPU [61%@1420,20%@1420,0%@1420,0%@1420,0%@1420,0%@1420] EMC_FREQ 0% GR3D_FREQ 0% AUX@44.5C CPU@45.5C thermal@44.95C AO@44.5C GPU@45C PMIC@50C
1791262839.122762 10-06-2026 14:00:39 RAM 3852/6833MB (lfb 18x4MB) SWAP 142/3417MB (cached 1MB) CPU [100%@1420,0%@1420,5%@1420,14%@1420,9%@1420,0%@1420] EMC_FREQ 0% GR3D_FREQ 0% AUX@44.5C CPU@45.5C thermal@44.95C AO@44.5C GPU@45C PMIC@50C
1791262839.326728 10-06-2026 14:00:39 RAM 3851/6833MB (lfb 18x4MB) SWAP 142/3417MB (cached 1MB) CPU [60%@1420,35%@1420,4%@1420,0%@1420,0%@1420,0%@1420] EMC_FREQ 0% GR3D_FREQ 0% AUX@44.5C CPU@45.5C thermal@44.95C AO@44.5C GPU@45C PMIC@50C
1791262839.531985 10-06-2026 14:00:39 RAM 3851/6833MB (lfb 18x4MB) SWAP 142/3417MB (cached 1MB) CPU [0%@1420,95%@1420,4%@1420,0%@1420,13%@1420,4%@1420] EMC_FREQ 0% GR3D_FREQ 0% AUX@44.5C CPU@45.5C thermal@44.95C AO@44.5C GPU@45C PMIC@50C
1791262839.739944 10-06-2026 14:00:39 RAM 3851/6833MB (lfb 18x4MB) SWAP 142/3417MB (cached 1MB) CPU [85%@1420,15%@1420,0%@1420,4%@1420,0%@1420,0%@1420] EMC_FREQ 0% GR3D_FREQ 0% AUX@44.5C CPU@45.5C thermal@44.95C AO@44.5C GPU@45C PMIC@50C
1791262839.939956 10-06-2026 14:00:39 RAM 3851/6833MB (lfb 18x4MB) SWAP 142/3417MB (cached 1MB) CPU [22%@1420,80%@1420,0%@1420,0%@1420,0%@1420,0%@1420] EMC_FREQ 0% GR3D_FREQ 0% AUX@44.5C CPU@45.5C thermal@44.95C AO@44.5C GPU@45C PMIC@50C
1791262840.140497 10-06-2026 14:00:40 RAM 3851/6833MB (lfb 18x4MB) SWAP 142/3417MB (cached 1MB) CPU [57%@1420,15%@1420,0%@1420,4%@1420,0%@1420,4%@1420] EMC_FREQ 0% GR3D_FREQ 0% AUX@44.5C CPU@45.5C thermal@44.95C AO@44.5C GPU@44.5C PMIC@50C
1791262840.344416 10-06-2026 14:00:40 RAM 3851/6833MB (lfb 18x4MB) SWAP 142/3417MB (cached 1MB) CPU [100%@1420,0%@1420,0%@1420,0%@1420,0%@1420,4%@1420] EMC_FREQ 0% GR3D_FREQ 0% AUX@44.5C CPU@45.5C thermal@44.95C AO@45C GPU@45C PMIC@50C
1791262840.548400 10-06-2026 14:00:40 RAM 3851/6833MB (lfb 18x4MB) SWAP 142/3417MB (cached 1MB) CPU [100%@1420,4%@1420,0%@1420,0%@1420,10%@1420,0%@1420] EMC_FREQ 0% GR3D_FREQ 0% AUX@44.5C CPU@45.5C thermal@44.95C AO@44.5C GPU@44.5C PMIC@50C
1791262840.752395 10-06-2026 14:00:40 RAM 3851/6833MB (lfb 18x4MB) SWAP 142/3417MB (cached 1MB) CPU [84%@1420,9%@1420,0%@1420,0%@1420,0%@1420,0%@1420] EMC_FREQ 0% GR3D_FREQ 0% AUX@44.5C CPU@45.5C thermal@44.95C AO@45C GPU@44.5C PMIC@50C
1791262840.956188 10-06-2026 14:00:40 RAM 3855/6833MB (lfb 18x4MB) SWAP 138/3417MB (cached 1MB) CPU [4%@1420,95%@1420,0%@1420,0%@1420,0%@1420,0%@1420] EMC_FREQ 0% GR3D_FREQ 0% AUX@44.5C CPU@45.5C thermal@44.95C AO@44.5C GPU@44.5C PMIC@50C
1791262841.160126 10-06-2026 14:00:41 RAM 3855/6833MB (lfb 18x4MB) SWAP 138/3417MB (cached 1MB) CPU [5%@1420,68%@1420,0%@1420,0%@1420,0%@1420,0%@1420] EMC_FREQ 0% GR3D_FREQ 0% AUX@44.5C CPU@45.5C thermal@44.95C AO@44.5C GPU@45C PMIC@50C
1791262841.363917 10-06-2026 14:00:41 RAM 3856/6833MB (lfb 18x4MB) SWAP 138/3417MB (cached 1MB) CPU [9%@1420,63%@1420,0%@1420,0%@1420,0%@1420,0%@1420] EMC_FREQ 0% GR3D_FREQ 0% AUX@44.5C CPU@45.5C thermal@44.95C AO@45C GPU@44.5C PMIC@50C
1791262841.567363 10-06-2026 14:00:41 RAM 3856/6833MB (lfb 18x4MB) SWAP 137/3417MB (cached 1MB) CPU [4%@1420,100%@1420,0%@1420,0%@1420,0%@1420,0%@1420] EMC_FREQ 0% GR3D_FREQ 0% AUX@44.5C CPU@45.5C thermal@44.95C AO@44.5C GPU@45C PMIC@50C
1791262841.772675 10-06-2026 14:00:41 RAM 3856/6833MB (lfb 18x4MB) SWAP 137/3417MB (cached 1MB) CPU [38%@1420,59%@1420,0%@1420,0%@1420,0%@1420,0%@1420] EMC_FREQ 0% GR3D_FREQ 0% AUX@44.5C CPU@45.5C thermal@44.95C AO@45C GPU@45C PMIC@50C
1791262841.975089 10-06-2026 14:00:41 RAM 3856/6833MB (lfb 18x4MB) SWAP 137/3417MB (cached 1MB) CPU [47%@1190,15%@1190,0%@1190,5%@1420,0%@1420,4%@1420] EMC_FREQ 0% GR3D_FREQ 0% AUX@44.5C CPU@45.5C thermal@44.95C AO@44.5C GPU@45C PMIC@50C
1791262842.178918 10-06-2026 14:00:42 RAM 3856/6833MB (lfb 18x4MB) SWAP 137/3417MB (cached 1MB) CPU [0%@1420,85%@1420,0%@1420,0%@1420,4%@1420,4%@1420] EMC_FREQ 0% GR3D_FREQ 0% AUX@44.5C CPU@45.5C thermal@44.95C AO@45C GPU@44.5C PMIC@50C
1791262842.382261 10-06-2026 14:00:42 RAM 3854/6833MB (lfb 18x4MB) SWAP 137/3417MB (cached 1MB) CPU [5%@1420,90%@1420,0%@1420,4%@1420,5%@1420,0%@1420] EMC_FREQ 0% GR3D_FREQ 0% AUX@44.5C CPU@45.5C thermal@44.95C AO@44.5C GPU@45C PMIC@50C
1791262842.586168 10-06-2026 14:00:42 RAM 3854/6833MB (lfb 18x4MB) SWAP 137/3417MB (cached 1MB) CPU [5%@1420,70%@1420,0%@1420,0%@1420,0%@1420,0%@1420] EMC_FREQ 0% GR3D_FREQ 0% AUX@44.5C CPU@45.5C thermal@44.95C AO@44.5C GPU@45C PMIC@50C
1791262842.790125 10-06-2026 14:00:42 RAM 3854/6833MB (lfb 18x4MB) SWAP 137/3417MB (cached 1MB) CPU [0%@1420,100%@1420,0%@1420,4%@1420,0%@1420,19%@1420] EMC_FREQ 0% GR3D_FREQ 0% AUX@44.5C CPU@45.5C thermal@44.95C AO@44.5C GPU@45C PMIC@50C
1791262842.993996 10-06-2026 14:00:42 RAM 3854/6833MB (lfb 18x4MB) SWAP 137/3417MB (cached 1MB) CPU [0%@1420,100%@1420,0%@1420,0%@1420,0%@1420,0%@1420] EMC_FREQ 0% GR3D_FREQ 0% AUX@44.5C CPU@45.5C thermal@44.95C AO@45C GPU@45C PMIC@50C
1791262843.198572 10-06-2026 14:00:43 RAM 3854/6833MB (lfb 18x4MB) SWAP 137/3417MB (cached 1MB) CPU [4%@1420,100%@1420,0%@1420,0%@1420,0%@1420,4%@1420] EMC_FREQ 0% GR3D_FREQ 0% AUX@44.5C CPU@45.5C thermal@44.95C AO@44.5C GPU@45C PMIC@50C
1791262843.402782 10-06-2026 14:00:43 RAM 3850/6833MB (lfb 18x4MB) SWAP 137/3417MB (cached 1MB) CPU [0%@1420,100%@1420,0%@1420,0%@1420,0%@1420,10%@1420] EMC_FREQ 0% GR3D_FREQ 0% AUX@44.5C CPU@45.5C thermal@44.95C AO@45C GPU@44.5C PMIC@50C
1791262843.607016 10-06-2026 14:00:43 RAM 3630/6833MB (lfb 24x4MB) SWAP 137/3417MB (cached 1MB) CPU [5%@1420,100%@1420,0%@1420,0%@1420,0%@1420,0%@1420] EMC_FREQ 0% GR3D_FREQ 0% AUX@45C CPU@45.5C thermal@44.95C AO@45C GPU@45C PMIC@50C
1791262843.810905 10-06-2026 14:00:43 RAM 3401/6833MB (lfb 36x4MB) SWAP 137/3417MB (cached 1MB) CPU [0%@1420,100%@1420,0%@1420,0%@1420,0%@1420,0%@1420] EMC_FREQ 0% GR3D_FREQ 0% AUX@44.5C CPU@45.5C thermal@44.95C AO@45C GPU@45C PMIC@50C
1791262844.014822 10-06-2026 14:00:44 RAM 3315/6833MB (lfb 36x4MB) SWAP 137/3417MB (cached 1MB) CPU [31%@1190,23%@1190,5%@1420,5%@1420,0%@1420,0%@1420] EMC_FREQ 0% GR3D_FREQ 0% AUX@45C CPU@45.5C thermal@44.95C AO@44.5C GPU@45C PMIC@50C
1791262844.218204 10-06-2026 14:00:44 RAM 3315/6833MB (lfb 36x4MB) SWAP 137/3417MB (cached 1MB) CPU [0%@1190,0%@1190,0%@1190,0%@1190,0%@1420,4%@1420] EMC_FREQ 0% GR3D_FREQ 0% AUX@45C CPU@45.5C thermal@44.95C AO@45C GPU@45C PMIC@50C
1791262844.421730 10-06-2026 14:00:44 RAM 3313/6833MB (lfb 36x4MB) SWAP 137/3417MB (cached 1MB) CPU [9%@1190,0%@1420,0%@1420,0%@1420,0%@1420,4%@1420] EMC_FREQ 0% GR3D_FREQ 0% AUX@44.5C CPU@45.5C thermal@44.95C AO@45C GPU@45C PMIC@50C
1791262844.625598 10-06-2026 14:00:44 RAM 3312/6833MB (lfb 36x4MB) SWAP 137/3417MB (cached 1MB) CPU [63%@1190,5%@1190,0%@1190,0%@1190,0%@1420,0%@1420] EMC_FREQ 0% GR3D_FREQ 0% AUX@45C CPU@45.5C thermal@44.95C AO@44.5C GPU@45C PMIC@50C
1791262844.831414 10-06-2026 14:00:44 RAM 3309/6833MB (lfb 36x4MB) SWAP 136/3417MB (cached 1MB) CPU [75%@1420,14%@1420,0%@1420,0%@1420,0%@1420,0%@1420] EMC_FREQ 0% GR3D_FREQ 0% AUX@44.5C CPU@45.5C thermal@44.95C AO@45C GPU@45C PMIC@50C
1791262845.032384 10-06-2026 14:00:45 RAM 3309/6833MB (lfb 36x4MB) SWAP 136/3417MB (cached 1MB) CPU [21%@1190,14%@1190,9%@1420,0%@1420,0%@1420,0%@1420] EMC_FREQ 0% GR3D_FREQ 0% AUX@45C CPU@45.5C thermal@44.95C AO@45C GPU@45C PMIC@50C
1791262845.235783 10-06-2026 14:00:45 RAM 3303/6833MB (lfb 36x4MB) SWAP 136/3417MB (cached 1MB) CPU [18%@1190,15%@1190,0%@1190,0%@1190,4%@1420,4%@1420] EMC_FREQ 0% GR3D_FREQ 0% AUX@44.5C CPU@45.5C thermal@44.95C AO@45C GPU@45C PMIC@50C
1791262845.439266 10-06-2026 14:00:45 RAM 3189/6833MB (lfb 36x4MB) SWAP 134/3417MB (cached 1MB) CPU [10%@1420,30%@1420,9%@1420,4%@1420,0%@1420,0%@1420] EMC_FREQ 0% GR3D_FREQ 0% AUX@45C CPU@45.5C thermal@44.95C AO@45C GPU@45C PMIC@50C
1791262845.643119 10-06-2026 14:00:45 RAM 2145/6833MB (lfb 114x4MB) SWAP 134/3417MB (cached 1MB) CPU [0%@1420,100%@1420,0%@1420,4%@1420,0%@1420,0%@1420] EMC_FREQ 0% GR3D_FREQ 0% AUX@45C CPU@45.5C thermal@44.95C AO@45C GPU@45C PMIC@50C
1791262845.846484 10-06-2026 14:00:45 RAM 1647/6833MB (lfb 156x4MB) SWAP 132/3417MB (cached 1MB) CPU [0%@1420,100%@1420,0%@1420,0%@1420,4%@1420,0%@1420] EMC_FREQ 0% GR3D_FREQ 0% AUX@45C CPU@45.5C thermal@44.95C AO@44.5C GPU@45C PMIC@50C
