1791263221.857933 10-06-2026 14:07:01 RAM 1578/6833MB (lfb 139x4MB) SWAP 157/3417MB (cached 1MB) CPU [0%@1420,0%@1420,0%@1420,0%@1420,95%@1420,0%@1420] EMC_FREQ 0% GR3D_FREQ 0% AUX@42.5C CPU@43.5C thermal@42.8C AO@42.5C GPU@42.5C PMIC@50C
1791263222.061589 10-06-2026 14:07:02 RAM 1580/6833MB (lfb 139x4MB) SWAP 157/3417MB (cached 1MB) CPU [0%@1420,4%@1420,0%@1420,0%@1420,95%@1420,0%@1420] EMC_FREQ 0% GR3D_FREQ 0% AUX@42.5C CPU@43.5C thermal@42.8C AO@42.5C GPU@42.5C PMIC@50C
1791263222.265404 10-06-2026 14:07:02 RAM 1581/6833MB (lfb 139x4MB) SWAP 157/3417MB (cached 1MB) CPU [0%@1420,4%@1420,0%@1420,0%@1420,94%@1420,0%@1420] EMC_FREQ 0% GR3D_FREQ 0% AUX@42.5C CPU@43.5C thermal@42.8C AO@42.5C GPU@42.5C PMIC@50C
1791263222.468688 10-06-2026 14:07:02 RAM 1582/6833MB (lfb 139x4MB) SWAP 157/3417MB (cached 1MB) CPU [0%@1420,0%@1420,15%@1420,5%@1420,71%@1420,0%@1420] EMC_FREQ 0% GR3D_FREQ 0% AUX@42.5C CPU@43.5C thermal@42.8C AO@42.5C GPU@42.5C PMIC@50C
1791263222.672019 10-06-2026 14:07:02 RAM 1582/6833MB (lfb 139x4MB) SWAP 157/3417MB (cached 1MB) CPU [4%@1420,0%@1420,61%@1420,26%@1420,0%@1420,4%@1420] EMC_FREQ 0% GR3D_FREQ 0% AUX@42.5C CPU@43.5C thermal@42.8C AO@42.5C GPU@42.5C PMIC@50C
1791263222.876535 10-06-2026 14:07:02 RAM 1583/6833MB (lfb 139x4MB) SWAP 157/3417MB (cached 1MB) CPU [0%@1420,4%@1420,0%@1420,90%@1420,0%@1420,0%@1420] EMC_FREQ 0% GR3D_FREQ 0% AUX@42.5C CPU@43.5C thermal@42.8C AO@42.5C GPU@43C PMIC@50C
1791263223.080105 10-06-2026 14:07:03 RAM 1583/6833MB (lfb 139x4MB) SWAP 157/3417MB (cached 1MB) CPU [4%@1190,5%@1190,10%@1190,28%@1190,0%@1190,0%@1190] EMC_FREQ 0% GR3D_FREQ 0% AUX@42.5C CPU@43.5C thermal@42.8C AO@42.5C GPU@42.5C PMIC@50C
1791263223.283495 10-06-2026 14:07:03 RAM 1584/6833MB (lfb 139x4MB) SWAP 157/3417MB (cached 1MB) CPU [5%@1190,0%@1190,9%@1420,16%@1420,0%@1420,0%@1420] EMC_FREQ 0% GR3D_FREQ 0% AUX@42.5C CPU@43.5C thermal@42.8C AO@42.5C GPU@43C PMIC@50C
1791263223.487075 10-06-2026 14:07:03 RAM 1584/6833MB (lfb 139x4MB) SWAP 157/3417MB (cached 1MB) CPU [0%@1190,4%@1190,30%@1190,4%@1190,0%@1190,0%@1420] EMC_FREQ 0% GR3D_FREQ 0% AUX@42.5C CPU@43.5C thermal@42.8C AO@42.5C GPU@43C PMIC@50C
1791263223.690526 10-06-2026 14:07:03 RAM 1585/6833MB (lfb 139x4MB) SWAP 157/3417MB (cached 1MB) CPU [9%@1190,0%@1190,11%@1190,13%@1190,4%@1190,0%@1420] EMC_FREQ 0% GR3D_FREQ 0% AUX@42.5C CPU@43.5C thermal@42.8C AO@42.5C GPU@43C PMIC@50C
1791263223.893928 10-06-2026 14:07:03 RAM 1586/6833MB (lfb 139x4MB) SWAP 157/3417MB (cached 1MB) CPU [4%@1420,0%@1420,57%@1420,0%@1420,0%@1420,0%@1420] EMC_FREQ 0% GR3D_FREQ 0% AUX@42.5C CPU@43.5C thermal@42.8C AO@42.5C GPU@43C PMIC@50C
1791263224.097176 10-06-2026 14:07:04 RAM 1586/6833MB (lfb 139x4MB) SWAP 157/3417MB (cached 1MB) CPU [0%@1420,0%@1420,95%@1420,4%@1420,0%@1420,0%@1420] EMC_FREQ 0% GR3D_FREQ 0% AUX@42.5C CPU@43.5C thermal@42.8C AO@42.5C GPU@43C PMIC@50C
1791263224.300571 10-06-2026 14:07:04 RAM 1586/6833MB (lfb 139x4MB) SWAP 157/3417MB (cached 1MB) CPU [0%@1420,13%@1420,100%@1420,0%@1420,0%@1420,0%@1420] EMC_FREQ 0% GR3D_FREQ 0% AUX@42.5C CPU@43.5C thermal@42.95C AO@42.5C GPU@43C PMIC@50C
1791263224.503878 10-06-2026 14:07:04 RAM 1588/6833MB (lfb 139x4MB) SWAP 157/3417MB (cached 1MB) CPU [0%@1420,0%@1420,23%@1420,60%@1420,0%@1420,0%@1420] EMC_FREQ 0% GR3D_FREQ 0% AUX@42.5C CPU@43.5C thermal@42.95C AO@42.5C GPU@43C PMIC@50C
1791263224.707025 10-06-2026 14:07:04 RAM 1588/6833MB (lfb 139x4MB) SWAP 157/3417MB (cached 1MB) CPU [0%@1420,0%@1420,0%@1420,90%@1420,0%@1420,0%@1420] EMC_FREQ 0% GR3D_FREQ 0% AUX@42.5C CPU@43.5C thermal@42.95C AO@42.5C GPU@43C PMIC@50C
1791263224.910243 10-06-2026 14:07:04 RAM 1590/6833MB (lfb 139x4MB) SWAP 157/3417MB (cached 1MB) CPU [4%@1420,0%@1420,0%@1420,90%@1420,0%@1420,0%@1420] EMC_FREQ 0% GR3D_FREQ 0% AUX@42.5C CPU@43.5C thermal@42.95C AO@42.5C GPU@43C PMIC@50C
1791263225.113640 10-06-2026 14:07:05 RAM 1602/6833MB (lfb 139x4MB) SWAP 157/3417MB (cached 1MB) CPU [28%@1420,25%@1420,85%@1420,40%@1420,25%@1420,25%@1420] EMC_FREQ 0% GR3D_FREQ 0% AUX@42.5C CPU@43.5C thermal@42.95C AO@42.5C GPU@42.5C PMIC@50C
1791263225.317181 10-06-2026 14:07:05 RAM 1604/6833MB (lfb 139x4MB) SWAP 157/3417MB (cached 1MB) CPU [100%@1420,100%@1420,90%@1420,100%@1420,100%@1420,100%@1420] EMC_FREQ 0% GR3D_FREQ 0% AUX@42.5C CPU@44C thermal@42.95C AO@42.5C GPU@42.5C PMIC@50C
1791263225.533473 10-06-2026 14:07:05 RAM 1605/6833MB (lfb 139x4MB) SWAP 157/3417MB (cached 1MB) CPU [100%@1420,100%@1420,78%@1420,100%@1420,100%@1420,100%@1420] EMC_FREQ 0% GR3D_FREQ 0% AUX@42.5C CPU@44.5C thermal@43.1C AO@42.5C GPU@43C PMIC@50C
1791263225.730332 10-06-2026 14:07:05 RAM 1607/6833MB (lfb 139x4MB) SWAP 157/3417MB (cached 1MB) CPU [80%@1420,100%@1420,100%@1420,100%@1420,100%@1420,100%@1420] EMC_FREQ 0% GR3D_FREQ 0% AUX@42.5C CPU@44C thermal@43.1C AO@42.5C GPU@43C PMIC@50C
1791263225.927455 10-06-2026 14:07:05 RAM 1609/6833MB (lfb 139x4MB) SWAP 157/3417MB (cached 1MB) CPU [95%@1420,100%@1420,100%@1420,100%@1420,100%@1420,100%@1420] EMC_FREQ 0% GR3D_FREQ 0% AUX@42.5C CPU@44.5C thermal@43.1C AO@42.5C GPU@43C PMIC@50C
1791263226.130663 10-06-2026 14:07:06 RAM 1610/6833MB (lfb 139x4MB) SWAP 157/3417MB (cached 1MB) CPU [85%@1420,100%@1420,100%@1420,100%@1420,100%@1420,100%@1420] EMC_FREQ 0% GR3D_FREQ 0% AUX@42.5C CPU@44.5C thermal@43.1C AO@43C GPU@43C PMIC@50C
1791263226.373017 10-06-2026 14:07:06 RAM 1613/6833MB (lfb 139x4MB) SWAP 157/3417MB (cached 1MB) CPU [76%@1420,100%@1420,100%@1420,100%@1420,96%@1420,100%@1420] EMC_FREQ 0% GR3D_FREQ 0% AUX@42.5C CPU@44.5C thermal@43.1C AO@43C GPU@43C PMIC@50C
1791263226.576399 10-06-2026 14:07:06 RAM 1617/6833MB (lfb 139x4MB) SWAP 157/3417MB (cached 1MB) CPU [78%@1420,100%@1420,100%@1420,100%@1420,100%@1420,100%@1420] EMC_FREQ 0% GR3D_FREQ 0% AUX@42.5C CPU@44.5C thermal@43.25C AO@43C GPU@43C PMIC@50C
1791263226.818968 10-06-2026 14:07:06 RAM 1620/6833MB (lfb 139x4MB) SWAP 157/3417MB (cached 1MB) CPU [73%@1420,100%@1420,100%@1420,100%@1420,100%@1420,100%@1420] EMC_FREQ 0% GR3D_FREQ 0% AUX@43C CPU@44.5C thermal@43.25C AO@42.5C GPU@43C PMIC@50C
1791263227.022450 10-06-2026 14:07:07 RAM 1621/6833MB (lfb 139x4MB) SWAP 157/3417MB (cached 1MB) CPU [100%@1420,100%@1420,100%@1420,100%@1420,100%@1420,100%@1420] EMC_FREQ 0% GR3D_FREQ 0% AUX@42.5C CPU@44.5C thermal@43.25C AO@43C GPU@43C PMIC@50C
1791263227.225992 10-06-2026 14:07:07 RAM 1622/6833MB (lfb 139x4MB) SWAP 157/3417MB (cached 1MB) CPU [90%@1420,100%@1420,100%@1420,100%@1420,100%@1420,100%@1420] EMC_FREQ 0% GR3D_FREQ 0% AUX@43C CPU@44.5C thermal@43.25C AO@43C GPU@43C PMIC@50C
1791263227.513784 10-06-2026 14:07:07 RAM 1623/6833MB (lfb 139x4MB) SWAP 157/3417MB (cached 1MB) CPU [93%@1420,100%@1420,100%@1420,100%@1420,100%@1420,100%@1420] EMC_FREQ 0% GR3D_FREQ 0% AUX@43C CPU@44.5C thermal@43.25C AO@43C GPU@43.5C PMIC@50C
1791263227.802421 10-06-2026 14:07:07 RAM 1626/6833MB (lfb 139x4MB) SWAP 157/3417MB (cached 1MB) CPU [85%@1420,100%@1420,100%@1420,100%@1420,100%@1420,100%@1420] EMC_FREQ 0% GR3D_FREQ 0% AUX@43C CPU@44.5C thermal@43.6C AO@43C GPU@43.5C PMIC@50C
1791263228.006276 10-06-2026 14:07:08 RAM 1628/6833MB (lfb 139x4MB) SWAP 157/3417MB (cached 1MB) CPU [78%@1420,100%@1420,100%@1420,100%@1420,100%@1420,100%@1420] EMC_FREQ 0% GR3D_FREQ 0% AUX@43C CPU@44.5C thermal@43.6C AO@43C GPU@43.5C PMIC@50C
1791263228.227400 10-06-2026 14:07:08 RAM 1628/6833MB (lfb 139x4MB) SWAP 157/3417MB (cached 1MB) CPU [89%@1420,100%@1420,100%@1420,100%@1420,100%@1420,100%@1420] EMC_FREQ 0% GR3D_FREQ 0% AUX@43C CPU@44.5C thermal@43.6C AO@43C GPU@43.5C PMIC@50C
1791263228.413255 10-06-2026 14:07:08 RAM 1630/6833MB (lfb 139x4MB) SWAP 157/3417MB (cached 1MB) CPU [100%@1420,100%@1420,100%@1420,100%@1420,100%@1420,100%@1420] EMC_FREQ 0% GR3D_FREQ 0% AUX@43C CPU@44.5C thermal@43.6C AO@43C GPU@43.5C PMIC@50C
1791263228.616683 10-06-2026 14:07:08 RAM 1631/6833MB (lfb 139x4MB) SWAP 157/3417MB (cached 1MB) CPU [84%@1420,100%@1420,100%@1420,100%@1420,100%@1420,100%@1420] EMC_FREQ 0% GR3D_FREQ 0% AUX@43C CPU@44.5C thermal@43.6C AO@43C GPU@43.5C PMIC@50C
1791263228.820168 10-06-2026 14:07:08 RAM 1633/6833MB (lfb 139x4MB) SWAP 157/3417MB (cached 1MB) CPU [73%@1420,100%@1420,100%@1420,100%@1420,95%@1420,100%@1420] EMC_FREQ 0% GR3D_FREQ 15% AUX@43C CPU@45C thermal@43.6C AO@43C GPU@43.5C PMIC@50C
1791263229.023894 10-06-2026 14:07:09 RAM 1638/6833MB (lfb 139x4MB) SWAP 157/3417MB (cached 1MB) CPU [100%@1420,100%@1420,100%@1420,100%@1420,95%@1420,100%@1420] EMC_FREQ 0% GR3D_FREQ 0% AUX@43C CPU@45C thermal@43.6C AO@43C GPU@43.5C PMIC@50C
1791263229.227150 10-06-2026 14:07:09 RAM 1637/6833MB (lfb 139x4MB) SWAP 157/3417MB (cached 1MB) CPU [100%@1420,100%@1420,100%@1420,100%@1420,95%@1420,100%@1420] EMC_FREQ 0% GR3D_FREQ 0% AUX@43C CPU@44.5C thermal@43.6C AO@43C GPU@43.5C PMIC@50C
1791263229.430896 10-06-2026 14:07:09 RAM 1644/6833MB (lfb 139x4MB) SWAP 157/3417MB (cached 1MB) CPU [100%@1420,100%@1420,100%@1420,100%@1420,61%@1420,100%@1420] EMC_FREQ 0% GR3D_FREQ 11% AUX@43C CPU@44.5C thermal@43.6C AO@43C GPU@43.5C PMIC@50C
1791263229.634444 10-06-2026 14:07:09 RAM 1665/6833MB (lfb 139x4MB) SWAP 156/3417MB (cached 1MB) CPU [100%@1420,95%@1420,100%@1420,100%@1420,94%@1420,100%@1420] EMC_FREQ 0% GR3D_FREQ 0% AUX@43C CPU@45C thermal@43.6C AO@43C GPU@43.5C PMIC@50C
1791263229.837808 10-06-2026 14:07:09 RAM 1673/6833MB (lfb 139x4MB) SWAP 156/3417MB (cached 1MB) CPU [100%@1420,100%@1420,65%@1420,84%@1420,100%@1420,100%@1420] EMC_FREQ 0% GR3D_FREQ 0% AUX@43C CPU@45C thermal@43.6C AO@43.5C GPU@43.5C PMIC@50C
1791263230.041375 10-06-2026 14:07:10 RAM 1687/6833MB (lfb 139x4MB) SWAP 156/3417MB (cached 1MB) CPU [100%@1420,100%@1420,100%@1420,5%@1420,100%@1420,100%@1420] EMC_FREQ 0% GR3D_FREQ 0% AUX@43C CPU@45C thermal@43.75C AO@43C GPU@43.5C PMIC@50C
1791263230.244668 10-06-2026 14:07:10 RAM 1702/6833MB (lfb 139x4MB) SWAP 156/3417MB (cached 1MB) CPU [100%@1420,100%@1420,100%@1420,90%@1420,85%@1420,100%@1420] EMC_FREQ 0% GR3D_FREQ 0% AUX@43C CPU@45C thermal@43.75C AO@43C GPU@43.5C PMIC@50C
1791263230.448608 10-06-2026 14:07:10 RAM 1723/6833MB (lfb 139x4MB) SWAP 156/3417MB (cached 1MB) CPU [100%@1420,100%@1420,100%@1420,55%@1420,61%@1420,100%@1420] EMC_FREQ 0% GR3D_FREQ 0% AUX@43C CPU@45C thermal@43.75C AO@43.5C GPU@43.5C PMIC@50C
1791263230.652244 10-06-2026 14:07:10 RAM 1730/6833MB (lfb 139x4MB) SWAP 156/3417MB (cached 1MB) CPU [100%@1420,100%@1420,100%@1420,100%@1420,100%@1420,100%@1420] EMC_FREQ 0% GR3D_FREQ 0% AUX@43.5C CPU@45C thermal@43.75C AO@43.5C GPU@43.5C PMIC@50C
1791263230.855497 10-06-2026 14:07:10 RAM 1731/6833MB (lfb 139x4MB) SWAP 156/3417MB (cached 1MB) CPU [100%@1420,100%@1420,100%@1420,100%@1420,42%@1420,100%@1420] EMC_FREQ 0% GR3D_FREQ 0% AUX@43.5C CPU@45C thermal@43.75C AO@43.5C GPU@43.5C PMIC@50C
1791263231.059507 10-06-2026 14:07:11 RAM 1733/6833MB (lfb 139x4MB) SWAP 156/3417MB (cached 1MB) CPU [100%@1420,100%@1420,95%@1420,80%@1420,90%@1420,100%@1420] EMC_FREQ 0% GR3D_FREQ 0% AUX@43.5C CPU@45C thermal@43.95C AO@43.5C GPU@43.5C PMIC@50C
1791263231.262845 10-06-2026 14:07:11 RAM 1735/6833MB (lfb 139x4MB) SWAP 156/3417MB (cached 1MB) CPU [100%@1420,100%@1420,100%@1420,100%@1420,100%@1420,100%@1420] EMC_FREQ 0% GR3D_FREQ 0% AUX@43.5C CPU@45.5C thermal@43.95C AO@43.5C GPU@43.5C PMIC@50C
1791263231.466217 10-06-2026 14:07:11 RAM 1742/6833MB (lfb 139x4MB) SWAP 156/3417MB (cached 1MB) CPU [100%@1420,100%@1420,100%@1420,100%@1420,100%@1420,100%@1420] EMC_FREQ 0% GR3D_FREQ 0% AUX@43.5C CPU@45C thermal@43.95C AO@43.5C GPU@43.5C PMIC@50C
1791263231.669610 10-06-2026 14:07:11 RAM 1744/6833MB (lfb 139x4MB) SWAP 156/3417MB (cached 1MB) CPU [100%@1420,100%@1420,100%@1420,100%@1420,100%@1420,100%@1420] EMC_FREQ 0% GR3D_FREQ 0% AUX@43.5C CPU@45C thermal@43.95C AO@43.5C GPU@43.5C PMIC@50C
1791263231.873432 10-06-2026 14:07:11 RAM 1748/6833MB (lfb 139x4MB) SWAP 156/3417MB (cached 1MB) CPU [100%@1420,100%@1420,100%@1420,100%@1420,100%@1420,100%@1420] EMC_FREQ 0% GR3D_FREQ 0% AUX@43.5C CPU@45C thermal@43.95C AO@43.5C GPU@43.5C PMIC@50C
1791263232.076805 10-06-2026 14:07:12 RAM 1752/6833MB (lfb 139x4MB) SWAP 156/3417MB (cached 1MB) CPU [100%@1420,100%@1420,100%@1420,100%@1420,100%@1420,100%@1420] EMC_FREQ 0% GR3D_FREQ 0% AUX@43.5C CPU@45C thermal@43.95C AO@43.5C GPU@43.5C PMIC@50C
1791263232.280560 10-06-2026 14:07:12 RAM 1755/6833MB (lfb 139x4MB) SWAP 156/3417MB (cached 1MB) CPU [100%@1420,100%@1420,100%@1420,100%@1420,100%@1420,100%@1420] EMC_FREQ 0% GR3D_FREQ 0% AUX@43.5C CPU@45.5C thermal@44.25C AO@43.5C GPU@43.5C PMIC@50C
1791263232.483411 10-06-2026 14:07:12 RAM 1758/6833MB (lfb 139x4MB) SWAP 156/3417MB (cached 1MB) CPU [100%@1420,100%@1420,100%@1420,100%@1420,100%@1420,100%@1420] EMC_FREQ 0% GR3D_FREQ 0% AUX@43.5C CPU@45C thermal@44.25C AO@43.5C GPU@43.5C PMIC@50C
1791263232.686713 10-06-2026 14:07:12 RAM 1763/6833MB (lfb 139x4MB) SWAP 156/3417MB (cached 1MB) CPU [100%@1420,100%@1420,100%@1420,100%@1420,100%@1420,100%@1420] EMC_FREQ 0% GR3D_FREQ 0% AUX@44C CPU@45C thermal@44.25C AO@43.5C GPU@43.5C PMIC@50C
1791263232.890002 10-06-2026 14:07:12 RAM 1767/6833MB (lfb 139x4MB) SWAP 156/3417MB (cached 1MB) CPU [100%@1420,100%@1420,100%@1420,100%@1420,100%@1420,100%@1420] EMC_FREQ 0% GR3D_FREQ 0% AUX@44C CPU@45.5C thermal@44.25C AO@43.5C GPU@44C PMIC@50C
1791263233.093324 10-06-2026 14:07:13 RAM 1773/6833MB (lfb 139x4MB) SWAP 156/3417MB (cached 1MB) CPU [100%@1420,100%@1420,100%@1420,100%@1420,100%@1420,100%@1420] EMC_FREQ 0% GR3D_FREQ 0% AUX@44C CPU@45.5C thermal@44.25C AO@43.5C GPU@44C PMIC@50C
1791263233.296767 10-06-2026 14:07:13 RAM 1775/6833MB (lfb 139x4MB) SWAP 156/3417MB (cached 1MB) CPU [100%@1420,100%@1420,100%@1420,100%@1420,90%@1420,100%@1420] EMC_FREQ 0% GR3D_FREQ 0% AUX@43.5C CPU@45.5C thermal@44.25C AO@43.5C GPU@44C PMIC@50C
1791263233.500065 10-06-2026 14:07:13 RAM 1788/6833MB (lfb 139x4MB) SWAP 156/3417MB (cached 1MB) CPU [100%@1420,100%@1420,100%@1420,100%@1420,100%@1420,100%@1420] EMC_FREQ 0% GR3D_FREQ 0% AUX@43.5C CPU@45.5C thermal@44.25C AO@43.5C GPU@44C PMIC@50C
1791263233.703670 10-06-2026 14:07:13 RAM 1790/6833MB (lfb 139x4MB) SWAP 156/3417MB (cached 1MB) CPU [100%@1420,100%@1420,100%@1420,85%@1420,95%@1420,90%@1420] EMC_FREQ 0% GR3D_FREQ 0% AUX@43.5C CPU@45C thermal@44.25C AO@43.5C GPU@44C PMIC@50C
1791263233.906941 10-06-2026 14:07:13 RAM 1795/6833MB (lfb 139x4MB) SWAP 156/3417MB (cached 1MB) CPU [100%@1420,100%@1420,100%@1420,100%@1420,76%@1420,100%@1420] EMC_FREQ 0% GR3D_FREQ 0% AUX@44C CPU@45.5C thermal@44.25C AO@44C GPU@44C PMIC@50C
1791263234.110267 10-06-2026 14:07:14 RAM 1796/6833MB (lfb 139x4MB) SWAP 156/3417MB (cached 1MB) CPU [100%@1420,100%@1420,100%@1420,100%@1420,94%@1420,100%@1420] EMC_FREQ 0% GR3D_FREQ 0% AUX@44C CPU@45.5C thermal@44.25C AO@43.5C GPU@44C PMIC@50C
1791263234.313575 10-06-2026 14:07:14 RAM 1798/6833MB (lfb 139x4MB) SWAP 156/3417MB (cached 1MB) CPU [100%@1420,100%@1420,100%@1420,100%@1420,80%@1420,100%@1420] EMC_FREQ 0% GR3D_FREQ 0% AUX@44C CPU@45.5C thermal@44.25C AO@43.5C GPU@44C PMIC@50C
1791263234.516882 10-06-2026 14:07:14 RAM 1800/6833MB (lfb 139x4MB) SWAP 156/3417MB (cached 1MB) CPU [100%@1420,100%@1420,100%@1420,100%@1420,89%@1420,100%@1420] EMC_FREQ 0% GR3D_FREQ 0% AUX@43.5C CPU@45.5C thermal@44.45C AO@43.5C GPU@44C PMIC@50C
1791263234.720186 10-06-2026 14:07:14 RAM 1801/6833MB (lfb 139x4MB) SWAP 156/3417MB (cached 1MB) CPU [100%@1420,94%@1420,100%@1420,100%@1420,89%@1420,100%@1420] EMC_FREQ 0% GR3D_FREQ 0% AUX@44C CPU@45.5C thermal@44.45C AO@44C GPU@44C PMIC@50C
1791263234.923668 10-06-2026 14:07:14 RAM 1802/6833MB (lfb 139x4MB) SWAP 156/3417MB (cached 1MB) CPU [100%@1420,100%@1420,100%@1420,100%@1420,89%@1420,100%@1420] EMC_FREQ 0% GR3D_FREQ 0% AUX@44C CPU@45.5C thermal@44.45C AO@44C GPU@44C PMIC@50C
1791263235.127015 10-06-2026 14:07:15 RAM 1804/6833MB (lfb 139x4MB) SWAP 156/3417MB (cached 1MB) CPU [100%@1420,100%@1420,100%@1420,100%@1420,86%@1420,100%@1420] EMC_FREQ 0% GR3D_FREQ 0% AUX@43.5C CPU@45.5C thermal@44.45C AO@43.5C GPU@44C PMIC@50C
1791263235.330384 10-06-2026 14:07:15 RAM 1806/6833MB (lfb 139x4MB) SWAP 156/3417MB (cached 1MB) CPU [100%@1420,100%@1420,100%@1420,100%@1420,85%@1420,100%@1420] EMC_FREQ 0% GR3D_FREQ 0% AUX@44C CPU@45.5C thermal@44.45C AO@44C GPU@44.5C PMIC@50C
1791263235.533698 10-06-2026 14:07:15 RAM 1808/6833MB (lfb 139x4MB) SWAP 156/3417MB (cached 1MB) CPU [100%@1420,100%@1420,100%@1420,100%@1420,80%@1420,100%@1420] EMC_FREQ 0% GR3D_FREQ 0% AUX@44C CPU@45.5C thermal@44.6C AO@44C GPU@44C PMIC@50C
1791263235.737043 10-06-2026 14:07:15 RAM 1808/6833MB (lfb 139x4MB) SWAP 156/3417MB (cached 1MB) CPU [100%@1420,100%@1420,100%@1420,100%@1420,89%@1420,100%@1420] EMC_FREQ 0% GR3D_FREQ 0% AUX@44C CPU@45.5C thermal@44.6C AO@44C GPU@44C PMIC@50C
1791263235.940346 10-06-2026 14:07:15 RAM 1811/6833MB (lfb 139x4MB) SWAP 156/3417MB (cached 1MB) CPU [100%@1420,100%@1420,100%@1420,100%@1420,80%@1420,100%@1420] EMC_FREQ 0% GR3D_FREQ 0% AUX@44C CPU@45.5C thermal@44.6C AO@44C GPU@44.5C PMIC@50C
1791263236.143583 10-06-2026 14:07:16 RAM 1811/6833MB (lfb 139x4MB) SWAP 156/3417MB (cached 1MB) CPU [100%@1420,100%@1420,100%@1420,100%@1420,100%@1420,100%@1420] EMC_FREQ 0% GR3D_FREQ 0% AUX@44C CPU@45.5C thermal@44.6C AO@44C GPU@44C PMIC@50C
1791263236.346973 10-06-2026 14:07:16 RAM 1812/6833MB (lfb 139x4MB) SWAP 156/3417MB (cached 1MB) CPU [100%@1420,100%@1420,100%@1420,100%@1420,85%@1420,100%@1420] EMC_FREQ 0% GR3D_FREQ 0% AUX@44C CPU@45.5C thermal@44.6C AO@43.5C GPU@44.5C PMIC@50C
1791263236.550523 10-06-2026 14:07:16 RAM 1814/6833MB (lfb 139x4MB) SWAP 156/3417MB (cached 1MB) CPU [100%@1420,100%@1420,100%@1420,100%@1420,90%@1420,100%@1420] EMC_FREQ 0% GR3D_FREQ 0% AUX@44C CPU@45.5C thermal@44.6C AO@44C GPU@44.5C PMIC@50C
1791263236.753801 10-06-2026 14:07:16 RAM 1816/6833MB (lfb 139x4MB) SWAP 156/3417MB (cached 1MB) CPU [100%@1420,100%@1420,100%@1420,100%@1420,84%@1420,100%@1420] EMC_FREQ 0% GR3D_FREQ 0% AUX@44C CPU@45.5C thermal@44.45C AO@44C GPU@44.5C PMIC@50C
1791263236.957122 10-06-2026 14:07:16 RAM 1820/6833MB (lfb 139x4MB) SWAP 156/3417MB (cached 1MB) CPU [100%@1420,100%@1420,100%@1420,100%@1420,84%@1420,100%@1420] EMC_FREQ 0% GR3D_FREQ 0% AUX@44C CPU@45.5C thermal@44.45C AO@44C GPU@44C PMIC@50C
1791263237.160455 10-06-2026 14:07:17 RAM 1820/6833MB (lfb 139x4MB) SWAP 156/3417MB (cached 1MB) CPU [100%@1420,100%@1420,100%@1420,100%@1420,94%@1420,100%@1420] EMC_FREQ 0% GR3D_FREQ 0% AUX@44C CPU@45.5C thermal@44.45C AO@44C GPU@44.5C PMIC@50C
1791263237.363745 10-06-2026 14:07:17 RAM 1821/6833MB (lfb 139x4MB) SWAP 156/3417MB (cached 1MB) CPU [100%@1420,100%@1420,100%@1420,100%@1420,89%@1420,100%@1420] EMC_FREQ 0% GR3D_FREQ 0% AUX@44C CPU@45.5C thermal@44.45C AO@44C GPU@44C PMIC@50C
1791263237.567148 10-06-2026 14:07:17 RAM 1823/6833MB (lfb 139x4MB) SWAP 156/3417MB (cached 1MB) CPU [100%@1420,100%@1420,100%@1420,100%@1420,90%@1420,100%@1420] EMC_FREQ 0% GR3D_FREQ 0% AUX@44C CPU@45.5C thermal@44.45C AO@44C GPU@44.5C PMIC@50C
1791263237.770514 10-06-2026 14:07:17 RAM 1827/6833MB (lfb 139x4MB) SWAP 156/3417MB (cached 1MB) CPU [100%@1420,100%@1420,100%@1420,100%@1420,78%@1420,100%@1420] EMC_FREQ 0% GR3D_FREQ 0% AUX@44C CPU@45.5C thermal@44.8C AO@44C GPU@44.5C PMIC@50C
1791263237.973860 10-06-2026 14:07:17 RAM 1828/6833MB (lfb 139x4MB) SWAP 156/3417MB (cached 1MB) CPU [100%@1420,77%@1420,100%@1420,100%@1420,90%@1420,100%@1420] EMC_FREQ 0% GR3D_FREQ 0% AUX@44.5C CPU@45.5C thermal@44.8C AO@44C GPU@44.5C PMIC@50C
1791263238.177201 10-06-2026 14:07:18 RAM 1828/6833MB (lfb 139x4MB) SWAP 156/3417MB (cached 1MB) CPU [100%@1420,100%@1420,100%@1420,100%@1420,100%@1420,100%@1420] EMC_FREQ 0% GR3D_FREQ 0% AUX@44C CPU@45.5C thermal@44.8C AO@44C GPU@44.5C PMIC@50C
1791263238.380502 10-06-2026 14:07:18 RAM 1829/6833MB (lfb 139x4MB) SWAP 156/3417MB (cached 1MB) CPU [100%@1420,100%@1420,100%@1420,100%@1420,94%@1420,100%@1420] EMC_FREQ 0% GR3D_FREQ 0% AUX@44.5C CPU@46C thermal@44.8C AO@44C GPU@44.5C PMIC@50C
1791263238.583938 10-06-2026 14:07:18 RAM 1829/6833MB (lfb 139x4MB) SWAP 156/3417MB (cached 1MB) CPU [100%@1420,100%@1420,100%@1420,100%@1420,95%@1420,100%@1420] EMC_FREQ 0% GR3D_FREQ 0% AUX@44C CPU@46C thermal@44.8C AO@44C GPU@44.5C PMIC@50C
1791263238.787220 10-06-2026 14:07:18 RAM 1830/6833MB (lfb 139x4MB) SWAP 156/3417MB (cached 1MB) CPU [100%@1420,100%@1420,100%@1420,100%@1420,90%@1420,100%@1420] EMC_FREQ 0% GR3D_FREQ 0% AUX@44.5C CPU@45.5C thermal@44.8C AO@44.5C GPU@44.5C PMIC@50C
1791263238.990588 10-06-2026 14:07:18 RAM 1831/6833MB (lfb 139x4MB) SWAP 156/3417MB (cached 1MB) CPU [100%@1420,100%@1420,100%@1420,90%@1420,90%@1420,100%@1420] EMC_FREQ 0% GR3D_FREQ 0% AUX@44.5C CPU@46C thermal@44.95C AO@44.5C GPU@44.5C PMIC@50C
1791263239.193863 10-06-2026 14:07:19 RAM 1832/6833MB (lfb 139x4MB) SWAP 156/3417MB (cached 1MB) CPU [100%@1420,100%@1420,100%@1420,100%@1420,94%@1420,100%@1420] EMC_FREQ 0% GR3D_FREQ 0% AUX@44.5C CPU@46C thermal@44.95C AO@44.5C GPU@44.5C PMIC@50C
1791263239.397103 10-06-2026 14:07:19 RAM 1835/6833MB (lfb 139x4MB) SWAP 156/3417MB (cached 1MB) CPU [100%@1420,100%@1420,100%@1420,100%@1420,76%@1420,100%@1420] EMC_FREQ 0% GR3D_FREQ 0% AUX@44.5C CPU@46C thermal@44.95C AO@44C GPU@44.5C PMIC@50C
1791263239.600621 10-06-2026 14:07:19 RAM 1838/6833MB (lfb 139x4MB) SWAP 156/3417MB (cached 1MB) CPU [100%@1420,100%@1420,100%@1420,100%@1420,76%@1420,100%@1420] EMC_FREQ 0% GR3D_FREQ 0% AUX@44.5C CPU@46C thermal@44.95C AO@44.5C GPU@44.5C PMIC@50C
1791263239.803936 10-06-2026 14:07:19 RAM 1838/6833MB (lfb 139x4MB) SWAP 156/3417MB (cached 1MB) CPU [100%@1420,100%@1420,100%@1420,100%@1420,90%@1420,100%@1420] EMC_FREQ 0% GR3D_FREQ 0% AUX@44.5C CPU@46C thermal@44.95C AO@44.5C GPU@44.5C PMIC@50C
1791263240.007047 10-06-2026 14:07:20 RAM 1838/6833MB (lfb 139x4MB) SWAP 156/3417MB (cached 1MB) CPU [28%@1420,21%@1420,25%@1420,30%@1420,95%@1420,19%@1420] EMC_FREQ 0% GR3D_FREQ 0% AUX@44.5C CPU@45.5C thermal@44.8C AO@44.5C GPU@44.5C PMIC@50C
1791263240.210353 10-06-2026 14:07:20 RAM 1840/6833MB (lfb 139x4MB) SWAP 156/3417MB (cached 1MB) CPU [0%@1420,9%@1420,14%@1420,9%@1420,84%@1420,0%@1420] EMC_FREQ 0% GR3D_FREQ 0% AUX@44.5C CPU@45.5C thermal@44.8C AO@44.5C GPU@44.5C PMIC@50C
1791263240.413771 10-06-2026 14:07:20 RAM 1841/6833MB (lfb 139x4MB) SWAP 156/3417MB (cached 1MB) CPU [10%@1420,5%@1420,13%@1420,10%@1420,90%@1420,0%@1420] EMC_FREQ 0% GR3D_FREQ 0% AUX@44.5C CPU@45.5C thermal@44.8C AO@44C GPU@44.5C PMIC@50C
1791263240.617038 10-06-2026 14:07:20 RAM 1842/6833MB (lfb 139x4MB) SWAP 156/3417MB (cached 1MB) CPU [0%@1420,5%@1420,5%@1420,10%@1420,95%@1420,4%@1420] EMC_FREQ 0% GR3D_FREQ 0% AUX@44.5C CPU@45.5C thermal@44.8C AO@44.5C GPU@44.5C PMIC@50C
1791263240.820420 10-06-2026 14:07:20 RAM 1843/6833MB (lfb 139x4MB) SWAP 156/3417MB (cached 1MB) CPU [9%@1420,5%@1420,0%@1420,10%@1420,75%@1420,10%@1420] EMC_FREQ 0% GR3D_FREQ 0% AUX@44.5C CPU@45.5C thermal@44.8C AO@44.5C GPU@44.5C PMIC@50C
1791263241.023617 10-06-2026 14:07:21 RAM 1844/6833MB (lfb 139x4MB) SWAP 156/3417MB (cached 1MB) CPU [10%@1420,5%@1420,0%@1420,10%@1420,90%@1420,0%@1420] EMC_FREQ 0% GR3D_FREQ 0% AUX@44.5C CPU@45.5C thermal@44.8C AO@44.5C GPU@45C PMIC@50C
1791263241.226807 10-06-2026 14:07:21 RAM 1844/6833MB (lfb 139x4MB) SWAP 156/3417MB (cached 1MB) CPU [5%@1420,5%@1420,5%@1420,5%@1420,95%@1420,0%@1420] EMC_FREQ 0% GR3D_FREQ 0% AUX@44.5C CPU@45.5C thermal@44.8C AO@44.5C GPU@44.5C PMIC@50C
1791263241.430051 10-06-2026 14:07:21 RAM 1846/6833MB (lfb 139x4MB) SWAP 156/3417MB (cached 1MB) CPU [5%@1420,5%@1420,4%@1420,14%@1420,100%@1420,0%@1420] EMC_FREQ 0% GR3D_FREQ 0% AUX@44.5C CPU@45.5C thermal@44.8C AO@44.5C GPU@44.5C PMIC@50C
1791263241.633149 10-06-2026 14:07:21 RAM 1848/6833MB (lfb 139x4MB) SWAP 156/3417MB (cached 1MB) CPU [5%@1420,5%@1420,10%@1420,5%@1420,100%@1420,0%@1420] EMC_FREQ 0% GR3D_FREQ 0% AUX@44.5C CPU@45.5C thermal@44.8C AO@44.5C GPU@44.5C PMIC@50C
1791263241.837644 10-06-2026 14:07:21 RAM 1850/6833MB (lfb 139x4MB) SWAP 156/3417MB (cached 1MB) CPU [14%@1420,5%@1420,5%@1420,13%@1420,95%@1420,0%@1420] EMC_FREQ 0% GR3D_FREQ 0% AUX@44.5C CPU@45.5C thermal@44.8C AO@44.5C GPU@44.5C PMIC@50C
1791263242.040819 10-06-2026 14:07:22 RAM 1852/6833MB (lfb 139x4MB) SWAP 156/3417MB (cached 1MB) CPU [0%@1420,5%@1420,5%@1420,18%@1420,100%@1420,4%@1420] EMC_FREQ 0% GR3D_FREQ 0% AUX@44.5C CPU@45.5C thermal@44.8C AO@44.5C GPU@44.5C PMIC@50C
1791263242.244039 10-06-2026 14:07:22 RAM 1852/6833MB (lfb 139x4MB) SWAP 156/3417MB (cached 1MB) CPU [10%@1420,0%@1420,14%@1420,5%@1420,95%@1420,0%@1420] EMC_FREQ 0% GR3D_FREQ 0% AUX@44.5C CPU@45.5C thermal@44.8C AO@44.5C GPU@44.5C PMIC@50C
1791263242.447356 10-06-2026 14:07:22 RAM 1853/6833MB (lfb 139x4MB) SWAP 156/3417MB (cached 1MB) CPU [0%@1420,14%@1420,5%@1420,13%@1420,89%@1420,0%@1420] EMC_FREQ 0% GR3D_FREQ 0% AUX@44.5C CPU@45.5C thermal@44.8C AO@44.5C GPU@44.5C PMIC@50C
1791263242.650729 10-06-2026 14:07:22 RAM 1854/6833MB (lfb 139x4MB) SWAP 156/3417MB (cached 1MB) CPU [13%@1420,5%@1420,0%@1420,10%@1420,63%@1420,40%@1420] EMC_FREQ 0% GR3D_FREQ 0% AUX@44.5C CPU@45.5C thermal@44.8C AO@44.5C GPU@44.5C PMIC@50C
1791263242.854006 10-06-2026 14:07:22 RAM 1856/6833MB (lfb 139x4MB) SWAP 156/3417MB (cached 1MB) CPU [5%@1420,4%@1420,5%@1420,10%@1420,0%@1420,100%@1420] EMC_FREQ 0% GR3D_FREQ 0% AUX@44.5C CPU@45.5C thermal@44.8C AO@44.5C GPU@44.5C PMIC@50C
1791263243.057501 10-06-2026 14:07:23 RAM 1856/6833MB (lfb 139x4MB) SWAP 156/3417MB (cached 1MB) CPU [0%@1420,5%@1420,9%@1420,5%@1420,63%@1420,28%@1420] EMC_FREQ 0% GR3D_FREQ 0% AUX@44.5C CPU@45.5C thermal@44.8C AO@44.5C GPU@44.5C PMIC@50C
1791263243.260714 10-06-2026 14:07:23 RAM 1856/6833MB (lfb 139x4MB) SWAP 156/3417MB (cached 1MB) CPU [5%@1420,4%@1420,15%@1420,5%@1420,100%@1420,0%@1420] EMC_FREQ 0% GR3D_FREQ 0% AUX@44.5C CPU@45.5C thermal@44.8C AO@44.5C GPU@44.5C PMIC@50C
1791263243.464093 10-06-2026 14:07:23 RAM 1857/6833MB (lfb 139x4MB) SWAP 156/3417MB (cached 1MB) CPU [0%@1420,0%@1420,19%@1420,5%@1420,85%@1420,0%@1420] EMC_FREQ 0% GR3D_FREQ 0% AUX@44.5C CPU@45.5C thermal@44.8C AO@44.5C GPU@44.5C PMIC@50C
1791263243.667631 10-06-2026 14:07:23 RAM 1859/6833MB (lfb 139x4MB) SWAP 156/3417MB (cached 1MB) CPU [5%@1420,9%@1420,0%@1420,10%@1420,95%@1420,0%@1420] EMC_FREQ 0% GR3D_FREQ 0% AUX@44.5C CPU@45.5C thermal@44.8C AO@44.5C GPU@44.5C PMIC@50C
1791263243.870924 10-06-2026 14:07:23 RAM 1859/6833MB (lfb 139x4MB) SWAP 156/3417MB (cached 1MB) CPU [9%@1420,13%@1420,0%@1420,18%@1420,90%@1420,4%@1420] EMC_FREQ 0% GR3D_FREQ 0% AUX@44.5C CPU@45.5C thermal@44.8C AO@44.5C GPU@45C PMIC@50C
1791263244.074182 10-06-2026 14:07:24 RAM 1860/6833MB (lfb 139x4MB) SWAP 156/3417MB (cached 1MB) CPU [4%@1420,9%@1420,9%@1420,14%@1420,78%@1420,10%@1420] EMC_FREQ 0% GR3D_FREQ 0% AUX@44.5C CPU@45.5C thermal@44.8C AO@44.5C GPU@44.5C PMIC@50C
1791263244.277418 10-06-2026 14:07:24 RAM 1861/6833MB (lfb 139x4MB) SWAP 156/3417MB (cached 1MB) CPU [19%@1420,5%@1420,5%@1420,5%@1420,54%@1420,0%@1420] EMC_FREQ 0% GR3D_FREQ 0% AUX@44.5C CPU@45.5C thermal@44.8C AO@44.5C GPU@44.5C PMIC@50C
1791263244.480741 10-06-2026 14:07:24 RAM 1862/6833MB (lfb 139x4MB) SWAP 156/3417MB (cached 1MB) CPU [5%@1420,5%@1420,5%@1420,10%@1420,0%@1420,83%@1420] EMC_FREQ 0% GR3D_FREQ 0% AUX@44.5C CPU@45.5C thermal@44.8C AO@44.5C GPU@45C PMIC@50C
1791263244.684474 10-06-2026 14:07:24 RAM 1862/6833MB (lfb 139x4MB) SWAP 156/3417MB (cached 1MB) CPU [5%@1267,0%@1267,10%@1267,5%@1267,13%@1267,76%@1267] EMC_FREQ 0% GR3D_FREQ 0% AUX@44.5C CPU@45.5C thermal@44.8C AO@44.5C GPU@44.5C PMIC@50C
1791263244.887530 10-06-2026 14:07:24 RAM 1862/6833MB (lfb 139x4MB) SWAP 156/3417MB (cached 1MB) CPU [14%@1420,9%@1420,5%@1420,9%@1420,31%@1420,28%@1420] EMC_FREQ 0% GR3D_FREQ 0% AUX@44.5C CPU@45.5C thermal@44.8C AO@44.5C GPU@45C PMIC@50C
1791263245.091003 10-06-2026 14:07:25 RAM 1862/6833MB (lfb 139x4MB) SWAP 156/3417MB (cached 1MB) CPU [0%@1420,4%@1420,19%@1420,5%@1420,5%@1420,85%@1420] EMC_FREQ 0% GR3D_FREQ 0% AUX@45C CPU@45.5C thermal@44.8C AO@44.5C GPU@44.5C PMIC@50C
1791263245.294075 10-06-2026 14:07:25 RAM 1862/6833MB (lfb 139x4MB) SWAP 156/3417MB (cached 1MB) CPU [4%@1420,5%@1420,10%@1420,5%@1420,0%@1420,95%@1420] EMC_FREQ 0% GR3D_FREQ 0% AUX@45C CPU@45.5C thermal@44.8C AO@44.5C GPU@45C PMIC@50C
1791263245.497358 10-06-2026 14:07:25 RAM 1862/6833MB (lfb 139x4MB) SWAP 156/3417MB (cached 1MB) CPU [0%@1420,5%@1420,10%@1420,9%@1420,0%@1420,94%@1420] EMC_FREQ 0% GR3D_FREQ 0% AUX@45C CPU@45.5C thermal@44.8C AO@44.5C GPU@45C PMIC@50C
1791263245.700549 10-06-2026 14:07:25 RAM 1864/6833MB (lfb 139x4MB) SWAP 156/3417MB (cached 1MB) CPU [9%@1420,4%@1420,10%@1420,10%@1420,0%@1420,73%@1420] EMC_FREQ 0% GR3D_FREQ 0% AUX@44.5C CPU@45.5C thermal@45.15C AO@44.5C GPU@44.5C PMIC@50C
1791263245.903678 10-06-2026 14:07:25 RAM 1864/6833MB (lfb 139x4MB) SWAP 156/3417MB (cached 1MB) CPU [5%@1420,5%@1420,10%@1420,13%@1420,4%@1420,55%@1420] EMC_FREQ 0% GR3D_FREQ 0% AUX@44.5C CPU@45.5C thermal@45.15C AO@44.5C GPU@45C PMIC@50C
1791263246.106835 10-06-2026 14:07:26 RAM 1866/6833MB (lfb 139x4MB) SWAP 156/3417MB (cached 1MB) CPU [5%@1420,4%@1420,9%@1420,5%@1420,0%@1420,90%@1420] EMC_FREQ 0% GR3D_FREQ 0% AUX@45C CPU@46C thermal@45.15C AO@44.5C GPU@45C PMIC@50C
1791263246.310038 10-06-2026 14:07:26 RAM 1868/6833MB (lfb 139x4MB) SWAP 156/3417MB (cached 1MB) CPU [21%@1420,9%@1420,9%@1420,10%@1420,38%@1420,42%@1420] EMC_FREQ 0% GR3D_FREQ 0% AUX@45C CPU@45.5C thermal@45.15C AO@44.5C GPU@45C PMIC@50C
1791263246.513374 10-06-2026 14:07:26 RAM 1868/6833MB (lfb 139x4MB) SWAP 156/3417MB (cached 1MB) CPU [5%@1420,5%@1420,0%@1420,14%@1420,73%@1420,23%@1420] EMC_FREQ 0% GR3D_FREQ 0% AUX@45C CPU@45.5C thermal@45.15C AO@44.5C GPU@45C PMIC@50C
1791263246.716456 10-06-2026 14:07:26 RAM 1868/6833MB (lfb 139x4MB) SWAP 156/3417MB (cached 1MB) CPU [10%@1420,5%@1420,5%@1420,5%@1420,4%@1420,95%@1420] EMC_FREQ 0% GR3D_FREQ 0% AUX@45C CPU@45.5C thermal@45.15C AO@44.5C GPU@45C PMIC@50C
1791263246.919709 10-06-2026 14:07:26 RAM 1868/6833MB (lfb 139x4MB) SWAP 156/3417MB (cached 1MB) CPU [10%@1420,10%@1420,9%@1420,5%@1420,61%@1420,30%@1420] EMC_FREQ 0% GR3D_FREQ 0% AUX@45C CPU@45.5C thermal@45.15C AO@45C GPU@45C PMIC@50C
1791263247.122918 10-06-2026 14:07:27 RAM 1869/6833MB (lfb 139x4MB) SWAP 156/3417MB (cached 1MB) CPU [18%@1420,5%@1420,9%@1420,0%@1420,95%@1420,0%@1420] EMC_FREQ 0% GR3D_FREQ 0% AUX@44.5C CPU@45.5C thermal@45.15C AO@44.5C GPU@45C PMIC@50C
1791263247.326220 10-06-2026 14:07:27 RAM 1872/6833MB (lfb 139x4MB) SWAP 156/3417MB (cached 1MB) CPU [10%@1420,9%@1420,5%@1420,52%@1420,38%@1420,0%@1420] EMC_FREQ 0% GR3D_FREQ 0% AUX@45C CPU@46C thermal@45.15C AO@45C GPU@45C PMIC@50C
1791263247.529428 10-06-2026 14:07:27 RAM 1872/6833MB (lfb 139x4MB) SWAP 156/3417MB (cached 1MB) CPU [15%@1420,9%@1420,9%@1420,95%@1420,0%@1420,0%@1420] EMC_FREQ 0% GR3D_FREQ 0% AUX@44.5C CPU@46C thermal@45.15C AO@45C GPU@45C PMIC@50C
1791263247.732608 10-06-2026 14:07:27 RAM 1872/6833MB (lfb 139x4MB) SWAP 156/3417MB (cached 1MB) CPU [10%@1420,10%@1420,0%@1420,52%@1420,40%@1420,0%@1420] EMC_FREQ 0% GR3D_FREQ 0% AUX@44.5C CPU@45.5C thermal@45.15C AO@45C GPU@45C PMIC@50C
1791263247.935848 10-06-2026 14:07:27 RAM 1872/6833MB (lfb 139x4MB) SWAP 156/3417MB (cached 1MB) CPU [21%@1420,5%@1420,0%@1420,0%@1420,95%@1420,5%@1420] EMC_FREQ 0% GR3D_FREQ 0% AUX@45C CPU@45.5C thermal@45.15C AO@44.5C GPU@45C PMIC@50C
1791263248.138955 10-06-2026 14:07:28 RAM 1872/6833MB (lfb 139x4MB) SWAP 156/3417MB (cached 1MB) CPU [15%@1420,9%@1420,9%@1420,9%@1420,95%@1420,0%@1420] EMC_FREQ 0% GR3D_FREQ 0% AUX@45C CPU@46C thermal@45.15C AO@44.5C GPU@45C PMIC@50C
1791263248.342153 10-06-2026 14:07:28 RAM 1872/6833MB (lfb 139x4MB) SWAP 156/3417MB (cached 1MB) CPU [9%@1420,19%@1420,0%@1420,66%@1420,20%@1420,19%@1420] EMC_FREQ 0% GR3D_FREQ 0% AUX@45C CPU@45.5C thermal@45.15C AO@44.5C GPU@45C PMIC@50C
1791263248.545409 10-06-2026 14:07:28 RAM 1873/6833MB (lfb 139x4MB) SWAP 155/3417MB (cached 1MB) CPU [0%@1420,0%@1420,13%@1420,33%@1420,10%@1420,47%@1420] EMC_FREQ 0% GR3D_FREQ 0% AUX@45C CPU@45.5C thermal@45.15C AO@45C GPU@45C PMIC@50C
1791263248.748798 10-06-2026 14:07:28 RAM 1873/6833MB (lfb 139x4MB) SWAP 155/3417MB (cached 1MB) CPU [14%@1420,14%@1420,0%@1420,0%@1420,47%@1420,45%@1420] EMC_FREQ 0% GR3D_FREQ 0% AUX@45C CPU@45.5C thermal@45.15C AO@45C GPU@45.5C PMIC@50C
1791263248.951930 10-06-2026 14:07:28 RAM 1873/6833MB (lfb 139x4MB) SWAP 155/3417MB (cached 1MB) CPU [10%@1420,9%@1420,9%@1420,0%@1420,95%@1420,0%@1420] EMC_FREQ 0% GR3D_FREQ 0% AUX@45C CPU@46C thermal@45.3C AO@45C GPU@45C PMIC@50C
1791263249.155171 10-06-2026 14:07:29 RAM 1874/6833MB (lfb 139x4MB) SWAP 155/3417MB (cached 1MB) CPU [10%@1420,0%@1420,4%@1420,0%@1420,95%@1420,4%@1420] EMC_FREQ 0% GR3D_FREQ 0% AUX@45C CPU@46C thermal@45.3C AO@45C GPU@45C PMIC@50C
1791263249.358484 10-06-2026 14:07:29 RAM 1874/6833MB (lfb 139x4MB) SWAP 155/3417MB (cached 1MB) CPU [5%@1420,9%@1420,0%@1420,9%@1420,19%@1420,80%@1420] EMC_FREQ 0% GR3D_FREQ 0% AUX@45C CPU@45.5C thermal@45.3C AO@45C GPU@45.5C PMIC@50C
1791263249.562342 10-06-2026 14:07:29 RAM 1875/6833MB (lfb 139x4MB) SWAP 155/3417MB (cached 1MB) CPU [14%@1420,5%@1420,14%@1420,5%@1420,0%@1420,90%@1420] EMC_FREQ 0% GR3D_FREQ 0% AUX@45C CPU@45.5C thermal@45.3C AO@45C GPU@45.5C PMIC@50C
1791263249.765468 10-06-2026 14:07:29 RAM 1875/6833MB (lfb 139x4MB) SWAP 155/3417MB (cached 1MB) CPU [0%@1420,13%@1420,4%@1420,10%@1420,0%@1420,90%@1420] EMC_FREQ 0% GR3D_FREQ 0% AUX@45C CPU@46C thermal@45.3C AO@45C GPU@45C PMIC@50C
1791263249.968735 10-06-2026 14:07:29 RAM 1875/6833MB (lfb 139x4MB) SWAP 155/3417MB (cached 1MB) CPU [9%@1420,10%@1420,5%@1420,4%@1420,39%@1420,65%@1420] EMC_FREQ 0% GR3D_FREQ 0% AUX@45C CPU@46C thermal@45.3C AO@45C GPU@45C PMIC@50C
1791263250.172085 10-06-2026 14:07:30 RAM 1875/6833MB (lfb 139x4MB) SWAP 155/3417MB (cached 1MB) CPU [5%@1420,10%@1420,0%@1420,14%@1420,94%@1420,0%@1420] EMC_FREQ 0% GR3D_FREQ 0% AUX@45C CPU@46C thermal@45.1C AO@45C GPU@45.5C PMIC@50C
1791263250.375325 10-06-2026 14:07:30 RAM 1875/6833MB (lfb 139x4MB) SWAP 155/3417MB (cached 1MB) CPU [9%@1420,10%@1420,9%@1420,0%@1420,95%@1420,0%@1420] EMC_FREQ 0% GR3D_FREQ 0% AUX@45C CPU@46C thermal@45.1C AO@45C GPU@45C PMIC@50C
1791263250.578698 10-06-2026 14:07:30 RAM 1876/6833MB (lfb 139x4MB) SWAP 155/3417MB (cached 1MB) CPU [10%@1420,5%@1420,0%@1420,5%@1420,95%@1420,0%@1420] EMC_FREQ 0% GR3D_FREQ 0% AUX@45C CPU@46C thermal@45.1C AO@45C GPU@45.5C PMIC@50C
1791263250.782340 10-06-2026 14:07:30 RAM 1876/6833MB (lfb 139x4MB) SWAP 155/3417MB (cached 1MB) CPU [10%@1420,13%@1420,13%@1420,4%@1420,94%@1420,0%@1420] EMC_FREQ 0% GR3D_FREQ 0% AUX@45C CPU@46C thermal@45.1C AO@45C GPU@45C PMIC@50C
1791263250.985820 10-06-2026 14:07:30 RAM 1876/6833MB (lfb 139x4MB) SWAP 155/3417MB (cached 1MB) CPU [9%@1420,4%@1420,5%@1420,0%@1420,90%@1420,9%@1420] EMC_FREQ 0% GR3D_FREQ 0% AUX@45C CPU@46C thermal@45.1C AO@45C GPU@45.5C PMIC@50C
1791263251.189085 10-06-2026 14:07:31 RAM 1877/6833MB (lfb 139x4MB) SWAP 155/3417MB (cached 1MB) CPU [14%@1420,0%@1420,0%@1420,9%@1420,95%@1420,5%@1420] EMC_FREQ 0% GR3D_FREQ 0% AUX@45C CPU@46C thermal@45.3C AO@45C GPU@45C PMIC@50C
1791263251.393516 10-06-2026 14:07:31 RAM 1877/6833MB (lfb 139x4MB) SWAP 155/3417MB (cached 1MB) CPU [0%@1420,5%@1420,18%@1420,0%@1420,95%@1420,0%@1420] EMC_FREQ 0% GR3D_FREQ 0% AUX@45C CPU@46C thermal@45.3C AO@45C GPU@45.5C PMIC@50C
1791263251.596737 10-06-2026 14:07:31 RAM 1877/6833MB (lfb 139x4MB) SWAP 155/3417MB (cached 1MB) CPU [5%@1420,5%@1420,10%@1420,0%@1420,95%@1420,0%@1420] EMC_FREQ 0% GR3D_FREQ 0% AUX@45C CPU@46C thermal@45.3C AO@45C GPU@45C PMIC@50C
1791263251.799917 10-06-2026 14:07:31 RAM 1878/6833MB (lfb 139x4MB) SWAP 155/3417MB (cached 1MB) CPU [5%@1420,4%@1420,10%@1420,13%@1420,95%@1420,4%@1420] EMC_FREQ 0% GR3D_FREQ 0% AUX@45C CPU@46C thermal@45.3C AO@45C GPU@45.5C PMIC@50C
1791263252.003177 10-06-2026 14:07:31 RAM 1879/6833MB (lfb 139x4MB) SWAP 155/3417MB (cached 1MB) CPU [5%@1420,5%@1420,13%@1420,5%@1420,76%@1420,0%@1420] EMC_FREQ 0% GR3D_FREQ 0% AUX@45C CPU@46C thermal@45.3C AO@45C GPU@45.5C PMIC@50C
1791263252.206453 10-06-2026 14:07:32 RAM 1884/6833MB (lfb 139x4MB) SWAP 155/3417MB (cached 1MB) CPU [9%@1420,5%@1420,5%@1420,13%@1420,95%@1420,0%@1420] EMC_FREQ 0% GR3D_FREQ 0% AUX@45C CPU@46C thermal@45.3C AO@45C GPU@45.5C PMIC@50C
1791263252.409711 10-06-2026 14:07:32 RAM 1885/6833MB (lfb 139x4MB) SWAP 155/3417MB (cached 1MB) CPU [9%@1420,9%@1420,9%@1420,0%@1420,100%@1420,0%@1420] EMC_FREQ 0% GR3D_FREQ 0% AUX@45C CPU@46C thermal@45.65C AO@45C GPU@45.5C PMIC@50C
1791263252.613964 10-06-2026 14:07:32 RAM 1885/6833MB (lfb 139x4MB) SWAP 155/3417MB (cached 1MB) CPU [5%@1420,0%@1420,14%@1420,5%@1420,95%@1420,4%@1420] EMC_FREQ 0% GR3D_FREQ 0% AUX@45C CPU@46C thermal@45.65C AO@45C GPU@45.5C PMIC@50C
1791263252.817796 10-06-2026 14:07:32 RAM 1886/6833MB (lfb 139x4MB) SWAP 155/3417MB (cached 1MB) CPU [9%@1420,4%@1420,5%@1420,9%@1420,95%@1420,4%@1420] EMC_FREQ 0% GR3D_FREQ 0% AUX@45C CPU@46C thermal@45.65C AO@45.5C GPU@45.5C PMIC@50C
1791263253.021276 10-06-2026 14:07:33 RAM 1885/6833MB (lfb 139x4MB) SWAP 155/3417MB (cached 1MB) CPU [9%@1420,5%@1420,5%@1420,5%@1420,95%@1420,0%@1420] EMC_FREQ 0% GR3D_FREQ 0% AUX@45C CPU@46C thermal@45.65C AO@45.5C GPU@45.5C PMIC@50C
1791263253.225947 10-06-2026 14:07:33 RAM 1886/6833MB (lfb 139x4MB) SWAP 155/3417MB (cached 1MB) CPU [14%@1420,4%@1420,13%@1420,4%@1420,89%@1420,13%@1420] EMC_FREQ 0% GR3D_FREQ 0% AUX@45C CPU@46C thermal@45.65C AO@45.5C GPU@45.5C PMIC@50C
1791263253.429556 10-06-2026 14:07:33 RAM 1886/6833MB (lfb 139x4MB) SWAP 155/3417MB (cached 1MB) CPU [4%@1420,5%@1420,10%@1420,0%@1420,95%@1420,5%@1420] EMC_FREQ 0% GR3D_FREQ 0% AUX@45C CPU@46C thermal@45.6C AO@45.5C GPU@45.5C PMIC@50C
1791263253.633430 10-06-2026 14:07:33 RAM 1887/6833MB (lfb 139x4MB) SWAP 155/3417MB (cached 1MB) CPU [5%@1420,9%@1420,5%@1420,0%@1420,95%@1420,0%@1420] EMC_FREQ 0% GR3D_FREQ 0% AUX@45C CPU@46C thermal@45.6C AO@45.5C GPU@45.5C PMIC@50C
1791263253.839946 10-06-2026 14:07:33 RAM 1887/6833MB (lfb 139x4MB) SWAP 155/3417MB (cached 1MB) CPU [10%@1420,4%@1420,9%@1420,9%@1420,90%@1420,5%@1420] EMC_FREQ 0% GR3D_FREQ 0% AUX@45C CPU@46C thermal@45.6C AO@45.5C GPU@45.5C PMIC@50C
1791263254.040634 10-06-2026 14:07:34 RAM 1888/6833MB (lfb 139x4MB) SWAP 155/3417MB (cached 1MB) CPU [9%@1420,5%@1420,5%@1420,0%@1420,95%@1420,9%@1420] EMC_FREQ 0% GR3D_FREQ 0% AUX@45C CPU@46C thermal@45.6C AO@45.5C GPU@45.5C PMIC@50C
1791263254.244256 10-06-2026 14:07:34 RAM 1888/6833MB (lfb 139x4MB) SWAP 155/3417MB (cached 1MB) CPU [9%@1420,5%@1420,13%@1420,5%@1420,85%@1420,4%@1420] EMC_FREQ 0% GR3D_FREQ 0% AUX@45C CPU@46C thermal@45.6C AO@45.5C GPU@45.5C PMIC@50C
1791263254.447582 10-06-2026 14:07:34 RAM 1898/6833MB (lfb 139x4MB) SWAP 155/3417MB (cached 1MB) CPU [5%@1420,5%@1420,5%@1420,5%@1420,100%@1420,5%@1420] EMC_FREQ 0% GR3D_FREQ 0% AUX@45.5C CPU@46.5C thermal@45.6C AO@45.5C GPU@45.5C PMIC@50C
1791263254.650987 10-06-2026 14:07:34 RAM 1912/6833MB (lfb 139x4MB) SWAP 155/3417MB (cached 1MB) CPU [9%@1344,9%@1344,9%@1344,4%@1344,100%@1344,5%@1344] EMC_FREQ 0% GR3D_FREQ 0% AUX@45.5C CPU@46.5C thermal@45.8C AO@45.5C GPU@45.5C PMIC@50C
1791263254.854545 10-06-2026 14:07:34 RAM 1913/6833MB (lfb 139x4MB) SWAP 155/3417MB (cached 1MB) CPU [0%@1420,0%@1420,13%@1420,5%@1420,90%@1420,4%@1420] EMC_FREQ 0% GR3D_FREQ 0% AUX@45C CPU@46C thermal@45.8C AO@45.5C GPU@45.5C PMIC@50C
1791263255.058579 10-06-2026 14:07:35 RAM 1913/6833MB (lfb 139x4MB) SWAP 155/3417MB (cached 1MB) CPU [5%@1420,4%@1420,5%@1420,10%@1420,73%@1420,5%@1420] EMC_FREQ 0% GR3D_FREQ 0% AUX@45.5C CPU@46.5C thermal@45.8C AO@45.5C GPU@45.5C PMIC@50C
1791263255.261930 10-06-2026 14:07:35 RAM 1920/6833MB (lfb 139x4MB) SWAP 155/3417MB (cached 1MB) CPU [36%@1420,35%@1420,47%@1420,42%@1420,84%@1420,35%@1420] EMC_FREQ 0% GR3D_FREQ 0% AUX@45.5C CPU@46.5C thermal@45.8C AO@45.5C GPU@45.5C PMIC@50C
1791263255.465337 10-06-2026 14:07:35 RAM 1926/6833MB (lfb 139x4MB) SWAP 155/3417MB (cached 1MB) CPU [0%@1420,5%@1420,9%@1420,0%@1420,28%@1420,52%@1420] EMC_FREQ 0% GR3D_FREQ 0% AUX@45.5C CPU@46.5C thermal@45.8C AO@45.5C GPU@45.5C PMIC@50C
1791263255.668782 10-06-2026 14:07:35 RAM 1927/6833MB (lfb 139x4MB) SWAP 155/3417MB (cached 1MB) CPU [14%@1420,13%@1420,15%@1420,5%@1420,10%@1420,57%@1420] EMC_FREQ 0% GR3D_FREQ 0% AUX@45.5C CPU@46.5C thermal@45.8C AO@45.5C GPU@45.5C PMIC@50C
1791263255.872207 10-06-2026 14:07:35 RAM 1928/6833MB (lfb 139x4MB) SWAP 155/3417MB (cached 1MB) CPU [10%@1420,5%@1420,10%@1420,61%@1420,0%@1420,0%@1420] EMC_FREQ 0% GR3D_FREQ 0% AUX@45.5C CPU@46.5C thermal@45.8C AO@45.5C GPU@45.5C PMIC@50C
1791263256.075466 10-06-2026 14:07:36 RAM 1928/6833MB (lfb 139x4MB) SWAP 155/3417MB (cached 1MB) CPU [15%@1420,9%@1420,0%@1420,94%@1420,5%@1420,0%@1420] EMC_FREQ 0% GR3D_FREQ 0% AUX@45.5C CPU@46.5C thermal@45.8C AO@45.5C GPU@45.5C PMIC@50C
1791263256.279168 10-06-2026 14:07:36 RAM 1945/6833MB (lfb 139x4MB) SWAP 155/3417MB (cached 1MB) CPU [9%@1420,5%@1420,10%@1420,95%@1420,0%@1420,9%@1420] EMC_FREQ 0% GR3D_FREQ 0% AUX@45.5C CPU@46.5C thermal@45.8C AO@45.5C GPU@45.5C PMIC@50C
1791263256.482496 10-06-2026 14:07:36 RAM 1973/6833MB (lfb 139x4MB) SWAP 155/3417MB (cached 1MB) CPU [5%@1420,0%@1420,5%@1420,100%@1420,5%@1420,9%@1420] EMC_FREQ 0% GR3D_FREQ 0% AUX@45.5C CPU@46.5C thermal@45.8C AO@45.5C GPU@45.5C PMIC@50C
1791263256.686143 10-06-2026 14:07:36 RAM 1980/6833MB (lfb 139x4MB) SWAP 155/3417MB (cached 1MB) CPU [13%@1420,9%@1420,9%@1420,68%@1420,5%@1420,14%@1420] EMC_FREQ 0% GR3D_FREQ 0% AUX@45.5C CPU@46.5C thermal@45.8C AO@45.5C GPU@45.5C PMIC@50C
1791263256.889711 10-06-2026 14:07:36 RAM 1996/6833MB (lfb 139x4MB) SWAP 155/3417MB (cached 1MB) CPU [5%@1420,0%@1420,10%@1420,5%@1190,9%@1190,5%@1190] EMC_FREQ 0% GR3D_FREQ 0% AUX@45.5C CPU@46.5C thermal@45.8C AO@45.5C GPU@45.5C PMIC@50C
1791263257.093508 10-06-2026 14:07:37 RAM 2014/6833MB (lfb 139x4MB) SWAP 155/3417MB (cached 1MB) CPU [5%@1190,13%@1190,0%@1190,0%@1190,15%@1190,13%@1190] EMC_FREQ 0% GR3D_FREQ 0% AUX@45.5C CPU@46.5C thermal@45.8C AO@45.5C GPU@45.5C PMIC@50C
1791263257.297317 10-06-2026 14:07:37 RAM 2030/6833MB (lfb 139x4MB) SWAP 155/3417MB (cached 1MB) CPU [10%@1420,0%@1420,4%@1420,9%@1420,14%@1420,20%@1420] EMC_FREQ 0% GR3D_FREQ 0% AUX@45.5C CPU@46.5C thermal@45.8C AO@45.5C GPU@45.5C PMIC@50C
1791263257.500947 10-06-2026 14:07:37 RAM 2048/6833MB (lfb 139x4MB) SWAP 155/3417MB (cached 1MB) CPU [15%@1190,10%@1420,0%@1420,0%@1420,10%@1420,14%@1420] EMC_FREQ 0% GR3D_FREQ 0% AUX@45.5C CPU@46.5C thermal@45.8C AO@45.5C GPU@45.5C PMIC@50C
1791263257.705253 10-06-2026 14:07:37 RAM 2098/6833MB (lfb 139x4MB) SWAP 155/3417MB (cached 1MB) CPU [18%@1267,10%@1267,0%@1267,5%@1267,21%@1267,15%@1267] EMC_FREQ 0% GR3D_FREQ 0% AUX@45.5C CPU@46.5C thermal@45.8C AO@45.5C GPU@45.5C PMIC@50C
1791263257.908728 10-06-2026 14:07:37 RAM 2230/6833MB (lfb 139x4MB) SWAP 155/3417MB (cached 1MB) CPU [10%@1420,5%@1420,5%@1420,9%@1420,30%@1420,30%@1420] EMC_FREQ 0% GR3D_FREQ 0% AUX@45.5C CPU@46.5C thermal@45.8C AO@45.5C GPU@45.5C PMIC@50C
1791263258.112719 10-06-2026 14:07:38 RAM 2257/6833MB (lfb 139x4MB) SWAP 155/3417MB (cached 1MB) CPU [15%@1190,5%@1190,0%@1190,0%@1190,15%@1190,26%@1190] EMC_FREQ 0% GR3D_FREQ 0% AUX@45.5C CPU@46.5C thermal@45.8C AO@45.5C GPU@46C PMIC@50C
1791263258.316816 10-06-2026 14:07:38 RAM 2273/6833MB (lfb 139x4MB) SWAP 155/3417MB (cached 1MB) CPU [5%@1420,14%@1420,0%@1420,5%@1420,5%@1420,5%@1420] EMC_FREQ 0% GR3D_FREQ 0% AUX@45.5C CPU@46.5C thermal@45.8C AO@45.5C GPU@45.5C PMIC@50C
1791263258.520877 10-06-2026 14:07:38 RAM 2289/6833MB (lfb 139x4MB) SWAP 155/3417MB (cached 1MB) CPU [13%@1190,9%@1190,9%@1190,9%@1190,9%@1190,5%@1190] EMC_FREQ 0% GR3D_FREQ 0% AUX@45.5C CPU@46.5C thermal@45.8C AO@45.5C GPU@46C PMIC@50C
1791263258.725309 10-06-2026 14:07:38 RAM 2303/6833MB (lfb 139x4MB) SWAP 155/3417MB (cached 1MB) CPU [0%@1420,0%@1420,14%@1420,10%@1420,5%@1420,13%@1420] EMC_FREQ 0% GR3D_FREQ 0% AUX@45.5C CPU@46C thermal@45.8C AO@46C GPU@45.5C PMIC@50C
1791263258.930377 10-06-2026 14:07:38 RAM 2704/6833MB (lfb 41x4MB) SWAP 155/3417MB (cached 1MB) CPU [9%@1420,5%@1420,0%@1420,10%@1420,5%@1420,60%@1420] EMC_FREQ 0% GR3D_FREQ 0% AUX@45.5C CPU@47C thermal@45.8C AO@45.5C GPU@46C PMIC@50C
1791263259.134160 10-06-2026 14:07:39 RAM 2982/6833MB (lfb 16x4MB) SWAP 155/3417MB (cached 1MB) CPU [0%@1420,4%@1420,15%@1420,5%@1420,4%@1420,100%@1420] EMC_FREQ 0% GR3D_FREQ 0% AUX@45.5C CPU@47C thermal@46.1C AO@45.5C GPU@45.5C PMIC@50C
1791263259.337986 10-06-2026 14:07:39 RAM 2984/6833MB (lfb 16x4MB) SWAP 155/3417MB (cached 1MB) CPU [5%@1420,10%@1420,10%@1420,0%@1420,5%@1420,100%@1420] EMC_FREQ 0% GR3D_FREQ 0% AUX@45.5C CPU@46.5C thermal@46.1C AO@46C GPU@45.5C PMIC@50C
1791263259.541965 10-06-2026 14:07:39 RAM 2989/6833MB (lfb 16x4MB) SWAP 155/3417MB (cached 1MB) CPU [4%@1420,9%@1420,10%@1420,22%@1420,4%@1420,100%@1420] EMC_FREQ 0% GR3D_FREQ 0% AUX@46C CPU@47C thermal@46.1C AO@45.5C GPU@45.5C PMIC@50C
1791263259.746530 10-06-2026 14:07:39 RAM 2991/6833MB (lfb 20x4MB) SWAP 155/3417MB (cached 1MB) CPU [5%@1420,4%@1420,13%@1420,15%@1420,4%@1420,100%@1420] EMC_FREQ 0% GR3D_FREQ 0% AUX@45.5C CPU@46.5C thermal@46.1C AO@46C GPU@46C PMIC@50C
1791263259.949776 10-06-2026 14:07:39 RAM 3011/6833MB (lfb 20x4MB) SWAP 155/3417MB (cached 1MB) CPU [42%@1420,10%@1420,10%@1420,0%@1420,5%@1420,100%@1420] EMC_FREQ 0% GR3D_FREQ 0% AUX@45.5C CPU@46.5C thermal@46.1C AO@46C GPU@46C PMIC@50C
1791263260.153427 10-06-2026 14:07:40 RAM 3121/6833MB (lfb 16x4MB) SWAP 155/3417MB (cached 1MB) CPU [26%@1420,5%@1420,35%@1420,10%@1420,0%@1420,100%@1420] EMC_FREQ 0% GR3D_FREQ 0% AUX@45.5C CPU@46.5C thermal@46.1C AO@46C GPU@46C PMIC@50C
1791263260.356844 10-06-2026 14:07:40 RAM 3194/6833MB (lfb 16x4MB) SWAP 155/3417MB (cached 1MB) CPU [54%@1420,5%@1420,52%@1420,10%@1420,5%@1420,100%@1420] EMC_FREQ 0% GR3D_FREQ 0% AUX@45.5C CPU@47C thermal@46.1C AO@46C GPU@46C PMIC@50C
1791263260.560713 10-06-2026 14:07:40 RAM 3329/6833MB (lfb 2x2MB) SWAP 155/3417MB (cached 1MB) CPU [68%@1420,10%@1420,0%@1420,21%@1420,10%@1420,100%@1420] EMC_FREQ 0% GR3D_FREQ 0% AUX@45.5C CPU@47C thermal@46.1C AO@46C GPU@46C PMIC@50C
1791263260.764035 10-06-2026 14:07:40 RAM 3328/6833MB (lfb 2x2MB) SWAP 155/3417MB (cached 1MB) CPU [5%@1420,5%@1420,0%@1420,10%@1420,4%@1420,100%@1420] EMC_FREQ 0% GR3D_FREQ 0% AUX@45.5C CPU@47C thermal@46.1C AO@45.5C GPU@46C PMIC@50C
1791263260.967314 10-06-2026 14:07:40 RAM 2328/6833MB (lfb 123x4MB) SWAP 155/3417MB (cached 1MB) CPU [13%@1420,5%@1420,4%@1420,4%@1420,4%@1420,100%@1420] EMC_FREQ 0% GR3D_FREQ 0% AUX@45.5C CPU@46.5C thermal@46.1C AO@46C GPU@46C PMIC@50C
1791263261.170729 10-06-2026 14:07:41 RAM 2356/6833MB (lfb 123x4MB) SWAP 155/3417MB (cached 1MB) CPU [9%@1420,10%@1420,9%@1420,9%@1420,95%@1420,9%@1420] EMC_FREQ 0% GR3D_FREQ 0% AUX@46C CPU@46.5C thermal@46.1C AO@46C GPU@46C PMIC@50C
1791263261.373941 10-06-2026 14:07:41 RAM 2388/6833MB (lfb 123x4MB) SWAP 155/3417MB (cached 1MB) CPU [5%@1420,15%@1420,0%@1420,5%@1420,100%@1420,0%@1420] EMC_FREQ 0% GR3D_FREQ 0% AUX@46C CPU@46.5C thermal@46.3C AO@46C GPU@46C PMIC@50C
1791263261.577339 10-06-2026 14:07:41 RAM 2418/6833MB (lfb 123x4MB) SWAP 155/3417MB (cached 1MB) CPU [5%@1420,14%@1420,17%@1420,5%@1420,100%@1420,0%@1420] EMC_FREQ 0% GR3D_FREQ 0% AUX@45.5C CPU@47C thermal@46.3C AO@46C GPU@46C PMIC@50C
1791263261.781057 10-06-2026 14:07:41 RAM 2449/6833MB (lfb 123x4MB) SWAP 155/3417MB (cached 1MB) CPU [9%@1420,18%@1420,0%@1420,9%@1420,100%@1420,0%@1420] EMC_FREQ 0% GR3D_FREQ 0% AUX@45.5C CPU@47C thermal@46.3C AO@46C GPU@46C PMIC@50C
1791263261.984202 10-06-2026 14:07:41 RAM 2480/6833MB (lfb 123x4MB) SWAP 155/3417MB (cached 1MB) CPU [5%@1420,10%@1420,0%@1420,0%@1420,100%@1420,4%@1420] EMC_FREQ 0% GR3D_FREQ 0% AUX@46C CPU@47C thermal@46.3C AO@46C GPU@46C PMIC@50C
1791263262.187426 10-06-2026 14:07:42 RAM 2510/6833MB (lfb 123x4MB) SWAP 155/3417MB (cached 1MB) CPU [9%@1420,14%@1420,5%@1420,5%@1420,100%@1420,0%@1420] EMC_FREQ 0% GR3D_FREQ 0% AUX@46C CPU@47C thermal@46.3C AO@45.5C GPU@46C PMIC@50C
1791263262.391213 10-06-2026 14:07:42 RAM 2542/6833MB (lfb 123x4MB) SWAP 155/3417MB (cached 1MB) CPU [5%@1420,10%@1420,0%@1420,5%@1420,100%@1420,0%@1420] EMC_FREQ 0% GR3D_FREQ 0% AUX@45.5C CPU@47C thermal@46.1C AO@46C GPU@46C PMIC@50C
1791263262.594515 10-06-2026 14:07:42 RAM 2572/6833MB (lfb 123x4MB) SWAP 155/3417MB (cached 1MB) CPU [9%@1420,15%@1420,0%@1420,4%@1420,100%@1420,0%@1420] EMC_FREQ 0% GR3D_FREQ 0% AUX@46C CPU@47C thermal@46.1C AO@46C GPU@46.5C PMIC@50C
1791263262.797889 10-06-2026 14:07:42 RAM 2604/6833MB (lfb 123x4MB) SWAP 155/3417MB (cached 1MB) CPU [10%@1420,10%@1420,9%@1420,4%@1420,100%@1420,0%@1420] EMC_FREQ 0% GR3D_FREQ 0% AUX@45.5C CPU@47C thermal@46.1C AO@45.5C GPU@46C PMIC@50C
1791263263.001611 10-06-2026 14:07:42 RAM 2634/6833MB (lfb 123x4MB) SWAP 155/3417MB (cached 1MB) CPU [5%@1420,14%@1420,0%@1420,5%@1420,100%@1420,0%@1420] EMC_FREQ 0% GR3D_FREQ 0% AUX@46C CPU@47C thermal@46.1C AO@46C GPU@46C PMIC@50C
1791263263.204797 10-06-2026 14:07:43 RAM 2659/6833MB (lfb 123x4MB) SWAP 155/3417MB (cached 1MB) CPU [23%@1420,5%@1420,5%@1420,5%@1420,100%@1420,0%@1420] EMC_FREQ 0% GR3D_FREQ 0% AUX@45.5C CPU@47C thermal@46.1C AO@46C GPU@46C PMIC@50C
1791263263.408093 10-06-2026 14:07:43 RAM 2688/6833MB (lfb 123x4MB) SWAP 155/3417MB (cached 1MB) CPU [10%@1420,5%@1420,4%@1420,9%@1420,100%@1420,0%@1420] EMC_FREQ 0% GR3D_FREQ 0% AUX@46C CPU@47C thermal@46.1C AO@46C GPU@46C PMIC@50C
1791263263.611454 10-06-2026 14:07:43 RAM 2716/6833MB (lfb 123x4MB) SWAP 155/3417MB (cached 1MB) CPU [10%@1420,4%@1420,9%@1420,9%@1420,100%@1420,0%@1420] EMC_FREQ 0% GR3D_FREQ 0% AUX@46C CPU@47C thermal@46.1C AO@46C GPU@46C PMIC@50C
1791263263.814662 10-06-2026 14:07:43 RAM 2746/6833MB (lfb 123x4MB) SWAP 155/3417MB (cached 1MB) CPU [14%@1420,10%@1420,0%@1420,0%@1420,100%@1420,0%@1420] EMC_FREQ 0% GR3D_FREQ 0% AUX@45.5C CPU@47C thermal@46.1C AO@46C GPU@46C PMIC@50C
1791263264.017849 10-06-2026 14:07:44 RAM 2775/6833MB (lfb 123x4MB) SWAP 155/3417MB (cached 1MB) CPU [15%@1420,66%@1420,0%@1420,5%@1420,100%@1420,10%@1420] EMC_FREQ 0% GR3D_FREQ 0% AUX@45.5C CPU@46.5C thermal@46.1C AO@46C GPU@46C PMIC@50C
1791263264.221089 10-06-2026 14:07:44 RAM 2811/6833MB (lfb 123x4MB) SWAP 155/3417MB (cached 1MB) CPU [5%@1420,0%@1420,4%@1420,0%@1420,100%@1420,5%@1420] EMC_FREQ 0% GR3D_FREQ 0% AUX@45.5C CPU@46.5C thermal@46.1C AO@45.5C GPU@46C PMIC@50C
1791263264.424476 10-06-2026 14:07:44 RAM 2897/6833MB (lfb 108x4MB) SWAP 155/3417MB (cached 1MB) CPU [9%@1420,9%@1420,5%@1420,13%@1420,100%@1420,4%@1420] EMC_FREQ 0% GR3D_FREQ 0% AUX@45.5C CPU@47C thermal@46.1C AO@46C GPU@46C PMIC@50C
1791263264.627772 10-06-2026 14:07:44 RAM 2897/6833MB (lfb 108x4MB) SWAP 155/3417MB (cached 1MB) CPU [5%@1420,18%@1420,0%@1420,5%@1420,100%@1420,9%@1420] EMC_FREQ 0% GR3D_FREQ 0% AUX@45.5C CPU@46.5C thermal@46.1C AO@45.5C GPU@46C PMIC@50C
1791263264.831218 10-06-2026 14:07:44 RAM 2897/6833MB (lfb 108x4MB) SWAP 155/3417MB (cached 1MB) CPU [5%@1420,18%@1420,0%@1420,0%@1420,100%@1420,0%@1420] EMC_FREQ 0% GR3D_FREQ 0% AUX@45.5C CPU@47C thermal@46.1C AO@45.5C GPU@46C PMIC@50C
1791263265.035480 10-06-2026 14:07:45 RAM 2897/6833MB (lfb 108x4MB) SWAP 155/3417MB (cached 1MB) CPU [28%@1420,15%@1420,5%@1420,13%@1420,100%@1420,9%@1420] EMC_FREQ 0% GR3D_FREQ 0% AUX@45.5C CPU@47C thermal@46.1C AO@46C GPU@46C PMIC@50C
1791263265.237938 10-06-2026 14:07:45 RAM 2897/6833MB (lfb 108x4MB) SWAP 155/3417MB (cached 1MB) CPU [45%@1420,15%@1420,9%@1420,9%@1420,100%@1420,0%@1420] EMC_FREQ 0% GR3D_FREQ 0% AUX@45.5C CPU@47C thermal@46.1C AO@46C GPU@46C PMIC@50C
1791263265.441070 10-06-2026 14:07:45 RAM 2897/6833MB (lfb 108x4MB) SWAP 155/3417MB (cached 1MB) CPU [10%@1420,9%@1420,0%@1420,0%@1420,100%@1420,0%@1420] EMC_FREQ 0% GR3D_FREQ 0% AUX@45.5C CPU@46.5C thermal@46.1C AO@46C GPU@45.5C PMIC@50C
1791263265.644633 10-06-2026 14:07:45 RAM 2897/6833MB (lfb 108x4MB) SWAP 155/3417MB (cached 1MB) CPU [14%@1420,0%@1420,0%@1420,4%@1420,100%@1420,0%@1420] EMC_FREQ 0% GR3D_FREQ 0% AUX@45.5C CPU@47C thermal@46.1C AO@46C GPU@45.5C PMIC@50C
1791263265.848382 10-06-2026 14:07:45 RAM 2897/6833MB (lfb 108x4MB) SWAP 155/3417MB (cached 1MB) CPU [14%@1420,5%@1420,5%@1420,10%@1420,100%@1420,0%@1420] EMC_FREQ 0% GR3D_FREQ 0% AUX@45.5C CPU@46.5C thermal@45.95C AO@46C GPU@45.5C PMIC@50C
1791263266.051632 10-06-2026 14:07:46 RAM 2897/6833MB (lfb 108x4MB) SWAP 155/3417MB (cached 1MB) CPU [5%@1420,9%@1420,14%@1420,0%@1420,100%@1420,4%@1420] EMC_FREQ 0% GR3D_FREQ 0% AUX@45.5C CPU@46.5C thermal@45.95C AO@45.5C GPU@46C PMIC@50C
1791263266.254872 10-06-2026 14:07:46 RAM 2897/6833MB (lfb 108x4MB) SWAP 155/3417MB (cached 1MB) CPU [10%@1420,5%@1420,5%@1420,0%@1420,100%@1420,0%@1420] EMC_FREQ 0% GR3D_FREQ 0% AUX@45.5C CPU@46.5C thermal@45.95C AO@46C GPU@45.5C PMIC@50C
1791263266.458042 10-06-2026 14:07:46 RAM 2897/6833MB (lfb 108x4MB) SWAP 155/3417MB (cached 1MB) CPU [9%@1420,0%@1420,10%@1420,4%@1420,100%@1420,4%@1420] EMC_FREQ 0% GR3D_FREQ 0% AUX@45.5C CPU@46.5C thermal@45.95C AO@45.5C GPU@46C PMIC@50C
1791263266.661184 10-06-2026 14:07:46 RAM 2897/6833MB (lfb 108x4MB) SWAP 155/3417MB (cached 1MB) CPU [5%@1420,13%@1420,9%@1420,5%@1420,100%@1420,0%@1420] EMC_FREQ 0% GR3D_FREQ 0% AUX@45.5C CPU@46.5C thermal@45.95C AO@46C GPU@45.5C PMIC@50C
1791263266.864604 10-06-2026 14:07:46 RAM 2897/6833MB (lfb 108x4MB) SWAP 155/3417MB (cached 1MB) CPU [0%@1420,0%@1420,5%@1420,0%@1420,100%@1420,0%@1420] EMC_FREQ 0% GR3D_FREQ 0% AUX@45.5C CPU@46.5C thermal@45.95C AO@46C GPU@46C PMIC@50C
1791263267.067777 10-06-2026 14:07:47 RAM 2897/6833MB (lfb 108x4MB) SWAP 155/3417MB (cached 1MB) CPU [5%@1420,9%@1420,9%@1420,18%@1420,100%@1420,0%@1420] EMC_FREQ 0% GR3D_FREQ 0% AUX@45.5C CPU@46.5C thermal@45.95C AO@45.5C GPU@45.5C PMIC@50C
1791263267.271127 10-06-2026 14:07:47 RAM 2898/6833MB (lfb 108x4MB) SWAP 155/3417MB (cached 1MB) CPU [65%@1420,36%@1420,40%@1420,38%@1420,68%@1420,40%@1420] EMC_FREQ 0% GR3D_FREQ 0% AUX@45.5C CPU@47C thermal@45.95C AO@45.5C GPU@45.5C PMIC@50C
1791263267.474574 10-06-2026 14:07:47 RAM 2921/6833MB (lfb 106x4MB) SWAP 155/3417MB (cached 1MB) CPU [21%@1420,90%@1420,10%@1420,5%@1420,0%@1420,0%@1420] EMC_FREQ 0% GR3D_FREQ 7% AUX@45.5C CPU@46.5C thermal@45.95C AO@45.5C GPU@45.5C PMIC@50C
1791263267.677900 10-06-2026 14:07:47 RAM 2951/6833MB (lfb 102x4MB) SWAP 155/3417MB (cached 1MB) CPU [9%@1420,84%@1420,10%@1420,4%@1420,5%@1420,20%@1420] EMC_FREQ 0% GR3D_FREQ 7% AUX@45.5C CPU@46.5C thermal@45.95C AO@46C GPU@46C PMIC@50C
1791263267.881179 10-06-2026 14:07:47 RAM 2983/6833MB (lfb 97x4MB) SWAP 155/3417MB (cached 1MB) CPU [95%@1420,10%@1420,14%@1420,0%@1420,4%@1420,0%@1420] EMC_FREQ 0% GR3D_FREQ 23% AUX@45.5C CPU@46.5C thermal@45.95C AO@45.5C GPU@45.5C PMIC@50C
1791263268.084453 10-06-2026 14:07:48 RAM 3006/6833MB (lfb 97x4MB) SWAP 155/3417MB (cached 1MB) CPU [94%@1420,5%@1420,5%@1420,5%@1420,5%@1420,0%@1420] EMC_FREQ 0% GR3D_FREQ 7% AUX@45.5C CPU@46.5C thermal@45.95C AO@45.5C GPU@46C PMIC@50C
1791263268.288917 10-06-2026 14:07:48 RAM 3045/6833MB (lfb 90x4MB) SWAP 155/3417MB (cached 1MB) CPU [100%@1420,0%@1420,14%@1420,9%@1420,0%@1420,0%@1420] EMC_FREQ 0% GR3D_FREQ 12% AUX@45.5C CPU@46.5C thermal@45.95C AO@45.5C GPU@45.5C PMIC@50C
1791263268.492328 10-06-2026 14:07:48 RAM 3085/6833MB (lfb 83x4MB) SWAP 155/3417MB (cached 1MB) CPU [95%@1420,9%@1420,0%@1420,5%@1420,0%@1420,4%@1420] EMC_FREQ 0% GR3D_FREQ 0% AUX@45.5C CPU@46.5C thermal@45.95C AO@45.5C GPU@45.5C PMIC@50C
1791263268.695594 10-06-2026 14:07:48 RAM 3115/6833MB (lfb 78x4MB) SWAP 155/3417MB (cached 1MB) CPU [90%@1420,9%@1420,30%@1420,14%@1420,9%@1420,5%@1420] EMC_FREQ 0% GR3D_FREQ 0% AUX@45.5C CPU@46.5C thermal@45.95C AO@45.5C GPU@45.5C PMIC@50C
1791263268.899171 10-06-2026 14:07:48 RAM 3146/6833MB (lfb 71x4MB) SWAP 155/3417MB (cached 1MB) CPU [100%@1420,5%@1420,45%@1420,14%@1420,9%@1420,17%@1420] EMC_FREQ 0% GR3D_FREQ 11% AUX@45.5C CPU@46.5C thermal@45.95C AO@45.5C GPU@45.5C PMIC@50C
1791263269.102371 10-06-2026 14:07:49 RAM 3188/6833MB (lfb 63x4MB) SWAP 155/3417MB (cached 1MB) CPU [100%@1420,5%@1420,5%@1420,5%@1420,5%@1420,5%@1420] EMC_FREQ 0% GR3D_FREQ 0% AUX@45.5C CPU@46.5C thermal@45.6C AO@45.5C GPU@45.5C PMIC@50C
1791263269.305652 10-06-2026 14:07:49 RAM 3208/6833MB (lfb 61x4MB) SWAP 155/3417MB (cached 1MB) CPU [21%@1420,66%@1420,0%@1420,9%@1420,60%@1420,15%@1420] EMC_FREQ 0% GR3D_FREQ 5% AUX@45.5C CPU@46.5C thermal@45.6C AO@45.5C GPU@45.5C PMIC@50C
1791263269.508821 10-06-2026 14:07:49 RAM 3232/6833MB (lfb 59x4MB) SWAP 155/3417MB (cached 1MB) CPU [5%@1420,0%@1420,19%@1420,10%@1420,55%@1420,42%@1420] EMC_FREQ 0% GR3D_FREQ 45% AUX@45.5C CPU@46.5C thermal@45.6C AO@45.5C GPU@45.5C PMIC@50C
1791263269.711995 10-06-2026 14:07:49 RAM 3260/6833MB (lfb 58x4MB) SWAP 155/3417MB (cached 1MB) CPU [4%@1420,9%@1420,14%@1420,0%@1420,90%@1420,0%@1420] EMC_FREQ 0% GR3D_FREQ 12% AUX@45.5C CPU@46.5C thermal@45.6C AO@45.5C GPU@45.5C PMIC@50C
1791263269.915208 10-06-2026 14:07:49 RAM 3299/6833MB (lfb 51x4MB) SWAP 155/3417MB (cached 1MB) CPU [5%@1420,9%@1420,5%@1420,10%@1420,90%@1420,4%@1420] EMC_FREQ 0% GR3D_FREQ 8% AUX@45.5C CPU@46.5C thermal@45.6C AO@45.5C GPU@45.5C PMIC@50C
1791263270.118389 10-06-2026 14:07:50 RAM 3329/6833MB (lfb 46x4MB) SWAP 155/3417MB (cached 1MB) CPU [5%@1420,9%@1420,5%@1420,0%@1420,100%@1420,0%@1420] EMC_FREQ 0% GR3D_FREQ 15% AUX@45.5C CPU@46.5C thermal@45.6C AO@45.5C GPU@45.5C PMIC@50C
1791263270.322494 10-06-2026 14:07:50 RAM 3362/6833MB (lfb 42x4MB) SWAP 155/3417MB (cached 1MB) CPU [13%@1420,9%@1420,4%@1420,70%@1420,90%@1420,5%@1420] EMC_FREQ 0% GR3D_FREQ 0% AUX@45.5C CPU@46.5C thermal@45.8C AO@45.5C GPU@45.5C PMIC@50C
1791263270.525944 10-06-2026 14:07:50 RAM 3393/6833MB (lfb 38x4MB) SWAP 155/3417MB (cached 1MB) CPU [0%@1420,5%@1420,0%@1420,10%@1420,95%@1420,13%@1420] EMC_FREQ 0% GR3D_FREQ 7% AUX@45.5C CPU@46.5C thermal@45.8C AO@45.5C GPU@45.5C PMIC@50C
1791263270.729177 10-06-2026 14:07:50 RAM 3422/6833MB (lfb 35x4MB) SWAP 155/3417MB (cached 1MB) CPU [9%@1420,0%@1420,9%@1420,0%@1420,94%@1420,5%@1420] EMC_FREQ 0% GR3D_FREQ 14% AUX@45C CPU@46.5C thermal@45.8C AO@45.5C GPU@45.5C PMIC@50C
1791263270.932600 10-06-2026 14:07:50 RAM 3225/6833MB (lfb 35x4MB) SWAP 155/3417MB (cached 1MB) CPU [19%@1420,5%@1420,4%@1420,4%@1420,76%@1420,0%@1420] EMC_FREQ 0% GR3D_FREQ 57% AUX@45C CPU@46.5C thermal@45.8C AO@45.5C GPU@45.5C PMIC@50C
1791263271.136013 10-06-2026 14:07:51 RAM 3300/6833MB (lfb 35x4MB) SWAP 155/3417MB (cached 1MB) CPU [20%@1420,9%@1420,5%@1420,9%@1420,81%@1420,4%@1420] EMC_FREQ 0% GR3D_FREQ 37% AUX@45.5C CPU@46.5C thermal@45.8C AO@45.5C GPU@45.5C PMIC@50C
1791263271.339336 10-06-2026 14:07:51 RAM 3288/6833MB (lfb 65x4MB) SWAP 155/3417MB (cached 1MB) CPU [10%@1420,5%@1420,0%@1420,5%@1420,82%@1420,5%@1420] EMC_FREQ 0% GR3D_FREQ 3% AUX@45C CPU@46.5C thermal@45.6C AO@45.5C GPU@45.5C PMIC@50C
1791263271.542598 10-06-2026 14:07:51 RAM 3332/6833MB (lfb 64x4MB) SWAP 155/3417MB (cached 1MB) CPU [14%@1420,0%@1420,0%@1420,5%@1420,90%@1420,0%@1420] EMC_FREQ 0% GR3D_FREQ 0% AUX@45.5C CPU@46.5C thermal@45.6C AO@45.5C GPU@45.5C PMIC@50C
1791263271.746199 10-06-2026 14:07:51 RAM 3331/6833MB (lfb 64x4MB) SWAP 155/3417MB (cached 1MB) CPU [5%@1190,5%@1190,4%@1190,0%@1190,5%@1190,20%@1190] EMC_FREQ 0% GR3D_FREQ 0% AUX@45.5C CPU@46C thermal@45.6C AO@45.5C GPU@45.5C PMIC@50C
1791263271.949647 10-06-2026 14:07:51 RAM 3331/6833MB (lfb 64x4MB) SWAP 155/3417MB (cached 1MB) CPU [10%@1190,9%@1190,5%@1190,0%@1190,4%@1190,17%@1190] EMC_FREQ 0% GR3D_FREQ 0% AUX@45.5C CPU@46C thermal@45.6C AO@45.5C GPU@45.5C PMIC@50C
1791263272.153152 10-06-2026 14:07:52 RAM 3331/6833MB (lfb 64x4MB) SWAP 155/3417MB (cached 1MB) CPU [9%@1420,0%@1420,0%@1420,4%@1420,10%@1420,15%@1420] EMC_FREQ 0% GR3D_FREQ 0% AUX@45.5C CPU@46C thermal@45.6C AO@45.5C GPU@45.5C PMIC@50C
1791263272.356381 10-06-2026 14:07:52 RAM 3331/6833MB (lfb 64x4MB) SWAP 155/3417MB (cached 1MB) CPU [9%@1420,9%@1420,5%@1420,9%@1420,18%@1420,75%@1420] EMC_FREQ 0% GR3D_FREQ 0% AUX@45C CPU@46.5C thermal@45.6C AO@45.5C GPU@45.5C PMIC@50C
1791263272.559514 10-06-2026 14:07:52 RAM 3365/6833MB (lfb 64x4MB) SWAP 155/3417MB (cached 1MB) CPU [5%@1420,0%@1420,5%@1420,10%@1420,57%@1420,42%@1420] EMC_FREQ 0% GR3D_FREQ 0% AUX@45.5C CPU@46C thermal@45.8C AO@45C GPU@45.5C PMIC@50C
1791263272.762733 10-06-2026 14:07:52 RAM 3396/6833MB (lfb 64x4MB) SWAP 155/3417MB (cached 1MB) CPU [5%@1420,5%@1420,0%@1420,0%@1420,100%@1420,9%@1420] EMC_FREQ 0% GR3D_FREQ 0% AUX@45C CPU@46C thermal@45.8C AO@45C GPU@45.5C PMIC@50C
1791263272.966063 10-06-2026 14:07:52 RAM 3414/6833MB (lfb 64x4MB) SWAP 155/3417MB (cached 1MB) CPU [9%@1420,5%@1420,4%@1420,5%@1420,36%@1420,57%@1420] EMC_FREQ 0% GR3D_FREQ 0% AUX@45C CPU@46C thermal@45.8C AO@45.5C GPU@45C PMIC@50C
1791263273.169527 10-06-2026 14:07:53 RAM 3439/6833MB (lfb 64x4MB) SWAP 155/3417MB (cached 1MB) CPU [5%@1420,0%@1420,5%@1420,5%@1420,10%@1420,94%@1420] EMC_FREQ 0% GR3D_FREQ 0% AUX@45C CPU@46C thermal@45.8C AO@45C GPU@45.5C PMIC@50C
1791263273.372829 10-06-2026 14:07:53 RAM 3478/6833MB (lfb 64x4MB) SWAP 155/3417MB (cached 1MB) CPU [5%@1420,5%@1420,5%@1420,4%@1420,25%@1420,76%@1420] EMC_FREQ 0% GR3D_FREQ 0% AUX@45C CPU@46C thermal@45.8C AO@45.5C GPU@45C PMIC@50C
1791263273.576072 10-06-2026 14:07:53 RAM 3496/6833MB (lfb 64x4MB) SWAP 155/3417MB (cached 1MB) CPU [5%@1420,4%@1420,5%@1420,10%@1420,14%@1420,95%@1420] EMC_FREQ 0% GR3D_FREQ 0% AUX@45C CPU@46C thermal@45.3C AO@45.5C GPU@45C PMIC@50C
1791263273.779251 10-06-2026 14:07:53 RAM 3512/6833MB (lfb 64x4MB) SWAP 155/3417MB (cached 1MB) CPU [5%@1420,5%@1420,5%@1420,5%@1420,36%@1420,60%@1420] EMC_FREQ 0% GR3D_FREQ 0% AUX@45C CPU@46C thermal@45.3C AO@45.5C GPU@45C PMIC@50C
1791263273.982517 10-06-2026 14:07:53 RAM 3520/6833MB (lfb 64x4MB) SWAP 155/3417MB (cached 1MB) CPU [13%@1420,0%@1420,9%@1420,5%@1420,45%@1420,54%@1420] EMC_FREQ 0% GR3D_FREQ 0% AUX@45C CPU@46C thermal@45.3C AO@45.5C GPU@45.5C PMIC@50C
1791263274.185824 10-06-2026 14:07:54 RAM 3544/6833MB (lfb 64x4MB) SWAP 155/3417MB (cached 1MB) CPU [0%@1420,0%@1420,0%@1420,5%@1420,15%@1420,90%@1420] EMC_FREQ 0% GR3D_FREQ 0% AUX@45C CPU@46C thermal@45.3C AO@45.5C GPU@45.5C PMIC@50C
1791263274.389102 10-06-2026 14:07:54 RAM 3560/6833MB (lfb 64x4MB) SWAP 155/3417MB (cached 1MB) CPU [0%@1420,16%@1420,13%@1420,0%@1420,80%@1420,25%@1420] EMC_FREQ 0% GR3D_FREQ 0% AUX@45C CPU@46C thermal@45.3C AO@45.5C GPU@45.5C PMIC@50C
1791263274.592630 10-06-2026 14:07:54 RAM 3657/6833MB (lfb 64x4MB) SWAP 155/3417MB (cached 1MB) CPU [9%@1420,9%@1420,9%@1420,9%@1420,80%@1420,23%@1420] EMC_FREQ 0% GR3D_FREQ 23% AUX@45C CPU@46C thermal@45.3C AO@45.5C GPU@45.5C PMIC@50C
1791263274.795903 10-06-2026 14:07:54 RAM 3657/6833MB (lfb 64x4MB) SWAP 155/3417MB (cached 1MB) CPU [14%@1420,5%@1420,5%@1420,0%@1420,9%@1420,88%@1420] EMC_FREQ 0% GR3D_FREQ 38% AUX@45C CPU@46.5C thermal@45.6C AO@45.5C GPU@45.5C PMIC@50C
1791263274.999248 10-06-2026 14:07:54 RAM 3332/6833MB (lfb 64x4MB) SWAP 155/3417MB (cached 1MB) CPU [0%@1420,5%@1420,0%@1420,4%@1420,5%@1420,95%@1420] EMC_FREQ 0% GR3D_FREQ 0% AUX@45C CPU@46C thermal@45.6C AO@45C GPU@45C PMIC@50C
1791263275.202462 10-06-2026 14:07:55 RAM 3331/6833MB (lfb 64x4MB) SWAP 155/3417MB (cached 1MB) CPU [5%@1420,0%@1420,5%@1420,9%@1420,5%@1420,100%@1420] EMC_FREQ 0% GR3D_FREQ 0% AUX@45C CPU@46C thermal@45.6C AO@45.5C GPU@45C PMIC@50C
1791263275.406019 10-06-2026 14:07:55 RAM 3329/6833MB (lfb 64x4MB) SWAP 155/3417MB (cached 1MB) CPU [5%@1420,9%@1420,65%@1420,65%@1420,27%@1420,20%@1420] EMC_FREQ 0% GR3D_FREQ 0% AUX@45C CPU@46C thermal@45.6C AO@45.5C GPU@45C PMIC@50C
1791263275.610256 10-06-2026 14:07:55 RAM 3332/6833MB (lfb 64x4MB) SWAP 155/3417MB (cached 1MB) CPU [5%@1420,14%@1420,5%@1420,4%@1420,88%@1420,0%@1420] EMC_FREQ 0% GR3D_FREQ 0% AUX@45C CPU@46C thermal@45.6C AO@45C GPU@45C PMIC@50C
1791263275.813918 10-06-2026 14:07:55 RAM 3334/6833MB (lfb 64x4MB) SWAP 155/3417MB (cached 1MB) CPU [14%@1420,4%@1420,5%@1420,5%@1420,15%@1420,76%@1420] EMC_FREQ 0% GR3D_FREQ 0% AUX@45C CPU@46C thermal@45.3C AO@45C GPU@45C PMIC@50C
1791263276.017150 10-06-2026 14:07:56 RAM 3333/6833MB (lfb 64x4MB) SWAP 155/3417MB (cached 1MB) CPU [0%@1420,0%@1420,5%@1420,5%@1420,80%@1420,15%@1420] EMC_FREQ 0% GR3D_FREQ 0% AUX@45C CPU@46C thermal@45.3C AO@45C GPU@45C PMIC@50C
1791263276.220822 10-06-2026 14:07:56 RAM 3332/6833MB (lfb 64x4MB) SWAP 155/3417MB (cached 1MB) CPU [18%@1420,5%@1420,11%@1420,10%@1420,15%@1420,5%@1420] EMC_FREQ 0% GR3D_FREQ 0% AUX@45C CPU@46C thermal@45.3C AO@45C GPU@45C PMIC@50C
1791263276.424333 10-06-2026 14:07:56 RAM 3332/6833MB (lfb 64x4MB) SWAP 155/3417MB (cached 1MB) CPU [14%@1420,0%@1420,10%@1420,73%@1420,10%@1420,5%@1420] EMC_FREQ 0% GR3D_FREQ 0% AUX@45C CPU@46C thermal@45.3C AO@45C GPU@45.5C PMIC@50C
1791263276.628474 10-06-2026 14:07:56 RAM 3332/6833MB (lfb 64x4MB) SWAP 155/3417MB (cached 1MB) CPU [0%@1420,4%@1420,4%@1420,95%@1420,9%@1420,5%@1420] EMC_FREQ 0% GR3D_FREQ 0% AUX@45C CPU@46C thermal@45.3C AO@45C GPU@45C PMIC@50C
1791263276.832527 10-06-2026 14:07:56 RAM 3332/6833MB (lfb 64x4MB) SWAP 155/3417MB (cached 1MB) CPU [5%@1190,0%@1190,9%@1190,72%@1190,9%@1190,18%@1190] EMC_FREQ 0% GR3D_FREQ 0% AUX@45C CPU@46C thermal@45.3C AO@45C GPU@45C PMIC@50C
1791263277.036018 10-06-2026 14:07:57 RAM 3332/6833MB (lfb 64x4MB) SWAP 155/3417MB (cached 1MB) CPU [14%@1420,14%@1420,42%@1420,14%@1420,14%@1420,0%@1420] EMC_FREQ 0% GR3D_FREQ 0% AUX@45C CPU@45.5C thermal@45.3C AO@45C GPU@45C PMIC@50C
1791263277.240266 10-06-2026 14:07:57 RAM 3576/6833MB (lfb 64x4MB) SWAP 155/3417MB (cached 1MB) CPU [0%@1420,9%@1420,95%@1420,9%@1420,14%@1420,4%@1420] EMC_FREQ 0% GR3D_FREQ 0% AUX@45C CPU@46C thermal@45.3C AO@45C GPU@45C PMIC@50C
1791263277.444746 10-06-2026 14:07:57 RAM 4064/6833MB (lfb 31x1MB) SWAP 155/3417MB (cached 1MB) CPU [15%@1420,10%@1420,100%@1420,9%@1420,0%@1420,5%@1420] EMC_FREQ 0% GR3D_FREQ 0% AUX@45C CPU@46C thermal@45.3C AO@45C GPU@45C PMIC@50C
1791263277.648477 10-06-2026 14:07:57 RAM 4126/6833MB (lfb 27x1MB) SWAP 155/3417MB (cached 1MB) CPU [5%@1420,5%@1420,100%@1420,0%@1420,10%@1420,9%@1420] EMC_FREQ 0% GR3D_FREQ 0% AUX@45C CPU@45.5C thermal@45.3C AO@45C GPU@45C PMIC@50C
1791263277.852303 10-06-2026 14:07:57 RAM 4190/6833MB (lfb 27x1MB) SWAP 155/3417MB (cached 1MB) CPU [0%@1420,9%@1420,100%@1420,5%@1420,9%@1420,4%@1420] EMC_FREQ 0% GR3D_FREQ 0% AUX@45C CPU@45.5C thermal@45.3C AO@45C GPU@45C PMIC@50C
1791263278.056597 10-06-2026 14:07:58 RAM 4193/6833MB (lfb 23x1MB) SWAP 155/3417MB (cached 1MB) CPU [21%@1420,35%@1420,100%@1420,5%@1420,15%@1420,55%@1420] EMC_FREQ 0% GR3D_FREQ 0% AUX@44.5C CPU@46C thermal@45.3C AO@45C GPU@45C PMIC@50C
1791263278.260902 10-06-2026 14:07:58 RAM 4163/6833MB (lfb 32x1MB) SWAP 155/3417MB (cached 1MB) CPU [5%@1420,33%@1420,100%@1420,25%@1420,14%@1420,20%@1420] EMC_FREQ 0% GR3D_FREQ 0% AUX@45C CPU@45.5C thermal@45.3C AO@45C GPU@45C PMIC@50C
1791263278.465291 10-06-2026 14:07:58 RAM 4153/6833MB (lfb 34x1MB) SWAP 155/3417MB (cached 1MB) CPU [10%@1420,10%@1420,100%@1420,13%@1420,18%@1420,5%@1420] EMC_FREQ 0% GR3D_FREQ 0% AUX@44.5C CPU@46C thermal@45.3C AO@45C GPU@45C PMIC@50C
1791263278.668988 10-06-2026 14:07:58 RAM 4153/6833MB (lfb 34x1MB) SWAP 155/3417MB (cached 1MB) CPU [0%@1420,5%@1420,14%@1420,5%@1420,90%@1420,10%@1420] EMC_FREQ 0% GR3D_FREQ 0% AUX@45C CPU@45.5C thermal@45.3C AO@45C GPU@44.5C PMIC@50C
1791263278.872182 10-06-2026 14:07:58 RAM 4153/6833MB (lfb 34x1MB) SWAP 155/3417MB (cached 1MB) CPU [9%@1420,4%@1420,0%@1420,9%@1420,100%@1420,9%@1420] EMC_FREQ 0% GR3D_FREQ 0% AUX@45C CPU@46C thermal@45.3C AO@45C GPU@45C PMIC@50C
1791263279.075504 10-06-2026 14:07:59 RAM 4153/6833MB (lfb 34x1MB) SWAP 155/3417MB (cached 1MB) CPU [0%@1420,5%@1420,4%@1420,5%@1420,100%@1420,10%@1420] EMC_FREQ 0% GR3D_FREQ 0% AUX@45C CPU@46C thermal@45.3C AO@45C GPU@45C PMIC@50C
1791263279.279213 10-06-2026 14:07:59 RAM 4153/6833MB (lfb 34x1MB) SWAP 155/3417MB (cached 1MB) CPU [4%@1420,5%@1420,5%@1420,5%@1420,100%@1420,5%@1420] EMC_FREQ 0% GR3D_FREQ 0% AUX@44.5C CPU@46C thermal@45.3C AO@45C GPU@45C PMIC@50C
1791263279.482461 10-06-2026 14:07:59 RAM 4153/6833MB (lfb 34x1MB) SWAP 155/3417MB (cached 1MB) CPU [0%@1420,5%@1420,0%@1420,4%@1420,100%@1420,14%@1420] EMC_FREQ 0% GR3D_FREQ 0% AUX@45C CPU@46C thermal@45.3C AO@45C GPU@45C PMIC@50C
1791263279.685784 10-06-2026 14:07:59 RAM 3150/6833MB (lfb 66x4MB) SWAP 155/3417MB (cached 1MB) CPU [9%@1420,4%@1420,9%@1420,0%@1420,100%@1420,10%@1420] EMC_FREQ 0% GR3D_FREQ 0% AUX@45C CPU@46C thermal@45.3C AO@45C GPU@45C PMIC@50C
1791263279.889012 10-06-2026 14:07:59 RAM 3150/6833MB (lfb 66x4MB) SWAP 155/3417MB (cached 1MB) CPU [9%@1420,14%@1420,5%@1420,68%@1420,100%@1420,18%@1420] EMC_FREQ 0% GR3D_FREQ 0% AUX@45C CPU@46C thermal@45.3C AO@45C GPU@45C PMIC@50C
1791263280.092421 10-06-2026 14:08:00 RAM 3150/6833MB (lfb 66x4MB) SWAP 155/3417MB (cached 1MB) CPU [10%@1420,10%@1420,0%@1420,0%@1420,100%@1420,0%@1420] EMC_FREQ 0% GR3D_FREQ 0% AUX@44.5C CPU@45.5C thermal@45.3C AO@45C GPU@45C PMIC@50C
1791263280.295602 10-06-2026 14:08:00 RAM 3161/6833MB (lfb 66x4MB) SWAP 155/3417MB (cached 1MB) CPU [14%@1420,0%@1420,0%@1420,4%@1420,100%@1420,5%@1420] EMC_FREQ 0% GR3D_FREQ 0% AUX@45C CPU@45.5C thermal@45.15C AO@45C GPU@45C PMIC@50C
1791263280.499316 10-06-2026 14:08:00 RAM 3189/6833MB (lfb 66x4MB) SWAP 155/3417MB (cached 1MB) CPU [5%@1420,13%@1420,0%@1420,9%@1420,100%@1420,5%@1420] EMC_FREQ 0% GR3D_FREQ 0% AUX@45C CPU@45.5C thermal@45.15C AO@45C GPU@45C PMIC@50C
1791263280.703380 10-06-2026 14:08:00 RAM 3221/6833MB (lfb 66x4MB) SWAP 155/3417MB (cached 1MB) CPU [14%@1420,5%@1420,5%@1420,45%@1420,100%@1420,0%@1420] EMC_FREQ 0% GR3D_FREQ 0% AUX@45C CPU@45.5C thermal@45.15C AO@45C GPU@45C PMIC@50C
1791263280.906922 10-06-2026 14:08:00 RAM 3251/6833MB (lfb 66x4MB) SWAP 155/3417MB (cached 1MB) CPU [14%@1420,5%@1420,4%@1420,20%@1420,100%@1420,5%@1420] EMC_FREQ 0% GR3D_FREQ 0% AUX@44.5C CPU@45.5C thermal@45.15C AO@45C GPU@45C PMIC@50C
1791263281.110285 10-06-2026 14:08:01 RAM 3282/6833MB (lfb 66x4MB) SWAP 155/3417MB (cached 1MB) CPU [10%@1420,5%@1420,5%@1420,4%@1420,100%@1420,5%@1420] EMC_FREQ 0% GR3D_FREQ 0% AUX@44.5C CPU@45.5C thermal@45.15C AO@45C GPU@45C PMIC@50C
1791263281.313540 10-06-2026 14:08:01 RAM 3316/6833MB (lfb 66x4MB) SWAP 155/3417MB (cached 1MB) CPU [10%@1420,9%@1420,0%@1420,0%@1420,100%@1420,4%@1420] EMC_FREQ 0% GR3D_FREQ 0% AUX@44.5C CPU@45.5C thermal@45.15C AO@45C GPU@44.5C PMIC@50C
1791263281.516901 10-06-2026 14:08:01 RAM 3346/6833MB (lfb 66x4MB) SWAP 155/3417MB (cached 1MB) CPU [14%@1420,9%@1420,4%@1420,0%@1420,100%@1420,0%@1420] EMC_FREQ 0% GR3D_FREQ 0% AUX@44.5C CPU@45.5C thermal@45C AO@45C GPU@45C PMIC@50C
1791263281.720461 10-06-2026 14:08:01 RAM 3378/6833MB (lfb 66x4MB) SWAP 155/3417MB (cached 1MB) CPU [0%@1420,5%@1420,13%@1420,5%@1420,100%@1420,0%@1420] EMC_FREQ 0% GR3D_FREQ 0% AUX@45C CPU@45.5C thermal@45C AO@44.5C GPU@44.5C PMIC@50C
1791263281.923684 10-06-2026 14:08:01 RAM 3405/6833MB (lfb 66x4MB) SWAP 155/3417MB (cached 1MB) CPU [9%@1420,5%@1420,0%@1420,10%@1420,100%@1420,0%@1420] EMC_FREQ 0% GR3D_FREQ 0% AUX@45C CPU@45.5C thermal@45C AO@44.5C GPU@45C PMIC@50C
1791263282.127039 10-06-2026 14:08:02 RAM 3433/6833MB (lfb 66x4MB) SWAP 155/3417MB (cached 1MB) CPU [0%@1420,5%@1420,9%@1420,9%@1420,100%@1420,9%@1420] EMC_FREQ 0% GR3D_FREQ 0% AUX@44.5C CPU@45.5C thermal@45C AO@44.5C GPU@44.5C PMIC@50C
1791263282.330282 10-06-2026 14:08:02 RAM 3461/6833MB (lfb 66x4MB) SWAP 155/3417MB (cached 1MB) CPU [9%@1420,14%@1420,9%@1420,5%@1420,100%@1420,0%@1420] EMC_FREQ 0% GR3D_FREQ 0% AUX@45C CPU@45.5C thermal@45C AO@45C GPU@45C PMIC@50C
1791263282.533766 10-06-2026 14:08:02 RAM 3488/6833MB (lfb 66x4MB) SWAP 155/3417MB (cached 1MB) CPU [10%@1420,0%@1420,0%@1420,5%@1420,100%@1420,0%@1420] EMC_FREQ 0% GR3D_FREQ 0% AUX@44.5C CPU@45.5C thermal@44.8C AO@44.5C GPU@44.5C PMIC@50C
1791263282.737120 10-06-2026 14:08:02 RAM 3517/6833MB (lfb 63x4MB) SWAP 155/3417MB (cached 1MB) CPU [19%@1420,9%@1420,5%@1420,9%@1420,100%@1420,0%@1420] EMC_FREQ 0% GR3D_FREQ 0% AUX@45C CPU@45.5C thermal@44.8C AO@44.5C GPU@44.5C PMIC@50C
1791263282.940409 10-06-2026 14:08:02 RAM 3574/6833MB (lfb 49x4MB) SWAP 155/3417MB (cached 1MB) CPU [5%@1420,14%@1420,0%@1420,0%@1420,100%@1420,5%@1420] EMC_FREQ 0% GR3D_FREQ 0% AUX@44.5C CPU@45.5C thermal@44.8C AO@45C GPU@45C PMIC@50C
1791263283.143890 10-06-2026 14:08:03 RAM 3630/6833MB (lfb 35x4MB) SWAP 155/3417MB (cached 1MB) CPU [9%@1420,10%@1420,0%@1420,0%@1420,100%@1420,0%@1420] EMC_FREQ 0% GR3D_FREQ 0% AUX@44.5C CPU@45.5C thermal@44.8C AO@44.5C GPU@45C PMIC@50C
1791263283.347381 10-06-2026 14:08:03 RAM 3630/6833MB (lfb 35x4MB) SWAP 155/3417MB (cached 1MB) CPU [10%@1420,14%@1420,9%@1420,0%@1420,100%@1420,4%@1420] EMC_FREQ 0% GR3D_FREQ 0% AUX@44.5C CPU@45.5C thermal@44.8C AO@44.5C GPU@44.5C PMIC@50C
1791263283.550705 10-06-2026 14:08:03 RAM 3630/6833MB (lfb 35x4MB) SWAP 155/3417MB (cached 1MB) CPU [5%@1420,9%@1420,9%@1420,0%@1420,100%@1420,0%@1420] EMC_FREQ 0% GR3D_FREQ 0% AUX@44.5C CPU@45.5C thermal@44.8C AO@45C GPU@44.5C PMIC@50C
1791263283.756654 10-06-2026 14:08:03 RAM 3630/6833MB (lfb 35x4MB) SWAP 155/3417MB (cached 1MB) CPU [13%@1420,5%@1420,5%@1420,4%@1420,100%@1420,0%@1420] EMC_FREQ 0% GR3D_FREQ 0% AUX@44.5C CPU@45.5C thermal@44.8C AO@44.5C GPU@44.5C PMIC@50C
1791263283.959991 10-06-2026 14:08:03 RAM 3630/6833MB (lfb 35x4MB) SWAP 155/3417MB (cached 1MB) CPU [0%@1420,15%@1420,0%@1420,0%@1420,100%@1420,0%@1420] EMC_FREQ 0% GR3D_FREQ 0% AUX@44.5C CPU@45.5C thermal@44.8C AO@44.5C GPU@45C PMIC@50C
1791263284.163187 10-06-2026 14:08:04 RAM 3630/6833MB (lfb 35x4MB) SWAP 155/3417MB (cached 1MB) CPU [0%@1420,9%@1420,9%@1420,5%@1420,100%@1420,0%@1420] EMC_FREQ 0% GR3D_FREQ 0% AUX@44.5C CPU@45.5C thermal@44.8C AO@44.5C GPU@44.5C PMIC@50C
1791263284.366678 10-06-2026 14:08:04 RAM 3630/6833MB (lfb 35x4MB) SWAP 155/3417MB (cached 1MB) CPU [10%@1420,5%@1420,9%@1420,5%@1420,100%@1420,0%@1420] EMC_FREQ 0% GR3D_FREQ 0% AUX@44.5C CPU@45.5C thermal@44.8C AO@44.5C GPU@44.5C PMIC@50C
1791263284.570069 10-06-2026 14:08:04 RAM 3630/6833MB (lfb 35x4MB) SWAP 155/3417MB (cached 1MB) CPU [22%@1420,0%@1420,5%@1420,0%@1420,100%@1420,9%@1420] EMC_FREQ 0% GR3D_FREQ 0% AUX@44.5C CPU@45.5C thermal@44.8C AO@44.5C GPU@44.5C PMIC@50C
1791263284.773244 10-06-2026 14:08:04 RAM 3630/6833MB (lfb 35x4MB) SWAP 155/3417MB (cached 1MB) CPU [5%@1420,13%@1420,0%@1420,13%@1420,100%@1420,0%@1420] EMC_FREQ 0% GR3D_FREQ 0% AUX@44.5C CPU@45.5C thermal@44.8C AO@45C GPU@44.5C PMIC@50C
1791263284.977778 10-06-2026 14:08:04 RAM 3630/6833MB (lfb 35x4MB) SWAP 155/3417MB (cached 1MB) CPU [14%@1420,4%@1420,5%@1420,5%@1420,100%@1420,4%@1420] EMC_FREQ 0% GR3D_FREQ 0% AUX@44.5C CPU@45.5C thermal@44.8C AO@44.5C GPU@44.5C PMIC@50C
1791263285.181635 10-06-2026 14:08:05 RAM 3630/6833MB (lfb 35x4MB) SWAP 155/3417MB (cached 1MB) CPU [10%@1420,5%@1420,70%@1420,9%@1420,100%@1420,4%@1420] EMC_FREQ 0% GR3D_FREQ 0% AUX@44.5C CPU@45.5C thermal@44.8C AO@44.5C GPU@44.5C PMIC@50C
1791263285.384910 10-06-2026 14:08:05 RAM 3630/6833MB (lfb 35x4MB) SWAP 155/3417MB (cached 1MB) CPU [14%@1420,0%@1420,9%@1420,0%@1420,100%@1420,4%@1420] EMC_FREQ 0% GR3D_FREQ 0% AUX@44.5C CPU@45.5C thermal@44.8C AO@45C GPU@44.5C PMIC@50C
1791263285.588740 10-06-2026 14:08:05 RAM 3631/6833MB (lfb 35x4MB) SWAP 155/3417MB (cached 1MB) CPU [26%@1420,33%@1420,28%@1420,25%@1420,94%@1420,25%@1420] EMC_FREQ 0% GR3D_FREQ 0% AUX@44.5C CPU@46C thermal@44.8C AO@44.5C GPU@44.5C PMIC@50C
1791263285.792606 10-06-2026 14:08:05 RAM 3391/6833MB (lfb 61x4MB) SWAP 155/3417MB (cached 1MB) CPU [27%@1420,23%@1420,19%@1420,45%@1420,95%@1420,20%@1420] EMC_FREQ 0% GR3D_FREQ 0% AUX@44.5C CPU@45.5C thermal@44.8C AO@44.5C GPU@44.5C PMIC@50C
1791263285.995749 10-06-2026 14:08:05 RAM 3151/6833MB (lfb 61x4MB) SWAP 155/3417MB (cached 1MB) CPU [0%@1420,5%@1420,10%@1420,35%@1420,10%@1420,95%@1420] EMC_FREQ 0% GR3D_FREQ 0% AUX@44.5C CPU@45.5C thermal@44.8C AO@44.5C GPU@44.5C PMIC@50C
1791263286.199127 10-06-2026 14:08:06 RAM 3150/6833MB (lfb 61x4MB) SWAP 155/3417MB (cached 1MB) CPU [19%@1420,0%@1420,5%@1420,5%@1420,60%@1420,26%@1420] EMC_FREQ 0% GR3D_FREQ 0% AUX@44.5C CPU@45.5C thermal@44.8C AO@44.5C GPU@44.5C PMIC@50C
1791263286.402980 10-06-2026 14:08:06 RAM 3150/6833MB (lfb 61x4MB) SWAP 155/3417MB (cached 1MB) CPU [5%@1420,14%@1420,9%@1420,4%@1420,57%@1420,35%@1420] EMC_FREQ 0% GR3D_FREQ 0% AUX@44C CPU@45.5C thermal@44.8C AO@44.5C GPU@44.5C PMIC@50C
1791263286.606313 10-06-2026 14:08:06 RAM 3150/6833MB (lfb 61x4MB) SWAP 155/3417MB (cached 1MB) CPU [9%@1420,5%@1420,5%@1420,14%@1420,0%@1420,94%@1420] EMC_FREQ 0% GR3D_FREQ 0% AUX@44.5C CPU@45.5C thermal@44.8C AO@44.5C GPU@44.5C PMIC@50C
1791263286.809635 10-06-2026 14:08:06 RAM 3150/6833MB (lfb 61x4MB) SWAP 155/3417MB (cached 1MB) CPU [0%@1420,14%@1420,9%@1420,5%@1420,73%@1420,9%@1420] EMC_FREQ 0% GR3D_FREQ 0% AUX@44.5C CPU@45C thermal@44.8C AO@44.5C GPU@44.5C PMIC@50C
1791263287.012814 10-06-2026 14:08:07 RAM 3150/6833MB (lfb 61x4MB) SWAP 155/3417MB (cached 1MB) CPU [9%@1420,5%@1420,0%@1420,14%@1420,15%@1420,76%@1420] EMC_FREQ 0% GR3D_FREQ 0% AUX@44.5C CPU@45C thermal@44.8C AO@44.5C GPU@44.5C PMIC@50C
1791263287.216140 10-06-2026 14:08:07 RAM 3150/6833MB (lfb 61x4MB) SWAP 155/3417MB (cached 1MB) CPU [18%@1420,52%@1420,5%@1420,9%@1420,5%@1420,20%@1420] EMC_FREQ 0% GR3D_FREQ 0% AUX@44.5C CPU@45C thermal@44.8C AO@44.5C GPU@44.5C PMIC@50C
1791263287.419896 10-06-2026 14:08:07 RAM 3151/6833MB (lfb 61x4MB) SWAP 155/3417MB (cached 1MB) CPU [63%@1420,26%@1420,10%@1420,5%@1420,0%@1420,4%@1420] EMC_FREQ 0% GR3D_FREQ 0% AUX@44.5C CPU@45C thermal@44.8C AO@44.5C GPU@44.5C PMIC@50C
1791263287.623025 10-06-2026 14:08:07 RAM 3151/6833MB (lfb 61x4MB) SWAP 155/3417MB (cached 1MB) CPU [20%@1420,73%@1420,10%@1420,0%@1420,9%@1420,0%@1420] EMC_FREQ 0% GR3D_FREQ 0% AUX@44.5C CPU@45C thermal@44.8C AO@44.5C GPU@44.5C PMIC@50C
1791263287.826217 10-06-2026 14:08:07 RAM 3151/6833MB (lfb 61x4MB) SWAP 155/3417MB (cached 1MB) CPU [77%@1420,10%@1420,10%@1420,9%@1420,0%@1420,9%@1420] EMC_FREQ 0% GR3D_FREQ 0% AUX@44.5C CPU@45C thermal@44.8C AO@44.5C GPU@44.5C PMIC@50C
1791263288.029503 10-06-2026 14:08:08 RAM 3151/6833MB (lfb 61x4MB) SWAP 155/3417MB (cached 1MB) CPU [78%@1420,15%@1420,10%@1420,5%@1420,0%@1420,0%@1420] EMC_FREQ 0% GR3D_FREQ 0% AUX@44.5C CPU@45C thermal@44.8C AO@44.5C GPU@44.5C PMIC@50C
1791263288.232784 10-06-2026 14:08:08 RAM 3150/6833MB (lfb 61x4MB) SWAP 155/3417MB (cached 1MB) CPU [14%@1420,85%@1420,9%@1420,13%@1420,5%@1420,9%@1420] EMC_FREQ 0% GR3D_FREQ 0% AUX@44C CPU@45C thermal@44.65C AO@44.5C GPU@44.5C PMIC@50C
1791263288.436019 10-06-2026 14:08:08 RAM 3150/6833MB (lfb 61x4MB) SWAP 155/3417MB (cached 1MB) CPU [83%@1420,5%@1420,9%@1420,0%@1420,5%@1420,0%@1420] EMC_FREQ 0% GR3D_FREQ 0% AUX@44C CPU@45.5C thermal@44.65C AO@44.5C GPU@44.5C PMIC@50C
1791263288.639299 10-06-2026 14:08:08 RAM 3150/6833MB (lfb 61x4MB) SWAP 155/3417MB (cached 1MB) CPU [23%@1420,65%@1420,5%@1420,0%@1420,4%@1420,0%@1420] EMC_FREQ 0% GR3D_FREQ 0% AUX@44C CPU@45C thermal@44.65C AO@44.5C GPU@44.5C PMIC@50C
1791263288.842473 10-06-2026 14:08:08 RAM 3150/6833MB (lfb 61x4MB) SWAP 155/3417MB (cached 1MB) CPU [60%@1420,45%@1420,10%@1420,0%@1420,0%@1420,4%@1420] EMC_FREQ 0% GR3D_FREQ 0% AUX@44C CPU@45C thermal@44.65C AO@44.5C GPU@44.5C PMIC@50C
1791263289.045834 10-06-2026 14:08:09 RAM 3162/6833MB (lfb 61x4MB) SWAP 155/3417MB (cached 1MB) CPU [77%@1420,15%@1420,0%@1420,5%@1420,0%@1420,0%@1420] EMC_FREQ 0% GR3D_FREQ 22% AUX@44.5C CPU@45C thermal@44.65C AO@44.5C GPU@44.5C PMIC@50C
1791263289.251086 10-06-2026 14:08:09 RAM 3184/6833MB (lfb 61x4MB) SWAP 155/3417MB (cached 1MB) CPU [73%@1190,9%@1190,9%@1190,13%@1190,9%@1190,9%@1190] EMC_FREQ 0% GR3D_FREQ 0% AUX@44.5C CPU@45C thermal@44.65C AO@44.5C GPU@44.5C PMIC@50C
1791263289.454766 10-06-2026 14:08:09 RAM 3320/6833MB (lfb 61x4MB) SWAP 155/3417MB (cached 1MB) CPU [4%@1420,10%@1420,35%@1420,5%@1420,31%@1420,35%@1420] EMC_FREQ 0% GR3D_FREQ 0% AUX@44.5C CPU@45.5C thermal@44.65C AO@44.5C GPU@44.5C PMIC@50C
1791263289.657985 10-06-2026 14:08:09 RAM 3320/6833MB (lfb 61x4MB) SWAP 155/3417MB (cached 1MB) CPU [21%@1420,66%@1420,10%@1420,9%@1420,4%@1420,5%@1420] EMC_FREQ 0% GR3D_FREQ 0% AUX@44.5C CPU@45C thermal@44.65C AO@44.5C GPU@44.5C PMIC@50C
1791263289.861277 10-06-2026 14:08:09 RAM 3316/6833MB (lfb 38x4MB) SWAP 155/3417MB (cached 1MB) CPU [90%@1420,15%@1420,0%@1420,0%@1420,4%@1420,13%@1420] EMC_FREQ 0% GR3D_FREQ 0% AUX@44C CPU@45C thermal@44.65C AO@44.5C GPU@44.5C PMIC@50C
1791263290.065066 10-06-2026 14:08:10 RAM 3316/6833MB (lfb 38x4MB) SWAP 155/3417MB (cached 1MB) CPU [100%@1420,0%@1420,10%@1420,10%@1420,0%@1420,4%@1420] EMC_FREQ 0% GR3D_FREQ 0% AUX@44.5C CPU@45.5C thermal@44.65C AO@44.5C GPU@44.5C PMIC@50C
1791263290.268379 10-06-2026 14:08:10 RAM 3316/6833MB (lfb 38x4MB) SWAP 155/3417MB (cached 1MB) CPU [100%@1420,10%@1420,61%@1420,5%@1420,5%@1420,5%@1420] EMC_FREQ 0% GR3D_FREQ 0% AUX@44.5C CPU@45C thermal@44.65C AO@44.5C GPU@44.5C PMIC@50C
1791263290.471558 10-06-2026 14:08:10 RAM 3316/6833MB (lfb 38x4MB) SWAP 155/3417MB (cached 1MB) CPU [90%@1420,10%@1420,9%@1420,0%@1420,4%@1420,5%@1420] EMC_FREQ 0% GR3D_FREQ 0% AUX@44.5C CPU@45C thermal@44.45C AO@44.5C GPU@44.5C PMIC@50C
1791263290.674826 10-06-2026 14:08:10 RAM 3316/6833MB (lfb 38x4MB) SWAP 155/3417MB (cached 1MB) CPU [72%@1420,36%@1420,4%@1420,9%@1420,5%@1420,4%@1420] EMC_FREQ 0% GR3D_FREQ 0% AUX@44C CPU@45C thermal@44.45C AO@44.5C GPU@44.5C PMIC@50C
1791263290.878093 10-06-2026 14:08:10 RAM 3316/6833MB (lfb 38x4MB) SWAP 155/3417MB (cached 1MB) CPU [23%@1420,61%@1420,5%@1420,5%@1420,5%@1420,5%@1420] EMC_FREQ 0% GR3D_FREQ 0% AUX@44.5C CPU@45C thermal@44.45C AO@44.5C GPU@44.5C PMIC@50C
1791263291.081630 10-06-2026 14:08:11 RAM 3316/6833MB (lfb 38x4MB) SWAP 155/3417MB (cached 1MB) CPU [15%@1420,75%@1420,4%@1420,5%@1420,9%@1420,5%@1420] EMC_FREQ 0% GR3D_FREQ 0% AUX@44C CPU@45C thermal@44.45C AO@44.5C GPU@44.5C PMIC@50C
1791263291.284925 10-06-2026 14:08:11 RAM 3316/6833MB (lfb 38x4MB) SWAP 155/3417MB (cached 1MB) CPU [28%@1420,55%@1420,9%@1420,5%@1420,10%@1420,9%@1420] EMC_FREQ 0% GR3D_FREQ 2% AUX@44C CPU@45C thermal@44.45C AO@44C GPU@44.5C PMIC@50C
1791263291.488261 10-06-2026 14:08:11 RAM 3316/6833MB (lfb 38x4MB) SWAP 155/3417MB (cached 1MB) CPU [71%@1420,25%@1420,4%@1420,4%@1420,10%@1420,10%@1420] EMC_FREQ 0% GR3D_FREQ 8% AUX@44C CPU@45C thermal@44.45C AO@44C GPU@44.5C PMIC@50C
1791263291.691494 10-06-2026 14:08:11 RAM 3316/6833MB (lfb 38x4MB) SWAP 155/3417MB (cached 1MB) CPU [0%@1420,77%@1420,5%@1420,5%@1420,9%@1420,10%@1420] EMC_FREQ 0% GR3D_FREQ 0% AUX@44C CPU@45C thermal@44.45C AO@44.5C GPU@44.5C PMIC@50C
1791263291.894671 10-06-2026 14:08:11 RAM 3316/6833MB (lfb 38x4MB) SWAP 155/3417MB (cached 1MB) CPU [80%@1420,0%@1420,5%@1420,5%@1420,0%@1420,14%@1420] EMC_FREQ 0% GR3D_FREQ 0% AUX@44C CPU@45C thermal@44.45C AO@44C GPU@44.5C PMIC@50C
1791263292.098012 10-06-2026 14:08:12 RAM 3316/6833MB (lfb 38x4MB) SWAP 155/3417MB (cached 1MB) CPU [5%@1420,85%@1420,5%@1420,10%@1420,0%@1420,5%@1420] EMC_FREQ 0% GR3D_FREQ 0% AUX@44C CPU@45C thermal@44.45C AO@44.5C GPU@44.5C PMIC@50C
1791263292.301388 10-06-2026 14:08:12 RAM 3316/6833MB (lfb 38x4MB) SWAP 155/3417MB (cached 1MB) CPU [47%@1420,42%@1420,0%@1420,5%@1420,10%@1420,9%@1420] EMC_FREQ 0% GR3D_FREQ 5% AUX@44C CPU@45C thermal@44.45C AO@44C GPU@44.5C PMIC@50C
1791263292.504559 10-06-2026 14:08:12 RAM 3316/6833MB (lfb 38x4MB) SWAP 155/3417MB (cached 1MB) CPU [10%@1420,84%@1420,9%@1420,9%@1420,14%@1420,5%@1420] EMC_FREQ 0% GR3D_FREQ 0% AUX@44C CPU@45C thermal@44.45C AO@44C GPU@44.5C PMIC@50C
1791263292.707703 10-06-2026 14:08:12 RAM 3316/6833MB (lfb 38x4MB) SWAP 155/3417MB (cached 1MB) CPU [80%@1420,4%@1420,5%@1420,4%@1420,5%@1420,0%@1420] EMC_FREQ 0% GR3D_FREQ 0% AUX@44C CPU@44.5C thermal@44.45C AO@44C GPU@44.5C PMIC@50C
1791263292.911049 10-06-2026 14:08:12 RAM 3318/6833MB (lfb 38x4MB) SWAP 155/3417MB (cached 1MB) CPU [90%@1420,10%@1420,0%@1420,5%@1420,5%@1420,5%@1420] EMC_FREQ 0% GR3D_FREQ 0% AUX@44C CPU@45C thermal@44.45C AO@44C GPU@44.5C PMIC@50C
1791263293.114608 10-06-2026 14:08:13 RAM 3322/6833MB (lfb 38x4MB) SWAP 155/3417MB (cached 1MB) CPU [15%@1420,80%@1420,9%@1420,9%@1420,4%@1420,9%@1420] EMC_FREQ 0% GR3D_FREQ 79% AUX@44C CPU@45C thermal@44.45C AO@44C GPU@44.5C PMIC@50C
1791263293.318683 10-06-2026 14:08:13 RAM 3322/6833MB (lfb 38x4MB) SWAP 155/3417MB (cached 1MB) CPU [5%@1420,80%@1420,5%@1420,9%@1420,0%@1420,0%@1420] EMC_FREQ 0% GR3D_FREQ 0% AUX@44C CPU@45C thermal@44.45C AO@44.5C GPU@44.5C PMIC@50C
1791263293.521888 10-06-2026 14:08:13 RAM 3326/6833MB (lfb 38x4MB) SWAP 155/3417MB (cached 1MB) CPU [90%@1420,9%@1420,5%@1420,5%@1420,9%@1420,5%@1420] EMC_FREQ 0% GR3D_FREQ 0% AUX@44C CPU@45C thermal@44.45C AO@44C GPU@44C PMIC@50C
1791263293.725112 10-06-2026 14:08:13 RAM 3326/6833MB (lfb 38x4MB) SWAP 155/3417MB (cached 1MB) CPU [100%@1420,5%@1420,9%@1420,5%@1420,9%@1420,4%@1420] EMC_FREQ 0% GR3D_FREQ 0% AUX@44C CPU@45C thermal@44.45C AO@44C GPU@44.5C PMIC@50C
1791263293.928427 10-06-2026 14:08:13 RAM 3326/6833MB (lfb 38x4MB) SWAP 155/3417MB (cached 1MB) CPU [100%@1420,9%@1420,5%@1420,0%@1420,0%@1420,5%@1420] EMC_FREQ 0% GR3D_FREQ 0% AUX@44C CPU@45C thermal@44.45C AO@44C GPU@44.5C PMIC@50C
1791263294.131775 10-06-2026 14:08:14 RAM 3326/6833MB (lfb 38x4MB) SWAP 155/3417MB (cached 1MB) CPU [100%@1420,5%@1420,4%@1420,9%@1420,9%@1420,4%@1420] EMC_FREQ 0% GR3D_FREQ 0% AUX@44C CPU@45C thermal@44.45C AO@44C GPU@44C PMIC@50C
1791263294.335197 10-06-2026 14:08:14 RAM 3326/6833MB (lfb 38x4MB) SWAP 155/3417MB (cached 1MB) CPU [100%@1420,10%@1420,9%@1420,10%@1420,0%@1420,5%@1420] EMC_FREQ 0% GR3D_FREQ 3% AUX@44C CPU@45C thermal@44.45C AO@44C GPU@44.5C PMIC@50C
1791263294.538477 10-06-2026 14:08:14 RAM 3326/6833MB (lfb 38x4MB) SWAP 155/3417MB (cached 1MB) CPU [100%@1420,0%@1420,5%@1420,9%@1420,9%@1420,4%@1420] EMC_FREQ 0% GR3D_FREQ 0% AUX@44C CPU@45C thermal@44.45C AO@44C GPU@44C PMIC@50C
1791263294.741878 10-06-2026 14:08:14 RAM 3326/6833MB (lfb 38x4MB) SWAP 155/3417MB (cached 1MB) CPU [100%@1420,9%@1420,9%@1420,5%@1420,0%@1420,0%@1420] EMC_FREQ 0% GR3D_FREQ 0% AUX@44C CPU@45C thermal@44.45C AO@44.5C GPU@44C PMIC@50C
1791263294.944999 10-06-2026 14:08:14 RAM 3326/6833MB (lfb 38x4MB) SWAP 155/3417MB (cached 1MB) CPU [100%@1420,10%@1420,0%@1420,0%@1420,5%@1420,4%@1420] EMC_FREQ 0% GR3D_FREQ 0% AUX@44C CPU@45C thermal@44.3C AO@44C GPU@44C PMIC@50C
1791263295.148300 10-06-2026 14:08:15 RAM 3326/6833MB (lfb 38x4MB) SWAP 155/3417MB (cached 1MB) CPU [100%@1420,9%@1420,9%@1420,9%@1420,4%@1420,0%@1420] EMC_FREQ 0% GR3D_FREQ 0% AUX@44C CPU@45C thermal@44.3C AO@44C GPU@44C PMIC@50C
1791263295.351638 10-06-2026 14:08:15 RAM 3326/6833MB (lfb 38x4MB) SWAP 155/3417MB (cached 1MB) CPU [100%@1420,5%@1420,0%@1420,5%@1420,0%@1420,5%@1420] EMC_FREQ 0% GR3D_FREQ 0% AUX@44C CPU@45C thermal@44.3C AO@44C GPU@44C PMIC@50C
1791263295.555044 10-06-2026 14:08:15 RAM 3326/6833MB (lfb 38x4MB) SWAP 155/3417MB (cached 1MB) CPU [100%@1420,13%@1420,13%@1420,70%@1420,10%@1420,5%@1420] EMC_FREQ 0% GR3D_FREQ 0% AUX@44C CPU@45C thermal@44.3C AO@44C GPU@44C PMIC@50C
1791263295.758257 10-06-2026 14:08:15 RAM 3326/6833MB (lfb 38x4MB) SWAP 155/3417MB (cached 1MB) CPU [100%@1420,5%@1420,0%@1420,4%@1420,5%@1420,0%@1420] EMC_FREQ 0% GR3D_FREQ 0% AUX@44C CPU@45C thermal@44.3C AO@44C GPU@44C PMIC@50C
1791263295.961677 10-06-2026 14:08:15 RAM 3326/6833MB (lfb 38x4MB) SWAP 155/3417MB (cached 1MB) CPU [85%@1420,10%@1420,0%@1420,0%@1420,0%@1420,0%@1420] EMC_FREQ 0% GR3D_FREQ 0% AUX@44C CPU@44.5C thermal@44.3C AO@44C GPU@44C PMIC@50C
1791263296.165990 10-06-2026 14:08:16 RAM 3326/6833MB (lfb 38x4MB) SWAP 155/3417MB (cached 1MB) CPU [5%@1420,19%@1420,23%@1420,35%@1420,21%@1420,23%@1420] EMC_FREQ 0% GR3D_FREQ 99% AUX@44C CPU@45C thermal@44.15C AO@44C GPU@45C PMIC@50C
1791263296.369306 10-06-2026 14:08:16 RAM 3326/6833MB (lfb 38x4MB) SWAP 155/3417MB (cached 1MB) CPU [0%@1420,9%@1420,9%@1420,52%@1420,13%@1420,5%@1420] EMC_FREQ 0% GR3D_FREQ 0% AUX@44C CPU@45C thermal@44.15C AO@44C GPU@45C PMIC@50C
1791263296.572569 10-06-2026 14:08:16 RAM 3332/6833MB (lfb 38x4MB) SWAP 155/3417MB (cached 1MB) CPU [9%@1420,57%@1420,14%@1420,15%@1420,5%@1420,5%@1420] EMC_FREQ 0% GR3D_FREQ 0% AUX@44C CPU@45C thermal@44.15C AO@44C GPU@44.5C PMIC@50C
1791263296.775730 10-06-2026 14:08:16 RAM 3336/6833MB (lfb 38x4MB) SWAP 155/3417MB (cached 1MB) CPU [5%@1420,73%@1420,0%@1420,5%@1420,5%@1420,5%@1420] EMC_FREQ 0% GR3D_FREQ 0% AUX@44C CPU@45C thermal@44.15C AO@44.5C GPU@44.5C PMIC@50C
1791263296.979150 10-06-2026 14:08:16 RAM 3338/6833MB (lfb 38x4MB) SWAP 155/3417MB (cached 1MB) CPU [10%@1420,70%@1420,4%@1420,9%@1420,0%@1420,18%@1420] EMC_FREQ 0% GR3D_FREQ 0% AUX@44C CPU@45C thermal@44.15C AO@44C GPU@44.5C PMIC@50C
1791263297.182380 10-06-2026 14:08:17 RAM 3338/6833MB (lfb 38x4MB) SWAP 155/3417MB (cached 1MB) CPU [5%@1420,80%@1420,9%@1420,0%@1420,9%@1420,4%@1420] EMC_FREQ 0% GR3D_FREQ 0% AUX@44C CPU@45C thermal@44.45C AO@44C GPU@44.5C PMIC@50C
1791263297.385841 10-06-2026 14:08:17 RAM 3347/6833MB (lfb 38x4MB) SWAP 155/3417MB (cached 1MB) CPU [33%@1420,47%@1420,14%@1420,9%@1420,13%@1420,5%@1420] EMC_FREQ 0% GR3D_FREQ 0% AUX@44C CPU@45C thermal@44.45C AO@44C GPU@44.5C PMIC@50C
1791263297.589507 10-06-2026 14:08:17 RAM 3350/6833MB (lfb 38x4MB) SWAP 155/3417MB (cached 1MB) CPU [68%@1190,4%@1420,10%@1420,5%@1420,5%@1420,9%@1420] EMC_FREQ 0% GR3D_FREQ 0% AUX@44C CPU@45C thermal@44.45C AO@44C GPU@44.5C PMIC@50C
1791263297.792827 10-06-2026 14:08:17 RAM 3353/6833MB (lfb 38x4MB) SWAP 155/3417MB (cached 1MB) CPU [0%@1420,85%@1420,10%@1420,5%@1420,5%@1420,0%@1420] EMC_FREQ 0% GR3D_FREQ 1% AUX@44C CPU@45C thermal@44.45C AO@44C GPU@44.5C PMIC@50C
1791263297.996180 10-06-2026 14:08:17 RAM 3360/6833MB (lfb 38x4MB) SWAP 155/3417MB (cached 1MB) CPU [14%@1420,80%@1420,9%@1420,9%@1420,5%@1420,9%@1420] EMC_FREQ 0% GR3D_FREQ 0% AUX@44C CPU@45C thermal@44.45C AO@44C GPU@44.5C PMIC@50C
1791263298.200217 10-06-2026 14:08:18 RAM 3368/6833MB (lfb 38x4MB) SWAP 155/3417MB (cached 1MB) CPU [40%@1420,55%@1420,0%@1420,5%@1420,4%@1420,10%@1420] EMC_FREQ 0% GR3D_FREQ 2% AUX@44C CPU@45C thermal@44.45C AO@44C GPU@44.5C PMIC@50C
1791263298.403423 10-06-2026 14:08:18 RAM 3399/6833MB (lfb 38x4MB) SWAP 155/3417MB (cached 1MB) CPU [90%@1420,5%@1420,0%@1420,0%@1420,5%@1420,14%@1420] EMC_FREQ 0% GR3D_FREQ 0% AUX@44C CPU@45C thermal@44.3C AO@44C GPU@44.5C PMIC@50C
1791263298.606747 10-06-2026 14:08:18 RAM 3410/6833MB (lfb 38x4MB) SWAP 155/3417MB (cached 1MB) CPU [35%@1420,65%@1420,0%@1420,5%@1420,5%@1420,14%@1420] EMC_FREQ 0% GR3D_FREQ 0% AUX@44C CPU@45C thermal@44.3C AO@44C GPU@44.5C PMIC@50C
1791263298.809980 10-06-2026 14:08:18 RAM 3423/6833MB (lfb 38x4MB) SWAP 155/3417MB (cached 1MB) CPU [61%@1420,28%@1420,0%@1420,5%@1420,10%@1420,5%@1420] EMC_FREQ 0% GR3D_FREQ 0% AUX@44C CPU@45C thermal@44.3C AO@44C GPU@44.5C PMIC@50C
1791263299.013458 10-06-2026 14:08:19 RAM 3434/6833MB (lfb 38x4MB) SWAP 155/3417MB (cached 1MB) CPU [45%@1420,40%@1420,9%@1420,5%@1420,10%@1420,9%@1420] EMC_FREQ 0% GR3D_FREQ 4% AUX@44C CPU@45C thermal@44.3C AO@44C GPU@44.5C PMIC@50C
1791263299.216819 10-06-2026 14:08:19 RAM 3447/6833MB (lfb 38x4MB) SWAP 155/3417MB (cached 1MB) CPU [15%@1420,63%@1420,0%@1420,5%@1420,5%@1420,0%@1420] EMC_FREQ 0% GR3D_FREQ 0% AUX@44C CPU@45C thermal@44.3C AO@44C GPU@44.5C PMIC@50C
1791263299.420285 10-06-2026 14:08:19 RAM 3463/6833MB (lfb 38x4MB) SWAP 155/3417MB (cached 1MB) CPU [73%@1420,28%@1420,9%@1420,5%@1420,10%@1420,5%@1420] EMC_FREQ 0% GR3D_FREQ 0% AUX@44C CPU@45C thermal@44.45C AO@44C GPU@44C PMIC@50C
1791263299.623526 10-06-2026 14:08:19 RAM 3499/6833MB (lfb 38x4MB) SWAP 155/3417MB (cached 1MB) CPU [0%@1420,95%@1420,0%@1420,14%@1420,14%@1420,13%@1420] EMC_FREQ 0% GR3D_FREQ 0% AUX@43.5C CPU@45C thermal@44.45C AO@44C GPU@44.5C PMIC@50C
1791263299.826896 10-06-2026 14:08:19 RAM 3537/6833MB (lfb 38x4MB) SWAP 155/3417MB (cached 1MB) CPU [9%@1420,85%@1420,5%@1420,4%@1420,5%@1420,9%@1420] EMC_FREQ 0% GR3D_FREQ 0% AUX@44C CPU@45C thermal@44.45C AO@44C GPU@44.5C PMIC@50C
1791263300.030284 10-06-2026 14:08:20 RAM 3574/6833MB (lfb 38x4MB) SWAP 155/3417MB (cached 1MB) CPU [5%@1420,100%@1420,9%@1420,0%@1420,10%@1420,5%@1420] EMC_FREQ 0% GR3D_FREQ 0% AUX@44C CPU@45C thermal@44.45C AO@44C GPU@44.5C PMIC@50C
1791263300.233687 10-06-2026 14:08:20 RAM 3593/6833MB (lfb 36x4MB) SWAP 155/3417MB (cached 1MB) CPU [4%@1420,85%@1420,0%@1420,0%@1420,15%@1420,5%@1420] EMC_FREQ 0% GR3D_FREQ 0% AUX@43.5C CPU@45C thermal@44.45C AO@44C GPU@44.5C PMIC@50C
1791263300.437061 10-06-2026 14:08:20 RAM 3597/6833MB (lfb 36x4MB) SWAP 155/3417MB (cached 1MB) CPU [0%@1420,86%@1420,0%@1420,9%@1420,10%@1420,5%@1420] EMC_FREQ 0% GR3D_FREQ 0% AUX@44C CPU@44.5C thermal@44.45C AO@44C GPU@44.5C PMIC@50C
1791263300.640550 10-06-2026 14:08:20 RAM 3606/6833MB (lfb 36x4MB) SWAP 155/3417MB (cached 1MB) CPU [0%@1420,100%@1420,9%@1420,9%@1420,14%@1420,0%@1420] EMC_FREQ 0% GR3D_FREQ 0% AUX@44C CPU@44.5C thermal@44.3C AO@44C GPU@44C PMIC@50C
1791263300.843903 10-06-2026 14:08:20 RAM 3609/6833MB (lfb 36x4MB) SWAP 155/3417MB (cached 1MB) CPU [14%@1190,42%@1190,4%@1190,9%@1420,14%@1420,66%@1420] EMC_FREQ 0% GR3D_FREQ 1% AUX@43.5C CPU@44.5C thermal@44.3C AO@44C GPU@44C PMIC@50C
1791263301.047593 10-06-2026 14:08:21 RAM 3610/6833MB (lfb 36x4MB) SWAP 155/3417MB (cached 1MB) CPU [71%@1190,5%@1190,0%@1190,5%@1190,0%@1190,5%@1190] EMC_FREQ 0% GR3D_FREQ 0% AUX@43.5C CPU@44.5C thermal@44.3C AO@44C GPU@44C PMIC@50C
1791263301.250887 10-06-2026 14:08:21 RAM 3617/6833MB (lfb 36x4MB) SWAP 155/3417MB (cached 1MB) CPU [10%@1420,72%@1420,5%@1420,0%@1420,15%@1420,9%@1420] EMC_FREQ 0% GR3D_FREQ 0% AUX@43.5C CPU@44.5C thermal@44.3C AO@44C GPU@44C PMIC@50C
1791263301.454199 10-06-2026 14:08:21 RAM 3623/6833MB (lfb 35x4MB) SWAP 155/3417MB (cached 1MB) CPU [80%@1420,10%@1420,0%@1420,0%@1420,18%@1420,5%@1420] EMC_FREQ 0% GR3D_FREQ 0% AUX@43.5C CPU@44.5C thermal@44.3C AO@43.5C GPU@44C PMIC@50C
1791263301.657416 10-06-2026 14:08:21 RAM 3641/6833MB (lfb 34x4MB) SWAP 155/3417MB (cached 1MB) CPU [5%@1420,80%@1420,0%@1420,9%@1420,5%@1420,10%@1420] EMC_FREQ 0% GR3D_FREQ 0% AUX@44C CPU@44.5C thermal@43.95C AO@43.5C GPU@44C PMIC@50C
1791263301.860577 10-06-2026 14:08:21 RAM 3646/6833MB (lfb 33x4MB) SWAP 155/3417MB (cached 1MB) CPU [52%@1420,33%@1420,5%@1420,0%@1420,0%@1420,0%@1420] EMC_FREQ 0% GR3D_FREQ 0% AUX@43.5C CPU@44.5C thermal@43.95C AO@43.5C GPU@44C PMIC@50C
1791263302.063669 10-06-2026 14:08:22 RAM 3658/6833MB (lfb 30x4MB) SWAP 155/3417MB (cached 1MB) CPU [89%@1420,5%@1420,13%@1420,0%@1420,9%@1420,0%@1420] EMC_FREQ 0% GR3D_FREQ 0% AUX@44C CPU@44.5C thermal@43.95C AO@44C GPU@44C PMIC@50C
1791263302.267002 10-06-2026 14:08:22 RAM 3717/6833MB (lfb 17x4MB) SWAP 155/3417MB (cached 1MB) CPU [42%@1420,47%@1420,5%@1420,0%@1420,0%@1420,13%@1420] EMC_FREQ 0% GR3D_FREQ 0% AUX@43.5C CPU@44.5C thermal@43.95C AO@44C GPU@44C PMIC@50C
1791263302.470324 10-06-2026 14:08:22 RAM 3741/6833MB (lfb 17x4MB) SWAP 155/3417MB (cached 1MB) CPU [0%@1420,95%@1420,15%@1420,9%@1420,5%@1420,9%@1420] EMC_FREQ 0% GR3D_FREQ 0% AUX@43.5C CPU@44.5C thermal@43.95C AO@44C GPU@44C PMIC@50C
1791263302.673540 10-06-2026 14:08:22 RAM 3745/6833MB (lfb 17x4MB) SWAP 155/3417MB (cached 1MB) CPU [78%@1420,20%@1420,5%@1420,10%@1420,9%@1420,9%@1420] EMC_FREQ 0% GR3D_FREQ 0% AUX@43.5C CPU@44.5C thermal@43.95C AO@44C GPU@44C PMIC@50C
1791263302.876822 10-06-2026 14:08:22 RAM 3749/6833MB (lfb 17x4MB) SWAP 155/3417MB (cached 1MB) CPU [10%@1420,76%@1420,0%@1420,10%@1420,4%@1420,5%@1420] EMC_FREQ 0% GR3D_FREQ 0% AUX@43.5C CPU@44.5C thermal@44.15C AO@43.5C GPU@43.5C PMIC@50C
1791263303.080032 10-06-2026 14:08:23 RAM 3763/6833MB (lfb 17x4MB) SWAP 155/3417MB (cached 1MB) CPU [10%@1420,100%@1420,9%@1420,9%@1420,0%@1420,0%@1420] EMC_FREQ 0% GR3D_FREQ 0% AUX@43.5C CPU@44.5C thermal@44.15C AO@43.5C GPU@44C PMIC@50C
1791263303.283146 10-06-2026 14:08:23 RAM 3766/6833MB (lfb 17x4MB) SWAP 155/3417MB (cached 1MB) CPU [76%@1420,26%@1420,4%@1420,5%@1420,9%@1420,5%@1420] EMC_FREQ 0% GR3D_FREQ 0% AUX@43.5C CPU@44.5C thermal@44.15C AO@43.5C GPU@43.5C PMIC@50C
1791263303.486419 10-06-2026 14:08:23 RAM 3810/6833MB (lfb 17x4MB) SWAP 155/3417MB (cached 1MB) CPU [85%@1420,10%@1420,5%@1420,9%@1420,9%@1420,5%@1420] EMC_FREQ 0% GR3D_FREQ 0% AUX@43.5C CPU@44.5C thermal@44.15C AO@43.5C GPU@44C PMIC@50C
1791263303.689545 10-06-2026 14:08:23 RAM 3824/6833MB (lfb 17x4MB) SWAP 155/3417MB (cached 1MB) CPU [100%@1420,0%@1420,5%@1420,0%@1420,5%@1420,0%@1420] EMC_FREQ 0% GR3D_FREQ 0% AUX@43.5C CPU@44.5C thermal@44.15C AO@43.5C GPU@44C PMIC@50C
1791263303.892837 10-06-2026 14:08:23 RAM 3870/6833MB (lfb 17x4MB) SWAP 155/3417MB (cached 1MB) CPU [13%@1420,72%@1420,5%@1420,10%@1420,13%@1420,4%@1420] EMC_FREQ 0% GR3D_FREQ 3% AUX@43.5C CPU@44.5C thermal@43.8C AO@43.5C GPU@43.5C PMIC@50C
1791263304.096300 10-06-2026 14:08:24 RAM 3878/6833MB (lfb 17x4MB) SWAP 155/3417MB (cached 1MB) CPU [0%@1420,100%@1420,5%@1420,10%@1420,5%@1420,9%@1420] EMC_FREQ 0% GR3D_FREQ 0% AUX@43.5C CPU@44.5C thermal@43.8C AO@43.5C GPU@43.5C PMIC@50C
1791263304.299548 10-06-2026 14:08:24 RAM 3924/6833MB (lfb 17x4MB) SWAP 155/3417MB (cached 1MB) CPU [9%@1420,90%@1420,9%@1420,5%@1420,4%@1420,0%@1420] EMC_FREQ 0% GR3D_FREQ 0% AUX@43.5C CPU@44.5C thermal@43.8C AO@43.5C GPU@44C PMIC@50C
1791263304.502917 10-06-2026 14:08:24 RAM 3935/6833MB (lfb 17x4MB) SWAP 155/3417MB (cached 1MB) CPU [14%@1420,94%@1420,13%@1420,10%@1420,5%@1420,9%@1420] EMC_FREQ 0% GR3D_FREQ 0% AUX@43.5C CPU@44.5C thermal@43.8C AO@43.5C GPU@43.5C PMIC@50C
1791263304.706227 10-06-2026 14:08:24 RAM 3940/6833MB (lfb 17x4MB) SWAP 155/3417MB (cached 1MB) CPU [80%@1420,5%@1420,5%@1420,5%@1420,5%@1420,0%@1420] EMC_FREQ 0% GR3D_FREQ 0% AUX@43.5C CPU@44.5C thermal@43.8C AO@43.5C GPU@43.5C PMIC@50C
1791263304.909575 10-06-2026 14:08:24 RAM 3953/6833MB (lfb 17x4MB) SWAP 155/3417MB (cached 1MB) CPU [9%@1420,90%@1420,10%@1420,9%@1420,5%@1420,0%@1420] EMC_FREQ 0% GR3D_FREQ 0% AUX@43.5C CPU@44.5C thermal@43.8C AO@43.5C GPU@43.5C PMIC@50C
1791263305.112984 10-06-2026 14:08:25 RAM 4031/6833MB (lfb 13x4MB) SWAP 155/3417MB (cached 1MB) CPU [66%@1420,15%@1420,10%@1420,14%@1420,5%@1420,4%@1420] EMC_FREQ 0% GR3D_FREQ 0% AUX@43.5C CPU@44.5C thermal@43.8C AO@43.5C GPU@43.5C PMIC@50C
1791263305.316260 10-06-2026 14:08:25 RAM 4034/6833MB (lfb 12x4MB) SWAP 155/3417MB (cached 1MB) CPU [70%@1420,20%@1420,5%@1420,0%@1420,9%@1420,9%@1420] EMC_FREQ 0% GR3D_FREQ 23% AUX@43.5C CPU@44.5C thermal@43.8C AO@43.5C GPU@43.5C PMIC@50C
1791263305.519502 10-06-2026 14:08:25 RAM 4052/6833MB (lfb 12x4MB) SWAP 155/3417MB (cached 1MB) CPU [5%@1420,83%@1420,45%@1420,4%@1420,5%@1420,14%@1420] EMC_FREQ 0% GR3D_FREQ 0% AUX@43.5C CPU@44.5C thermal@43.8C AO@43.5C GPU@43.5C PMIC@50C
1791263305.722897 10-06-2026 14:08:25 RAM 4034/6833MB (lfb 12x4MB) SWAP 155/3417MB (cached 1MB) CPU [9%@1420,85%@1420,25%@1420,0%@1420,5%@1420,5%@1420] EMC_FREQ 0% GR3D_FREQ 0% AUX@43.5C CPU@44.5C thermal@43.8C AO@43.5C GPU@43.5C PMIC@50C
1791263305.926138 10-06-2026 14:08:25 RAM 4039/6833MB (lfb 12x4MB) SWAP 155/3417MB (cached 1MB) CPU [75%@1420,23%@1420,5%@1420,9%@1420,5%@1420,9%@1420] EMC_FREQ 0% GR3D_FREQ 0% AUX@43.5C CPU@44.5C thermal@43.8C AO@43.5C GPU@43.5C PMIC@50C
1791263306.129399 10-06-2026 14:08:26 RAM 4040/6833MB (lfb 12x4MB) SWAP 155/3417MB (cached 1MB) CPU [14%@1420,21%@1420,9%@1420,10%@1420,5%@1420,68%@1420] EMC_FREQ 0% GR3D_FREQ 0% AUX@43.5C CPU@44.5C thermal@43.8C AO@43.5C GPU@43.5C PMIC@50C
1791263306.332861 10-06-2026 14:08:26 RAM 4041/6833MB (lfb 12x4MB) SWAP 155/3417MB (cached 1MB) CPU [9%@1420,94%@1420,0%@1420,0%@1420,9%@1420,9%@1420] EMC_FREQ 0% GR3D_FREQ 0% AUX@43.5C CPU@44.5C thermal@43.8C AO@43.5C GPU@43.5C PMIC@50C
1791263306.536092 10-06-2026 14:08:26 RAM 4042/6833MB (lfb 12x4MB) SWAP 155/3417MB (cached 1MB) CPU [0%@1420,95%@1420,5%@1420,10%@1420,5%@1420,0%@1420] EMC_FREQ 0% GR3D_FREQ 0% AUX@43.5C CPU@44.5C thermal@43.8C AO@43.5C GPU@43.5C PMIC@50C
1791263306.739383 10-06-2026 14:08:26 RAM 4044/6833MB (lfb 12x4MB) SWAP 155/3417MB (cached 1MB) CPU [0%@1420,78%@1420,10%@1420,10%@1420,0%@1420,0%@1420] EMC_FREQ 0% GR3D_FREQ 0% AUX@43.5C CPU@44.5C thermal@43.8C AO@43.5C GPU@43.5C PMIC@50C
1791263306.942762 10-06-2026 14:08:26 RAM 4045/6833MB (lfb 12x4MB) SWAP 155/3417MB (cached 1MB) CPU [9%@1420,95%@1420,9%@1420,14%@1420,0%@1420,5%@1420] EMC_FREQ 0% GR3D_FREQ 0% AUX@43.5C CPU@44.5C thermal@43.8C AO@43.5C GPU@43.5C PMIC@50C
1791263307.146013 10-06-2026 14:08:27 RAM 4046/6833MB (lfb 12x4MB) SWAP 155/3417MB (cached 1MB) CPU [10%@1420,100%@1420,18%@1420,5%@1420,0%@1420,4%@1420] EMC_FREQ 0% GR3D_FREQ 0% AUX@43.5C CPU@44.5C thermal@43.8C AO@43.5C GPU@43.5C PMIC@50C
1791263307.349313 10-06-2026 14:08:27 RAM 4049/6833MB (lfb 12x4MB) SWAP 155/3417MB (cached 1MB) CPU [18%@1420,90%@1420,0%@1420,10%@1420,5%@1420,0%@1420] EMC_FREQ 0% GR3D_FREQ 0% AUX@43.5C CPU@44.5C thermal@43.8C AO@43.5C GPU@43.5C PMIC@50C
1791263307.552630 10-06-2026 14:08:27 RAM 4058/6833MB (lfb 11x4MB) SWAP 155/3417MB (cached 1MB) CPU [5%@1420,90%@1420,10%@1420,14%@1420,9%@1420,5%@1420] EMC_FREQ 0% GR3D_FREQ 0% AUX@43.5C CPU@44.5C thermal@43.8C AO@43.5C GPU@43.5C PMIC@50C
1791263307.755997 10-06-2026 14:08:27 RAM 4059/6833MB (lfb 11x4MB) SWAP 155/3417MB (cached 1MB) CPU [10%@1420,55%@1420,5%@1420,20%@1420,30%@1420,10%@1420] EMC_FREQ 0% GR3D_FREQ 0% AUX@43.5C CPU@44.5C thermal@43.8C AO@43.5C GPU@43.5C PMIC@50C
1791263307.959767 10-06-2026 14:08:27 RAM 4059/6833MB (lfb 11x4MB) SWAP 155/3417MB (cached 1MB) CPU [9%@1420,0%@1420,52%@1420,10%@1420,52%@1420,9%@1420] EMC_FREQ 0% GR3D_FREQ 0% AUX@43.5C CPU@44.5C thermal@43.8C AO@43.5C GPU@43.5C PMIC@50C
1791263308.163362 10-06-2026 14:08:28 RAM 4060/6833MB (lfb 11x4MB) SWAP 155/3417MB (cached 1MB) CPU [9%@1420,5%@1420,94%@1420,15%@1420,0%@1420,4%@1420] EMC_FREQ 0% GR3D_FREQ 0% AUX@43.5C CPU@44.5C thermal@43.8C AO@43.5C GPU@43.5C PMIC@50C
1791263308.366813 10-06-2026 14:08:28 RAM 4060/6833MB (lfb 11x4MB) SWAP 155/3417MB (cached 1MB) CPU [0%@1420,9%@1420,95%@1420,10%@1420,0%@1420,5%@1420] EMC_FREQ 0% GR3D_FREQ 0% AUX@43.5C CPU@44.5C thermal@43.8C AO@43.5C GPU@43.5C PMIC@50C
1791263308.570304 10-06-2026 14:08:28 RAM 4084/6833MB (lfb 8x4MB) SWAP 155/3417MB (cached 1MB) CPU [18%@1420,10%@1420,38%@1420,14%@1420,33%@1420,10%@1420] EMC_FREQ 0% GR3D_FREQ 0% AUX@43.5C CPU@44.5C thermal@43.8C AO@43.5C GPU@43.5C PMIC@50C
1791263308.774302 10-06-2026 14:08:28 RAM 4085/6833MB (lfb 8x4MB) SWAP 155/3417MB (cached 1MB) CPU [15%@1190,14%@1190,0%@1190,4%@1190,9%@1190,9%@1190] EMC_FREQ 0% GR3D_FREQ 0% AUX@43.5C CPU@44.5C thermal@43.8C AO@43.5C GPU@43.5C PMIC@50C
1791263308.977929 10-06-2026 14:08:28 RAM 4091/6833MB (lfb 8x4MB) SWAP 155/3417MB (cached 1MB) CPU [10%@1190,9%@1190,0%@1420,5%@1420,0%@1420,5%@1420] EMC_FREQ 0% GR3D_FREQ 0% AUX@43.5C CPU@44.5C thermal@43.8C AO@43.5C GPU@43.5C PMIC@50C
1791263309.181679 10-06-2026 14:08:29 RAM 4102/6833MB (lfb 8x4MB) SWAP 155/3417MB (cached 1MB) CPU [10%@1190,0%@1190,0%@1190,4%@1190,0%@1190,10%@1190] EMC_FREQ 0% GR3D_FREQ 0% AUX@43.5C CPU@44.5C thermal@43.8C AO@43.5C GPU@43.5C PMIC@50C
1791263309.385157 10-06-2026 14:08:29 RAM 4114/6833MB (lfb 8x4MB) SWAP 155/3417MB (cached 1MB) CPU [0%@1190,14%@1190,9%@1190,5%@1190,5%@1420,10%@1420] EMC_FREQ 0% GR3D_FREQ 0% AUX@43.5C CPU@44C thermal@43.8C AO@43.5C GPU@43.5C PMIC@50C
1791263309.588668 10-06-2026 14:08:29 RAM 4126/6833MB (lfb 8x4MB) SWAP 155/3417MB (cached 1MB) CPU [9%@1190,5%@1190,4%@1190,5%@1190,4%@1420,5%@1420] EMC_FREQ 0% GR3D_FREQ 0% AUX@43.5C CPU@44C thermal@43.8C AO@43.5C GPU@43.5C PMIC@50C
1791263309.791947 10-06-2026 14:08:29 RAM 4138/6833MB (lfb 8x4MB) SWAP 155/3417MB (cached 1MB) CPU [9%@1190,5%@1190,10%@1190,9%@1190,0%@1190,14%@1420] EMC_FREQ 0% GR3D_FREQ 0% AUX@43C CPU@44.5C thermal@43.8C AO@43C GPU@43.5C PMIC@50C
1791263309.995310 10-06-2026 14:08:29 RAM 4149/6833MB (lfb 8x4MB) SWAP 155/3417MB (cached 1MB) CPU [9%@1420,5%@1420,0%@1420,5%@1420,9%@1420,5%@1420] EMC_FREQ 0% GR3D_FREQ 0% AUX@43C CPU@44.5C thermal@43.8C AO@43C GPU@43.5C PMIC@50C
1791263310.198855 10-06-2026 14:08:30 RAM 4160/6833MB (lfb 7x4MB) SWAP 155/3417MB (cached 1MB) CPU [13%@1190,4%@1190,5%@1190,10%@1190,4%@1190,9%@1190] EMC_FREQ 0% GR3D_FREQ 0% AUX@43C CPU@44.5C thermal@43.8C AO@43C GPU@43.5C PMIC@50C
1791263310.402289 10-06-2026 14:08:30 RAM 4167/6833MB (lfb 6x4MB) SWAP 155/3417MB (cached 1MB) CPU [0%@1190,5%@1420,9%@1420,5%@1420,5%@1420,5%@1420] EMC_FREQ 0% GR3D_FREQ 0% AUX@43C CPU@44.5C thermal@43.8C AO@43C GPU@43C PMIC@50C
1791263310.606311 10-06-2026 14:08:30 RAM 4179/6833MB (lfb 4x4MB) SWAP 155/3417MB (cached 1MB) CPU [0%@1190,5%@1190,0%@1190,15%@1190,5%@1420,10%@1420] EMC_FREQ 0% GR3D_FREQ 0% AUX@43.5C CPU@44C thermal@43.65C AO@43.5C GPU@43.5C PMIC@50C
1791263310.809563 10-06-2026 14:08:30 RAM 4191/6833MB (lfb 2x4MB) SWAP 155/3417MB (cached 1MB) CPU [9%@1190,9%@1190,0%@1420,10%@1420,4%@1420,10%@1420] EMC_FREQ 0% GR3D_FREQ 0% AUX@43.5C CPU@44C thermal@43.65C AO@43C GPU@43.5C PMIC@50C
1791263311.012836 10-06-2026 14:08:31 RAM 4203/6833MB (lfb 5x1MB) SWAP 155/3417MB (cached 1MB) CPU [4%@1190,5%@1190,4%@1190,14%@1190,5%@1190,14%@1420] EMC_FREQ 0% GR3D_FREQ 0% AUX@43C CPU@44C thermal@43.65C AO@43C GPU@43.5C PMIC@50C
1791263311.216383 10-06-2026 14:08:31 RAM 4208/6833MB (lfb 5x1MB) SWAP 155/3417MB (cached 1MB) CPU [5%@1190,71%@1190,10%@1190,10%@1190,0%@1190,20%@1190] EMC_FREQ 0% GR3D_FREQ 0% AUX@43C CPU@44C thermal@43.65C AO@43.5C GPU@43.5C PMIC@50C
1791263311.419963 10-06-2026 14:08:31 RAM 4216/6833MB (lfb 5x1MB) SWAP 155/3417MB (cached 1MB) CPU [4%@1190,5%@1190,5%@1190,10%@1190,9%@1190,19%@1190] EMC_FREQ 0% GR3D_FREQ 0% AUX@43C CPU@44C thermal@43.65C AO@43C GPU@43.5C PMIC@50C
1791263311.623925 10-06-2026 14:08:31 RAM 4228/6833MB (lfb 5x1MB) SWAP 155/3417MB (cached 1MB) CPU [15%@1420,10%@1420,5%@1420,15%@1420,0%@1420,25%@1420] EMC_FREQ 0% GR3D_FREQ 0% AUX@43C CPU@44.5C thermal@43.65C AO@43C GPU@43.5C PMIC@50C
1791263311.828552 10-06-2026 14:08:31 RAM 4237/6833MB (lfb 5x1MB) SWAP 155/3417MB (cached 1MB) CPU [47%@1190,10%@1420,5%@1420,10%@1420,9%@1420,28%@1420] EMC_FREQ 0% GR3D_FREQ 0% AUX@43C CPU@44C thermal@43.45C AO@43C GPU@43.5C PMIC@50C
1791263312.032704 10-06-2026 14:08:32 RAM 4246/6833MB (lfb 7x1MB) SWAP 156/3417MB (cached 1MB) CPU [0%@1190,20%@1190,15%@1420,10%@1420,19%@1420,31%@1420] EMC_FREQ 0% GR3D_FREQ 0% AUX@43C CPU@44C thermal@43.45C AO@43C GPU@43.5C PMIC@50C
1791263312.236252 10-06-2026 14:08:32 RAM 4259/6833MB (lfb 5x1MB) SWAP 156/3417MB (cached 1MB) CPU [14%@1190,5%@1420,4%@1420,10%@1420,20%@1420,0%@1420] EMC_FREQ 0% GR3D_FREQ 0% AUX@43C CPU@44C thermal@43.45C AO@43C GPU@43.5C PMIC@50C
1791263312.441726 10-06-2026 14:08:32 RAM 4268/6833MB (lfb 6x1MB) SWAP 156/3417MB (cached 1MB) CPU [14%@1190,9%@1190,13%@1190,14%@1190,25%@1190,10%@1190] EMC_FREQ 0% GR3D_FREQ 0% AUX@43C CPU@44C thermal@43.45C AO@43C GPU@43C PMIC@50C
1791263312.646921 10-06-2026 14:08:32 RAM 4268/6833MB (lfb 1x4MB) SWAP 161/3417MB (cached 1MB) CPU [59%@1420,5%@1420,9%@1420,5%@1420,55%@1420,10%@1420] EMC_FREQ 0% GR3D_FREQ 0% AUX@43C CPU@44.5C thermal@43.45C AO@43C GPU@43C PMIC@50C
1791263312.850318 10-06-2026 14:08:32 RAM 4275/6833MB (lfb 7x1MB) SWAP 161/3417MB (cached 1MB) CPU [20%@1420,0%@1420,5%@1420,9%@1420,20%@1420,17%@1420] EMC_FREQ 0% GR3D_FREQ 0% AUX@43C CPU@44C thermal@43.6C AO@43C GPU@43C PMIC@50C
1791263313.054402 10-06-2026 14:08:33 RAM 4287/6833MB (lfb 7x1MB) SWAP 161/3417MB (cached 1MB) CPU [0%@1420,15%@1420,13%@1420,0%@1190,15%@1190,0%@1190] EMC_FREQ 0% GR3D_FREQ 0% AUX@43C CPU@44C thermal@43.6C AO@43C GPU@43.5C PMIC@50C
1791263313.258501 10-06-2026 14:08:33 RAM 4300/6833MB (lfb 7x1MB) SWAP 161/3417MB (cached 1MB) CPU [9%@1420,19%@1420,5%@1420,9%@1420,4%@1420,14%@1420] EMC_FREQ 0% GR3D_FREQ 0% AUX@43.5C CPU@44C thermal@43.6C AO@43C GPU@43C PMIC@50C
1791263313.462275 10-06-2026 14:08:33 RAM 4311/6833MB (lfb 7x1MB) SWAP 161/3417MB (cached 1MB) CPU [0%@1190,5%@1190,25%@1190,5%@1420,10%@1420,5%@1420] EMC_FREQ 0% GR3D_FREQ 0% AUX@43C CPU@44C thermal@43.6C AO@43C GPU@43C PMIC@50C
1791263313.666244 10-06-2026 14:08:33 RAM 4323/6833MB (lfb 7x1MB) SWAP 161/3417MB (cached 1MB) CPU [9%@1190,0%@1190,27%@1190,5%@1190,10%@1190,13%@1190] EMC_FREQ 0% GR3D_FREQ 0% AUX@43C CPU@44C thermal@43.6C AO@43C GPU@43C PMIC@50C
1791263313.873627 10-06-2026 14:08:33 RAM 4325/6833MB (lfb 3x2MB) SWAP 167/3417MB (cached 1MB) CPU [38%@1420,14%@1420,61%@1420,13%@1420,9%@1420,4%@1420] EMC_FREQ 0% GR3D_FREQ 0% AUX@43C CPU@44C thermal@43.6C AO@43C GPU@43C PMIC@50C
1791263314.077160 10-06-2026 14:08:34 RAM 4369/6833MB (lfb 14x1MB) SWAP 167/3417MB (cached 1MB) CPU [45%@1420,9%@1420,10%@1420,15%@1420,33%@1420,68%@1420] EMC_FREQ 0% GR3D_FREQ 0% AUX@43C CPU@44.5C thermal@43.5C AO@43C GPU@43.5C PMIC@50C
1791263314.281489 10-06-2026 14:08:34 RAM 4442/6833MB (lfb 11x1MB) SWAP 167/3417MB (cached 1MB) CPU [5%@1420,0%@1420,15%@1420,5%@1420,0%@1420,100%@1420] EMC_FREQ 0% GR3D_FREQ 0% AUX@43.5C CPU@44.5C thermal@43.5C AO@43C GPU@43C PMIC@50C
1791263314.487982 10-06-2026 14:08:34 RAM 4490/6833MB (lfb 10x1MB) SWAP 168/3417MB (cached 1MB) CPU [13%@1420,33%@1420,18%@1420,10%@1420,0%@1420,90%@1420] EMC_FREQ 0% GR3D_FREQ 0% AUX@43C CPU@44.5C thermal@43.5C AO@43C GPU@43C PMIC@50C
1791263314.696134 10-06-2026 14:08:34 RAM 4502/6833MB (lfb 2x2MB) SWAP 179/3417MB (cached 1MB) CPU [55%@1420,94%@1420,10%@1420,76%@1420,13%@1420,100%@1420] EMC_FREQ 0% GR3D_FREQ 0% AUX@43C CPU@44.5C thermal@43.5C AO@43C GPU@43C PMIC@50C
1791263314.900219 10-06-2026 14:08:34 RAM 4541/6833MB (lfb 2x2MB) SWAP 183/3417MB (cached 1MB) CPU [10%@1420,5%@1420,14%@1420,66%@1420,15%@1420,100%@1420] EMC_FREQ 0% GR3D_FREQ 0% AUX@43C CPU@44.5C thermal@43.5C AO@43C GPU@43C PMIC@50C
1791263315.103587 10-06-2026 14:08:35 RAM 4611/6833MB (lfb 2x2MB) SWAP 183/3417MB (cached 1MB) CPU [10%@1420,5%@1420,38%@1420,5%@1420,9%@1420,80%@1420] EMC_FREQ 0% GR3D_FREQ 0% AUX@43C CPU@44.5C thermal@43.6C AO@43C GPU@43C PMIC@50C
1791263315.312233 10-06-2026 14:08:35 RAM 4661/6833MB (lfb 2x2MB) SWAP 186/3417MB (cached 1MB) CPU [28%@1420,18%@1420,9%@1420,57%@1420,84%@1420,35%@1420] EMC_FREQ 0% GR3D_FREQ 0% AUX@43C CPU@44.5C thermal@43.6C AO@43C GPU@43C PMIC@50C
1791263315.517512 10-06-2026 14:08:35 RAM 4686/6833MB (lfb 1x4MB) SWAP 197/3417MB (cached 1MB) CPU [36%@1420,47%@1420,33%@1420,100%@1420,45%@1420,55%@1420] EMC_FREQ 0% GR3D_FREQ 0% AUX@43C CPU@44.5C thermal@43.6C AO@43C GPU@43C PMIC@50C
1791263315.721477 10-06-2026 14:08:35 RAM 4700/6833MB (lfb 1x4MB) SWAP 198/3417MB (cached 1MB) CPU [19%@1420,13%@1420,25%@1420,20%@1420,5%@1420,15%@1420] EMC_FREQ 0% GR3D_FREQ 99% AUX@43C CPU@44.5C thermal@43.6C AO@43.5C GPU@45C PMIC@50C
1791263315.926846 10-06-2026 14:08:35 RAM 4716/6833MB (lfb 1x4MB) SWAP 203/3417MB (cached 1MB) CPU [25%@1420,15%@1420,63%@1420,52%@1420,80%@1420,9%@1420] EMC_FREQ 0% GR3D_FREQ 0% AUX@43C CPU@44.5C thermal@43.6C AO@43.5C GPU@43.5C PMIC@50C
1791263316.130841 10-06-2026 14:08:36 RAM 4730/6833MB (lfb 1x2MB) SWAP 203/3417MB (cached 1MB) CPU [5%@1190,14%@1190,9%@1190,19%@1420,36%@1420,15%@1420] EMC_FREQ 0% GR3D_FREQ 0% AUX@43C CPU@44.5C thermal@43.6C AO@43C GPU@43.5C PMIC@50C
1791263316.334502 10-06-2026 14:08:36 RAM 4739/6833MB (lfb 9x1MB) SWAP 203/3417MB (cached 1MB) CPU [9%@1420,9%@1420,15%@1420,15%@1420,75%@1420,0%@1420] EMC_FREQ 0% GR3D_FREQ 0% AUX@43C CPU@44C thermal@43.6C AO@43C GPU@43.5C PMIC@50C
1791263316.538876 10-06-2026 14:08:36 RAM 4678/6833MB (lfb 6x2MB) SWAP 207/3417MB (cached 1MB) CPU [15%@1190,10%@1190,5%@1190,42%@1190,13%@1190,13%@1190] EMC_FREQ 0% GR3D_FREQ 0% AUX@43C CPU@44C thermal@43.6C AO@43C GPU@43.5C PMIC@50C
1791263316.742801 10-06-2026 14:08:36 RAM 4679/6833MB (lfb 6x2MB) SWAP 207/3417MB (cached 1MB) CPU [15%@1267,0%@1267,0%@1267,0%@1267,0%@1267,0%@1267] EMC_FREQ 0% GR3D_FREQ 0% AUX@43C CPU@44C thermal@43.6C AO@43C GPU@43.5C PMIC@50C
1791263316.946780 10-06-2026 14:08:36 RAM 4339/6833MB (lfb 10x4MB) SWAP 207/3417MB (cached 1MB) CPU [47%@1420,35%@1420,15%@1420,59%@1420,0%@1420,0%@1420] EMC_FREQ 0% GR3D_FREQ 0% AUX@43.5C CPU@44C thermal@43.6C AO@43C GPU@43.5C PMIC@50C
1791263317.149955 10-06-2026 14:08:37 RAM 4338/6833MB (lfb 10x4MB) SWAP 207/3417MB (cached 1MB) CPU [0%@1420,0%@1420,0%@1420,100%@1420,0%@1420,0%@1420] EMC_FREQ 0% GR3D_FREQ 0% AUX@43C CPU@44C thermal@43.6C AO@43C GPU@43.5C PMIC@50C
1791263317.353226 10-06-2026 14:08:37 RAM 4338/6833MB (lfb 10x4MB) SWAP 207/3417MB (cached 1MB) CPU [0%@1420,4%@1420,0%@1420,100%@1420,0%@1420,0%@1420] EMC_FREQ 0% GR3D_FREQ 0% AUX@43C CPU@44C thermal@43.45C AO@43C GPU@43.5C PMIC@50C
1791263317.556582 10-06-2026 14:08:37 RAM 4338/6833MB (lfb 10x4MB) SWAP 207/3417MB (cached 1MB) CPU [0%@1420,4%@1420,4%@1420,100%@1420,0%@1420,0%@1420] EMC_FREQ 0% GR3D_FREQ 0% AUX@43C CPU@44C thermal@43.45C AO@43C GPU@43.5C PMIC@50C
1791263317.760324 10-06-2026 14:08:37 RAM 4327/6833MB (lfb 10x4MB) SWAP 206/3417MB (cached 1MB) CPU [0%@1420,0%@1420,4%@1420,100%@1420,0%@1420,0%@1420] EMC_FREQ 0% GR3D_FREQ 0% AUX@43C CPU@44C thermal@43.45C AO@42.5C GPU@43.5C PMIC@50C
1791263317.963607 10-06-2026 14:08:37 RAM 4325/6833MB (lfb 10x4MB) SWAP 206/3417MB (cached 1MB) CPU [0%@1420,5%@1420,0%@1420,100%@1420,0%@1420,0%@1420] EMC_FREQ 0% GR3D_FREQ 0% AUX@43C CPU@44C thermal@43.45C AO@43C GPU@43.5C PMIC@50C
1791263318.166890 10-06-2026 14:08:38 RAM 4325/6833MB (lfb 10x4MB) SWAP 206/3417MB (cached 1MB) CPU [4%@1420,4%@1420,0%@1420,100%@1420,0%@1420,0%@1420] EMC_FREQ 0% GR3D_FREQ 0% AUX@43C CPU@44C thermal@43.45C AO@43C GPU@43.5C PMIC@50C
1791263318.370515 10-06-2026 14:08:38 RAM 3980/6833MB (lfb 42x4MB) SWAP 206/3417MB (cached 1MB) CPU [20%@1420,0%@1420,10%@1420,100%@1420,0%@1420,0%@1420] EMC_FREQ 0% GR3D_FREQ 0% AUX@43C CPU@44.5C thermal@43.6C AO@43C GPU@43.5C PMIC@50C
1791263318.573660 10-06-2026 14:08:38 RAM 3814/6833MB (lfb 47x4MB) SWAP 206/3417MB (cached 1MB) CPU [4%@1420,0%@1420,0%@1420,100%@1420,0%@1420,4%@1420] EMC_FREQ 0% GR3D_FREQ 0% AUX@43C CPU@44C thermal@43.6C AO@43C GPU@43.5C PMIC@50C
1791263318.777147 10-06-2026 14:08:38 RAM 3814/6833MB (lfb 47x4MB) SWAP 206/3417MB (cached 1MB) CPU [0%@1420,4%@1420,4%@1420,90%@1420,0%@1420,0%@1420] EMC_FREQ 0% GR3D_FREQ 0% AUX@43C CPU@44C thermal@43.6C AO@43C GPU@43.5C PMIC@50C
1791263318.980596 10-06-2026 14:08:38 RAM 3813/6833MB (lfb 47x4MB) SWAP 206/3417MB (cached 1MB) CPU [19%@1420,4%@1420,0%@1420,100%@1420,0%@1420,0%@1420] EMC_FREQ 0% GR3D_FREQ 0% AUX@43C CPU@44C thermal@43.6C AO@43C GPU@43.5C PMIC@50C
1791263319.184357 10-06-2026 14:08:39 RAM 3813/6833MB (lfb 47x4MB) SWAP 206/3417MB (cached 1MB) CPU [5%@1420,0%@1420,33%@1420,63%@1420,0%@1420,0%@1420] EMC_FREQ 0% GR3D_FREQ 0% AUX@43C CPU@44C thermal@43.6C AO@43C GPU@43.5C PMIC@50C
1791263319.387613 10-06-2026 14:08:39 RAM 3813/6833MB (lfb 47x4MB) SWAP 206/3417MB (cached 1MB) CPU [9%@1420,5%@1420,100%@1420,0%@1420,0%@1420,0%@1420] EMC_FREQ 0% GR3D_FREQ 0% AUX@43C CPU@43.5C thermal@43.6C AO@43C GPU@43.5C PMIC@50C
1791263319.590890 10-06-2026 14:08:39 RAM 3813/6833MB (lfb 47x4MB) SWAP 206/3417MB (cached 1MB) CPU [0%@1420,4%@1420,40%@1420,61%@1420,0%@1420,0%@1420] EMC_FREQ 0% GR3D_FREQ 0% AUX@43C CPU@44C thermal@43.45C AO@43C GPU@43.5C PMIC@50C
1791263319.794473 10-06-2026 14:08:39 RAM 3812/6833MB (lfb 47x4MB) SWAP 206/3417MB (cached 1MB) CPU [4%@1190,0%@1190,17%@1190,60%@1420,0%@1420,0%@1420] EMC_FREQ 0% GR3D_FREQ 0% AUX@43C CPU@44C thermal@43.45C AO@43C GPU@43.5C PMIC@50C
1791263319.997892 10-06-2026 14:08:39 RAM 3812/6833MB (lfb 47x4MB) SWAP 206/3417MB (cached 1MB) CPU [0%@1420,0%@1420,100%@1420,0%@1420,0%@1420,0%@1420] EMC_FREQ 0% GR3D_FREQ 0% AUX@43C CPU@44C thermal@43.45C AO@43C GPU@43.5C PMIC@50C
1791263320.201174 10-06-2026 14:08:40 RAM 3812/6833MB (lfb 47x4MB) SWAP 206/3417MB (cached 1MB) CPU [0%@1420,0%@1420,100%@1420,0%@1420,0%@1420,0%@1420] EMC_FREQ 0% GR3D_FREQ 0% AUX@43C CPU@44C thermal@43.45C AO@42.5C GPU@43.5C PMIC@50C
1791263320.404508 10-06-2026 14:08:40 RAM 3812/6833MB (lfb 47x4MB) SWAP 206/3417MB (cached 1MB) CPU [0%@1420,9%@1420,100%@1420,9%@1420,0%@1420,0%@1420] EMC_FREQ 0% GR3D_FREQ 0% AUX@43C CPU@44C thermal@43.45C AO@43C GPU@43.5C PMIC@50C
1791263320.608049 10-06-2026 14:08:40 RAM 3812/6833MB (lfb 47x4MB) SWAP 206/3417MB (cached 1MB) CPU [4%@1420,9%@1420,76%@1420,10%@1420,0%@1420,0%@1420] EMC_FREQ 0% GR3D_FREQ 0% AUX@43C CPU@43.5C thermal@43.3C AO@43C GPU@43.5C PMIC@50C
1791263320.811241 10-06-2026 14:08:40 RAM 3814/6833MB (lfb 47x4MB) SWAP 204/3417MB (cached 1MB) CPU [0%@1420,0%@1420,4%@1420,100%@1420,0%@1420,0%@1420] EMC_FREQ 0% GR3D_FREQ 0% AUX@43C CPU@43.5C thermal@43.3C AO@42.5C GPU@43.5C PMIC@50C
1791263321.014837 10-06-2026 14:08:41 RAM 3814/6833MB (lfb 47x4MB) SWAP 204/3417MB (cached 1MB) CPU [4%@1420,0%@1420,10%@1420,50%@1420,0%@1420,0%@1420] EMC_FREQ 0% GR3D_FREQ 0% AUX@43C CPU@44C thermal@43.3C AO@42.5C GPU@43.5C PMIC@50C
1791263321.218266 10-06-2026 14:08:41 RAM 3814/6833MB (lfb 47x4MB) SWAP 204/3417MB (cached 1MB) CPU [4%@1420,0%@1420,0%@1420,95%@1420,0%@1420,0%@1420] EMC_FREQ 0% GR3D_FREQ 0% AUX@43C CPU@43.5C thermal@43.3C AO@43C GPU@43C PMIC@50C
1791263321.421608 10-06-2026 14:08:41 RAM 3814/6833MB (lfb 47x4MB) SWAP 204/3417MB (cached 1MB) CPU [5%@1420,4%@1420,0%@1420,100%@1420,0%@1420,0%@1420] EMC_FREQ 0% GR3D_FREQ 0% AUX@43C CPU@43.5C thermal@43.3C AO@43C GPU@43C PMIC@50C
1791263321.625200 10-06-2026 14:08:41 RAM 3815/6833MB (lfb 47x4MB) SWAP 204/3417MB (cached 1MB) CPU [0%@1420,0%@1420,10%@1420,52%@1420,0%@1420,0%@1420] EMC_FREQ 0% GR3D_FREQ 0% AUX@43C CPU@43.5C thermal@43.3C AO@43C GPU@43C PMIC@50C
1791263321.828862 10-06-2026 14:08:41 RAM 3815/6833MB (lfb 47x4MB) SWAP 204/3417MB (cached 1MB) CPU [0%@1420,13%@1420,0%@1420,100%@1420,0%@1420,0%@1420] EMC_FREQ 0% GR3D_FREQ 0% AUX@43C CPU@43.5C thermal@43.15C AO@43C GPU@43C PMIC@50C
1791263322.033160 10-06-2026 14:08:42 RAM 3814/6833MB (lfb 47x4MB) SWAP 204/3417MB (cached 1MB) CPU [9%@1420,5%@1420,0%@1420,25%@1420,65%@1420,4%@1420] EMC_FREQ 0% GR3D_FREQ 0% AUX@43C CPU@43.5C thermal@43.15C AO@43C GPU@43C PMIC@50C
1791263322.236688 10-06-2026 14:08:42 RAM 3814/6833MB (lfb 47x4MB) SWAP 204/3417MB (cached 1MB) CPU [0%@1420,5%@1420,95%@1420,4%@1420,0%@1420,0%@1420] EMC_FREQ 0% GR3D_FREQ 0% AUX@42.5C CPU@43.5C thermal@43.15C AO@43C GPU@43C PMIC@50C
1791263322.440584 10-06-2026 14:08:42 RAM 3814/6833MB (lfb 47x4MB) SWAP 204/3417MB (cached 1MB) CPU [0%@1420,10%@1420,100%@1420,0%@1420,0%@1420,0%@1420] EMC_FREQ 0% GR3D_FREQ 0% AUX@42.5C CPU@43.5C thermal@43.15C AO@42.5C GPU@43C PMIC@50C
1791263322.644388 10-06-2026 14:08:42 RAM 3788/6833MB (lfb 53x4MB) SWAP 203/3417MB (cached 1MB) CPU [4%@1420,5%@1420,100%@1420,0%@1420,0%@1420,4%@1420] EMC_FREQ 0% GR3D_FREQ 0% AUX@43C CPU@43.5C thermal@43.15C AO@42.5C GPU@43C PMIC@50C
1791263322.848231 10-06-2026 14:08:42 RAM 3775/6833MB (lfb 56x4MB) SWAP 202/3417MB (cached 1MB) CPU [0%@1420,5%@1420,100%@1420,0%@1420,0%@1420,0%@1420] EMC_FREQ 0% GR3D_FREQ 0% AUX@42.5C CPU@43.5C thermal@43.15C AO@43C GPU@43C PMIC@50C
1791263323.051912 10-06-2026 14:08:43 RAM 3771/6833MB (lfb 56x4MB) SWAP 201/3417MB (cached 1MB) CPU [0%@1420,13%@1420,100%@1420,0%@1420,0%@1420,0%@1420] EMC_FREQ 0% GR3D_FREQ 0% AUX@43C CPU@43.5C thermal@42.95C AO@42.5C GPU@43C PMIC@50C
1791263323.255344 10-06-2026 14:08:43 RAM 3725/6833MB (lfb 56x4MB) SWAP 201/3417MB (cached 1MB) CPU [0%@1420,4%@1420,100%@1420,0%@1420,0%@1420,0%@1420] EMC_FREQ 0% GR3D_FREQ 0% AUX@43C CPU@43.5C thermal@42.95C AO@43C GPU@43C PMIC@50C
1791263323.459065 10-06-2026 14:08:43 RAM 3640/6833MB (lfb 56x4MB) SWAP 201/3417MB (cached 1MB) CPU [4%@1420,0%@1420,100%@1420,0%@1420,0%@1420,0%@1420] EMC_FREQ 0% GR3D_FREQ 0% AUX@43C CPU@43.5C thermal@42.95C AO@42.5C GPU@43C PMIC@50C
1791263323.662428 10-06-2026 14:08:43 RAM 3583/6833MB (lfb 56x4MB) SWAP 200/3417MB (cached 1MB) CPU [0%@1420,0%@1420,100%@1420,13%@1420,0%@1420,0%@1420] EMC_FREQ 0% GR3D_FREQ 0% AUX@42.5C CPU@43.5C thermal@42.95C AO@42.5C GPU@43C PMIC@50C
1791263323.865803 10-06-2026 14:08:43 RAM 3269/6833MB (lfb 58x4MB) SWAP 196/3417MB (cached 1MB) CPU [0%@1420,0%@1420,57%@1420,21%@1420,9%@1420,4%@1420] EMC_FREQ 0% GR3D_FREQ 0% AUX@43C CPU@43.5C thermal@42.95C AO@42.5C GPU@42.5C PMIC@50C
1791263324.069153 10-06-2026 14:08:44 RAM 3269/6833MB (lfb 58x4MB) SWAP 196/3417MB (cached 1MB) CPU [4%@1190,5%@1190,0%@1420,0%@1420,0%@1420,0%@1420] EMC_FREQ 0% GR3D_FREQ 0% AUX@42.5C CPU@43.5C thermal@42.95C AO@42.5C GPU@42.5C PMIC@50C
1791263324.272625 10-06-2026 14:08:44 RAM 3269/6833MB (lfb 58x4MB) SWAP 196/3417MB (cached 1MB) CPU [0%@1190,0%@1190,0%@1190,0%@1190,0%@1190,0%@1190] EMC_FREQ 0% GR3D_FREQ 0% AUX@42.5C CPU@43.5C thermal@42.95C AO@42.5C GPU@43C PMIC@50C
1791263324.475844 10-06-2026 14:08:44 RAM 3264/6833MB (lfb 58x4MB) SWAP 196/3417MB (cached 1MB) CPU [4%@1420,4%@1420,4%@1420,61%@1420,0%@1420,0%@1420] EMC_FREQ 0% GR3D_FREQ 0% AUX@42.5C CPU@43.5C thermal@42.95C AO@42.5C GPU@43C PMIC@50C
1791263324.679139 10-06-2026 14:08:44 RAM 3259/6833MB (lfb 58x4MB) SWAP 195/3417MB (cached 1MB) CPU [9%@1420,52%@1420,0%@1420,9%@1420,0%@1420,4%@1420] EMC_FREQ 0% GR3D_FREQ 0% AUX@42.5C CPU@43.5C thermal@42.95C AO@42.5C GPU@43C PMIC@50C
1791263324.882723 10-06-2026 14:08:44 RAM 3253/6833MB (lfb 59x4MB) SWAP 195/3417MB (cached 1MB) CPU [5%@1190,40%@1190,0%@1420,0%@1420,0%@1420,4%@1420] EMC_FREQ 0% GR3D_FREQ 0% AUX@42.5C CPU@43.5C thermal@42.95C AO@42.5C GPU@42.5C PMIC@50C
1791263325.086325 10-06-2026 14:08:45 RAM 2732/6833MB (lfb 76x4MB) SWAP 195/3417MB (cached 1MB) CPU [9%@1420,5%@1420,70%@1420,0%@1420,4%@1420,0%@1420] EMC_FREQ 0% GR3D_FREQ 0% AUX@42.5C CPU@43.5C thermal@42.8C AO@42.5C GPU@42.5C PMIC@50C
1791263325.289801 10-06-2026 14:08:45 RAM 1738/6833MB (lfb 167x4MB) SWAP 195/3417MB (cached 1MB) CPU [0%@1420,0%@1420,23%@1420,0%@1420,78%@1420,0%@1420] EMC_FREQ 0% GR3D_FREQ 0% AUX@42.5C CPU@43.5C thermal@42.8C AO@42.5C GPU@42.5C PMIC@50C
