1791262243.017598 10-06-2026 13:50:43 RAM 1617/6833MB (lfb 180x4MB) SWAP 122/3417MB (cached 1MB) CPU [5%@1420,4%@1420,94%@1420,0%@1420,0%@1420,0%@1420] EMC_FREQ 0% GR3D_FREQ 0% AUX@42C CPU@43C thermal@42.45C AO@42.5C GPU@42.5C PMIC@50C
1791262243.220926 10-06-2026 13:50:43 RAM 1618/6833MB (lfb 180x4MB) SWAP 122/3417MB (cached 1MB) CPU [4%@1420,0%@1420,95%@1420,0%@1420,0%@1420,0%@1420] EMC_FREQ 0% GR3D_FREQ 0% AUX@42C CPU@43C thermal@42.45C AO@42.5C GPU@42.5C PMIC@50C
1791262243.424081 10-06-2026 13:50:43 RAM 1619/6833MB (lfb 180x4MB) SWAP 122/3417MB (cached 1MB) CPU [0%@1420,0%@1420,95%@1420,0%@1420,0%@1420,0%@1420] EMC_FREQ 0% GR3D_FREQ 0% AUX@42C CPU@43.5C thermal@42.45C AO@42.5C GPU@42.5C PMIC@50C
1791262243.627484 10-06-2026 13:50:43 RAM 1620/6833MB (lfb 180x4MB) SWAP 122/3417MB (cached 1MB) CPU [0%@1420,4%@1420,68%@1420,0%@1420,5%@1420,20%@1420] EMC_FREQ 0% GR3D_FREQ 0% AUX@42.5C CPU@43C thermal@42.45C AO@42.5C GPU@42.5C PMIC@50C
1791262243.830790 10-06-2026 13:50:43 RAM 1620/6833MB (lfb 180x4MB) SWAP 122/3417MB (cached 1MB) CPU [5%@1420,0%@1420,0%@1420,0%@1420,4%@1420,95%@1420] EMC_FREQ 0% GR3D_FREQ 0% AUX@42.5C CPU@43.5C thermal@42.45C AO@42.5C GPU@42.5C PMIC@50C
1791262244.034328 10-06-2026 13:50:44 RAM 1620/6833MB (lfb 180x4MB) SWAP 122/3417MB (cached 1MB) CPU [0%@1420,0%@1420,0%@1420,0%@1420,65%@1420,31%@1420] EMC_FREQ 0% GR3D_FREQ 0% AUX@42.5C CPU@43C thermal@42.45C AO@42.5C GPU@42.5C PMIC@50C
1791262244.237833 10-06-2026 13:50:44 RAM 1620/6833MB (lfb 180x4MB) SWAP 122/3417MB (cached 1MB) CPU [0%@1420,4%@1420,0%@1420,0%@1420,95%@1420,0%@1420] EMC_FREQ 0% GR3D_FREQ 0% AUX@42.5C CPU@43.5C thermal@42.45C AO@42.5C GPU@43C PMIC@50C
1791262244.441529 10-06-2026 13:50:44 RAM 1622/6833MB (lfb 180x4MB) SWAP 122/3417MB (cached 1MB) CPU [4%@1420,0%@1420,0%@1420,0%@1420,84%@1420,0%@1420] EMC_FREQ 0% GR3D_FREQ 0% AUX@42.5C CPU@43.5C thermal@42.8C AO@42.5C GPU@42.5C PMIC@50C
1791262244.645248 10-06-2026 13:50:44 RAM 1623/6833MB (lfb 180x4MB) SWAP 122/3417MB (cached 1MB) CPU [5%@1190,0%@1190,0%@1190,4%@1190,23%@1190,5%@1420] EMC_FREQ 0% GR3D_FREQ 0% AUX@42.5C CPU@43.5C thermal@42.8C AO@42.5C GPU@42.5C PMIC@50C
1791262244.849107 10-06-2026 13:50:44 RAM 1623/6833MB (lfb 180x4MB) SWAP 122/3417MB (cached 1MB) CPU [0%@1190,0%@1190,0%@1420,0%@1420,28%@1420,0%@1420] EMC_FREQ 0% GR3D_FREQ 0% AUX@42C CPU@43.5C thermal@42.8C AO@42.5C GPU@43C PMIC@50C
1791262245.053158 10-06-2026 13:50:45 RAM 1624/6833MB (lfb 180x4MB) SWAP 122/3417MB (cached 1MB) CPU [4%@1190,0%@1190,0%@1420,0%@1420,15%@1420,9%@1420] EMC_FREQ 0% GR3D_FREQ 0% AUX@42C CPU@43.5C thermal@42.8C AO@42.5C GPU@42.5C PMIC@50C
1791262245.256778 10-06-2026 13:50:45 RAM 1624/6833MB (lfb 180x4MB) SWAP 122/3417MB (cached 1MB) CPU [9%@1190,0%@1190,0%@1190,4%@1420,19%@1420,18%@1420] EMC_FREQ 0% GR3D_FREQ 0% AUX@42.5C CPU@43.5C thermal@42.8C AO@42.5C GPU@43C PMIC@50C
1791262245.460180 10-06-2026 13:50:45 RAM 1624/6833MB (lfb 180x4MB) SWAP 122/3417MB (cached 1MB) CPU [0%@1190,0%@1190,0%@1190,0%@1190,10%@1190,0%@1190] EMC_FREQ 0% GR3D_FREQ 0% AUX@42.5C CPU@43C thermal@42.95C AO@42.5C GPU@42.5C PMIC@50C
1791262245.663469 10-06-2026 13:50:45 RAM 1625/6833MB (lfb 180x4MB) SWAP 122/3417MB (cached 1MB) CPU [0%@1420,0%@1420,0%@1420,0%@1420,0%@1420,75%@1420] EMC_FREQ 0% GR3D_FREQ 0% AUX@42.5C CPU@43.5C thermal@42.95C AO@42.5C GPU@42.5C PMIC@50C
1791262245.866843 10-06-2026 13:50:45 RAM 1626/6833MB (lfb 180x4MB) SWAP 122/3417MB (cached 1MB) CPU [4%@1190,68%@1190,0%@1190,0%@1190,4%@1190,60%@1190] EMC_FREQ 0% GR3D_FREQ 0% AUX@42.5C CPU@43.5C thermal@42.95C AO@42.5C GPU@42.5C PMIC@50C
1791262246.070447 10-06-2026 13:50:46 RAM 1630/6833MB (lfb 180x4MB) SWAP 122/3417MB (cached 1MB) CPU [0%@1420,5%@1420,0%@1420,0%@1420,0%@1420,66%@1420] EMC_FREQ 0% GR3D_FREQ 0% AUX@42.5C CPU@43.5C thermal@42.95C AO@42.5C GPU@42.5C PMIC@50C
1791262246.273890 10-06-2026 13:50:46 RAM 1643/6833MB (lfb 180x4MB) SWAP 122/3417MB (cached 1MB) CPU [50%@1420,50%@1420,50%@1420,52%@1420,52%@1420,95%@1420] EMC_FREQ 0% GR3D_FREQ 0% AUX@42.5C CPU@43.5C thermal@42.95C AO@42.5C GPU@43C PMIC@50C
1791262246.569261 10-06-2026 13:50:46 RAM 1644/6833MB (lfb 180x4MB) SWAP 122/3417MB (cached 1MB) CPU [100%@1420,100%@1420,100%@1420,100%@1420,100%@1420,90%@1420] EMC_FREQ 0% GR3D_FREQ 0% AUX@42.5C CPU@44C thermal@42.95C AO@42.5C GPU@42.5C PMIC@50C
1791262246.776052 10-06-2026 13:50:46 RAM 1647/6833MB (lfb 180x4MB) SWAP 122/3417MB (cached 1MB) CPU [85%@1420,100%@1420,100%@1420,100%@1420,100%@1420,100%@1420] EMC_FREQ 0% GR3D_FREQ 0% AUX@42.5C CPU@44C thermal@42.95C AO@42.5C GPU@43C PMIC@50C
1791262247.015871 10-06-2026 13:50:47 RAM 1649/6833MB (lfb 180x4MB) SWAP 122/3417MB (cached 1MB) CPU [95%@1420,100%@1420,100%@1420,100%@1420,100%@1420,100%@1420] EMC_FREQ 0% GR3D_FREQ 0% AUX@42.5C CPU@44C thermal@42.95C AO@42.5C GPU@43C PMIC@50C
1791262247.220109 10-06-2026 13:50:47 RAM 1650/6833MB (lfb 180x4MB) SWAP 122/3417MB (cached 1MB) CPU [50%@1420,100%@1420,100%@1420,100%@1420,100%@1420,100%@1420] EMC_FREQ 0% GR3D_FREQ 0% AUX@42.5C CPU@44C thermal@42.95C AO@42.5C GPU@43C PMIC@50C
1791262247.423432 10-06-2026 13:50:47 RAM 1653/6833MB (lfb 180x4MB) SWAP 122/3417MB (cached 1MB) CPU [100%@1420,100%@1420,100%@1420,100%@1420,100%@1420,81%@1420] EMC_FREQ 0% GR3D_FREQ 0% AUX@42.5C CPU@44C thermal@42.95C AO@42.5C GPU@43C PMIC@50C
1791262247.626995 10-06-2026 13:50:47 RAM 1655/6833MB (lfb 180x4MB) SWAP 122/3417MB (cached 1MB) CPU [100%@1420,100%@1420,100%@1420,100%@1420,100%@1420,90%@1420] EMC_FREQ 0% GR3D_FREQ 0% AUX@42.5C CPU@44C thermal@42.95C AO@42.5C GPU@43C PMIC@50C
1791262247.830367 10-06-2026 13:50:47 RAM 1659/6833MB (lfb 180x4MB) SWAP 122/3417MB (cached 1MB) CPU [100%@1420,100%@1420,100%@1420,100%@1420,100%@1420,90%@1420] EMC_FREQ 0% GR3D_FREQ 0% AUX@43C CPU@44.5C thermal@43.1C AO@42.5C GPU@43C PMIC@50C
1791262248.033816 10-06-2026 13:50:48 RAM 1665/6833MB (lfb 180x4MB) SWAP 122/3417MB (cached 1MB) CPU [100%@1420,100%@1420,100%@1420,100%@1420,100%@1420,100%@1420] EMC_FREQ 0% GR3D_FREQ 0% AUX@42.5C CPU@44C thermal@43.1C AO@42.5C GPU@43C PMIC@50C
1791262248.237363 10-06-2026 13:50:48 RAM 1666/6833MB (lfb 180x4MB) SWAP 122/3417MB (cached 1MB) CPU [100%@1420,100%@1420,100%@1420,100%@1420,100%@1420,94%@1420] EMC_FREQ 0% GR3D_FREQ 0% AUX@42.5C CPU@44C thermal@43.1C AO@43C GPU@43C PMIC@50C
1791262248.441406 10-06-2026 13:50:48 RAM 1668/6833MB (lfb 180x4MB) SWAP 122/3417MB (cached 1MB) CPU [100%@1420,100%@1420,100%@1420,100%@1420,100%@1420,100%@1420] EMC_FREQ 0% GR3D_FREQ 0% AUX@43C CPU@44C thermal@43.1C AO@43C GPU@43C PMIC@50C
1791262248.645230 10-06-2026 13:50:48 RAM 1667/6833MB (lfb 180x4MB) SWAP 122/3417MB (cached 1MB) CPU [100%@1420,100%@1420,100%@1420,85%@1420,100%@1420,75%@1420] EMC_FREQ 0% GR3D_FREQ 6% AUX@43C CPU@44C thermal@43.1C AO@43C GPU@43.5C PMIC@50C
1791262248.893256 10-06-2026 13:50:48 RAM 1667/6833MB (lfb 180x4MB) SWAP 122/3417MB (cached 1MB) CPU [100%@1420,100%@1420,100%@1420,83%@1420,100%@1420,100%@1420] EMC_FREQ 0% GR3D_FREQ 0% AUX@43C CPU@44.5C thermal@43.45C AO@43C GPU@43C PMIC@50C
1791262249.150726 10-06-2026 13:50:49 RAM 1666/6833MB (lfb 180x4MB) SWAP 122/3417MB (cached 1MB) CPU [100%@1420,100%@1420,100%@1420,100%@1420,100%@1420,100%@1420] EMC_FREQ 0% GR3D_FREQ 0% AUX@43C CPU@44.5C thermal@43.45C AO@43C GPU@43C PMIC@50C
1791262249.346373 10-06-2026 13:50:49 RAM 1668/6833MB (lfb 180x4MB) SWAP 122/3417MB (cached 1MB) CPU [100%@1420,100%@1420,100%@1420,60%@1420,100%@1420,100%@1420] EMC_FREQ 0% GR3D_FREQ 0% AUX@43C CPU@44.5C thermal@43.45C AO@43C GPU@43C PMIC@50C
1791262249.550009 10-06-2026 13:50:49 RAM 1690/6833MB (lfb 180x4MB) SWAP 122/3417MB (cached 1MB) CPU [100%@1420,100%@1420,100%@1420,85%@1420,100%@1420,100%@1420] EMC_FREQ 0% GR3D_FREQ 0% AUX@43C CPU@44.5C thermal@43.45C AO@43C GPU@43C PMIC@50C
1791262249.754102 10-06-2026 13:50:49 RAM 1698/6833MB (lfb 180x4MB) SWAP 122/3417MB (cached 1MB) CPU [76%@1420,100%@1420,100%@1420,85%@1420,100%@1420,100%@1420] EMC_FREQ 0% GR3D_FREQ 0% AUX@43C CPU@44.5C thermal@43.45C AO@43C GPU@43C PMIC@50C
1791262249.957557 10-06-2026 13:50:49 RAM 1717/6833MB (lfb 180x4MB) SWAP 122/3417MB (cached 1MB) CPU [100%@1420,15%@1420,100%@1420,100%@1420,100%@1420,100%@1420] EMC_FREQ 0% GR3D_FREQ 0% AUX@43C CPU@44.5C thermal@43.6C AO@43C GPU@43C PMIC@50C
1791262250.161033 10-06-2026 13:50:50 RAM 1726/6833MB (lfb 180x4MB) SWAP 122/3417MB (cached 1MB) CPU [100%@1420,100%@1420,100%@1420,95%@1420,100%@1420,80%@1420] EMC_FREQ 0% GR3D_FREQ 0% AUX@43C CPU@44.5C thermal@43.6C AO@43C GPU@43.5C PMIC@50C
1791262250.364671 10-06-2026 13:50:50 RAM 1747/6833MB (lfb 180x4MB) SWAP 122/3417MB (cached 1MB) CPU [100%@1420,100%@1420,100%@1420,100%@1420,100%@1420,50%@1420] EMC_FREQ 0% GR3D_FREQ 0% AUX@43C CPU@44.5C thermal@43.6C AO@43C GPU@43.5C PMIC@50C
1791262250.568149 10-06-2026 13:50:50 RAM 1754/6833MB (lfb 180x4MB) SWAP 122/3417MB (cached 1MB) CPU [100%@1420,100%@1420,100%@1420,100%@1420,100%@1420,95%@1420] EMC_FREQ 0% GR3D_FREQ 0% AUX@43C CPU@44.5C thermal@43.6C AO@43C GPU@43.5C PMIC@50C
1791262250.771537 10-06-2026 13:50:50 RAM 1755/6833MB (lfb 180x4MB) SWAP 122/3417MB (cached 1MB) CPU [100%@1420,52%@1420,100%@1420,100%@1420,100%@1420,85%@1420] EMC_FREQ 0% GR3D_FREQ 0% AUX@43C CPU@44.5C thermal@43.6C AO@43.5C GPU@43.5C PMIC@50C
1791262250.980278 10-06-2026 13:50:50 RAM 1758/6833MB (lfb 180x4MB) SWAP 122/3417MB (cached 1MB) CPU [100%@1420,100%@1420,100%@1420,100%@1420,90%@1420,100%@1420] EMC_FREQ 0% GR3D_FREQ 0% AUX@43.5C CPU@44.5C thermal@43.6C AO@43C GPU@43.5C PMIC@50C
1791262251.184768 10-06-2026 13:50:51 RAM 1759/6833MB (lfb 180x4MB) SWAP 122/3417MB (cached 1MB) CPU [100%@1420,100%@1420,100%@1420,100%@1420,100%@1420,100%@1420] EMC_FREQ 0% GR3D_FREQ 0% AUX@43.5C CPU@45C thermal@43.8C AO@43.5C GPU@43.5C PMIC@50C
1791262251.388534 10-06-2026 13:50:51 RAM 1762/6833MB (lfb 180x4MB) SWAP 122/3417MB (cached 1MB) CPU [100%@1420,100%@1420,100%@1420,100%@1420,100%@1420,100%@1420] EMC_FREQ 0% GR3D_FREQ 0% AUX@43.5C CPU@45C thermal@43.8C AO@43C GPU@43.5C PMIC@50C
1791262251.592105 10-06-2026 13:50:51 RAM 1766/6833MB (lfb 180x4MB) SWAP 122/3417MB (cached 1MB) CPU [100%@1420,100%@1420,100%@1420,100%@1420,100%@1420,100%@1420] EMC_FREQ 0% GR3D_FREQ 0% AUX@43.5C CPU@45C thermal@43.8C AO@43C GPU@43.5C PMIC@50C
1791262251.795321 10-06-2026 13:50:51 RAM 1769/6833MB (lfb 180x4MB) SWAP 122/3417MB (cached 1MB) CPU [100%@1420,100%@1420,100%@1420,100%@1420,100%@1420,100%@1420] EMC_FREQ 0% GR3D_FREQ 0% AUX@43C CPU@45C thermal@43.8C AO@43C GPU@43.5C PMIC@50C
1791262251.998667 10-06-2026 13:50:51 RAM 1771/6833MB (lfb 180x4MB) SWAP 122/3417MB (cached 1MB) CPU [100%@1420,100%@1420,100%@1420,100%@1420,100%@1420,100%@1420] EMC_FREQ 0% GR3D_FREQ 0% AUX@43.5C CPU@45C thermal@43.8C AO@43.5C GPU@43.5C PMIC@50C
1791262252.202394 10-06-2026 13:50:52 RAM 1774/6833MB (lfb 180x4MB) SWAP 122/3417MB (cached 1MB) CPU [100%@1420,100%@1420,100%@1420,100%@1420,100%@1420,100%@1420] EMC_FREQ 0% GR3D_FREQ 0% AUX@43.5C CPU@45C thermal@43.95C AO@43.5C GPU@43.5C PMIC@50C
1791262252.406442 10-06-2026 13:50:52 RAM 1778/6833MB (lfb 180x4MB) SWAP 122/3417MB (cached 1MB) CPU [100%@1420,100%@1420,100%@1420,100%@1420,100%@1420,100%@1420] EMC_FREQ 0% GR3D_FREQ 0% AUX@43.5C CPU@45C thermal@43.95C AO@43.5C GPU@43.5C PMIC@50C
1791262252.609887 10-06-2026 13:50:52 RAM 1781/6833MB (lfb 180x4MB) SWAP 122/3417MB (cached 1MB) CPU [100%@1420,100%@1420,100%@1420,100%@1420,100%@1420,100%@1420] EMC_FREQ 0% GR3D_FREQ 0% AUX@43.5C CPU@45.5C thermal@43.95C AO@43.5C GPU@43.5C PMIC@50C
1791262252.813209 10-06-2026 13:50:52 RAM 1786/6833MB (lfb 180x4MB) SWAP 122/3417MB (cached 1MB) CPU [100%@1420,100%@1420,100%@1420,100%@1420,100%@1420,100%@1420] EMC_FREQ 0% GR3D_FREQ 0% AUX@43.5C CPU@45.5C thermal@43.95C AO@43.5C GPU@43.5C PMIC@50C
1791262253.016463 10-06-2026 13:50:53 RAM 1788/6833MB (lfb 180x4MB) SWAP 122/3417MB (cached 1MB) CPU [100%@1420,100%@1420,100%@1420,100%@1420,100%@1420,100%@1420] EMC_FREQ 0% GR3D_FREQ 0% AUX@43.5C CPU@45.5C thermal@43.95C AO@43.5C GPU@44C PMIC@50C
1791262253.219882 10-06-2026 13:50:53 RAM 1789/6833MB (lfb 180x4MB) SWAP 122/3417MB (cached 1MB) CPU [100%@1420,100%@1420,100%@1420,100%@1420,100%@1420,100%@1420] EMC_FREQ 0% GR3D_FREQ 0% AUX@44C CPU@45C thermal@43.95C AO@43.5C GPU@43.5C PMIC@50C
1791262253.423540 10-06-2026 13:50:53 RAM 1792/6833MB (lfb 180x4MB) SWAP 122/3417MB (cached 1MB) CPU [100%@1420,100%@1420,100%@1420,100%@1420,100%@1420,100%@1420] EMC_FREQ 0% GR3D_FREQ 0% AUX@44C CPU@45C thermal@43.95C AO@43.5C GPU@44C PMIC@50C
1791262253.626888 10-06-2026 13:50:53 RAM 1795/6833MB (lfb 180x4MB) SWAP 122/3417MB (cached 1MB) CPU [100%@1420,100%@1420,100%@1420,100%@1420,100%@1420,100%@1420] EMC_FREQ 0% GR3D_FREQ 0% AUX@43.5C CPU@45.5C thermal@43.95C AO@43.5C GPU@44C PMIC@50C
1791262253.830564 10-06-2026 13:50:53 RAM 1800/6833MB (lfb 180x4MB) SWAP 121/3417MB (cached 1MB) CPU [100%@1420,100%@1420,100%@1420,100%@1420,100%@1420,100%@1420] EMC_FREQ 0% GR3D_FREQ 0% AUX@44C CPU@45.5C thermal@43.95C AO@43.5C GPU@44C PMIC@50C
1791262254.040725 10-06-2026 13:50:54 RAM 1806/6833MB (lfb 180x4MB) SWAP 121/3417MB (cached 1MB) CPU [100%@1420,100%@1420,100%@1420,100%@1420,100%@1420,95%@1420] EMC_FREQ 0% GR3D_FREQ 0% AUX@43.5C CPU@45C thermal@43.95C AO@43.5C GPU@44C PMIC@50C
1791262254.245591 10-06-2026 13:50:54 RAM 1815/6833MB (lfb 180x4MB) SWAP 121/3417MB (cached 1MB) CPU [100%@1420,100%@1420,100%@1420,100%@1420,100%@1420,100%@1420] EMC_FREQ 0% GR3D_FREQ 0% AUX@44C CPU@45.5C thermal@43.95C AO@43.5C GPU@44C PMIC@50C
1791262254.449222 10-06-2026 13:50:54 RAM 1816/6833MB (lfb 180x4MB) SWAP 121/3417MB (cached 1MB) CPU [100%@1420,100%@1420,100%@1420,100%@1420,95%@1420,90%@1420] EMC_FREQ 0% GR3D_FREQ 0% AUX@44C CPU@45.5C thermal@44.1C AO@43.5C GPU@44C PMIC@50C
1791262254.652446 10-06-2026 13:50:54 RAM 1818/6833MB (lfb 180x4MB) SWAP 121/3417MB (cached 1MB) CPU [100%@1420,100%@1420,100%@1420,100%@1420,100%@1420,90%@1420] EMC_FREQ 0% GR3D_FREQ 0% AUX@43.5C CPU@45C thermal@44.1C AO@43.5C GPU@44C PMIC@50C
1791262254.870322 10-06-2026 13:50:54 RAM 1821/6833MB (lfb 180x4MB) SWAP 121/3417MB (cached 1MB) CPU [95%@1420,100%@1420,100%@1420,100%@1420,100%@1420,90%@1420] EMC_FREQ 0% GR3D_FREQ 0% AUX@44C CPU@45.5C thermal@44.1C AO@43.5C GPU@44C PMIC@50C
1791262255.073812 10-06-2026 13:50:55 RAM 1823/6833MB (lfb 180x4MB) SWAP 121/3417MB (cached 1MB) CPU [84%@1420,100%@1420,100%@1420,100%@1420,100%@1420,100%@1420] EMC_FREQ 0% GR3D_FREQ 0% AUX@44C CPU@45C thermal@44.1C AO@43.5C GPU@44C PMIC@50C
1791262255.286373 10-06-2026 13:50:55 RAM 1823/6833MB (lfb 180x4MB) SWAP 121/3417MB (cached 1MB) CPU [95%@1420,100%@1420,100%@1420,100%@1420,100%@1420,100%@1420] EMC_FREQ 0% GR3D_FREQ 0% AUX@44C CPU@45.5C thermal@44.1C AO@43.5C GPU@44C PMIC@50C
1791262255.489614 10-06-2026 13:50:55 RAM 1826/6833MB (lfb 180x4MB) SWAP 121/3417MB (cached 1MB) CPU [95%@1420,80%@1420,100%@1420,100%@1420,100%@1420,100%@1420] EMC_FREQ 0% GR3D_FREQ 0% AUX@43.5C CPU@45.5C thermal@44.45C AO@43.5C GPU@44C PMIC@50C
1791262255.693098 10-06-2026 13:50:55 RAM 1827/6833MB (lfb 180x4MB) SWAP 121/3417MB (cached 1MB) CPU [100%@1420,90%@1420,100%@1420,100%@1420,100%@1420,100%@1420] EMC_FREQ 0% GR3D_FREQ 0% AUX@44C CPU@45.5C thermal@44.45C AO@43.5C GPU@44C PMIC@50C
1791262255.896414 10-06-2026 13:50:55 RAM 1827/6833MB (lfb 180x4MB) SWAP 121/3417MB (cached 1MB) CPU [95%@1420,89%@1420,100%@1420,100%@1420,100%@1420,100%@1420] EMC_FREQ 0% GR3D_FREQ 0% AUX@44C CPU@45.5C thermal@44.45C AO@43.5C GPU@44C PMIC@50C
1791262256.162646 10-06-2026 13:50:56 RAM 1829/6833MB (lfb 180x4MB) SWAP 121/3417MB (cached 1MB) CPU [100%@1420,92%@1420,100%@1420,100%@1420,100%@1420,100%@1420] EMC_FREQ 0% GR3D_FREQ 0% AUX@44C CPU@45.5C thermal@44.45C AO@43.5C GPU@44C PMIC@50C
1791262256.371907 10-06-2026 13:50:56 RAM 1831/6833MB (lfb 180x4MB) SWAP 121/3417MB (cached 1MB) CPU [100%@1420,76%@1420,100%@1420,100%@1420,100%@1420,100%@1420] EMC_FREQ 0% GR3D_FREQ 0% AUX@44C CPU@45.5C thermal@44.45C AO@43.5C GPU@44C PMIC@50C
1791262256.575179 10-06-2026 13:50:56 RAM 1832/6833MB (lfb 180x4MB) SWAP 121/3417MB (cached 1MB) CPU [90%@1420,100%@1420,100%@1420,100%@1420,95%@1420,90%@1420] EMC_FREQ 0% GR3D_FREQ 0% AUX@44C CPU@45.5C thermal@44.45C AO@43.5C GPU@44C PMIC@50C
1791262256.778809 10-06-2026 13:50:56 RAM 1833/6833MB (lfb 180x4MB) SWAP 121/3417MB (cached 1MB) CPU [100%@1420,100%@1420,100%@1420,100%@1420,100%@1420,85%@1420] EMC_FREQ 0% GR3D_FREQ 0% AUX@44C CPU@45.5C thermal@44.3C AO@43.5C GPU@44C PMIC@50C
1791262256.983184 10-06-2026 13:50:56 RAM 1835/6833MB (lfb 180x4MB) SWAP 121/3417MB (cached 1MB) CPU [100%@1420,100%@1420,100%@1420,100%@1420,95%@1420,90%@1420] EMC_FREQ 0% GR3D_FREQ 0% AUX@44C CPU@45.5C thermal@44.3C AO@44C GPU@44C PMIC@50C
1791262257.186756 10-06-2026 13:50:57 RAM 1835/6833MB (lfb 180x4MB) SWAP 121/3417MB (cached 1MB) CPU [100%@1420,100%@1420,100%@1420,100%@1420,95%@1420,100%@1420] EMC_FREQ 0% GR3D_FREQ 0% AUX@44C CPU@45.5C thermal@44.3C AO@43.5C GPU@44C PMIC@50C
1791262257.390045 10-06-2026 13:50:57 RAM 1836/6833MB (lfb 180x4MB) SWAP 121/3417MB (cached 1MB) CPU [100%@1420,100%@1420,100%@1420,100%@1420,85%@1420,100%@1420] EMC_FREQ 0% GR3D_FREQ 0% AUX@44C CPU@45.5C thermal@44.3C AO@44C GPU@44C PMIC@50C
1791262257.595493 10-06-2026 13:50:57 RAM 1837/6833MB (lfb 180x4MB) SWAP 121/3417MB (cached 1MB) CPU [100%@1420,100%@1420,100%@1420,100%@1420,89%@1420,100%@1420] EMC_FREQ 0% GR3D_FREQ 0% AUX@44C CPU@45.5C thermal@44.3C AO@44C GPU@44C PMIC@50C
1791262257.799153 10-06-2026 13:50:57 RAM 1840/6833MB (lfb 180x4MB) SWAP 121/3417MB (cached 1MB) CPU [100%@1420,100%@1420,100%@1420,100%@1420,86%@1420,100%@1420] EMC_FREQ 0% GR3D_FREQ 0% AUX@44C CPU@45.5C thermal@44.6C AO@44C GPU@44C PMIC@50C
1791262258.002617 10-06-2026 13:50:57 RAM 1843/6833MB (lfb 180x4MB) SWAP 121/3417MB (cached 1MB) CPU [100%@1420,100%@1420,100%@1420,100%@1420,83%@1420,100%@1420] EMC_FREQ 0% GR3D_FREQ 0% AUX@44C CPU@45C thermal@44.6C AO@44C GPU@44.5C PMIC@50C
1791262258.206152 10-06-2026 13:50:58 RAM 1843/6833MB (lfb 180x4MB) SWAP 121/3417MB (cached 1MB) CPU [94%@1420,100%@1420,100%@1420,100%@1420,90%@1420,100%@1420] EMC_FREQ 0% GR3D_FREQ 0% AUX@44C CPU@45.5C thermal@44.6C AO@44C GPU@44.5C PMIC@50C
1791262258.409670 10-06-2026 13:50:58 RAM 1845/6833MB (lfb 180x4MB) SWAP 121/3417MB (cached 1MB) CPU [100%@1420,100%@1420,100%@1420,100%@1420,85%@1420,100%@1420] EMC_FREQ 0% GR3D_FREQ 0% AUX@44C CPU@45.5C thermal@44.6C AO@44C GPU@44C PMIC@50C
1791262258.613029 10-06-2026 13:50:58 RAM 1849/6833MB (lfb 180x4MB) SWAP 121/3417MB (cached 1MB) CPU [100%@1420,100%@1420,100%@1420,100%@1420,73%@1420,100%@1420] EMC_FREQ 0% GR3D_FREQ 0% AUX@44C CPU@45.5C thermal@44.6C AO@44C GPU@44.5C PMIC@50C
1791262258.816680 10-06-2026 13:50:58 RAM 1850/6833MB (lfb 180x4MB) SWAP 121/3417MB (cached 1MB) CPU [100%@1420,100%@1420,100%@1420,100%@1420,94%@1420,100%@1420] EMC_FREQ 0% GR3D_FREQ 0% AUX@44C CPU@45.5C thermal@44.6C AO@44C GPU@44.5C PMIC@50C
1791262259.019966 10-06-2026 13:50:59 RAM 1850/6833MB (lfb 180x4MB) SWAP 121/3417MB (cached 1MB) CPU [100%@1420,100%@1420,100%@1420,100%@1420,95%@1420,100%@1420] EMC_FREQ 0% GR3D_FREQ 0% AUX@44.5C CPU@45.5C thermal@44.6C AO@44C GPU@44.5C PMIC@50C
1791262259.224299 10-06-2026 13:50:59 RAM 1850/6833MB (lfb 180x4MB) SWAP 121/3417MB (cached 1MB) CPU [95%@1420,95%@1420,100%@1420,100%@1420,95%@1420,100%@1420] EMC_FREQ 0% GR3D_FREQ 0% AUX@44C CPU@45.5C thermal@44.6C AO@44C GPU@44.5C PMIC@50C
1791262259.427526 10-06-2026 13:50:59 RAM 1850/6833MB (lfb 180x4MB) SWAP 121/3417MB (cached 1MB) CPU [100%@1420,100%@1420,100%@1420,100%@1420,95%@1420,100%@1420] EMC_FREQ 0% GR3D_FREQ 0% AUX@44C CPU@45.5C thermal@44.6C AO@44C GPU@44.5C PMIC@50C
1791262259.631056 10-06-2026 13:50:59 RAM 1851/6833MB (lfb 180x4MB) SWAP 121/3417MB (cached 1MB) CPU [100%@1420,100%@1420,100%@1420,100%@1420,94%@1420,100%@1420] EMC_FREQ 0% GR3D_FREQ 0% AUX@44C CPU@45.5C thermal@44.6C AO@44C GPU@44.5C PMIC@50C
1791262259.834310 10-06-2026 13:50:59 RAM 1852/6833MB (lfb 180x4MB) SWAP 121/3417MB (cached 1MB) CPU [90%@1420,89%@1420,86%@1420,85%@1420,85%@1420,89%@1420] EMC_FREQ 0% GR3D_FREQ 0% AUX@44C CPU@45.5C thermal@44.6C AO@44C GPU@44.5C PMIC@50C
1791262260.037778 10-06-2026 13:51:00 RAM 1854/6833MB (lfb 180x4MB) SWAP 121/3417MB (cached 1MB) CPU [18%@1420,13%@1420,5%@1420,0%@1420,88%@1420,4%@1420] EMC_FREQ 0% GR3D_FREQ 0% AUX@44.5C CPU@45.5C thermal@44.6C AO@44C GPU@44.5C PMIC@50C
1791262260.241476 10-06-2026 13:51:00 RAM 1857/6833MB (lfb 180x4MB) SWAP 121/3417MB (cached 1MB) CPU [15%@1420,5%@1420,5%@1420,9%@1420,77%@1420,5%@1420] EMC_FREQ 0% GR3D_FREQ 0% AUX@44.5C CPU@45.5C thermal@44.6C AO@44.5C GPU@44.5C PMIC@50C
1791262260.444761 10-06-2026 13:51:00 RAM 1861/6833MB (lfb 180x4MB) SWAP 121/3417MB (cached 1MB) CPU [14%@1420,0%@1420,0%@1420,10%@1420,36%@1420,38%@1420] EMC_FREQ 0% GR3D_FREQ 0% AUX@44C CPU@45.5C thermal@44.6C AO@44C GPU@44.5C PMIC@50C
1791262260.648071 10-06-2026 13:51:00 RAM 1861/6833MB (lfb 180x4MB) SWAP 121/3417MB (cached 1MB) CPU [15%@1420,9%@1420,10%@1420,9%@1420,0%@1420,95%@1420] EMC_FREQ 0% GR3D_FREQ 0% AUX@44C CPU@45C thermal@44.6C AO@44C GPU@44.5C PMIC@50C
1791262260.851370 10-06-2026 13:51:00 RAM 1862/6833MB (lfb 180x4MB) SWAP 121/3417MB (cached 1MB) CPU [0%@1420,10%@1420,4%@1420,0%@1420,5%@1420,88%@1420] EMC_FREQ 0% GR3D_FREQ 0% AUX@44C CPU@45.5C thermal@44.6C AO@44C GPU@44.5C PMIC@50C
1791262261.054680 10-06-2026 13:51:01 RAM 1863/6833MB (lfb 180x4MB) SWAP 121/3417MB (cached 1MB) CPU [4%@1420,14%@1420,9%@1420,0%@1420,0%@1420,85%@1420] EMC_FREQ 0% GR3D_FREQ 0% AUX@44.5C CPU@45C thermal@44.6C AO@44C GPU@44.5C PMIC@50C
1791262261.258293 10-06-2026 13:51:01 RAM 1864/6833MB (lfb 180x4MB) SWAP 121/3417MB (cached 1MB) CPU [14%@1420,10%@1420,9%@1420,9%@1420,0%@1420,90%@1420] EMC_FREQ 0% GR3D_FREQ 0% AUX@44.5C CPU@45C thermal@44.6C AO@44C GPU@44.5C PMIC@50C
1791262261.461656 10-06-2026 13:51:01 RAM 1865/6833MB (lfb 180x4MB) SWAP 121/3417MB (cached 1MB) CPU [9%@1420,0%@1420,5%@1420,0%@1420,90%@1420,5%@1420] EMC_FREQ 0% GR3D_FREQ 0% AUX@44.5C CPU@45C thermal@44.6C AO@44C GPU@44.5C PMIC@50C
1791262261.665001 10-06-2026 13:51:01 RAM 1867/6833MB (lfb 180x4MB) SWAP 121/3417MB (cached 1MB) CPU [5%@1420,9%@1420,5%@1420,10%@1420,80%@1420,0%@1420] EMC_FREQ 0% GR3D_FREQ 0% AUX@44.5C CPU@45.5C thermal@44.6C AO@44C GPU@44.5C PMIC@50C
1791262261.868177 10-06-2026 13:51:01 RAM 1867/6833MB (lfb 180x4MB) SWAP 121/3417MB (cached 1MB) CPU [5%@1420,5%@1420,5%@1420,5%@1420,94%@1420,4%@1420] EMC_FREQ 0% GR3D_FREQ 0% AUX@44C CPU@45C thermal@44.6C AO@44C GPU@44.5C PMIC@50C
1791262262.071390 10-06-2026 13:51:02 RAM 1867/6833MB (lfb 180x4MB) SWAP 121/3417MB (cached 1MB) CPU [4%@1420,9%@1420,9%@1420,9%@1420,95%@1420,4%@1420] EMC_FREQ 0% GR3D_FREQ 0% AUX@44.5C CPU@45.5C thermal@44.6C AO@44.5C GPU@44.5C PMIC@50C
1791262262.274651 10-06-2026 13:51:02 RAM 1871/6833MB (lfb 180x4MB) SWAP 121/3417MB (cached 1MB) CPU [0%@1420,0%@1420,10%@1420,5%@1420,100%@1420,0%@1420] EMC_FREQ 0% GR3D_FREQ 0% AUX@44.5C CPU@45.5C thermal@44.8C AO@44C GPU@44.5C PMIC@50C
1791262262.477893 10-06-2026 13:51:02 RAM 1872/6833MB (lfb 180x4MB) SWAP 121/3417MB (cached 1MB) CPU [0%@1420,5%@1420,10%@1420,13%@1420,95%@1420,4%@1420] EMC_FREQ 0% GR3D_FREQ 0% AUX@44.5C CPU@45.5C thermal@44.8C AO@44.5C GPU@44.5C PMIC@50C
1791262262.681231 10-06-2026 13:51:02 RAM 1875/6833MB (lfb 180x4MB) SWAP 121/3417MB (cached 1MB) CPU [9%@1420,10%@1420,13%@1420,5%@1420,100%@1420,4%@1420] EMC_FREQ 0% GR3D_FREQ 0% AUX@44.5C CPU@45.5C thermal@44.8C AO@44C GPU@44.5C PMIC@50C
1791262262.884691 10-06-2026 13:51:02 RAM 1876/6833MB (lfb 180x4MB) SWAP 121/3417MB (cached 1MB) CPU [10%@1420,0%@1420,0%@1420,10%@1420,95%@1420,0%@1420] EMC_FREQ 0% GR3D_FREQ 0% AUX@44.5C CPU@45.5C thermal@44.8C AO@44.5C GPU@44.5C PMIC@50C
1791262263.088543 10-06-2026 13:51:03 RAM 1876/6833MB (lfb 180x4MB) SWAP 121/3417MB (cached 1MB) CPU [9%@1420,9%@1420,0%@1420,14%@1420,94%@1420,0%@1420] EMC_FREQ 0% GR3D_FREQ 0% AUX@44.5C CPU@45.5C thermal@44.8C AO@44.5C GPU@44.5C PMIC@50C
1791262263.291784 10-06-2026 13:51:03 RAM 1877/6833MB (lfb 180x4MB) SWAP 121/3417MB (cached 1MB) CPU [9%@1420,5%@1420,9%@1420,0%@1420,95%@1420,0%@1420] EMC_FREQ 0% GR3D_FREQ 0% AUX@44.5C CPU@45.5C thermal@44.8C AO@44C GPU@44.5C PMIC@50C
1791262263.495164 10-06-2026 13:51:03 RAM 1878/6833MB (lfb 180x4MB) SWAP 121/3417MB (cached 1MB) CPU [5%@1420,10%@1420,5%@1420,5%@1420,36%@1420,66%@1420] EMC_FREQ 0% GR3D_FREQ 0% AUX@44.5C CPU@45.5C thermal@44.8C AO@44.5C GPU@44.5C PMIC@50C
1791262263.699172 10-06-2026 13:51:03 RAM 1879/6833MB (lfb 180x4MB) SWAP 121/3417MB (cached 1MB) CPU [5%@1420,5%@1420,9%@1420,5%@1420,0%@1420,95%@1420] EMC_FREQ 0% GR3D_FREQ 0% AUX@44.5C CPU@45.5C thermal@44.8C AO@44.5C GPU@44.5C PMIC@50C
1791262263.902408 10-06-2026 13:51:03 RAM 1880/6833MB (lfb 180x4MB) SWAP 121/3417MB (cached 1MB) CPU [10%@1420,13%@1420,9%@1420,5%@1420,0%@1420,88%@1420] EMC_FREQ 0% GR3D_FREQ 0% AUX@44.5C CPU@45.5C thermal@44.8C AO@44.5C GPU@44.5C PMIC@50C
1791262264.106192 10-06-2026 13:51:04 RAM 1880/6833MB (lfb 180x4MB) SWAP 121/3417MB (cached 1MB) CPU [9%@1420,9%@1420,9%@1420,5%@1420,0%@1420,95%@1420] EMC_FREQ 0% GR3D_FREQ 0% AUX@44.5C CPU@45.5C thermal@44.8C AO@44.5C GPU@44.5C PMIC@50C
1791262264.309446 10-06-2026 13:51:04 RAM 1881/6833MB (lfb 180x4MB) SWAP 121/3417MB (cached 1MB) CPU [9%@1420,5%@1420,5%@1420,15%@1420,5%@1420,90%@1420] EMC_FREQ 0% GR3D_FREQ 0% AUX@44.5C CPU@45.5C thermal@44.8C AO@44.5C GPU@44.5C PMIC@50C
1791262264.512999 10-06-2026 13:51:04 RAM 1882/6833MB (lfb 180x4MB) SWAP 121/3417MB (cached 1MB) CPU [4%@1420,9%@1420,10%@1420,10%@1420,4%@1420,90%@1420] EMC_FREQ 0% GR3D_FREQ 0% AUX@44.5C CPU@45.5C thermal@44.8C AO@44.5C GPU@44.5C PMIC@50C
1791262264.716265 10-06-2026 13:51:04 RAM 1883/6833MB (lfb 180x4MB) SWAP 121/3417MB (cached 1MB) CPU [0%@1420,5%@1420,13%@1420,5%@1420,14%@1420,70%@1420] EMC_FREQ 0% GR3D_FREQ 0% AUX@44.5C CPU@45.5C thermal@44.8C AO@44.5C GPU@45C PMIC@50C
1791262264.919640 10-06-2026 13:51:04 RAM 1884/6833MB (lfb 180x4MB) SWAP 121/3417MB (cached 1MB) CPU [9%@1420,5%@1420,10%@1420,9%@1420,95%@1420,0%@1420] EMC_FREQ 0% GR3D_FREQ 0% AUX@45C CPU@45.5C thermal@44.8C AO@44C GPU@44.5C PMIC@50C
1791262265.122880 10-06-2026 13:51:05 RAM 1885/6833MB (lfb 180x4MB) SWAP 121/3417MB (cached 1MB) CPU [5%@1420,9%@1420,4%@1420,5%@1420,25%@1420,57%@1420] EMC_FREQ 0% GR3D_FREQ 0% AUX@44.5C CPU@45.5C thermal@44.8C AO@44.5C GPU@45C PMIC@50C
1791262265.326648 10-06-2026 13:51:05 RAM 1885/6833MB (lfb 180x4MB) SWAP 121/3417MB (cached 1MB) CPU [5%@1420,0%@1420,0%@1420,10%@1420,15%@1420,47%@1420] EMC_FREQ 0% GR3D_FREQ 0% AUX@44.5C CPU@45.5C thermal@44.8C AO@44C GPU@44.5C PMIC@50C
1791262265.530439 10-06-2026 13:51:05 RAM 1885/6833MB (lfb 180x4MB) SWAP 121/3417MB (cached 1MB) CPU [19%@1420,9%@1420,13%@1420,9%@1420,35%@1420,34%@1420] EMC_FREQ 0% GR3D_FREQ 0% AUX@44.5C CPU@45.5C thermal@44.8C AO@44.5C GPU@45C PMIC@50C
1791262265.733924 10-06-2026 13:51:05 RAM 1885/6833MB (lfb 180x4MB) SWAP 121/3417MB (cached 1MB) CPU [14%@1420,10%@1420,0%@1420,5%@1420,17%@1420,25%@1420] EMC_FREQ 0% GR3D_FREQ 0% AUX@44.5C CPU@45.5C thermal@45.15C AO@44.5C GPU@44.5C PMIC@50C
1791262265.937134 10-06-2026 13:51:05 RAM 1885/6833MB (lfb 180x4MB) SWAP 121/3417MB (cached 1MB) CPU [5%@1420,10%@1420,4%@1420,5%@1420,90%@1420,5%@1420] EMC_FREQ 0% GR3D_FREQ 0% AUX@44.5C CPU@45.5C thermal@45.15C AO@44.5C GPU@44.5C PMIC@50C
1791262266.141025 10-06-2026 13:51:06 RAM 1885/6833MB (lfb 180x4MB) SWAP 121/3417MB (cached 1MB) CPU [14%@1420,9%@1420,9%@1420,4%@1420,100%@1420,0%@1420] EMC_FREQ 0% GR3D_FREQ 0% AUX@44.5C CPU@45.5C thermal@45.15C AO@44.5C GPU@44.5C PMIC@50C
1791262266.344622 10-06-2026 13:51:06 RAM 1885/6833MB (lfb 180x4MB) SWAP 121/3417MB (cached 1MB) CPU [5%@1420,10%@1420,4%@1420,5%@1420,95%@1420,0%@1420] EMC_FREQ 0% GR3D_FREQ 0% AUX@45C CPU@45.5C thermal@45.15C AO@44.5C GPU@44.5C PMIC@50C
1791262266.548251 10-06-2026 13:51:06 RAM 1886/6833MB (lfb 180x4MB) SWAP 121/3417MB (cached 1MB) CPU [19%@1420,5%@1420,5%@1420,9%@1420,20%@1420,70%@1420] EMC_FREQ 0% GR3D_FREQ 0% AUX@44.5C CPU@45.5C thermal@45.15C AO@44.5C GPU@45C PMIC@50C
1791262266.752074 10-06-2026 13:51:06 RAM 1888/6833MB (lfb 180x4MB) SWAP 121/3417MB (cached 1MB) CPU [5%@1420,0%@1420,5%@1420,4%@1420,19%@1420,47%@1420] EMC_FREQ 0% GR3D_FREQ 0% AUX@45C CPU@45.5C thermal@44.95C AO@44.5C GPU@44.5C PMIC@50C
1791262266.955421 10-06-2026 13:51:06 RAM 1887/6833MB (lfb 180x4MB) SWAP 121/3417MB (cached 1MB) CPU [10%@1420,9%@1420,5%@1420,0%@1420,9%@1420,73%@1420] EMC_FREQ 0% GR3D_FREQ 0% AUX@45C CPU@45.5C thermal@44.95C AO@45C GPU@45C PMIC@50C
1791262267.158749 10-06-2026 13:51:07 RAM 1890/6833MB (lfb 180x4MB) SWAP 121/3417MB (cached 1MB) CPU [18%@1420,10%@1420,9%@1420,4%@1420,0%@1420,81%@1420] EMC_FREQ 0% GR3D_FREQ 0% AUX@45C CPU@45.5C thermal@44.95C AO@44.5C GPU@44.5C PMIC@50C
1791262267.361991 10-06-2026 13:51:07 RAM 1891/6833MB (lfb 180x4MB) SWAP 121/3417MB (cached 1MB) CPU [5%@1420,18%@1420,5%@1420,0%@1420,0%@1420,88%@1420] EMC_FREQ 0% GR3D_FREQ 0% AUX@45C CPU@45.5C thermal@44.95C AO@44.5C GPU@45C PMIC@50C
1791262267.565207 10-06-2026 13:51:07 RAM 1891/6833MB (lfb 180x4MB) SWAP 121/3417MB (cached 1MB) CPU [9%@1420,5%@1420,9%@1420,5%@1420,0%@1420,95%@1420] EMC_FREQ 0% GR3D_FREQ 0% AUX@45C CPU@45.5C thermal@44.95C AO@44.5C GPU@45C PMIC@50C
1791262267.768743 10-06-2026 13:51:07 RAM 1891/6833MB (lfb 180x4MB) SWAP 121/3417MB (cached 1MB) CPU [5%@1420,0%@1420,10%@1420,5%@1420,0%@1420,95%@1420] EMC_FREQ 0% GR3D_FREQ 0% AUX@44.5C CPU@45.5C thermal@44.95C AO@44.5C GPU@44.5C PMIC@50C
1791262267.972387 10-06-2026 13:51:07 RAM 1892/6833MB (lfb 180x4MB) SWAP 121/3417MB (cached 1MB) CPU [9%@1420,14%@1420,5%@1420,5%@1420,0%@1420,90%@1420] EMC_FREQ 0% GR3D_FREQ 0% AUX@45C CPU@45.5C thermal@44.8C AO@44.5C GPU@45C PMIC@50C
1791262268.175561 10-06-2026 13:51:08 RAM 1894/6833MB (lfb 180x4MB) SWAP 121/3417MB (cached 1MB) CPU [15%@1420,9%@1420,5%@1420,0%@1420,50%@1420,35%@1420] EMC_FREQ 0% GR3D_FREQ 0% AUX@45C CPU@45.5C thermal@44.8C AO@44.5C GPU@45C PMIC@50C
1791262268.378964 10-06-2026 13:51:08 RAM 1894/6833MB (lfb 180x4MB) SWAP 121/3417MB (cached 1MB) CPU [14%@1420,18%@1420,4%@1420,9%@1420,94%@1420,4%@1420] EMC_FREQ 0% GR3D_FREQ 0% AUX@44.5C CPU@45.5C thermal@44.8C AO@44.5C GPU@45C PMIC@50C
1791262268.582183 10-06-2026 13:51:08 RAM 1894/6833MB (lfb 180x4MB) SWAP 121/3417MB (cached 1MB) CPU [14%@1420,9%@1420,5%@1420,5%@1420,95%@1420,0%@1420] EMC_FREQ 0% GR3D_FREQ 0% AUX@45C CPU@45.5C thermal@44.8C AO@44.5C GPU@45C PMIC@50C
1791262268.786144 10-06-2026 13:51:08 RAM 1894/6833MB (lfb 180x4MB) SWAP 121/3417MB (cached 1MB) CPU [15%@1420,5%@1420,4%@1420,0%@1420,94%@1420,0%@1420] EMC_FREQ 0% GR3D_FREQ 0% AUX@44.5C CPU@45.5C thermal@44.8C AO@44.5C GPU@45C PMIC@50C
1791262268.989414 10-06-2026 13:51:08 RAM 1894/6833MB (lfb 180x4MB) SWAP 121/3417MB (cached 1MB) CPU [5%@1420,5%@1420,5%@1420,9%@1420,95%@1420,4%@1420] EMC_FREQ 0% GR3D_FREQ 0% AUX@44.5C CPU@46C thermal@45.15C AO@45C GPU@45C PMIC@50C
1791262269.192764 10-06-2026 13:51:09 RAM 1895/6833MB (lfb 180x4MB) SWAP 121/3417MB (cached 1MB) CPU [10%@1420,4%@1420,5%@1420,9%@1420,90%@1420,0%@1420] EMC_FREQ 0% GR3D_FREQ 0% AUX@45C CPU@45.5C thermal@45.15C AO@44.5C GPU@45C PMIC@50C
1791262269.396009 10-06-2026 13:51:09 RAM 1895/6833MB (lfb 180x4MB) SWAP 121/3417MB (cached 1MB) CPU [14%@1420,5%@1420,5%@1420,5%@1420,90%@1420,0%@1420] EMC_FREQ 0% GR3D_FREQ 0% AUX@45C CPU@46C thermal@45.15C AO@45C GPU@45C PMIC@50C
1791262269.599609 10-06-2026 13:51:09 RAM 1895/6833MB (lfb 180x4MB) SWAP 121/3417MB (cached 1MB) CPU [19%@1420,5%@1420,5%@1420,0%@1420,94%@1420,9%@1420] EMC_FREQ 0% GR3D_FREQ 0% AUX@45C CPU@46C thermal@45.15C AO@45C GPU@45C PMIC@50C
1791262269.802831 10-06-2026 13:51:09 RAM 1895/6833MB (lfb 180x4MB) SWAP 121/3417MB (cached 1MB) CPU [5%@1420,9%@1420,0%@1420,0%@1420,94%@1420,0%@1420] EMC_FREQ 0% GR3D_FREQ 0% AUX@45C CPU@46C thermal@45.15C AO@44.5C GPU@44.5C PMIC@50C
1791262270.006115 10-06-2026 13:51:09 RAM 1896/6833MB (lfb 180x4MB) SWAP 121/3417MB (cached 1MB) CPU [9%@1420,5%@1420,5%@1420,13%@1420,95%@1420,0%@1420] EMC_FREQ 0% GR3D_FREQ 0% AUX@45C CPU@46C thermal@45.15C AO@45C GPU@45C PMIC@50C
1791262270.209245 10-06-2026 13:51:10 RAM 1897/6833MB (lfb 180x4MB) SWAP 121/3417MB (cached 1MB) CPU [5%@1420,5%@1420,9%@1420,0%@1420,63%@1420,36%@1420] EMC_FREQ 0% GR3D_FREQ 0% AUX@45C CPU@46C thermal@45.3C AO@45C GPU@45C PMIC@50C
1791262270.412498 10-06-2026 13:51:10 RAM 1897/6833MB (lfb 180x4MB) SWAP 121/3417MB (cached 1MB) CPU [17%@1420,5%@1420,0%@1420,0%@1420,5%@1420,95%@1420] EMC_FREQ 0% GR3D_FREQ 0% AUX@44.5C CPU@46C thermal@45.3C AO@45C GPU@45C PMIC@50C
1791262270.615648 10-06-2026 13:51:10 RAM 1897/6833MB (lfb 180x4MB) SWAP 121/3417MB (cached 1MB) CPU [0%@1420,0%@1420,5%@1420,9%@1420,10%@1420,95%@1420] EMC_FREQ 0% GR3D_FREQ 0% AUX@45C CPU@45.5C thermal@45.3C AO@45C GPU@45C PMIC@50C
1791262270.818993 10-06-2026 13:51:10 RAM 1897/6833MB (lfb 180x4MB) SWAP 121/3417MB (cached 1MB) CPU [5%@1420,4%@1420,55%@1420,10%@1420,5%@1420,47%@1420] EMC_FREQ 0% GR3D_FREQ 0% AUX@45C CPU@46C thermal@45.3C AO@45C GPU@45C PMIC@50C
1791262271.022758 10-06-2026 13:51:11 RAM 1898/6833MB (lfb 180x4MB) SWAP 121/3417MB (cached 1MB) CPU [5%@1420,9%@1420,95%@1420,9%@1420,5%@1420,0%@1420] EMC_FREQ 0% GR3D_FREQ 0% AUX@45C CPU@45.5C thermal@45.3C AO@45C GPU@45C PMIC@50C
1791262271.225917 10-06-2026 13:51:11 RAM 1898/6833MB (lfb 180x4MB) SWAP 121/3417MB (cached 1MB) CPU [10%@1420,10%@1420,75%@1420,14%@1420,5%@1420,0%@1420] EMC_FREQ 0% GR3D_FREQ 0% AUX@45C CPU@46C thermal@45.3C AO@45C GPU@45C PMIC@50C
1791262271.429562 10-06-2026 13:51:11 RAM 1898/6833MB (lfb 180x4MB) SWAP 121/3417MB (cached 1MB) CPU [5%@1420,5%@1420,91%@1420,9%@1420,9%@1420,5%@1420] EMC_FREQ 0% GR3D_FREQ 0% AUX@45C CPU@46C thermal@45.3C AO@45C GPU@45C PMIC@50C
1791262271.632844 10-06-2026 13:51:11 RAM 1900/6833MB (lfb 180x4MB) SWAP 121/3417MB (cached 1MB) CPU [9%@1420,14%@1420,90%@1420,0%@1420,0%@1420,14%@1420] EMC_FREQ 0% GR3D_FREQ 0% AUX@45C CPU@46C thermal@45.3C AO@45C GPU@45C PMIC@50C
1791262271.836023 10-06-2026 13:51:11 RAM 1900/6833MB (lfb 180x4MB) SWAP 121/3417MB (cached 1MB) CPU [9%@1420,5%@1420,94%@1420,5%@1420,5%@1420,0%@1420] EMC_FREQ 0% GR3D_FREQ 0% AUX@45C CPU@46C thermal@45.3C AO@45C GPU@45C PMIC@50C
1791262272.039158 10-06-2026 13:51:12 RAM 1900/6833MB (lfb 180x4MB) SWAP 121/3417MB (cached 1MB) CPU [5%@1420,5%@1420,95%@1420,4%@1420,14%@1420,9%@1420] EMC_FREQ 0% GR3D_FREQ 0% AUX@45C CPU@46C thermal@45.3C AO@44.5C GPU@45C PMIC@50C
1791262272.242387 10-06-2026 13:51:12 RAM 1901/6833MB (lfb 180x4MB) SWAP 121/3417MB (cached 1MB) CPU [0%@1420,10%@1420,5%@1420,90%@1420,4%@1420,5%@1420] EMC_FREQ 0% GR3D_FREQ 0% AUX@45C CPU@46C thermal@45.3C AO@45C GPU@45C PMIC@50C
1791262272.445789 10-06-2026 13:51:12 RAM 1902/6833MB (lfb 180x4MB) SWAP 121/3417MB (cached 1MB) CPU [5%@1190,9%@1420,5%@1420,70%@1420,5%@1420,14%@1420] EMC_FREQ 0% GR3D_FREQ 0% AUX@45C CPU@46C thermal@45.3C AO@45C GPU@45.5C PMIC@50C
1791262272.648970 10-06-2026 13:51:12 RAM 1902/6833MB (lfb 180x4MB) SWAP 121/3417MB (cached 1MB) CPU [9%@1420,5%@1420,90%@1420,4%@1420,14%@1420,5%@1420] EMC_FREQ 0% GR3D_FREQ 0% AUX@45C CPU@45.5C thermal@45.3C AO@45C GPU@45C PMIC@50C
1791262272.852372 10-06-2026 13:51:12 RAM 1907/6833MB (lfb 180x4MB) SWAP 121/3417MB (cached 1MB) CPU [5%@1420,9%@1420,100%@1420,0%@1420,10%@1420,5%@1420] EMC_FREQ 0% GR3D_FREQ 0% AUX@45C CPU@46C thermal@45.3C AO@45C GPU@45.5C PMIC@50C
1791262273.055559 10-06-2026 13:51:13 RAM 1908/6833MB (lfb 180x4MB) SWAP 121/3417MB (cached 1MB) CPU [14%@1420,14%@1420,19%@1420,0%@1420,80%@1420,10%@1420] EMC_FREQ 0% GR3D_FREQ 0% AUX@45C CPU@46C thermal@45.3C AO@45C GPU@45C PMIC@50C
1791262273.259012 10-06-2026 13:51:13 RAM 1908/6833MB (lfb 180x4MB) SWAP 121/3417MB (cached 1MB) CPU [5%@1420,15%@1420,14%@1420,0%@1420,90%@1420,0%@1420] EMC_FREQ 0% GR3D_FREQ 0% AUX@45C CPU@46C thermal@45.3C AO@45C GPU@45C PMIC@50C
1791262273.462414 10-06-2026 13:51:13 RAM 1908/6833MB (lfb 180x4MB) SWAP 121/3417MB (cached 1MB) CPU [17%@1420,9%@1420,4%@1420,9%@1420,95%@1420,9%@1420] EMC_FREQ 0% GR3D_FREQ 0% AUX@45C CPU@46C thermal@45.45C AO@45C GPU@45C PMIC@50C
1791262273.665685 10-06-2026 13:51:13 RAM 1908/6833MB (lfb 180x4MB) SWAP 121/3417MB (cached 1MB) CPU [0%@1420,14%@1420,0%@1420,0%@1420,100%@1420,4%@1420] EMC_FREQ 0% GR3D_FREQ 0% AUX@45C CPU@46C thermal@45.45C AO@45C GPU@45C PMIC@50C
1791262273.869078 10-06-2026 13:51:13 RAM 1909/6833MB (lfb 180x4MB) SWAP 121/3417MB (cached 1MB) CPU [14%@1420,5%@1420,0%@1420,13%@1420,90%@1420,5%@1420] EMC_FREQ 0% GR3D_FREQ 0% AUX@45C CPU@46C thermal@45.45C AO@45C GPU@45C PMIC@50C
1791262274.072412 10-06-2026 13:51:14 RAM 1909/6833MB (lfb 180x4MB) SWAP 121/3417MB (cached 1MB) CPU [5%@1420,10%@1420,9%@1420,5%@1420,95%@1420,0%@1420] EMC_FREQ 0% GR3D_FREQ 0% AUX@45C CPU@46C thermal@45.45C AO@45C GPU@45.5C PMIC@50C
1791262274.275732 10-06-2026 13:51:14 RAM 1910/6833MB (lfb 180x4MB) SWAP 121/3417MB (cached 1MB) CPU [5%@1420,5%@1420,0%@1420,5%@1420,89%@1420,0%@1420] EMC_FREQ 0% GR3D_FREQ 0% AUX@45C CPU@46.5C thermal@45.45C AO@45C GPU@45.5C PMIC@50C
1791262274.479361 10-06-2026 13:51:14 RAM 1913/6833MB (lfb 180x4MB) SWAP 121/3417MB (cached 1MB) CPU [13%@1420,13%@1420,9%@1420,5%@1420,90%@1420,13%@1420] EMC_FREQ 0% GR3D_FREQ 0% AUX@45C CPU@46C thermal@45.45C AO@45.5C GPU@45C PMIC@50C
1791262274.682668 10-06-2026 13:51:14 RAM 1913/6833MB (lfb 180x4MB) SWAP 121/3417MB (cached 1MB) CPU [5%@1420,5%@1420,5%@1420,4%@1420,84%@1420,0%@1420] EMC_FREQ 0% GR3D_FREQ 0% AUX@45C CPU@46C thermal@45.45C AO@45C GPU@45C PMIC@50C
1791262274.885936 10-06-2026 13:51:14 RAM 1914/6833MB (lfb 180x4MB) SWAP 121/3417MB (cached 1MB) CPU [5%@1420,0%@1420,0%@1420,14%@1420,100%@1420,0%@1420] EMC_FREQ 0% GR3D_FREQ 0% AUX@45C CPU@46C thermal@45.45C AO@45C GPU@45.5C PMIC@50C
1791262275.089144 10-06-2026 13:51:15 RAM 1928/6833MB (lfb 180x4MB) SWAP 121/3417MB (cached 1MB) CPU [14%@1420,13%@1420,5%@1420,0%@1420,100%@1420,9%@1420] EMC_FREQ 0% GR3D_FREQ 0% AUX@45C CPU@46C thermal@45.45C AO@45C GPU@45.5C PMIC@50C
1791262275.292417 10-06-2026 13:51:15 RAM 1937/6833MB (lfb 180x4MB) SWAP 121/3417MB (cached 1MB) CPU [10%@1420,0%@1420,5%@1420,5%@1420,95%@1420,5%@1420] EMC_FREQ 0% GR3D_FREQ 0% AUX@45C CPU@46C thermal@45.45C AO@45C GPU@45.5C PMIC@50C
1791262275.495847 10-06-2026 13:51:15 RAM 1938/6833MB (lfb 180x4MB) SWAP 121/3417MB (cached 1MB) CPU [18%@1420,14%@1420,13%@1420,0%@1420,38%@1420,59%@1420] EMC_FREQ 0% GR3D_FREQ 0% AUX@45C CPU@46.5C thermal@45.45C AO@45.5C GPU@45.5C PMIC@50C
1791262275.699498 10-06-2026 13:51:15 RAM 1939/6833MB (lfb 180x4MB) SWAP 121/3417MB (cached 1MB) CPU [5%@1420,14%@1420,0%@1420,9%@1420,38%@1420,30%@1420] EMC_FREQ 0% GR3D_FREQ 0% AUX@45C CPU@46C thermal@45.6C AO@45.5C GPU@45.5C PMIC@50C
1791262275.902891 10-06-2026 13:51:15 RAM 1945/6833MB (lfb 180x4MB) SWAP 121/3417MB (cached 1MB) CPU [31%@1420,40%@1420,38%@1420,35%@1420,36%@1420,85%@1420] EMC_FREQ 0% GR3D_FREQ 0% AUX@45C CPU@46.5C thermal@45.6C AO@45.5C GPU@45.5C PMIC@50C
1791262276.106227 10-06-2026 13:51:16 RAM 1946/6833MB (lfb 180x4MB) SWAP 121/3417MB (cached 1MB) CPU [14%@1420,9%@1420,4%@1420,0%@1420,70%@1420,5%@1420] EMC_FREQ 0% GR3D_FREQ 0% AUX@45.5C CPU@46C thermal@45.6C AO@45.5C GPU@45.5C PMIC@50C
1791262276.309500 10-06-2026 13:51:16 RAM 1951/6833MB (lfb 180x4MB) SWAP 121/3417MB (cached 1MB) CPU [15%@1420,5%@1420,5%@1420,9%@1420,78%@1420,19%@1420] EMC_FREQ 0% GR3D_FREQ 0% AUX@45C CPU@46C thermal@45.6C AO@45.5C GPU@45.5C PMIC@50C
1791262276.512967 10-06-2026 13:51:16 RAM 1953/6833MB (lfb 180x4MB) SWAP 121/3417MB (cached 1MB) CPU [10%@1420,0%@1420,9%@1420,10%@1420,30%@1420,35%@1420] EMC_FREQ 0% GR3D_FREQ 0% AUX@45.5C CPU@46.5C thermal@45.6C AO@45.5C GPU@45.5C PMIC@50C
1791262276.716233 10-06-2026 13:51:16 RAM 1953/6833MB (lfb 180x4MB) SWAP 121/3417MB (cached 1MB) CPU [5%@1420,10%@1420,0%@1420,5%@1420,0%@1420,85%@1420] EMC_FREQ 0% GR3D_FREQ 0% AUX@45C CPU@46.5C thermal@45.6C AO@45.5C GPU@45.5C PMIC@50C
1791262276.919938 10-06-2026 13:51:16 RAM 1956/6833MB (lfb 180x4MB) SWAP 121/3417MB (cached 1MB) CPU [10%@1420,13%@1420,5%@1420,5%@1420,15%@1420,81%@1420] EMC_FREQ 0% GR3D_FREQ 0% AUX@45C CPU@46.5C thermal@45.6C AO@45.5C GPU@45.5C PMIC@50C
1791262277.123038 10-06-2026 13:51:17 RAM 1981/6833MB (lfb 180x4MB) SWAP 121/3417MB (cached 1MB) CPU [5%@1420,5%@1420,10%@1420,0%@1420,100%@1420,0%@1420] EMC_FREQ 0% GR3D_FREQ 0% AUX@45C CPU@46.5C thermal@45.6C AO@45.5C GPU@45.5C PMIC@50C
1791262277.326216 10-06-2026 13:51:17 RAM 1999/6833MB (lfb 180x4MB) SWAP 121/3417MB (cached 1MB) CPU [5%@1420,10%@1420,0%@1420,10%@1420,100%@1420,0%@1420] EMC_FREQ 0% GR3D_FREQ 0% AUX@45.5C CPU@46C thermal@45.6C AO@45.5C GPU@45.5C PMIC@50C
1791262277.531746 10-06-2026 13:51:17 RAM 2011/6833MB (lfb 180x4MB) SWAP 121/3417MB (cached 1MB) CPU [14%@1420,5%@1420,21%@1420,4%@1420,33%@1420,9%@1420] EMC_FREQ 0% GR3D_FREQ 0% AUX@45.5C CPU@46.5C thermal@45.6C AO@45.5C GPU@45.5C PMIC@50C
1791262277.735103 10-06-2026 13:51:17 RAM 2024/6833MB (lfb 180x4MB) SWAP 121/3417MB (cached 1MB) CPU [9%@1190,5%@1190,9%@1420,15%@1420,10%@1420,13%@1420] EMC_FREQ 0% GR3D_FREQ 0% AUX@45.5C CPU@46.5C thermal@45.6C AO@45.5C GPU@45.5C PMIC@50C
1791262277.938516 10-06-2026 13:51:17 RAM 2041/6833MB (lfb 180x4MB) SWAP 121/3417MB (cached 1MB) CPU [5%@1190,5%@1190,5%@1190,10%@1190,14%@1420,10%@1420] EMC_FREQ 0% GR3D_FREQ 0% AUX@45.5C CPU@46C thermal@45.45C AO@45.5C GPU@45.5C PMIC@50C
1791262278.142143 10-06-2026 13:51:18 RAM 2056/6833MB (lfb 180x4MB) SWAP 121/3417MB (cached 1MB) CPU [0%@1190,9%@1190,0%@1190,14%@1190,15%@1190,5%@1190] EMC_FREQ 0% GR3D_FREQ 0% AUX@45.5C CPU@46C thermal@45.45C AO@45.5C GPU@45.5C PMIC@50C
1791262278.345529 10-06-2026 13:51:18 RAM 2072/6833MB (lfb 180x4MB) SWAP 121/3417MB (cached 1MB) CPU [9%@1190,5%@1190,5%@1190,10%@1190,9%@1420,10%@1420] EMC_FREQ 0% GR3D_FREQ 0% AUX@45.5C CPU@46C thermal@45.45C AO@45.5C GPU@45.5C PMIC@50C
1791262278.549118 10-06-2026 13:51:18 RAM 2088/6833MB (lfb 180x4MB) SWAP 121/3417MB (cached 1MB) CPU [9%@1190,17%@1420,0%@1420,10%@1420,10%@1420,9%@1420] EMC_FREQ 0% GR3D_FREQ 0% AUX@45.5C CPU@46.5C thermal@45.45C AO@45.5C GPU@45.5C PMIC@50C
1791262278.753505 10-06-2026 13:51:18 RAM 2104/6833MB (lfb 180x4MB) SWAP 121/3417MB (cached 1MB) CPU [5%@1190,5%@1190,4%@1190,14%@1190,14%@1190,5%@1190] EMC_FREQ 0% GR3D_FREQ 0% AUX@45.5C CPU@46.5C thermal@45.45C AO@45.5C GPU@45.5C PMIC@50C
1791262278.957209 10-06-2026 13:51:18 RAM 2120/6833MB (lfb 176x4MB) SWAP 121/3417MB (cached 1MB) CPU [17%@1190,13%@1190,0%@1190,10%@1420,10%@1420,0%@1420] EMC_FREQ 0% GR3D_FREQ 0% AUX@45.5C CPU@46.5C thermal@45.45C AO@45.5C GPU@45.5C PMIC@50C
1791262279.160980 10-06-2026 13:51:19 RAM 2136/6833MB (lfb 172x4MB) SWAP 121/3417MB (cached 1MB) CPU [0%@1190,0%@1190,10%@1190,10%@1190,13%@1420,5%@1420] EMC_FREQ 0% GR3D_FREQ 0% AUX@45.5C CPU@46.5C thermal@45.8C AO@45.5C GPU@45.5C PMIC@50C
1791262279.364944 10-06-2026 13:51:19 RAM 2152/6833MB (lfb 168x4MB) SWAP 121/3417MB (cached 1MB) CPU [0%@1190,5%@1190,10%@1190,5%@1190,15%@1190,9%@1190] EMC_FREQ 0% GR3D_FREQ 0% AUX@45.5C CPU@46.5C thermal@45.8C AO@45.5C GPU@45.5C PMIC@50C
1791262279.568731 10-06-2026 13:51:19 RAM 2169/6833MB (lfb 164x4MB) SWAP 121/3417MB (cached 1MB) CPU [5%@1190,5%@1190,9%@1420,5%@1420,10%@1420,5%@1420] EMC_FREQ 0% GR3D_FREQ 0% AUX@45.5C CPU@46.5C thermal@45.8C AO@45.5C GPU@45.5C PMIC@50C
1791262279.772729 10-06-2026 13:51:19 RAM 2184/6833MB (lfb 160x4MB) SWAP 121/3417MB (cached 1MB) CPU [5%@1420,5%@1420,5%@1420,9%@1420,5%@1420,10%@1420] EMC_FREQ 0% GR3D_FREQ 0% AUX@45.5C CPU@46C thermal@45.8C AO@45.5C GPU@45.5C PMIC@50C
1791262279.976801 10-06-2026 13:51:19 RAM 2200/6833MB (lfb 156x4MB) SWAP 121/3417MB (cached 1MB) CPU [5%@1190,9%@1190,14%@1190,10%@1190,5%@1190,10%@1190] EMC_FREQ 0% GR3D_FREQ 0% AUX@45.5C CPU@46.5C thermal@45.8C AO@45.5C GPU@45.5C PMIC@50C
1791262280.180656 10-06-2026 13:51:20 RAM 2216/6833MB (lfb 152x4MB) SWAP 121/3417MB (cached 1MB) CPU [5%@1190,5%@1420,5%@1420,0%@1420,5%@1420,10%@1420] EMC_FREQ 0% GR3D_FREQ 0% AUX@45.5C CPU@46.5C thermal@45.65C AO@45.5C GPU@46C PMIC@50C
1791262280.384363 10-06-2026 13:51:20 RAM 2233/6833MB (lfb 148x4MB) SWAP 121/3417MB (cached 1MB) CPU [5%@1190,9%@1420,18%@1420,9%@1420,9%@1420,14%@1420] EMC_FREQ 0% GR3D_FREQ 0% AUX@45.5C CPU@46.5C thermal@45.65C AO@45.5C GPU@45.5C PMIC@50C
1791262280.588467 10-06-2026 13:51:20 RAM 2248/6833MB (lfb 144x4MB) SWAP 121/3417MB (cached 1MB) CPU [10%@1190,9%@1190,5%@1190,0%@1190,5%@1190,10%@1190] EMC_FREQ 0% GR3D_FREQ 0% AUX@45.5C CPU@46.5C thermal@45.65C AO@45.5C GPU@46C PMIC@50C
1791262280.792577 10-06-2026 13:51:20 RAM 2669/6833MB (lfb 40x4MB) SWAP 121/3417MB (cached 1MB) CPU [9%@1420,0%@1420,9%@1420,5%@1420,9%@1420,73%@1420] EMC_FREQ 0% GR3D_FREQ 0% AUX@45.5C CPU@47C thermal@45.65C AO@45.5C GPU@46C PMIC@50C
1791262280.996073 10-06-2026 13:51:20 RAM 3005/6833MB (lfb 188x1MB) SWAP 121/3417MB (cached 1MB) CPU [4%@1420,9%@1420,13%@1420,9%@1420,5%@1420,100%@1420] EMC_FREQ 0% GR3D_FREQ 0% AUX@45.5C CPU@46.5C thermal@45.65C AO@45.5C GPU@45.5C PMIC@50C
1791262281.199509 10-06-2026 13:51:21 RAM 3008/6833MB (lfb 188x1MB) SWAP 121/3417MB (cached 1MB) CPU [0%@1420,4%@1420,0%@1420,0%@1420,10%@1420,100%@1420] EMC_FREQ 0% GR3D_FREQ 0% AUX@45.5C CPU@46.5C thermal@45.65C AO@45.5C GPU@46C PMIC@50C
1791262281.403093 10-06-2026 13:51:21 RAM 3011/6833MB (lfb 188x1MB) SWAP 121/3417MB (cached 1MB) CPU [5%@1420,10%@1420,4%@1420,0%@1420,9%@1420,100%@1420] EMC_FREQ 0% GR3D_FREQ 0% AUX@45.5C CPU@46.5C thermal@45.8C AO@45.5C GPU@45.5C PMIC@50C
1791262281.606579 10-06-2026 13:51:21 RAM 3013/6833MB (lfb 188x1MB) SWAP 121/3417MB (cached 1MB) CPU [5%@1420,0%@1420,5%@1420,9%@1420,10%@1420,100%@1420] EMC_FREQ 0% GR3D_FREQ 0% AUX@45.5C CPU@46.5C thermal@45.8C AO@45.5C GPU@45.5C PMIC@50C
1791262281.810301 10-06-2026 13:51:21 RAM 3016/6833MB (lfb 188x1MB) SWAP 121/3417MB (cached 1MB) CPU [5%@1420,5%@1420,0%@1420,5%@1420,10%@1420,100%@1420] EMC_FREQ 0% GR3D_FREQ 0% AUX@45.5C CPU@46.5C thermal@45.8C AO@45.5C GPU@46C PMIC@50C
1791262282.013776 10-06-2026 13:51:22 RAM 3061/6833MB (lfb 188x1MB) SWAP 121/3417MB (cached 1MB) CPU [10%@1420,9%@1420,4%@1420,0%@1420,9%@1420,100%@1420] EMC_FREQ 0% GR3D_FREQ 0% AUX@45.5C CPU@47C thermal@45.8C AO@46C GPU@46C PMIC@50C
1791262282.217163 10-06-2026 13:51:22 RAM 3125/6833MB (lfb 188x1MB) SWAP 121/3417MB (cached 1MB) CPU [4%@1420,5%@1420,4%@1420,5%@1420,5%@1420,100%@1420] EMC_FREQ 0% GR3D_FREQ 0% AUX@45.5C CPU@46.5C thermal@45.8C AO@46C GPU@46C PMIC@50C
1791262282.420640 10-06-2026 13:51:22 RAM 3188/6833MB (lfb 188x1MB) SWAP 121/3417MB (cached 1MB) CPU [9%@1420,9%@1420,5%@1420,0%@1420,14%@1420,100%@1420] EMC_FREQ 0% GR3D_FREQ 0% AUX@46C CPU@46.5C thermal@46.15C AO@46C GPU@46C PMIC@50C
1791262282.624112 10-06-2026 13:51:22 RAM 3248/6833MB (lfb 188x1MB) SWAP 121/3417MB (cached 1MB) CPU [5%@1420,0%@1420,4%@1420,0%@1420,5%@1420,100%@1420] EMC_FREQ 0% GR3D_FREQ 0% AUX@45.5C CPU@47C thermal@46.15C AO@46C GPU@45.5C PMIC@50C
1791262282.827502 10-06-2026 13:51:22 RAM 3315/6833MB (lfb 188x1MB) SWAP 121/3417MB (cached 1MB) CPU [63%@1420,5%@1420,9%@1420,14%@1420,5%@1420,100%@1420] EMC_FREQ 0% GR3D_FREQ 0% AUX@45.5C CPU@47C thermal@46.15C AO@46C GPU@45.5C PMIC@50C
1791262283.031024 10-06-2026 13:51:23 RAM 3351/6833MB (lfb 188x1MB) SWAP 121/3417MB (cached 1MB) CPU [4%@1420,9%@1420,5%@1420,10%@1420,9%@1420,100%@1420] EMC_FREQ 0% GR3D_FREQ 0% AUX@45.5C CPU@47C thermal@46.15C AO@45.5C GPU@46C PMIC@50C
1791262283.234491 10-06-2026 13:51:23 RAM 2682/6833MB (lfb 123x4MB) SWAP 121/3417MB (cached 1MB) CPU [0%@1420,10%@1420,5%@1420,4%@1420,0%@1420,100%@1420] EMC_FREQ 0% GR3D_FREQ 0% AUX@45.5C CPU@46.5C thermal@46.15C AO@46C GPU@46C PMIC@50C
1791262283.437786 10-06-2026 13:51:23 RAM 2358/6833MB (lfb 180x4MB) SWAP 121/3417MB (cached 1MB) CPU [14%@1420,5%@1420,33%@1420,5%@1420,5%@1420,76%@1420] EMC_FREQ 0% GR3D_FREQ 0% AUX@45.5C CPU@46.5C thermal@46.15C AO@45.5C GPU@46C PMIC@50C
1791262283.642413 10-06-2026 13:51:23 RAM 2387/6833MB (lfb 180x4MB) SWAP 121/3417MB (cached 1MB) CPU [4%@1420,4%@1420,38%@1420,0%@1420,71%@1420,0%@1420] EMC_FREQ 0% GR3D_FREQ 0% AUX@45.5C CPU@46.5C thermal@46.1C AO@46C GPU@46C PMIC@50C
1791262283.845886 10-06-2026 13:51:23 RAM 2418/6833MB (lfb 180x4MB) SWAP 121/3417MB (cached 1MB) CPU [10%@1420,9%@1420,4%@1420,9%@1420,100%@1420,13%@1420] EMC_FREQ 0% GR3D_FREQ 0% AUX@46C CPU@46.5C thermal@46.1C AO@45.5C GPU@46C PMIC@50C
1791262284.049243 10-06-2026 13:51:24 RAM 2450/6833MB (lfb 180x4MB) SWAP 121/3417MB (cached 1MB) CPU [9%@1420,14%@1420,0%@1420,0%@1420,100%@1420,5%@1420] EMC_FREQ 0% GR3D_FREQ 0% AUX@45.5C CPU@47C thermal@46.1C AO@46C GPU@46C PMIC@50C
1791262284.252775 10-06-2026 13:51:24 RAM 2478/6833MB (lfb 180x4MB) SWAP 121/3417MB (cached 1MB) CPU [5%@1420,9%@1420,0%@1420,0%@1420,100%@1420,5%@1420] EMC_FREQ 0% GR3D_FREQ 0% AUX@45.5C CPU@47C thermal@46.1C AO@46C GPU@46C PMIC@50C
1791262284.456151 10-06-2026 13:51:24 RAM 2509/6833MB (lfb 180x4MB) SWAP 121/3417MB (cached 1MB) CPU [5%@1420,5%@1420,0%@1420,9%@1420,100%@1420,4%@1420] EMC_FREQ 0% GR3D_FREQ 0% AUX@45.5C CPU@47C thermal@46.1C AO@46C GPU@46C PMIC@50C
1791262284.659462 10-06-2026 13:51:24 RAM 2540/6833MB (lfb 175x4MB) SWAP 121/3417MB (cached 1MB) CPU [4%@1420,5%@1420,5%@1420,5%@1420,100%@1420,5%@1420] EMC_FREQ 0% GR3D_FREQ 0% AUX@46C CPU@46.5C thermal@46.1C AO@46C GPU@46C PMIC@50C
1791262284.862988 10-06-2026 13:51:24 RAM 2569/6833MB (lfb 170x4MB) SWAP 121/3417MB (cached 1MB) CPU [5%@1420,15%@1420,13%@1420,9%@1420,100%@1420,0%@1420] EMC_FREQ 0% GR3D_FREQ 0% AUX@46C CPU@47C thermal@46.1C AO@46C GPU@46C PMIC@50C
1791262285.066459 10-06-2026 13:51:25 RAM 2600/6833MB (lfb 165x4MB) SWAP 121/3417MB (cached 1MB) CPU [0%@1420,14%@1420,0%@1420,0%@1420,100%@1420,5%@1420] EMC_FREQ 0% GR3D_FREQ 0% AUX@46C CPU@47C thermal@46.1C AO@46C GPU@46C PMIC@50C
1791262285.269789 10-06-2026 13:51:25 RAM 2630/6833MB (lfb 159x4MB) SWAP 121/3417MB (cached 1MB) CPU [5%@1420,18%@1420,4%@1420,13%@1420,100%@1420,4%@1420] EMC_FREQ 0% GR3D_FREQ 0% AUX@45.5C CPU@47C thermal@46.1C AO@46C GPU@46C PMIC@50C
1791262285.473549 10-06-2026 13:51:25 RAM 2661/6833MB (lfb 154x4MB) SWAP 121/3417MB (cached 1MB) CPU [10%@1420,10%@1420,0%@1420,0%@1420,100%@1420,5%@1420] EMC_FREQ 0% GR3D_FREQ 0% AUX@46C CPU@47C thermal@46.1C AO@46C GPU@46C PMIC@50C
1791262285.676833 10-06-2026 13:51:25 RAM 2687/6833MB (lfb 151x4MB) SWAP 121/3417MB (cached 1MB) CPU [40%@1420,5%@1420,5%@1420,5%@1420,65%@1420,5%@1420] EMC_FREQ 0% GR3D_FREQ 0% AUX@46C CPU@47C thermal@46.1C AO@46C GPU@46C PMIC@50C
1791262285.880352 10-06-2026 13:51:25 RAM 2714/6833MB (lfb 147x4MB) SWAP 121/3417MB (cached 1MB) CPU [100%@1420,15%@1420,5%@1420,5%@1420,4%@1420,9%@1420] EMC_FREQ 0% GR3D_FREQ 0% AUX@45.5C CPU@47C thermal@46.3C AO@46C GPU@46C PMIC@50C
1791262286.084097 10-06-2026 13:51:26 RAM 2743/6833MB (lfb 144x4MB) SWAP 121/3417MB (cached 1MB) CPU [100%@1420,5%@1420,10%@1420,5%@1420,0%@1420,0%@1420] EMC_FREQ 0% GR3D_FREQ 0% AUX@46C CPU@47C thermal@46.3C AO@46C GPU@46C PMIC@50C
1791262286.287412 10-06-2026 13:51:26 RAM 2770/6833MB (lfb 140x4MB) SWAP 121/3417MB (cached 1MB) CPU [100%@1420,5%@1420,4%@1420,5%@1420,18%@1420,5%@1420] EMC_FREQ 0% GR3D_FREQ 0% AUX@45.5C CPU@47C thermal@46.3C AO@46C GPU@46C PMIC@50C
1791262286.490666 10-06-2026 13:51:26 RAM 2798/6833MB (lfb 137x4MB) SWAP 121/3417MB (cached 1MB) CPU [100%@1420,0%@1420,9%@1420,0%@1420,5%@1420,5%@1420] EMC_FREQ 0% GR3D_FREQ 0% AUX@46C CPU@47C thermal@46.3C AO@46C GPU@46.5C PMIC@50C
1791262286.694580 10-06-2026 13:51:26 RAM 2830/6833MB (lfb 132x4MB) SWAP 121/3417MB (cached 1MB) CPU [100%@1420,5%@1420,0%@1420,9%@1420,13%@1420,9%@1420] EMC_FREQ 0% GR3D_FREQ 0% AUX@45.5C CPU@47C thermal@46.3C AO@46C GPU@46C PMIC@50C
1791262286.897939 10-06-2026 13:51:26 RAM 2920/6833MB (lfb 110x4MB) SWAP 121/3417MB (cached 1MB) CPU [100%@1420,0%@1420,5%@1420,0%@1420,5%@1420,5%@1420] EMC_FREQ 0% GR3D_FREQ 0% AUX@46C CPU@47C thermal@46.1C AO@46C GPU@46C PMIC@50C
1791262287.101257 10-06-2026 13:51:27 RAM 2920/6833MB (lfb 110x4MB) SWAP 121/3417MB (cached 1MB) CPU [100%@1420,0%@1420,5%@1420,0%@1420,5%@1420,5%@1420] EMC_FREQ 0% GR3D_FREQ 0% AUX@46C CPU@47C thermal@46.1C AO@46C GPU@46C PMIC@50C
1791262287.305426 10-06-2026 13:51:27 RAM 2920/6833MB (lfb 110x4MB) SWAP 121/3417MB (cached 1MB) CPU [100%@1420,4%@1420,17%@1420,13%@1420,5%@1420,9%@1420] EMC_FREQ 0% GR3D_FREQ 0% AUX@46C CPU@47C thermal@46.1C AO@46C GPU@46C PMIC@50C
1791262287.509010 10-06-2026 13:51:27 RAM 2920/6833MB (lfb 110x4MB) SWAP 121/3417MB (cached 1MB) CPU [100%@1420,14%@1420,0%@1420,0%@1420,9%@1420,5%@1420] EMC_FREQ 0% GR3D_FREQ 0% AUX@46C CPU@47C thermal@46.1C AO@46C GPU@46C PMIC@50C
1791262287.712520 10-06-2026 13:51:27 RAM 2920/6833MB (lfb 110x4MB) SWAP 121/3417MB (cached 1MB) CPU [100%@1420,14%@1420,4%@1420,5%@1420,13%@1420,5%@1420] EMC_FREQ 0% GR3D_FREQ 0% AUX@46C CPU@47C thermal@46.1C AO@46C GPU@46.5C PMIC@50C
1791262287.916372 10-06-2026 13:51:27 RAM 2920/6833MB (lfb 110x4MB) SWAP 121/3417MB (cached 1MB) CPU [100%@1420,0%@1420,0%@1420,5%@1420,0%@1420,14%@1420] EMC_FREQ 0% GR3D_FREQ 0% AUX@46C CPU@47C thermal@46.1C AO@46C GPU@46.5C PMIC@50C
1791262288.119581 10-06-2026 13:51:28 RAM 2920/6833MB (lfb 110x4MB) SWAP 121/3417MB (cached 1MB) CPU [27%@1420,66%@1420,0%@1420,9%@1420,84%@1420,5%@1420] EMC_FREQ 0% GR3D_FREQ 0% AUX@46C CPU@47C thermal@46.45C AO@46C GPU@46.5C PMIC@50C
1791262288.323318 10-06-2026 13:51:28 RAM 2920/6833MB (lfb 110x4MB) SWAP 121/3417MB (cached 1MB) CPU [0%@1420,0%@1420,17%@1420,5%@1420,100%@1420,19%@1420] EMC_FREQ 0% GR3D_FREQ 0% AUX@46C CPU@47C thermal@46.45C AO@46C GPU@46.5C PMIC@50C
1791262288.527014 10-06-2026 13:51:28 RAM 2920/6833MB (lfb 110x4MB) SWAP 121/3417MB (cached 1MB) CPU [9%@1420,0%@1420,0%@1420,10%@1420,100%@1420,0%@1420] EMC_FREQ 0% GR3D_FREQ 0% AUX@46C CPU@47C thermal@46.45C AO@46.5C GPU@46C PMIC@50C
1791262288.730312 10-06-2026 13:51:28 RAM 2920/6833MB (lfb 110x4MB) SWAP 121/3417MB (cached 1MB) CPU [0%@1420,4%@1420,9%@1420,19%@1420,100%@1420,5%@1420] EMC_FREQ 0% GR3D_FREQ 0% AUX@46C CPU@47C thermal@46.45C AO@46C GPU@46.5C PMIC@50C
1791262288.933659 10-06-2026 13:51:28 RAM 2920/6833MB (lfb 110x4MB) SWAP 121/3417MB (cached 1MB) CPU [9%@1420,5%@1420,0%@1420,5%@1420,100%@1420,4%@1420] EMC_FREQ 0% GR3D_FREQ 0% AUX@46C CPU@47C thermal@46.45C AO@46C GPU@46.5C PMIC@50C
1791262289.137577 10-06-2026 13:51:29 RAM 2920/6833MB (lfb 110x4MB) SWAP 121/3417MB (cached 1MB) CPU [5%@1420,5%@1420,9%@1420,5%@1420,100%@1420,5%@1420] EMC_FREQ 0% GR3D_FREQ 0% AUX@46C CPU@47C thermal@46.3C AO@46C GPU@46.5C PMIC@50C
1791262289.340904 10-06-2026 13:51:29 RAM 2920/6833MB (lfb 110x4MB) SWAP 121/3417MB (cached 1MB) CPU [5%@1420,0%@1420,10%@1420,9%@1420,100%@1420,0%@1420] EMC_FREQ 0% GR3D_FREQ 0% AUX@46C CPU@47C thermal@46.3C AO@46C GPU@46.5C PMIC@50C
1791262289.544482 10-06-2026 13:51:29 RAM 2920/6833MB (lfb 110x4MB) SWAP 121/3417MB (cached 1MB) CPU [0%@1420,5%@1420,5%@1420,10%@1420,100%@1420,4%@1420] EMC_FREQ 0% GR3D_FREQ 0% AUX@46C CPU@47C thermal@46.3C AO@46C GPU@46C PMIC@50C
1791262289.751457 10-06-2026 13:51:29 RAM 2921/6833MB (lfb 110x4MB) SWAP 121/3417MB (cached 1MB) CPU [9%@1420,9%@1420,9%@1420,14%@1420,95%@1420,9%@1420] EMC_FREQ 0% GR3D_FREQ 0% AUX@46C CPU@47C thermal@46.3C AO@46C GPU@46C PMIC@50C
1791262289.954993 10-06-2026 13:51:29 RAM 2928/6833MB (lfb 109x4MB) SWAP 121/3417MB (cached 1MB) CPU [35%@1420,27%@1420,30%@1420,31%@1420,88%@1420,31%@1420] EMC_FREQ 0% GR3D_FREQ 17% AUX@46C CPU@47.5C thermal@46.3C AO@46C GPU@46.5C PMIC@50C
1791262290.158504 10-06-2026 13:51:30 RAM 2955/6833MB (lfb 107x4MB) SWAP 121/3417MB (cached 1MB) CPU [13%@1420,47%@1420,5%@1420,14%@1420,61%@1420,13%@1420] EMC_FREQ 0% GR3D_FREQ 15% AUX@46C CPU@47C thermal@46.3C AO@46C GPU@46C PMIC@50C
1791262290.361974 10-06-2026 13:51:30 RAM 2981/6833MB (lfb 105x4MB) SWAP 121/3417MB (cached 1MB) CPU [5%@1420,4%@1420,5%@1420,10%@1420,94%@1420,0%@1420] EMC_FREQ 0% GR3D_FREQ 0% AUX@46C CPU@47C thermal@46.45C AO@46C GPU@46.5C PMIC@50C
1791262290.565190 10-06-2026 13:51:30 RAM 3024/6833MB (lfb 97x4MB) SWAP 121/3417MB (cached 1MB) CPU [0%@1420,5%@1420,5%@1420,5%@1420,100%@1420,5%@1420] EMC_FREQ 0% GR3D_FREQ 0% AUX@46C CPU@47C thermal@46.45C AO@46C GPU@46.5C PMIC@50C
1791262290.768566 10-06-2026 13:51:30 RAM 3055/6833MB (lfb 93x4MB) SWAP 121/3417MB (cached 1MB) CPU [9%@1420,0%@1420,9%@1420,0%@1420,100%@1420,0%@1420] EMC_FREQ 0% GR3D_FREQ 0% AUX@46C CPU@47C thermal@46.45C AO@46C GPU@46.5C PMIC@50C
1791262290.973608 10-06-2026 13:51:30 RAM 3074/6833MB (lfb 93x4MB) SWAP 121/3417MB (cached 1MB) CPU [5%@1420,9%@1420,5%@1420,5%@1420,95%@1420,5%@1420] EMC_FREQ 0% GR3D_FREQ 12% AUX@46C CPU@47C thermal@46.45C AO@46C GPU@46C PMIC@50C
1791262291.177984 10-06-2026 13:51:31 RAM 3102/6833MB (lfb 90x4MB) SWAP 121/3417MB (cached 1MB) CPU [9%@1420,5%@1420,5%@1420,9%@1420,95%@1420,0%@1420] EMC_FREQ 0% GR3D_FREQ 27% AUX@46C CPU@47C thermal@46.45C AO@46C GPU@46C PMIC@50C
1791262291.381147 10-06-2026 13:51:31 RAM 3175/6833MB (lfb 75x4MB) SWAP 121/3417MB (cached 1MB) CPU [0%@1420,5%@1420,14%@1420,9%@1420,95%@1420,9%@1420] EMC_FREQ 0% GR3D_FREQ 0% AUX@46C CPU@47C thermal@46.3C AO@46C GPU@46.5C PMIC@50C
1791262291.584330 10-06-2026 13:51:31 RAM 3173/6833MB (lfb 78x4MB) SWAP 121/3417MB (cached 1MB) CPU [0%@1420,9%@1420,9%@1420,5%@1420,100%@1420,0%@1420] EMC_FREQ 0% GR3D_FREQ 7% AUX@46C CPU@47C thermal@46.3C AO@46C GPU@46C PMIC@50C
1791262291.787486 10-06-2026 13:51:31 RAM 3201/6833MB (lfb 75x4MB) SWAP 121/3417MB (cached 1MB) CPU [14%@1420,10%@1420,4%@1420,9%@1420,94%@1420,0%@1420] EMC_FREQ 0% GR3D_FREQ 17% AUX@46C CPU@47C thermal@46.3C AO@46C GPU@46C PMIC@50C
1791262291.991156 10-06-2026 13:51:31 RAM 3253/6833MB (lfb 66x4MB) SWAP 121/3417MB (cached 1MB) CPU [4%@1420,0%@1420,0%@1420,14%@1420,95%@1420,0%@1420] EMC_FREQ 0% GR3D_FREQ 0% AUX@46C CPU@47C thermal@46.3C AO@46C GPU@46C PMIC@50C
1791262292.194549 10-06-2026 13:51:32 RAM 3266/6833MB (lfb 66x4MB) SWAP 121/3417MB (cached 1MB) CPU [5%@1420,4%@1420,9%@1420,15%@1420,100%@1420,0%@1420] EMC_FREQ 0% GR3D_FREQ 57% AUX@46C CPU@47C thermal@46.3C AO@46C GPU@46C PMIC@50C
1791262292.397944 10-06-2026 13:51:32 RAM 3293/6833MB (lfb 64x4MB) SWAP 121/3417MB (cached 1MB) CPU [9%@1420,5%@1420,5%@1420,10%@1420,90%@1420,0%@1420] EMC_FREQ 0% GR3D_FREQ 15% AUX@46C CPU@47C thermal@46.3C AO@46C GPU@46C PMIC@50C
1791262292.601170 10-06-2026 13:51:32 RAM 3320/6833MB (lfb 60x4MB) SWAP 121/3417MB (cached 1MB) CPU [0%@1420,0%@1420,5%@1420,15%@1420,95%@1420,9%@1420] EMC_FREQ 0% GR3D_FREQ 36% AUX@45.5C CPU@47C thermal@46.3C AO@46C GPU@46C PMIC@50C
1791262292.804491 10-06-2026 13:51:32 RAM 3372/6833MB (lfb 52x4MB) SWAP 121/3417MB (cached 1MB) CPU [5%@1420,5%@1420,10%@1420,0%@1420,94%@1420,9%@1420] EMC_FREQ 0% GR3D_FREQ 7% AUX@45.5C CPU@47C thermal@46.3C AO@45.5C GPU@46C PMIC@50C
1791262293.007956 10-06-2026 13:51:33 RAM 3397/6833MB (lfb 47x4MB) SWAP 121/3417MB (cached 1MB) CPU [5%@1420,9%@1420,9%@1420,0%@1420,94%@1420,0%@1420] EMC_FREQ 0% GR3D_FREQ 9% AUX@45.5C CPU@47C thermal@46.3C AO@46C GPU@46C PMIC@50C
1791262293.211390 10-06-2026 13:51:33 RAM 3420/6833MB (lfb 44x4MB) SWAP 121/3417MB (cached 1MB) CPU [70%@1420,5%@1420,5%@1420,13%@1420,95%@1420,4%@1420] EMC_FREQ 0% GR3D_FREQ 14% AUX@45.5C CPU@47C thermal@46.3C AO@46C GPU@46C PMIC@50C
1791262293.414996 10-06-2026 13:51:33 RAM 3447/6833MB (lfb 42x4MB) SWAP 121/3417MB (cached 1MB) CPU [0%@1420,0%@1420,14%@1420,5%@1420,57%@1420,47%@1420] EMC_FREQ 0% GR3D_FREQ 12% AUX@45.5C CPU@47C thermal@46.3C AO@46C GPU@46C PMIC@50C
1791262293.618374 10-06-2026 13:51:33 RAM 3253/6833MB (lfb 51x4MB) SWAP 121/3417MB (cached 1MB) CPU [10%@1420,9%@1420,10%@1420,5%@1420,0%@1420,72%@1420] EMC_FREQ 0% GR3D_FREQ 61% AUX@46C CPU@47C thermal@46.1C AO@46C GPU@46C PMIC@50C
1791262293.821733 10-06-2026 13:51:33 RAM 3349/6833MB (lfb 68x4MB) SWAP 121/3417MB (cached 1MB) CPU [10%@1420,0%@1420,14%@1420,9%@1420,10%@1420,65%@1420] EMC_FREQ 0% GR3D_FREQ 39% AUX@45.5C CPU@47C thermal@46.1C AO@46C GPU@46C PMIC@50C
1791262294.025025 10-06-2026 13:51:34 RAM 3325/6833MB (lfb 92x4MB) SWAP 121/3417MB (cached 1MB) CPU [10%@1420,5%@1420,5%@1420,5%@1420,84%@1420,0%@1420] EMC_FREQ 0% GR3D_FREQ 0% AUX@46C CPU@47C thermal@46.1C AO@46C GPU@46C PMIC@50C
1791262294.228394 10-06-2026 13:51:34 RAM 3369/6833MB (lfb 83x4MB) SWAP 121/3417MB (cached 1MB) CPU [13%@1420,9%@1420,5%@1420,9%@1420,89%@1420,0%@1420] EMC_FREQ 0% GR3D_FREQ 0% AUX@45.5C CPU@46.5C thermal@46.1C AO@46C GPU@46C PMIC@50C
1791262294.431745 10-06-2026 13:51:34 RAM 3366/6833MB (lfb 83x4MB) SWAP 121/3417MB (cached 1MB) CPU [0%@1420,5%@1420,10%@1420,5%@1420,14%@1420,10%@1420] EMC_FREQ 0% GR3D_FREQ 0% AUX@45.5C CPU@46.5C thermal@46.1C AO@46C GPU@46C PMIC@50C
1791262294.635253 10-06-2026 13:51:34 RAM 3367/6833MB (lfb 83x4MB) SWAP 121/3417MB (cached 1MB) CPU [10%@1190,0%@1190,10%@1190,5%@1190,9%@1420,13%@1420] EMC_FREQ 0% GR3D_FREQ 0% AUX@45.5C CPU@46.5C thermal@46.1C AO@46C GPU@46C PMIC@50C
1791262294.838557 10-06-2026 13:51:34 RAM 3366/6833MB (lfb 83x4MB) SWAP 121/3417MB (cached 1MB) CPU [13%@1190,0%@1420,10%@1420,5%@1420,10%@1420,5%@1420] EMC_FREQ 0% GR3D_FREQ 0% AUX@45.5C CPU@46.5C thermal@45.95C AO@46C GPU@46C PMIC@50C
1791262295.041870 10-06-2026 13:51:35 RAM 3366/6833MB (lfb 83x4MB) SWAP 121/3417MB (cached 1MB) CPU [10%@1420,5%@1420,5%@1420,5%@1420,5%@1420,90%@1420] EMC_FREQ 0% GR3D_FREQ 0% AUX@45.5C CPU@46.5C thermal@45.95C AO@45.5C GPU@45.5C PMIC@50C
1791262295.245165 10-06-2026 13:51:35 RAM 3367/6833MB (lfb 83x4MB) SWAP 121/3417MB (cached 1MB) CPU [5%@1420,5%@1420,13%@1420,9%@1420,23%@1420,66%@1420] EMC_FREQ 0% GR3D_FREQ 0% AUX@45.5C CPU@46.5C thermal@45.95C AO@46C GPU@46C PMIC@50C
1791262295.450821 10-06-2026 13:51:35 RAM 3367/6833MB (lfb 83x4MB) SWAP 121/3417MB (cached 1MB) CPU [0%@1420,9%@1420,9%@1420,5%@1420,100%@1420,9%@1420] EMC_FREQ 0% GR3D_FREQ 0% AUX@45.5C CPU@46.5C thermal@45.95C AO@46C GPU@46C PMIC@50C
1791262295.654531 10-06-2026 13:51:35 RAM 3432/6833MB (lfb 83x4MB) SWAP 121/3417MB (cached 1MB) CPU [9%@1420,5%@1420,9%@1420,9%@1420,42%@1420,50%@1420] EMC_FREQ 0% GR3D_FREQ 0% AUX@45.5C CPU@46.5C thermal@45.95C AO@45.5C GPU@46C PMIC@50C
1791262295.857946 10-06-2026 13:51:35 RAM 3500/6833MB (lfb 83x4MB) SWAP 121/3417MB (cached 1MB) CPU [0%@1420,0%@1420,10%@1420,5%@1420,0%@1420,95%@1420] EMC_FREQ 0% GR3D_FREQ 0% AUX@45.5C CPU@46.5C thermal@45.95C AO@46C GPU@46C PMIC@50C
1791262296.061499 10-06-2026 13:51:36 RAM 3532/6833MB (lfb 83x4MB) SWAP 121/3417MB (cached 1MB) CPU [10%@1420,13%@1420,10%@1420,4%@1420,0%@1420,100%@1420] EMC_FREQ 0% GR3D_FREQ 0% AUX@45.5C CPU@46.5C thermal@45.95C AO@46C GPU@46C PMIC@50C
1791262296.264695 10-06-2026 13:51:36 RAM 3685/6833MB (lfb 54x4MB) SWAP 121/3417MB (cached 1MB) CPU [9%@1420,14%@1420,14%@1420,5%@1420,0%@1420,95%@1420] EMC_FREQ 0% GR3D_FREQ 0% AUX@45.5C CPU@46.5C thermal@45.95C AO@45.5C GPU@45.5C PMIC@50C
1791262296.468000 10-06-2026 13:51:36 RAM 3685/6833MB (lfb 54x4MB) SWAP 121/3417MB (cached 1MB) CPU [5%@1420,9%@1420,0%@1420,5%@1420,47%@1420,42%@1420] EMC_FREQ 0% GR3D_FREQ 51% AUX@45.5C CPU@47C thermal@45.95C AO@45.5C GPU@45.5C PMIC@50C
1791262296.671156 10-06-2026 13:51:36 RAM 3685/6833MB (lfb 54x4MB) SWAP 121/3417MB (cached 1MB) CPU [9%@1420,0%@1420,14%@1420,5%@1420,94%@1420,0%@1420] EMC_FREQ 0% GR3D_FREQ 0% AUX@45.5C CPU@46.5C thermal@45.95C AO@45.5C GPU@45.5C PMIC@50C
1791262296.874419 10-06-2026 13:51:36 RAM 3368/6833MB (lfb 83x4MB) SWAP 121/3417MB (cached 1MB) CPU [5%@1420,9%@1420,14%@1420,9%@1420,100%@1420,0%@1420] EMC_FREQ 0% GR3D_FREQ 0% AUX@45.5C CPU@46.5C thermal@45.95C AO@45.5C GPU@46C PMIC@50C
1791262297.077948 10-06-2026 13:51:37 RAM 3366/6833MB (lfb 83x4MB) SWAP 121/3417MB (cached 1MB) CPU [5%@1420,5%@1420,45%@1420,15%@1420,95%@1420,0%@1420] EMC_FREQ 0% GR3D_FREQ 0% AUX@45.5C CPU@46.5C thermal@45.8C AO@45.5C GPU@45.5C PMIC@50C
1791262297.281215 10-06-2026 13:51:37 RAM 3367/6833MB (lfb 83x4MB) SWAP 121/3417MB (cached 1MB) CPU [9%@1420,5%@1420,5%@1420,40%@1420,45%@1420,55%@1420] EMC_FREQ 0% GR3D_FREQ 0% AUX@45.5C CPU@46.5C thermal@45.8C AO@45.5C GPU@45.5C PMIC@50C
1791262297.484431 10-06-2026 13:51:37 RAM 3370/6833MB (lfb 83x4MB) SWAP 121/3417MB (cached 1MB) CPU [5%@1420,10%@1420,0%@1420,14%@1420,66%@1420,15%@1420] EMC_FREQ 0% GR3D_FREQ 0% AUX@45.5C CPU@46.5C thermal@45.8C AO@45.5C GPU@45.5C PMIC@50C
1791262297.687568 10-06-2026 13:51:37 RAM 3373/6833MB (lfb 83x4MB) SWAP 121/3417MB (cached 1MB) CPU [5%@1420,10%@1420,14%@1420,5%@1420,94%@1420,4%@1420] EMC_FREQ 0% GR3D_FREQ 0% AUX@45.5C CPU@46.5C thermal@45.8C AO@45.5C GPU@45.5C PMIC@50C
1791262297.894244 10-06-2026 13:51:37 RAM 3373/6833MB (lfb 83x4MB) SWAP 121/3417MB (cached 1MB) CPU [9%@1420,9%@1420,5%@1420,5%@1420,45%@1420,15%@1420] EMC_FREQ 0% GR3D_FREQ 0% AUX@45.5C CPU@46.5C thermal@45.8C AO@45.5C GPU@45.5C PMIC@50C
1791262298.097945 10-06-2026 13:51:38 RAM 3372/6833MB (lfb 83x4MB) SWAP 121/3417MB (cached 1MB) CPU [19%@1190,5%@1190,15%@1190,14%@1190,4%@1420,9%@1420] EMC_FREQ 0% GR3D_FREQ 0% AUX@45.5C CPU@46.5C thermal@45.8C AO@45.5C GPU@45.5C PMIC@50C
1791262298.301451 10-06-2026 13:51:38 RAM 3372/6833MB (lfb 83x4MB) SWAP 121/3417MB (cached 1MB) CPU [9%@1190,5%@1420,14%@1420,0%@1420,10%@1420,20%@1420] EMC_FREQ 0% GR3D_FREQ 0% AUX@45.5C CPU@46.5C thermal@45.8C AO@45.5C GPU@45.5C PMIC@50C
1791262298.504677 10-06-2026 13:51:38 RAM 3371/6833MB (lfb 83x4MB) SWAP 121/3417MB (cached 1MB) CPU [5%@1420,5%@1420,18%@1420,10%@1420,80%@1420,0%@1420] EMC_FREQ 0% GR3D_FREQ 0% AUX@45.5C CPU@46.5C thermal@45.8C AO@45.5C GPU@45.5C PMIC@50C
1791262298.708153 10-06-2026 13:51:38 RAM 3371/6833MB (lfb 83x4MB) SWAP 121/3417MB (cached 1MB) CPU [10%@1190,0%@1190,14%@1420,9%@1420,35%@1420,9%@1420] EMC_FREQ 0% GR3D_FREQ 0% AUX@45.5C CPU@46C thermal@45.8C AO@45.5C GPU@45.5C PMIC@50C
1791262298.911756 10-06-2026 13:51:38 RAM 3371/6833MB (lfb 83x4MB) SWAP 121/3417MB (cached 1MB) CPU [0%@1420,0%@1420,5%@1420,10%@1420,23%@1420,20%@1420] EMC_FREQ 0% GR3D_FREQ 0% AUX@45C CPU@46C thermal@45.8C AO@45.5C GPU@45.5C PMIC@50C
1791262299.115351 10-06-2026 13:51:39 RAM 3761/6833MB (lfb 21x4MB) SWAP 121/3417MB (cached 1MB) CPU [4%@1420,5%@1420,10%@1420,14%@1420,0%@1420,100%@1420] EMC_FREQ 0% GR3D_FREQ 0% AUX@45.5C CPU@46.5C thermal@45.8C AO@45.5C GPU@45.5C PMIC@50C
1791262299.318672 10-06-2026 13:51:39 RAM 4023/6833MB (lfb 29x1MB) SWAP 121/3417MB (cached 1MB) CPU [0%@1420,4%@1420,10%@1420,10%@1420,0%@1420,100%@1420] EMC_FREQ 0% GR3D_FREQ 0% AUX@45.5C CPU@46.5C thermal@45.8C AO@45.5C GPU@45.5C PMIC@50C
1791262299.522551 10-06-2026 13:51:39 RAM 4090/6833MB (lfb 21x1MB) SWAP 121/3417MB (cached 1MB) CPU [5%@1420,10%@1420,10%@1420,4%@1420,0%@1420,100%@1420] EMC_FREQ 0% GR3D_FREQ 0% AUX@45.5C CPU@46.5C thermal@45.8C AO@45.5C GPU@45.5C PMIC@50C
1791262299.726556 10-06-2026 13:51:39 RAM 4075/6833MB (lfb 15x1MB) SWAP 121/3417MB (cached 1MB) CPU [21%@1420,5%@1420,15%@1420,5%@1420,47%@1420,100%@1420] EMC_FREQ 0% GR3D_FREQ 0% AUX@45.5C CPU@46.5C thermal@45.8C AO@45.5C GPU@45.5C PMIC@50C
1791262299.930433 10-06-2026 13:51:39 RAM 4068/6833MB (lfb 12x1MB) SWAP 121/3417MB (cached 1MB) CPU [10%@1420,9%@1420,27%@1420,20%@1420,9%@1420,100%@1420] EMC_FREQ 0% GR3D_FREQ 0% AUX@45.5C CPU@46.5C thermal@45.8C AO@45.5C GPU@45.5C PMIC@50C
1791262300.135042 10-06-2026 13:51:40 RAM 4051/6833MB (lfb 17x1MB) SWAP 121/3417MB (cached 1MB) CPU [14%@1420,9%@1420,31%@1420,11%@1420,5%@1420,100%@1420] EMC_FREQ 0% GR3D_FREQ 0% AUX@45.5C CPU@46.5C thermal@45.8C AO@45.5C GPU@45.5C PMIC@50C
1791262300.339969 10-06-2026 13:51:40 RAM 4019/6833MB (lfb 17x1MB) SWAP 121/3417MB (cached 1MB) CPU [5%@1420,0%@1420,10%@1420,36%@1420,4%@1420,100%@1420] EMC_FREQ 0% GR3D_FREQ 0% AUX@45.5C CPU@46.5C thermal@45.6C AO@45.5C GPU@45.5C PMIC@50C
1791262300.543899 10-06-2026 13:51:40 RAM 4014/6833MB (lfb 17x1MB) SWAP 121/3417MB (cached 1MB) CPU [14%@1420,9%@1420,9%@1420,5%@1420,0%@1420,100%@1420] EMC_FREQ 0% GR3D_FREQ 0% AUX@45.5C CPU@46.5C thermal@45.6C AO@45C GPU@45.5C PMIC@50C
1791262300.748331 10-06-2026 13:51:40 RAM 4014/6833MB (lfb 17x1MB) SWAP 121/3417MB (cached 1MB) CPU [15%@1420,5%@1420,5%@1420,0%@1420,4%@1420,100%@1420] EMC_FREQ 0% GR3D_FREQ 0% AUX@45.5C CPU@46.5C thermal@45.6C AO@45C GPU@45.5C PMIC@50C
1791262300.951667 10-06-2026 13:51:40 RAM 4014/6833MB (lfb 17x1MB) SWAP 121/3417MB (cached 1MB) CPU [10%@1420,5%@1420,4%@1420,9%@1420,5%@1420,100%@1420] EMC_FREQ 0% GR3D_FREQ 0% AUX@45.5C CPU@46.5C thermal@45.6C AO@45C GPU@45.5C PMIC@50C
1791262301.155135 10-06-2026 13:51:41 RAM 4014/6833MB (lfb 17x1MB) SWAP 121/3417MB (cached 1MB) CPU [9%@1420,14%@1420,9%@1420,4%@1420,9%@1420,100%@1420] EMC_FREQ 0% GR3D_FREQ 0% AUX@45.5C CPU@46.5C thermal@45.6C AO@45.5C GPU@45.5C PMIC@50C
1791262301.358743 10-06-2026 13:51:41 RAM 4014/6833MB (lfb 17x1MB) SWAP 121/3417MB (cached 1MB) CPU [14%@1420,5%@1420,0%@1420,0%@1420,0%@1420,100%@1420] EMC_FREQ 0% GR3D_FREQ 0% AUX@45C CPU@46.5C thermal@45.6C AO@45.5C GPU@45.5C PMIC@50C
1791262301.562346 10-06-2026 13:51:41 RAM 3980/6833MB (lfb 17x1MB) SWAP 121/3417MB (cached 1MB) CPU [9%@1420,9%@1420,9%@1420,9%@1420,0%@1420,100%@1420] EMC_FREQ 0% GR3D_FREQ 0% AUX@45.5C CPU@46.5C thermal@45.8C AO@45.5C GPU@45.5C PMIC@50C
1791262301.765702 10-06-2026 13:51:41 RAM 3011/6833MB (lfb 83x4MB) SWAP 121/3417MB (cached 1MB) CPU [0%@1420,5%@1420,0%@1420,10%@1420,0%@1420,100%@1420] EMC_FREQ 0% GR3D_FREQ 0% AUX@45.5C CPU@46.5C thermal@45.8C AO@45C GPU@45C PMIC@50C
1791262301.969589 10-06-2026 13:51:41 RAM 3011/6833MB (lfb 83x4MB) SWAP 121/3417MB (cached 1MB) CPU [5%@1420,5%@1420,5%@1420,26%@1420,0%@1420,100%@1420] EMC_FREQ 0% GR3D_FREQ 0% AUX@45C CPU@46C thermal@45.8C AO@45C GPU@45.5C PMIC@50C
1791262302.173123 10-06-2026 13:51:42 RAM 3011/6833MB (lfb 83x4MB) SWAP 121/3417MB (cached 1MB) CPU [10%@1420,5%@1420,17%@1420,42%@1420,0%@1420,100%@1420] EMC_FREQ 0% GR3D_FREQ 0% AUX@45C CPU@46.5C thermal@45.8C AO@45C GPU@45.5C PMIC@50C
1791262302.376354 10-06-2026 13:51:42 RAM 3016/6833MB (lfb 83x4MB) SWAP 121/3417MB (cached 1MB) CPU [9%@1420,9%@1420,5%@1420,4%@1420,0%@1420,100%@1420] EMC_FREQ 0% GR3D_FREQ 0% AUX@45C CPU@46.5C thermal@45.8C AO@45C GPU@45.5C PMIC@50C
1791262302.579962 10-06-2026 13:51:42 RAM 3046/6833MB (lfb 83x4MB) SWAP 121/3417MB (cached 1MB) CPU [10%@1420,9%@1420,0%@1420,5%@1420,9%@1420,100%@1420] EMC_FREQ 0% GR3D_FREQ 0% AUX@45C CPU@46C thermal@45.65C AO@45C GPU@45C PMIC@50C
1791262302.783642 10-06-2026 13:51:42 RAM 3076/6833MB (lfb 83x4MB) SWAP 121/3417MB (cached 1MB) CPU [5%@1420,14%@1420,0%@1420,0%@1420,0%@1420,100%@1420] EMC_FREQ 0% GR3D_FREQ 0% AUX@45C CPU@46C thermal@45.65C AO@45C GPU@45C PMIC@50C
1791262302.986814 10-06-2026 13:51:42 RAM 3108/6833MB (lfb 83x4MB) SWAP 121/3417MB (cached 1MB) CPU [9%@1420,5%@1420,0%@1420,0%@1420,0%@1420,100%@1420] EMC_FREQ 0% GR3D_FREQ 0% AUX@45.5C CPU@46C thermal@45.65C AO@45C GPU@45.5C PMIC@50C
1791262303.190600 10-06-2026 13:51:43 RAM 3138/6833MB (lfb 83x4MB) SWAP 121/3417MB (cached 1MB) CPU [14%@1420,9%@1420,0%@1420,9%@1420,4%@1420,100%@1420] EMC_FREQ 0% GR3D_FREQ 0% AUX@45C CPU@46.5C thermal@45.65C AO@45C GPU@45.5C PMIC@50C
1791262303.393784 10-06-2026 13:51:43 RAM 3168/6833MB (lfb 83x4MB) SWAP 121/3417MB (cached 1MB) CPU [18%@1420,5%@1420,9%@1420,5%@1420,9%@1420,100%@1420] EMC_FREQ 0% GR3D_FREQ 0% AUX@45C CPU@46.5C thermal@45.65C AO@45C GPU@45.5C PMIC@50C
1791262303.596992 10-06-2026 13:51:43 RAM 3201/6833MB (lfb 81x4MB) SWAP 121/3417MB (cached 1MB) CPU [10%@1420,5%@1420,5%@1420,0%@1420,0%@1420,100%@1420] EMC_FREQ 0% GR3D_FREQ 0% AUX@45C CPU@46C thermal@45.65C AO@45C GPU@45C PMIC@50C
1791262303.800141 10-06-2026 13:51:43 RAM 3229/6833MB (lfb 76x4MB) SWAP 121/3417MB (cached 1MB) CPU [14%@1420,70%@1420,4%@1420,0%@1420,5%@1420,100%@1420] EMC_FREQ 0% GR3D_FREQ 0% AUX@45C CPU@46C thermal@45.45C AO@45.5C GPU@45.5C PMIC@50C
1791262304.003937 10-06-2026 13:51:43 RAM 3257/6833MB (lfb 71x4MB) SWAP 121/3417MB (cached 1MB) CPU [10%@1420,5%@1420,0%@1420,9%@1420,0%@1420,100%@1420] EMC_FREQ 0% GR3D_FREQ 0% AUX@45C CPU@46C thermal@45.45C AO@45C GPU@45.5C PMIC@50C
1791262304.207479 10-06-2026 13:51:44 RAM 3283/6833MB (lfb 68x4MB) SWAP 121/3417MB (cached 1MB) CPU [15%@1420,9%@1420,4%@1420,5%@1420,0%@1420,100%@1420] EMC_FREQ 0% GR3D_FREQ 0% AUX@45C CPU@46.5C thermal@45.45C AO@45C GPU@45C PMIC@50C
1791262304.410839 10-06-2026 13:51:44 RAM 3308/6833MB (lfb 66x4MB) SWAP 121/3417MB (cached 1MB) CPU [5%@1420,5%@1420,0%@1420,5%@1420,5%@1420,100%@1420] EMC_FREQ 0% GR3D_FREQ 0% AUX@45C CPU@46C thermal@45.45C AO@45C GPU@45C PMIC@50C
1791262304.614052 10-06-2026 13:51:44 RAM 3333/6833MB (lfb 64x4MB) SWAP 121/3417MB (cached 1MB) CPU [18%@1420,10%@1420,4%@1420,4%@1420,0%@1420,100%@1420] EMC_FREQ 0% GR3D_FREQ 0% AUX@45C CPU@46C thermal@45.45C AO@45C GPU@45C PMIC@50C
1791262304.817173 10-06-2026 13:51:44 RAM 3361/6833MB (lfb 61x4MB) SWAP 121/3417MB (cached 1MB) CPU [0%@1420,5%@1420,10%@1420,5%@1420,4%@1420,100%@1420] EMC_FREQ 0% GR3D_FREQ 0% AUX@45C CPU@46C thermal@45.3C AO@45C GPU@45C PMIC@50C
1791262305.020405 10-06-2026 13:51:45 RAM 3389/6833MB (lfb 59x4MB) SWAP 121/3417MB (cached 1MB) CPU [9%@1420,0%@1420,9%@1420,9%@1420,4%@1420,100%@1420] EMC_FREQ 0% GR3D_FREQ 0% AUX@45C CPU@46C thermal@45.3C AO@45C GPU@45C PMIC@50C
1791262305.224073 10-06-2026 13:51:45 RAM 3487/6833MB (lfb 35x4MB) SWAP 121/3417MB (cached 1MB) CPU [5%@1420,5%@1420,0%@1420,15%@1420,4%@1420,100%@1420] EMC_FREQ 0% GR3D_FREQ 0% AUX@45C CPU@46C thermal@45.3C AO@45C GPU@45C PMIC@50C
1791262305.427372 10-06-2026 13:51:45 RAM 3487/6833MB (lfb 35x4MB) SWAP 121/3417MB (cached 1MB) CPU [0%@1420,5%@1420,5%@1420,10%@1420,4%@1420,100%@1420] EMC_FREQ 0% GR3D_FREQ 0% AUX@45C CPU@46C thermal@45.3C AO@45C GPU@45C PMIC@50C
1791262305.630622 10-06-2026 13:51:45 RAM 3487/6833MB (lfb 35x4MB) SWAP 121/3417MB (cached 1MB) CPU [9%@1420,17%@1420,9%@1420,10%@1420,0%@1420,100%@1420] EMC_FREQ 0% GR3D_FREQ 0% AUX@45C CPU@46C thermal@45.3C AO@45C GPU@45C PMIC@50C
1791262305.833865 10-06-2026 13:51:45 RAM 3487/6833MB (lfb 35x4MB) SWAP 121/3417MB (cached 1MB) CPU [5%@1420,5%@1420,4%@1420,14%@1420,0%@1420,100%@1420] EMC_FREQ 0% GR3D_FREQ 0% AUX@45C CPU@46C thermal@45.3C AO@45C GPU@45C PMIC@50C
1791262306.037074 10-06-2026 13:51:46 RAM 3487/6833MB (lfb 35x4MB) SWAP 121/3417MB (cached 1MB) CPU [5%@1420,0%@1420,5%@1420,10%@1420,0%@1420,100%@1420] EMC_FREQ 0% GR3D_FREQ 0% AUX@45C CPU@46C thermal@45.45C AO@45C GPU@45C PMIC@50C
1791262306.240639 10-06-2026 13:51:46 RAM 3487/6833MB (lfb 35x4MB) SWAP 121/3417MB (cached 1MB) CPU [5%@1420,9%@1420,9%@1420,0%@1420,0%@1420,100%@1420] EMC_FREQ 0% GR3D_FREQ 0% AUX@45C CPU@46C thermal@45.45C AO@45C GPU@45C PMIC@50C
1791262306.444118 10-06-2026 13:51:46 RAM 3487/6833MB (lfb 35x4MB) SWAP 121/3417MB (cached 1MB) CPU [9%@1420,5%@1420,0%@1420,10%@1420,0%@1420,100%@1420] EMC_FREQ 0% GR3D_FREQ 0% AUX@45C CPU@46C thermal@45.45C AO@45C GPU@45C PMIC@50C
1791262306.647508 10-06-2026 13:51:46 RAM 3487/6833MB (lfb 35x4MB) SWAP 121/3417MB (cached 1MB) CPU [4%@1420,4%@1420,10%@1420,14%@1420,4%@1420,100%@1420] EMC_FREQ 0% GR3D_FREQ 0% AUX@45C CPU@46C thermal@45.45C AO@45C GPU@45C PMIC@50C
1791262306.850667 10-06-2026 13:51:46 RAM 3487/6833MB (lfb 35x4MB) SWAP 121/3417MB (cached 1MB) CPU [5%@1420,0%@1420,10%@1420,0%@1420,0%@1420,100%@1420] EMC_FREQ 0% GR3D_FREQ 0% AUX@45C CPU@46C thermal@45.45C AO@45C GPU@45C PMIC@50C
1791262307.054050 10-06-2026 13:51:47 RAM 3487/6833MB (lfb 35x4MB) SWAP 121/3417MB (cached 1MB) CPU [5%@1420,9%@1420,10%@1420,10%@1420,0%@1420,100%@1420] EMC_FREQ 0% GR3D_FREQ 0% AUX@45C CPU@46C thermal@45.3C AO@45C GPU@45C PMIC@50C
1791262307.257389 10-06-2026 13:51:47 RAM 3487/6833MB (lfb 35x4MB) SWAP 121/3417MB (cached 1MB) CPU [14%@1420,5%@1420,0%@1420,55%@1420,4%@1420,100%@1420] EMC_FREQ 0% GR3D_FREQ 0% AUX@45C CPU@46C thermal@45.3C AO@45C GPU@45C PMIC@50C
1791262307.460566 10-06-2026 13:51:47 RAM 3487/6833MB (lfb 35x4MB) SWAP 121/3417MB (cached 1MB) CPU [10%@1420,14%@1420,9%@1420,5%@1420,0%@1420,100%@1420] EMC_FREQ 0% GR3D_FREQ 0% AUX@45C CPU@46C thermal@45.3C AO@45C GPU@45C PMIC@50C
1791262307.663762 10-06-2026 13:51:47 RAM 3487/6833MB (lfb 35x4MB) SWAP 121/3417MB (cached 1MB) CPU [10%@1420,5%@1420,5%@1420,0%@1420,0%@1420,100%@1420] EMC_FREQ 0% GR3D_FREQ 0% AUX@45C CPU@46C thermal@45.3C AO@45C GPU@45C PMIC@50C
1791262307.867060 10-06-2026 13:51:47 RAM 3488/6833MB (lfb 35x4MB) SWAP 121/3417MB (cached 1MB) CPU [14%@1420,4%@1420,0%@1420,9%@1420,0%@1420,100%@1420] EMC_FREQ 0% GR3D_FREQ 0% AUX@45C CPU@46C thermal@45.3C AO@45C GPU@45C PMIC@50C
1791262308.070395 10-06-2026 13:51:48 RAM 3346/6833MB (lfb 48x4MB) SWAP 121/3417MB (cached 1MB) CPU [35%@1420,36%@1420,33%@1420,35%@1420,35%@1420,95%@1420] EMC_FREQ 0% GR3D_FREQ 0% AUX@45C CPU@46C thermal@45.3C AO@45C GPU@44.5C PMIC@50C
1791262308.273799 10-06-2026 13:51:48 RAM 3013/6833MB (lfb 83x4MB) SWAP 121/3417MB (cached 1MB) CPU [5%@1420,14%@1420,0%@1420,4%@1420,0%@1420,100%@1420] EMC_FREQ 0% GR3D_FREQ 0% AUX@45C CPU@46C thermal@45.3C AO@44.5C GPU@45C PMIC@50C
1791262308.477116 10-06-2026 13:51:48 RAM 3011/6833MB (lfb 83x4MB) SWAP 121/3417MB (cached 1MB) CPU [5%@1420,0%@1420,4%@1420,0%@1420,4%@1420,90%@1420] EMC_FREQ 0% GR3D_FREQ 0% AUX@45C CPU@46C thermal@45.3C AO@45C GPU@45C PMIC@50C
1791262308.680377 10-06-2026 13:51:48 RAM 3011/6833MB (lfb 83x4MB) SWAP 121/3417MB (cached 1MB) CPU [5%@1420,13%@1420,0%@1420,0%@1420,57%@1420,21%@1420] EMC_FREQ 0% GR3D_FREQ 0% AUX@44.5C CPU@46C thermal@45.3C AO@45C GPU@45C PMIC@50C
1791262308.883585 10-06-2026 13:51:48 RAM 3011/6833MB (lfb 83x4MB) SWAP 121/3417MB (cached 1MB) CPU [10%@1420,9%@1420,4%@1420,5%@1420,84%@1420,5%@1420] EMC_FREQ 0% GR3D_FREQ 0% AUX@44.5C CPU@45.5C thermal@45.3C AO@45C GPU@45C PMIC@50C
1791262309.086831 10-06-2026 13:51:49 RAM 3011/6833MB (lfb 83x4MB) SWAP 121/3417MB (cached 1MB) CPU [9%@1420,14%@1420,9%@1420,0%@1420,45%@1420,45%@1420] EMC_FREQ 0% GR3D_FREQ 0% AUX@44.5C CPU@45.5C thermal@45.3C AO@44.5C GPU@45C PMIC@50C
1791262309.290135 10-06-2026 13:51:49 RAM 3011/6833MB (lfb 83x4MB) SWAP 121/3417MB (cached 1MB) CPU [42%@1420,10%@1420,4%@1420,9%@1420,5%@1420,45%@1420] EMC_FREQ 0% GR3D_FREQ 0% AUX@45C CPU@45.5C thermal@45.15C AO@44.5C GPU@45C PMIC@50C
1791262309.497442 10-06-2026 13:51:49 RAM 3011/6833MB (lfb 83x4MB) SWAP 121/3417MB (cached 1MB) CPU [47%@1420,55%@1420,0%@1420,9%@1420,0%@1420,5%@1420] EMC_FREQ 0% GR3D_FREQ 0% AUX@45C CPU@45.5C thermal@45.15C AO@44.5C GPU@44.5C PMIC@50C
1791262309.697021 10-06-2026 13:51:49 RAM 3011/6833MB (lfb 83x4MB) SWAP 121/3417MB (cached 1MB) CPU [11%@1420,78%@1420,5%@1420,9%@1420,4%@1420,4%@1420] EMC_FREQ 0% GR3D_FREQ 17% AUX@45C CPU@45.5C thermal@45.15C AO@44.5C GPU@45C PMIC@50C
1791262309.900483 10-06-2026 13:51:49 RAM 3011/6833MB (lfb 83x4MB) SWAP 121/3417MB (cached 1MB) CPU [22%@1420,73%@1420,0%@1420,5%@1420,4%@1420,5%@1420] EMC_FREQ 0% GR3D_FREQ 7% AUX@44.5C CPU@45.5C thermal@45.15C AO@45C GPU@45C PMIC@50C
1791262310.103647 10-06-2026 13:51:50 RAM 3011/6833MB (lfb 83x4MB) SWAP 121/3417MB (cached 1MB) CPU [10%@1420,85%@1420,5%@1420,9%@1420,5%@1420,0%@1420] EMC_FREQ 0% GR3D_FREQ 0% AUX@44.5C CPU@45.5C thermal@45.15C AO@45C GPU@45C PMIC@50C
1791262310.306842 10-06-2026 13:51:50 RAM 3011/6833MB (lfb 83x4MB) SWAP 121/3417MB (cached 1MB) CPU [14%@1420,100%@1420,4%@1420,0%@1420,5%@1420,5%@1420] EMC_FREQ 0% GR3D_FREQ 0% AUX@44.5C CPU@45.5C thermal@45.15C AO@45C GPU@45C PMIC@50C
1791262310.510334 10-06-2026 13:51:50 RAM 3011/6833MB (lfb 83x4MB) SWAP 121/3417MB (cached 1MB) CPU [27%@1420,54%@1420,0%@1420,5%@1420,9%@1420,9%@1420] EMC_FREQ 0% GR3D_FREQ 22% AUX@44.5C CPU@45.5C thermal@44.8C AO@45C GPU@45C PMIC@50C
1791262310.714350 10-06-2026 13:51:50 RAM 3011/6833MB (lfb 83x4MB) SWAP 121/3417MB (cached 1MB) CPU [80%@1420,5%@1420,9%@1420,0%@1420,14%@1420,5%@1420] EMC_FREQ 0% GR3D_FREQ 22% AUX@44.5C CPU@45.5C thermal@44.8C AO@44.5C GPU@45C PMIC@50C
1791262310.917608 10-06-2026 13:51:50 RAM 3011/6833MB (lfb 83x4MB) SWAP 121/3417MB (cached 1MB) CPU [95%@1420,0%@1420,5%@1420,5%@1420,5%@1420,5%@1420] EMC_FREQ 0% GR3D_FREQ 0% AUX@45C CPU@45.5C thermal@44.8C AO@44.5C GPU@44.5C PMIC@50C
1791262311.120957 10-06-2026 13:51:51 RAM 3181/6833MB (lfb 72x4MB) SWAP 121/3417MB (cached 1MB) CPU [4%@1420,85%@1420,9%@1420,0%@1420,9%@1420,5%@1420] EMC_FREQ 0% GR3D_FREQ 0% AUX@44.5C CPU@45.5C thermal@44.8C AO@45C GPU@44.5C PMIC@50C
1791262311.324144 10-06-2026 13:51:51 RAM 3212/6833MB (lfb 72x4MB) SWAP 121/3417MB (cached 1MB) CPU [35%@1420,65%@1420,0%@1420,4%@1420,14%@1420,5%@1420] EMC_FREQ 0% GR3D_FREQ 0% AUX@44.5C CPU@45.5C thermal@44.8C AO@44.5C GPU@44.5C PMIC@50C
1791262311.527982 10-06-2026 13:51:51 RAM 3254/6833MB (lfb 42x4MB) SWAP 121/3417MB (cached 1MB) CPU [14%@1420,86%@1420,9%@1420,9%@1420,10%@1420,5%@1420] EMC_FREQ 0% GR3D_FREQ 0% AUX@44.5C CPU@45.5C thermal@44.95C AO@44.5C GPU@44.5C PMIC@50C
1791262311.731192 10-06-2026 13:51:51 RAM 3258/6833MB (lfb 42x4MB) SWAP 121/3417MB (cached 1MB) CPU [0%@1420,100%@1420,4%@1420,9%@1420,9%@1420,5%@1420] EMC_FREQ 0% GR3D_FREQ 0% AUX@44.5C CPU@45.5C thermal@44.95C AO@44.5C GPU@44.5C PMIC@50C
1791262311.935080 10-06-2026 13:51:51 RAM 3258/6833MB (lfb 42x4MB) SWAP 121/3417MB (cached 1MB) CPU [5%@1420,95%@1420,5%@1420,5%@1420,5%@1420,14%@1420] EMC_FREQ 0% GR3D_FREQ 0% AUX@44.5C CPU@45.5C thermal@44.95C AO@44.5C GPU@45C PMIC@50C
1791262312.138508 10-06-2026 13:51:52 RAM 3258/6833MB (lfb 42x4MB) SWAP 121/3417MB (cached 1MB) CPU [10%@1420,100%@1420,0%@1420,10%@1420,0%@1420,5%@1420] EMC_FREQ 0% GR3D_FREQ 0% AUX@44.5C CPU@45.5C thermal@44.95C AO@44.5C GPU@44.5C PMIC@50C
1791262312.341787 10-06-2026 13:51:52 RAM 3257/6833MB (lfb 42x4MB) SWAP 121/3417MB (cached 1MB) CPU [5%@1420,100%@1420,5%@1420,0%@1420,5%@1420,9%@1420] EMC_FREQ 0% GR3D_FREQ 0% AUX@44.5C CPU@45.5C thermal@44.95C AO@44.5C GPU@44.5C PMIC@50C
1791262312.545423 10-06-2026 13:51:52 RAM 3261/6833MB (lfb 42x4MB) SWAP 121/3417MB (cached 1MB) CPU [13%@1420,76%@1420,9%@1420,9%@1420,0%@1420,4%@1420] EMC_FREQ 0% GR3D_FREQ 0% AUX@44.5C CPU@45.5C thermal@44.95C AO@44.5C GPU@44.5C PMIC@50C
1791262312.759960 10-06-2026 13:51:52 RAM 3265/6833MB (lfb 42x4MB) SWAP 121/3417MB (cached 1MB) CPU [60%@1420,15%@1420,5%@1420,5%@1420,5%@1420,0%@1420] EMC_FREQ 0% GR3D_FREQ 0% AUX@45C CPU@45.5C thermal@44.8C AO@44.5C GPU@44.5C PMIC@50C
1791262312.952413 10-06-2026 13:51:52 RAM 3271/6833MB (lfb 42x4MB) SWAP 121/3417MB (cached 1MB) CPU [33%@1420,35%@1420,4%@1420,10%@1420,9%@1420,5%@1420] EMC_FREQ 0% GR3D_FREQ 6% AUX@44.5C CPU@45.5C thermal@44.8C AO@44.5C GPU@44.5C PMIC@50C
1791262313.156200 10-06-2026 13:51:53 RAM 3281/6833MB (lfb 42x4MB) SWAP 121/3417MB (cached 1MB) CPU [0%@1420,90%@1420,0%@1420,14%@1420,5%@1420,9%@1420] EMC_FREQ 0% GR3D_FREQ 0% AUX@44.5C CPU@45.5C thermal@44.8C AO@44.5C GPU@44.5C PMIC@50C
1791262313.359987 10-06-2026 13:51:53 RAM 3285/6833MB (lfb 42x4MB) SWAP 121/3417MB (cached 1MB) CPU [5%@1420,77%@1420,0%@1420,10%@1420,9%@1420,13%@1420] EMC_FREQ 0% GR3D_FREQ 0% AUX@44.5C CPU@45.5C thermal@44.8C AO@44.5C GPU@44.5C PMIC@50C
1791262313.563289 10-06-2026 13:51:53 RAM 3287/6833MB (lfb 42x4MB) SWAP 121/3417MB (cached 1MB) CPU [5%@1420,21%@1420,4%@1420,9%@1420,0%@1420,10%@1420] EMC_FREQ 0% GR3D_FREQ 0% AUX@44.5C CPU@45.5C thermal@44.8C AO@44.5C GPU@44.5C PMIC@50C
1791262313.767104 10-06-2026 13:51:53 RAM 3289/6833MB (lfb 42x4MB) SWAP 121/3417MB (cached 1MB) CPU [0%@1420,72%@1420,0%@1420,10%@1420,5%@1420,0%@1420] EMC_FREQ 0% GR3D_FREQ 0% AUX@44.5C CPU@45.5C thermal@44.65C AO@44.5C GPU@44.5C PMIC@50C
1791262313.970366 10-06-2026 13:51:53 RAM 3293/6833MB (lfb 42x4MB) SWAP 121/3417MB (cached 1MB) CPU [0%@1420,84%@1420,0%@1420,18%@1420,0%@1420,9%@1420] EMC_FREQ 0% GR3D_FREQ 0% AUX@44.5C CPU@45.5C thermal@44.65C AO@44.5C GPU@44.5C PMIC@50C
1791262314.173929 10-06-2026 13:51:54 RAM 3295/6833MB (lfb 42x4MB) SWAP 121/3417MB (cached 1MB) CPU [4%@1420,75%@1420,0%@1420,9%@1420,5%@1420,9%@1420] EMC_FREQ 0% GR3D_FREQ 0% AUX@44.5C CPU@45.5C thermal@44.65C AO@44.5C GPU@44.5C PMIC@50C
1791262314.377487 10-06-2026 13:51:54 RAM 3303/6833MB (lfb 42x4MB) SWAP 121/3417MB (cached 1MB) CPU [91%@1420,0%@1420,9%@1420,10%@1420,5%@1420,5%@1420] EMC_FREQ 0% GR3D_FREQ 0% AUX@44.5C CPU@45C thermal@44.65C AO@44.5C GPU@44.5C PMIC@50C
1791262314.582427 10-06-2026 13:51:54 RAM 3305/6833MB (lfb 42x4MB) SWAP 121/3417MB (cached 1MB) CPU [10%@1420,71%@1420,5%@1420,5%@1420,13%@1420,5%@1420] EMC_FREQ 0% GR3D_FREQ 0% AUX@44.5C CPU@45.5C thermal@44.65C AO@44.5C GPU@44.5C PMIC@50C
1791262314.784352 10-06-2026 13:51:54 RAM 3319/6833MB (lfb 42x4MB) SWAP 121/3417MB (cached 1MB) CPU [22%@1420,42%@1420,0%@1420,5%@1420,9%@1420,5%@1420] EMC_FREQ 0% GR3D_FREQ 12% AUX@44.5C CPU@45.5C thermal@44.65C AO@44.5C GPU@44.5C PMIC@50C
1791262314.987991 10-06-2026 13:51:54 RAM 3322/6833MB (lfb 42x4MB) SWAP 121/3417MB (cached 1MB) CPU [65%@1420,19%@1420,9%@1420,10%@1420,4%@1420,0%@1420] EMC_FREQ 0% GR3D_FREQ 0% AUX@44.5C CPU@45.5C thermal@44.65C AO@44.5C GPU@44.5C PMIC@50C
1791262315.191402 10-06-2026 13:51:55 RAM 3328/6833MB (lfb 42x4MB) SWAP 121/3417MB (cached 1MB) CPU [4%@1344,78%@1344,5%@1344,5%@1344,0%@1344,0%@1344] EMC_FREQ 0% GR3D_FREQ 0% AUX@44.5C CPU@45C thermal@44.65C AO@44.5C GPU@44.5C PMIC@50C
1791262315.394897 10-06-2026 13:51:55 RAM 3330/6833MB (lfb 42x4MB) SWAP 121/3417MB (cached 1MB) CPU [10%@1420,72%@1420,9%@1420,5%@1420,9%@1420,10%@1420] EMC_FREQ 0% GR3D_FREQ 4% AUX@44C CPU@45C thermal@44.65C AO@44.5C GPU@44.5C PMIC@50C
1791262315.598262 10-06-2026 13:51:55 RAM 3334/6833MB (lfb 42x4MB) SWAP 121/3417MB (cached 1MB) CPU [70%@1420,4%@1420,5%@1420,5%@1420,9%@1420,5%@1420] EMC_FREQ 0% GR3D_FREQ 0% AUX@44C CPU@45.5C thermal@44.65C AO@44.5C GPU@44.5C PMIC@50C
1791262315.801648 10-06-2026 13:51:55 RAM 3334/6833MB (lfb 42x4MB) SWAP 121/3417MB (cached 1MB) CPU [5%@1420,75%@1420,10%@1420,5%@1420,5%@1420,5%@1420] EMC_FREQ 0% GR3D_FREQ 0% AUX@44C CPU@45C thermal@44.65C AO@44.5C GPU@44.5C PMIC@50C
1791262316.005026 10-06-2026 13:51:56 RAM 3340/6833MB (lfb 42x4MB) SWAP 121/3417MB (cached 1MB) CPU [21%@1420,78%@1420,9%@1420,5%@1420,4%@1420,5%@1420] EMC_FREQ 0% GR3D_FREQ 0% AUX@44C CPU@45.5C thermal@44.65C AO@44.5C GPU@44.5C PMIC@50C
1791262316.208552 10-06-2026 13:51:56 RAM 3340/6833MB (lfb 42x4MB) SWAP 121/3417MB (cached 1MB) CPU [68%@1190,10%@1420,0%@1420,5%@1420,5%@1420,4%@1420] EMC_FREQ 0% GR3D_FREQ 37% AUX@44C CPU@45.5C thermal@44.65C AO@44.5C GPU@44.5C PMIC@50C
1791262316.411978 10-06-2026 13:51:56 RAM 3344/6833MB (lfb 42x4MB) SWAP 121/3417MB (cached 1MB) CPU [0%@1420,81%@1420,4%@1420,15%@1420,9%@1420,5%@1420] EMC_FREQ 0% GR3D_FREQ 5% AUX@44.5C CPU@45C thermal@44.65C AO@44C GPU@44.5C PMIC@50C
1791262316.615191 10-06-2026 13:51:56 RAM 3348/6833MB (lfb 42x4MB) SWAP 121/3417MB (cached 1MB) CPU [0%@1420,85%@1420,9%@1420,10%@1420,5%@1420,9%@1420] EMC_FREQ 0% GR3D_FREQ 22% AUX@44C CPU@45C thermal@44.65C AO@44.5C GPU@44.5C PMIC@50C
1791262316.818770 10-06-2026 13:51:56 RAM 3359/6833MB (lfb 42x4MB) SWAP 121/3417MB (cached 1MB) CPU [13%@1420,60%@1420,14%@1420,10%@1420,4%@1420,5%@1420] EMC_FREQ 0% GR3D_FREQ 0% AUX@44C CPU@45.5C thermal@44.65C AO@44.5C GPU@44.5C PMIC@50C
1791262317.022438 10-06-2026 13:51:57 RAM 3359/6833MB (lfb 42x4MB) SWAP 121/3417MB (cached 1MB) CPU [5%@1420,100%@1420,5%@1420,0%@1420,5%@1420,0%@1420] EMC_FREQ 0% GR3D_FREQ 0% AUX@44.5C CPU@45.5C thermal@44.65C AO@44.5C GPU@44.5C PMIC@50C
1791262317.225818 10-06-2026 13:51:57 RAM 3360/6833MB (lfb 42x4MB) SWAP 121/3417MB (cached 1MB) CPU [5%@1420,100%@1420,5%@1420,5%@1420,0%@1420,0%@1420] EMC_FREQ 0% GR3D_FREQ 0% AUX@44C CPU@45.5C thermal@44.6C AO@44C GPU@44.5C PMIC@50C
1791262317.429396 10-06-2026 13:51:57 RAM 3360/6833MB (lfb 42x4MB) SWAP 121/3417MB (cached 1MB) CPU [4%@1420,100%@1420,18%@1420,13%@1420,0%@1420,4%@1420] EMC_FREQ 0% GR3D_FREQ 2% AUX@44C CPU@45.5C thermal@44.6C AO@44C GPU@44.5C PMIC@50C
1791262317.633232 10-06-2026 13:51:57 RAM 3360/6833MB (lfb 42x4MB) SWAP 121/3417MB (cached 1MB) CPU [5%@1420,100%@1420,5%@1420,0%@1420,4%@1420,0%@1420] EMC_FREQ 0% GR3D_FREQ 0% AUX@44C CPU@45.5C thermal@44.6C AO@44.5C GPU@44.5C PMIC@50C
1791262317.836894 10-06-2026 13:51:57 RAM 3360/6833MB (lfb 42x4MB) SWAP 121/3417MB (cached 1MB) CPU [9%@1420,100%@1420,9%@1420,21%@1420,5%@1420,5%@1420] EMC_FREQ 0% GR3D_FREQ 0% AUX@44C CPU@45.5C thermal@44.6C AO@44C GPU@44.5C PMIC@50C
1791262318.040480 10-06-2026 13:51:58 RAM 3360/6833MB (lfb 42x4MB) SWAP 121/3417MB (cached 1MB) CPU [10%@1420,100%@1420,5%@1420,0%@1420,9%@1420,0%@1420] EMC_FREQ 0% GR3D_FREQ 0% AUX@44.5C CPU@45.5C thermal@44.6C AO@44C GPU@44.5C PMIC@50C
1791262318.243664 10-06-2026 13:51:58 RAM 3360/6833MB (lfb 42x4MB) SWAP 121/3417MB (cached 1MB) CPU [5%@1420,100%@1420,0%@1420,5%@1420,4%@1420,9%@1420] EMC_FREQ 0% GR3D_FREQ 0% AUX@44.5C CPU@45.5C thermal@44.6C AO@44.5C GPU@44.5C PMIC@50C
1791262318.448783 10-06-2026 13:51:58 RAM 3360/6833MB (lfb 42x4MB) SWAP 121/3417MB (cached 1MB) CPU [9%@1420,100%@1420,9%@1420,0%@1420,10%@1420,9%@1420] EMC_FREQ 0% GR3D_FREQ 2% AUX@44C CPU@45C thermal@44.6C AO@44C GPU@44.5C PMIC@50C
1791262318.652319 10-06-2026 13:51:58 RAM 3360/6833MB (lfb 42x4MB) SWAP 121/3417MB (cached 1MB) CPU [10%@1420,100%@1420,5%@1420,0%@1420,9%@1420,0%@1420] EMC_FREQ 0% GR3D_FREQ 0% AUX@44C CPU@45C thermal@44.6C AO@44.5C GPU@44.5C PMIC@50C
1791262318.856885 10-06-2026 13:51:58 RAM 3360/6833MB (lfb 42x4MB) SWAP 121/3417MB (cached 1MB) CPU [4%@1420,100%@1420,0%@1420,5%@1420,5%@1420,10%@1420] EMC_FREQ 0% GR3D_FREQ 0% AUX@44.5C CPU@45.5C thermal@44.6C AO@44C GPU@44.5C PMIC@50C
1791262319.060647 10-06-2026 13:51:59 RAM 3360/6833MB (lfb 42x4MB) SWAP 121/3417MB (cached 1MB) CPU [5%@1420,100%@1420,4%@1420,0%@1420,0%@1420,14%@1420] EMC_FREQ 0% GR3D_FREQ 0% AUX@44.5C CPU@45.5C thermal@44.6C AO@44C GPU@44.5C PMIC@50C
1791262319.264314 10-06-2026 13:51:59 RAM 3360/6833MB (lfb 42x4MB) SWAP 121/3417MB (cached 1MB) CPU [5%@1420,100%@1420,0%@1420,9%@1420,10%@1420,9%@1420] EMC_FREQ 0% GR3D_FREQ 0% AUX@44.5C CPU@45.5C thermal@44.6C AO@44C GPU@44.5C PMIC@50C
1791262319.468034 10-06-2026 13:51:59 RAM 3360/6833MB (lfb 42x4MB) SWAP 121/3417MB (cached 1MB) CPU [25%@1420,66%@1420,9%@1420,0%@1420,13%@1420,5%@1420] EMC_FREQ 0% GR3D_FREQ 0% AUX@44.5C CPU@45C thermal@44.45C AO@44.5C GPU@44.5C PMIC@50C
1791262319.671463 10-06-2026 13:51:59 RAM 3360/6833MB (lfb 42x4MB) SWAP 121/3417MB (cached 1MB) CPU [54%@1267,15%@1267,28%@1267,28%@1267,25%@1267,23%@1267] EMC_FREQ 0% GR3D_FREQ 99% AUX@44.5C CPU@45C thermal@44.45C AO@44C GPU@44.5C PMIC@50C
1791262319.875296 10-06-2026 13:51:59 RAM 3360/6833MB (lfb 42x4MB) SWAP 121/3417MB (cached 1MB) CPU [0%@1344,5%@1344,0%@1344,20%@1344,9%@1344,5%@1344] EMC_FREQ 0% GR3D_FREQ 6% AUX@44C CPU@45.5C thermal@44.45C AO@44.5C GPU@46C PMIC@50C
1791262320.079259 10-06-2026 13:52:00 RAM 3370/6833MB (lfb 42x4MB) SWAP 121/3417MB (cached 1MB) CPU [9%@1420,14%@1420,9%@1420,90%@1420,0%@1420,0%@1420] EMC_FREQ 0% GR3D_FREQ 0% AUX@44.5C CPU@45C thermal@44.45C AO@44.5C GPU@44.5C PMIC@50C
1791262320.282623 10-06-2026 13:52:00 RAM 3374/6833MB (lfb 42x4MB) SWAP 121/3417MB (cached 1MB) CPU [5%@1420,15%@1420,85%@1420,9%@1420,4%@1420,9%@1420] EMC_FREQ 0% GR3D_FREQ 5% AUX@44C CPU@45C thermal@44.45C AO@44.5C GPU@44.5C PMIC@50C
1791262320.486316 10-06-2026 13:52:00 RAM 3382/6833MB (lfb 42x4MB) SWAP 121/3417MB (cached 1MB) CPU [15%@1420,90%@1420,0%@1420,0%@1420,0%@1420,5%@1420] EMC_FREQ 0% GR3D_FREQ 0% AUX@44.5C CPU@45C thermal@44.65C AO@44C GPU@44.5C PMIC@50C
1791262320.690078 10-06-2026 13:52:00 RAM 3409/6833MB (lfb 42x4MB) SWAP 121/3417MB (cached 1MB) CPU [5%@1420,90%@1420,5%@1420,5%@1420,5%@1420,9%@1420] EMC_FREQ 0% GR3D_FREQ 0% AUX@44C CPU@45C thermal@44.65C AO@44.5C GPU@44.5C PMIC@50C
1791262320.893634 10-06-2026 13:52:00 RAM 3429/6833MB (lfb 42x4MB) SWAP 121/3417MB (cached 1MB) CPU [5%@1420,85%@1420,10%@1420,5%@1420,13%@1420,0%@1420] EMC_FREQ 0% GR3D_FREQ 1% AUX@44.5C CPU@45C thermal@44.65C AO@44C GPU@44.5C PMIC@50C
1791262321.096910 10-06-2026 13:52:01 RAM 3461/6833MB (lfb 42x4MB) SWAP 121/3417MB (cached 1MB) CPU [4%@1420,100%@1420,5%@1420,10%@1420,0%@1420,9%@1420] EMC_FREQ 0% GR3D_FREQ 0% AUX@44C CPU@45C thermal@44.65C AO@44C GPU@44.5C PMIC@50C
1791262321.300470 10-06-2026 13:52:01 RAM 3480/6833MB (lfb 42x4MB) SWAP 121/3417MB (cached 1MB) CPU [44%@1420,52%@1420,10%@1420,5%@1420,4%@1420,0%@1420] EMC_FREQ 0% GR3D_FREQ 0% AUX@44C CPU@45C thermal@44.65C AO@44C GPU@44.5C PMIC@50C
1791262321.503764 10-06-2026 13:52:01 RAM 3490/6833MB (lfb 42x4MB) SWAP 121/3417MB (cached 1MB) CPU [81%@1420,4%@1420,5%@1420,4%@1420,5%@1420,5%@1420] EMC_FREQ 0% GR3D_FREQ 0% AUX@44C CPU@45C thermal@44.65C AO@44.5C GPU@44.5C PMIC@50C
1791262321.707079 10-06-2026 13:52:01 RAM 3538/6833MB (lfb 42x4MB) SWAP 121/3417MB (cached 1MB) CPU [100%@1420,0%@1420,14%@1420,5%@1420,5%@1420,9%@1420] EMC_FREQ 0% GR3D_FREQ 0% AUX@44C CPU@45C thermal@44.45C AO@44C GPU@44.5C PMIC@50C
1791262321.910352 10-06-2026 13:52:01 RAM 3606/6833MB (lfb 38x4MB) SWAP 121/3417MB (cached 1MB) CPU [100%@1420,0%@1420,5%@1420,5%@1420,0%@1420,5%@1420] EMC_FREQ 0% GR3D_FREQ 0% AUX@44C CPU@45C thermal@44.45C AO@44C GPU@44.5C PMIC@50C
1791262322.113722 10-06-2026 13:52:02 RAM 3634/6833MB (lfb 32x4MB) SWAP 121/3417MB (cached 1MB) CPU [100%@1420,0%@1420,0%@1420,5%@1420,4%@1420,9%@1420] EMC_FREQ 0% GR3D_FREQ 0% AUX@44C CPU@45C thermal@44.45C AO@44C GPU@44.5C PMIC@50C
1791262322.317004 10-06-2026 13:52:02 RAM 3641/6833MB (lfb 32x4MB) SWAP 121/3417MB (cached 1MB) CPU [20%@1420,57%@1420,9%@1420,9%@1420,5%@1420,10%@1420] EMC_FREQ 0% GR3D_FREQ 0% AUX@44C CPU@45C thermal@44.45C AO@44C GPU@44.5C PMIC@50C
1791262322.520380 10-06-2026 13:52:02 RAM 3641/6833MB (lfb 32x4MB) SWAP 121/3417MB (cached 1MB) CPU [0%@1420,95%@1420,5%@1420,5%@1420,14%@1420,4%@1420] EMC_FREQ 0% GR3D_FREQ 0% AUX@44C CPU@45C thermal@44.45C AO@44C GPU@44.5C PMIC@50C
1791262322.723904 10-06-2026 13:52:02 RAM 3642/6833MB (lfb 32x4MB) SWAP 121/3417MB (cached 1MB) CPU [4%@1420,100%@1420,5%@1420,5%@1420,0%@1420,5%@1420] EMC_FREQ 0% GR3D_FREQ 0% AUX@44C CPU@45C thermal@44.45C AO@44C GPU@44.5C PMIC@50C
1791262322.927056 10-06-2026 13:52:02 RAM 3642/6833MB (lfb 32x4MB) SWAP 121/3417MB (cached 1MB) CPU [0%@1420,86%@1420,0%@1420,5%@1420,9%@1420,14%@1420] EMC_FREQ 0% GR3D_FREQ 0% AUX@44C CPU@45C thermal@44.45C AO@44C GPU@44.5C PMIC@50C
1791262323.130434 10-06-2026 13:52:03 RAM 3650/6833MB (lfb 31x4MB) SWAP 121/3417MB (cached 1MB) CPU [65%@1420,5%@1420,0%@1420,5%@1420,14%@1420,14%@1420] EMC_FREQ 0% GR3D_FREQ 0% AUX@44C CPU@45C thermal@44.45C AO@44C GPU@44.5C PMIC@50C
1791262323.333823 10-06-2026 13:52:03 RAM 3699/6833MB (lfb 31x4MB) SWAP 121/3417MB (cached 1MB) CPU [21%@1420,30%@1420,0%@1420,13%@1420,14%@1420,0%@1420] EMC_FREQ 0% GR3D_FREQ 0% AUX@44C CPU@45C thermal@44.45C AO@44C GPU@44.5C PMIC@50C
1791262323.537010 10-06-2026 13:52:03 RAM 3721/6833MB (lfb 25x4MB) SWAP 121/3417MB (cached 1MB) CPU [0%@1420,95%@1420,18%@1420,0%@1420,0%@1420,9%@1420] EMC_FREQ 0% GR3D_FREQ 0% AUX@44C CPU@45C thermal@44.45C AO@44C GPU@44.5C PMIC@50C
1791262323.740447 10-06-2026 13:52:03 RAM 3723/6833MB (lfb 25x4MB) SWAP 121/3417MB (cached 1MB) CPU [10%@1420,68%@1420,5%@1420,13%@1420,10%@1420,5%@1420] EMC_FREQ 0% GR3D_FREQ 0% AUX@44C CPU@45C thermal@44.45C AO@44C GPU@44.5C PMIC@50C
1791262323.943645 10-06-2026 13:52:03 RAM 3727/6833MB (lfb 24x4MB) SWAP 121/3417MB (cached 1MB) CPU [18%@1420,90%@1420,4%@1420,5%@1420,14%@1420,4%@1420] EMC_FREQ 0% GR3D_FREQ 0% AUX@44C CPU@45C thermal@44.45C AO@44C GPU@44.5C PMIC@50C
1791262324.146952 10-06-2026 13:52:04 RAM 3747/6833MB (lfb 21x4MB) SWAP 121/3417MB (cached 1MB) CPU [73%@1420,25%@1420,5%@1420,5%@1420,10%@1420,4%@1420] EMC_FREQ 0% GR3D_FREQ 0% AUX@44C CPU@45C thermal@44.45C AO@44C GPU@44.5C PMIC@50C
1791262324.350324 10-06-2026 13:52:04 RAM 3750/6833MB (lfb 21x4MB) SWAP 121/3417MB (cached 1MB) CPU [89%@1420,14%@1420,5%@1420,10%@1420,4%@1420,5%@1420] EMC_FREQ 0% GR3D_FREQ 0% AUX@44C CPU@45C thermal@44.45C AO@44C GPU@44.5C PMIC@50C
1791262324.553872 10-06-2026 13:52:04 RAM 3753/6833MB (lfb 21x4MB) SWAP 121/3417MB (cached 1MB) CPU [85%@1420,5%@1420,5%@1420,0%@1420,5%@1420,4%@1420] EMC_FREQ 0% GR3D_FREQ 0% AUX@44C CPU@45C thermal@44.45C AO@44C GPU@44C PMIC@50C
1791262324.757602 10-06-2026 13:52:04 RAM 3775/6833MB (lfb 21x4MB) SWAP 121/3417MB (cached 1MB) CPU [21%@1420,70%@1420,0%@1420,5%@1420,15%@1420,5%@1420] EMC_FREQ 0% GR3D_FREQ 0% AUX@44C CPU@45C thermal@44.45C AO@44C GPU@44C PMIC@50C
1791262324.960878 10-06-2026 13:52:04 RAM 3788/6833MB (lfb 21x4MB) SWAP 121/3417MB (cached 1MB) CPU [0%@1420,95%@1420,4%@1420,0%@1420,18%@1420,5%@1420] EMC_FREQ 0% GR3D_FREQ 0% AUX@44C CPU@45C thermal@44.3C AO@44C GPU@44C PMIC@50C
1791262325.164220 10-06-2026 13:52:05 RAM 3834/6833MB (lfb 21x4MB) SWAP 121/3417MB (cached 1MB) CPU [9%@1420,86%@1420,0%@1420,9%@1420,4%@1420,5%@1420] EMC_FREQ 0% GR3D_FREQ 0% AUX@44C CPU@45C thermal@44.3C AO@44C GPU@44C PMIC@50C
1791262325.367555 10-06-2026 13:52:05 RAM 3843/6833MB (lfb 21x4MB) SWAP 121/3417MB (cached 1MB) CPU [14%@1420,82%@1420,4%@1420,5%@1420,5%@1420,0%@1420] EMC_FREQ 0% GR3D_FREQ 1% AUX@44C CPU@45C thermal@44.3C AO@44C GPU@44C PMIC@50C
1791262325.570945 10-06-2026 13:52:05 RAM 3866/6833MB (lfb 21x4MB) SWAP 121/3417MB (cached 1MB) CPU [9%@1420,89%@1420,14%@1420,5%@1420,5%@1420,0%@1420] EMC_FREQ 0% GR3D_FREQ 0% AUX@44C CPU@45C thermal@44.3C AO@44C GPU@44C PMIC@50C
1791262325.774293 10-06-2026 13:52:05 RAM 3870/6833MB (lfb 21x4MB) SWAP 121/3417MB (cached 1MB) CPU [70%@1420,18%@1420,0%@1420,9%@1420,4%@1420,5%@1420] EMC_FREQ 0% GR3D_FREQ 0% AUX@44C CPU@44.5C thermal@44.3C AO@44C GPU@44C PMIC@50C
1791262325.977637 10-06-2026 13:52:05 RAM 3944/6833MB (lfb 21x4MB) SWAP 121/3417MB (cached 1MB) CPU [10%@1420,83%@1420,9%@1420,5%@1420,5%@1420,18%@1420] EMC_FREQ 0% GR3D_FREQ 10% AUX@44C CPU@45C thermal@44.3C AO@43.5C GPU@44C PMIC@50C
1791262326.180998 10-06-2026 13:52:06 RAM 3949/6833MB (lfb 20x4MB) SWAP 121/3417MB (cached 1MB) CPU [14%@1420,63%@1420,10%@1420,4%@1420,9%@1420,15%@1420] EMC_FREQ 0% GR3D_FREQ 8% AUX@44C CPU@45C thermal@44.15C AO@44C GPU@44C PMIC@50C
1791262326.384242 10-06-2026 13:52:06 RAM 3958/6833MB (lfb 18x4MB) SWAP 121/3417MB (cached 1MB) CPU [5%@1420,0%@1420,0%@1420,10%@1420,14%@1420,90%@1420] EMC_FREQ 0% GR3D_FREQ 14% AUX@44C CPU@45C thermal@44.15C AO@44C GPU@44C PMIC@50C
1791262326.587556 10-06-2026 13:52:06 RAM 3982/6833MB (lfb 14x4MB) SWAP 121/3417MB (cached 1MB) CPU [0%@1420,5%@1420,5%@1420,5%@1420,10%@1420,94%@1420] EMC_FREQ 0% GR3D_FREQ 0% AUX@44C CPU@45C thermal@44.15C AO@44C GPU@44C PMIC@50C
1791262326.790956 10-06-2026 13:52:06 RAM 3992/6833MB (lfb 13x4MB) SWAP 121/3417MB (cached 1MB) CPU [0%@1420,0%@1420,9%@1420,5%@1420,13%@1420,95%@1420] EMC_FREQ 0% GR3D_FREQ 0% AUX@44C CPU@44.5C thermal@44.15C AO@44C GPU@44C PMIC@50C
1791262326.994230 10-06-2026 13:52:06 RAM 4006/6833MB (lfb 12x4MB) SWAP 121/3417MB (cached 1MB) CPU [0%@1420,4%@1420,9%@1420,10%@1420,57%@1420,33%@1420] EMC_FREQ 0% GR3D_FREQ 0% AUX@44C CPU@45C thermal@44.15C AO@44C GPU@44C PMIC@50C
1791262327.197678 10-06-2026 13:52:07 RAM 4023/6833MB (lfb 10x4MB) SWAP 121/3417MB (cached 1MB) CPU [9%@1420,0%@1420,9%@1420,13%@1420,85%@1420,10%@1420] EMC_FREQ 0% GR3D_FREQ 10% AUX@43.5C CPU@45C thermal@44.3C AO@44C GPU@44C PMIC@50C
1791262327.400910 10-06-2026 13:52:07 RAM 4039/6833MB (lfb 9x4MB) SWAP 121/3417MB (cached 1MB) CPU [10%@1420,0%@1420,0%@1420,5%@1420,89%@1420,10%@1420] EMC_FREQ 0% GR3D_FREQ 0% AUX@44C CPU@45C thermal@44.3C AO@44C GPU@44C PMIC@50C
1791262327.604135 10-06-2026 13:52:07 RAM 4045/6833MB (lfb 8x4MB) SWAP 121/3417MB (cached 1MB) CPU [0%@1420,5%@1420,5%@1420,0%@1420,75%@1420,25%@1420] EMC_FREQ 0% GR3D_FREQ 2% AUX@43.5C CPU@45C thermal@44.3C AO@44C GPU@44C PMIC@50C
1791262327.807953 10-06-2026 13:52:07 RAM 4047/6833MB (lfb 8x4MB) SWAP 121/3417MB (cached 1MB) CPU [4%@1190,9%@1190,18%@1190,9%@1190,15%@1190,66%@1190] EMC_FREQ 0% GR3D_FREQ 88% AUX@44C CPU@45C thermal@44.3C AO@43.5C GPU@44C PMIC@50C
1791262328.011219 10-06-2026 13:52:08 RAM 4048/6833MB (lfb 8x4MB) SWAP 121/3417MB (cached 1MB) CPU [20%@1420,70%@1420,0%@1420,18%@1420,20%@1420,14%@1420] EMC_FREQ 0% GR3D_FREQ 0% AUX@44C CPU@45C thermal@44.3C AO@43.5C GPU@44C PMIC@50C
1791262328.214434 10-06-2026 13:52:08 RAM 4051/6833MB (lfb 8x4MB) SWAP 121/3417MB (cached 1MB) CPU [5%@1420,100%@1420,18%@1420,9%@1420,9%@1420,10%@1420] EMC_FREQ 0% GR3D_FREQ 0% AUX@43.5C CPU@44.5C thermal@44.3C AO@44C GPU@44C PMIC@50C
1791262328.417789 10-06-2026 13:52:08 RAM 4052/6833MB (lfb 8x4MB) SWAP 121/3417MB (cached 1MB) CPU [9%@1420,95%@1420,5%@1420,10%@1420,5%@1420,0%@1420] EMC_FREQ 0% GR3D_FREQ 0% AUX@44C CPU@44.5C thermal@44.3C AO@43.5C GPU@44C PMIC@50C
1791262328.621604 10-06-2026 13:52:08 RAM 4054/6833MB (lfb 8x4MB) SWAP 121/3417MB (cached 1MB) CPU [9%@1420,90%@1420,9%@1420,0%@1420,0%@1420,9%@1420] EMC_FREQ 0% GR3D_FREQ 0% AUX@43.5C CPU@44.5C thermal@44.3C AO@44C GPU@44C PMIC@50C
1791262328.825543 10-06-2026 13:52:08 RAM 4054/6833MB (lfb 8x4MB) SWAP 121/3417MB (cached 1MB) CPU [5%@1420,90%@1420,5%@1420,4%@1420,9%@1420,9%@1420] EMC_FREQ 0% GR3D_FREQ 0% AUX@43.5C CPU@44.5C thermal@44.3C AO@43.5C GPU@44C PMIC@50C
1791262329.028958 10-06-2026 13:52:09 RAM 4056/6833MB (lfb 8x4MB) SWAP 121/3417MB (cached 1MB) CPU [0%@1420,95%@1420,9%@1420,15%@1420,10%@1420,0%@1420] EMC_FREQ 0% GR3D_FREQ 0% AUX@43.5C CPU@44.5C thermal@44.3C AO@43.5C GPU@44C PMIC@50C
1791262329.232616 10-06-2026 13:52:09 RAM 4057/6833MB (lfb 8x4MB) SWAP 121/3417MB (cached 1MB) CPU [9%@1420,90%@1420,0%@1420,9%@1420,5%@1420,5%@1420] EMC_FREQ 0% GR3D_FREQ 0% AUX@43.5C CPU@44.5C thermal@44.3C AO@43.5C GPU@44C PMIC@50C
1791262329.435750 10-06-2026 13:52:09 RAM 4059/6833MB (lfb 8x4MB) SWAP 121/3417MB (cached 1MB) CPU [0%@1420,94%@1420,5%@1420,10%@1420,0%@1420,10%@1420] EMC_FREQ 0% GR3D_FREQ 0% AUX@43.5C CPU@44.5C thermal@43.95C AO@43.5C GPU@44C PMIC@50C
1791262329.639137 10-06-2026 13:52:09 RAM 4060/6833MB (lfb 8x4MB) SWAP 121/3417MB (cached 1MB) CPU [5%@1420,90%@1420,9%@1420,9%@1420,5%@1420,9%@1420] EMC_FREQ 0% GR3D_FREQ 0% AUX@43.5C CPU@44.5C thermal@43.95C AO@43.5C GPU@44C PMIC@50C
1791262329.842561 10-06-2026 13:52:09 RAM 4066/6833MB (lfb 8x4MB) SWAP 121/3417MB (cached 1MB) CPU [0%@1420,20%@1420,14%@1420,10%@1420,0%@1420,15%@1420] EMC_FREQ 0% GR3D_FREQ 0% AUX@43.5C CPU@44.5C thermal@43.95C AO@43.5C GPU@44C PMIC@50C
1791262330.045947 10-06-2026 13:52:10 RAM 4078/6833MB (lfb 8x4MB) SWAP 121/3417MB (cached 1MB) CPU [0%@1190,5%@1190,4%@1190,10%@1190,5%@1420,10%@1420] EMC_FREQ 0% GR3D_FREQ 0% AUX@43.5C CPU@44.5C thermal@43.95C AO@43.5C GPU@44C PMIC@50C
1791262330.250075 10-06-2026 13:52:10 RAM 4090/6833MB (lfb 8x4MB) SWAP 121/3417MB (cached 1MB) CPU [5%@1190,0%@1190,9%@1190,5%@1190,17%@1190,10%@1190] EMC_FREQ 0% GR3D_FREQ 0% AUX@43.5C CPU@44.5C thermal@43.95C AO@43.5C GPU@43.5C PMIC@50C
1791262330.453634 10-06-2026 13:52:10 RAM 4101/6833MB (lfb 8x4MB) SWAP 121/3417MB (cached 1MB) CPU [5%@1190,5%@1420,5%@1420,9%@1420,5%@1420,9%@1420] EMC_FREQ 0% GR3D_FREQ 0% AUX@43.5C CPU@44.5C thermal@43.95C AO@43.5C GPU@44C PMIC@50C
1791262330.657636 10-06-2026 13:52:10 RAM 4108/6833MB (lfb 8x4MB) SWAP 121/3417MB (cached 1MB) CPU [0%@1190,5%@1190,10%@1190,0%@1190,9%@1190,9%@1190] EMC_FREQ 0% GR3D_FREQ 0% AUX@43.5C CPU@44.5C thermal@43.95C AO@43.5C GPU@43.5C PMIC@50C
1791262330.860933 10-06-2026 13:52:10 RAM 4120/6833MB (lfb 7x4MB) SWAP 121/3417MB (cached 1MB) CPU [9%@1190,9%@1420,10%@1420,9%@1420,5%@1420,9%@1420] EMC_FREQ 0% GR3D_FREQ 0% AUX@43.5C CPU@44.5C thermal@43.95C AO@43.5C GPU@44C PMIC@50C
1791262331.064409 10-06-2026 13:52:11 RAM 4132/6833MB (lfb 6x4MB) SWAP 121/3417MB (cached 1MB) CPU [0%@1420,0%@1420,5%@1420,0%@1420,10%@1420,0%@1420] EMC_FREQ 0% GR3D_FREQ 0% AUX@43.5C CPU@44.5C thermal@43.95C AO@43.5C GPU@44C PMIC@50C
1791262331.268169 10-06-2026 13:52:11 RAM 4144/6833MB (lfb 5x4MB) SWAP 121/3417MB (cached 1MB) CPU [18%@1190,9%@1190,10%@1190,0%@1420,10%@1420,5%@1420] EMC_FREQ 0% GR3D_FREQ 0% AUX@43.5C CPU@44.5C thermal@43.95C AO@43.5C GPU@43.5C PMIC@50C
1791262331.471434 10-06-2026 13:52:11 RAM 4155/6833MB (lfb 3x4MB) SWAP 121/3417MB (cached 1MB) CPU [9%@1190,5%@1190,10%@1190,0%@1190,14%@1190,4%@1420] EMC_FREQ 0% GR3D_FREQ 0% AUX@43.5C CPU@44.5C thermal@43.95C AO@43.5C GPU@43.5C PMIC@50C
1791262331.675978 10-06-2026 13:52:11 RAM 4160/6833MB (lfb 3x4MB) SWAP 121/3417MB (cached 1MB) CPU [19%@1267,14%@1267,23%@1267,13%@1267,23%@1267,5%@1267] EMC_FREQ 0% GR3D_FREQ 0% AUX@43.5C CPU@44.5C thermal@43.95C AO@43.5C GPU@44C PMIC@50C
1791262331.880494 10-06-2026 13:52:11 RAM 4170/6833MB (lfb 3x4MB) SWAP 121/3417MB (cached 1MB) CPU [10%@1190,5%@1190,9%@1190,4%@1190,20%@1190,0%@1190] EMC_FREQ 0% GR3D_FREQ 0% AUX@43.5C CPU@44.5C thermal@43.95C AO@43.5C GPU@44C PMIC@50C
1791262332.084311 10-06-2026 13:52:12 RAM 4183/6833MB (lfb 3x4MB) SWAP 121/3417MB (cached 1MB) CPU [5%@1190,5%@1420,5%@1420,10%@1420,25%@1420,14%@1420] EMC_FREQ 0% GR3D_FREQ 0% AUX@43.5C CPU@44.5C thermal@43.95C AO@43.5C GPU@44C PMIC@50C
1791262332.288214 10-06-2026 13:52:12 RAM 4193/6833MB (lfb 3x4MB) SWAP 121/3417MB (cached 1MB) CPU [9%@1190,0%@1190,0%@1190,5%@1190,5%@1420,15%@1420] EMC_FREQ 0% GR3D_FREQ 0% AUX@43.5C CPU@44C thermal@43.95C AO@43.5C GPU@44C PMIC@50C
1791262332.492153 10-06-2026 13:52:12 RAM 4205/6833MB (lfb 3x4MB) SWAP 121/3417MB (cached 1MB) CPU [19%@1190,9%@1190,0%@1190,10%@1420,5%@1420,38%@1420] EMC_FREQ 0% GR3D_FREQ 0% AUX@43.5C CPU@44.5C thermal@43.95C AO@43.5C GPU@43.5C PMIC@50C
1791262332.696599 10-06-2026 13:52:12 RAM 4217/6833MB (lfb 3x4MB) SWAP 122/3417MB (cached 1MB) CPU [10%@1190,70%@1190,5%@1267,15%@1267,10%@1267,30%@1267] EMC_FREQ 0% GR3D_FREQ 0% AUX@43.5C CPU@44.5C thermal@43.95C AO@43.5C GPU@44C PMIC@50C
1791262332.901413 10-06-2026 13:52:12 RAM 4225/6833MB (lfb 3x4MB) SWAP 122/3417MB (cached 1MB) CPU [10%@1420,10%@1420,4%@1420,4%@1420,0%@1190,22%@1190] EMC_FREQ 0% GR3D_FREQ 0% AUX@43.5C CPU@44C thermal@43.8C AO@43.5C GPU@43.5C PMIC@50C
1791262333.105191 10-06-2026 13:52:13 RAM 4235/6833MB (lfb 3x4MB) SWAP 122/3417MB (cached 1MB) CPU [14%@1190,4%@1190,5%@1190,0%@1190,0%@1420,23%@1420] EMC_FREQ 0% GR3D_FREQ 0% AUX@43.5C CPU@44.5C thermal@43.8C AO@43.5C GPU@43.5C PMIC@50C
1791262333.309359 10-06-2026 13:52:13 RAM 4247/6833MB (lfb 3x4MB) SWAP 125/3417MB (cached 1MB) CPU [45%@1420,5%@1420,14%@1420,80%@1420,0%@1420,68%@1420] EMC_FREQ 0% GR3D_FREQ 0% AUX@43.5C CPU@44.5C thermal@43.8C AO@43.5C GPU@43.5C PMIC@50C
1791262333.513269 10-06-2026 13:52:13 RAM 4257/6833MB (lfb 3x4MB) SWAP 125/3417MB (cached 1MB) CPU [20%@1420,9%@1420,0%@1420,4%@1420,30%@1420,0%@1420] EMC_FREQ 0% GR3D_FREQ 0% AUX@43C CPU@44.5C thermal@43.8C AO@43.5C GPU@44C PMIC@50C
1791262333.717258 10-06-2026 13:52:13 RAM 4269/6833MB (lfb 3x4MB) SWAP 125/3417MB (cached 1MB) CPU [18%@1190,9%@1420,5%@1420,5%@1420,23%@1420,9%@1420] EMC_FREQ 0% GR3D_FREQ 0% AUX@43.5C CPU@44.5C thermal@43.8C AO@43.5C GPU@43.5C PMIC@50C
1791262333.921312 10-06-2026 13:52:13 RAM 4281/6833MB (lfb 3x4MB) SWAP 125/3417MB (cached 1MB) CPU [5%@1420,10%@1420,5%@1420,0%@1420,9%@1420,25%@1420] EMC_FREQ 0% GR3D_FREQ 0% AUX@43.5C CPU@44.5C thermal@43.65C AO@43.5C GPU@43.5C PMIC@50C
1791262334.125267 10-06-2026 13:52:14 RAM 4290/6833MB (lfb 3x4MB) SWAP 125/3417MB (cached 1MB) CPU [13%@1190,5%@1190,0%@1190,5%@1190,0%@1190,20%@1190] EMC_FREQ 0% GR3D_FREQ 0% AUX@43C CPU@44.5C thermal@43.65C AO@43.5C GPU@43.5C PMIC@50C
1791262334.329209 10-06-2026 13:52:14 RAM 4299/6833MB (lfb 3x4MB) SWAP 125/3417MB (cached 1MB) CPU [5%@1420,14%@1420,4%@1420,0%@1420,5%@1420,20%@1420] EMC_FREQ 0% GR3D_FREQ 0% AUX@43.5C CPU@44C thermal@43.65C AO@43.5C GPU@43.5C PMIC@50C
1791262334.533352 10-06-2026 13:52:14 RAM 4311/6833MB (lfb 3x4MB) SWAP 125/3417MB (cached 1MB) CPU [5%@1190,5%@1190,5%@1190,4%@1190,0%@1190,25%@1190] EMC_FREQ 0% GR3D_FREQ 0% AUX@43C CPU@44C thermal@43.65C AO@43.5C GPU@43.5C PMIC@50C
1791262334.737203 10-06-2026 13:52:14 RAM 4323/6833MB (lfb 3x4MB) SWAP 125/3417MB (cached 1MB) CPU [19%@1420,13%@1420,5%@1420,4%@1420,4%@1420,28%@1420] EMC_FREQ 0% GR3D_FREQ 0% AUX@43.5C CPU@44.5C thermal@43.65C AO@43.5C GPU@43.5C PMIC@50C
1791262334.941140 10-06-2026 13:52:14 RAM 4346/6833MB (lfb 3x4MB) SWAP 125/3417MB (cached 1MB) CPU [0%@1420,10%@1420,5%@1420,21%@1420,4%@1420,36%@1420] EMC_FREQ 0% GR3D_FREQ 0% AUX@43.5C CPU@44.5C thermal@43.65C AO@43.5C GPU@43.5C PMIC@50C
1791262335.146617 10-06-2026 13:52:15 RAM 4536/6833MB (lfb 4x2MB) SWAP 125/3417MB (cached 1MB) CPU [63%@1420,14%@1420,0%@1420,45%@1420,9%@1420,100%@1420] EMC_FREQ 0% GR3D_FREQ 0% AUX@43.5C CPU@45C thermal@43.6C AO@43.5C GPU@43.5C PMIC@50C
1791262335.350163 10-06-2026 13:52:15 RAM 4697/6833MB (lfb 48x1MB) SWAP 125/3417MB (cached 1MB) CPU [28%@1420,15%@1420,52%@1420,57%@1420,10%@1420,36%@1420] EMC_FREQ 0% GR3D_FREQ 0% AUX@43.5C CPU@44.5C thermal@43.6C AO@43.5C GPU@43.5C PMIC@50C
1791262335.555032 10-06-2026 13:52:15 RAM 4718/6833MB (lfb 49x1MB) SWAP 125/3417MB (cached 1MB) CPU [28%@1420,14%@1420,18%@1420,10%@1420,25%@1420,23%@1420] EMC_FREQ 0% GR3D_FREQ 99% AUX@43.5C CPU@44C thermal@43.6C AO@43.5C GPU@43.5C PMIC@50C
1791262335.758615 10-06-2026 13:52:15 RAM 4733/6833MB (lfb 46x1MB) SWAP 125/3417MB (cached 1MB) CPU [27%@1420,5%@1420,0%@1420,0%@1420,21%@1420,10%@1420] EMC_FREQ 0% GR3D_FREQ 0% AUX@43C CPU@44.5C thermal@43.6C AO@43.5C GPU@44.5C PMIC@50C
1791262335.962481 10-06-2026 13:52:15 RAM 4697/6833MB (lfb 29x2MB) SWAP 125/3417MB (cached 1MB) CPU [52%@1190,28%@1190,5%@1190,10%@1190,28%@1420,9%@1420] EMC_FREQ 0% GR3D_FREQ 0% AUX@43.5C CPU@44.5C thermal@43.6C AO@43.5C GPU@44.5C PMIC@50C
1791262336.165812 10-06-2026 13:52:16 RAM 4694/6833MB (lfb 30x2MB) SWAP 125/3417MB (cached 1MB) CPU [4%@1190,0%@1190,5%@1190,4%@1190,4%@1420,0%@1420] EMC_FREQ 0% GR3D_FREQ 0% AUX@43.5C CPU@44.5C thermal@43.8C AO@43.5C GPU@44C PMIC@50C
1791262336.369667 10-06-2026 13:52:16 RAM 4369/6833MB (lfb 8x4MB) SWAP 125/3417MB (cached 1MB) CPU [0%@1420,15%@1420,9%@1420,15%@1420,10%@1420,45%@1420] EMC_FREQ 0% GR3D_FREQ 0% AUX@43.5C CPU@44.5C thermal@43.8C AO@43.5C GPU@44C PMIC@50C
1791262336.573077 10-06-2026 13:52:16 RAM 4369/6833MB (lfb 8x4MB) SWAP 125/3417MB (cached 1MB) CPU [0%@1420,0%@1420,0%@1420,4%@1420,0%@1420,100%@1420] EMC_FREQ 0% GR3D_FREQ 0% AUX@43C CPU@44.5C thermal@43.8C AO@43C GPU@44C PMIC@50C
1791262336.776367 10-06-2026 13:52:16 RAM 4369/6833MB (lfb 8x4MB) SWAP 125/3417MB (cached 1MB) CPU [0%@1420,0%@1420,0%@1420,0%@1420,0%@1420,100%@1420] EMC_FREQ 0% GR3D_FREQ 0% AUX@43C CPU@45C thermal@43.8C AO@43.5C GPU@44C PMIC@50C
1791262336.980051 10-06-2026 13:52:16 RAM 4355/6833MB (lfb 8x4MB) SWAP 125/3417MB (cached 1MB) CPU [0%@1420,4%@1420,0%@1420,0%@1420,0%@1420,100%@1420] EMC_FREQ 0% GR3D_FREQ 0% AUX@43C CPU@44.5C thermal@43.8C AO@43.5C GPU@44C PMIC@50C
1791262337.183381 10-06-2026 13:52:17 RAM 4355/6833MB (lfb 8x4MB) SWAP 125/3417MB (cached 1MB) CPU [0%@1420,0%@1420,0%@1420,0%@1420,0%@1420,100%@1420] EMC_FREQ 0% GR3D_FREQ 0% AUX@43.5C CPU@44.5C thermal@43.8C AO@43.5C GPU@43.5C PMIC@50C
1791262337.386802 10-06-2026 13:52:17 RAM 4355/6833MB (lfb 8x4MB) SWAP 125/3417MB (cached 1MB) CPU [0%@1420,0%@1420,0%@1420,0%@1420,4%@1420,100%@1420] EMC_FREQ 0% GR3D_FREQ 0% AUX@43.5C CPU@44.5C thermal@44.1C AO@43.5C GPU@44C PMIC@50C
1791262337.589988 10-06-2026 13:52:17 RAM 4353/6833MB (lfb 8x4MB) SWAP 125/3417MB (cached 1MB) CPU [0%@1420,0%@1420,0%@1420,5%@1420,0%@1420,95%@1420] EMC_FREQ 0% GR3D_FREQ 0% AUX@43.5C CPU@44.5C thermal@44.1C AO@43C GPU@44C PMIC@50C
1791262337.793465 10-06-2026 13:52:17 RAM 3868/6833MB (lfb 53x4MB) SWAP 125/3417MB (cached 1MB) CPU [4%@1420,4%@1420,5%@1420,23%@1420,0%@1420,80%@1420] EMC_FREQ 0% GR3D_FREQ 0% AUX@43.5C CPU@44.5C thermal@44.1C AO@43.5C GPU@43.5C PMIC@50C
1791262337.997135 10-06-2026 13:52:17 RAM 3867/6833MB (lfb 53x4MB) SWAP 125/3417MB (cached 1MB) CPU [0%@1420,4%@1420,4%@1420,0%@1420,10%@1420,78%@1420] EMC_FREQ 0% GR3D_FREQ 0% AUX@43.5C CPU@44C thermal@44.1C AO@43C GPU@43.5C PMIC@50C
1791262338.200739 10-06-2026 13:52:18 RAM 3867/6833MB (lfb 53x4MB) SWAP 125/3417MB (cached 1MB) CPU [0%@1420,0%@1420,5%@1420,5%@1420,100%@1420,0%@1420] EMC_FREQ 0% GR3D_FREQ 0% AUX@43.5C CPU@44.5C thermal@44.1C AO@43C GPU@43.5C PMIC@50C
1791262338.403880 10-06-2026 13:52:18 RAM 3866/6833MB (lfb 53x4MB) SWAP 125/3417MB (cached 1MB) CPU [0%@1420,0%@1420,5%@1420,5%@1420,95%@1420,0%@1420] EMC_FREQ 0% GR3D_FREQ 0% AUX@43C CPU@44.5C thermal@43.6C AO@43.5C GPU@44C PMIC@50C
1791262338.607317 10-06-2026 13:52:18 RAM 3866/6833MB (lfb 53x4MB) SWAP 125/3417MB (cached 1MB) CPU [4%@1420,0%@1420,0%@1420,9%@1420,15%@1420,85%@1420] EMC_FREQ 0% GR3D_FREQ 0% AUX@43C CPU@44.5C thermal@43.6C AO@43.5C GPU@43.5C PMIC@50C
1791262338.810508 10-06-2026 13:52:18 RAM 3866/6833MB (lfb 53x4MB) SWAP 125/3417MB (cached 1MB) CPU [0%@1420,0%@1420,0%@1420,0%@1420,0%@1420,95%@1420] EMC_FREQ 0% GR3D_FREQ 0% AUX@43C CPU@44.5C thermal@43.6C AO@43.5C GPU@44C PMIC@50C
1791262339.013823 10-06-2026 13:52:19 RAM 3866/6833MB (lfb 53x4MB) SWAP 125/3417MB (cached 1MB) CPU [0%@1420,4%@1420,0%@1420,0%@1420,66%@1420,15%@1420] EMC_FREQ 0% GR3D_FREQ 0% AUX@43C CPU@44.5C thermal@43.6C AO@43.5C GPU@44C PMIC@50C
1791262339.217493 10-06-2026 13:52:19 RAM 3866/6833MB (lfb 53x4MB) SWAP 125/3417MB (cached 1MB) CPU [4%@1420,0%@1420,0%@1420,0%@1420,50%@1420,13%@1420] EMC_FREQ 0% GR3D_FREQ 0% AUX@43.5C CPU@44.5C thermal@43.6C AO@43C GPU@43.5C PMIC@50C
1791262339.420952 10-06-2026 13:52:19 RAM 3866/6833MB (lfb 53x4MB) SWAP 125/3417MB (cached 1MB) CPU [0%@1420,9%@1420,4%@1420,9%@1420,100%@1420,0%@1420] EMC_FREQ 0% GR3D_FREQ 0% AUX@43C CPU@44.5C thermal@43.6C AO@43.5C GPU@44C PMIC@50C
1791262339.624242 10-06-2026 13:52:19 RAM 3866/6833MB (lfb 53x4MB) SWAP 125/3417MB (cached 1MB) CPU [0%@1420,0%@1420,0%@1420,5%@1420,100%@1420,4%@1420] EMC_FREQ 0% GR3D_FREQ 0% AUX@43C CPU@44.5C thermal@43.6C AO@43.5C GPU@44C PMIC@50C
1791262339.827925 10-06-2026 13:52:19 RAM 3866/6833MB (lfb 53x4MB) SWAP 125/3417MB (cached 1MB) CPU [0%@1420,0%@1420,0%@1420,4%@1420,80%@1420,0%@1420] EMC_FREQ 0% GR3D_FREQ 0% AUX@43C CPU@44.5C thermal@43.6C AO@43.5C GPU@43.5C PMIC@50C
1791262340.031368 10-06-2026 13:52:20 RAM 3866/6833MB (lfb 53x4MB) SWAP 125/3417MB (cached 1MB) CPU [0%@1420,0%@1420,0%@1420,0%@1420,71%@1420,5%@1420] EMC_FREQ 0% GR3D_FREQ 0% AUX@43C CPU@44.5C thermal@43.6C AO@43.5C GPU@43.5C PMIC@50C
1791262340.235361 10-06-2026 13:52:20 RAM 3866/6833MB (lfb 53x4MB) SWAP 125/3417MB (cached 1MB) CPU [0%@1190,4%@1420,0%@1420,0%@1420,19%@1420,10%@1420] EMC_FREQ 0% GR3D_FREQ 0% AUX@43C CPU@44C thermal@43.6C AO@43C GPU@43.5C PMIC@50C
1791262340.438685 10-06-2026 13:52:20 RAM 3866/6833MB (lfb 53x4MB) SWAP 125/3417MB (cached 1MB) CPU [4%@1420,0%@1420,4%@1420,4%@1420,95%@1420,0%@1420] EMC_FREQ 0% GR3D_FREQ 0% AUX@43.5C CPU@44C thermal@43.6C AO@43C GPU@43.5C PMIC@50C
1791262340.641943 10-06-2026 13:52:20 RAM 3866/6833MB (lfb 53x4MB) SWAP 125/3417MB (cached 1MB) CPU [0%@1420,0%@1420,4%@1420,0%@1420,10%@1420,81%@1420] EMC_FREQ 0% GR3D_FREQ 0% AUX@43C CPU@44C thermal@43.6C AO@43C GPU@43.5C PMIC@50C
1791262340.845228 10-06-2026 13:52:20 RAM 3866/6833MB (lfb 53x4MB) SWAP 125/3417MB (cached 1MB) CPU [0%@1420,0%@1420,0%@1420,4%@1420,0%@1420,94%@1420] EMC_FREQ 0% GR3D_FREQ 0% AUX@43C CPU@44C thermal@43.6C AO@43.5C GPU@43.5C PMIC@50C
1791262341.048682 10-06-2026 13:52:21 RAM 3866/6833MB (lfb 53x4MB) SWAP 125/3417MB (cached 1MB) CPU [0%@1190,4%@1190,4%@1190,0%@1190,0%@1420,42%@1420] EMC_FREQ 0% GR3D_FREQ 0% AUX@43C CPU@44C thermal@43.6C AO@43.5C GPU@43.5C PMIC@50C
1791262341.252539 10-06-2026 13:52:21 RAM 3866/6833MB (lfb 53x4MB) SWAP 125/3417MB (cached 1MB) CPU [0%@1420,0%@1420,0%@1420,0%@1420,61%@1420,0%@1420] EMC_FREQ 0% GR3D_FREQ 0% AUX@43.5C CPU@44C thermal@43.6C AO@43.5C GPU@43.5C PMIC@50C
1791262341.455635 10-06-2026 13:52:21 RAM 3866/6833MB (lfb 53x4MB) SWAP 125/3417MB (cached 1MB) CPU [0%@1420,0%@1420,0%@1420,0%@1420,95%@1420,0%@1420] EMC_FREQ 0% GR3D_FREQ 0% AUX@43C CPU@44C thermal@43.6C AO@43C GPU@43.5C PMIC@50C
1791262341.659471 10-06-2026 13:52:21 RAM 3866/6833MB (lfb 53x4MB) SWAP 125/3417MB (cached 1MB) CPU [9%@1267,0%@1267,4%@1267,0%@1267,15%@1267,20%@1267] EMC_FREQ 0% GR3D_FREQ 0% AUX@43C CPU@44C thermal@43.6C AO@43.5C GPU@43.5C PMIC@50C
1791262341.862906 10-06-2026 13:52:21 RAM 3866/6833MB (lfb 53x4MB) SWAP 125/3417MB (cached 1MB) CPU [0%@1420,4%@1420,0%@1420,5%@1420,0%@1420,100%@1420] EMC_FREQ 0% GR3D_FREQ 0% AUX@43C CPU@44.5C thermal@43.6C AO@43.5C GPU@43.5C PMIC@50C
1791262342.067015 10-06-2026 13:52:22 RAM 3834/6833MB (lfb 58x4MB) SWAP 125/3417MB (cached 1MB) CPU [0%@1420,0%@1420,0%@1420,10%@1420,0%@1420,100%@1420] EMC_FREQ 0% GR3D_FREQ 0% AUX@43C CPU@44.5C thermal@43.6C AO@43C GPU@43.5C PMIC@50C
1791262342.270771 10-06-2026 13:52:22 RAM 3834/6833MB (lfb 58x4MB) SWAP 125/3417MB (cached 1MB) CPU [0%@1420,4%@1420,9%@1420,0%@1420,0%@1420,100%@1420] EMC_FREQ 0% GR3D_FREQ 0% AUX@43C CPU@44C thermal@43.6C AO@43C GPU@43.5C PMIC@50C
1791262342.474273 10-06-2026 13:52:22 RAM 3785/6833MB (lfb 59x4MB) SWAP 125/3417MB (cached 1MB) CPU [0%@1420,0%@1420,0%@1420,5%@1420,0%@1420,100%@1420] EMC_FREQ 0% GR3D_FREQ 0% AUX@43C CPU@44C thermal@43.6C AO@43C GPU@43.5C PMIC@50C
1791262342.678033 10-06-2026 13:52:22 RAM 3595/6833MB (lfb 69x4MB) SWAP 125/3417MB (cached 1MB) CPU [4%@1420,0%@1420,4%@1420,4%@1420,0%@1420,100%@1420] EMC_FREQ 0% GR3D_FREQ 0% AUX@43C CPU@44C thermal@43.6C AO@43C GPU@43.5C PMIC@50C
1791262342.882165 10-06-2026 13:52:22 RAM 3294/6833MB (lfb 78x4MB) SWAP 125/3417MB (cached 1MB) CPU [0%@1420,0%@1420,0%@1420,4%@1420,23%@1420,75%@1420] EMC_FREQ 0% GR3D_FREQ 0% AUX@43C CPU@44C thermal@43.45C AO@43C GPU@43C PMIC@50C
1791262343.085671 10-06-2026 13:52:23 RAM 3294/6833MB (lfb 78x4MB) SWAP 125/3417MB (cached 1MB) CPU [0%@1190,5%@1190,65%@1420,4%@1420,0%@1420,0%@1420] EMC_FREQ 0% GR3D_FREQ 0% AUX@43C CPU@44C thermal@43.45C AO@43C GPU@43C PMIC@50C
1791262343.288945 10-06-2026 13:52:23 RAM 3294/6833MB (lfb 78x4MB) SWAP 125/3417MB (cached 1MB) CPU [0%@1190,0%@1190,0%@1420,0%@1420,0%@1420,0%@1420] EMC_FREQ 0% GR3D_FREQ 0% AUX@43C CPU@44C thermal@43.45C AO@43C GPU@43.5C PMIC@50C
1791262343.492293 10-06-2026 13:52:23 RAM 3290/6833MB (lfb 78x4MB) SWAP 125/3417MB (cached 1MB) CPU [0%@1420,0%@1420,0%@1420,0%@1420,0%@1420,52%@1420] EMC_FREQ 0% GR3D_FREQ 0% AUX@43C CPU@43.5C thermal@43.45C AO@43C GPU@43.5C PMIC@50C
1791262343.695691 10-06-2026 13:52:23 RAM 3286/6833MB (lfb 78x4MB) SWAP 125/3417MB (cached 1MB) CPU [4%@1420,4%@1420,4%@1420,0%@1420,52%@1420,19%@1420] EMC_FREQ 0% GR3D_FREQ 0% AUX@43C CPU@44C thermal@43.45C AO@43C GPU@43C PMIC@50C
1791262343.899169 10-06-2026 13:52:23 RAM 3285/6833MB (lfb 78x4MB) SWAP 125/3417MB (cached 1MB) CPU [4%@1190,0%@1190,0%@1190,0%@1190,47%@1190,0%@1190] EMC_FREQ 0% GR3D_FREQ 0% AUX@43C CPU@43.5C thermal@43.45C AO@43C GPU@43.5C PMIC@50C
1791262344.102679 10-06-2026 13:52:24 RAM 3280/6833MB (lfb 78x4MB) SWAP 125/3417MB (cached 1MB) CPU [0%@1190,0%@1190,0%@1190,0%@1420,9%@1420,13%@1420] EMC_FREQ 0% GR3D_FREQ 0% AUX@43C CPU@43.5C thermal@43.15C AO@43C GPU@43C PMIC@50C
1791262344.306012 10-06-2026 13:52:24 RAM 2941/6833MB (lfb 80x4MB) SWAP 125/3417MB (cached 1MB) CPU [5%@1420,9%@1420,0%@1420,0%@1420,0%@1420,60%@1420] EMC_FREQ 0% GR3D_FREQ 0% AUX@43C CPU@44C thermal@43.15C AO@43C GPU@43C PMIC@50C
1791262344.509423 10-06-2026 13:52:24 RAM 1861/6833MB (lfb 173x4MB) SWAP 125/3417MB (cached 1MB) CPU [0%@1420,5%@1420,0%@1420,0%@1420,0%@1420,100%@1420] EMC_FREQ 0% GR3D_FREQ 0% AUX@43C CPU@44C thermal@43.15C AO@43C GPU@43C PMIC@50C
1791262344.713318 10-06-2026 13:52:24 RAM 1614/6833MB (lfb 182x4MB) SWAP 125/3417MB (cached 1MB) CPU [4%@1420,4%@1420,0%@1420,0%@1420,0%@1420,95%@1420] EMC_FREQ 0% GR3D_FREQ 0% AUX@43C CPU@44C thermal@43.15C AO@43C GPU@43C PMIC@50C
