1791264598.283609 10-06-2026 14:29:58 RAM 1602/6833MB (lfb 150x4MB) SWAP 217/3417MB (cached 1MB) CPU [5%@1420,0%@1420,94%@1420,9%@1420,0%@1420,0%@1420] EMC_FREQ 0% GR3D_FREQ 0% AUX@38C CPU@39C thermal@38.45C AO@38C GPU@38C PMIC@50C
1791264598.487008 10-06-2026 14:29:58 RAM 1602/6833MB (lfb 150x4MB) SWAP 217/3417MB (cached 1MB) CPU [9%@1420,0%@1420,89%@1420,9%@1420,0%@1420,0%@1420] EMC_FREQ 0% GR3D_FREQ 0% AUX@38C CPU@39C thermal@38.45C AO@38C GPU@38C PMIC@50C
1791264598.690399 10-06-2026 14:29:58 RAM 1604/6833MB (lfb 150x4MB) SWAP 217/3417MB (cached 1MB) CPU [0%@1420,0%@1420,0%@1420,94%@1420,0%@1420,0%@1420] EMC_FREQ 0% GR3D_FREQ 0% AUX@38C CPU@39C thermal@38.3C AO@38C GPU@38.5C PMIC@50C
1791264598.899921 10-06-2026 14:29:58 RAM 1604/6833MB (lfb 150x4MB) SWAP 217/3417MB (cached 1MB) CPU [10%@1420,9%@1420,9%@1420,66%@1420,5%@1420,0%@1420] EMC_FREQ 0% GR3D_FREQ 0% AUX@38C CPU@39C thermal@38.3C AO@38C GPU@38.5C PMIC@50C
1791264599.097172 10-06-2026 14:29:59 RAM 1604/6833MB (lfb 150x4MB) SWAP 217/3417MB (cached 1MB) CPU [57%@1420,4%@1420,0%@1420,0%@1420,40%@1420,0%@1420] EMC_FREQ 0% GR3D_FREQ 0% AUX@38C CPU@39C thermal@38.3C AO@38C GPU@38.5C PMIC@50C
1791264599.300601 10-06-2026 14:29:59 RAM 1606/6833MB (lfb 150x4MB) SWAP 217/3417MB (cached 1MB) CPU [0%@1420,0%@1420,0%@1420,0%@1420,71%@1420,20%@1420] EMC_FREQ 0% GR3D_FREQ 0% AUX@38C CPU@39C thermal@38.3C AO@38C GPU@38.5C PMIC@50C
1791264599.504048 10-06-2026 14:29:59 RAM 1606/6833MB (lfb 150x4MB) SWAP 217/3417MB (cached 1MB) CPU [9%@1190,0%@1190,4%@1190,0%@1190,5%@1190,66%@1190] EMC_FREQ 0% GR3D_FREQ 0% AUX@38C CPU@39C thermal@38.3C AO@38C GPU@38.5C PMIC@50C
1791264599.707438 10-06-2026 14:29:59 RAM 1607/6833MB (lfb 150x4MB) SWAP 217/3417MB (cached 1MB) CPU [0%@1190,0%@1190,0%@1190,15%@1190,5%@1190,19%@1190] EMC_FREQ 0% GR3D_FREQ 0% AUX@38C CPU@38.5C thermal@38.45C AO@38.5C GPU@38.5C PMIC@50C
1791264599.910646 10-06-2026 14:29:59 RAM 1608/6833MB (lfb 150x4MB) SWAP 217/3417MB (cached 1MB) CPU [0%@1190,4%@1190,0%@1190,20%@1190,5%@1420,0%@1420] EMC_FREQ 0% GR3D_FREQ 0% AUX@38C CPU@39C thermal@38.45C AO@38C GPU@38C PMIC@50C
1791264600.114553 10-06-2026 14:30:00 RAM 1608/6833MB (lfb 150x4MB) SWAP 217/3417MB (cached 1MB) CPU [5%@1190,0%@1190,0%@1190,0%@1190,4%@1190,31%@1190] EMC_FREQ 0% GR3D_FREQ 0% AUX@38C CPU@39C thermal@38.45C AO@38C GPU@38.5C PMIC@50C
1791264600.317795 10-06-2026 14:30:00 RAM 1609/6833MB (lfb 150x4MB) SWAP 217/3417MB (cached 1MB) CPU [0%@1420,4%@1420,0%@1420,0%@1420,0%@1420,88%@1420] EMC_FREQ 0% GR3D_FREQ 0% AUX@38C CPU@39C thermal@38.45C AO@38C GPU@38.5C PMIC@50C
1791264600.521128 10-06-2026 14:30:00 RAM 1610/6833MB (lfb 150x4MB) SWAP 217/3417MB (cached 1MB) CPU [0%@1420,0%@1420,0%@1420,0%@1420,0%@1420,90%@1420] EMC_FREQ 0% GR3D_FREQ 0% AUX@38C CPU@39C thermal@38.45C AO@38C GPU@38.5C PMIC@50C
1791264600.724258 10-06-2026 14:30:00 RAM 1610/6833MB (lfb 150x4MB) SWAP 217/3417MB (cached 1MB) CPU [4%@1420,0%@1420,0%@1420,4%@1420,0%@1420,100%@1420] EMC_FREQ 0% GR3D_FREQ 0% AUX@38C CPU@39C thermal@38.45C AO@38C GPU@38.5C PMIC@50C
1791264600.927449 10-06-2026 14:30:00 RAM 1611/6833MB (lfb 150x4MB) SWAP 217/3417MB (cached 1MB) CPU [0%@1420,4%@1420,0%@1420,0%@1420,42%@1420,52%@1420] EMC_FREQ 0% GR3D_FREQ 0% AUX@38C CPU@39C thermal@38.45C AO@38.5C GPU@38C PMIC@50C
1791264601.130686 10-06-2026 14:30:01 RAM 1611/6833MB (lfb 150x4MB) SWAP 217/3417MB (cached 1MB) CPU [0%@1420,0%@1420,0%@1420,4%@1420,80%@1420,4%@1420] EMC_FREQ 0% GR3D_FREQ 0% AUX@38C CPU@39C thermal@38.45C AO@38C GPU@38.5C PMIC@50C
1791264601.333893 10-06-2026 14:30:01 RAM 1612/6833MB (lfb 150x4MB) SWAP 217/3417MB (cached 1MB) CPU [4%@1420,0%@1420,0%@1420,0%@1420,95%@1420,0%@1420] EMC_FREQ 0% GR3D_FREQ 0% AUX@38C CPU@39C thermal@38.45C AO@38C GPU@38.5C PMIC@50C
1791264601.537209 10-06-2026 14:30:01 RAM 1614/6833MB (lfb 150x4MB) SWAP 217/3417MB (cached 1MB) CPU [0%@1420,0%@1420,0%@1420,0%@1420,95%@1420,4%@1420] EMC_FREQ 0% GR3D_FREQ 0% AUX@38C CPU@39C thermal@38.45C AO@38.5C GPU@38C PMIC@50C
1791264601.741004 10-06-2026 14:30:01 RAM 1628/6833MB (lfb 150x4MB) SWAP 217/3417MB (cached 1MB) CPU [40%@1420,35%@1420,36%@1420,42%@1420,45%@1420,85%@1420] EMC_FREQ 0% GR3D_FREQ 0% AUX@38C CPU@39.5C thermal@38.45C AO@38C GPU@38C PMIC@50C
1791264601.944447 10-06-2026 14:30:01 RAM 1630/6833MB (lfb 150x4MB) SWAP 217/3417MB (cached 1MB) CPU [100%@1420,100%@1420,100%@1420,100%@1420,100%@1420,88%@1420] EMC_FREQ 0% GR3D_FREQ 0% AUX@38C CPU@39.5C thermal@38.6C AO@38C GPU@38C PMIC@50C
1791264602.148011 10-06-2026 14:30:02 RAM 1634/6833MB (lfb 150x4MB) SWAP 217/3417MB (cached 1MB) CPU [100%@1420,100%@1420,100%@1420,100%@1420,100%@1420,90%@1420] EMC_FREQ 0% GR3D_FREQ 0% AUX@38C CPU@39.5C thermal@38.6C AO@38C GPU@38C PMIC@50C
1791264602.354656 10-06-2026 14:30:02 RAM 1636/6833MB (lfb 150x4MB) SWAP 217/3417MB (cached 1MB) CPU [100%@1420,100%@1420,100%@1420,100%@1420,100%@1420,80%@1420] EMC_FREQ 0% GR3D_FREQ 0% AUX@38C CPU@39.5C thermal@38.6C AO@38C GPU@38.5C PMIC@50C
1791264602.558033 10-06-2026 14:30:02 RAM 1638/6833MB (lfb 150x4MB) SWAP 217/3417MB (cached 1MB) CPU [100%@1420,100%@1420,100%@1420,100%@1420,100%@1420,78%@1420] EMC_FREQ 0% GR3D_FREQ 0% AUX@38C CPU@39.5C thermal@38.6C AO@38.5C GPU@38.5C PMIC@50C
1791264602.762013 10-06-2026 14:30:02 RAM 1640/6833MB (lfb 150x4MB) SWAP 217/3417MB (cached 1MB) CPU [100%@1420,100%@1420,100%@1420,100%@1420,100%@1420,90%@1420] EMC_FREQ 0% GR3D_FREQ 0% AUX@38C CPU@39.5C thermal@38.6C AO@38C GPU@38C PMIC@50C
1791264602.965569 10-06-2026 14:30:02 RAM 1643/6833MB (lfb 150x4MB) SWAP 217/3417MB (cached 1MB) CPU [100%@1420,100%@1420,100%@1420,100%@1420,100%@1420,78%@1420] EMC_FREQ 0% GR3D_FREQ 0% AUX@38C CPU@40C thermal@38.6C AO@38.5C GPU@38.5C PMIC@50C
1791264603.169183 10-06-2026 14:30:03 RAM 1644/6833MB (lfb 150x4MB) SWAP 217/3417MB (cached 1MB) CPU [100%@1420,100%@1420,100%@1420,100%@1420,100%@1420,95%@1420] EMC_FREQ 0% GR3D_FREQ 0% AUX@38.5C CPU@39.5C thermal@38.65C AO@38C GPU@38C PMIC@50C
1791264603.372687 10-06-2026 14:30:03 RAM 1645/6833MB (lfb 150x4MB) SWAP 217/3417MB (cached 1MB) CPU [100%@1420,100%@1420,100%@1420,100%@1420,100%@1420,94%@1420] EMC_FREQ 0% GR3D_FREQ 0% AUX@38C CPU@39.5C thermal@38.65C AO@38C GPU@38.5C PMIC@50C
1791264603.576317 10-06-2026 14:30:03 RAM 1646/6833MB (lfb 150x4MB) SWAP 217/3417MB (cached 1MB) CPU [100%@1420,100%@1420,100%@1420,100%@1420,100%@1420,90%@1420] EMC_FREQ 0% GR3D_FREQ 0% AUX@38.5C CPU@39.5C thermal@38.65C AO@38.5C GPU@38.5C PMIC@50C
1791264603.779781 10-06-2026 14:30:03 RAM 1649/6833MB (lfb 150x4MB) SWAP 217/3417MB (cached 1MB) CPU [100%@1420,100%@1420,100%@1420,100%@1420,100%@1420,80%@1420] EMC_FREQ 0% GR3D_FREQ 0% AUX@38.5C CPU@39.5C thermal@38.65C AO@38C GPU@38.5C PMIC@50C
1791264603.983422 10-06-2026 14:30:03 RAM 1649/6833MB (lfb 150x4MB) SWAP 217/3417MB (cached 1MB) CPU [90%@1420,100%@1420,100%@1420,100%@1420,100%@1420,90%@1420] EMC_FREQ 0% GR3D_FREQ 0% AUX@38.5C CPU@39.5C thermal@38.65C AO@38C GPU@38.5C PMIC@50C
1791264604.187010 10-06-2026 14:30:04 RAM 1651/6833MB (lfb 150x4MB) SWAP 217/3417MB (cached 1MB) CPU [100%@1420,100%@1420,100%@1420,100%@1420,100%@1420,90%@1420] EMC_FREQ 0% GR3D_FREQ 0% AUX@38.5C CPU@39.5C thermal@38.8C AO@38C GPU@38.5C PMIC@50C
1791264604.390528 10-06-2026 14:30:04 RAM 1653/6833MB (lfb 150x4MB) SWAP 217/3417MB (cached 1MB) CPU [100%@1420,100%@1420,100%@1420,100%@1420,100%@1420,95%@1420] EMC_FREQ 0% GR3D_FREQ 0% AUX@38.5C CPU@39.5C thermal@38.8C AO@38C GPU@38.5C PMIC@50C
1791264604.594077 10-06-2026 14:30:04 RAM 1653/6833MB (lfb 150x4MB) SWAP 217/3417MB (cached 1MB) CPU [100%@1420,100%@1420,100%@1420,100%@1420,100%@1420,95%@1420] EMC_FREQ 0% GR3D_FREQ 0% AUX@38.5C CPU@39.5C thermal@38.8C AO@38.5C GPU@38.5C PMIC@50C
1791264604.797386 10-06-2026 14:30:04 RAM 1654/6833MB (lfb 150x4MB) SWAP 217/3417MB (cached 1MB) CPU [100%@1420,100%@1420,100%@1420,100%@1420,100%@1420,95%@1420] EMC_FREQ 0% GR3D_FREQ 0% AUX@38.5C CPU@39.5C thermal@38.8C AO@38C GPU@38.5C PMIC@50C
1791264605.000997 10-06-2026 14:30:04 RAM 1658/6833MB (lfb 150x4MB) SWAP 217/3417MB (cached 1MB) CPU [100%@1420,89%@1420,100%@1420,100%@1420,100%@1420,73%@1420] EMC_FREQ 0% GR3D_FREQ 0% AUX@38.5C CPU@40C thermal@38.8C AO@38.5C GPU@38.5C PMIC@50C
1791264605.204608 10-06-2026 14:30:05 RAM 1658/6833MB (lfb 150x4MB) SWAP 217/3417MB (cached 1MB) CPU [100%@1420,100%@1420,100%@1420,100%@1420,100%@1420,100%@1420] EMC_FREQ 0% GR3D_FREQ 0% AUX@38.5C CPU@40C thermal@38.8C AO@38C GPU@38.5C PMIC@50C
1791264605.413249 10-06-2026 14:30:05 RAM 1666/6833MB (lfb 150x4MB) SWAP 215/3417MB (cached 1MB) CPU [100%@1420,80%@1420,100%@1420,100%@1420,100%@1420,100%@1420] EMC_FREQ 0% GR3D_FREQ 36% AUX@38.5C CPU@40C thermal@38.95C AO@38.5C GPU@38.5C PMIC@50C
1791264605.633361 10-06-2026 14:30:05 RAM 1689/6833MB (lfb 150x4MB) SWAP 213/3417MB (cached 1MB) CPU [100%@1420,100%@1420,100%@1420,100%@1420,100%@1420,100%@1420] EMC_FREQ 0% GR3D_FREQ 27% AUX@38.5C CPU@39.5C thermal@38.95C AO@38.5C GPU@38.5C PMIC@50C
1791264605.836736 10-06-2026 14:30:05 RAM 1691/6833MB (lfb 150x4MB) SWAP 213/3417MB (cached 1MB) CPU [95%@1420,60%@1420,100%@1420,100%@1420,100%@1420,100%@1420] EMC_FREQ 0% GR3D_FREQ 0% AUX@38.5C CPU@39.5C thermal@38.95C AO@38.5C GPU@38.5C PMIC@50C
1791264606.040187 10-06-2026 14:30:06 RAM 1706/6833MB (lfb 150x4MB) SWAP 213/3417MB (cached 1MB) CPU [100%@1420,15%@1420,100%@1420,100%@1420,100%@1420,100%@1420] EMC_FREQ 0% GR3D_FREQ 0% AUX@38.5C CPU@39.5C thermal@38.95C AO@38.5C GPU@38.5C PMIC@50C
1791264606.244068 10-06-2026 14:30:06 RAM 1719/6833MB (lfb 150x4MB) SWAP 213/3417MB (cached 1MB) CPU [100%@1420,95%@1420,100%@1420,100%@1420,100%@1420,78%@1420] EMC_FREQ 0% GR3D_FREQ 0% AUX@38.5C CPU@40C thermal@38.95C AO@38.5C GPU@38.5C PMIC@50C
1791264606.447304 10-06-2026 14:30:06 RAM 1728/6833MB (lfb 150x4MB) SWAP 213/3417MB (cached 1MB) CPU [100%@1420,100%@1420,100%@1420,100%@1420,100%@1420,71%@1420] EMC_FREQ 0% GR3D_FREQ 0% AUX@38.5C CPU@39.5C thermal@38.95C AO@38.5C GPU@38.5C PMIC@50C
1791264606.650961 10-06-2026 14:30:06 RAM 1751/6833MB (lfb 150x4MB) SWAP 213/3417MB (cached 1MB) CPU [100%@1420,100%@1420,100%@1420,100%@1420,100%@1420,90%@1420] EMC_FREQ 0% GR3D_FREQ 0% AUX@38.5C CPU@40C thermal@38.95C AO@38.5C GPU@38.5C PMIC@50C
1791264606.854886 10-06-2026 14:30:06 RAM 1751/6833MB (lfb 150x4MB) SWAP 213/3417MB (cached 1MB) CPU [100%@1420,100%@1420,100%@1420,100%@1420,100%@1420,63%@1420] EMC_FREQ 0% GR3D_FREQ 0% AUX@38.5C CPU@39.5C thermal@38.95C AO@38.5C GPU@38.5C PMIC@50C
1791264607.058856 10-06-2026 14:30:07 RAM 1753/6833MB (lfb 150x4MB) SWAP 213/3417MB (cached 1MB) CPU [100%@1420,100%@1420,100%@1420,100%@1420,100%@1420,100%@1420] EMC_FREQ 0% GR3D_FREQ 0% AUX@38.5C CPU@40C thermal@38.95C AO@38.5C GPU@38.5C PMIC@50C
1791264607.262241 10-06-2026 14:30:07 RAM 1753/6833MB (lfb 150x4MB) SWAP 213/3417MB (cached 1MB) CPU [100%@1420,100%@1420,100%@1420,100%@1420,100%@1420,90%@1420] EMC_FREQ 0% GR3D_FREQ 0% AUX@38.5C CPU@40C thermal@38.95C AO@38.5C GPU@38.5C PMIC@50C
1791264607.465443 10-06-2026 14:30:07 RAM 1757/6833MB (lfb 150x4MB) SWAP 213/3417MB (cached 1MB) CPU [100%@1420,100%@1420,100%@1420,100%@1420,100%@1420,100%@1420] EMC_FREQ 0% GR3D_FREQ 0% AUX@38.5C CPU@40C thermal@38.95C AO@38.5C GPU@38.5C PMIC@50C
1791264607.669030 10-06-2026 14:30:07 RAM 1764/6833MB (lfb 150x4MB) SWAP 213/3417MB (cached 1MB) CPU [100%@1420,100%@1420,100%@1420,100%@1420,100%@1420,100%@1420] EMC_FREQ 0% GR3D_FREQ 0% AUX@38.5C CPU@40C thermal@38.95C AO@38.5C GPU@38.5C PMIC@50C
1791264607.873285 10-06-2026 14:30:07 RAM 1771/6833MB (lfb 150x4MB) SWAP 213/3417MB (cached 1MB) CPU [100%@1420,100%@1420,100%@1420,100%@1420,100%@1420,100%@1420] EMC_FREQ 0% GR3D_FREQ 0% AUX@38.5C CPU@40C thermal@38.95C AO@38.5C GPU@38.5C PMIC@50C
1791264608.077932 10-06-2026 14:30:08 RAM 1775/6833MB (lfb 150x4MB) SWAP 213/3417MB (cached 1MB) CPU [100%@1420,100%@1420,100%@1420,100%@1420,100%@1420,100%@1420] EMC_FREQ 0% GR3D_FREQ 0% AUX@38.5C CPU@40.5C thermal@38.95C AO@38.5C GPU@38.5C PMIC@50C
1791264608.282284 10-06-2026 14:30:08 RAM 1781/6833MB (lfb 150x4MB) SWAP 213/3417MB (cached 1MB) CPU [100%@1420,100%@1420,100%@1420,100%@1420,100%@1420,100%@1420] EMC_FREQ 0% GR3D_FREQ 0% AUX@38.5C CPU@40.5C thermal@38.95C AO@38.5C GPU@38.5C PMIC@50C
1791264608.485953 10-06-2026 14:30:08 RAM 1785/6833MB (lfb 150x4MB) SWAP 213/3417MB (cached 1MB) CPU [100%@1420,100%@1420,100%@1420,100%@1420,100%@1420,100%@1420] EMC_FREQ 0% GR3D_FREQ 0% AUX@38.5C CPU@40.5C thermal@38.95C AO@38.5C GPU@39C PMIC@50C
1791264608.689184 10-06-2026 14:30:08 RAM 1787/6833MB (lfb 150x4MB) SWAP 213/3417MB (cached 1MB) CPU [100%@1420,100%@1420,100%@1420,100%@1420,100%@1420,100%@1420] EMC_FREQ 0% GR3D_FREQ 0% AUX@38.5C CPU@40C thermal@38.95C AO@38.5C GPU@38.5C PMIC@50C
1791264608.893627 10-06-2026 14:30:08 RAM 1793/6833MB (lfb 150x4MB) SWAP 212/3417MB (cached 1MB) CPU [100%@1420,100%@1420,100%@1420,100%@1420,100%@1420,100%@1420] EMC_FREQ 0% GR3D_FREQ 0% AUX@38.5C CPU@40C thermal@38.95C AO@38.5C GPU@39C PMIC@50C
1791264609.097466 10-06-2026 14:30:09 RAM 1795/6833MB (lfb 150x4MB) SWAP 212/3417MB (cached 1MB) CPU [100%@1420,100%@1420,100%@1420,100%@1420,100%@1420,100%@1420] EMC_FREQ 0% GR3D_FREQ 0% AUX@39C CPU@40C thermal@38.95C AO@38.5C GPU@39C PMIC@50C
1791264609.300989 10-06-2026 14:30:09 RAM 1809/6833MB (lfb 150x4MB) SWAP 212/3417MB (cached 1MB) CPU [100%@1420,100%@1420,100%@1420,100%@1420,100%@1420,100%@1420] EMC_FREQ 0% GR3D_FREQ 0% AUX@39C CPU@40C thermal@38.95C AO@38.5C GPU@38.5C PMIC@50C
1791264609.504323 10-06-2026 14:30:09 RAM 1811/6833MB (lfb 150x4MB) SWAP 212/3417MB (cached 1MB) CPU [100%@1420,90%@1420,100%@1420,100%@1420,100%@1420,100%@1420] EMC_FREQ 0% GR3D_FREQ 0% AUX@38.5C CPU@40.5C thermal@38.95C AO@38.5C GPU@39C PMIC@50C
1791264609.754533 10-06-2026 14:30:09 RAM 1812/6833MB (lfb 150x4MB) SWAP 212/3417MB (cached 1MB) CPU [100%@1420,100%@1420,100%@1420,100%@1420,100%@1420,100%@1420] EMC_FREQ 0% GR3D_FREQ 0% AUX@39C CPU@40C thermal@38.95C AO@38.5C GPU@39C PMIC@50C
1791264609.958115 10-06-2026 14:30:09 RAM 1813/6833MB (lfb 150x4MB) SWAP 212/3417MB (cached 1MB) CPU [100%@1420,100%@1420,95%@1420,100%@1420,100%@1420,100%@1420] EMC_FREQ 0% GR3D_FREQ 0% AUX@39C CPU@40C thermal@38.95C AO@38.5C GPU@38.5C PMIC@50C
1791264610.161313 10-06-2026 14:30:10 RAM 1813/6833MB (lfb 150x4MB) SWAP 212/3417MB (cached 1MB) CPU [100%@1420,100%@1420,95%@1420,100%@1420,100%@1420,100%@1420] EMC_FREQ 0% GR3D_FREQ 0% AUX@39C CPU@40C thermal@38.95C AO@38.5C GPU@38.5C PMIC@50C
1791264610.364634 10-06-2026 14:30:10 RAM 1814/6833MB (lfb 150x4MB) SWAP 212/3417MB (cached 1MB) CPU [100%@1420,100%@1420,90%@1420,95%@1420,100%@1420,100%@1420] EMC_FREQ 0% GR3D_FREQ 0% AUX@39C CPU@40.5C thermal@38.95C AO@38.5C GPU@38.5C PMIC@50C
1791264610.568012 10-06-2026 14:30:10 RAM 1817/6833MB (lfb 150x4MB) SWAP 212/3417MB (cached 1MB) CPU [100%@1420,100%@1420,100%@1420,85%@1420,100%@1420,100%@1420] EMC_FREQ 0% GR3D_FREQ 0% AUX@38.5C CPU@40C thermal@38.95C AO@38.5C GPU@38.5C PMIC@50C
1791264610.771906 10-06-2026 14:30:10 RAM 1818/6833MB (lfb 150x4MB) SWAP 212/3417MB (cached 1MB) CPU [100%@1420,100%@1420,100%@1420,88%@1420,100%@1420,100%@1420] EMC_FREQ 0% GR3D_FREQ 0% AUX@38.5C CPU@40.5C thermal@38.95C AO@38.5C GPU@38.5C PMIC@50C
1791264610.975754 10-06-2026 14:30:10 RAM 1820/6833MB (lfb 150x4MB) SWAP 212/3417MB (cached 1MB) CPU [100%@1420,100%@1420,100%@1420,90%@1420,100%@1420,100%@1420] EMC_FREQ 0% GR3D_FREQ 0% AUX@39C CPU@40C thermal@39.15C AO@38.5C GPU@38.5C PMIC@50C
1791264611.179069 10-06-2026 14:30:11 RAM 1821/6833MB (lfb 150x4MB) SWAP 212/3417MB (cached 1MB) CPU [95%@1420,100%@1420,100%@1420,94%@1420,100%@1420,100%@1420] EMC_FREQ 0% GR3D_FREQ 0% AUX@38.5C CPU@40.5C thermal@39.15C AO@38.5C GPU@38.5C PMIC@50C
1791264611.382553 10-06-2026 14:30:11 RAM 1823/6833MB (lfb 150x4MB) SWAP 212/3417MB (cached 1MB) CPU [100%@1420,100%@1420,100%@1420,85%@1420,100%@1420,100%@1420] EMC_FREQ 0% GR3D_FREQ 0% AUX@38.5C CPU@40.5C thermal@39.15C AO@38.5C GPU@39C PMIC@50C
1791264611.586001 10-06-2026 14:30:11 RAM 1824/6833MB (lfb 150x4MB) SWAP 212/3417MB (cached 1MB) CPU [100%@1420,100%@1420,100%@1420,90%@1420,100%@1420,100%@1420] EMC_FREQ 0% GR3D_FREQ 0% AUX@39C CPU@40C thermal@39.15C AO@39C GPU@39C PMIC@50C
1791264611.789467 10-06-2026 14:30:11 RAM 1826/6833MB (lfb 150x4MB) SWAP 212/3417MB (cached 1MB) CPU [95%@1420,100%@1420,100%@1420,80%@1420,100%@1420,100%@1420] EMC_FREQ 0% GR3D_FREQ 0% AUX@39C CPU@40.5C thermal@39.15C AO@38.5C GPU@38.5C PMIC@50C
1791264611.993372 10-06-2026 14:30:11 RAM 1827/6833MB (lfb 150x4MB) SWAP 212/3417MB (cached 1MB) CPU [100%@1420,100%@1420,100%@1420,94%@1420,100%@1420,100%@1420] EMC_FREQ 0% GR3D_FREQ 0% AUX@39C CPU@40C thermal@39.3C AO@38.5C GPU@39C PMIC@50C
1791264612.196209 10-06-2026 14:30:12 RAM 1830/6833MB (lfb 150x4MB) SWAP 212/3417MB (cached 1MB) CPU [100%@1420,100%@1420,100%@1420,80%@1420,100%@1420,100%@1420] EMC_FREQ 0% GR3D_FREQ 0% AUX@39C CPU@40C thermal@39.3C AO@38.5C GPU@39C PMIC@50C
1791264612.399355 10-06-2026 14:30:12 RAM 1830/6833MB (lfb 150x4MB) SWAP 212/3417MB (cached 1MB) CPU [100%@1420,95%@1420,100%@1420,100%@1420,100%@1420,100%@1420] EMC_FREQ 0% GR3D_FREQ 0% AUX@39C CPU@40.5C thermal@39.3C AO@38.5C GPU@39C PMIC@50C
1791264612.602592 10-06-2026 14:30:12 RAM 1831/6833MB (lfb 150x4MB) SWAP 212/3417MB (cached 1MB) CPU [100%@1420,100%@1420,100%@1420,85%@1420,100%@1420,100%@1420] EMC_FREQ 0% GR3D_FREQ 0% AUX@39C CPU@40.5C thermal@39.3C AO@38.5C GPU@38.5C PMIC@50C
1791264612.806242 10-06-2026 14:30:12 RAM 1833/6833MB (lfb 150x4MB) SWAP 212/3417MB (cached 1MB) CPU [100%@1420,90%@1420,100%@1420,90%@1420,100%@1420,100%@1420] EMC_FREQ 0% GR3D_FREQ 0% AUX@39C CPU@40.5C thermal@39.3C AO@39C GPU@39C PMIC@50C
1791264613.011686 10-06-2026 14:30:13 RAM 1835/6833MB (lfb 150x4MB) SWAP 212/3417MB (cached 1MB) CPU [100%@1420,100%@1420,100%@1420,85%@1420,100%@1420,100%@1420] EMC_FREQ 0% GR3D_FREQ 0% AUX@39C CPU@40C thermal@39.3C AO@39C GPU@39C PMIC@50C
1791264613.215421 10-06-2026 14:30:13 RAM 1839/6833MB (lfb 150x4MB) SWAP 212/3417MB (cached 1MB) CPU [100%@1420,100%@1420,100%@1420,84%@1420,100%@1420,100%@1420] EMC_FREQ 0% GR3D_FREQ 0% AUX@39C CPU@40.5C thermal@39.45C AO@38.5C GPU@39C PMIC@50C
1791264613.418913 10-06-2026 14:30:13 RAM 1839/6833MB (lfb 150x4MB) SWAP 212/3417MB (cached 1MB) CPU [100%@1420,100%@1420,100%@1420,94%@1420,100%@1420,100%@1420] EMC_FREQ 0% GR3D_FREQ 0% AUX@39C CPU@40.5C thermal@39.45C AO@39C GPU@39C PMIC@50C
1791264613.622195 10-06-2026 14:30:13 RAM 1840/6833MB (lfb 150x4MB) SWAP 212/3417MB (cached 1MB) CPU [100%@1420,100%@1420,100%@1420,90%@1420,100%@1420,100%@1420] EMC_FREQ 0% GR3D_FREQ 0% AUX@39C CPU@40.5C thermal@39.45C AO@39C GPU@39C PMIC@50C
1791264613.825530 10-06-2026 14:30:13 RAM 1843/6833MB (lfb 150x4MB) SWAP 212/3417MB (cached 1MB) CPU [100%@1420,100%@1420,100%@1420,77%@1420,100%@1420,100%@1420] EMC_FREQ 0% GR3D_FREQ 0% AUX@39C CPU@40.5C thermal@39.45C AO@39C GPU@39C PMIC@50C
1791264614.028839 10-06-2026 14:30:14 RAM 1846/6833MB (lfb 150x4MB) SWAP 212/3417MB (cached 1MB) CPU [100%@1420,100%@1420,100%@1420,85%@1420,100%@1420,100%@1420] EMC_FREQ 0% GR3D_FREQ 0% AUX@39C CPU@40.5C thermal@39.45C AO@39C GPU@39C PMIC@50C
1791264614.232213 10-06-2026 14:30:14 RAM 1846/6833MB (lfb 150x4MB) SWAP 212/3417MB (cached 1MB) CPU [100%@1420,100%@1420,100%@1420,95%@1420,95%@1420,100%@1420] EMC_FREQ 0% GR3D_FREQ 0% AUX@39C CPU@40.5C thermal@39.45C AO@39C GPU@39C PMIC@50C
1791264614.435417 10-06-2026 14:30:14 RAM 1846/6833MB (lfb 150x4MB) SWAP 212/3417MB (cached 1MB) CPU [100%@1420,100%@1420,100%@1420,95%@1420,100%@1420,100%@1420] EMC_FREQ 0% GR3D_FREQ 0% AUX@39C CPU@40.5C thermal@39.45C AO@39C GPU@39C PMIC@50C
1791264614.638650 10-06-2026 14:30:14 RAM 1847/6833MB (lfb 150x4MB) SWAP 212/3417MB (cached 1MB) CPU [100%@1420,100%@1420,100%@1420,94%@1420,100%@1420,100%@1420] EMC_FREQ 0% GR3D_FREQ 0% AUX@39C CPU@40.5C thermal@39.45C AO@39C GPU@39C PMIC@50C
1791264614.842025 10-06-2026 14:30:14 RAM 1848/6833MB (lfb 150x4MB) SWAP 212/3417MB (cached 1MB) CPU [100%@1420,100%@1420,100%@1420,95%@1420,100%@1420,100%@1420] EMC_FREQ 0% GR3D_FREQ 0% AUX@39C CPU@40.5C thermal@39.45C AO@39C GPU@39.5C PMIC@50C
1791264615.045293 10-06-2026 14:30:15 RAM 1849/6833MB (lfb 150x4MB) SWAP 212/3417MB (cached 1MB) CPU [100%@1420,100%@1420,100%@1420,90%@1420,100%@1420,100%@1420] EMC_FREQ 0% GR3D_FREQ 0% AUX@39C CPU@40.5C thermal@39.45C AO@39C GPU@39C PMIC@50C
1791264615.248853 10-06-2026 14:30:15 RAM 1849/6833MB (lfb 150x4MB) SWAP 212/3417MB (cached 1MB) CPU [100%@1420,100%@1420,100%@1420,90%@1420,100%@1420,100%@1420] EMC_FREQ 0% GR3D_FREQ 0% AUX@39.5C CPU@40.5C thermal@39.45C AO@39C GPU@39C PMIC@50C
1791264615.452140 10-06-2026 14:30:15 RAM 1853/6833MB (lfb 150x4MB) SWAP 212/3417MB (cached 1MB) CPU [100%@1420,100%@1420,100%@1420,78%@1420,100%@1420,100%@1420] EMC_FREQ 0% GR3D_FREQ 0% AUX@39C CPU@40.5C thermal@39.45C AO@39C GPU@39C PMIC@50C
1791264615.655529 10-06-2026 14:30:15 RAM 1855/6833MB (lfb 150x4MB) SWAP 212/3417MB (cached 1MB) CPU [90%@1420,100%@1420,100%@1420,80%@1420,100%@1420,100%@1420] EMC_FREQ 0% GR3D_FREQ 0% AUX@39.5C CPU@40.5C thermal@39.45C AO@39C GPU@39C PMIC@50C
1791264615.859034 10-06-2026 14:30:15 RAM 1858/6833MB (lfb 150x4MB) SWAP 212/3417MB (cached 1MB) CPU [100%@1420,100%@1420,100%@1420,73%@1420,100%@1420,100%@1420] EMC_FREQ 0% GR3D_FREQ 0% AUX@39.5C CPU@40.5C thermal@39.45C AO@39C GPU@39C PMIC@50C
1791264616.062264 10-06-2026 14:30:16 RAM 1858/6833MB (lfb 150x4MB) SWAP 212/3417MB (cached 1MB) CPU [66%@1420,70%@1420,65%@1420,100%@1420,60%@1420,61%@1420] EMC_FREQ 0% GR3D_FREQ 0% AUX@39.5C CPU@40.5C thermal@39.45C AO@39C GPU@39C PMIC@50C
1791264616.265562 10-06-2026 14:30:16 RAM 1859/6833MB (lfb 150x4MB) SWAP 212/3417MB (cached 1MB) CPU [10%@1420,0%@1420,4%@1420,79%@1420,5%@1420,5%@1420] EMC_FREQ 0% GR3D_FREQ 0% AUX@39.5C CPU@40.5C thermal@39.45C AO@39C GPU@39C PMIC@50C
1791264616.468884 10-06-2026 14:30:16 RAM 1860/6833MB (lfb 150x4MB) SWAP 212/3417MB (cached 1MB) CPU [10%@1420,9%@1420,0%@1420,94%@1420,5%@1420,13%@1420] EMC_FREQ 0% GR3D_FREQ 0% AUX@39.5C CPU@40.5C thermal@39.65C AO@39C GPU@39.5C PMIC@50C
1791264616.672440 10-06-2026 14:30:16 RAM 1862/6833MB (lfb 150x4MB) SWAP 211/3417MB (cached 1MB) CPU [15%@1420,5%@1420,0%@1420,95%@1420,5%@1420,5%@1420] EMC_FREQ 0% GR3D_FREQ 0% AUX@39.5C CPU@40.5C thermal@39.65C AO@39C GPU@39C PMIC@50C
1791264616.875609 10-06-2026 14:30:16 RAM 1863/6833MB (lfb 150x4MB) SWAP 211/3417MB (cached 1MB) CPU [14%@1420,9%@1420,0%@1420,90%@1420,5%@1420,5%@1420] EMC_FREQ 0% GR3D_FREQ 0% AUX@39.5C CPU@40.5C thermal@39.65C AO@39C GPU@39.5C PMIC@50C
1791264617.078963 10-06-2026 14:30:17 RAM 1864/6833MB (lfb 150x4MB) SWAP 211/3417MB (cached 1MB) CPU [0%@1420,5%@1420,0%@1420,90%@1420,9%@1420,9%@1420] EMC_FREQ 0% GR3D_FREQ 0% AUX@39.5C CPU@40C thermal@39.65C AO@39C GPU@39.5C PMIC@50C
1791264617.282219 10-06-2026 14:30:17 RAM 1864/6833MB (lfb 150x4MB) SWAP 211/3417MB (cached 1MB) CPU [0%@1420,14%@1420,0%@1420,94%@1420,0%@1420,0%@1420] EMC_FREQ 0% GR3D_FREQ 0% AUX@39C CPU@40.5C thermal@39.65C AO@39C GPU@39.5C PMIC@50C
1791264617.485652 10-06-2026 14:30:17 RAM 1866/6833MB (lfb 150x4MB) SWAP 211/3417MB (cached 1MB) CPU [10%@1420,9%@1420,9%@1420,100%@1420,0%@1420,9%@1420] EMC_FREQ 0% GR3D_FREQ 0% AUX@39C CPU@40.5C thermal@39.65C AO@39C GPU@39.5C PMIC@50C
1791264617.688989 10-06-2026 14:30:17 RAM 1869/6833MB (lfb 150x4MB) SWAP 211/3417MB (cached 1MB) CPU [10%@1420,18%@1420,0%@1420,95%@1420,9%@1420,4%@1420] EMC_FREQ 0% GR3D_FREQ 0% AUX@39C CPU@40.5C thermal@39.65C AO@39C GPU@39C PMIC@50C
1791264617.892481 10-06-2026 14:30:17 RAM 1871/6833MB (lfb 150x4MB) SWAP 211/3417MB (cached 1MB) CPU [14%@1420,5%@1420,0%@1420,100%@1420,0%@1420,0%@1420] EMC_FREQ 0% GR3D_FREQ 0% AUX@39.5C CPU@40.5C thermal@39.65C AO@39C GPU@39.5C PMIC@50C
1791264618.096060 10-06-2026 14:30:18 RAM 1872/6833MB (lfb 150x4MB) SWAP 211/3417MB (cached 1MB) CPU [5%@1420,5%@1420,5%@1420,95%@1420,9%@1420,5%@1420] EMC_FREQ 0% GR3D_FREQ 0% AUX@39.5C CPU@40.5C thermal@39.65C AO@39C GPU@39.5C PMIC@50C
1791264618.298843 10-06-2026 14:30:18 RAM 1873/6833MB (lfb 150x4MB) SWAP 211/3417MB (cached 1MB) CPU [14%@1420,5%@1420,4%@1420,100%@1420,5%@1420,0%@1420] EMC_FREQ 0% GR3D_FREQ 0% AUX@39.5C CPU@40C thermal@39.65C AO@39.5C GPU@39.5C PMIC@50C
1791264618.502154 10-06-2026 14:30:18 RAM 1874/6833MB (lfb 150x4MB) SWAP 211/3417MB (cached 1MB) CPU [5%@1420,15%@1420,100%@1420,10%@1420,0%@1420,5%@1420] EMC_FREQ 0% GR3D_FREQ 0% AUX@39.5C CPU@40.5C thermal@39.65C AO@39C GPU@39.5C PMIC@50C
1791264618.705411 10-06-2026 14:30:18 RAM 1876/6833MB (lfb 150x4MB) SWAP 211/3417MB (cached 1MB) CPU [14%@1420,70%@1420,95%@1420,0%@1420,10%@1420,5%@1420] EMC_FREQ 0% GR3D_FREQ 0% AUX@39.5C CPU@40.5C thermal@39.65C AO@39C GPU@39.5C PMIC@50C
1791264618.908812 10-06-2026 14:30:18 RAM 1876/6833MB (lfb 150x4MB) SWAP 211/3417MB (cached 1MB) CPU [5%@1420,5%@1420,90%@1420,0%@1420,9%@1420,0%@1420] EMC_FREQ 0% GR3D_FREQ 0% AUX@39.5C CPU@40.5C thermal@39.65C AO@39.5C GPU@39.5C PMIC@50C
1791264619.112038 10-06-2026 14:30:19 RAM 1877/6833MB (lfb 150x4MB) SWAP 211/3417MB (cached 1MB) CPU [9%@1420,9%@1420,100%@1420,9%@1420,10%@1420,5%@1420] EMC_FREQ 0% GR3D_FREQ 0% AUX@39.5C CPU@40.5C thermal@39.65C AO@39.5C GPU@39.5C PMIC@50C
1791264619.315233 10-06-2026 14:30:19 RAM 1878/6833MB (lfb 150x4MB) SWAP 211/3417MB (cached 1MB) CPU [9%@1420,5%@1420,78%@1420,14%@1420,10%@1420,4%@1420] EMC_FREQ 0% GR3D_FREQ 0% AUX@39.5C CPU@40.5C thermal@39.65C AO@39C GPU@39.5C PMIC@50C
1791264619.518464 10-06-2026 14:30:19 RAM 1878/6833MB (lfb 150x4MB) SWAP 211/3417MB (cached 1MB) CPU [5%@1420,9%@1420,90%@1420,4%@1420,18%@1420,5%@1420] EMC_FREQ 0% GR3D_FREQ 0% AUX@39.5C CPU@40.5C thermal@39.65C AO@39C GPU@39.5C PMIC@50C
1791264619.721716 10-06-2026 14:30:19 RAM 1879/6833MB (lfb 150x4MB) SWAP 211/3417MB (cached 1MB) CPU [10%@1420,9%@1420,94%@1420,0%@1420,9%@1420,5%@1420] EMC_FREQ 0% GR3D_FREQ 0% AUX@39.5C CPU@40.5C thermal@39.65C AO@39.5C GPU@39.5C PMIC@50C
1791264619.925004 10-06-2026 14:30:19 RAM 1881/6833MB (lfb 150x4MB) SWAP 211/3417MB (cached 1MB) CPU [0%@1420,5%@1420,85%@1420,0%@1420,5%@1420,5%@1420] EMC_FREQ 0% GR3D_FREQ 0% AUX@39.5C CPU@40.5C thermal@39.8C AO@39.5C GPU@39.5C PMIC@50C
1791264620.128193 10-06-2026 14:30:20 RAM 1882/6833MB (lfb 150x4MB) SWAP 211/3417MB (cached 1MB) CPU [10%@1420,0%@1420,90%@1420,4%@1420,15%@1420,0%@1420] EMC_FREQ 0% GR3D_FREQ 0% AUX@39.5C CPU@40.5C thermal@39.8C AO@39.5C GPU@39.5C PMIC@50C
1791264620.331347 10-06-2026 14:30:20 RAM 1883/6833MB (lfb 150x4MB) SWAP 211/3417MB (cached 1MB) CPU [13%@1420,13%@1420,95%@1420,0%@1420,5%@1420,9%@1420] EMC_FREQ 0% GR3D_FREQ 0% AUX@39.5C CPU@40.5C thermal@39.8C AO@39.5C GPU@39.5C PMIC@50C
1791264620.534544 10-06-2026 14:30:20 RAM 1883/6833MB (lfb 150x4MB) SWAP 211/3417MB (cached 1MB) CPU [5%@1420,5%@1420,100%@1420,5%@1420,13%@1420,14%@1420] EMC_FREQ 0% GR3D_FREQ 0% AUX@39.5C CPU@40.5C thermal@39.8C AO@39.5C GPU@39.5C PMIC@50C
1791264620.738160 10-06-2026 14:30:20 RAM 1883/6833MB (lfb 150x4MB) SWAP 211/3417MB (cached 1MB) CPU [0%@1420,0%@1420,90%@1420,0%@1420,5%@1420,10%@1420] EMC_FREQ 0% GR3D_FREQ 0% AUX@39.5C CPU@40.5C thermal@39.8C AO@39.5C GPU@39.5C PMIC@50C
1791264620.942935 10-06-2026 14:30:20 RAM 1884/6833MB (lfb 150x4MB) SWAP 211/3417MB (cached 1MB) CPU [10%@1420,9%@1420,94%@1420,4%@1420,5%@1420,4%@1420] EMC_FREQ 0% GR3D_FREQ 0% AUX@39.5C CPU@40.5C thermal@39.8C AO@39.5C GPU@40C PMIC@50C
1791264621.146166 10-06-2026 14:30:21 RAM 1885/6833MB (lfb 150x4MB) SWAP 211/3417MB (cached 1MB) CPU [5%@1420,5%@1420,66%@1420,10%@1420,14%@1420,5%@1420] EMC_FREQ 0% GR3D_FREQ 0% AUX@39.5C CPU@40.5C thermal@39.8C AO@39.5C GPU@39.5C PMIC@50C
1791264621.349645 10-06-2026 14:30:21 RAM 1885/6833MB (lfb 150x4MB) SWAP 211/3417MB (cached 1MB) CPU [9%@1420,0%@1420,0%@1420,78%@1420,5%@1420,10%@1420] EMC_FREQ 0% GR3D_FREQ 0% AUX@40C CPU@40.5C thermal@39.8C AO@39.5C GPU@40C PMIC@50C
1791264621.552606 10-06-2026 14:30:21 RAM 1886/6833MB (lfb 150x4MB) SWAP 211/3417MB (cached 1MB) CPU [0%@1420,9%@1420,0%@1420,89%@1420,9%@1420,10%@1420] EMC_FREQ 0% GR3D_FREQ 0% AUX@39.5C CPU@41C thermal@39.8C AO@39.5C GPU@40C PMIC@50C
1791264621.756430 10-06-2026 14:30:21 RAM 1889/6833MB (lfb 150x4MB) SWAP 211/3417MB (cached 1MB) CPU [14%@1420,0%@1420,0%@1420,80%@1420,0%@1420,10%@1420] EMC_FREQ 0% GR3D_FREQ 0% AUX@39.5C CPU@40.5C thermal@39.8C AO@39.5C GPU@39.5C PMIC@50C
1791264621.959700 10-06-2026 14:30:21 RAM 1889/6833MB (lfb 150x4MB) SWAP 211/3417MB (cached 1MB) CPU [5%@1420,5%@1420,0%@1420,94%@1420,5%@1420,10%@1420] EMC_FREQ 0% GR3D_FREQ 0% AUX@39.5C CPU@40.5C thermal@39.8C AO@39.5C GPU@40C PMIC@50C
1791264622.163948 10-06-2026 14:30:22 RAM 1889/6833MB (lfb 150x4MB) SWAP 211/3417MB (cached 1MB) CPU [9%@1420,13%@1420,0%@1420,95%@1420,9%@1420,9%@1420] EMC_FREQ 0% GR3D_FREQ 0% AUX@39.5C CPU@40.5C thermal@40C AO@39.5C GPU@40C PMIC@50C
1791264622.367512 10-06-2026 14:30:22 RAM 1890/6833MB (lfb 150x4MB) SWAP 211/3417MB (cached 1MB) CPU [5%@1420,5%@1420,0%@1420,95%@1420,5%@1420,5%@1420] EMC_FREQ 0% GR3D_FREQ 0% AUX@40C CPU@40.5C thermal@40C AO@39.5C GPU@39.5C PMIC@50C
1791264622.570733 10-06-2026 14:30:22 RAM 1892/6833MB (lfb 150x4MB) SWAP 211/3417MB (cached 1MB) CPU [5%@1420,10%@1420,4%@1420,81%@1420,4%@1420,5%@1420] EMC_FREQ 0% GR3D_FREQ 0% AUX@40C CPU@40.5C thermal@40C AO@39.5C GPU@40C PMIC@50C
1791264622.774640 10-06-2026 14:30:22 RAM 1892/6833MB (lfb 150x4MB) SWAP 211/3417MB (cached 1MB) CPU [14%@1420,5%@1420,0%@1420,100%@1420,9%@1420,0%@1420] EMC_FREQ 0% GR3D_FREQ 0% AUX@39.5C CPU@40.5C thermal@40C AO@39.5C GPU@39.5C PMIC@50C
1791264622.978299 10-06-2026 14:30:22 RAM 1892/6833MB (lfb 150x4MB) SWAP 211/3417MB (cached 1MB) CPU [14%@1420,4%@1420,9%@1420,95%@1420,5%@1420,9%@1420] EMC_FREQ 0% GR3D_FREQ 0% AUX@39.5C CPU@40.5C thermal@40C AO@39.5C GPU@40C PMIC@50C
1791264623.181511 10-06-2026 14:30:23 RAM 1892/6833MB (lfb 150x4MB) SWAP 211/3417MB (cached 1MB) CPU [5%@1420,0%@1420,4%@1420,95%@1420,0%@1420,0%@1420] EMC_FREQ 0% GR3D_FREQ 0% AUX@39.5C CPU@40.5C thermal@39.95C AO@39.5C GPU@39.5C PMIC@50C
1791264623.385093 10-06-2026 14:30:23 RAM 1893/6833MB (lfb 150x4MB) SWAP 211/3417MB (cached 1MB) CPU [14%@1420,4%@1420,0%@1420,94%@1420,5%@1420,4%@1420] EMC_FREQ 0% GR3D_FREQ 0% AUX@40C CPU@40.5C thermal@39.95C AO@39.5C GPU@40C PMIC@50C
1791264623.588452 10-06-2026 14:30:23 RAM 1894/6833MB (lfb 150x4MB) SWAP 211/3417MB (cached 1MB) CPU [5%@1420,0%@1420,5%@1420,89%@1420,19%@1420,5%@1420] EMC_FREQ 0% GR3D_FREQ 0% AUX@40C CPU@41C thermal@39.95C AO@39.5C GPU@40C PMIC@50C
1791264623.791872 10-06-2026 14:30:23 RAM 1895/6833MB (lfb 150x4MB) SWAP 211/3417MB (cached 1MB) CPU [4%@1420,9%@1420,0%@1420,100%@1420,5%@1420,5%@1420] EMC_FREQ 0% GR3D_FREQ 0% AUX@40C CPU@41C thermal@39.95C AO@39.5C GPU@40C PMIC@50C
1791264623.995093 10-06-2026 14:30:23 RAM 1896/6833MB (lfb 150x4MB) SWAP 211/3417MB (cached 1MB) CPU [13%@1420,68%@1420,0%@1420,45%@1420,10%@1420,18%@1420] EMC_FREQ 0% GR3D_FREQ 0% AUX@40C CPU@41C thermal@39.95C AO@39.5C GPU@40C PMIC@50C
1791264624.198329 10-06-2026 14:30:24 RAM 1899/6833MB (lfb 150x4MB) SWAP 211/3417MB (cached 1MB) CPU [0%@1344,0%@1344,4%@1344,100%@1344,10%@1344,9%@1344] EMC_FREQ 0% GR3D_FREQ 0% AUX@40C CPU@41C thermal@39.95C AO@40C GPU@40C PMIC@50C
1791264624.401556 10-06-2026 14:30:24 RAM 1900/6833MB (lfb 150x4MB) SWAP 211/3417MB (cached 1MB) CPU [5%@1420,4%@1420,40%@1420,54%@1420,14%@1420,5%@1420] EMC_FREQ 0% GR3D_FREQ 0% AUX@39.5C CPU@41C thermal@40.3C AO@40C GPU@40C PMIC@50C
1791264624.605273 10-06-2026 14:30:24 RAM 1905/6833MB (lfb 150x4MB) SWAP 211/3417MB (cached 1MB) CPU [13%@1420,4%@1420,100%@1420,0%@1420,10%@1420,5%@1420] EMC_FREQ 0% GR3D_FREQ 0% AUX@40C CPU@41C thermal@40.3C AO@39.5C GPU@40C PMIC@50C
1791264624.808102 10-06-2026 14:30:24 RAM 1906/6833MB (lfb 150x4MB) SWAP 211/3417MB (cached 1MB) CPU [5%@1420,5%@1420,100%@1420,0%@1420,10%@1420,5%@1420] EMC_FREQ 0% GR3D_FREQ 0% AUX@40C CPU@41C thermal@40.3C AO@39.5C GPU@40C PMIC@50C
1791264625.011224 10-06-2026 14:30:25 RAM 1906/6833MB (lfb 150x4MB) SWAP 211/3417MB (cached 1MB) CPU [0%@1420,5%@1420,85%@1420,10%@1420,14%@1420,9%@1420] EMC_FREQ 0% GR3D_FREQ 0% AUX@40C CPU@40.5C thermal@40.3C AO@40C GPU@40.5C PMIC@50C
1791264625.214512 10-06-2026 14:30:25 RAM 1907/6833MB (lfb 150x4MB) SWAP 211/3417MB (cached 1MB) CPU [9%@1420,0%@1420,0%@1420,100%@1420,9%@1420,5%@1420] EMC_FREQ 0% GR3D_FREQ 0% AUX@40C CPU@41C thermal@40.3C AO@39.5C GPU@40C PMIC@50C
1791264625.417813 10-06-2026 14:30:25 RAM 1907/6833MB (lfb 150x4MB) SWAP 211/3417MB (cached 1MB) CPU [14%@1420,5%@1420,4%@1420,90%@1420,5%@1420,5%@1420] EMC_FREQ 0% GR3D_FREQ 0% AUX@40C CPU@40.5C thermal@40.3C AO@40C GPU@40C PMIC@50C
1791264625.620996 10-06-2026 14:30:25 RAM 1908/6833MB (lfb 150x4MB) SWAP 211/3417MB (cached 1MB) CPU [5%@1420,4%@1420,4%@1420,90%@1420,5%@1420,5%@1420] EMC_FREQ 0% GR3D_FREQ 0% AUX@40C CPU@41C thermal@40.3C AO@39.5C GPU@40C PMIC@50C
1791264625.824199 10-06-2026 14:30:25 RAM 1908/6833MB (lfb 150x4MB) SWAP 211/3417MB (cached 1MB) CPU [4%@1420,5%@1420,5%@1420,100%@1420,9%@1420,5%@1420] EMC_FREQ 0% GR3D_FREQ 0% AUX@40C CPU@41C thermal@40.3C AO@39.5C GPU@40.5C PMIC@50C
1791264626.027422 10-06-2026 14:30:26 RAM 1909/6833MB (lfb 150x4MB) SWAP 211/3417MB (cached 1MB) CPU [5%@1420,4%@1420,4%@1420,90%@1420,10%@1420,9%@1420] EMC_FREQ 0% GR3D_FREQ 0% AUX@40C CPU@41C thermal@40.3C AO@39.5C GPU@40.5C PMIC@50C
1791264626.230745 10-06-2026 14:30:26 RAM 1930/6833MB (lfb 150x4MB) SWAP 211/3417MB (cached 1MB) CPU [5%@1420,9%@1420,4%@1420,100%@1420,4%@1420,10%@1420] EMC_FREQ 0% GR3D_FREQ 0% AUX@40C CPU@41C thermal@40.3C AO@40C GPU@40C PMIC@50C
1791264626.434454 10-06-2026 14:30:26 RAM 1933/6833MB (lfb 150x4MB) SWAP 211/3417MB (cached 1MB) CPU [18%@1420,5%@1420,0%@1420,100%@1420,9%@1420,9%@1420] EMC_FREQ 0% GR3D_FREQ 0% AUX@40C CPU@41C thermal@40.3C AO@40C GPU@40C PMIC@50C
1791264626.637774 10-06-2026 14:30:26 RAM 1933/6833MB (lfb 150x4MB) SWAP 211/3417MB (cached 1MB) CPU [5%@1420,0%@1420,0%@1420,95%@1420,5%@1420,0%@1420] EMC_FREQ 0% GR3D_FREQ 0% AUX@40C CPU@41C thermal@40.3C AO@40C GPU@40C PMIC@50C
1791264626.840967 10-06-2026 14:30:26 RAM 1935/6833MB (lfb 150x4MB) SWAP 211/3417MB (cached 1MB) CPU [14%@1420,5%@1420,0%@1420,68%@1420,22%@1420,5%@1420] EMC_FREQ 0% GR3D_FREQ 0% AUX@40C CPU@41C thermal@40.3C AO@40C GPU@40.5C PMIC@50C
1791264627.044277 10-06-2026 14:30:27 RAM 1941/6833MB (lfb 150x4MB) SWAP 211/3417MB (cached 1MB) CPU [75%@1420,47%@1420,38%@1420,38%@1420,47%@1420,40%@1420] EMC_FREQ 0% GR3D_FREQ 0% AUX@40C CPU@41C thermal@40.3C AO@40C GPU@40.5C PMIC@50C
1791264627.247507 10-06-2026 14:30:27 RAM 1947/6833MB (lfb 150x4MB) SWAP 211/3417MB (cached 1MB) CPU [5%@1420,33%@1420,0%@1420,4%@1420,47%@1420,23%@1420] EMC_FREQ 0% GR3D_FREQ 0% AUX@40C CPU@41C thermal@40.3C AO@40C GPU@40.5C PMIC@50C
1791264627.450844 10-06-2026 14:30:27 RAM 1948/6833MB (lfb 150x4MB) SWAP 211/3417MB (cached 1MB) CPU [0%@1420,10%@1420,9%@1420,5%@1420,45%@1420,39%@1420] EMC_FREQ 0% GR3D_FREQ 0% AUX@40C CPU@41.5C thermal@40.3C AO@40C GPU@40C PMIC@50C
1791264627.654028 10-06-2026 14:30:27 RAM 1949/6833MB (lfb 150x4MB) SWAP 211/3417MB (cached 1MB) CPU [0%@1420,9%@1420,0%@1420,5%@1420,66%@1420,15%@1420] EMC_FREQ 0% GR3D_FREQ 0% AUX@40C CPU@41C thermal@40.45C AO@40C GPU@40.5C PMIC@50C
1791264627.857130 10-06-2026 14:30:27 RAM 1949/6833MB (lfb 150x4MB) SWAP 211/3417MB (cached 1MB) CPU [4%@1420,0%@1420,5%@1420,14%@1420,94%@1420,5%@1420] EMC_FREQ 0% GR3D_FREQ 0% AUX@40.5C CPU@41C thermal@40.45C AO@40C GPU@40.5C PMIC@50C
1791264628.060541 10-06-2026 14:30:28 RAM 1972/6833MB (lfb 150x4MB) SWAP 211/3417MB (cached 1MB) CPU [0%@1420,85%@1420,9%@1420,5%@1420,10%@1420,5%@1420] EMC_FREQ 0% GR3D_FREQ 0% AUX@40C CPU@41C thermal@40.45C AO@40.5C GPU@40.5C PMIC@50C
1791264628.263620 10-06-2026 14:30:28 RAM 1994/6833MB (lfb 150x4MB) SWAP 211/3417MB (cached 1MB) CPU [9%@1420,100%@1420,10%@1420,5%@1420,5%@1420,5%@1420] EMC_FREQ 0% GR3D_FREQ 0% AUX@40C CPU@41C thermal@40.45C AO@40C GPU@40.5C PMIC@50C
1791264628.467182 10-06-2026 14:30:28 RAM 2025/6833MB (lfb 150x4MB) SWAP 211/3417MB (cached 1MB) CPU [21%@1190,60%@1420,18%@1420,10%@1420,5%@1420,4%@1420] EMC_FREQ 0% GR3D_FREQ 0% AUX@40.5C CPU@41C thermal@40.45C AO@40C GPU@40.5C PMIC@50C
1791264628.671073 10-06-2026 14:30:28 RAM 2080/6833MB (lfb 150x4MB) SWAP 211/3417MB (cached 1MB) CPU [22%@1420,20%@1420,5%@1420,15%@1420,4%@1420,0%@1420] EMC_FREQ 0% GR3D_FREQ 0% AUX@40C CPU@41C thermal@40.45C AO@40C GPU@40.5C PMIC@50C
1791264628.874685 10-06-2026 14:30:28 RAM 2113/6833MB (lfb 150x4MB) SWAP 211/3417MB (cached 1MB) CPU [5%@1420,5%@1420,5%@1420,14%@1420,5%@1190,10%@1190] EMC_FREQ 0% GR3D_FREQ 0% AUX@40.5C CPU@41.5C thermal@40.65C AO@40C GPU@40C PMIC@50C
1791264629.078146 10-06-2026 14:30:29 RAM 2132/6833MB (lfb 150x4MB) SWAP 211/3417MB (cached 1MB) CPU [5%@1190,4%@1190,15%@1420,13%@1420,10%@1420,5%@1420] EMC_FREQ 0% GR3D_FREQ 0% AUX@40.5C CPU@41.5C thermal@40.65C AO@40C GPU@40.5C PMIC@50C
1791264629.281424 10-06-2026 14:30:29 RAM 2247/6833MB (lfb 150x4MB) SWAP 211/3417MB (cached 1MB) CPU [13%@1420,4%@1420,15%@1420,5%@1420,25%@1420,30%@1420] EMC_FREQ 0% GR3D_FREQ 0% AUX@40.5C CPU@41.5C thermal@40.65C AO@40C GPU@40.5C PMIC@50C
1791264629.484852 10-06-2026 14:30:29 RAM 2285/6833MB (lfb 140x4MB) SWAP 211/3417MB (cached 1MB) CPU [5%@1190,9%@1420,20%@1420,19%@1420,0%@1420,0%@1420] EMC_FREQ 0% GR3D_FREQ 0% AUX@40.5C CPU@41.5C thermal@40.65C AO@40C GPU@40.5C PMIC@50C
1791264629.688155 10-06-2026 14:30:29 RAM 2864/6833MB (lfb 16x4MB) SWAP 211/3417MB (cached 1MB) CPU [14%@1420,5%@1420,25%@1420,76%@1420,9%@1420,4%@1420] EMC_FREQ 0% GR3D_FREQ 0% AUX@40.5C CPU@41.5C thermal@40.65C AO@40C GPU@40.5C PMIC@50C
1791264629.891291 10-06-2026 14:30:29 RAM 3003/6833MB (lfb 10x4MB) SWAP 211/3417MB (cached 1MB) CPU [10%@1420,5%@1420,10%@1420,100%@1420,5%@1420,5%@1420] EMC_FREQ 0% GR3D_FREQ 0% AUX@40.5C CPU@41.5C thermal@40.8C AO@40C GPU@40.5C PMIC@50C
1791264630.094712 10-06-2026 14:30:30 RAM 3006/6833MB (lfb 10x4MB) SWAP 211/3417MB (cached 1MB) CPU [52%@1420,13%@1420,0%@1420,100%@1420,0%@1420,9%@1420] EMC_FREQ 0% GR3D_FREQ 0% AUX@40.5C CPU@41.5C thermal@40.8C AO@40C GPU@40.5C PMIC@50C
1791264630.298317 10-06-2026 14:30:30 RAM 3008/6833MB (lfb 10x4MB) SWAP 211/3417MB (cached 1MB) CPU [15%@1420,5%@1420,9%@1420,100%@1420,14%@1420,5%@1420] EMC_FREQ 0% GR3D_FREQ 0% AUX@40.5C CPU@41.5C thermal@40.8C AO@40.5C GPU@40.5C PMIC@50C
1791264630.501483 10-06-2026 14:30:30 RAM 3011/6833MB (lfb 10x4MB) SWAP 211/3417MB (cached 1MB) CPU [4%@1420,4%@1420,0%@1420,100%@1420,10%@1420,10%@1420] EMC_FREQ 0% GR3D_FREQ 0% AUX@40.5C CPU@41.5C thermal@40.8C AO@40C GPU@40.5C PMIC@50C
1791264630.704725 10-06-2026 14:30:30 RAM 3058/6833MB (lfb 6x4MB) SWAP 211/3417MB (cached 1MB) CPU [0%@1420,5%@1420,5%@1420,100%@1420,5%@1420,15%@1420] EMC_FREQ 0% GR3D_FREQ 0% AUX@40.5C CPU@41.5C thermal@40.8C AO@40.5C GPU@40C PMIC@50C
1791264630.907932 10-06-2026 14:30:30 RAM 3150/6833MB (lfb 99x1MB) SWAP 211/3417MB (cached 1MB) CPU [9%@1420,10%@1420,0%@1420,100%@1420,0%@1420,10%@1420] EMC_FREQ 0% GR3D_FREQ 0% AUX@40.5C CPU@41.5C thermal@40.8C AO@40.5C GPU@40.5C PMIC@50C
1791264631.111172 10-06-2026 14:30:31 RAM 3213/6833MB (lfb 99x1MB) SWAP 211/3417MB (cached 1MB) CPU [5%@1420,9%@1420,9%@1420,100%@1420,0%@1420,14%@1420] EMC_FREQ 0% GR3D_FREQ 0% AUX@40.5C CPU@41.5C thermal@40.8C AO@40.5C GPU@40.5C PMIC@50C
1791264631.314384 10-06-2026 14:30:31 RAM 3278/6833MB (lfb 99x1MB) SWAP 211/3417MB (cached 1MB) CPU [5%@1420,9%@1420,0%@1420,100%@1420,4%@1420,5%@1420] EMC_FREQ 0% GR3D_FREQ 0% AUX@40.5C CPU@41.5C thermal@40.8C AO@40.5C GPU@40.5C PMIC@50C
1791264631.518034 10-06-2026 14:30:31 RAM 3346/6833MB (lfb 99x1MB) SWAP 211/3417MB (cached 1MB) CPU [5%@1420,0%@1420,0%@1420,100%@1420,5%@1420,10%@1420] EMC_FREQ 0% GR3D_FREQ 0% AUX@40.5C CPU@41.5C thermal@40.8C AO@40.5C GPU@40.5C PMIC@50C
1791264631.721279 10-06-2026 14:30:31 RAM 3346/6833MB (lfb 99x1MB) SWAP 211/3417MB (cached 1MB) CPU [9%@1420,10%@1420,4%@1420,100%@1420,4%@1420,13%@1420] EMC_FREQ 0% GR3D_FREQ 0% AUX@40.5C CPU@41.5C thermal@40.8C AO@40.5C GPU@40.5C PMIC@50C
1791264631.924515 10-06-2026 14:30:31 RAM 2344/6833MB (lfb 139x4MB) SWAP 211/3417MB (cached 1MB) CPU [14%@1420,9%@1420,0%@1420,100%@1420,0%@1420,10%@1420] EMC_FREQ 0% GR3D_FREQ 0% AUX@40.5C CPU@41.5C thermal@40.8C AO@40.5C GPU@40.5C PMIC@50C
1791264632.127953 10-06-2026 14:30:32 RAM 2374/6833MB (lfb 139x4MB) SWAP 211/3417MB (cached 1MB) CPU [0%@1420,5%@1420,0%@1420,100%@1420,9%@1420,10%@1420] EMC_FREQ 0% GR3D_FREQ 0% AUX@40.5C CPU@41.5C thermal@40.8C AO@40.5C GPU@40.5C PMIC@50C
1791264632.331185 10-06-2026 14:30:32 RAM 2404/6833MB (lfb 139x4MB) SWAP 211/3417MB (cached 1MB) CPU [9%@1420,13%@1420,9%@1420,100%@1420,10%@1420,9%@1420] EMC_FREQ 0% GR3D_FREQ 0% AUX@40.5C CPU@42C thermal@40.8C AO@40.5C GPU@40.5C PMIC@50C
1791264632.534332 10-06-2026 14:30:32 RAM 2436/6833MB (lfb 139x4MB) SWAP 211/3417MB (cached 1MB) CPU [0%@1420,5%@1420,0%@1420,100%@1420,5%@1420,0%@1420] EMC_FREQ 0% GR3D_FREQ 0% AUX@40.5C CPU@41.5C thermal@40.8C AO@40.5C GPU@40.5C PMIC@50C
1791264632.737724 10-06-2026 14:30:32 RAM 2465/6833MB (lfb 139x4MB) SWAP 211/3417MB (cached 1MB) CPU [10%@1420,13%@1420,0%@1420,100%@1420,9%@1420,0%@1420] EMC_FREQ 0% GR3D_FREQ 0% AUX@40.5C CPU@41.5C thermal@40.8C AO@40.5C GPU@40.5C PMIC@50C
1791264632.941384 10-06-2026 14:30:32 RAM 2496/6833MB (lfb 139x4MB) SWAP 211/3417MB (cached 1MB) CPU [9%@1420,5%@1420,9%@1420,100%@1420,14%@1420,4%@1420] EMC_FREQ 0% GR3D_FREQ 0% AUX@41C CPU@41.5C thermal@40.8C AO@40.5C GPU@40.5C PMIC@50C
1791264633.144645 10-06-2026 14:30:33 RAM 2527/6833MB (lfb 139x4MB) SWAP 211/3417MB (cached 1MB) CPU [5%@1420,5%@1420,0%@1420,100%@1420,10%@1420,0%@1420] EMC_FREQ 0% GR3D_FREQ 0% AUX@40.5C CPU@41.5C thermal@40.8C AO@40.5C GPU@40.5C PMIC@50C
1791264633.347731 10-06-2026 14:30:33 RAM 2556/6833MB (lfb 139x4MB) SWAP 211/3417MB (cached 1MB) CPU [9%@1420,14%@1420,4%@1420,100%@1420,10%@1420,9%@1420] EMC_FREQ 0% GR3D_FREQ 0% AUX@40.5C CPU@42C thermal@40.8C AO@40.5C GPU@40.5C PMIC@50C
1791264633.550942 10-06-2026 14:30:33 RAM 2589/6833MB (lfb 139x4MB) SWAP 211/3417MB (cached 1MB) CPU [5%@1420,5%@1420,0%@1420,100%@1420,9%@1420,0%@1420] EMC_FREQ 0% GR3D_FREQ 0% AUX@40.5C CPU@42C thermal@40.8C AO@40.5C GPU@41C PMIC@50C
1791264633.754182 10-06-2026 14:30:33 RAM 2619/6833MB (lfb 139x4MB) SWAP 211/3417MB (cached 1MB) CPU [9%@1420,5%@1420,5%@1420,100%@1420,10%@1420,0%@1420] EMC_FREQ 0% GR3D_FREQ 0% AUX@41C CPU@42C thermal@40.8C AO@40.5C GPU@40.5C PMIC@50C
1791264633.957438 10-06-2026 14:30:33 RAM 2651/6833MB (lfb 139x4MB) SWAP 211/3417MB (cached 1MB) CPU [0%@1420,0%@1420,0%@1420,100%@1420,9%@1420,4%@1420] EMC_FREQ 0% GR3D_FREQ 0% AUX@41C CPU@42C thermal@40.8C AO@40.5C GPU@40.5C PMIC@50C
1791264634.161614 10-06-2026 14:30:34 RAM 2678/6833MB (lfb 139x4MB) SWAP 211/3417MB (cached 1MB) CPU [4%@1420,5%@1420,4%@1420,100%@1420,15%@1420,5%@1420] EMC_FREQ 0% GR3D_FREQ 0% AUX@40.5C CPU@41.5C thermal@40.8C AO@40.5C GPU@40.5C PMIC@50C
1791264634.364941 10-06-2026 14:30:34 RAM 2706/6833MB (lfb 139x4MB) SWAP 211/3417MB (cached 1MB) CPU [5%@1420,9%@1420,0%@1420,100%@1420,5%@1420,4%@1420] EMC_FREQ 0% GR3D_FREQ 0% AUX@40.5C CPU@42C thermal@40.8C AO@40.5C GPU@41C PMIC@50C
1791264634.568186 10-06-2026 14:30:34 RAM 2734/6833MB (lfb 138x4MB) SWAP 211/3417MB (cached 1MB) CPU [9%@1420,70%@1420,5%@1420,100%@1420,14%@1420,5%@1420] EMC_FREQ 0% GR3D_FREQ 0% AUX@41C CPU@42C thermal@41.1C AO@40.5C GPU@41C PMIC@50C
1791264634.771272 10-06-2026 14:30:34 RAM 2761/6833MB (lfb 136x4MB) SWAP 211/3417MB (cached 1MB) CPU [5%@1420,0%@1420,5%@1420,100%@1420,14%@1420,0%@1420] EMC_FREQ 0% GR3D_FREQ 0% AUX@41C CPU@42C thermal@41.1C AO@40.5C GPU@41C PMIC@50C
1791264634.974727 10-06-2026 14:30:34 RAM 2790/6833MB (lfb 133x4MB) SWAP 211/3417MB (cached 1MB) CPU [5%@1420,9%@1420,0%@1420,100%@1420,5%@1420,0%@1420] EMC_FREQ 0% GR3D_FREQ 0% AUX@41C CPU@41.5C thermal@41.1C AO@40.5C GPU@41C PMIC@50C
1791264635.177977 10-06-2026 14:30:35 RAM 2816/6833MB (lfb 131x4MB) SWAP 211/3417MB (cached 1MB) CPU [5%@1420,35%@1420,4%@1420,100%@1420,14%@1420,9%@1420] EMC_FREQ 0% GR3D_FREQ 0% AUX@41C CPU@41.5C thermal@41.1C AO@40.5C GPU@41C PMIC@50C
1791264635.381681 10-06-2026 14:30:35 RAM 2916/6833MB (lfb 107x4MB) SWAP 211/3417MB (cached 1MB) CPU [9%@1420,33%@1420,9%@1420,100%@1420,9%@1420,10%@1420] EMC_FREQ 0% GR3D_FREQ 0% AUX@41C CPU@41.5C thermal@41.1C AO@41C GPU@41C PMIC@50C
1791264635.585059 10-06-2026 14:30:35 RAM 2916/6833MB (lfb 107x4MB) SWAP 211/3417MB (cached 1MB) CPU [5%@1420,5%@1420,0%@1420,100%@1420,15%@1420,0%@1420] EMC_FREQ 0% GR3D_FREQ 0% AUX@41C CPU@41.5C thermal@41.15C AO@41C GPU@41C PMIC@50C
1791264635.788424 10-06-2026 14:30:35 RAM 2916/6833MB (lfb 107x4MB) SWAP 211/3417MB (cached 1MB) CPU [0%@1420,9%@1420,4%@1420,100%@1420,14%@1420,4%@1420] EMC_FREQ 0% GR3D_FREQ 0% AUX@41C CPU@42C thermal@41.15C AO@41C GPU@41C PMIC@50C
1791264635.992080 10-06-2026 14:30:35 RAM 2916/6833MB (lfb 107x4MB) SWAP 211/3417MB (cached 1MB) CPU [5%@1420,9%@1420,0%@1420,100%@1420,5%@1420,5%@1420] EMC_FREQ 0% GR3D_FREQ 0% AUX@41C CPU@42C thermal@41.15C AO@41C GPU@41C PMIC@50C
1791264636.195358 10-06-2026 14:30:36 RAM 2916/6833MB (lfb 107x4MB) SWAP 211/3417MB (cached 1MB) CPU [4%@1420,4%@1420,0%@1420,100%@1420,5%@1420,18%@1420] EMC_FREQ 0% GR3D_FREQ 0% AUX@41C CPU@42C thermal@41.15C AO@40.5C GPU@41C PMIC@50C
1791264636.398681 10-06-2026 14:30:36 RAM 2916/6833MB (lfb 107x4MB) SWAP 211/3417MB (cached 1MB) CPU [10%@1420,5%@1420,0%@1420,100%@1420,0%@1420,10%@1420] EMC_FREQ 0% GR3D_FREQ 0% AUX@41C CPU@42C thermal@41.15C AO@41C GPU@41C PMIC@50C
1791264636.602014 10-06-2026 14:30:36 RAM 2916/6833MB (lfb 107x4MB) SWAP 211/3417MB (cached 1MB) CPU [4%@1420,5%@1420,0%@1420,100%@1420,14%@1420,5%@1420] EMC_FREQ 0% GR3D_FREQ 0% AUX@41C CPU@42C thermal@41.15C AO@40.5C GPU@41C PMIC@50C
1791264636.805125 10-06-2026 14:30:36 RAM 2916/6833MB (lfb 107x4MB) SWAP 211/3417MB (cached 1MB) CPU [0%@1420,9%@1420,5%@1420,100%@1420,10%@1420,4%@1420] EMC_FREQ 0% GR3D_FREQ 0% AUX@41C CPU@42C thermal@41.45C AO@41C GPU@41C PMIC@50C
1791264637.008203 10-06-2026 14:30:37 RAM 2916/6833MB (lfb 107x4MB) SWAP 211/3417MB (cached 1MB) CPU [13%@1420,10%@1420,0%@1420,100%@1420,14%@1420,5%@1420] EMC_FREQ 0% GR3D_FREQ 0% AUX@41C CPU@42C thermal@41.45C AO@41C GPU@41C PMIC@50C
1791264637.211297 10-06-2026 14:30:37 RAM 2916/6833MB (lfb 107x4MB) SWAP 211/3417MB (cached 1MB) CPU [14%@1420,5%@1420,5%@1420,100%@1420,0%@1420,0%@1420] EMC_FREQ 0% GR3D_FREQ 0% AUX@41C CPU@42C thermal@41.45C AO@41C GPU@41C PMIC@50C
1791264637.414918 10-06-2026 14:30:37 RAM 2916/6833MB (lfb 107x4MB) SWAP 211/3417MB (cached 1MB) CPU [0%@1420,5%@1420,0%@1420,100%@1420,5%@1420,5%@1420] EMC_FREQ 0% GR3D_FREQ 0% AUX@41C CPU@42C thermal@41.45C AO@41C GPU@40.5C PMIC@50C
1791264637.618563 10-06-2026 14:30:37 RAM 2916/6833MB (lfb 107x4MB) SWAP 211/3417MB (cached 1MB) CPU [13%@1420,0%@1420,10%@1420,100%@1420,9%@1420,9%@1420] EMC_FREQ 0% GR3D_FREQ 0% AUX@41C CPU@42C thermal@41.45C AO@41C GPU@41C PMIC@50C
1791264637.821855 10-06-2026 14:30:37 RAM 2916/6833MB (lfb 107x4MB) SWAP 211/3417MB (cached 1MB) CPU [0%@1420,9%@1420,0%@1420,100%@1420,9%@1420,5%@1420] EMC_FREQ 0% GR3D_FREQ 0% AUX@41.5C CPU@42C thermal@41.3C AO@41C GPU@41C PMIC@50C
1791264638.025238 10-06-2026 14:30:38 RAM 2916/6833MB (lfb 107x4MB) SWAP 211/3417MB (cached 1MB) CPU [5%@1420,10%@1420,0%@1420,100%@1420,10%@1420,4%@1420] EMC_FREQ 0% GR3D_FREQ 0% AUX@41.5C CPU@42C thermal@41.3C AO@41C GPU@41C PMIC@50C
1791264638.228598 10-06-2026 14:30:38 RAM 2916/6833MB (lfb 107x4MB) SWAP 211/3417MB (cached 1MB) CPU [14%@1420,10%@1420,15%@1420,100%@1420,9%@1420,5%@1420] EMC_FREQ 0% GR3D_FREQ 0% AUX@41.5C CPU@42.5C thermal@41.3C AO@41C GPU@41C PMIC@50C
1791264638.431957 10-06-2026 14:30:38 RAM 2919/6833MB (lfb 107x4MB) SWAP 211/3417MB (cached 1MB) CPU [26%@1420,26%@1420,42%@1420,89%@1420,35%@1420,40%@1420] EMC_FREQ 0% GR3D_FREQ 39% AUX@41.5C CPU@42.5C thermal@41.3C AO@41C GPU@41C PMIC@50C
1791264638.635123 10-06-2026 14:30:38 RAM 2945/6833MB (lfb 105x4MB) SWAP 211/3417MB (cached 1MB) CPU [14%@1420,9%@1420,4%@1420,95%@1420,5%@1420,5%@1420] EMC_FREQ 0% GR3D_FREQ 7% AUX@41.5C CPU@42.5C thermal@41.3C AO@41C GPU@41C PMIC@50C
1791264638.838347 10-06-2026 14:30:38 RAM 2973/6833MB (lfb 102x4MB) SWAP 211/3417MB (cached 1MB) CPU [5%@1420,5%@1420,5%@1420,95%@1420,0%@1420,0%@1420] EMC_FREQ 0% GR3D_FREQ 0% AUX@41.5C CPU@42.5C thermal@41.3C AO@41C GPU@41C PMIC@50C
1791264639.041736 10-06-2026 14:30:39 RAM 3005/6833MB (lfb 99x4MB) SWAP 211/3417MB (cached 1MB) CPU [5%@1420,14%@1420,5%@1420,95%@1420,5%@1420,0%@1420] EMC_FREQ 0% GR3D_FREQ 7% AUX@41.5C CPU@42C thermal@41.65C AO@41C GPU@41C PMIC@50C
1791264639.244941 10-06-2026 14:30:39 RAM 3032/6833MB (lfb 95x4MB) SWAP 211/3417MB (cached 1MB) CPU [5%@1420,14%@1420,9%@1420,100%@1420,0%@1420,0%@1420] EMC_FREQ 0% GR3D_FREQ 15% AUX@41.5C CPU@42C thermal@41.65C AO@41C GPU@41.5C PMIC@50C
1791264639.448125 10-06-2026 14:30:39 RAM 3066/6833MB (lfb 91x4MB) SWAP 211/3417MB (cached 1MB) CPU [10%@1420,9%@1420,0%@1420,95%@1420,9%@1420,5%@1420] EMC_FREQ 0% GR3D_FREQ 38% AUX@41.5C CPU@42.5C thermal@41.65C AO@41C GPU@41.5C PMIC@50C
1791264639.651212 10-06-2026 14:30:39 RAM 3095/6833MB (lfb 88x4MB) SWAP 211/3417MB (cached 1MB) CPU [5%@1420,9%@1420,4%@1420,90%@1420,0%@1420,5%@1420] EMC_FREQ 0% GR3D_FREQ 16% AUX@41.5C CPU@42.5C thermal@41.65C AO@41C GPU@41.5C PMIC@50C
1791264639.854457 10-06-2026 14:30:39 RAM 3157/6833MB (lfb 75x4MB) SWAP 211/3417MB (cached 1MB) CPU [5%@1420,63%@1420,0%@1420,95%@1420,5%@1420,10%@1420] EMC_FREQ 0% GR3D_FREQ 24% AUX@41.5C CPU@42.5C thermal@41.65C AO@41C GPU@41.5C PMIC@50C
1791264640.057576 10-06-2026 14:30:40 RAM 3164/6833MB (lfb 74x4MB) SWAP 211/3417MB (cached 1MB) CPU [10%@1420,13%@1420,4%@1420,94%@1420,15%@1420,9%@1420] EMC_FREQ 0% GR3D_FREQ 23% AUX@41.5C CPU@42.5C thermal@41.8C AO@41C GPU@41.5C PMIC@50C
1791264640.260932 10-06-2026 14:30:40 RAM 3203/6833MB (lfb 67x4MB) SWAP 211/3417MB (cached 1MB) CPU [13%@1420,5%@1420,0%@1420,94%@1420,9%@1420,0%@1420] EMC_FREQ 0% GR3D_FREQ 42% AUX@41.5C CPU@42.5C thermal@41.8C AO@41C GPU@41.5C PMIC@50C
1791264640.464337 10-06-2026 14:30:40 RAM 3263/6833MB (lfb 56x4MB) SWAP 211/3417MB (cached 1MB) CPU [9%@1420,5%@1420,0%@1420,100%@1420,10%@1420,4%@1420] EMC_FREQ 0% GR3D_FREQ 2% AUX@41.5C CPU@42.5C thermal@41.8C AO@41.5C GPU@41.5C PMIC@50C
1791264640.667417 10-06-2026 14:30:40 RAM 3270/6833MB (lfb 56x4MB) SWAP 211/3417MB (cached 1MB) CPU [0%@1420,9%@1420,4%@1420,100%@1420,10%@1420,5%@1420] EMC_FREQ 0% GR3D_FREQ 16% AUX@41.5C CPU@42.5C thermal@41.8C AO@41C GPU@41.5C PMIC@50C
1791264640.870893 10-06-2026 14:30:40 RAM 3304/6833MB (lfb 52x4MB) SWAP 211/3417MB (cached 1MB) CPU [14%@1420,5%@1420,0%@1420,90%@1420,5%@1420,4%@1420] EMC_FREQ 0% GR3D_FREQ 7% AUX@41.5C CPU@42.5C thermal@41.8C AO@41C GPU@41.5C PMIC@50C
1791264641.074080 10-06-2026 14:30:41 RAM 3336/6833MB (lfb 46x4MB) SWAP 211/3417MB (cached 1MB) CPU [4%@1420,5%@1420,5%@1420,94%@1420,5%@1420,5%@1420] EMC_FREQ 0% GR3D_FREQ 39% AUX@41.5C CPU@42.5C thermal@41.8C AO@41C GPU@41.5C PMIC@50C
1791264641.277352 10-06-2026 14:30:41 RAM 3362/6833MB (lfb 43x4MB) SWAP 211/3417MB (cached 1MB) CPU [0%@1420,5%@1420,9%@1420,95%@1420,9%@1420,5%@1420] EMC_FREQ 0% GR3D_FREQ 57% AUX@41.5C CPU@42.5C thermal@41.8C AO@41.5C GPU@41.5C PMIC@50C
1791264641.480565 10-06-2026 14:30:41 RAM 3394/6833MB (lfb 38x4MB) SWAP 211/3417MB (cached 1MB) CPU [5%@1420,9%@1420,0%@1420,95%@1420,0%@1420,10%@1420] EMC_FREQ 0% GR3D_FREQ 56% AUX@41.5C CPU@42.5C thermal@41.8C AO@41C GPU@41.5C PMIC@50C
1791264641.683727 10-06-2026 14:30:41 RAM 3429/6833MB (lfb 34x4MB) SWAP 211/3417MB (cached 1MB) CPU [5%@1420,9%@1420,0%@1420,90%@1420,9%@1420,5%@1420] EMC_FREQ 0% GR3D_FREQ 16% AUX@41.5C CPU@42.5C thermal@41.8C AO@41C GPU@41.5C PMIC@50C
1791264641.887017 10-06-2026 14:30:41 RAM 3419/6833MB (lfb 33x4MB) SWAP 211/3417MB (cached 1MB) CPU [9%@1420,5%@1420,13%@1420,72%@1420,10%@1420,4%@1420] EMC_FREQ 0% GR3D_FREQ 80% AUX@41.5C CPU@42.5C thermal@41.8C AO@41C GPU@41.5C PMIC@50C
1791264642.092065 10-06-2026 14:30:42 RAM 3316/6833MB (lfb 33x4MB) SWAP 211/3417MB (cached 1MB) CPU [21%@1190,10%@1190,15%@1190,5%@1190,13%@1190,5%@1190] EMC_FREQ 0% GR3D_FREQ 63% AUX@41.5C CPU@42.5C thermal@41.8C AO@41C GPU@41.5C PMIC@50C
1791264642.295563 10-06-2026 14:30:42 RAM 3247/6833MB (lfb 33x4MB) SWAP 211/3417MB (cached 1MB) CPU [10%@1267,5%@1267,0%@1267,0%@1267,36%@1267,10%@1267] EMC_FREQ 0% GR3D_FREQ 77% AUX@41.5C CPU@42.5C thermal@41.8C AO@41C GPU@41.5C PMIC@50C
1791264642.498891 10-06-2026 14:30:42 RAM 3315/6833MB (lfb 33x4MB) SWAP 211/3417MB (cached 1MB) CPU [18%@1420,9%@1420,9%@1420,5%@1420,45%@1420,23%@1420] EMC_FREQ 0% GR3D_FREQ 31% AUX@41.5C CPU@43C thermal@41.8C AO@41.5C GPU@41.5C PMIC@50C
1791264642.702148 10-06-2026 14:30:42 RAM 3318/6833MB (lfb 58x4MB) SWAP 211/3417MB (cached 1MB) CPU [18%@1420,9%@1420,0%@1420,9%@1420,20%@1420,75%@1420] EMC_FREQ 0% GR3D_FREQ 0% AUX@41.5C CPU@42.5C thermal@41.8C AO@41.5C GPU@42C PMIC@50C
1791264642.905547 10-06-2026 14:30:42 RAM 3356/6833MB (lfb 58x4MB) SWAP 211/3417MB (cached 1MB) CPU [5%@1420,0%@1420,10%@1420,5%@1420,0%@1420,90%@1420] EMC_FREQ 0% GR3D_FREQ 0% AUX@41.5C CPU@42.5C thermal@41.8C AO@41.5C GPU@41.5C PMIC@50C
1791264643.108837 10-06-2026 14:30:43 RAM 3354/6833MB (lfb 58x4MB) SWAP 211/3417MB (cached 1MB) CPU [19%@1190,10%@1190,4%@1190,9%@1190,18%@1190,35%@1420] EMC_FREQ 0% GR3D_FREQ 0% AUX@41.5C CPU@42.5C thermal@41.8C AO@41.5C GPU@41.5C PMIC@50C
1791264643.312623 10-06-2026 14:30:43 RAM 3354/6833MB (lfb 58x4MB) SWAP 211/3417MB (cached 1MB) CPU [5%@1190,9%@1420,0%@1420,0%@1420,15%@1420,0%@1420] EMC_FREQ 0% GR3D_FREQ 0% AUX@42C CPU@42.5C thermal@41.8C AO@41.5C GPU@41.5C PMIC@50C
1791264643.516286 10-06-2026 14:30:43 RAM 3354/6833MB (lfb 58x4MB) SWAP 211/3417MB (cached 1MB) CPU [9%@1190,0%@1190,5%@1190,0%@1190,10%@1190,10%@1190] EMC_FREQ 0% GR3D_FREQ 0% AUX@42C CPU@42.5C thermal@42C AO@41.5C GPU@41.5C PMIC@50C
1791264643.719583 10-06-2026 14:30:43 RAM 3354/6833MB (lfb 58x4MB) SWAP 211/3417MB (cached 1MB) CPU [0%@1190,4%@1190,9%@1190,10%@1190,20%@1420,10%@1420] EMC_FREQ 0% GR3D_FREQ 0% AUX@42C CPU@42.5C thermal@42C AO@41.5C GPU@41.5C PMIC@50C
1791264643.923015 10-06-2026 14:30:43 RAM 3354/6833MB (lfb 58x4MB) SWAP 211/3417MB (cached 1MB) CPU [0%@1190,0%@1190,4%@1190,13%@1190,15%@1420,0%@1420] EMC_FREQ 0% GR3D_FREQ 0% AUX@42C CPU@42.5C thermal@42C AO@41C GPU@41.5C PMIC@50C
1791264644.126629 10-06-2026 14:30:44 RAM 3352/6833MB (lfb 58x4MB) SWAP 211/3417MB (cached 1MB) CPU [9%@1190,5%@1190,10%@1190,0%@1420,19%@1420,18%@1420] EMC_FREQ 0% GR3D_FREQ 0% AUX@42C CPU@42.5C thermal@42C AO@41.5C GPU@41.5C PMIC@50C
1791264644.330354 10-06-2026 14:30:44 RAM 3352/6833MB (lfb 58x4MB) SWAP 211/3417MB (cached 1MB) CPU [10%@1190,9%@1190,9%@1190,9%@1190,10%@1190,9%@1190] EMC_FREQ 0% GR3D_FREQ 0% AUX@41.5C CPU@42.5C thermal@42C AO@41.5C GPU@41.5C PMIC@50C
1791264644.533946 10-06-2026 14:30:44 RAM 3347/6833MB (lfb 58x4MB) SWAP 211/3417MB (cached 1MB) CPU [10%@1190,10%@1420,19%@1420,11%@1420,9%@1420,5%@1420] EMC_FREQ 0% GR3D_FREQ 0% AUX@42C CPU@42.5C thermal@42C AO@41.5C GPU@42C PMIC@50C
1791264644.737450 10-06-2026 14:30:44 RAM 3345/6833MB (lfb 58x4MB) SWAP 211/3417MB (cached 1MB) CPU [0%@1420,0%@1420,14%@1420,13%@1420,10%@1190,9%@1190] EMC_FREQ 0% GR3D_FREQ 0% AUX@42C CPU@42.5C thermal@42C AO@41.5C GPU@42C PMIC@50C
1791264644.940624 10-06-2026 14:30:44 RAM 3345/6833MB (lfb 58x4MB) SWAP 211/3417MB (cached 1MB) CPU [17%@1420,13%@1420,60%@1420,4%@1420,10%@1420,4%@1420] EMC_FREQ 0% GR3D_FREQ 0% AUX@42C CPU@42.5C thermal@42C AO@41.5C GPU@41.5C PMIC@50C
1791264645.143709 10-06-2026 14:30:45 RAM 3350/6833MB (lfb 58x4MB) SWAP 211/3417MB (cached 1MB) CPU [5%@1420,10%@1420,28%@1420,68%@1420,9%@1420,0%@1420] EMC_FREQ 0% GR3D_FREQ 0% AUX@42C CPU@42.5C thermal@42C AO@41.5C GPU@41.5C PMIC@50C
1791264645.346997 10-06-2026 14:30:45 RAM 3400/6833MB (lfb 58x4MB) SWAP 211/3417MB (cached 1MB) CPU [9%@1420,10%@1420,89%@1420,5%@1420,5%@1420,5%@1420] EMC_FREQ 0% GR3D_FREQ 0% AUX@42C CPU@42.5C thermal@42C AO@42C GPU@41.5C PMIC@50C
1791264645.550768 10-06-2026 14:30:45 RAM 3426/6833MB (lfb 58x4MB) SWAP 211/3417MB (cached 1MB) CPU [10%@1420,15%@1420,0%@1344,80%@1344,5%@1344,5%@1344] EMC_FREQ 0% GR3D_FREQ 0% AUX@42C CPU@43C thermal@42C AO@41.5C GPU@41.5C PMIC@50C
1791264645.754201 10-06-2026 14:30:45 RAM 3453/6833MB (lfb 58x4MB) SWAP 211/3417MB (cached 1MB) CPU [14%@1190,9%@1190,14%@1190,20%@1190,0%@1420,5%@1420] EMC_FREQ 0% GR3D_FREQ 0% AUX@42C CPU@42.5C thermal@42.15C AO@41.5C GPU@41.5C PMIC@50C
1791264645.957815 10-06-2026 14:30:45 RAM 3481/6833MB (lfb 58x4MB) SWAP 211/3417MB (cached 1MB) CPU [5%@1420,10%@1420,10%@1420,31%@1420,5%@1420,9%@1420] EMC_FREQ 0% GR3D_FREQ 0% AUX@42C CPU@43C thermal@42.15C AO@41.5C GPU@41.5C PMIC@50C
1791264646.161331 10-06-2026 14:30:46 RAM 3504/6833MB (lfb 58x4MB) SWAP 211/3417MB (cached 1MB) CPU [0%@1420,9%@1420,35%@1420,57%@1420,0%@1420,0%@1420] EMC_FREQ 0% GR3D_FREQ 0% AUX@42C CPU@42.5C thermal@42.15C AO@42C GPU@41.5C PMIC@50C
1791264646.364823 10-06-2026 14:30:46 RAM 3513/6833MB (lfb 58x4MB) SWAP 211/3417MB (cached 1MB) CPU [5%@1190,5%@1190,60%@1190,5%@1190,14%@1420,5%@1420] EMC_FREQ 0% GR3D_FREQ 0% AUX@42C CPU@43C thermal@42.15C AO@41.5C GPU@42C PMIC@50C
1791264646.568307 10-06-2026 14:30:46 RAM 3521/6833MB (lfb 58x4MB) SWAP 211/3417MB (cached 1MB) CPU [9%@1190,10%@1420,9%@1420,20%@1420,4%@1420,14%@1420] EMC_FREQ 0% GR3D_FREQ 0% AUX@42C CPU@43C thermal@42.15C AO@41.5C GPU@42C PMIC@50C
1791264646.772239 10-06-2026 14:30:46 RAM 3548/6833MB (lfb 58x4MB) SWAP 211/3417MB (cached 1MB) CPU [10%@1344,9%@1344,10%@1344,33%@1344,5%@1344,13%@1344] EMC_FREQ 0% GR3D_FREQ 0% AUX@42C CPU@43C thermal@42.15C AO@42C GPU@42C PMIC@50C
1791264646.975903 10-06-2026 14:30:46 RAM 3562/6833MB (lfb 58x4MB) SWAP 211/3417MB (cached 1MB) CPU [13%@1190,4%@1190,0%@1190,63%@1420,9%@1420,5%@1420] EMC_FREQ 0% GR3D_FREQ 0% AUX@42C CPU@42.5C thermal@42.15C AO@41.5C GPU@42C PMIC@50C
1791264647.179301 10-06-2026 14:30:47 RAM 3594/6833MB (lfb 58x4MB) SWAP 211/3417MB (cached 1MB) CPU [10%@1420,10%@1420,10%@1420,5%@1420,0%@1420,5%@1420] EMC_FREQ 0% GR3D_FREQ 0% AUX@42C CPU@42.5C thermal@42.15C AO@42C GPU@42C PMIC@50C
1791264647.383224 10-06-2026 14:30:47 RAM 3642/6833MB (lfb 51x4MB) SWAP 211/3417MB (cached 1MB) CPU [10%@1267,15%@1267,10%@1267,23%@1267,5%@1267,5%@1267] EMC_FREQ 0% GR3D_FREQ 48% AUX@42C CPU@43C thermal@42.15C AO@41.5C GPU@42C PMIC@50C
1791264647.586745 10-06-2026 14:30:47 RAM 3642/6833MB (lfb 51x4MB) SWAP 211/3417MB (cached 1MB) CPU [15%@1420,5%@1420,5%@1420,71%@1420,9%@1420,5%@1420] EMC_FREQ 0% GR3D_FREQ 51% AUX@41.5C CPU@43C thermal@42.15C AO@42C GPU@42C PMIC@50C
1791264647.789933 10-06-2026 14:30:47 RAM 3642/6833MB (lfb 51x4MB) SWAP 211/3417MB (cached 1MB) CPU [5%@1420,14%@1420,15%@1420,65%@1420,0%@1420,5%@1420] EMC_FREQ 0% GR3D_FREQ 0% AUX@42C CPU@43C thermal@42.15C AO@41.5C GPU@42C PMIC@50C
1791264647.993640 10-06-2026 14:30:47 RAM 3346/6833MB (lfb 55x4MB) SWAP 211/3417MB (cached 1MB) CPU [5%@1420,5%@1420,5%@1420,100%@1420,5%@1420,0%@1420] EMC_FREQ 0% GR3D_FREQ 0% AUX@42C CPU@43C thermal@42.3C AO@42C GPU@42C PMIC@50C
1791264648.196944 10-06-2026 14:30:48 RAM 3344/6833MB (lfb 55x4MB) SWAP 211/3417MB (cached 1MB) CPU [14%@1420,5%@1420,0%@1420,95%@1420,75%@1420,10%@1420] EMC_FREQ 0% GR3D_FREQ 0% AUX@42C CPU@43.5C thermal@42.3C AO@42C GPU@42C PMIC@50C
1791264648.400579 10-06-2026 14:30:48 RAM 3346/6833MB (lfb 55x4MB) SWAP 211/3417MB (cached 1MB) CPU [5%@1420,5%@1420,65%@1420,21%@1420,9%@1420,9%@1420] EMC_FREQ 0% GR3D_FREQ 0% AUX@42C CPU@43C thermal@42.3C AO@42C GPU@42C PMIC@50C
1791264648.604240 10-06-2026 14:30:48 RAM 3348/6833MB (lfb 55x4MB) SWAP 211/3417MB (cached 1MB) CPU [5%@1420,5%@1420,85%@1420,4%@1420,4%@1420,5%@1420] EMC_FREQ 0% GR3D_FREQ 0% AUX@42C CPU@43C thermal@42.3C AO@42C GPU@42C PMIC@50C
1791264648.807482 10-06-2026 14:30:48 RAM 3348/6833MB (lfb 55x4MB) SWAP 211/3417MB (cached 1MB) CPU [19%@1420,9%@1420,10%@1420,78%@1420,9%@1420,0%@1420] EMC_FREQ 0% GR3D_FREQ 0% AUX@42C CPU@43C thermal@42.3C AO@42C GPU@42.5C PMIC@50C
1791264649.010702 10-06-2026 14:30:49 RAM 3348/6833MB (lfb 55x4MB) SWAP 211/3417MB (cached 1MB) CPU [10%@1420,0%@1420,5%@1420,86%@1420,9%@1420,9%@1420] EMC_FREQ 0% GR3D_FREQ 0% AUX@42C CPU@43C thermal@42.45C AO@42C GPU@42C PMIC@50C
1791264649.214358 10-06-2026 14:30:49 RAM 3347/6833MB (lfb 55x4MB) SWAP 211/3417MB (cached 1MB) CPU [14%@1420,13%@1420,5%@1420,84%@1420,5%@1420,5%@1420] EMC_FREQ 0% GR3D_FREQ 0% AUX@42C CPU@43C thermal@42.45C AO@42C GPU@42C PMIC@50C
1791264649.417907 10-06-2026 14:30:49 RAM 3346/6833MB (lfb 55x4MB) SWAP 211/3417MB (cached 1MB) CPU [10%@1420,5%@1420,95%@1420,4%@1420,9%@1420,5%@1420] EMC_FREQ 0% GR3D_FREQ 0% AUX@42C CPU@43C thermal@42.45C AO@42C GPU@42.5C PMIC@50C
1791264649.621993 10-06-2026 14:30:49 RAM 3346/6833MB (lfb 55x4MB) SWAP 211/3417MB (cached 1MB) CPU [75%@1420,9%@1420,20%@1420,4%@1420,5%@1420,9%@1420] EMC_FREQ 0% GR3D_FREQ 0% AUX@42C CPU@43C thermal@42.45C AO@42C GPU@42C PMIC@50C
1791264649.825671 10-06-2026 14:30:49 RAM 3345/6833MB (lfb 55x4MB) SWAP 211/3417MB (cached 1MB) CPU [5%@1420,90%@1420,9%@1420,5%@1420,10%@1420,0%@1420] EMC_FREQ 0% GR3D_FREQ 0% AUX@42C CPU@43C thermal@42.45C AO@42C GPU@42C PMIC@50C
1791264650.030777 10-06-2026 14:30:50 RAM 3940/6833MB (lfb 4x4MB) SWAP 211/3417MB (cached 1MB) CPU [0%@1420,95%@1420,0%@1420,5%@1420,9%@1420,9%@1420] EMC_FREQ 0% GR3D_FREQ 0% AUX@42C CPU@43.5C thermal@42.45C AO@42C GPU@42.5C PMIC@50C
1791264650.235305 10-06-2026 14:30:50 RAM 4023/6833MB (lfb 62x1MB) SWAP 211/3417MB (cached 1MB) CPU [10%@1420,100%@1420,10%@1420,5%@1420,0%@1420,9%@1420] EMC_FREQ 0% GR3D_FREQ 0% AUX@42C CPU@43C thermal@42.45C AO@42C GPU@42C PMIC@50C
1791264650.439259 10-06-2026 14:30:50 RAM 4088/6833MB (lfb 62x1MB) SWAP 211/3417MB (cached 1MB) CPU [59%@1420,100%@1420,5%@1420,10%@1420,9%@1420,13%@1420] EMC_FREQ 0% GR3D_FREQ 0% AUX@42C CPU@43C thermal@42.45C AO@42C GPU@42C PMIC@50C
1791264650.642782 10-06-2026 14:30:50 RAM 4151/6833MB (lfb 62x1MB) SWAP 211/3417MB (cached 1MB) CPU [4%@1420,100%@1420,9%@1420,0%@1420,9%@1420,5%@1420] EMC_FREQ 0% GR3D_FREQ 0% AUX@42.5C CPU@43C thermal@42.45C AO@42.5C GPU@42C PMIC@50C
1791264650.846309 10-06-2026 14:30:50 RAM 4216/6833MB (lfb 47x1MB) SWAP 211/3417MB (cached 1MB) CPU [0%@1420,100%@1420,14%@1420,5%@1420,0%@1420,0%@1420] EMC_FREQ 0% GR3D_FREQ 0% AUX@42.5C CPU@43C thermal@42.45C AO@42C GPU@42C PMIC@50C
1791264651.050561 10-06-2026 14:30:51 RAM 4164/6833MB (lfb 36x1MB) SWAP 211/3417MB (cached 1MB) CPU [5%@1420,100%@1420,10%@1420,0%@1420,9%@1420,55%@1420] EMC_FREQ 0% GR3D_FREQ 0% AUX@42.5C CPU@43.5C thermal@42.45C AO@42C GPU@42C PMIC@50C
1791264651.254597 10-06-2026 14:30:51 RAM 4159/6833MB (lfb 28x1MB) SWAP 211/3417MB (cached 1MB) CPU [5%@1420,100%@1420,5%@1420,14%@1420,35%@1420,5%@1420] EMC_FREQ 0% GR3D_FREQ 0% AUX@42C CPU@43.5C thermal@42.45C AO@42C GPU@42.5C PMIC@50C
1791264651.458436 10-06-2026 14:30:51 RAM 4160/6833MB (lfb 28x1MB) SWAP 211/3417MB (cached 1MB) CPU [0%@1420,100%@1420,19%@1420,5%@1420,9%@1420,13%@1420] EMC_FREQ 0% GR3D_FREQ 0% AUX@42.5C CPU@43C thermal@42.45C AO@42C GPU@42.5C PMIC@50C
1791264651.662333 10-06-2026 14:30:51 RAM 4160/6833MB (lfb 28x1MB) SWAP 211/3417MB (cached 1MB) CPU [5%@1420,100%@1420,14%@1420,9%@1420,0%@1420,0%@1420] EMC_FREQ 0% GR3D_FREQ 0% AUX@42.5C CPU@43.5C thermal@42.45C AO@42C GPU@42.5C PMIC@50C
1791264651.865746 10-06-2026 14:30:51 RAM 4160/6833MB (lfb 28x1MB) SWAP 211/3417MB (cached 1MB) CPU [4%@1420,100%@1420,9%@1420,9%@1420,5%@1420,5%@1420] EMC_FREQ 0% GR3D_FREQ 0% AUX@42C CPU@43.5C thermal@42.45C AO@42C GPU@42.5C PMIC@50C
1791264652.069133 10-06-2026 14:30:52 RAM 4160/6833MB (lfb 28x1MB) SWAP 211/3417MB (cached 1MB) CPU [5%@1420,100%@1420,10%@1420,0%@1420,5%@1420,4%@1420] EMC_FREQ 0% GR3D_FREQ 0% AUX@42C CPU@43.5C thermal@42.45C AO@42.5C GPU@42.5C PMIC@50C
1791264652.272410 10-06-2026 14:30:52 RAM 4161/6833MB (lfb 28x1MB) SWAP 211/3417MB (cached 1MB) CPU [4%@1420,100%@1420,5%@1420,5%@1420,9%@1420,5%@1420] EMC_FREQ 0% GR3D_FREQ 0% AUX@42.5C CPU@43.5C thermal@42.45C AO@42.5C GPU@42.5C PMIC@50C
1791264652.475714 10-06-2026 14:30:52 RAM 3898/6833MB (lfb 56x1MB) SWAP 211/3417MB (cached 1MB) CPU [5%@1420,100%@1420,14%@1420,0%@1420,4%@1420,9%@1420] EMC_FREQ 0% GR3D_FREQ 0% AUX@42C CPU@43.5C thermal@42.5C AO@42.5C GPU@42.5C PMIC@50C
1791264652.679142 10-06-2026 14:30:52 RAM 3158/6833MB (lfb 55x4MB) SWAP 211/3417MB (cached 1MB) CPU [13%@1420,100%@1420,5%@1420,15%@1420,0%@1420,5%@1420] EMC_FREQ 0% GR3D_FREQ 0% AUX@42.5C CPU@43.5C thermal@42.5C AO@42.5C GPU@42.5C PMIC@50C
1791264652.882809 10-06-2026 14:30:52 RAM 3158/6833MB (lfb 55x4MB) SWAP 211/3417MB (cached 1MB) CPU [0%@1420,100%@1420,5%@1420,14%@1420,13%@1420,0%@1420] EMC_FREQ 0% GR3D_FREQ 0% AUX@42.5C CPU@43.5C thermal@42.5C AO@42C GPU@42.5C PMIC@50C
1791264653.085974 10-06-2026 14:30:53 RAM 3158/6833MB (lfb 55x4MB) SWAP 211/3417MB (cached 1MB) CPU [5%@1420,100%@1420,9%@1420,14%@1420,0%@1420,0%@1420] EMC_FREQ 0% GR3D_FREQ 0% AUX@42.5C CPU@43.5C thermal@42.5C AO@42C GPU@42.5C PMIC@50C
1791264653.289522 10-06-2026 14:30:53 RAM 3176/6833MB (lfb 55x4MB) SWAP 211/3417MB (cached 1MB) CPU [9%@1420,100%@1420,10%@1420,13%@1420,0%@1420,0%@1420] EMC_FREQ 0% GR3D_FREQ 0% AUX@42.5C CPU@43C thermal@42.5C AO@42C GPU@42.5C PMIC@50C
1791264653.492929 10-06-2026 14:30:53 RAM 3206/6833MB (lfb 55x4MB) SWAP 211/3417MB (cached 1MB) CPU [0%@1420,100%@1420,10%@1420,0%@1420,13%@1420,9%@1420] EMC_FREQ 0% GR3D_FREQ 0% AUX@42.5C CPU@43.5C thermal@42.8C AO@42C GPU@42.5C PMIC@50C
1791264653.696333 10-06-2026 14:30:53 RAM 3238/6833MB (lfb 55x4MB) SWAP 211/3417MB (cached 1MB) CPU [0%@1420,100%@1420,5%@1420,4%@1420,9%@1420,5%@1420] EMC_FREQ 0% GR3D_FREQ 0% AUX@42.5C CPU@43.5C thermal@42.8C AO@42.5C GPU@42.5C PMIC@50C
1791264653.899769 10-06-2026 14:30:53 RAM 3268/6833MB (lfb 55x4MB) SWAP 211/3417MB (cached 1MB) CPU [0%@1420,100%@1420,18%@1420,9%@1420,9%@1420,0%@1420] EMC_FREQ 0% GR3D_FREQ 0% AUX@42.5C CPU@43.5C thermal@42.8C AO@42C GPU@42.5C PMIC@50C
1791264654.103487 10-06-2026 14:30:54 RAM 3300/6833MB (lfb 55x4MB) SWAP 211/3417MB (cached 1MB) CPU [0%@1420,100%@1420,14%@1420,10%@1420,4%@1420,5%@1420] EMC_FREQ 0% GR3D_FREQ 0% AUX@42.5C CPU@43.5C thermal@42.8C AO@42.5C GPU@42.5C PMIC@50C
1791264654.306699 10-06-2026 14:30:54 RAM 3331/6833MB (lfb 55x4MB) SWAP 211/3417MB (cached 1MB) CPU [4%@1420,100%@1420,5%@1420,5%@1420,5%@1420,5%@1420] EMC_FREQ 0% GR3D_FREQ 0% AUX@42.5C CPU@43C thermal@42.8C AO@42C GPU@42.5C PMIC@50C
1791264654.510199 10-06-2026 14:30:54 RAM 3363/6833MB (lfb 55x4MB) SWAP 211/3417MB (cached 1MB) CPU [0%@1420,100%@1420,5%@1420,5%@1420,0%@1420,0%@1420] EMC_FREQ 0% GR3D_FREQ 0% AUX@42.5C CPU@43.5C thermal@42.8C AO@42.5C GPU@42.5C PMIC@50C
1791264654.714739 10-06-2026 14:30:54 RAM 3393/6833MB (lfb 55x4MB) SWAP 211/3417MB (cached 1MB) CPU [9%@1420,100%@1420,14%@1420,5%@1420,4%@1420,5%@1420] EMC_FREQ 0% GR3D_FREQ 0% AUX@42.5C CPU@43C thermal@42.8C AO@42.5C GPU@42.5C PMIC@50C
1791264654.918139 10-06-2026 14:30:54 RAM 3419/6833MB (lfb 55x4MB) SWAP 211/3417MB (cached 1MB) CPU [85%@1420,15%@1420,18%@1420,4%@1420,5%@1420,5%@1420] EMC_FREQ 0% GR3D_FREQ 0% AUX@42.5C CPU@43.5C thermal@42.8C AO@42C GPU@42.5C PMIC@50C
1791264655.121581 10-06-2026 14:30:55 RAM 3444/6833MB (lfb 55x4MB) SWAP 211/3417MB (cached 1MB) CPU [100%@1420,5%@1420,10%@1420,5%@1420,0%@1420,0%@1420] EMC_FREQ 0% GR3D_FREQ 0% AUX@42.5C CPU@43.5C thermal@42.8C AO@42.5C GPU@42.5C PMIC@50C
1791264655.325363 10-06-2026 14:30:55 RAM 3470/6833MB (lfb 55x4MB) SWAP 211/3417MB (cached 1MB) CPU [100%@1420,9%@1420,5%@1420,9%@1420,5%@1420,4%@1420] EMC_FREQ 0% GR3D_FREQ 0% AUX@42.5C CPU@43.5C thermal@42.8C AO@42.5C GPU@42.5C PMIC@50C
1791264655.528579 10-06-2026 14:30:55 RAM 3497/6833MB (lfb 55x4MB) SWAP 211/3417MB (cached 1MB) CPU [100%@1420,10%@1420,70%@1420,10%@1420,4%@1420,5%@1420] EMC_FREQ 0% GR3D_FREQ 0% AUX@42.5C CPU@43.5C thermal@42.8C AO@42.5C GPU@42.5C PMIC@50C
1791264655.731943 10-06-2026 14:30:55 RAM 3523/6833MB (lfb 54x4MB) SWAP 211/3417MB (cached 1MB) CPU [100%@1420,5%@1420,9%@1420,9%@1420,0%@1420,0%@1420] EMC_FREQ 0% GR3D_FREQ 0% AUX@42.5C CPU@43.5C thermal@42.8C AO@42.5C GPU@42.5C PMIC@50C
1791264655.935328 10-06-2026 14:30:55 RAM 3586/6833MB (lfb 40x4MB) SWAP 211/3417MB (cached 1MB) CPU [100%@1420,5%@1420,5%@1420,5%@1420,0%@1420,0%@1420] EMC_FREQ 0% GR3D_FREQ 0% AUX@42.5C CPU@43.5C thermal@42.8C AO@42.5C GPU@42.5C PMIC@50C
1791264656.138713 10-06-2026 14:30:56 RAM 3634/6833MB (lfb 28x4MB) SWAP 211/3417MB (cached 1MB) CPU [100%@1420,10%@1420,10%@1420,9%@1420,4%@1420,5%@1420] EMC_FREQ 0% GR3D_FREQ 0% AUX@42.5C CPU@43.5C thermal@42.8C AO@42.5C GPU@42.5C PMIC@50C
1791264656.342002 10-06-2026 14:30:56 RAM 3634/6833MB (lfb 28x4MB) SWAP 211/3417MB (cached 1MB) CPU [100%@1420,4%@1420,9%@1420,5%@1420,5%@1420,5%@1420] EMC_FREQ 0% GR3D_FREQ 0% AUX@42.5C CPU@43.5C thermal@42.8C AO@42.5C GPU@42.5C PMIC@50C
1791264656.545893 10-06-2026 14:30:56 RAM 3634/6833MB (lfb 28x4MB) SWAP 211/3417MB (cached 1MB) CPU [100%@1420,5%@1420,0%@1420,14%@1420,5%@1420,5%@1420] EMC_FREQ 0% GR3D_FREQ 0% AUX@42.5C CPU@43.5C thermal@42.8C AO@42.5C GPU@42.5C PMIC@50C
1791264656.749026 10-06-2026 14:30:56 RAM 3634/6833MB (lfb 28x4MB) SWAP 211/3417MB (cached 1MB) CPU [100%@1420,0%@1420,9%@1420,10%@1420,5%@1420,0%@1420] EMC_FREQ 0% GR3D_FREQ 0% AUX@42.5C CPU@43.5C thermal@42.8C AO@42.5C GPU@42.5C PMIC@50C
1791264656.952156 10-06-2026 14:30:56 RAM 3634/6833MB (lfb 28x4MB) SWAP 211/3417MB (cached 1MB) CPU [100%@1420,5%@1420,5%@1420,10%@1420,4%@1420,9%@1420] EMC_FREQ 0% GR3D_FREQ 0% AUX@42.5C CPU@43.5C thermal@42.8C AO@42.5C GPU@42.5C PMIC@50C
1791264657.155446 10-06-2026 14:30:57 RAM 3634/6833MB (lfb 28x4MB) SWAP 211/3417MB (cached 1MB) CPU [100%@1420,5%@1420,10%@1420,14%@1420,5%@1420,9%@1420] EMC_FREQ 0% GR3D_FREQ 0% AUX@42.5C CPU@43.5C thermal@42.8C AO@42.5C GPU@43C PMIC@50C
1791264657.358686 10-06-2026 14:30:57 RAM 3634/6833MB (lfb 28x4MB) SWAP 211/3417MB (cached 1MB) CPU [100%@1420,0%@1420,0%@1420,14%@1420,5%@1420,5%@1420] EMC_FREQ 0% GR3D_FREQ 0% AUX@42.5C CPU@43.5C thermal@42.8C AO@42.5C GPU@42.5C PMIC@50C
1791264657.562010 10-06-2026 14:30:57 RAM 3634/6833MB (lfb 28x4MB) SWAP 211/3417MB (cached 1MB) CPU [100%@1420,4%@1420,17%@1420,5%@1420,5%@1420,9%@1420] EMC_FREQ 0% GR3D_FREQ 0% AUX@42.5C CPU@44C thermal@42.8C AO@42.5C GPU@43C PMIC@50C
1791264657.765192 10-06-2026 14:30:57 RAM 3635/6833MB (lfb 28x4MB) SWAP 211/3417MB (cached 1MB) CPU [100%@1420,4%@1420,9%@1420,5%@1420,9%@1420,5%@1420] EMC_FREQ 0% GR3D_FREQ 0% AUX@42.5C CPU@44C thermal@42.8C AO@42.5C GPU@43C PMIC@50C
1791264657.969002 10-06-2026 14:30:57 RAM 3635/6833MB (lfb 28x4MB) SWAP 211/3417MB (cached 1MB) CPU [100%@1420,0%@1420,5%@1420,9%@1420,0%@1420,5%@1420] EMC_FREQ 0% GR3D_FREQ 0% AUX@43C CPU@44C thermal@42.95C AO@42.5C GPU@43C PMIC@50C
1791264658.172166 10-06-2026 14:30:58 RAM 3635/6833MB (lfb 28x4MB) SWAP 211/3417MB (cached 1MB) CPU [100%@1420,0%@1420,10%@1420,0%@1420,9%@1420,5%@1420] EMC_FREQ 0% GR3D_FREQ 0% AUX@43C CPU@44C thermal@42.95C AO@42.5C GPU@43C PMIC@50C
1791264658.375443 10-06-2026 14:30:58 RAM 3635/6833MB (lfb 28x4MB) SWAP 211/3417MB (cached 1MB) CPU [100%@1420,0%@1420,10%@1420,0%@1420,9%@1420,0%@1420] EMC_FREQ 0% GR3D_FREQ 0% AUX@43C CPU@44C thermal@42.95C AO@42.5C GPU@43C PMIC@50C
1791264658.579320 10-06-2026 14:30:58 RAM 3636/6833MB (lfb 28x4MB) SWAP 211/3417MB (cached 1MB) CPU [85%@1420,34%@1420,25%@1420,21%@1420,20%@1420,26%@1420] EMC_FREQ 0% GR3D_FREQ 0% AUX@43C CPU@44C thermal@42.95C AO@43C GPU@43C PMIC@50C
1791264658.782754 10-06-2026 14:30:58 RAM 3540/6833MB (lfb 52x4MB) SWAP 211/3417MB (cached 1MB) CPU [10%@1420,10%@1420,15%@1420,20%@1420,15%@1420,100%@1420] EMC_FREQ 0% GR3D_FREQ 0% AUX@43C CPU@44.5C thermal@42.95C AO@42.5C GPU@43C PMIC@50C
1791264658.985913 10-06-2026 14:30:58 RAM 3539/6833MB (lfb 52x4MB) SWAP 211/3417MB (cached 1MB) CPU [0%@1420,5%@1420,9%@1420,5%@1420,0%@1420,100%@1420] EMC_FREQ 0% GR3D_FREQ 0% AUX@43C CPU@44C thermal@42.95C AO@42.5C GPU@43C PMIC@50C
1791264659.189503 10-06-2026 14:30:59 RAM 3538/6833MB (lfb 52x4MB) SWAP 211/3417MB (cached 1MB) CPU [9%@1420,5%@1420,14%@1420,9%@1420,72%@1420,14%@1420] EMC_FREQ 0% GR3D_FREQ 0% AUX@42.5C CPU@44C thermal@43.3C AO@42.5C GPU@43C PMIC@50C
1791264659.392681 10-06-2026 14:30:59 RAM 3538/6833MB (lfb 52x4MB) SWAP 211/3417MB (cached 1MB) CPU [5%@1420,9%@1420,0%@1420,5%@1420,80%@1420,5%@1420] EMC_FREQ 0% GR3D_FREQ 0% AUX@43C CPU@43.5C thermal@43.3C AO@43C GPU@43C PMIC@50C
1791264659.595901 10-06-2026 14:30:59 RAM 3538/6833MB (lfb 52x4MB) SWAP 211/3417MB (cached 1MB) CPU [10%@1420,60%@1420,5%@1420,15%@1420,20%@1420,10%@1420] EMC_FREQ 0% GR3D_FREQ 0% AUX@43C CPU@43.5C thermal@43.3C AO@42.5C GPU@43C PMIC@50C
1791264659.799043 10-06-2026 14:30:59 RAM 3538/6833MB (lfb 52x4MB) SWAP 211/3417MB (cached 1MB) CPU [45%@1420,35%@1420,9%@1420,0%@1420,4%@1420,4%@1420] EMC_FREQ 0% GR3D_FREQ 2% AUX@43C CPU@43.5C thermal@43.3C AO@42.5C GPU@43C PMIC@50C
1791264660.002628 10-06-2026 14:30:59 RAM 3538/6833MB (lfb 52x4MB) SWAP 211/3417MB (cached 1MB) CPU [61%@1420,42%@1420,5%@1420,10%@1420,0%@1420,0%@1420] EMC_FREQ 0% GR3D_FREQ 7% AUX@43C CPU@44C thermal@43.3C AO@42.5C GPU@43C PMIC@50C
1791264660.206230 10-06-2026 14:31:00 RAM 3538/6833MB (lfb 52x4MB) SWAP 211/3417MB (cached 1MB) CPU [15%@1267,73%@1267,0%@1267,10%@1267,5%@1267,13%@1267] EMC_FREQ 0% GR3D_FREQ 2% AUX@42.5C CPU@44C thermal@43.15C AO@42.5C GPU@43C PMIC@50C
1791264660.409542 10-06-2026 14:31:00 RAM 3538/6833MB (lfb 52x4MB) SWAP 211/3417MB (cached 1MB) CPU [80%@1420,15%@1420,5%@1420,0%@1420,4%@1420,5%@1420] EMC_FREQ 0% GR3D_FREQ 0% AUX@43C CPU@43.5C thermal@43.15C AO@43C GPU@43C PMIC@50C
1791264660.612844 10-06-2026 14:31:00 RAM 3538/6833MB (lfb 52x4MB) SWAP 211/3417MB (cached 1MB) CPU [66%@1420,20%@1420,0%@1420,68%@1420,9%@1420,4%@1420] EMC_FREQ 0% GR3D_FREQ 26% AUX@43C CPU@44C thermal@43.15C AO@42.5C GPU@43C PMIC@50C
1791264660.816200 10-06-2026 14:31:00 RAM 3538/6833MB (lfb 51x4MB) SWAP 211/3417MB (cached 1MB) CPU [75%@1420,10%@1420,0%@1420,0%@1420,5%@1420,9%@1420] EMC_FREQ 0% GR3D_FREQ 3% AUX@43C CPU@43.5C thermal@43.15C AO@43C GPU@43C PMIC@50C
1791264661.019340 10-06-2026 14:31:01 RAM 3538/6833MB (lfb 51x4MB) SWAP 211/3417MB (cached 1MB) CPU [85%@1420,20%@1420,5%@1420,5%@1420,14%@1420,10%@1420] EMC_FREQ 0% GR3D_FREQ 0% AUX@43C CPU@44C thermal@43.15C AO@43C GPU@43C PMIC@50C
1791264661.222614 10-06-2026 14:31:01 RAM 3538/6833MB (lfb 51x4MB) SWAP 211/3417MB (cached 1MB) CPU [9%@1420,89%@1420,0%@1420,14%@1420,5%@1420,0%@1420] EMC_FREQ 0% GR3D_FREQ 0% AUX@43C CPU@44C thermal@43.15C AO@43C GPU@43C PMIC@50C
1791264661.425718 10-06-2026 14:31:01 RAM 3538/6833MB (lfb 51x4MB) SWAP 211/3417MB (cached 1MB) CPU [80%@1420,15%@1420,5%@1420,10%@1420,5%@1420,14%@1420] EMC_FREQ 0% GR3D_FREQ 0% AUX@43C CPU@44C thermal@43.3C AO@43C GPU@43C PMIC@50C
1791264661.628942 10-06-2026 14:31:01 RAM 3538/6833MB (lfb 50x4MB) SWAP 211/3417MB (cached 1MB) CPU [84%@1420,5%@1420,0%@1420,10%@1420,4%@1420,0%@1420] EMC_FREQ 0% GR3D_FREQ 0% AUX@43C CPU@44C thermal@43.3C AO@43C GPU@43C PMIC@50C
1791264661.832301 10-06-2026 14:31:01 RAM 3538/6833MB (lfb 50x4MB) SWAP 211/3417MB (cached 1MB) CPU [90%@1420,5%@1420,5%@1420,5%@1420,5%@1420,5%@1420] EMC_FREQ 0% GR3D_FREQ 0% AUX@43C CPU@44C thermal@43.3C AO@42.5C GPU@43C PMIC@50C
1791264662.035706 10-06-2026 14:31:02 RAM 3538/6833MB (lfb 48x4MB) SWAP 211/3417MB (cached 1MB) CPU [27%@1267,31%@1267,5%@1267,5%@1267,4%@1267,5%@1267] EMC_FREQ 0% GR3D_FREQ 0% AUX@43C CPU@44C thermal@43.3C AO@43C GPU@43C PMIC@50C
1791264662.238995 10-06-2026 14:31:02 RAM 3539/6833MB (lfb 47x4MB) SWAP 211/3417MB (cached 1MB) CPU [0%@1420,90%@1420,10%@1420,10%@1420,5%@1420,0%@1420] EMC_FREQ 0% GR3D_FREQ 0% AUX@43C CPU@44C thermal@43.3C AO@43C GPU@43C PMIC@50C
1791264662.442362 10-06-2026 14:31:02 RAM 3540/6833MB (lfb 47x4MB) SWAP 211/3417MB (cached 1MB) CPU [19%@1420,77%@1420,14%@1420,5%@1420,0%@1420,5%@1420] EMC_FREQ 0% GR3D_FREQ 0% AUX@43C CPU@44C thermal@43.3C AO@42.5C GPU@43C PMIC@50C
1791264662.645632 10-06-2026 14:31:02 RAM 3540/6833MB (lfb 47x4MB) SWAP 211/3417MB (cached 1MB) CPU [10%@1420,88%@1420,0%@1420,10%@1420,5%@1420,5%@1420] EMC_FREQ 0% GR3D_FREQ 0% AUX@43C CPU@44C thermal@43.3C AO@43C GPU@43.5C PMIC@50C
1791264662.849254 10-06-2026 14:31:02 RAM 3540/6833MB (lfb 46x4MB) SWAP 211/3417MB (cached 1MB) CPU [36%@1420,30%@1420,9%@1420,14%@1420,5%@1420,10%@1420] EMC_FREQ 0% GR3D_FREQ 84% AUX@43C CPU@44C thermal@43.3C AO@43C GPU@43C PMIC@50C
1791264663.052871 10-06-2026 14:31:03 RAM 3540/6833MB (lfb 46x4MB) SWAP 211/3417MB (cached 1MB) CPU [75%@1420,42%@1420,61%@1420,14%@1420,9%@1420,9%@1420] EMC_FREQ 0% GR3D_FREQ 0% AUX@43C CPU@44C thermal@43.3C AO@43C GPU@43C PMIC@50C
1791264663.256347 10-06-2026 14:31:03 RAM 3540/6833MB (lfb 46x4MB) SWAP 211/3417MB (cached 1MB) CPU [9%@1420,5%@1420,100%@1420,9%@1420,5%@1420,0%@1420] EMC_FREQ 0% GR3D_FREQ 0% AUX@43C CPU@44C thermal@43.3C AO@43C GPU@43C PMIC@50C
1791264663.460008 10-06-2026 14:31:03 RAM 3540/6833MB (lfb 46x4MB) SWAP 211/3417MB (cached 1MB) CPU [10%@1420,10%@1420,94%@1420,9%@1420,5%@1420,0%@1420] EMC_FREQ 0% GR3D_FREQ 0% AUX@43C CPU@44C thermal@43.3C AO@43C GPU@43.5C PMIC@50C
1791264663.663977 10-06-2026 14:31:03 RAM 3540/6833MB (lfb 45x4MB) SWAP 211/3417MB (cached 1MB) CPU [5%@1420,10%@1420,47%@1420,60%@1420,9%@1420,0%@1420] EMC_FREQ 0% GR3D_FREQ 0% AUX@43C CPU@44C thermal@43.45C AO@43C GPU@43.5C PMIC@50C
1791264663.866687 10-06-2026 14:31:03 RAM 3541/6833MB (lfb 44x4MB) SWAP 211/3417MB (cached 1MB) CPU [14%@1267,0%@1267,28%@1267,50%@1267,9%@1267,0%@1267] EMC_FREQ 0% GR3D_FREQ 0% AUX@43C CPU@44.5C thermal@43.45C AO@43C GPU@43.5C PMIC@50C
1791264664.069898 10-06-2026 14:31:04 RAM 3541/6833MB (lfb 44x4MB) SWAP 211/3417MB (cached 1MB) CPU [10%@1420,0%@1420,95%@1420,0%@1420,9%@1420,0%@1420] EMC_FREQ 0% GR3D_FREQ 0% AUX@43C CPU@44C thermal@43.45C AO@43C GPU@43C PMIC@50C
1791264664.272974 10-06-2026 14:31:04 RAM 3541/6833MB (lfb 43x4MB) SWAP 211/3417MB (cached 1MB) CPU [9%@1420,5%@1420,80%@1420,0%@1420,10%@1420,9%@1420] EMC_FREQ 0% GR3D_FREQ 0% AUX@43C CPU@44C thermal@43.45C AO@43C GPU@43.5C PMIC@50C
1791264664.476295 10-06-2026 14:31:04 RAM 3541/6833MB (lfb 43x4MB) SWAP 211/3417MB (cached 1MB) CPU [5%@1420,4%@1420,45%@1420,47%@1420,9%@1420,9%@1420] EMC_FREQ 0% GR3D_FREQ 0% AUX@43.5C CPU@44C thermal@43.45C AO@43C GPU@43.5C PMIC@50C
1791264664.679569 10-06-2026 14:31:04 RAM 3541/6833MB (lfb 42x4MB) SWAP 211/3417MB (cached 1MB) CPU [10%@1420,5%@1420,9%@1420,80%@1420,5%@1420,0%@1420] EMC_FREQ 0% GR3D_FREQ 13% AUX@43.5C CPU@44C thermal@43.65C AO@43C GPU@43.5C PMIC@50C
1791264664.883428 10-06-2026 14:31:04 RAM 3541/6833MB (lfb 42x4MB) SWAP 211/3417MB (cached 1MB) CPU [22%@1420,5%@1420,26%@1420,60%@1420,4%@1420,0%@1420] EMC_FREQ 0% GR3D_FREQ 0% AUX@43C CPU@44.5C thermal@43.65C AO@43C GPU@43.5C PMIC@50C
1791264665.086840 10-06-2026 14:31:05 RAM 3541/6833MB (lfb 41x4MB) SWAP 211/3417MB (cached 1MB) CPU [5%@1420,5%@1420,75%@1420,5%@1420,5%@1420,0%@1420] EMC_FREQ 0% GR3D_FREQ 0% AUX@43C CPU@44.5C thermal@43.65C AO@43.5C GPU@43.5C PMIC@50C
1791264665.290195 10-06-2026 14:31:05 RAM 3541/6833MB (lfb 41x4MB) SWAP 211/3417MB (cached 1MB) CPU [14%@1420,5%@1420,52%@1420,45%@1420,0%@1420,13%@1420] EMC_FREQ 0% GR3D_FREQ 17% AUX@43C CPU@44C thermal@43.65C AO@43.5C GPU@43.5C PMIC@50C
1791264665.493797 10-06-2026 14:31:05 RAM 3541/6833MB (lfb 41x4MB) SWAP 211/3417MB (cached 1MB) CPU [15%@1420,13%@1420,19%@1420,70%@1420,9%@1420,4%@1420] EMC_FREQ 0% GR3D_FREQ 8% AUX@43.5C CPU@44C thermal@43.65C AO@43C GPU@43.5C PMIC@50C
1791264665.697132 10-06-2026 14:31:05 RAM 3541/6833MB (lfb 41x4MB) SWAP 211/3417MB (cached 1MB) CPU [9%@1420,5%@1420,66%@1420,33%@1420,5%@1420,0%@1420] EMC_FREQ 0% GR3D_FREQ 7% AUX@43.5C CPU@44C thermal@43.65C AO@43C GPU@43.5C PMIC@50C
1791264665.900528 10-06-2026 14:31:05 RAM 3544/6833MB (lfb 40x4MB) SWAP 211/3417MB (cached 1MB) CPU [14%@1420,5%@1420,36%@1420,14%@1420,5%@1420,70%@1420] EMC_FREQ 0% GR3D_FREQ 8% AUX@43.5C CPU@44.5C thermal@43.8C AO@43.5C GPU@43.5C PMIC@50C
1791264666.104387 10-06-2026 14:31:06 RAM 3549/6833MB (lfb 40x4MB) SWAP 211/3417MB (cached 1MB) CPU [10%@1420,14%@1420,70%@1420,10%@1420,5%@1420,0%@1420] EMC_FREQ 0% GR3D_FREQ 12% AUX@43.5C CPU@44C thermal@43.8C AO@43.5C GPU@43.5C PMIC@50C
1791264666.307774 10-06-2026 14:31:06 RAM 3550/6833MB (lfb 40x4MB) SWAP 211/3417MB (cached 1MB) CPU [14%@1420,5%@1420,15%@1420,9%@1420,0%@1420,55%@1420] EMC_FREQ 0% GR3D_FREQ 0% AUX@43.5C CPU@44.5C thermal@43.8C AO@43.5C GPU@43.5C PMIC@50C
1791264666.511038 10-06-2026 14:31:06 RAM 3554/6833MB (lfb 39x4MB) SWAP 211/3417MB (cached 1MB) CPU [15%@1420,9%@1420,9%@1420,0%@1420,86%@1420,15%@1420] EMC_FREQ 0% GR3D_FREQ 0% AUX@43.5C CPU@44C thermal@43.8C AO@43C GPU@43.5C PMIC@50C
1791264666.714450 10-06-2026 14:31:06 RAM 3554/6833MB (lfb 39x4MB) SWAP 211/3417MB (cached 1MB) CPU [9%@1420,10%@1420,5%@1420,9%@1420,100%@1420,9%@1420] EMC_FREQ 0% GR3D_FREQ 0% AUX@43.5C CPU@44.5C thermal@43.8C AO@43.5C GPU@43.5C PMIC@50C
1791264666.917831 10-06-2026 14:31:06 RAM 3554/6833MB (lfb 39x4MB) SWAP 211/3417MB (cached 1MB) CPU [9%@1420,14%@1420,4%@1420,0%@1420,100%@1420,9%@1420] EMC_FREQ 0% GR3D_FREQ 0% AUX@43.5C CPU@44.5C thermal@43.95C AO@43.5C GPU@43.5C PMIC@50C
1791264667.121083 10-06-2026 14:31:07 RAM 3554/6833MB (lfb 39x4MB) SWAP 211/3417MB (cached 1MB) CPU [10%@1420,5%@1420,0%@1420,5%@1420,100%@1420,0%@1420] EMC_FREQ 0% GR3D_FREQ 0% AUX@43.5C CPU@44.5C thermal@43.95C AO@43.5C GPU@43.5C PMIC@50C
1791264667.324739 10-06-2026 14:31:07 RAM 3554/6833MB (lfb 39x4MB) SWAP 211/3417MB (cached 1MB) CPU [15%@1420,5%@1420,0%@1420,4%@1420,100%@1420,4%@1420] EMC_FREQ 0% GR3D_FREQ 0% AUX@43.5C CPU@44.5C thermal@43.95C AO@43.5C GPU@43.5C PMIC@50C
1791264667.527912 10-06-2026 14:31:07 RAM 3554/6833MB (lfb 39x4MB) SWAP 211/3417MB (cached 1MB) CPU [10%@1420,5%@1420,5%@1420,0%@1420,100%@1420,0%@1420] EMC_FREQ 0% GR3D_FREQ 0% AUX@43.5C CPU@44.5C thermal@43.95C AO@43C GPU@44C PMIC@50C
1791264667.731229 10-06-2026 14:31:07 RAM 3554/6833MB (lfb 39x4MB) SWAP 211/3417MB (cached 1MB) CPU [5%@1420,4%@1420,4%@1420,14%@1420,100%@1420,0%@1420] EMC_FREQ 0% GR3D_FREQ 0% AUX@43.5C CPU@44.5C thermal@43.95C AO@43C GPU@43.5C PMIC@50C
1791264667.934584 10-06-2026 14:31:07 RAM 3554/6833MB (lfb 39x4MB) SWAP 211/3417MB (cached 1MB) CPU [5%@1420,0%@1420,10%@1420,0%@1420,95%@1420,0%@1420] EMC_FREQ 0% GR3D_FREQ 0% AUX@43.5C CPU@44.5C thermal@43.95C AO@43C GPU@43.5C PMIC@50C
1791264668.137919 10-06-2026 14:31:08 RAM 3554/6833MB (lfb 39x4MB) SWAP 211/3417MB (cached 1MB) CPU [4%@1420,5%@1420,10%@1420,9%@1420,100%@1420,0%@1420] EMC_FREQ 0% GR3D_FREQ 0% AUX@43.5C CPU@44.5C thermal@43.95C AO@43.5C GPU@43.5C PMIC@50C
1791264668.341248 10-06-2026 14:31:08 RAM 3554/6833MB (lfb 39x4MB) SWAP 211/3417MB (cached 1MB) CPU [14%@1420,5%@1420,5%@1420,14%@1420,100%@1420,4%@1420] EMC_FREQ 0% GR3D_FREQ 0% AUX@43.5C CPU@44.5C thermal@43.95C AO@43.5C GPU@43.5C PMIC@50C
1791264668.544588 10-06-2026 14:31:08 RAM 3554/6833MB (lfb 39x4MB) SWAP 211/3417MB (cached 1MB) CPU [5%@1420,10%@1420,5%@1420,0%@1420,100%@1420,0%@1420] EMC_FREQ 0% GR3D_FREQ 0% AUX@43.5C CPU@45C thermal@43.95C AO@43.5C GPU@44C PMIC@50C
1791264668.747781 10-06-2026 14:31:08 RAM 3554/6833MB (lfb 39x4MB) SWAP 211/3417MB (cached 1MB) CPU [0%@1420,9%@1420,9%@1420,9%@1420,95%@1420,4%@1420] EMC_FREQ 0% GR3D_FREQ 0% AUX@44C CPU@44.5C thermal@43.95C AO@43C GPU@44C PMIC@50C
1791264668.951215 10-06-2026 14:31:08 RAM 3554/6833MB (lfb 39x4MB) SWAP 211/3417MB (cached 1MB) CPU [10%@1420,10%@1420,20%@1420,15%@1420,35%@1420,65%@1420] EMC_FREQ 0% GR3D_FREQ 0% AUX@43.5C CPU@44.5C thermal@43.95C AO@43.5C GPU@43.5C PMIC@50C
1791264669.155057 10-06-2026 14:31:09 RAM 3554/6833MB (lfb 39x4MB) SWAP 211/3417MB (cached 1MB) CPU [5%@1420,5%@1420,10%@1420,5%@1420,0%@1420,35%@1420] EMC_FREQ 0% GR3D_FREQ 99% AUX@43.5C CPU@44.5C thermal@43.95C AO@43.5C GPU@44.5C PMIC@50C
1791264669.358269 10-06-2026 14:31:09 RAM 3554/6833MB (lfb 38x4MB) SWAP 211/3417MB (cached 1MB) CPU [18%@1420,60%@1420,14%@1420,9%@1420,5%@1420,0%@1420] EMC_FREQ 0% GR3D_FREQ 0% AUX@44C CPU@44.5C thermal@43.95C AO@43.5C GPU@44.5C PMIC@50C
1791264669.561986 10-06-2026 14:31:09 RAM 3558/6833MB (lfb 38x4MB) SWAP 211/3417MB (cached 1MB) CPU [9%@1420,76%@1420,10%@1420,5%@1420,0%@1420,0%@1420] EMC_FREQ 0% GR3D_FREQ 0% AUX@43.5C CPU@44.5C thermal@43.95C AO@43.5C GPU@44.5C PMIC@50C
1791264669.768644 10-06-2026 14:31:09 RAM 3566/6833MB (lfb 38x4MB) SWAP 211/3417MB (cached 1MB) CPU [94%@1420,5%@1420,10%@1420,21%@1420,0%@1420,4%@1420] EMC_FREQ 0% GR3D_FREQ 0% AUX@43.5C CPU@44.5C thermal@43.95C AO@43.5C GPU@44.5C PMIC@50C
1791264669.968545 10-06-2026 14:31:09 RAM 3572/6833MB (lfb 37x4MB) SWAP 211/3417MB (cached 1MB) CPU [15%@1420,60%@1420,5%@1420,5%@1420,4%@1420,0%@1420] EMC_FREQ 0% GR3D_FREQ 0% AUX@44C CPU@44.5C thermal@43.95C AO@43.5C GPU@44.5C PMIC@50C
1791264670.171660 10-06-2026 14:31:10 RAM 3577/6833MB (lfb 36x4MB) SWAP 211/3417MB (cached 1MB) CPU [60%@1420,35%@1420,9%@1420,14%@1420,4%@1420,4%@1420] EMC_FREQ 0% GR3D_FREQ 0% AUX@44C CPU@44.5C thermal@43.95C AO@43.5C GPU@44.5C PMIC@50C
1791264670.375248 10-06-2026 14:31:10 RAM 3587/6833MB (lfb 36x4MB) SWAP 211/3417MB (cached 1MB) CPU [45%@1420,50%@1420,10%@1420,10%@1420,4%@1420,0%@1420] EMC_FREQ 0% GR3D_FREQ 0% AUX@44C CPU@45C thermal@44.45C AO@43.5C GPU@44C PMIC@50C
1791264670.578518 10-06-2026 14:31:10 RAM 3595/6833MB (lfb 36x4MB) SWAP 211/3417MB (cached 1MB) CPU [4%@1420,85%@1420,5%@1420,10%@1420,5%@1420,5%@1420] EMC_FREQ 0% GR3D_FREQ 0% AUX@44C CPU@45C thermal@44.45C AO@43.5C GPU@44.5C PMIC@50C
1791264670.781757 10-06-2026 14:31:10 RAM 3603/6833MB (lfb 36x4MB) SWAP 211/3417MB (cached 1MB) CPU [25%@1420,78%@1420,0%@1420,14%@1420,5%@1420,20%@1420] EMC_FREQ 0% GR3D_FREQ 1% AUX@43.5C CPU@45C thermal@44.45C AO@43.5C GPU@44.5C PMIC@50C
1791264670.985082 10-06-2026 14:31:10 RAM 3607/6833MB (lfb 35x4MB) SWAP 211/3417MB (cached 1MB) CPU [66%@1420,10%@1420,9%@1420,18%@1420,5%@1420,0%@1420] EMC_FREQ 0% GR3D_FREQ 0% AUX@44C CPU@44.5C thermal@44.45C AO@43.5C GPU@44.5C PMIC@50C
1791264671.188730 10-06-2026 14:31:11 RAM 3609/6833MB (lfb 35x4MB) SWAP 211/3417MB (cached 1MB) CPU [0%@1420,30%@1420,0%@1420,10%@1420,65%@1420,5%@1420] EMC_FREQ 0% GR3D_FREQ 1% AUX@44C CPU@45C thermal@44.45C AO@43.5C GPU@44.5C PMIC@50C
1791264671.391954 10-06-2026 14:31:11 RAM 3623/6833MB (lfb 35x4MB) SWAP 211/3417MB (cached 1MB) CPU [31%@1420,57%@1420,9%@1420,5%@1420,0%@1420,0%@1420] EMC_FREQ 0% GR3D_FREQ 45% AUX@44C CPU@45C thermal@44.3C AO@44C GPU@44.5C PMIC@50C
1791264671.595213 10-06-2026 14:31:11 RAM 3627/6833MB (lfb 35x4MB) SWAP 211/3417MB (cached 1MB) CPU [85%@1420,10%@1420,0%@1420,14%@1420,4%@1420,5%@1420] EMC_FREQ 0% GR3D_FREQ 1% AUX@44C CPU@45C thermal@44.3C AO@43.5C GPU@44.5C PMIC@50C
1791264671.798656 10-06-2026 14:31:11 RAM 3633/6833MB (lfb 34x4MB) SWAP 211/3417MB (cached 1MB) CPU [80%@1420,9%@1420,18%@1420,15%@1420,4%@1420,4%@1420] EMC_FREQ 0% GR3D_FREQ 1% AUX@44C CPU@45C thermal@44.3C AO@44C GPU@44.5C PMIC@50C
1791264672.002024 10-06-2026 14:31:11 RAM 3639/6833MB (lfb 34x4MB) SWAP 211/3417MB (cached 1MB) CPU [5%@1420,95%@1420,5%@1420,10%@1420,5%@1420,5%@1420] EMC_FREQ 0% GR3D_FREQ 0% AUX@44C CPU@45C thermal@44.3C AO@44C GPU@44.5C PMIC@50C
1791264672.205080 10-06-2026 14:31:12 RAM 3643/6833MB (lfb 33x4MB) SWAP 211/3417MB (cached 1MB) CPU [0%@1420,80%@1420,5%@1420,5%@1420,5%@1420,5%@1420] EMC_FREQ 0% GR3D_FREQ 0% AUX@44C CPU@45C thermal@44.3C AO@44C GPU@44.5C PMIC@50C
1791264672.408423 10-06-2026 14:31:12 RAM 3653/6833MB (lfb 33x4MB) SWAP 211/3417MB (cached 1MB) CPU [10%@1420,95%@1420,9%@1420,10%@1420,4%@1420,4%@1420] EMC_FREQ 0% GR3D_FREQ 0% AUX@44C CPU@45C thermal@44.3C AO@44C GPU@44.5C PMIC@50C
1791264672.611508 10-06-2026 14:31:12 RAM 3663/6833MB (lfb 32x4MB) SWAP 211/3417MB (cached 1MB) CPU [4%@1420,78%@1420,0%@1420,14%@1420,0%@1420,0%@1420] EMC_FREQ 0% GR3D_FREQ 0% AUX@44C CPU@45C thermal@44.45C AO@44C GPU@44.5C PMIC@50C
1791264672.814699 10-06-2026 14:31:12 RAM 3681/6833MB (lfb 32x4MB) SWAP 211/3417MB (cached 1MB) CPU [5%@1420,95%@1420,14%@1420,9%@1420,4%@1420,4%@1420] EMC_FREQ 0% GR3D_FREQ 0% AUX@44C CPU@45C thermal@44.45C AO@43.5C GPU@44.5C PMIC@50C
1791264673.018072 10-06-2026 14:31:13 RAM 3684/6833MB (lfb 29x4MB) SWAP 211/3417MB (cached 1MB) CPU [10%@1190,47%@1420,5%@1420,5%@1420,4%@1420,5%@1420] EMC_FREQ 0% GR3D_FREQ 0% AUX@44C CPU@45C thermal@44.45C AO@44C GPU@44.5C PMIC@50C
1791264673.221177 10-06-2026 14:31:13 RAM 3688/6833MB (lfb 27x4MB) SWAP 211/3417MB (cached 1MB) CPU [21%@1420,42%@1420,13%@1420,13%@1420,18%@1420,10%@1420] EMC_FREQ 0% GR3D_FREQ 0% AUX@44C CPU@45C thermal@44.45C AO@44C GPU@44.5C PMIC@50C
1791264673.424866 10-06-2026 14:31:13 RAM 3688/6833MB (lfb 26x4MB) SWAP 211/3417MB (cached 1MB) CPU [4%@1420,75%@1420,0%@1420,5%@1420,0%@1420,9%@1420] EMC_FREQ 0% GR3D_FREQ 0% AUX@44C CPU@45C thermal@44.45C AO@44C GPU@44.5C PMIC@50C
1791264673.628829 10-06-2026 14:31:13 RAM 3689/6833MB (lfb 26x4MB) SWAP 211/3417MB (cached 1MB) CPU [0%@1420,100%@1420,5%@1420,10%@1420,9%@1420,0%@1420] EMC_FREQ 0% GR3D_FREQ 6% AUX@44C CPU@45.5C thermal@44.6C AO@44C GPU@44C PMIC@50C
1791264673.832751 10-06-2026 14:31:13 RAM 3691/6833MB (lfb 25x4MB) SWAP 211/3417MB (cached 1MB) CPU [14%@1344,70%@1344,9%@1344,9%@1344,0%@1344,17%@1344] EMC_FREQ 0% GR3D_FREQ 9% AUX@44C CPU@45C thermal@44.6C AO@44C GPU@44.5C PMIC@50C
1791264674.035988 10-06-2026 14:31:14 RAM 3697/6833MB (lfb 24x4MB) SWAP 211/3417MB (cached 1MB) CPU [10%@1420,71%@1420,14%@1420,0%@1420,5%@1420,5%@1420] EMC_FREQ 0% GR3D_FREQ 0% AUX@44C CPU@45C thermal@44.6C AO@44C GPU@44C PMIC@50C
1791264674.239343 10-06-2026 14:31:14 RAM 3699/6833MB (lfb 23x4MB) SWAP 211/3417MB (cached 1MB) CPU [66%@1420,10%@1420,5%@1420,5%@1420,9%@1420,10%@1420] EMC_FREQ 0% GR3D_FREQ 0% AUX@44C CPU@45C thermal@44.6C AO@44C GPU@44C PMIC@50C
1791264674.442671 10-06-2026 14:31:14 RAM 3705/6833MB (lfb 22x4MB) SWAP 211/3417MB (cached 1MB) CPU [71%@1420,9%@1420,15%@1420,4%@1420,5%@1420,5%@1420] EMC_FREQ 0% GR3D_FREQ 0% AUX@44C CPU@45C thermal@44.6C AO@44C GPU@44.5C PMIC@50C
1791264674.645931 10-06-2026 14:31:14 RAM 3707/6833MB (lfb 22x4MB) SWAP 211/3417MB (cached 1MB) CPU [35%@1420,52%@1420,5%@1420,10%@1420,5%@1420,9%@1420] EMC_FREQ 0% GR3D_FREQ 0% AUX@44C CPU@45C thermal@44.6C AO@44C GPU@44.5C PMIC@50C
1791264674.849400 10-06-2026 14:31:14 RAM 3711/6833MB (lfb 21x4MB) SWAP 211/3417MB (cached 1MB) CPU [0%@1420,90%@1420,9%@1420,18%@1420,0%@1420,5%@1420] EMC_FREQ 0% GR3D_FREQ 0% AUX@44.5C CPU@45C thermal@44.45C AO@44C GPU@44C PMIC@50C
1791264675.052745 10-06-2026 14:31:15 RAM 3714/6833MB (lfb 20x4MB) SWAP 211/3417MB (cached 1MB) CPU [30%@1420,31%@1420,9%@1420,10%@1420,5%@1420,0%@1420] EMC_FREQ 0% GR3D_FREQ 1% AUX@44C CPU@45C thermal@44.45C AO@44C GPU@44C PMIC@50C
1791264675.255914 10-06-2026 14:31:15 RAM 3717/6833MB (lfb 20x4MB) SWAP 211/3417MB (cached 1MB) CPU [57%@1420,42%@1420,5%@1420,10%@1420,0%@1420,5%@1420] EMC_FREQ 0% GR3D_FREQ 0% AUX@44C CPU@45C thermal@44.45C AO@44C GPU@44.5C PMIC@50C
1791264675.459370 10-06-2026 14:31:15 RAM 3720/6833MB (lfb 20x4MB) SWAP 211/3417MB (cached 1MB) CPU [63%@1420,33%@1420,18%@1420,10%@1420,0%@1420,5%@1420] EMC_FREQ 0% GR3D_FREQ 0% AUX@44C CPU@45C thermal@44.45C AO@44C GPU@44C PMIC@50C
1791264675.662585 10-06-2026 14:31:15 RAM 3726/6833MB (lfb 18x4MB) SWAP 211/3417MB (cached 1MB) CPU [20%@1420,75%@1420,5%@1420,5%@1420,9%@1420,9%@1420] EMC_FREQ 0% GR3D_FREQ 0% AUX@44C CPU@45C thermal@44.45C AO@44C GPU@44.5C PMIC@50C
1791264675.865747 10-06-2026 14:31:15 RAM 3730/6833MB (lfb 16x4MB) SWAP 211/3417MB (cached 1MB) CPU [5%@1420,78%@1420,10%@1420,5%@1420,5%@1420,0%@1420] EMC_FREQ 0% GR3D_FREQ 0% AUX@44C CPU@45C thermal@44.45C AO@44C GPU@44.5C PMIC@50C
1791264676.068973 10-06-2026 14:31:16 RAM 3734/6833MB (lfb 15x4MB) SWAP 211/3417MB (cached 1MB) CPU [19%@1420,80%@1420,9%@1420,9%@1420,5%@1420,0%@1420] EMC_FREQ 0% GR3D_FREQ 0% AUX@44C CPU@45C thermal@44.45C AO@44C GPU@44.5C PMIC@50C
1791264676.272109 10-06-2026 14:31:16 RAM 3754/6833MB (lfb 10x4MB) SWAP 211/3417MB (cached 1MB) CPU [86%@1420,5%@1420,0%@1420,5%@1420,18%@1420,5%@1420] EMC_FREQ 0% GR3D_FREQ 0% AUX@44.5C CPU@45C thermal@44.45C AO@44C GPU@44.5C PMIC@50C
1791264676.475313 10-06-2026 14:31:16 RAM 3768/6833MB (lfb 6x4MB) SWAP 211/3417MB (cached 1MB) CPU [68%@1420,14%@1420,5%@1420,5%@1420,9%@1420,14%@1420] EMC_FREQ 0% GR3D_FREQ 0% AUX@44.5C CPU@45C thermal@44.45C AO@44C GPU@44.5C PMIC@50C
1791264676.678735 10-06-2026 14:31:16 RAM 3794/6833MB (lfb 6x4MB) SWAP 211/3417MB (cached 1MB) CPU [85%@1420,0%@1420,9%@1420,10%@1420,9%@1420,10%@1420] EMC_FREQ 0% GR3D_FREQ 0% AUX@44C CPU@45.5C thermal@44.45C AO@44C GPU@44.5C PMIC@50C
1791264676.882653 10-06-2026 14:31:16 RAM 3843/6833MB (lfb 6x4MB) SWAP 211/3417MB (cached 1MB) CPU [84%@1420,15%@1420,5%@1420,5%@1420,5%@1420,4%@1420] EMC_FREQ 0% GR3D_FREQ 2% AUX@44.5C CPU@45.5C thermal@44.45C AO@44C GPU@44.5C PMIC@50C
1791264677.085953 10-06-2026 14:31:17 RAM 3870/6833MB (lfb 6x4MB) SWAP 211/3417MB (cached 1MB) CPU [0%@1420,95%@1420,5%@1420,17%@1420,9%@1420,0%@1420] EMC_FREQ 0% GR3D_FREQ 0% AUX@44C CPU@45.5C thermal@44.65C AO@44C GPU@44.5C PMIC@50C
1791264677.289549 10-06-2026 14:31:17 RAM 3874/6833MB (lfb 6x4MB) SWAP 211/3417MB (cached 1MB) CPU [52%@1420,42%@1420,5%@1420,5%@1420,10%@1420,0%@1420] EMC_FREQ 0% GR3D_FREQ 0% AUX@44C CPU@45C thermal@44.65C AO@44C GPU@44.5C PMIC@50C
1791264677.492734 10-06-2026 14:31:17 RAM 3883/6833MB (lfb 6x4MB) SWAP 211/3417MB (cached 1MB) CPU [75%@1420,15%@1420,5%@1420,5%@1420,14%@1420,9%@1420] EMC_FREQ 0% GR3D_FREQ 2% AUX@44C CPU@45.5C thermal@44.65C AO@44C GPU@44.5C PMIC@50C
1791264677.696117 10-06-2026 14:31:17 RAM 3895/6833MB (lfb 6x4MB) SWAP 211/3417MB (cached 1MB) CPU [68%@1420,10%@1420,5%@1420,0%@1420,5%@1420,5%@1420] EMC_FREQ 0% GR3D_FREQ 23% AUX@44C CPU@45.5C thermal@44.65C AO@44C GPU@44.5C PMIC@50C
1791264677.902527 10-06-2026 14:31:17 RAM 3904/6833MB (lfb 6x4MB) SWAP 211/3417MB (cached 1MB) CPU [75%@1190,15%@1190,0%@1190,0%@1190,15%@1190,5%@1190] EMC_FREQ 0% GR3D_FREQ 4% AUX@44.5C CPU@45.5C thermal@44.65C AO@44C GPU@44.5C PMIC@50C
1791264678.103000 10-06-2026 14:31:18 RAM 3909/6833MB (lfb 6x4MB) SWAP 211/3417MB (cached 1MB) CPU [15%@1420,66%@1420,10%@1420,13%@1420,19%@1420,4%@1420] EMC_FREQ 0% GR3D_FREQ 7% AUX@44.5C CPU@45.5C thermal@44.8C AO@44C GPU@44.5C PMIC@50C
1791264678.306416 10-06-2026 14:31:18 RAM 3969/6833MB (lfb 6x4MB) SWAP 211/3417MB (cached 1MB) CPU [90%@1420,0%@1420,5%@1420,5%@1420,10%@1420,0%@1420] EMC_FREQ 0% GR3D_FREQ 0% AUX@44C CPU@45C thermal@44.8C AO@44C GPU@44.5C PMIC@50C
1791264678.509493 10-06-2026 14:31:18 RAM 3989/6833MB (lfb 6x4MB) SWAP 211/3417MB (cached 1MB) CPU [95%@1420,0%@1420,0%@1420,0%@1420,5%@1420,0%@1420] EMC_FREQ 0% GR3D_FREQ 0% AUX@44.5C CPU@45C thermal@44.8C AO@44C GPU@44.5C PMIC@50C
1791264678.713347 10-06-2026 14:31:18 RAM 4018/6833MB (lfb 5x4MB) SWAP 211/3417MB (cached 1MB) CPU [100%@1420,5%@1420,9%@1420,10%@1420,10%@1420,9%@1420] EMC_FREQ 0% GR3D_FREQ 0% AUX@44.5C CPU@45C thermal@44.8C AO@44.5C GPU@44.5C PMIC@50C
1791264678.917217 10-06-2026 14:31:18 RAM 4024/6833MB (lfb 3x4MB) SWAP 211/3417MB (cached 1MB) CPU [33%@1420,57%@1420,4%@1420,9%@1420,5%@1420,0%@1420] EMC_FREQ 0% GR3D_FREQ 0% AUX@44.5C CPU@45.5C thermal@44.8C AO@44C GPU@44.5C PMIC@50C
1791264679.120456 10-06-2026 14:31:19 RAM 4028/6833MB (lfb 2x4MB) SWAP 211/3417MB (cached 1MB) CPU [57%@1420,35%@1420,5%@1420,5%@1420,14%@1420,9%@1420] EMC_FREQ 0% GR3D_FREQ 0% AUX@44.5C CPU@45.5C thermal@44.8C AO@44.5C GPU@44.5C PMIC@50C
1791264679.324579 10-06-2026 14:31:19 RAM 4032/6833MB (lfb 2x4MB) SWAP 211/3417MB (cached 1MB) CPU [55%@1420,33%@1420,5%@1420,13%@1420,10%@1420,5%@1420] EMC_FREQ 0% GR3D_FREQ 0% AUX@44.5C CPU@45.5C thermal@44.8C AO@44C GPU@44.5C PMIC@50C
1791264679.528234 10-06-2026 14:31:19 RAM 4034/6833MB (lfb 2x4MB) SWAP 211/3417MB (cached 1MB) CPU [100%@1420,9%@1420,9%@1420,5%@1420,22%@1420,5%@1420] EMC_FREQ 0% GR3D_FREQ 0% AUX@44.5C CPU@45.5C thermal@44.8C AO@44C GPU@44.5C PMIC@50C
1791264679.731596 10-06-2026 14:31:19 RAM 4036/6833MB (lfb 2x4MB) SWAP 211/3417MB (cached 1MB) CPU [52%@1420,45%@1420,9%@1420,9%@1420,14%@1420,9%@1420] EMC_FREQ 0% GR3D_FREQ 0% AUX@44.5C CPU@45.5C thermal@44.8C AO@44C GPU@44.5C PMIC@50C
1791264679.934794 10-06-2026 14:31:19 RAM 4037/6833MB (lfb 2x4MB) SWAP 211/3417MB (cached 1MB) CPU [5%@1420,95%@1420,5%@1420,5%@1420,14%@1420,0%@1420] EMC_FREQ 0% GR3D_FREQ 0% AUX@44.5C CPU@45.5C thermal@44.8C AO@44C GPU@44.5C PMIC@50C
1791264680.138078 10-06-2026 14:31:20 RAM 4039/6833MB (lfb 2x4MB) SWAP 211/3417MB (cached 1MB) CPU [5%@1420,95%@1420,0%@1420,9%@1420,0%@1420,5%@1420] EMC_FREQ 0% GR3D_FREQ 0% AUX@44.5C CPU@45.5C thermal@44.8C AO@44.5C GPU@44.5C PMIC@50C
1791264680.341529 10-06-2026 14:31:20 RAM 4052/6833MB (lfb 1x4MB) SWAP 211/3417MB (cached 1MB) CPU [19%@1420,89%@1420,15%@1420,5%@1420,10%@1420,10%@1420] EMC_FREQ 0% GR3D_FREQ 0% AUX@44.5C CPU@45.5C thermal@44.8C AO@44C GPU@44.5C PMIC@50C
1791264680.544729 10-06-2026 14:31:20 RAM 4053/6833MB (lfb 1x4MB) SWAP 211/3417MB (cached 1MB) CPU [13%@1420,9%@1420,65%@1420,28%@1420,31%@1420,5%@1420] EMC_FREQ 0% GR3D_FREQ 0% AUX@44.5C CPU@45.5C thermal@44.8C AO@44C GPU@44.5C PMIC@50C
1791264680.748154 10-06-2026 14:31:20 RAM 4058/6833MB (lfb 1x4MB) SWAP 211/3417MB (cached 1MB) CPU [5%@1420,5%@1420,52%@1420,0%@1420,0%@1420,52%@1420] EMC_FREQ 0% GR3D_FREQ 0% AUX@44.5C CPU@45.5C thermal@44.8C AO@44.5C GPU@44.5C PMIC@50C
1791264680.951850 10-06-2026 14:31:20 RAM 4080/6833MB (lfb 25x2MB) SWAP 211/3417MB (cached 1MB) CPU [10%@1420,23%@1420,15%@1420,18%@1420,9%@1420,30%@1420] EMC_FREQ 0% GR3D_FREQ 0% AUX@44.5C CPU@45.5C thermal@44.8C AO@44.5C GPU@44.5C PMIC@50C
1791264681.155492 10-06-2026 14:31:21 RAM 4091/6833MB (lfb 21x2MB) SWAP 211/3417MB (cached 1MB) CPU [4%@1190,15%@1190,10%@1190,9%@1190,4%@1190,4%@1190] EMC_FREQ 0% GR3D_FREQ 0% AUX@44.5C CPU@45.5C thermal@44.8C AO@44.5C GPU@44.5C PMIC@50C
1791264681.359169 10-06-2026 14:31:21 RAM 4102/6833MB (lfb 16x2MB) SWAP 211/3417MB (cached 1MB) CPU [10%@1190,5%@1190,13%@1190,10%@1190,5%@1190,9%@1190] EMC_FREQ 0% GR3D_FREQ 0% AUX@44.5C CPU@45.5C thermal@44.8C AO@44.5C GPU@44.5C PMIC@50C
1791264681.562447 10-06-2026 14:31:21 RAM 4113/6833MB (lfb 12x2MB) SWAP 211/3417MB (cached 1MB) CPU [14%@1420,60%@1420,5%@1420,10%@1420,9%@1420,9%@1420] EMC_FREQ 0% GR3D_FREQ 0% AUX@44.5C CPU@45.5C thermal@44.8C AO@44.5C GPU@44.5C PMIC@50C
1791264681.766438 10-06-2026 14:31:21 RAM 4125/6833MB (lfb 8x2MB) SWAP 211/3417MB (cached 1MB) CPU [5%@1190,15%@1190,5%@1190,14%@1190,0%@1190,0%@1190] EMC_FREQ 0% GR3D_FREQ 0% AUX@44.5C CPU@45C thermal@44.8C AO@44.5C GPU@44.5C PMIC@50C
1791264681.970047 10-06-2026 14:31:21 RAM 4136/6833MB (lfb 4x2MB) SWAP 211/3417MB (cached 1MB) CPU [10%@1420,5%@1420,0%@1420,0%@1420,9%@1420,4%@1420] EMC_FREQ 0% GR3D_FREQ 0% AUX@44.5C CPU@45.5C thermal@44.8C AO@44.5C GPU@44.5C PMIC@50C
1791264682.173725 10-06-2026 14:31:22 RAM 4143/6833MB (lfb 2x2MB) SWAP 211/3417MB (cached 1MB) CPU [9%@1420,0%@1420,18%@1420,5%@1420,0%@1420,5%@1420] EMC_FREQ 0% GR3D_FREQ 0% AUX@44.5C CPU@45.5C thermal@44.8C AO@44.5C GPU@44.5C PMIC@50C
1791264682.377364 10-06-2026 14:31:22 RAM 4150/6833MB (lfb 19x1MB) SWAP 211/3417MB (cached 1MB) CPU [11%@1190,4%@1190,5%@1190,9%@1190,5%@1190,10%@1190] EMC_FREQ 0% GR3D_FREQ 0% AUX@44.5C CPU@45.5C thermal@44.8C AO@44.5C GPU@44.5C PMIC@50C
1791264682.580706 10-06-2026 14:31:22 RAM 4161/6833MB (lfb 19x1MB) SWAP 211/3417MB (cached 1MB) CPU [23%@1190,4%@1190,14%@1190,5%@1190,14%@1190,5%@1190] EMC_FREQ 0% GR3D_FREQ 0% AUX@44.5C CPU@45.5C thermal@44.8C AO@44.5C GPU@44.5C PMIC@50C
1791264682.784195 10-06-2026 14:31:22 RAM 4173/6833MB (lfb 19x1MB) SWAP 211/3417MB (cached 1MB) CPU [25%@1420,0%@1420,19%@1420,13%@1420,4%@1420,0%@1420] EMC_FREQ 0% GR3D_FREQ 0% AUX@44.5C CPU@45.5C thermal@44.8C AO@44.5C GPU@45C PMIC@50C
1791264682.987962 10-06-2026 14:31:22 RAM 4185/6833MB (lfb 18x1MB) SWAP 211/3417MB (cached 1MB) CPU [23%@1420,0%@1420,5%@1190,14%@1190,9%@1190,9%@1190] EMC_FREQ 0% GR3D_FREQ 0% AUX@44.5C CPU@45.5C thermal@44.8C AO@44.5C GPU@45C PMIC@50C
1791264683.191249 10-06-2026 14:31:23 RAM 4192/6833MB (lfb 18x1MB) SWAP 211/3417MB (cached 1MB) CPU [19%@1420,4%@1420,5%@1420,9%@1420,5%@1420,5%@1420] EMC_FREQ 0% GR3D_FREQ 0% AUX@44.5C CPU@45.5C thermal@44.8C AO@44.5C GPU@44.5C PMIC@50C
1791264683.394647 10-06-2026 14:31:23 RAM 4202/6833MB (lfb 18x1MB) SWAP 211/3417MB (cached 1MB) CPU [20%@1420,4%@1420,5%@1420,5%@1420,0%@1420,10%@1420] EMC_FREQ 0% GR3D_FREQ 0% AUX@45C CPU@45.5C thermal@44.8C AO@44.5C GPU@45C PMIC@50C
1791264683.598187 10-06-2026 14:31:23 RAM 4214/6833MB (lfb 18x1MB) SWAP 211/3417MB (cached 1MB) CPU [20%@1420,0%@1420,9%@1420,5%@1190,10%@1190,0%@1190] EMC_FREQ 0% GR3D_FREQ 0% AUX@44.5C CPU@45.5C thermal@44.8C AO@44.5C GPU@45C PMIC@50C
1791264683.801445 10-06-2026 14:31:23 RAM 4226/6833MB (lfb 18x1MB) SWAP 211/3417MB (cached 1MB) CPU [25%@1190,0%@1420,9%@1420,9%@1420,9%@1420,5%@1420] EMC_FREQ 0% GR3D_FREQ 0% AUX@44.5C CPU@45.5C thermal@44.95C AO@44.5C GPU@45C PMIC@50C
1791264684.005406 10-06-2026 14:31:24 RAM 4238/6833MB (lfb 18x1MB) SWAP 211/3417MB (cached 1MB) CPU [22%@1190,15%@1420,0%@1420,10%@1420,5%@1420,4%@1420] EMC_FREQ 0% GR3D_FREQ 0% AUX@45C CPU@45.5C thermal@44.95C AO@44.5C GPU@45C PMIC@50C
1791264684.209481 10-06-2026 14:31:24 RAM 4248/6833MB (lfb 18x1MB) SWAP 211/3417MB (cached 1MB) CPU [25%@1420,0%@1420,5%@1420,5%@1420,15%@1420,0%@1420] EMC_FREQ 0% GR3D_FREQ 0% AUX@44.5C CPU@45.5C thermal@44.95C AO@44.5C GPU@45C PMIC@50C
1791264684.413828 10-06-2026 14:31:24 RAM 4256/6833MB (lfb 20x1MB) SWAP 214/3417MB (cached 1MB) CPU [25%@1420,5%@1420,9%@1420,31%@1420,38%@1420,10%@1420] EMC_FREQ 0% GR3D_FREQ 0% AUX@45C CPU@45.5C thermal@44.95C AO@44.5C GPU@44.5C PMIC@50C
1791264684.617170 10-06-2026 14:31:24 RAM 4260/6833MB (lfb 18x1MB) SWAP 214/3417MB (cached 1MB) CPU [5%@1420,14%@1420,10%@1420,4%@1420,4%@1420,9%@1420] EMC_FREQ 0% GR3D_FREQ 0% AUX@44.5C CPU@45.5C thermal@44.95C AO@44.5C GPU@45C PMIC@50C
1791264684.821140 10-06-2026 14:31:24 RAM 4271/6833MB (lfb 18x1MB) SWAP 214/3417MB (cached 1MB) CPU [0%@1190,25%@1190,18%@1190,9%@1190,0%@1190,5%@1190] EMC_FREQ 0% GR3D_FREQ 0% AUX@45C CPU@45.5C thermal@45.15C AO@44.5C GPU@45C PMIC@50C
1791264685.025176 10-06-2026 14:31:25 RAM 4279/6833MB (lfb 2x2MB) SWAP 215/3417MB (cached 1MB) CPU [4%@1190,15%@1190,0%@1420,45%@1420,5%@1420,9%@1420] EMC_FREQ 0% GR3D_FREQ 0% AUX@44.5C CPU@45.5C thermal@45.15C AO@45C GPU@45C PMIC@50C
1791264685.229034 10-06-2026 14:31:25 RAM 4284/6833MB (lfb 18x1MB) SWAP 215/3417MB (cached 1MB) CPU [13%@1190,23%@1190,15%@1190,54%@1190,5%@1420,14%@1420] EMC_FREQ 0% GR3D_FREQ 0% AUX@45C CPU@45.5C thermal@45.15C AO@45C GPU@45C PMIC@50C
1791264685.432782 10-06-2026 14:31:25 RAM 4296/6833MB (lfb 19x1MB) SWAP 215/3417MB (cached 1MB) CPU [68%@1190,20%@1190,4%@1190,0%@1190,13%@1190,5%@1190] EMC_FREQ 0% GR3D_FREQ 0% AUX@45C CPU@45.5C thermal@45.15C AO@45C GPU@45C PMIC@50C
1791264685.637363 10-06-2026 14:31:25 RAM 4303/6833MB (lfb 21x1MB) SWAP 215/3417MB (cached 1MB) CPU [0%@1190,10%@1190,5%@1190,4%@1420,10%@1420,5%@1420] EMC_FREQ 0% GR3D_FREQ 0% AUX@44.5C CPU@45.5C thermal@45.15C AO@44.5C GPU@45C PMIC@50C
1791264685.841172 10-06-2026 14:31:25 RAM 4315/6833MB (lfb 22x1MB) SWAP 215/3417MB (cached 1MB) CPU [15%@1190,14%@1190,9%@1190,0%@1190,10%@1190,9%@1190] EMC_FREQ 0% GR3D_FREQ 0% AUX@45C CPU@45.5C thermal@45.15C AO@44.5C GPU@45C PMIC@50C
1791264686.044930 10-06-2026 14:31:26 RAM 4325/6833MB (lfb 22x1MB) SWAP 215/3417MB (cached 1MB) CPU [20%@1190,0%@1190,0%@1190,18%@1190,5%@1190,0%@1190] EMC_FREQ 0% GR3D_FREQ 0% AUX@45C CPU@45.5C thermal@45.15C AO@44.5C GPU@45C PMIC@50C
1791264686.248972 10-06-2026 14:31:26 RAM 4368/6833MB (lfb 18x1MB) SWAP 215/3417MB (cached 1MB) CPU [85%@1420,0%@1420,0%@1420,5%@1420,9%@1420,9%@1420] EMC_FREQ 0% GR3D_FREQ 0% AUX@45C CPU@45.5C thermal@45.15C AO@45C GPU@45C PMIC@50C
1791264686.455140 10-06-2026 14:31:26 RAM 4405/6833MB (lfb 17x1MB) SWAP 219/3417MB (cached 1MB) CPU [100%@1420,9%@1420,21%@1420,60%@1420,10%@1420,10%@1420] EMC_FREQ 0% GR3D_FREQ 0% AUX@45C CPU@45.5C thermal@45.15C AO@45C GPU@45C PMIC@50C
1791264686.663076 10-06-2026 14:31:26 RAM 4412/6833MB (lfb 22x1MB) SWAP 223/3417MB (cached 1MB) CPU [100%@1420,10%@1420,20%@1420,75%@1420,50%@1420,19%@1420] EMC_FREQ 0% GR3D_FREQ 0% AUX@45C CPU@46C thermal@45.15C AO@44.5C GPU@45C PMIC@50C
1791264686.867530 10-06-2026 14:31:26 RAM 4449/6833MB (lfb 22x1MB) SWAP 223/3417MB (cached 1MB) CPU [66%@1420,20%@1420,42%@1420,18%@1420,60%@1420,15%@1420] EMC_FREQ 0% GR3D_FREQ 0% AUX@45C CPU@46C thermal@45.15C AO@45C GPU@45C PMIC@50C
1791264687.071366 10-06-2026 14:31:27 RAM 4506/6833MB (lfb 19x1MB) SWAP 223/3417MB (cached 1MB) CPU [9%@1420,0%@1420,10%@1420,0%@1420,100%@1420,0%@1420] EMC_FREQ 0% GR3D_FREQ 0% AUX@45C CPU@46C thermal@45.3C AO@44.5C GPU@45C PMIC@50C
1791264687.276675 10-06-2026 14:31:27 RAM 4559/6833MB (lfb 18x1MB) SWAP 223/3417MB (cached 1MB) CPU [9%@1420,9%@1420,30%@1420,9%@1420,100%@1420,9%@1420] EMC_FREQ 0% GR3D_FREQ 0% AUX@45C CPU@46C thermal@45.3C AO@45C GPU@45C PMIC@50C
1791264687.480570 10-06-2026 14:31:27 RAM 4568/6833MB (lfb 4x2MB) SWAP 256/3417MB (cached 1MB) CPU [5%@1420,90%@1420,20%@1420,5%@1420,100%@1420,76%@1420] EMC_FREQ 0% GR3D_FREQ 0% AUX@45C CPU@46C thermal@45.3C AO@45C GPU@45C PMIC@50C
1791264687.686445 10-06-2026 14:31:27 RAM 4634/6833MB (lfb 4x2MB) SWAP 256/3417MB (cached 1MB) CPU [20%@1420,100%@1420,14%@1420,10%@1420,95%@1420,15%@1420] EMC_FREQ 0% GR3D_FREQ 0% AUX@45C CPU@46C thermal@45.3C AO@45C GPU@45C PMIC@50C
1791264687.890083 10-06-2026 14:31:27 RAM 4674/6833MB (lfb 4x2MB) SWAP 256/3417MB (cached 1MB) CPU [15%@1420,30%@1420,36%@1420,20%@1420,71%@1420,30%@1420] EMC_FREQ 0% GR3D_FREQ 99% AUX@45C CPU@46C thermal@45.3C AO@45C GPU@45C PMIC@50C
1791264688.093938 10-06-2026 14:31:28 RAM 4686/6833MB (lfb 4x2MB) SWAP 256/3417MB (cached 1MB) CPU [9%@1190,9%@1190,0%@1190,5%@1190,0%@1190,25%@1190] EMC_FREQ 0% GR3D_FREQ 99% AUX@45C CPU@46C thermal@45.3C AO@45C GPU@46C PMIC@50C
1791264688.298242 10-06-2026 14:31:28 RAM 4706/6833MB (lfb 4x2MB) SWAP 256/3417MB (cached 1MB) CPU [9%@1420,5%@1420,65%@1420,10%@1420,0%@1420,23%@1420] EMC_FREQ 0% GR3D_FREQ 0% AUX@45C CPU@46C thermal@45.75C AO@45C GPU@46C PMIC@50C
1791264688.501650 10-06-2026 14:31:28 RAM 4651/6833MB (lfb 21x2MB) SWAP 256/3417MB (cached 1MB) CPU [5%@1420,5%@1420,10%@1420,77%@1420,5%@1420,5%@1420] EMC_FREQ 0% GR3D_FREQ 0% AUX@45C CPU@46C thermal@45.75C AO@45C GPU@45.5C PMIC@50C
1791264688.705066 10-06-2026 14:31:28 RAM 4619/6833MB (lfb 33x2MB) SWAP 241/3417MB (cached 1MB) CPU [20%@1190,9%@1190,4%@1190,10%@1190,9%@1190,23%@1420] EMC_FREQ 0% GR3D_FREQ 0% AUX@45C CPU@46.5C thermal@45.75C AO@45C GPU@45.5C PMIC@50C
1791264688.908599 10-06-2026 14:31:28 RAM 4315/6833MB (lfb 12x4MB) SWAP 241/3417MB (cached 1MB) CPU [59%@1420,10%@1420,38%@1420,4%@1420,0%@1420,0%@1420] EMC_FREQ 0% GR3D_FREQ 0% AUX@45C CPU@46C thermal@45.75C AO@45C GPU@45.5C PMIC@50C
1791264689.111905 10-06-2026 14:31:29 RAM 4315/6833MB (lfb 12x4MB) SWAP 241/3417MB (cached 1MB) CPU [0%@1420,4%@1420,100%@1420,4%@1420,0%@1420,4%@1420] EMC_FREQ 0% GR3D_FREQ 0% AUX@45C CPU@46C thermal@45.75C AO@45C GPU@45.5C PMIC@50C
1791264689.315016 10-06-2026 14:31:29 RAM 4314/6833MB (lfb 12x4MB) SWAP 241/3417MB (cached 1MB) CPU [0%@1420,0%@1420,100%@1420,5%@1420,0%@1420,0%@1420] EMC_FREQ 0% GR3D_FREQ 0% AUX@45C CPU@46C thermal@45.45C AO@45C GPU@45.5C PMIC@50C
1791264689.518727 10-06-2026 14:31:29 RAM 4314/6833MB (lfb 12x4MB) SWAP 241/3417MB (cached 1MB) CPU [0%@1420,0%@1420,100%@1420,9%@1420,0%@1420,0%@1420] EMC_FREQ 0% GR3D_FREQ 0% AUX@45C CPU@46C thermal@45.45C AO@45C GPU@45.5C PMIC@50C
1791264689.722372 10-06-2026 14:31:29 RAM 4302/6833MB (lfb 12x4MB) SWAP 241/3417MB (cached 1MB) CPU [0%@1420,13%@1420,100%@1420,4%@1420,0%@1420,0%@1420] EMC_FREQ 0% GR3D_FREQ 0% AUX@45C CPU@46C thermal@45.45C AO@45C GPU@45.5C PMIC@50C
1791264689.925571 10-06-2026 14:31:29 RAM 4302/6833MB (lfb 12x4MB) SWAP 241/3417MB (cached 1MB) CPU [0%@1420,0%@1420,100%@1420,0%@1420,0%@1420,0%@1420] EMC_FREQ 0% GR3D_FREQ 0% AUX@45C CPU@46C thermal@45.45C AO@45C GPU@45.5C PMIC@50C
1791264690.128838 10-06-2026 14:31:30 RAM 4300/6833MB (lfb 12x4MB) SWAP 241/3417MB (cached 1MB) CPU [4%@1420,0%@1420,100%@1420,0%@1420,0%@1420,0%@1420] EMC_FREQ 0% GR3D_FREQ 0% AUX@45C CPU@46C thermal@45.45C AO@45C GPU@45.5C PMIC@50C
1791264690.332036 10-06-2026 14:31:30 RAM 4299/6833MB (lfb 12x4MB) SWAP 241/3417MB (cached 1MB) CPU [0%@1420,0%@1420,57%@1420,38%@1420,0%@1420,0%@1420] EMC_FREQ 0% GR3D_FREQ 0% AUX@45C CPU@46C thermal@45.45C AO@45C GPU@45.5C PMIC@50C
1791264690.535475 10-06-2026 14:31:30 RAM 4299/6833MB (lfb 12x4MB) SWAP 241/3417MB (cached 1MB) CPU [0%@1420,9%@1420,45%@1420,47%@1420,0%@1420,4%@1420] EMC_FREQ 0% GR3D_FREQ 0% AUX@45.5C CPU@46C thermal@45.45C AO@45C GPU@45.5C PMIC@50C
1791264690.738655 10-06-2026 14:31:30 RAM 4299/6833MB (lfb 12x4MB) SWAP 241/3417MB (cached 1MB) CPU [0%@1420,0%@1420,100%@1420,0%@1420,4%@1420,15%@1420] EMC_FREQ 0% GR3D_FREQ 0% AUX@45C CPU@46C thermal@45.45C AO@45.5C GPU@45.5C PMIC@50C
1791264690.942288 10-06-2026 14:31:30 RAM 4299/6833MB (lfb 12x4MB) SWAP 241/3417MB (cached 1MB) CPU [5%@1420,0%@1420,73%@1420,19%@1420,0%@1420,4%@1420] EMC_FREQ 0% GR3D_FREQ 0% AUX@45C CPU@46C thermal@45.45C AO@45.5C GPU@45.5C PMIC@50C
1791264691.145502 10-06-2026 14:31:31 RAM 4298/6833MB (lfb 12x4MB) SWAP 241/3417MB (cached 1MB) CPU [0%@1420,0%@1420,9%@1420,100%@1420,0%@1420,9%@1420] EMC_FREQ 0% GR3D_FREQ 0% AUX@45.5C CPU@46C thermal@45.45C AO@45.5C GPU@45.5C PMIC@50C
1791264691.348605 10-06-2026 14:31:31 RAM 4298/6833MB (lfb 12x4MB) SWAP 241/3417MB (cached 1MB) CPU [0%@1420,4%@1420,65%@1420,26%@1420,0%@1420,0%@1420] EMC_FREQ 0% GR3D_FREQ 0% AUX@45.5C CPU@46.5C thermal@45.45C AO@45.5C GPU@45.5C PMIC@50C
1791264691.551784 10-06-2026 14:31:31 RAM 4298/6833MB (lfb 12x4MB) SWAP 241/3417MB (cached 1MB) CPU [0%@1420,4%@1420,10%@1420,80%@1420,0%@1420,0%@1420] EMC_FREQ 0% GR3D_FREQ 0% AUX@45.5C CPU@46C thermal@45.45C AO@45C GPU@45.5C PMIC@50C
1791264691.754917 10-06-2026 14:31:31 RAM 4298/6833MB (lfb 12x4MB) SWAP 241/3417MB (cached 1MB) CPU [0%@1420,0%@1420,77%@1420,19%@1420,0%@1420,0%@1420] EMC_FREQ 0% GR3D_FREQ 0% AUX@45.5C CPU@46C thermal@45.45C AO@45C GPU@45.5C PMIC@50C
1791264691.958353 10-06-2026 14:31:31 RAM 4298/6833MB (lfb 12x4MB) SWAP 241/3417MB (cached 1MB) CPU [9%@1420,0%@1420,11%@1420,42%@1420,0%@1420,0%@1420] EMC_FREQ 0% GR3D_FREQ 0% AUX@45.5C CPU@46C thermal@45.45C AO@45.5C GPU@45.5C PMIC@50C
1791264692.161535 10-06-2026 14:31:32 RAM 4298/6833MB (lfb 12x4MB) SWAP 241/3417MB (cached 1MB) CPU [4%@1420,4%@1420,65%@1420,100%@1420,0%@1420,0%@1420] EMC_FREQ 0% GR3D_FREQ 0% AUX@45C CPU@46.5C thermal@45.45C AO@45.5C GPU@45.5C PMIC@50C
1791264692.365043 10-06-2026 14:31:32 RAM 4298/6833MB (lfb 12x4MB) SWAP 241/3417MB (cached 1MB) CPU [0%@1420,0%@1420,0%@1420,100%@1420,0%@1420,4%@1420] EMC_FREQ 0% GR3D_FREQ 0% AUX@45.5C CPU@46.5C thermal@45.45C AO@45.5C GPU@45.5C PMIC@50C
1791264692.568237 10-06-2026 14:31:32 RAM 4298/6833MB (lfb 12x4MB) SWAP 241/3417MB (cached 1MB) CPU [0%@1420,0%@1420,0%@1420,100%@1420,0%@1420,14%@1420] EMC_FREQ 0% GR3D_FREQ 0% AUX@45.5C CPU@46.5C thermal@45.45C AO@45.5C GPU@45.5C PMIC@50C
1791264692.771262 10-06-2026 14:31:32 RAM 4298/6833MB (lfb 12x4MB) SWAP 241/3417MB (cached 1MB) CPU [5%@1420,0%@1420,4%@1420,75%@1420,0%@1420,0%@1420] EMC_FREQ 0% GR3D_FREQ 0% AUX@45.5C CPU@46.5C thermal@45.95C AO@45.5C GPU@45.5C PMIC@50C
1791264692.974352 10-06-2026 14:31:32 RAM 4298/6833MB (lfb 12x4MB) SWAP 241/3417MB (cached 1MB) CPU [0%@1420,4%@1420,0%@1420,95%@1420,0%@1420,0%@1420] EMC_FREQ 0% GR3D_FREQ 0% AUX@45.5C CPU@46C thermal@45.95C AO@45.5C GPU@45.5C PMIC@50C
1791264693.177518 10-06-2026 14:31:33 RAM 4298/6833MB (lfb 12x4MB) SWAP 241/3417MB (cached 1MB) CPU [0%@1420,0%@1420,45%@1420,47%@1420,0%@1420,0%@1420] EMC_FREQ 0% GR3D_FREQ 0% AUX@45.5C CPU@46.5C thermal@45.95C AO@45C GPU@45.5C PMIC@50C
1791264693.380981 10-06-2026 14:31:33 RAM 4298/6833MB (lfb 12x4MB) SWAP 241/3417MB (cached 1MB) CPU [5%@1190,0%@1190,52%@1190,14%@1190,4%@1190,5%@1190] EMC_FREQ 0% GR3D_FREQ 0% AUX@45.5C CPU@46C thermal@45.95C AO@45.5C GPU@45.5C PMIC@50C
1791264693.584616 10-06-2026 14:31:33 RAM 4298/6833MB (lfb 12x4MB) SWAP 241/3417MB (cached 1MB) CPU [0%@1420,0%@1420,9%@1420,66%@1420,4%@1420,4%@1420] EMC_FREQ 0% GR3D_FREQ 0% AUX@45.5C CPU@46.5C thermal@45.95C AO@45C GPU@45.5C PMIC@50C
1791264693.787738 10-06-2026 14:31:33 RAM 4298/6833MB (lfb 12x4MB) SWAP 241/3417MB (cached 1MB) CPU [4%@1420,4%@1420,0%@1420,100%@1420,0%@1420,0%@1420] EMC_FREQ 0% GR3D_FREQ 0% AUX@45.5C CPU@46.5C thermal@45.8C AO@45.5C GPU@45.5C PMIC@50C
1791264693.991472 10-06-2026 14:31:33 RAM 4298/6833MB (lfb 12x4MB) SWAP 241/3417MB (cached 1MB) CPU [5%@1420,0%@1420,14%@1420,63%@1420,0%@1420,0%@1420] EMC_FREQ 0% GR3D_FREQ 0% AUX@45.5C CPU@46.5C thermal@45.8C AO@45.5C GPU@45.5C PMIC@50C
1791264694.194876 10-06-2026 14:31:34 RAM 4298/6833MB (lfb 12x4MB) SWAP 241/3417MB (cached 1MB) CPU [0%@1420,0%@1420,0%@1420,100%@1420,0%@1420,5%@1420] EMC_FREQ 0% GR3D_FREQ 0% AUX@45.5C CPU@46C thermal@45.8C AO@45.5C GPU@45.5C PMIC@50C
1791264694.398272 10-06-2026 14:31:34 RAM 4298/6833MB (lfb 12x4MB) SWAP 241/3417MB (cached 1MB) CPU [0%@1420,0%@1420,0%@1420,89%@1420,0%@1420,5%@1420] EMC_FREQ 0% GR3D_FREQ 0% AUX@45.5C CPU@46C thermal@45.8C AO@45C GPU@45.5C PMIC@50C
1791264694.601843 10-06-2026 14:31:34 RAM 4298/6833MB (lfb 12x4MB) SWAP 241/3417MB (cached 1MB) CPU [0%@1420,0%@1420,5%@1420,90%@1420,0%@1420,0%@1420] EMC_FREQ 0% GR3D_FREQ 0% AUX@45.5C CPU@46C thermal@45.8C AO@45C GPU@45.5C PMIC@50C
1791264694.805347 10-06-2026 14:31:34 RAM 4298/6833MB (lfb 12x4MB) SWAP 241/3417MB (cached 1MB) CPU [0%@1420,0%@1420,0%@1420,100%@1420,0%@1420,5%@1420] EMC_FREQ 0% GR3D_FREQ 0% AUX@45.5C CPU@46C thermal@45.8C AO@45.5C GPU@45.5C PMIC@50C
1791264695.008932 10-06-2026 14:31:35 RAM 4298/6833MB (lfb 12x4MB) SWAP 241/3417MB (cached 1MB) CPU [0%@1420,4%@1420,0%@1420,100%@1420,0%@1420,0%@1420] EMC_FREQ 0% GR3D_FREQ 0% AUX@45.5C CPU@46.5C thermal@45.8C AO@45.5C GPU@45.5C PMIC@50C
1791264695.212456 10-06-2026 14:31:35 RAM 4272/6833MB (lfb 17x4MB) SWAP 241/3417MB (cached 1MB) CPU [0%@1420,0%@1420,0%@1420,100%@1420,14%@1420,4%@1420] EMC_FREQ 0% GR3D_FREQ 0% AUX@45.5C CPU@46.5C thermal@45.8C AO@45.5C GPU@45.5C PMIC@50C
1791264695.415968 10-06-2026 14:31:35 RAM 4272/6833MB (lfb 17x4MB) SWAP 241/3417MB (cached 1MB) CPU [0%@1420,9%@1420,4%@1420,100%@1420,10%@1420,0%@1420] EMC_FREQ 0% GR3D_FREQ 0% AUX@45.5C CPU@46.5C thermal@45.8C AO@45.5C GPU@45.5C PMIC@50C
1791264695.619339 10-06-2026 14:31:35 RAM 4036/6833MB (lfb 20x4MB) SWAP 241/3417MB (cached 1MB) CPU [0%@1420,0%@1420,0%@1420,100%@1420,14%@1420,0%@1420] EMC_FREQ 0% GR3D_FREQ 0% AUX@45.5C CPU@46.5C thermal@45.8C AO@46C GPU@45.5C PMIC@50C
1791264695.822749 10-06-2026 14:31:35 RAM 3732/6833MB (lfb 21x4MB) SWAP 237/3417MB (cached 1MB) CPU [5%@1190,4%@1190,25%@1420,15%@1420,0%@1420,4%@1420] EMC_FREQ 0% GR3D_FREQ 0% AUX@45.5C CPU@46.5C thermal@45.8C AO@45.5C GPU@45.5C PMIC@50C
1791264696.026036 10-06-2026 14:31:36 RAM 3732/6833MB (lfb 21x4MB) SWAP 237/3417MB (cached 1MB) CPU [4%@1190,0%@1190,4%@1190,0%@1190,0%@1190,0%@1190] EMC_FREQ 0% GR3D_FREQ 0% AUX@45.5C CPU@46.5C thermal@45.65C AO@45.5C GPU@45.5C PMIC@50C
1791264696.229182 10-06-2026 14:31:36 RAM 3732/6833MB (lfb 21x4MB) SWAP 237/3417MB (cached 1MB) CPU [0%@1190,0%@1190,0%@1190,0%@1420,0%@1420,0%@1420] EMC_FREQ 0% GR3D_FREQ 0% AUX@45.5C CPU@46C thermal@45.65C AO@45.5C GPU@45.5C PMIC@50C
1791264696.433152 10-06-2026 14:31:36 RAM 3727/6833MB (lfb 21x4MB) SWAP 237/3417MB (cached 1MB) CPU [0%@1420,0%@1420,65%@1420,0%@1420,0%@1420,23%@1420] EMC_FREQ 0% GR3D_FREQ 0% AUX@45.5C CPU@46.5C thermal@45.65C AO@45.5C GPU@46C PMIC@50C
1791264696.636723 10-06-2026 14:31:36 RAM 3727/6833MB (lfb 21x4MB) SWAP 237/3417MB (cached 1MB) CPU [4%@1190,0%@1190,0%@1190,0%@1190,9%@1190,65%@1190] EMC_FREQ 0% GR3D_FREQ 0% AUX@45.5C CPU@46.5C thermal@45.65C AO@45.5C GPU@46C PMIC@50C
1791264696.841012 10-06-2026 14:31:36 RAM 3715/6833MB (lfb 21x4MB) SWAP 237/3417MB (cached 1MB) CPU [0%@1190,9%@1190,0%@1190,4%@1190,10%@1190,5%@1190] EMC_FREQ 0% GR3D_FREQ 0% AUX@45.5C CPU@46C thermal@45.65C AO@45.5C GPU@45.5C PMIC@50C
1791264697.044545 10-06-2026 14:31:37 RAM 2956/6833MB (lfb 57x4MB) SWAP 237/3417MB (cached 1MB) CPU [4%@1420,100%@1420,0%@1420,0%@1420,0%@1420,0%@1420] EMC_FREQ 0% GR3D_FREQ 0% AUX@45.5C CPU@46.5C thermal@45.65C AO@45.5C GPU@45.5C PMIC@50C
1791264697.248352 10-06-2026 14:31:37 RAM 1748/6833MB (lfb 120x4MB) SWAP 237/3417MB (cached 1MB) CPU [0%@1420,100%@1420,65%@1420,0%@1420,0%@1420,0%@1420] EMC_FREQ 0% GR3D_FREQ 0% AUX@45.5C CPU@46.5C thermal@45.65C AO@45.5C GPU@45.5C PMIC@50C
