1791263772.600903 10-06-2026 14:16:12 RAM 1589/6833MB (lfb 173x4MB) SWAP 186/3417MB (cached 1MB) CPU [0%@1420,0%@1420,0%@1420,4%@1420,0%@1420,95%@1420] EMC_FREQ 0% GR3D_FREQ 0% AUX@40.5C CPU@41.5C thermal@40.95C AO@41C GPU@41C PMIC@50C
1791263772.804020 10-06-2026 14:16:12 RAM 1590/6833MB (lfb 173x4MB) SWAP 186/3417MB (cached 1MB) CPU [0%@1420,4%@1420,0%@1420,0%@1420,0%@1420,95%@1420] EMC_FREQ 0% GR3D_FREQ 0% AUX@40.5C CPU@41.5C thermal@40.95C AO@41C GPU@40.5C PMIC@50C
1791263773.007289 10-06-2026 14:16:13 RAM 1591/6833MB (lfb 173x4MB) SWAP 186/3417MB (cached 1MB) CPU [4%@1420,0%@1420,0%@1420,0%@1420,0%@1420,94%@1420] EMC_FREQ 0% GR3D_FREQ 0% AUX@40.5C CPU@41.5C thermal@40.95C AO@41C GPU@40.5C PMIC@50C
1791263773.210556 10-06-2026 14:16:13 RAM 1592/6833MB (lfb 173x4MB) SWAP 186/3417MB (cached 1MB) CPU [0%@1420,0%@1420,4%@1420,5%@1420,9%@1420,95%@1420] EMC_FREQ 0% GR3D_FREQ 0% AUX@40.5C CPU@41.5C thermal@41C AO@41C GPU@41C PMIC@50C
1791263773.413948 10-06-2026 14:16:13 RAM 1593/6833MB (lfb 173x4MB) SWAP 186/3417MB (cached 1MB) CPU [9%@1420,4%@1420,0%@1420,50%@1420,0%@1420,50%@1420] EMC_FREQ 0% GR3D_FREQ 0% AUX@40.5C CPU@41.5C thermal@41C AO@41C GPU@41C PMIC@50C
1791263773.617134 10-06-2026 14:16:13 RAM 1594/6833MB (lfb 173x4MB) SWAP 186/3417MB (cached 1MB) CPU [0%@1420,0%@1420,0%@1420,89%@1420,0%@1420,4%@1420] EMC_FREQ 0% GR3D_FREQ 0% AUX@41C CPU@41.5C thermal@41C AO@41C GPU@41C PMIC@50C
1791263773.820580 10-06-2026 14:16:13 RAM 1596/6833MB (lfb 173x4MB) SWAP 186/3417MB (cached 1MB) CPU [0%@1420,4%@1420,0%@1420,90%@1420,0%@1420,0%@1420] EMC_FREQ 0% GR3D_FREQ 0% AUX@40.5C CPU@41.5C thermal@41C AO@41C GPU@41C PMIC@50C
1791263774.024057 10-06-2026 14:16:14 RAM 1596/6833MB (lfb 173x4MB) SWAP 186/3417MB (cached 1MB) CPU [0%@1190,0%@1190,20%@1190,33%@1190,0%@1190,0%@1190] EMC_FREQ 0% GR3D_FREQ 0% AUX@40.5C CPU@41.5C thermal@41C AO@41C GPU@40.5C PMIC@50C
1791263774.227673 10-06-2026 14:16:14 RAM 1596/6833MB (lfb 173x4MB) SWAP 186/3417MB (cached 1MB) CPU [4%@1190,4%@1190,27%@1420,10%@1420,0%@1420,0%@1420] EMC_FREQ 0% GR3D_FREQ 0% AUX@40.5C CPU@41.5C thermal@40.8C AO@40.5C GPU@40.5C PMIC@50C
1791263774.431120 10-06-2026 14:16:14 RAM 1597/6833MB (lfb 173x4MB) SWAP 186/3417MB (cached 1MB) CPU [0%@1190,0%@1190,15%@1190,5%@1190,4%@1190,4%@1190] EMC_FREQ 0% GR3D_FREQ 0% AUX@40.5C CPU@41.5C thermal@40.8C AO@40.5C GPU@40.5C PMIC@50C
1791263774.634686 10-06-2026 14:16:14 RAM 1597/6833MB (lfb 173x4MB) SWAP 186/3417MB (cached 1MB) CPU [5%@1190,4%@1190,25%@1190,5%@1190,0%@1190,0%@1190] EMC_FREQ 0% GR3D_FREQ 0% AUX@40.5C CPU@41.5C thermal@40.8C AO@41C GPU@40.5C PMIC@50C
1791263774.838297 10-06-2026 14:16:14 RAM 1598/6833MB (lfb 173x4MB) SWAP 186/3417MB (cached 1MB) CPU [0%@1190,0%@1190,25%@1190,14%@1190,4%@1190,0%@1190] EMC_FREQ 0% GR3D_FREQ 0% AUX@41C CPU@41.5C thermal@40.8C AO@41C GPU@41C PMIC@50C
1791263775.041581 10-06-2026 14:16:15 RAM 1599/6833MB (lfb 173x4MB) SWAP 186/3417MB (cached 1MB) CPU [5%@1420,5%@1420,84%@1420,19%@1420,0%@1420,0%@1420] EMC_FREQ 0% GR3D_FREQ 0% AUX@40.5C CPU@41.5C thermal@40.8C AO@41C GPU@40.5C PMIC@50C
1791263775.245036 10-06-2026 14:16:15 RAM 1599/6833MB (lfb 173x4MB) SWAP 186/3417MB (cached 1MB) CPU [13%@1420,0%@1420,0%@1420,94%@1420,0%@1420,0%@1420] EMC_FREQ 0% GR3D_FREQ 0% AUX@40.5C CPU@41.5C thermal@40.8C AO@41C GPU@40.5C PMIC@50C
1791263775.448380 10-06-2026 14:16:15 RAM 1600/6833MB (lfb 173x4MB) SWAP 186/3417MB (cached 1MB) CPU [0%@1420,0%@1420,0%@1420,100%@1420,4%@1420,0%@1420] EMC_FREQ 0% GR3D_FREQ 0% AUX@40.5C CPU@41.5C thermal@40.8C AO@41C GPU@41C PMIC@50C
1791263775.652108 10-06-2026 14:16:15 RAM 1604/6833MB (lfb 173x4MB) SWAP 186/3417MB (cached 1MB) CPU [4%@1420,4%@1420,60%@1420,26%@1420,0%@1420,0%@1420] EMC_FREQ 0% GR3D_FREQ 0% AUX@40.5C CPU@41.5C thermal@40.8C AO@41C GPU@41C PMIC@50C
1791263775.855438 10-06-2026 14:16:15 RAM 1605/6833MB (lfb 173x4MB) SWAP 186/3417MB (cached 1MB) CPU [0%@1420,0%@1420,95%@1420,0%@1420,0%@1420,0%@1420] EMC_FREQ 0% GR3D_FREQ 0% AUX@40.5C CPU@41.5C thermal@40.8C AO@40.5C GPU@40.5C PMIC@50C
1791263776.058804 10-06-2026 14:16:16 RAM 1612/6833MB (lfb 173x4MB) SWAP 186/3417MB (cached 1MB) CPU [0%@1420,0%@1420,85%@1420,0%@1420,4%@1420,0%@1420] EMC_FREQ 0% GR3D_FREQ 0% AUX@40.5C CPU@41.5C thermal@40.8C AO@41C GPU@40.5C PMIC@50C
1791263776.262437 10-06-2026 14:16:16 RAM 1619/6833MB (lfb 173x4MB) SWAP 186/3417MB (cached 1MB) CPU [100%@1420,100%@1420,100%@1420,100%@1420,100%@1420,95%@1420] EMC_FREQ 0% GR3D_FREQ 0% AUX@40.5C CPU@42C thermal@40.8C AO@41C GPU@40.5C PMIC@50C
1791263776.465729 10-06-2026 14:16:16 RAM 1624/6833MB (lfb 173x4MB) SWAP 186/3417MB (cached 1MB) CPU [100%@1420,100%@1420,100%@1420,100%@1420,100%@1420,94%@1420] EMC_FREQ 0% GR3D_FREQ 0% AUX@40.5C CPU@42C thermal@41.1C AO@40.5C GPU@40.5C PMIC@50C
1791263776.669086 10-06-2026 14:16:16 RAM 1627/6833MB (lfb 173x4MB) SWAP 186/3417MB (cached 1MB) CPU [100%@1420,100%@1420,100%@1420,100%@1420,100%@1420,84%@1420] EMC_FREQ 0% GR3D_FREQ 0% AUX@40.5C CPU@42C thermal@41.1C AO@41C GPU@40.5C PMIC@50C
1791263776.872604 10-06-2026 14:16:16 RAM 1628/6833MB (lfb 173x4MB) SWAP 186/3417MB (cached 1MB) CPU [100%@1420,100%@1420,100%@1420,100%@1420,94%@1420,100%@1420] EMC_FREQ 0% GR3D_FREQ 0% AUX@40.5C CPU@42C thermal@41.1C AO@41C GPU@41C PMIC@50C
1791263777.075962 10-06-2026 14:16:17 RAM 1630/6833MB (lfb 173x4MB) SWAP 186/3417MB (cached 1MB) CPU [100%@1420,100%@1420,100%@1420,100%@1420,83%@1420,100%@1420] EMC_FREQ 0% GR3D_FREQ 0% AUX@40.5C CPU@42C thermal@41.1C AO@41C GPU@41C PMIC@50C
1791263777.279506 10-06-2026 14:16:17 RAM 1634/6833MB (lfb 173x4MB) SWAP 186/3417MB (cached 1MB) CPU [100%@1420,100%@1420,100%@1420,100%@1420,80%@1420,100%@1420] EMC_FREQ 0% GR3D_FREQ 0% AUX@40.5C CPU@42C thermal@41.1C AO@41C GPU@41C PMIC@50C
1791263777.483382 10-06-2026 14:16:17 RAM 1635/6833MB (lfb 173x4MB) SWAP 186/3417MB (cached 1MB) CPU [100%@1420,100%@1420,100%@1420,100%@1420,94%@1420,100%@1420] EMC_FREQ 0% GR3D_FREQ 0% AUX@40.5C CPU@42C thermal@41.1C AO@41C GPU@40.5C PMIC@50C
1791263777.686711 10-06-2026 14:16:17 RAM 1636/6833MB (lfb 173x4MB) SWAP 186/3417MB (cached 1MB) CPU [100%@1420,100%@1420,100%@1420,100%@1420,95%@1420,100%@1420] EMC_FREQ 0% GR3D_FREQ 0% AUX@40.5C CPU@42.5C thermal@40.95C AO@41C GPU@40.5C PMIC@50C
1791263777.890754 10-06-2026 14:16:17 RAM 1636/6833MB (lfb 173x4MB) SWAP 186/3417MB (cached 1MB) CPU [100%@1420,100%@1420,100%@1420,100%@1420,95%@1420,100%@1420] EMC_FREQ 0% GR3D_FREQ 0% AUX@40.5C CPU@42.5C thermal@40.95C AO@41C GPU@41C PMIC@50C
1791263778.094212 10-06-2026 14:16:18 RAM 1638/6833MB (lfb 173x4MB) SWAP 186/3417MB (cached 1MB) CPU [100%@1420,100%@1420,100%@1420,100%@1420,89%@1420,100%@1420] EMC_FREQ 0% GR3D_FREQ 0% AUX@40.5C CPU@42.5C thermal@40.95C AO@41C GPU@41C PMIC@50C
1791263778.297611 10-06-2026 14:16:18 RAM 1639/6833MB (lfb 173x4MB) SWAP 186/3417MB (cached 1MB) CPU [100%@1420,100%@1420,100%@1420,100%@1420,90%@1420,100%@1420] EMC_FREQ 0% GR3D_FREQ 0% AUX@41C CPU@42C thermal@40.95C AO@41C GPU@40.5C PMIC@50C
1791263778.501008 10-06-2026 14:16:18 RAM 1641/6833MB (lfb 173x4MB) SWAP 186/3417MB (cached 1MB) CPU [100%@1420,100%@1420,100%@1420,100%@1420,86%@1420,100%@1420] EMC_FREQ 0% GR3D_FREQ 0% AUX@40.5C CPU@42C thermal@40.95C AO@41C GPU@40.5C PMIC@50C
1791263778.704468 10-06-2026 14:16:18 RAM 1642/6833MB (lfb 173x4MB) SWAP 186/3417MB (cached 1MB) CPU [100%@1420,100%@1420,100%@1420,100%@1420,94%@1420,100%@1420] EMC_FREQ 0% GR3D_FREQ 0% AUX@41C CPU@42C thermal@41.1C AO@41C GPU@41C PMIC@50C
1791263778.907879 10-06-2026 14:16:18 RAM 1645/6833MB (lfb 173x4MB) SWAP 186/3417MB (cached 1MB) CPU [100%@1420,100%@1420,100%@1420,100%@1420,100%@1420,100%@1420] EMC_FREQ 0% GR3D_FREQ 0% AUX@40.5C CPU@42.5C thermal@41.1C AO@41C GPU@40.5C PMIC@50C
1791263779.129104 10-06-2026 14:16:19 RAM 1648/6833MB (lfb 173x4MB) SWAP 186/3417MB (cached 1MB) CPU [100%@1420,100%@1420,86%@1420,100%@1420,95%@1420,100%@1420] EMC_FREQ 0% GR3D_FREQ 0% AUX@41C CPU@42.5C thermal@41.1C AO@41C GPU@41C PMIC@50C
1791263779.350446 10-06-2026 14:16:19 RAM 1650/6833MB (lfb 173x4MB) SWAP 186/3417MB (cached 1MB) CPU [95%@1420,100%@1420,100%@1420,100%@1420,100%@1420,100%@1420] EMC_FREQ 0% GR3D_FREQ 0% AUX@41C CPU@42.5C thermal@41.1C AO@41C GPU@40.5C PMIC@50C
1791263779.554543 10-06-2026 14:16:19 RAM 1655/6833MB (lfb 173x4MB) SWAP 186/3417MB (cached 1MB) CPU [100%@1420,100%@1420,100%@1420,100%@1420,100%@1420,100%@1420] EMC_FREQ 0% GR3D_FREQ 0% AUX@41C CPU@42.5C thermal@41.1C AO@41C GPU@40.5C PMIC@50C
1791263779.758444 10-06-2026 14:16:19 RAM 1667/6833MB (lfb 173x4MB) SWAP 185/3417MB (cached 1MB) CPU [90%@1420,72%@1420,100%@1420,100%@1420,100%@1420,100%@1420] EMC_FREQ 0% GR3D_FREQ 0% AUX@41C CPU@42.5C thermal@41.1C AO@41C GPU@41C PMIC@50C
1791263779.962695 10-06-2026 14:16:19 RAM 1685/6833MB (lfb 173x4MB) SWAP 185/3417MB (cached 1MB) CPU [100%@1420,90%@1420,95%@1420,100%@1420,100%@1420,100%@1420] EMC_FREQ 0% GR3D_FREQ 0% AUX@41C CPU@42C thermal@41.45C AO@41C GPU@40.5C PMIC@50C
1791263780.166053 10-06-2026 14:16:20 RAM 1687/6833MB (lfb 173x4MB) SWAP 185/3417MB (cached 1MB) CPU [100%@1420,15%@1420,100%@1420,100%@1420,100%@1420,100%@1420] EMC_FREQ 0% GR3D_FREQ 0% AUX@41C CPU@42.5C thermal@41.45C AO@41C GPU@41C PMIC@50C
1791263780.369483 10-06-2026 14:16:20 RAM 1709/6833MB (lfb 173x4MB) SWAP 185/3417MB (cached 1MB) CPU [100%@1420,42%@1420,100%@1420,100%@1420,100%@1420,100%@1420] EMC_FREQ 0% GR3D_FREQ 0% AUX@41C CPU@42.5C thermal@41.45C AO@41C GPU@41C PMIC@50C
1791263780.573044 10-06-2026 14:16:20 RAM 1723/6833MB (lfb 173x4MB) SWAP 185/3417MB (cached 1MB) CPU [95%@1420,70%@1420,100%@1420,100%@1420,100%@1420,71%@1420] EMC_FREQ 0% GR3D_FREQ 0% AUX@41C CPU@42.5C thermal@41.45C AO@41C GPU@41C PMIC@50C
1791263780.776855 10-06-2026 14:16:20 RAM 1745/6833MB (lfb 173x4MB) SWAP 185/3417MB (cached 1MB) CPU [100%@1420,95%@1420,100%@1420,100%@1420,100%@1420,100%@1420] EMC_FREQ 0% GR3D_FREQ 0% AUX@41C CPU@42.5C thermal@41.45C AO@41C GPU@40.5C PMIC@50C
1791263780.981637 10-06-2026 14:16:20 RAM 1746/6833MB (lfb 173x4MB) SWAP 185/3417MB (cached 1MB) CPU [100%@1420,70%@1420,100%@1420,100%@1420,100%@1420,100%@1420] EMC_FREQ 0% GR3D_FREQ 0% AUX@41C CPU@42.5C thermal@41.3C AO@41.5C GPU@41C PMIC@50C
1791263781.185375 10-06-2026 14:16:21 RAM 1748/6833MB (lfb 173x4MB) SWAP 185/3417MB (cached 1MB) CPU [100%@1420,100%@1420,100%@1420,100%@1420,100%@1420,100%@1420] EMC_FREQ 0% GR3D_FREQ 0% AUX@41C CPU@42.5C thermal@41.3C AO@41.5C GPU@41C PMIC@50C
1791263781.388798 10-06-2026 14:16:21 RAM 1749/6833MB (lfb 173x4MB) SWAP 185/3417MB (cached 1MB) CPU [95%@1420,95%@1420,100%@1420,100%@1420,100%@1420,100%@1420] EMC_FREQ 0% GR3D_FREQ 0% AUX@41C CPU@42.5C thermal@41.3C AO@41C GPU@41C PMIC@50C
1791263781.592128 10-06-2026 14:16:21 RAM 1753/6833MB (lfb 173x4MB) SWAP 185/3417MB (cached 1MB) CPU [100%@1420,100%@1420,100%@1420,100%@1420,100%@1420,100%@1420] EMC_FREQ 0% GR3D_FREQ 0% AUX@41C CPU@42.5C thermal@41.3C AO@41C GPU@41C PMIC@50C
1791263781.795360 10-06-2026 14:16:21 RAM 1757/6833MB (lfb 173x4MB) SWAP 185/3417MB (cached 1MB) CPU [100%@1420,100%@1420,100%@1420,100%@1420,100%@1420,100%@1420] EMC_FREQ 0% GR3D_FREQ 0% AUX@41C CPU@42.5C thermal@41.3C AO@41C GPU@41C PMIC@50C
1791263781.998797 10-06-2026 14:16:21 RAM 1759/6833MB (lfb 173x4MB) SWAP 185/3417MB (cached 1MB) CPU [100%@1420,100%@1420,100%@1420,100%@1420,100%@1420,100%@1420] EMC_FREQ 0% GR3D_FREQ 0% AUX@41C CPU@42.5C thermal@41.3C AO@41.5C GPU@41C PMIC@50C
1791263782.203259 10-06-2026 14:16:22 RAM 1762/6833MB (lfb 173x4MB) SWAP 185/3417MB (cached 1MB) CPU [100%@1420,100%@1420,100%@1420,100%@1420,100%@1420,100%@1420] EMC_FREQ 0% GR3D_FREQ 0% AUX@41C CPU@43C thermal@41.45C AO@41.5C GPU@41.5C PMIC@50C
1791263782.407631 10-06-2026 14:16:22 RAM 1766/6833MB (lfb 173x4MB) SWAP 185/3417MB (cached 1MB) CPU [100%@1420,100%@1420,100%@1420,100%@1420,100%@1420,100%@1420] EMC_FREQ 0% GR3D_FREQ 0% AUX@41.5C CPU@42.5C thermal@41.45C AO@41.5C GPU@41C PMIC@50C
1791263782.610937 10-06-2026 14:16:22 RAM 1769/6833MB (lfb 173x4MB) SWAP 184/3417MB (cached 1MB) CPU [100%@1420,100%@1420,100%@1420,100%@1420,100%@1420,100%@1420] EMC_FREQ 0% GR3D_FREQ 0% AUX@41.5C CPU@42.5C thermal@41.45C AO@41C GPU@41C PMIC@50C
1791263782.814215 10-06-2026 14:16:22 RAM 1772/6833MB (lfb 173x4MB) SWAP 184/3417MB (cached 1MB) CPU [100%@1420,100%@1420,100%@1420,100%@1420,100%@1420,100%@1420] EMC_FREQ 0% GR3D_FREQ 0% AUX@41.5C CPU@42.5C thermal@41.45C AO@41.5C GPU@41C PMIC@50C
1791263783.018281 10-06-2026 14:16:23 RAM 1775/6833MB (lfb 173x4MB) SWAP 184/3417MB (cached 1MB) CPU [100%@1420,100%@1420,100%@1420,100%@1420,100%@1420,100%@1420] EMC_FREQ 0% GR3D_FREQ 0% AUX@41.5C CPU@43C thermal@41.45C AO@41.5C GPU@41C PMIC@50C
1791263783.221769 10-06-2026 14:16:23 RAM 1777/6833MB (lfb 173x4MB) SWAP 184/3417MB (cached 1MB) CPU [100%@1420,100%@1420,100%@1420,100%@1420,100%@1420,100%@1420] EMC_FREQ 0% GR3D_FREQ 0% AUX@41.5C CPU@43C thermal@41.65C AO@41.5C GPU@41C PMIC@50C
1791263783.426318 10-06-2026 14:16:23 RAM 1779/6833MB (lfb 173x4MB) SWAP 184/3417MB (cached 1MB) CPU [100%@1420,100%@1420,100%@1420,100%@1420,100%@1420,100%@1420] EMC_FREQ 0% GR3D_FREQ 0% AUX@41.5C CPU@43C thermal@41.65C AO@41.5C GPU@41.5C PMIC@50C
1791263783.630379 10-06-2026 14:16:23 RAM 1782/6833MB (lfb 173x4MB) SWAP 184/3417MB (cached 1MB) CPU [100%@1420,100%@1420,100%@1420,100%@1420,100%@1420,100%@1420] EMC_FREQ 0% GR3D_FREQ 0% AUX@41.5C CPU@43C thermal@41.65C AO@41.5C GPU@41.5C PMIC@50C
1791263783.833445 10-06-2026 14:16:23 RAM 1785/6833MB (lfb 173x4MB) SWAP 184/3417MB (cached 1MB) CPU [100%@1420,100%@1420,100%@1420,100%@1420,100%@1420,100%@1420] EMC_FREQ 0% GR3D_FREQ 0% AUX@41.5C CPU@42.5C thermal@41.65C AO@41.5C GPU@41C PMIC@50C
1791263784.037007 10-06-2026 14:16:24 RAM 1789/6833MB (lfb 173x4MB) SWAP 184/3417MB (cached 1MB) CPU [100%@1420,100%@1420,100%@1420,100%@1420,100%@1420,100%@1420] EMC_FREQ 0% GR3D_FREQ 0% AUX@41.5C CPU@43C thermal@41.65C AO@41.5C GPU@41.5C PMIC@50C
1791263784.240707 10-06-2026 14:16:24 RAM 1800/6833MB (lfb 173x4MB) SWAP 184/3417MB (cached 1MB) CPU [100%@1420,100%@1420,100%@1420,100%@1420,100%@1420,100%@1420] EMC_FREQ 0% GR3D_FREQ 0% AUX@41.5C CPU@43C thermal@41.65C AO@41.5C GPU@41.5C PMIC@50C
1791263784.444033 10-06-2026 14:16:24 RAM 1803/6833MB (lfb 173x4MB) SWAP 184/3417MB (cached 1MB) CPU [100%@1420,100%@1420,100%@1420,100%@1420,100%@1420,100%@1420] EMC_FREQ 0% GR3D_FREQ 0% AUX@41.5C CPU@43C thermal@41.95C AO@41.5C GPU@41.5C PMIC@50C
1791263784.647243 10-06-2026 14:16:24 RAM 1804/6833MB (lfb 173x4MB) SWAP 184/3417MB (cached 1MB) CPU [100%@1420,95%@1420,100%@1420,100%@1420,100%@1420,100%@1420] EMC_FREQ 0% GR3D_FREQ 0% AUX@41.5C CPU@43C thermal@41.95C AO@41.5C GPU@41.5C PMIC@50C
1791263784.850677 10-06-2026 14:16:24 RAM 1809/6833MB (lfb 173x4MB) SWAP 184/3417MB (cached 1MB) CPU [100%@1420,52%@1420,84%@1420,100%@1420,100%@1420,100%@1420] EMC_FREQ 0% GR3D_FREQ 0% AUX@41.5C CPU@43C thermal@41.95C AO@41.5C GPU@41C PMIC@50C
1791263785.053906 10-06-2026 14:16:25 RAM 1810/6833MB (lfb 173x4MB) SWAP 184/3417MB (cached 1MB) CPU [100%@1420,94%@1420,100%@1420,100%@1420,100%@1420,100%@1420] EMC_FREQ 0% GR3D_FREQ 0% AUX@41.5C CPU@43C thermal@41.95C AO@41.5C GPU@41.5C PMIC@50C
1791263785.331296 10-06-2026 14:16:25 RAM 1811/6833MB (lfb 173x4MB) SWAP 184/3417MB (cached 1MB) CPU [96%@1420,89%@1420,100%@1420,100%@1420,100%@1420,100%@1420] EMC_FREQ 0% GR3D_FREQ 0% AUX@41.5C CPU@43C thermal@41.95C AO@41.5C GPU@41.5C PMIC@50C
1791263785.534826 10-06-2026 14:16:25 RAM 1814/6833MB (lfb 173x4MB) SWAP 184/3417MB (cached 1MB) CPU [100%@1420,80%@1420,100%@1420,100%@1420,100%@1420,100%@1420] EMC_FREQ 0% GR3D_FREQ 0% AUX@41.5C CPU@43C thermal@41.95C AO@41.5C GPU@41.5C PMIC@50C
1791263785.738512 10-06-2026 14:16:25 RAM 1815/6833MB (lfb 173x4MB) SWAP 184/3417MB (cached 1MB) CPU [100%@1420,95%@1420,100%@1420,100%@1420,100%@1420,100%@1420] EMC_FREQ 0% GR3D_FREQ 0% AUX@41.5C CPU@43C thermal@41.95C AO@41.5C GPU@41.5C PMIC@50C
1791263785.941876 10-06-2026 14:16:25 RAM 1816/6833MB (lfb 173x4MB) SWAP 184/3417MB (cached 1MB) CPU [100%@1420,95%@1420,100%@1420,100%@1420,100%@1420,100%@1420] EMC_FREQ 0% GR3D_FREQ 0% AUX@42C CPU@43C thermal@41.95C AO@41.5C GPU@41.5C PMIC@50C
1791263786.145285 10-06-2026 14:16:26 RAM 1817/6833MB (lfb 173x4MB) SWAP 184/3417MB (cached 1MB) CPU [95%@1420,100%@1420,100%@1420,100%@1420,100%@1420,100%@1420] EMC_FREQ 0% GR3D_FREQ 0% AUX@42C CPU@43C thermal@41.95C AO@41.5C GPU@41.5C PMIC@50C
1791263786.348713 10-06-2026 14:16:26 RAM 1819/6833MB (lfb 173x4MB) SWAP 184/3417MB (cached 1MB) CPU [78%@1420,100%@1420,100%@1420,100%@1420,100%@1420,100%@1420] EMC_FREQ 0% GR3D_FREQ 0% AUX@42C CPU@43C thermal@41.95C AO@42C GPU@41.5C PMIC@50C
1791263786.552057 10-06-2026 14:16:26 RAM 1821/6833MB (lfb 173x4MB) SWAP 184/3417MB (cached 1MB) CPU [85%@1420,100%@1420,100%@1420,100%@1420,100%@1420,100%@1420] EMC_FREQ 0% GR3D_FREQ 0% AUX@42C CPU@43C thermal@42.15C AO@41.5C GPU@41.5C PMIC@50C
1791263786.755317 10-06-2026 14:16:26 RAM 1822/6833MB (lfb 173x4MB) SWAP 184/3417MB (cached 1MB) CPU [94%@1420,100%@1420,100%@1420,100%@1420,100%@1420,100%@1420] EMC_FREQ 0% GR3D_FREQ 0% AUX@42C CPU@43C thermal@42.15C AO@42C GPU@41.5C PMIC@50C
1791263786.958654 10-06-2026 14:16:26 RAM 1824/6833MB (lfb 173x4MB) SWAP 184/3417MB (cached 1MB) CPU [90%@1420,100%@1420,100%@1420,100%@1420,100%@1420,100%@1420] EMC_FREQ 0% GR3D_FREQ 0% AUX@42C CPU@43C thermal@42.15C AO@41.5C GPU@41.5C PMIC@50C
1791263787.161889 10-06-2026 14:16:27 RAM 1824/6833MB (lfb 173x4MB) SWAP 184/3417MB (cached 1MB) CPU [100%@1420,100%@1420,100%@1420,100%@1420,100%@1420,100%@1420] EMC_FREQ 0% GR3D_FREQ 0% AUX@42C CPU@43.5C thermal@42.15C AO@42C GPU@41.5C PMIC@50C
1791263787.365107 10-06-2026 14:16:27 RAM 1825/6833MB (lfb 173x4MB) SWAP 184/3417MB (cached 1MB) CPU [85%@1420,100%@1420,100%@1420,100%@1420,100%@1420,100%@1420] EMC_FREQ 0% GR3D_FREQ 0% AUX@42C CPU@43.5C thermal@42.15C AO@42C GPU@41.5C PMIC@50C
1791263787.568464 10-06-2026 14:16:27 RAM 1827/6833MB (lfb 173x4MB) SWAP 184/3417MB (cached 1MB) CPU [90%@1420,100%@1420,100%@1420,100%@1420,100%@1420,100%@1420] EMC_FREQ 0% GR3D_FREQ 0% AUX@42C CPU@43C thermal@42.15C AO@41.5C GPU@41.5C PMIC@50C
1791263787.771669 10-06-2026 14:16:27 RAM 1829/6833MB (lfb 173x4MB) SWAP 184/3417MB (cached 1MB) CPU [94%@1420,100%@1420,100%@1420,100%@1420,100%@1420,100%@1420] EMC_FREQ 0% GR3D_FREQ 0% AUX@42C CPU@43.5C thermal@42.3C AO@42C GPU@41.5C PMIC@50C
1791263787.975134 10-06-2026 14:16:27 RAM 1833/6833MB (lfb 173x4MB) SWAP 184/3417MB (cached 1MB) CPU [87%@1420,90%@1420,100%@1420,100%@1420,100%@1420,100%@1420] EMC_FREQ 0% GR3D_FREQ 0% AUX@42C CPU@43.5C thermal@42.3C AO@42C GPU@42C PMIC@50C
1791263788.178506 10-06-2026 14:16:28 RAM 1833/6833MB (lfb 173x4MB) SWAP 184/3417MB (cached 1MB) CPU [100%@1420,100%@1420,100%@1420,100%@1420,100%@1420,100%@1420] EMC_FREQ 0% GR3D_FREQ 0% AUX@42C CPU@43.5C thermal@42.3C AO@42C GPU@42C PMIC@50C
1791263788.382016 10-06-2026 14:16:28 RAM 1835/6833MB (lfb 173x4MB) SWAP 184/3417MB (cached 1MB) CPU [100%@1420,94%@1420,100%@1420,100%@1420,100%@1420,100%@1420] EMC_FREQ 0% GR3D_FREQ 0% AUX@42C CPU@43.5C thermal@42.3C AO@42C GPU@42C PMIC@50C
1791263788.586983 10-06-2026 14:16:28 RAM 1838/6833MB (lfb 173x4MB) SWAP 184/3417MB (cached 1MB) CPU [100%@1420,76%@1420,100%@1420,100%@1420,100%@1420,100%@1420] EMC_FREQ 0% GR3D_FREQ 0% AUX@42C CPU@43.5C thermal@42.3C AO@42C GPU@41.5C PMIC@50C
1791263788.790163 10-06-2026 14:16:28 RAM 1839/6833MB (lfb 173x4MB) SWAP 184/3417MB (cached 1MB) CPU [100%@1420,95%@1420,90%@1420,100%@1420,100%@1420,100%@1420] EMC_FREQ 0% GR3D_FREQ 0% AUX@42C CPU@43.5C thermal@42.45C AO@42C GPU@42C PMIC@50C
1791263788.993642 10-06-2026 14:16:28 RAM 1839/6833MB (lfb 173x4MB) SWAP 184/3417MB (cached 1MB) CPU [95%@1420,100%@1420,100%@1420,100%@1420,100%@1420,100%@1420] EMC_FREQ 0% GR3D_FREQ 0% AUX@42C CPU@43.5C thermal@42.45C AO@42C GPU@42C PMIC@50C
1791263789.197996 10-06-2026 14:16:29 RAM 1839/6833MB (lfb 173x4MB) SWAP 184/3417MB (cached 1MB) CPU [94%@1420,94%@1420,100%@1420,100%@1420,100%@1420,100%@1420] EMC_FREQ 0% GR3D_FREQ 0% AUX@42C CPU@43.5C thermal@42.45C AO@42C GPU@42C PMIC@50C
1791263789.401512 10-06-2026 14:16:29 RAM 1840/6833MB (lfb 173x4MB) SWAP 184/3417MB (cached 1MB) CPU [100%@1420,90%@1420,100%@1420,100%@1420,100%@1420,100%@1420] EMC_FREQ 0% GR3D_FREQ 0% AUX@42C CPU@43.5C thermal@42.45C AO@42C GPU@42C PMIC@50C
1791263789.604820 10-06-2026 14:16:29 RAM 1840/6833MB (lfb 173x4MB) SWAP 184/3417MB (cached 1MB) CPU [100%@1420,100%@1420,100%@1420,100%@1420,100%@1420,100%@1420] EMC_FREQ 0% GR3D_FREQ 0% AUX@42C CPU@43.5C thermal@42.45C AO@42C GPU@42C PMIC@50C
1791263789.808213 10-06-2026 14:16:29 RAM 1841/6833MB (lfb 173x4MB) SWAP 184/3417MB (cached 1MB) CPU [100%@1420,90%@1420,100%@1420,100%@1420,90%@1420,100%@1420] EMC_FREQ 0% GR3D_FREQ 0% AUX@42C CPU@43.5C thermal@42.45C AO@42C GPU@42C PMIC@50C
1791263790.011616 10-06-2026 14:16:30 RAM 1841/6833MB (lfb 173x4MB) SWAP 184/3417MB (cached 1MB) CPU [95%@1420,95%@1420,100%@1420,100%@1420,95%@1420,100%@1420] EMC_FREQ 0% GR3D_FREQ 0% AUX@42C CPU@43.5C thermal@42.45C AO@42C GPU@42C PMIC@50C
1791263790.214917 10-06-2026 14:16:30 RAM 1842/6833MB (lfb 173x4MB) SWAP 184/3417MB (cached 1MB) CPU [5%@1420,90%@1420,5%@1420,5%@1420,15%@1420,9%@1420] EMC_FREQ 0% GR3D_FREQ 0% AUX@42C CPU@43.5C thermal@42.45C AO@42C GPU@42C PMIC@50C
1791263790.418372 10-06-2026 14:16:30 RAM 1846/6833MB (lfb 173x4MB) SWAP 184/3417MB (cached 1MB) CPU [5%@1420,75%@1420,5%@1420,5%@1420,5%@1420,5%@1420] EMC_FREQ 0% GR3D_FREQ 0% AUX@42C CPU@43C thermal@42.45C AO@42C GPU@42C PMIC@50C
1791263790.621505 10-06-2026 14:16:30 RAM 1849/6833MB (lfb 173x4MB) SWAP 184/3417MB (cached 1MB) CPU [10%@1420,70%@1420,9%@1420,0%@1420,10%@1420,0%@1420] EMC_FREQ 0% GR3D_FREQ 0% AUX@42C CPU@43.5C thermal@42.45C AO@42C GPU@42C PMIC@50C
1791263790.824680 10-06-2026 14:16:30 RAM 1850/6833MB (lfb 173x4MB) SWAP 184/3417MB (cached 1MB) CPU [9%@1420,89%@1420,0%@1420,5%@1420,5%@1420,0%@1420] EMC_FREQ 0% GR3D_FREQ 0% AUX@42C CPU@43C thermal@42.45C AO@42C GPU@42C PMIC@50C
1791263791.028067 10-06-2026 14:16:31 RAM 1852/6833MB (lfb 173x4MB) SWAP 184/3417MB (cached 1MB) CPU [16%@1420,70%@1420,0%@1420,5%@1420,10%@1420,15%@1420] EMC_FREQ 0% GR3D_FREQ 0% AUX@42C CPU@43C thermal@42.5C AO@42C GPU@42C PMIC@50C
1791263791.231248 10-06-2026 14:16:31 RAM 1852/6833MB (lfb 173x4MB) SWAP 184/3417MB (cached 1MB) CPU [0%@1420,90%@1420,5%@1420,9%@1420,9%@1420,10%@1420] EMC_FREQ 0% GR3D_FREQ 0% AUX@42C CPU@43C thermal@42.5C AO@42C GPU@42C PMIC@50C
1791263791.435332 10-06-2026 14:16:31 RAM 1854/6833MB (lfb 173x4MB) SWAP 184/3417MB (cached 1MB) CPU [5%@1420,95%@1420,13%@1420,9%@1420,0%@1420,9%@1420] EMC_FREQ 0% GR3D_FREQ 0% AUX@42.5C CPU@43C thermal@42.5C AO@42C GPU@42C PMIC@50C
1791263791.638777 10-06-2026 14:16:31 RAM 1854/6833MB (lfb 173x4MB) SWAP 184/3417MB (cached 1MB) CPU [4%@1420,95%@1420,0%@1420,0%@1420,9%@1420,19%@1420] EMC_FREQ 0% GR3D_FREQ 0% AUX@42C CPU@43C thermal@42.5C AO@42.5C GPU@42C PMIC@50C
1791263791.842136 10-06-2026 14:16:31 RAM 1856/6833MB (lfb 173x4MB) SWAP 184/3417MB (cached 1MB) CPU [0%@1420,85%@1420,0%@1420,4%@1420,0%@1420,5%@1420] EMC_FREQ 0% GR3D_FREQ 0% AUX@42C CPU@43C thermal@42.5C AO@42C GPU@42C PMIC@50C
1791263792.045467 10-06-2026 14:16:32 RAM 1856/6833MB (lfb 173x4MB) SWAP 184/3417MB (cached 1MB) CPU [0%@1420,94%@1420,13%@1420,9%@1420,14%@1420,0%@1420] EMC_FREQ 0% GR3D_FREQ 0% AUX@42C CPU@43C thermal@42.5C AO@42.5C GPU@42.5C PMIC@50C
1791263792.248906 10-06-2026 14:16:32 RAM 1857/6833MB (lfb 173x4MB) SWAP 184/3417MB (cached 1MB) CPU [0%@1420,95%@1420,0%@1420,0%@1420,14%@1420,0%@1420] EMC_FREQ 0% GR3D_FREQ 0% AUX@42.5C CPU@43C thermal@42.3C AO@42C GPU@42.5C PMIC@50C
1791263792.452101 10-06-2026 14:16:32 RAM 1860/6833MB (lfb 173x4MB) SWAP 184/3417MB (cached 1MB) CPU [17%@1420,100%@1420,5%@1420,5%@1420,15%@1420,5%@1420] EMC_FREQ 0% GR3D_FREQ 0% AUX@42C CPU@43C thermal@42.3C AO@42C GPU@42.5C PMIC@50C
1791263792.655740 10-06-2026 14:16:32 RAM 1862/6833MB (lfb 173x4MB) SWAP 184/3417MB (cached 1MB) CPU [10%@1420,100%@1420,0%@1420,4%@1420,10%@1420,9%@1420] EMC_FREQ 0% GR3D_FREQ 0% AUX@42C CPU@43.5C thermal@42.3C AO@42.5C GPU@42C PMIC@50C
1791263792.859140 10-06-2026 14:16:32 RAM 1864/6833MB (lfb 173x4MB) SWAP 184/3417MB (cached 1MB) CPU [5%@1420,95%@1420,5%@1420,15%@1420,5%@1420,9%@1420] EMC_FREQ 0% GR3D_FREQ 0% AUX@42C CPU@43C thermal@42.3C AO@42C GPU@42C PMIC@50C
1791263793.062348 10-06-2026 14:16:33 RAM 1865/6833MB (lfb 173x4MB) SWAP 184/3417MB (cached 1MB) CPU [4%@1420,94%@1420,4%@1420,5%@1420,14%@1420,9%@1420] EMC_FREQ 0% GR3D_FREQ 0% AUX@42.5C CPU@43C thermal@42.3C AO@42.5C GPU@42.5C PMIC@50C
1791263793.265521 10-06-2026 14:16:33 RAM 1865/6833MB (lfb 173x4MB) SWAP 184/3417MB (cached 1MB) CPU [0%@1420,100%@1420,0%@1420,5%@1420,14%@1420,0%@1420] EMC_FREQ 0% GR3D_FREQ 0% AUX@42C CPU@43C thermal@42.65C AO@42.5C GPU@42.5C PMIC@50C
1791263793.469071 10-06-2026 14:16:33 RAM 1866/6833MB (lfb 173x4MB) SWAP 184/3417MB (cached 1MB) CPU [28%@1420,71%@1420,5%@1420,4%@1420,15%@1420,5%@1420] EMC_FREQ 0% GR3D_FREQ 0% AUX@42.5C CPU@43.5C thermal@42.65C AO@42.5C GPU@42.5C PMIC@50C
1791263793.672288 10-06-2026 14:16:33 RAM 1868/6833MB (lfb 173x4MB) SWAP 184/3417MB (cached 1MB) CPU [100%@1420,5%@1420,4%@1420,5%@1420,10%@1420,0%@1420] EMC_FREQ 0% GR3D_FREQ 0% AUX@42.5C CPU@43.5C thermal@42.65C AO@42.5C GPU@42.5C PMIC@50C
1791263793.876077 10-06-2026 14:16:33 RAM 1869/6833MB (lfb 173x4MB) SWAP 184/3417MB (cached 1MB) CPU [47%@1420,44%@1420,0%@1420,5%@1420,9%@1420,5%@1420] EMC_FREQ 0% GR3D_FREQ 0% AUX@42.5C CPU@43C thermal@42.65C AO@42.5C GPU@42.5C PMIC@50C
1791263794.079739 10-06-2026 14:16:34 RAM 1869/6833MB (lfb 173x4MB) SWAP 184/3417MB (cached 1MB) CPU [9%@1420,95%@1420,4%@1420,13%@1420,13%@1420,13%@1420] EMC_FREQ 0% GR3D_FREQ 0% AUX@42.5C CPU@43.5C thermal@42.65C AO@42.5C GPU@42.5C PMIC@50C
1791263794.283121 10-06-2026 14:16:34 RAM 1869/6833MB (lfb 173x4MB) SWAP 184/3417MB (cached 1MB) CPU [0%@1420,85%@1420,0%@1420,5%@1420,14%@1420,0%@1420] EMC_FREQ 0% GR3D_FREQ 0% AUX@42.5C CPU@43.5C thermal@42.65C AO@42.5C GPU@42.5C PMIC@50C
1791263794.486742 10-06-2026 14:16:34 RAM 1870/6833MB (lfb 173x4MB) SWAP 184/3417MB (cached 1MB) CPU [71%@1420,15%@1420,5%@1420,9%@1420,9%@1420,10%@1420] EMC_FREQ 0% GR3D_FREQ 0% AUX@42.5C CPU@43C thermal@42.8C AO@42.5C GPU@42.5C PMIC@50C
1791263794.690070 10-06-2026 14:16:34 RAM 1871/6833MB (lfb 173x4MB) SWAP 184/3417MB (cached 1MB) CPU [0%@1420,90%@1420,4%@1420,9%@1420,5%@1420,14%@1420] EMC_FREQ 0% GR3D_FREQ 0% AUX@42.5C CPU@43.5C thermal@42.8C AO@42.5C GPU@42.5C PMIC@50C
1791263794.893333 10-06-2026 14:16:34 RAM 1873/6833MB (lfb 173x4MB) SWAP 184/3417MB (cached 1MB) CPU [13%@1420,94%@1420,5%@1420,0%@1420,5%@1420,14%@1420] EMC_FREQ 0% GR3D_FREQ 0% AUX@42.5C CPU@43.5C thermal@42.8C AO@42.5C GPU@42.5C PMIC@50C
1791263795.097231 10-06-2026 14:16:35 RAM 1874/6833MB (lfb 173x4MB) SWAP 184/3417MB (cached 1MB) CPU [0%@1420,86%@1420,5%@1420,13%@1420,10%@1420,10%@1420] EMC_FREQ 0% GR3D_FREQ 0% AUX@42.5C CPU@43.5C thermal@42.8C AO@42.5C GPU@42.5C PMIC@50C
1791263795.300487 10-06-2026 14:16:35 RAM 1874/6833MB (lfb 173x4MB) SWAP 184/3417MB (cached 1MB) CPU [45%@1420,45%@1420,4%@1420,5%@1420,0%@1420,10%@1420] EMC_FREQ 0% GR3D_FREQ 0% AUX@42.5C CPU@43.5C thermal@42.8C AO@42.5C GPU@42.5C PMIC@50C
1791263795.504108 10-06-2026 14:16:35 RAM 1874/6833MB (lfb 173x4MB) SWAP 184/3417MB (cached 1MB) CPU [33%@1420,65%@1420,0%@1420,5%@1420,9%@1420,9%@1420] EMC_FREQ 0% GR3D_FREQ 0% AUX@42.5C CPU@43.5C thermal@42.8C AO@42.5C GPU@42.5C PMIC@50C
1791263795.708252 10-06-2026 14:16:35 RAM 1874/6833MB (lfb 173x4MB) SWAP 184/3417MB (cached 1MB) CPU [0%@1420,95%@1420,9%@1420,9%@1420,0%@1420,10%@1420] EMC_FREQ 0% GR3D_FREQ 0% AUX@42.5C CPU@43.5C thermal@42.8C AO@42.5C GPU@42.5C PMIC@50C
1791263795.911435 10-06-2026 14:16:35 RAM 1874/6833MB (lfb 173x4MB) SWAP 184/3417MB (cached 1MB) CPU [5%@1420,100%@1420,0%@1420,5%@1420,14%@1420,10%@1420] EMC_FREQ 0% GR3D_FREQ 0% AUX@42.5C CPU@43.5C thermal@42.8C AO@42.5C GPU@42.5C PMIC@50C
1791263796.114807 10-06-2026 14:16:36 RAM 1875/6833MB (lfb 173x4MB) SWAP 184/3417MB (cached 1MB) CPU [89%@1420,13%@1420,14%@1420,9%@1420,0%@1420,15%@1420] EMC_FREQ 0% GR3D_FREQ 0% AUX@42.5C CPU@43.5C thermal@42.8C AO@42.5C GPU@42.5C PMIC@50C
1791263796.318220 10-06-2026 14:16:36 RAM 1876/6833MB (lfb 173x4MB) SWAP 184/3417MB (cached 1MB) CPU [25%@1420,73%@1420,14%@1420,5%@1420,9%@1420,0%@1420] EMC_FREQ 0% GR3D_FREQ 0% AUX@42.5C CPU@43.5C thermal@42.8C AO@42.5C GPU@42.5C PMIC@50C
1791263796.521523 10-06-2026 14:16:36 RAM 1876/6833MB (lfb 173x4MB) SWAP 184/3417MB (cached 1MB) CPU [0%@1420,90%@1420,10%@1420,9%@1420,5%@1420,5%@1420] EMC_FREQ 0% GR3D_FREQ 0% AUX@42.5C CPU@43.5C thermal@42.8C AO@42.5C GPU@42.5C PMIC@50C
1791263796.724881 10-06-2026 14:16:36 RAM 1878/6833MB (lfb 173x4MB) SWAP 184/3417MB (cached 1MB) CPU [4%@1420,95%@1420,10%@1420,13%@1420,0%@1420,5%@1420] EMC_FREQ 0% GR3D_FREQ 0% AUX@42.5C CPU@43.5C thermal@42.8C AO@42.5C GPU@42.5C PMIC@50C
1791263796.928296 10-06-2026 14:16:36 RAM 1878/6833MB (lfb 173x4MB) SWAP 184/3417MB (cached 1MB) CPU [9%@1420,95%@1420,13%@1420,0%@1420,0%@1420,5%@1420] EMC_FREQ 0% GR3D_FREQ 0% AUX@42.5C CPU@43.5C thermal@42.8C AO@42.5C GPU@42.5C PMIC@50C
1791263797.131632 10-06-2026 14:16:37 RAM 1878/6833MB (lfb 173x4MB) SWAP 184/3417MB (cached 1MB) CPU [5%@1420,95%@1420,15%@1420,9%@1420,0%@1420,9%@1420] EMC_FREQ 0% GR3D_FREQ 0% AUX@42.5C CPU@43.5C thermal@42.8C AO@42.5C GPU@42.5C PMIC@50C
1791263797.335021 10-06-2026 14:16:37 RAM 1880/6833MB (lfb 173x4MB) SWAP 184/3417MB (cached 1MB) CPU [5%@1420,84%@1420,0%@1420,0%@1420,13%@1420,10%@1420] EMC_FREQ 0% GR3D_FREQ 0% AUX@42.5C CPU@43.5C thermal@42.8C AO@42.5C GPU@42.5C PMIC@50C
1791263797.538369 10-06-2026 14:16:37 RAM 1880/6833MB (lfb 173x4MB) SWAP 184/3417MB (cached 1MB) CPU [4%@1420,95%@1420,0%@1420,5%@1420,10%@1420,5%@1420] EMC_FREQ 0% GR3D_FREQ 0% AUX@42.5C CPU@43.5C thermal@42.8C AO@42.5C GPU@42.5C PMIC@50C
1791263797.741669 10-06-2026 14:16:37 RAM 1881/6833MB (lfb 173x4MB) SWAP 184/3417MB (cached 1MB) CPU [0%@1420,90%@1420,0%@1420,14%@1420,0%@1420,10%@1420] EMC_FREQ 0% GR3D_FREQ 0% AUX@42.5C CPU@43.5C thermal@43C AO@42.5C GPU@42.5C PMIC@50C
1791263797.944876 10-06-2026 14:16:37 RAM 1884/6833MB (lfb 173x4MB) SWAP 184/3417MB (cached 1MB) CPU [4%@1420,100%@1420,9%@1420,15%@1420,0%@1420,4%@1420] EMC_FREQ 0% GR3D_FREQ 0% AUX@42.5C CPU@43.5C thermal@43C AO@42.5C GPU@42.5C PMIC@50C
1791263798.148207 10-06-2026 14:16:38 RAM 1884/6833MB (lfb 173x4MB) SWAP 184/3417MB (cached 1MB) CPU [0%@1420,100%@1420,9%@1420,14%@1420,5%@1420,5%@1420] EMC_FREQ 0% GR3D_FREQ 0% AUX@42.5C CPU@43.5C thermal@43C AO@43C GPU@42.5C PMIC@50C
1791263798.351473 10-06-2026 14:16:38 RAM 1884/6833MB (lfb 173x4MB) SWAP 184/3417MB (cached 1MB) CPU [5%@1420,95%@1420,5%@1420,5%@1420,0%@1420,13%@1420] EMC_FREQ 0% GR3D_FREQ 0% AUX@42.5C CPU@43.5C thermal@43C AO@42.5C GPU@42.5C PMIC@50C
1791263798.554854 10-06-2026 14:16:38 RAM 1885/6833MB (lfb 173x4MB) SWAP 184/3417MB (cached 1MB) CPU [0%@1420,95%@1420,0%@1420,14%@1420,10%@1420,9%@1420] EMC_FREQ 0% GR3D_FREQ 0% AUX@42.5C CPU@43.5C thermal@43C AO@42.5C GPU@43C PMIC@50C
1791263798.758086 10-06-2026 14:16:38 RAM 1887/6833MB (lfb 173x4MB) SWAP 184/3417MB (cached 1MB) CPU [5%@1420,95%@1420,5%@1420,5%@1420,5%@1420,10%@1420] EMC_FREQ 0% GR3D_FREQ 0% AUX@42.5C CPU@44C thermal@43C AO@42.5C GPU@43C PMIC@50C
1791263798.961674 10-06-2026 14:16:38 RAM 1887/6833MB (lfb 173x4MB) SWAP 184/3417MB (cached 1MB) CPU [0%@1420,100%@1420,4%@1420,14%@1420,4%@1420,4%@1420] EMC_FREQ 0% GR3D_FREQ 0% AUX@42.5C CPU@44C thermal@43.15C AO@42.5C GPU@43C PMIC@50C
1791263799.164856 10-06-2026 14:16:39 RAM 1888/6833MB (lfb 173x4MB) SWAP 184/3417MB (cached 1MB) CPU [10%@1420,95%@1420,5%@1420,9%@1420,5%@1420,0%@1420] EMC_FREQ 0% GR3D_FREQ 0% AUX@43C CPU@43.5C thermal@43.15C AO@42.5C GPU@42.5C PMIC@50C
1791263799.368011 10-06-2026 14:16:39 RAM 1890/6833MB (lfb 173x4MB) SWAP 184/3417MB (cached 1MB) CPU [14%@1420,100%@1420,4%@1420,5%@1420,5%@1420,5%@1420] EMC_FREQ 0% GR3D_FREQ 0% AUX@42.5C CPU@43.5C thermal@43.15C AO@43C GPU@43C PMIC@50C
1791263799.571391 10-06-2026 14:16:39 RAM 1895/6833MB (lfb 173x4MB) SWAP 184/3417MB (cached 1MB) CPU [10%@1420,100%@1420,5%@1420,0%@1420,9%@1420,5%@1420] EMC_FREQ 0% GR3D_FREQ 0% AUX@42.5C CPU@44C thermal@43.15C AO@43C GPU@43C PMIC@50C
1791263799.774638 10-06-2026 14:16:39 RAM 1896/6833MB (lfb 173x4MB) SWAP 184/3417MB (cached 1MB) CPU [14%@1420,100%@1420,5%@1420,5%@1420,0%@1420,5%@1420] EMC_FREQ 0% GR3D_FREQ 0% AUX@43C CPU@44C thermal@43.15C AO@42.5C GPU@43C PMIC@50C
1791263799.977986 10-06-2026 14:16:39 RAM 1897/6833MB (lfb 173x4MB) SWAP 184/3417MB (cached 1MB) CPU [5%@1420,100%@1420,4%@1420,5%@1420,13%@1420,9%@1420] EMC_FREQ 0% GR3D_FREQ 0% AUX@43C CPU@44C thermal@43.3C AO@43C GPU@43C PMIC@50C
1791263800.181220 10-06-2026 14:16:40 RAM 1898/6833MB (lfb 173x4MB) SWAP 184/3417MB (cached 1MB) CPU [0%@1420,90%@1420,0%@1420,10%@1420,0%@1420,0%@1420] EMC_FREQ 0% GR3D_FREQ 0% AUX@43C CPU@44C thermal@43.3C AO@42.5C GPU@42.5C PMIC@50C
1791263800.384571 10-06-2026 14:16:40 RAM 1898/6833MB (lfb 173x4MB) SWAP 184/3417MB (cached 1MB) CPU [5%@1420,95%@1420,5%@1420,14%@1420,5%@1420,5%@1420] EMC_FREQ 0% GR3D_FREQ 0% AUX@42.5C CPU@44C thermal@43.3C AO@42.5C GPU@43C PMIC@50C
1791263800.587923 10-06-2026 14:16:40 RAM 1899/6833MB (lfb 173x4MB) SWAP 184/3417MB (cached 1MB) CPU [5%@1420,90%@1420,5%@1420,5%@1420,0%@1420,0%@1420] EMC_FREQ 0% GR3D_FREQ 0% AUX@43C CPU@43.5C thermal@43.3C AO@43C GPU@42.5C PMIC@50C
1791263800.791090 10-06-2026 14:16:40 RAM 1899/6833MB (lfb 173x4MB) SWAP 184/3417MB (cached 1MB) CPU [10%@1420,90%@1420,0%@1420,10%@1420,5%@1420,5%@1420] EMC_FREQ 0% GR3D_FREQ 0% AUX@43C CPU@44C thermal@43.3C AO@43C GPU@43C PMIC@50C
1791263800.994361 10-06-2026 14:16:40 RAM 1899/6833MB (lfb 173x4MB) SWAP 184/3417MB (cached 1MB) CPU [5%@1420,95%@1420,4%@1420,18%@1420,5%@1420,5%@1420] EMC_FREQ 0% GR3D_FREQ 0% AUX@43C CPU@44C thermal@43.3C AO@43C GPU@43C PMIC@50C
1791263801.197644 10-06-2026 14:16:41 RAM 1900/6833MB (lfb 173x4MB) SWAP 184/3417MB (cached 1MB) CPU [10%@1420,85%@1420,10%@1420,0%@1420,0%@1420,5%@1420] EMC_FREQ 0% GR3D_FREQ 0% AUX@43C CPU@44C thermal@43.3C AO@42.5C GPU@43C PMIC@50C
1791263801.401005 10-06-2026 14:16:41 RAM 1928/6833MB (lfb 173x4MB) SWAP 184/3417MB (cached 1MB) CPU [0%@1420,100%@1420,9%@1420,14%@1420,9%@1420,5%@1420] EMC_FREQ 0% GR3D_FREQ 0% AUX@42.5C CPU@44C thermal@43.3C AO@43C GPU@43C PMIC@50C
1791263801.604378 10-06-2026 14:16:41 RAM 1924/6833MB (lfb 173x4MB) SWAP 184/3417MB (cached 1MB) CPU [0%@1420,100%@1420,9%@1420,10%@1420,0%@1420,5%@1420] EMC_FREQ 0% GR3D_FREQ 0% AUX@43C CPU@44C thermal@43.3C AO@42.5C GPU@43C PMIC@50C
1791263801.807576 10-06-2026 14:16:41 RAM 1924/6833MB (lfb 173x4MB) SWAP 184/3417MB (cached 1MB) CPU [9%@1420,94%@1420,0%@1420,14%@1420,9%@1420,5%@1420] EMC_FREQ 0% GR3D_FREQ 0% AUX@43C CPU@44C thermal@43.3C AO@43C GPU@43C PMIC@50C
1791263802.010852 10-06-2026 14:16:42 RAM 1925/6833MB (lfb 173x4MB) SWAP 184/3417MB (cached 1MB) CPU [5%@1420,90%@1420,5%@1420,5%@1420,9%@1420,13%@1420] EMC_FREQ 0% GR3D_FREQ 0% AUX@43C CPU@44C thermal@43.3C AO@43C GPU@43C PMIC@50C
1791263802.214049 10-06-2026 14:16:42 RAM 1932/6833MB (lfb 173x4MB) SWAP 184/3417MB (cached 1MB) CPU [38%@1420,90%@1420,38%@1420,38%@1420,31%@1420,35%@1420] EMC_FREQ 0% GR3D_FREQ 0% AUX@43C CPU@44C thermal@43.3C AO@43C GPU@43C PMIC@50C
1791263802.417464 10-06-2026 14:16:42 RAM 1938/6833MB (lfb 173x4MB) SWAP 184/3417MB (cached 1MB) CPU [4%@1420,90%@1420,10%@1420,14%@1420,4%@1420,5%@1420] EMC_FREQ 0% GR3D_FREQ 0% AUX@43C CPU@44C thermal@43.3C AO@43C GPU@43C PMIC@50C
1791263802.620775 10-06-2026 14:16:42 RAM 1940/6833MB (lfb 173x4MB) SWAP 184/3417MB (cached 1MB) CPU [0%@1420,80%@1420,10%@1420,0%@1420,9%@1420,4%@1420] EMC_FREQ 0% GR3D_FREQ 0% AUX@43C CPU@44C thermal@43.3C AO@43C GPU@43C PMIC@50C
1791263802.824143 10-06-2026 14:16:42 RAM 1940/6833MB (lfb 173x4MB) SWAP 184/3417MB (cached 1MB) CPU [0%@1420,89%@1420,18%@1420,9%@1420,0%@1420,5%@1420] EMC_FREQ 0% GR3D_FREQ 0% AUX@43C CPU@44C thermal@43.3C AO@43C GPU@43C PMIC@50C
1791263803.027466 10-06-2026 14:16:43 RAM 1952/6833MB (lfb 173x4MB) SWAP 184/3417MB (cached 1MB) CPU [4%@1420,100%@1420,10%@1420,5%@1420,5%@1420,0%@1420] EMC_FREQ 0% GR3D_FREQ 0% AUX@43C CPU@44C thermal@43.3C AO@43C GPU@43C PMIC@50C
1791263803.230682 10-06-2026 14:16:43 RAM 1978/6833MB (lfb 173x4MB) SWAP 184/3417MB (cached 1MB) CPU [0%@1420,100%@1420,10%@1420,0%@1420,0%@1420,5%@1420] EMC_FREQ 0% GR3D_FREQ 0% AUX@43C CPU@44C thermal@43.3C AO@43C GPU@43C PMIC@50C
1791263803.434254 10-06-2026 14:16:43 RAM 2058/6833MB (lfb 173x4MB) SWAP 184/3417MB (cached 1MB) CPU [4%@1420,95%@1420,5%@1420,18%@1420,13%@1420,5%@1420] EMC_FREQ 0% GR3D_FREQ 0% AUX@43C CPU@44C thermal@43.3C AO@43C GPU@43C PMIC@50C
1791263803.637545 10-06-2026 14:16:43 RAM 2148/6833MB (lfb 173x4MB) SWAP 184/3417MB (cached 1MB) CPU [5%@1420,40%@1420,66%@1420,15%@1420,0%@1420,5%@1420] EMC_FREQ 0% GR3D_FREQ 0% AUX@43C CPU@44C thermal@43.3C AO@43C GPU@43C PMIC@50C
1791263803.841189 10-06-2026 14:16:43 RAM 2221/6833MB (lfb 173x4MB) SWAP 184/3417MB (cached 1MB) CPU [9%@1420,80%@1420,5%@1420,4%@1420,5%@1420,0%@1420] EMC_FREQ 0% GR3D_FREQ 0% AUX@43C CPU@44C thermal@43.3C AO@43C GPU@43C PMIC@50C
1791263804.046215 10-06-2026 14:16:44 RAM 2340/6833MB (lfb 164x4MB) SWAP 184/3417MB (cached 1MB) CPU [9%@1420,4%@1420,10%@1420,10%@1420,23%@1420,15%@1420] EMC_FREQ 0% GR3D_FREQ 0% AUX@43.5C CPU@44.5C thermal@43.3C AO@43C GPU@43C PMIC@50C
1791263804.249858 10-06-2026 14:16:44 RAM 2991/6833MB (lfb 12x4MB) SWAP 184/3417MB (cached 1MB) CPU [9%@1420,0%@1420,10%@1420,4%@1420,100%@1420,9%@1420] EMC_FREQ 0% GR3D_FREQ 0% AUX@43.5C CPU@44.5C thermal@43.3C AO@43C GPU@43C PMIC@50C
1791263804.453392 10-06-2026 14:16:44 RAM 2994/6833MB (lfb 12x4MB) SWAP 184/3417MB (cached 1MB) CPU [5%@1420,5%@1420,10%@1420,9%@1420,100%@1420,9%@1420] EMC_FREQ 0% GR3D_FREQ 0% AUX@43C CPU@44.5C thermal@43.45C AO@43C GPU@43C PMIC@50C
1791263804.657139 10-06-2026 14:16:44 RAM 2996/6833MB (lfb 12x4MB) SWAP 184/3417MB (cached 1MB) CPU [9%@1420,9%@1420,9%@1420,0%@1420,100%@1420,5%@1420] EMC_FREQ 0% GR3D_FREQ 0% AUX@43.5C CPU@44C thermal@43.45C AO@43C GPU@43C PMIC@50C
1791263804.860909 10-06-2026 14:16:44 RAM 2999/6833MB (lfb 12x4MB) SWAP 184/3417MB (cached 1MB) CPU [5%@1420,5%@1420,9%@1420,4%@1420,100%@1420,9%@1420] EMC_FREQ 0% GR3D_FREQ 0% AUX@43.5C CPU@44.5C thermal@43.45C AO@43C GPU@43.5C PMIC@50C
1791263805.064366 10-06-2026 14:16:45 RAM 3002/6833MB (lfb 12x4MB) SWAP 184/3417MB (cached 1MB) CPU [0%@1420,0%@1420,10%@1420,0%@1420,100%@1420,0%@1420] EMC_FREQ 0% GR3D_FREQ 0% AUX@43C CPU@44.5C thermal@43.45C AO@43C GPU@43.5C PMIC@50C
1791263805.267902 10-06-2026 14:16:45 RAM 3075/6833MB (lfb 12x4MB) SWAP 184/3417MB (cached 1MB) CPU [9%@1420,5%@1420,10%@1420,0%@1420,100%@1420,0%@1420] EMC_FREQ 0% GR3D_FREQ 0% AUX@43.5C CPU@44.5C thermal@43.45C AO@43C GPU@43.5C PMIC@50C
1791263805.471201 10-06-2026 14:16:45 RAM 3177/6833MB (lfb 12x4MB) SWAP 184/3417MB (cached 1MB) CPU [19%@1420,13%@1420,0%@1420,4%@1420,100%@1420,4%@1420] EMC_FREQ 0% GR3D_FREQ 0% AUX@43C CPU@44.5C thermal@43.45C AO@43C GPU@43.5C PMIC@50C
1791263805.674644 10-06-2026 14:16:45 RAM 3239/6833MB (lfb 12x4MB) SWAP 184/3417MB (cached 1MB) CPU [5%@1420,5%@1420,5%@1420,9%@1420,100%@1420,5%@1420] EMC_FREQ 0% GR3D_FREQ 0% AUX@43.5C CPU@44.5C thermal@43.6C AO@43C GPU@43C PMIC@50C
1791263805.878094 10-06-2026 14:16:45 RAM 3337/6833MB (lfb 12x4MB) SWAP 184/3417MB (cached 1MB) CPU [14%@1420,5%@1420,10%@1420,0%@1420,100%@1420,4%@1420] EMC_FREQ 0% GR3D_FREQ 0% AUX@43.5C CPU@44.5C thermal@43.6C AO@43C GPU@43.5C PMIC@50C
1791263806.081483 10-06-2026 14:16:46 RAM 2333/6833MB (lfb 173x4MB) SWAP 184/3417MB (cached 1MB) CPU [5%@1420,9%@1420,5%@1420,9%@1420,100%@1420,0%@1420] EMC_FREQ 0% GR3D_FREQ 0% AUX@43C CPU@44.5C thermal@43.6C AO@43C GPU@43.5C PMIC@50C
1791263806.284741 10-06-2026 14:16:46 RAM 2357/6833MB (lfb 173x4MB) SWAP 184/3417MB (cached 1MB) CPU [9%@1420,9%@1420,75%@1420,5%@1420,23%@1420,70%@1420] EMC_FREQ 0% GR3D_FREQ 0% AUX@43.5C CPU@44.5C thermal@43.6C AO@43C GPU@43.5C PMIC@50C
1791263806.488317 10-06-2026 14:16:46 RAM 2389/6833MB (lfb 173x4MB) SWAP 184/3417MB (cached 1MB) CPU [21%@1420,9%@1420,85%@1420,30%@1420,0%@1420,0%@1420] EMC_FREQ 0% GR3D_FREQ 0% AUX@43.5C CPU@44.5C thermal@43.6C AO@43C GPU@43.5C PMIC@50C
1791263806.691940 10-06-2026 14:16:46 RAM 2417/6833MB (lfb 173x4MB) SWAP 184/3417MB (cached 1MB) CPU [70%@1420,20%@1420,0%@1420,45%@1420,0%@1420,33%@1420] EMC_FREQ 0% GR3D_FREQ 0% AUX@43.5C CPU@44.5C thermal@43.8C AO@43.5C GPU@43.5C PMIC@50C
1791263806.895672 10-06-2026 14:16:46 RAM 2447/6833MB (lfb 173x4MB) SWAP 184/3417MB (cached 1MB) CPU [13%@1420,10%@1420,0%@1420,5%@1420,0%@1420,100%@1420] EMC_FREQ 0% GR3D_FREQ 0% AUX@43.5C CPU@44.5C thermal@43.8C AO@43.5C GPU@43.5C PMIC@50C
1791263807.099472 10-06-2026 14:16:47 RAM 2480/6833MB (lfb 173x4MB) SWAP 184/3417MB (cached 1MB) CPU [5%@1420,15%@1420,9%@1420,0%@1420,9%@1420,100%@1420] EMC_FREQ 0% GR3D_FREQ 0% AUX@43.5C CPU@44.5C thermal@43.8C AO@43.5C GPU@43.5C PMIC@50C
1791263807.303062 10-06-2026 14:16:47 RAM 2508/6833MB (lfb 173x4MB) SWAP 184/3417MB (cached 1MB) CPU [9%@1420,10%@1420,4%@1420,0%@1420,0%@1420,100%@1420] EMC_FREQ 0% GR3D_FREQ 0% AUX@43.5C CPU@44.5C thermal@43.8C AO@43.5C GPU@43.5C PMIC@50C
1791263807.506742 10-06-2026 14:16:47 RAM 2538/6833MB (lfb 173x4MB) SWAP 184/3417MB (cached 1MB) CPU [0%@1420,14%@1420,5%@1420,5%@1420,4%@1420,100%@1420] EMC_FREQ 0% GR3D_FREQ 0% AUX@43.5C CPU@44.5C thermal@43.8C AO@43.5C GPU@43.5C PMIC@50C
1791263807.710419 10-06-2026 14:16:47 RAM 2570/6833MB (lfb 173x4MB) SWAP 184/3417MB (cached 1MB) CPU [5%@1420,5%@1420,4%@1420,4%@1420,4%@1420,100%@1420] EMC_FREQ 0% GR3D_FREQ 0% AUX@43.5C CPU@44.5C thermal@43.8C AO@43.5C GPU@43.5C PMIC@50C
1791263807.914034 10-06-2026 14:16:47 RAM 2599/6833MB (lfb 173x4MB) SWAP 184/3417MB (cached 1MB) CPU [19%@1420,9%@1420,0%@1420,9%@1420,0%@1420,100%@1420] EMC_FREQ 0% GR3D_FREQ 0% AUX@43.5C CPU@44.5C thermal@43.8C AO@43.5C GPU@43.5C PMIC@50C
1791263808.117770 10-06-2026 14:16:48 RAM 2631/6833MB (lfb 173x4MB) SWAP 184/3417MB (cached 1MB) CPU [22%@1420,5%@1420,0%@1420,0%@1420,4%@1420,100%@1420] EMC_FREQ 0% GR3D_FREQ 0% AUX@43.5C CPU@45C thermal@43.8C AO@43.5C GPU@43.5C PMIC@50C
1791263808.321515 10-06-2026 14:16:48 RAM 2662/6833MB (lfb 173x4MB) SWAP 184/3417MB (cached 1MB) CPU [14%@1420,14%@1420,100%@1420,0%@1420,4%@1420,5%@1420] EMC_FREQ 0% GR3D_FREQ 0% AUX@43.5C CPU@44.5C thermal@43.8C AO@43.5C GPU@43.5C PMIC@50C
1791263808.526312 10-06-2026 14:16:48 RAM 2688/6833MB (lfb 173x4MB) SWAP 184/3417MB (cached 1MB) CPU [10%@1420,9%@1420,100%@1420,9%@1420,0%@1420,4%@1420] EMC_FREQ 0% GR3D_FREQ 0% AUX@43.5C CPU@44.5C thermal@43.8C AO@43.5C GPU@43.5C PMIC@50C
1791263808.729642 10-06-2026 14:16:48 RAM 2716/6833MB (lfb 173x4MB) SWAP 184/3417MB (cached 1MB) CPU [15%@1420,4%@1420,100%@1420,4%@1420,9%@1420,9%@1420] EMC_FREQ 0% GR3D_FREQ 0% AUX@43.5C CPU@44.5C thermal@43.8C AO@43.5C GPU@43.5C PMIC@50C
1791263808.932984 10-06-2026 14:16:48 RAM 2744/6833MB (lfb 173x4MB) SWAP 184/3417MB (cached 1MB) CPU [15%@1420,5%@1420,100%@1420,5%@1420,5%@1420,0%@1420] EMC_FREQ 0% GR3D_FREQ 0% AUX@43.5C CPU@44.5C thermal@43.8C AO@43.5C GPU@43.5C PMIC@50C
1791263809.136345 10-06-2026 14:16:49 RAM 2772/6833MB (lfb 173x4MB) SWAP 184/3417MB (cached 1MB) CPU [5%@1420,0%@1420,100%@1420,0%@1420,4%@1420,0%@1420] EMC_FREQ 0% GR3D_FREQ 0% AUX@43.5C CPU@44.5C thermal@43.8C AO@43.5C GPU@43.5C PMIC@50C
1791263809.339559 10-06-2026 14:16:49 RAM 2800/6833MB (lfb 173x4MB) SWAP 184/3417MB (cached 1MB) CPU [22%@1420,5%@1420,100%@1420,5%@1420,0%@1420,0%@1420] EMC_FREQ 0% GR3D_FREQ 0% AUX@43.5C CPU@44.5C thermal@43.8C AO@43.5C GPU@43.5C PMIC@50C
1791263809.543301 10-06-2026 14:16:49 RAM 2885/6833MB (lfb 161x4MB) SWAP 184/3417MB (cached 1MB) CPU [10%@1420,5%@1420,100%@1420,4%@1420,5%@1420,5%@1420] EMC_FREQ 0% GR3D_FREQ 0% AUX@43.5C CPU@44.5C thermal@43.8C AO@43.5C GPU@43.5C PMIC@50C
1791263809.746662 10-06-2026 14:16:49 RAM 2905/6833MB (lfb 156x4MB) SWAP 184/3417MB (cached 1MB) CPU [10%@1420,5%@1420,100%@1420,5%@1420,0%@1420,4%@1420] EMC_FREQ 0% GR3D_FREQ 0% AUX@43.5C CPU@44.5C thermal@43.8C AO@43.5C GPU@43.5C PMIC@50C
1791263809.949956 10-06-2026 14:16:49 RAM 2905/6833MB (lfb 156x4MB) SWAP 184/3417MB (cached 1MB) CPU [15%@1420,13%@1420,100%@1420,0%@1420,9%@1420,0%@1420] EMC_FREQ 0% GR3D_FREQ 0% AUX@43.5C CPU@44.5C thermal@43.8C AO@43.5C GPU@43.5C PMIC@50C
1791263810.153220 10-06-2026 14:16:50 RAM 2906/6833MB (lfb 156x4MB) SWAP 184/3417MB (cached 1MB) CPU [10%@1420,0%@1420,100%@1420,4%@1420,5%@1420,9%@1420] EMC_FREQ 0% GR3D_FREQ 0% AUX@43.5C CPU@44.5C thermal@43.95C AO@43.5C GPU@44C PMIC@50C
1791263810.356653 10-06-2026 14:16:50 RAM 2906/6833MB (lfb 156x4MB) SWAP 184/3417MB (cached 1MB) CPU [10%@1420,10%@1420,100%@1420,4%@1420,0%@1420,5%@1420] EMC_FREQ 0% GR3D_FREQ 0% AUX@43.5C CPU@45C thermal@43.95C AO@43.5C GPU@43.5C PMIC@50C
1791263810.560130 10-06-2026 14:16:50 RAM 2906/6833MB (lfb 156x4MB) SWAP 184/3417MB (cached 1MB) CPU [18%@1420,5%@1420,100%@1420,0%@1420,9%@1420,5%@1420] EMC_FREQ 0% GR3D_FREQ 0% AUX@43.5C CPU@45C thermal@43.95C AO@43.5C GPU@44C PMIC@50C
1791263810.763693 10-06-2026 14:16:50 RAM 2906/6833MB (lfb 156x4MB) SWAP 184/3417MB (cached 1MB) CPU [10%@1420,5%@1420,100%@1420,0%@1420,13%@1420,9%@1420] EMC_FREQ 0% GR3D_FREQ 0% AUX@43.5C CPU@45C thermal@43.95C AO@43.5C GPU@44C PMIC@50C
1791263810.966916 10-06-2026 14:16:50 RAM 2906/6833MB (lfb 156x4MB) SWAP 184/3417MB (cached 1MB) CPU [5%@1420,10%@1420,100%@1420,5%@1420,0%@1420,0%@1420] EMC_FREQ 0% GR3D_FREQ 0% AUX@43.5C CPU@45C thermal@43.95C AO@43.5C GPU@43.5C PMIC@50C
1791263811.170380 10-06-2026 14:16:51 RAM 2906/6833MB (lfb 156x4MB) SWAP 184/3417MB (cached 1MB) CPU [18%@1420,9%@1420,100%@1420,0%@1420,4%@1420,4%@1420] EMC_FREQ 0% GR3D_FREQ 0% AUX@43.5C CPU@44.5C thermal@44.15C AO@43.5C GPU@44C PMIC@50C
1791263811.373801 10-06-2026 14:16:51 RAM 2906/6833MB (lfb 156x4MB) SWAP 184/3417MB (cached 1MB) CPU [15%@1420,5%@1420,100%@1420,0%@1420,0%@1420,5%@1420] EMC_FREQ 0% GR3D_FREQ 0% AUX@43.5C CPU@44.5C thermal@44.15C AO@43.5C GPU@43.5C PMIC@50C
1791263811.577016 10-06-2026 14:16:51 RAM 2906/6833MB (lfb 156x4MB) SWAP 184/3417MB (cached 1MB) CPU [10%@1420,0%@1420,100%@1420,5%@1420,10%@1420,63%@1420] EMC_FREQ 0% GR3D_FREQ 0% AUX@43.5C CPU@45C thermal@44.15C AO@43.5C GPU@44C PMIC@50C
1791263811.780268 10-06-2026 14:16:51 RAM 2906/6833MB (lfb 156x4MB) SWAP 184/3417MB (cached 1MB) CPU [14%@1420,14%@1420,100%@1420,9%@1420,55%@1420,4%@1420] EMC_FREQ 0% GR3D_FREQ 0% AUX@43.5C CPU@45C thermal@44.15C AO@43.5C GPU@44C PMIC@50C
1791263811.983958 10-06-2026 14:16:51 RAM 2906/6833MB (lfb 156x4MB) SWAP 184/3417MB (cached 1MB) CPU [9%@1420,10%@1420,100%@1420,5%@1420,0%@1420,0%@1420] EMC_FREQ 0% GR3D_FREQ 0% AUX@43.5C CPU@45C thermal@44.15C AO@43.5C GPU@44C PMIC@50C
1791263812.187024 10-06-2026 14:16:52 RAM 2906/6833MB (lfb 156x4MB) SWAP 184/3417MB (cached 1MB) CPU [5%@1420,10%@1420,100%@1420,5%@1420,0%@1420,4%@1420] EMC_FREQ 0% GR3D_FREQ 0% AUX@43.5C CPU@44.5C thermal@44.15C AO@43.5C GPU@44C PMIC@50C
1791263812.391918 10-06-2026 14:16:52 RAM 2907/6833MB (lfb 156x4MB) SWAP 184/3417MB (cached 1MB) CPU [19%@1420,15%@1420,90%@1420,9%@1420,10%@1420,10%@1420] EMC_FREQ 0% GR3D_FREQ 0% AUX@44C CPU@45C thermal@44.3C AO@43.5C GPU@44C PMIC@50C
1791263812.595436 10-06-2026 14:16:52 RAM 2914/6833MB (lfb 156x4MB) SWAP 184/3417MB (cached 1MB) CPU [27%@1420,35%@1420,16%@1420,26%@1420,30%@1420,94%@1420] EMC_FREQ 0% GR3D_FREQ 12% AUX@44C CPU@45C thermal@44.3C AO@43.5C GPU@44C PMIC@50C
1791263812.798902 10-06-2026 14:16:52 RAM 2967/6833MB (lfb 147x4MB) SWAP 184/3417MB (cached 1MB) CPU [50%@1420,14%@1420,5%@1420,0%@1420,57%@1420,5%@1420] EMC_FREQ 0% GR3D_FREQ 0% AUX@44C CPU@45C thermal@44.3C AO@43.5C GPU@44C PMIC@50C
1791263813.002397 10-06-2026 14:16:52 RAM 2979/6833MB (lfb 147x4MB) SWAP 184/3417MB (cached 1MB) CPU [95%@1420,5%@1420,4%@1420,0%@1420,0%@1420,0%@1420] EMC_FREQ 0% GR3D_FREQ 7% AUX@44C CPU@45C thermal@44.3C AO@43.5C GPU@44C PMIC@50C
1791263813.205631 10-06-2026 14:16:53 RAM 3009/6833MB (lfb 141x4MB) SWAP 184/3417MB (cached 1MB) CPU [5%@1420,5%@1420,0%@1420,0%@1420,100%@1420,10%@1420] EMC_FREQ 0% GR3D_FREQ 30% AUX@44C CPU@45C thermal@44.3C AO@44C GPU@44C PMIC@50C
1791263813.409387 10-06-2026 14:16:53 RAM 3043/6833MB (lfb 136x4MB) SWAP 184/3417MB (cached 1MB) CPU [10%@1420,5%@1420,0%@1420,5%@1420,95%@1420,5%@1420] EMC_FREQ 0% GR3D_FREQ 27% AUX@44C CPU@45C thermal@44.45C AO@44C GPU@44C PMIC@50C
1791263813.612728 10-06-2026 14:16:53 RAM 3082/6833MB (lfb 128x4MB) SWAP 184/3417MB (cached 1MB) CPU [4%@1420,5%@1420,9%@1420,4%@1420,100%@1420,18%@1420] EMC_FREQ 0% GR3D_FREQ 28% AUX@44C CPU@45C thermal@44.45C AO@44C GPU@44C PMIC@50C
1791263813.816284 10-06-2026 14:16:53 RAM 3113/6833MB (lfb 125x4MB) SWAP 184/3417MB (cached 1MB) CPU [10%@1420,5%@1420,0%@1420,5%@1420,94%@1420,5%@1420] EMC_FREQ 0% GR3D_FREQ 0% AUX@44C CPU@45C thermal@44.45C AO@44C GPU@44.5C PMIC@50C
1791263814.019632 10-06-2026 14:16:54 RAM 3146/6833MB (lfb 120x4MB) SWAP 184/3417MB (cached 1MB) CPU [0%@1420,4%@1420,5%@1420,0%@1420,95%@1420,10%@1420] EMC_FREQ 0% GR3D_FREQ 3% AUX@44C CPU@45C thermal@44.45C AO@44C GPU@44C PMIC@50C
1791263814.222853 10-06-2026 14:16:54 RAM 3176/6833MB (lfb 117x4MB) SWAP 184/3417MB (cached 1MB) CPU [13%@1420,9%@1420,0%@1420,5%@1420,95%@1420,10%@1420] EMC_FREQ 0% GR3D_FREQ 7% AUX@44C CPU@45C thermal@44.45C AO@44C GPU@44C PMIC@50C
1791263814.427137 10-06-2026 14:16:54 RAM 3207/6833MB (lfb 112x4MB) SWAP 184/3417MB (cached 1MB) CPU [0%@1420,0%@1420,4%@1420,0%@1420,95%@1420,5%@1420] EMC_FREQ 0% GR3D_FREQ 7% AUX@44C CPU@45.5C thermal@44.45C AO@44C GPU@44C PMIC@50C
1791263814.630957 10-06-2026 14:16:54 RAM 3237/6833MB (lfb 109x4MB) SWAP 184/3417MB (cached 1MB) CPU [10%@1420,5%@1420,5%@1420,5%@1420,95%@1420,5%@1420] EMC_FREQ 0% GR3D_FREQ 8% AUX@44C CPU@45C thermal@44.3C AO@44C GPU@44C PMIC@50C
1791263814.834267 10-06-2026 14:16:54 RAM 3288/6833MB (lfb 100x4MB) SWAP 184/3417MB (cached 1MB) CPU [4%@1420,9%@1420,0%@1420,5%@1420,95%@1420,13%@1420] EMC_FREQ 0% GR3D_FREQ 2% AUX@44C CPU@45C thermal@44.3C AO@44C GPU@44C PMIC@50C
1791263815.037951 10-06-2026 14:16:55 RAM 3304/6833MB (lfb 98x4MB) SWAP 184/3417MB (cached 1MB) CPU [10%@1420,0%@1420,0%@1420,4%@1420,95%@1420,10%@1420] EMC_FREQ 0% GR3D_FREQ 20% AUX@44C CPU@45C thermal@44.3C AO@44C GPU@44.5C PMIC@50C
1791263815.241218 10-06-2026 14:16:55 RAM 3352/6833MB (lfb 91x4MB) SWAP 184/3417MB (cached 1MB) CPU [5%@1420,0%@1420,0%@1420,9%@1420,95%@1420,9%@1420] EMC_FREQ 0% GR3D_FREQ 7% AUX@44C CPU@45C thermal@44.3C AO@44C GPU@44C PMIC@50C
1791263815.444485 10-06-2026 14:16:55 RAM 3367/6833MB (lfb 90x4MB) SWAP 184/3417MB (cached 1MB) CPU [0%@1420,5%@1420,9%@1420,0%@1420,94%@1420,5%@1420] EMC_FREQ 0% GR3D_FREQ 0% AUX@44.5C CPU@45C thermal@44.3C AO@44C GPU@44C PMIC@50C
1791263815.647758 10-06-2026 14:16:55 RAM 3400/6833MB (lfb 86x4MB) SWAP 184/3417MB (cached 1MB) CPU [10%@1420,5%@1420,4%@1420,5%@1420,95%@1420,5%@1420] EMC_FREQ 0% GR3D_FREQ 7% AUX@44C CPU@45.5C thermal@44.45C AO@44C GPU@44C PMIC@50C
1791263815.851156 10-06-2026 14:16:55 RAM 3435/6833MB (lfb 81x4MB) SWAP 184/3417MB (cached 1MB) CPU [5%@1420,13%@1420,5%@1420,5%@1420,95%@1420,0%@1420] EMC_FREQ 0% GR3D_FREQ 7% AUX@44C CPU@45C thermal@44.45C AO@44C GPU@44C PMIC@50C
1791263816.055310 10-06-2026 14:16:56 RAM 3298/6833MB (lfb 81x4MB) SWAP 184/3417MB (cached 1MB) CPU [5%@1420,5%@1420,4%@1420,5%@1420,65%@1420,5%@1420] EMC_FREQ 0% GR3D_FREQ 59% AUX@44C CPU@45.5C thermal@44.45C AO@44C GPU@44.5C PMIC@50C
1791263816.258565 10-06-2026 14:16:56 RAM 3241/6833MB (lfb 81x4MB) SWAP 184/3417MB (cached 1MB) CPU [25%@1420,10%@1420,5%@1420,0%@1420,38%@1420,20%@1420] EMC_FREQ 0% GR3D_FREQ 44% AUX@44C CPU@45.5C thermal@44.45C AO@44C GPU@44.5C PMIC@50C
1791263816.461863 10-06-2026 14:16:56 RAM 3373/6833MB (lfb 81x4MB) SWAP 184/3417MB (cached 1MB) CPU [19%@1420,19%@1420,0%@1420,5%@1420,33%@1420,19%@1420] EMC_FREQ 0% GR3D_FREQ 64% AUX@44.5C CPU@45.5C thermal@44.45C AO@44C GPU@44.5C PMIC@50C
1791263816.665178 10-06-2026 14:16:56 RAM 3345/6833MB (lfb 97x4MB) SWAP 184/3417MB (cached 1MB) CPU [47%@1420,52%@1420,5%@1420,4%@1420,5%@1420,0%@1420] EMC_FREQ 0% GR3D_FREQ 22% AUX@44C CPU@45.5C thermal@44.45C AO@44C GPU@44.5C PMIC@50C
1791263816.868955 10-06-2026 14:16:56 RAM 3348/6833MB (lfb 97x4MB) SWAP 184/3417MB (cached 1MB) CPU [15%@1190,5%@1190,13%@1190,9%@1190,65%@1190,5%@1190] EMC_FREQ 0% GR3D_FREQ 0% AUX@44.5C CPU@45C thermal@44.8C AO@44C GPU@44.5C PMIC@50C
1791263817.072958 10-06-2026 14:16:57 RAM 3347/6833MB (lfb 97x4MB) SWAP 184/3417MB (cached 1MB) CPU [10%@1190,5%@1190,5%@1190,5%@1190,4%@1190,13%@1190] EMC_FREQ 0% GR3D_FREQ 0% AUX@44.5C CPU@45C thermal@44.8C AO@44C GPU@44C PMIC@50C
1791263817.276644 10-06-2026 14:16:57 RAM 3347/6833MB (lfb 97x4MB) SWAP 184/3417MB (cached 1MB) CPU [22%@1190,5%@1190,9%@1190,9%@1190,5%@1190,4%@1190] EMC_FREQ 0% GR3D_FREQ 0% AUX@44C CPU@45C thermal@44.8C AO@44C GPU@44.5C PMIC@50C
1791263817.480129 10-06-2026 14:16:57 RAM 3347/6833MB (lfb 97x4MB) SWAP 184/3417MB (cached 1MB) CPU [0%@1420,90%@1420,9%@1420,5%@1420,0%@1420,10%@1420] EMC_FREQ 0% GR3D_FREQ 0% AUX@44.5C CPU@45C thermal@44.8C AO@44C GPU@44C PMIC@50C
1791263817.683589 10-06-2026 14:16:57 RAM 3347/6833MB (lfb 97x4MB) SWAP 184/3417MB (cached 1MB) CPU [10%@1190,25%@1420,5%@1420,4%@1420,18%@1420,10%@1420] EMC_FREQ 0% GR3D_FREQ 0% AUX@44C CPU@45C thermal@44.8C AO@44C GPU@44.5C PMIC@50C
1791263817.887196 10-06-2026 14:16:57 RAM 3363/6833MB (lfb 97x4MB) SWAP 184/3417MB (cached 1MB) CPU [10%@1190,10%@1190,10%@1190,5%@1190,10%@1190,10%@1190] EMC_FREQ 0% GR3D_FREQ 0% AUX@44.5C CPU@45.5C thermal@44.8C AO@44C GPU@44.5C PMIC@50C
1791263818.090368 10-06-2026 14:16:58 RAM 3387/6833MB (lfb 97x4MB) SWAP 184/3417MB (cached 1MB) CPU [10%@1420,35%@1420,13%@1420,0%@1420,10%@1420,0%@1420] EMC_FREQ 0% GR3D_FREQ 0% AUX@44.5C CPU@45.5C thermal@44.8C AO@44C GPU@44C PMIC@50C
1791263818.294020 10-06-2026 14:16:58 RAM 3402/6833MB (lfb 97x4MB) SWAP 184/3417MB (cached 1MB) CPU [10%@1420,50%@1420,0%@1420,5%@1420,4%@1420,14%@1420] EMC_FREQ 0% GR3D_FREQ 0% AUX@44.5C CPU@45.5C thermal@44.8C AO@44C GPU@44C PMIC@50C
1791263818.497308 10-06-2026 14:16:58 RAM 3416/6833MB (lfb 97x4MB) SWAP 184/3417MB (cached 1MB) CPU [19%@1190,18%@1190,4%@1420,0%@1420,5%@1420,0%@1420] EMC_FREQ 0% GR3D_FREQ 0% AUX@44.5C CPU@45.5C thermal@44.8C AO@44.5C GPU@44.5C PMIC@50C
1791263818.700807 10-06-2026 14:16:58 RAM 3436/6833MB (lfb 97x4MB) SWAP 184/3417MB (cached 1MB) CPU [15%@1190,5%@1190,0%@1190,9%@1190,9%@1420,5%@1420] EMC_FREQ 0% GR3D_FREQ 0% AUX@44.5C CPU@45C thermal@44.8C AO@44C GPU@44.5C PMIC@50C
1791263818.904234 10-06-2026 14:16:58 RAM 3451/6833MB (lfb 97x4MB) SWAP 184/3417MB (cached 1MB) CPU [4%@1190,5%@1190,5%@1420,14%@1420,5%@1420,10%@1420] EMC_FREQ 0% GR3D_FREQ 0% AUX@44.5C CPU@45.5C thermal@44.8C AO@44C GPU@44.5C PMIC@50C
1791263819.107713 10-06-2026 14:16:59 RAM 3470/6833MB (lfb 97x4MB) SWAP 184/3417MB (cached 1MB) CPU [14%@1190,9%@1190,10%@1190,11%@1190,5%@1190,14%@1190] EMC_FREQ 0% GR3D_FREQ 0% AUX@44.5C CPU@45.5C thermal@44.8C AO@44C GPU@44.5C PMIC@50C
1791263819.310812 10-06-2026 14:16:59 RAM 3487/6833MB (lfb 97x4MB) SWAP 184/3417MB (cached 1MB) CPU [0%@1420,0%@1420,14%@1420,52%@1420,4%@1420,14%@1420] EMC_FREQ 0% GR3D_FREQ 0% AUX@44.5C CPU@45C thermal@44.8C AO@44C GPU@44.5C PMIC@50C
1791263819.514341 10-06-2026 14:16:59 RAM 3495/6833MB (lfb 97x4MB) SWAP 184/3417MB (cached 1MB) CPU [0%@1420,4%@1420,18%@1420,40%@1420,5%@1420,10%@1420] EMC_FREQ 0% GR3D_FREQ 0% AUX@44.5C CPU@45.5C thermal@44.8C AO@44C GPU@44.5C PMIC@50C
1791263819.717989 10-06-2026 14:16:59 RAM 3503/6833MB (lfb 97x4MB) SWAP 184/3417MB (cached 1MB) CPU [0%@1420,9%@1420,5%@1420,10%@1420,14%@1420,5%@1420] EMC_FREQ 0% GR3D_FREQ 0% AUX@44C CPU@45C thermal@44.8C AO@44.5C GPU@44.5C PMIC@50C
1791263819.921290 10-06-2026 14:16:59 RAM 3519/6833MB (lfb 97x4MB) SWAP 184/3417MB (cached 1MB) CPU [13%@1190,5%@1190,18%@1420,15%@1420,10%@1420,4%@1420] EMC_FREQ 0% GR3D_FREQ 0% AUX@44.5C CPU@45C thermal@44.8C AO@44.5C GPU@44.5C PMIC@50C
1791263820.125129 10-06-2026 14:17:00 RAM 3663/6833MB (lfb 89x4MB) SWAP 184/3417MB (cached 1MB) CPU [9%@1420,0%@1420,94%@1420,5%@1420,14%@1420,10%@1420] EMC_FREQ 0% GR3D_FREQ 33% AUX@44.5C CPU@45.5C thermal@44.8C AO@44.5C GPU@44.5C PMIC@50C
1791263820.329663 10-06-2026 14:17:00 RAM 3663/6833MB (lfb 89x4MB) SWAP 184/3417MB (cached 1MB) CPU [5%@1420,5%@1420,88%@1420,0%@1420,0%@1420,14%@1420] EMC_FREQ 0% GR3D_FREQ 37% AUX@44.5C CPU@45.5C thermal@44.65C AO@44.5C GPU@44.5C PMIC@50C
1791263820.533089 10-06-2026 14:17:00 RAM 3347/6833MB (lfb 96x4MB) SWAP 184/3417MB (cached 1MB) CPU [9%@1420,0%@1420,95%@1420,9%@1420,5%@1420,5%@1420] EMC_FREQ 0% GR3D_FREQ 0% AUX@44.5C CPU@45.5C thermal@44.65C AO@44C GPU@44.5C PMIC@50C
1791263820.736803 10-06-2026 14:17:00 RAM 3346/6833MB (lfb 96x4MB) SWAP 184/3417MB (cached 1MB) CPU [9%@1420,9%@1420,100%@1420,10%@1420,4%@1420,15%@1420] EMC_FREQ 0% GR3D_FREQ 0% AUX@44.5C CPU@45.5C thermal@44.65C AO@44.5C GPU@44.5C PMIC@50C
1791263820.940035 10-06-2026 14:17:00 RAM 3345/6833MB (lfb 96x4MB) SWAP 184/3417MB (cached 1MB) CPU [5%@1420,5%@1420,75%@1420,9%@1420,63%@1420,4%@1420] EMC_FREQ 0% GR3D_FREQ 0% AUX@44.5C CPU@45.5C thermal@44.65C AO@44.5C GPU@45C PMIC@50C
1791263821.143516 10-06-2026 14:17:01 RAM 3351/6833MB (lfb 96x4MB) SWAP 184/3417MB (cached 1MB) CPU [10%@1420,0%@1420,47%@1420,15%@1420,9%@1420,5%@1420] EMC_FREQ 0% GR3D_FREQ 0% AUX@44.5C CPU@45.5C thermal@44.65C AO@44C GPU@44.5C PMIC@50C
1791263821.346849 10-06-2026 14:17:01 RAM 3351/6833MB (lfb 96x4MB) SWAP 184/3417MB (cached 1MB) CPU [14%@1420,10%@1420,90%@1420,4%@1420,9%@1420,4%@1420] EMC_FREQ 0% GR3D_FREQ 0% AUX@44.5C CPU@45.5C thermal@44.8C AO@44.5C GPU@44.5C PMIC@50C
1791263821.550364 10-06-2026 14:17:01 RAM 3350/6833MB (lfb 96x4MB) SWAP 184/3417MB (cached 1MB) CPU [19%@1190,9%@1420,20%@1420,20%@1420,13%@1420,10%@1420] EMC_FREQ 0% GR3D_FREQ 0% AUX@44.5C CPU@45.5C thermal@44.8C AO@44.5C GPU@44.5C PMIC@50C
1791263821.753554 10-06-2026 14:17:01 RAM 3352/6833MB (lfb 96x4MB) SWAP 184/3417MB (cached 1MB) CPU [15%@1190,20%@1190,0%@1190,10%@1190,15%@1190,11%@1420] EMC_FREQ 0% GR3D_FREQ 0% AUX@44.5C CPU@45.5C thermal@44.8C AO@44.5C GPU@45C PMIC@50C
1791263821.958070 10-06-2026 14:17:01 RAM 3352/6833MB (lfb 96x4MB) SWAP 184/3417MB (cached 1MB) CPU [9%@1420,5%@1420,55%@1420,4%@1420,0%@1420,5%@1420] EMC_FREQ 0% GR3D_FREQ 0% AUX@44.5C CPU@45.5C thermal@44.8C AO@44.5C GPU@44.5C PMIC@50C
1791263822.160401 10-06-2026 14:17:02 RAM 3352/6833MB (lfb 96x4MB) SWAP 184/3417MB (cached 1MB) CPU [5%@1190,5%@1420,33%@1420,10%@1420,9%@1420,9%@1420] EMC_FREQ 0% GR3D_FREQ 0% AUX@44.5C CPU@45.5C thermal@44.8C AO@44.5C GPU@44.5C PMIC@50C
1791263822.364277 10-06-2026 14:17:02 RAM 3351/6833MB (lfb 96x4MB) SWAP 184/3417MB (cached 1MB) CPU [9%@1190,5%@1190,15%@1190,0%@1190,9%@1190,0%@1190] EMC_FREQ 0% GR3D_FREQ 0% AUX@44.5C CPU@45.5C thermal@44.8C AO@44.5C GPU@44.5C PMIC@50C
1791263822.568139 10-06-2026 14:17:02 RAM 3350/6833MB (lfb 96x4MB) SWAP 184/3417MB (cached 1MB) CPU [13%@1190,9%@1190,70%@1190,5%@1420,5%@1420,9%@1420] EMC_FREQ 0% GR3D_FREQ 0% AUX@44.5C CPU@45.5C thermal@44.8C AO@44.5C GPU@44.5C PMIC@50C
1791263822.771655 10-06-2026 14:17:02 RAM 3350/6833MB (lfb 96x4MB) SWAP 184/3417MB (cached 1MB) CPU [5%@1190,5%@1190,5%@1190,22%@1190,9%@1190,10%@1420] EMC_FREQ 0% GR3D_FREQ 0% AUX@44.5C CPU@45.5C thermal@44.8C AO@44.5C GPU@44.5C PMIC@50C
1791263822.974878 10-06-2026 14:17:02 RAM 3350/6833MB (lfb 96x4MB) SWAP 184/3417MB (cached 1MB) CPU [9%@1420,9%@1420,18%@1420,75%@1420,0%@1420,10%@1420] EMC_FREQ 0% GR3D_FREQ 0% AUX@44.5C CPU@46C thermal@44.8C AO@44.5C GPU@44.5C PMIC@50C
1791263823.178306 10-06-2026 14:17:03 RAM 4021/6833MB (lfb 9x4MB) SWAP 184/3417MB (cached 1MB) CPU [5%@1420,4%@1420,100%@1420,4%@1420,0%@1420,21%@1420] EMC_FREQ 0% GR3D_FREQ 0% AUX@44.5C CPU@46C thermal@44.8C AO@44.5C GPU@44.5C PMIC@50C
1791263823.381631 10-06-2026 14:17:03 RAM 4128/6833MB (lfb 31x1MB) SWAP 184/3417MB (cached 1MB) CPU [0%@1420,0%@1420,100%@1420,5%@1420,9%@1420,10%@1420] EMC_FREQ 0% GR3D_FREQ 0% AUX@44.5C CPU@45.5C thermal@44.8C AO@44.5C GPU@44.5C PMIC@50C
1791263823.585229 10-06-2026 14:17:03 RAM 4191/6833MB (lfb 31x1MB) SWAP 184/3417MB (cached 1MB) CPU [4%@1420,13%@1420,100%@1420,0%@1420,5%@1420,5%@1420] EMC_FREQ 0% GR3D_FREQ 0% AUX@45C CPU@45.5C thermal@44.95C AO@44.5C GPU@45C PMIC@50C
1791263823.789912 10-06-2026 14:17:03 RAM 4214/6833MB (lfb 23x1MB) SWAP 184/3417MB (cached 1MB) CPU [31%@1420,5%@1420,100%@1420,5%@1420,5%@1420,0%@1420] EMC_FREQ 0% GR3D_FREQ 0% AUX@45C CPU@45.5C thermal@44.95C AO@44.5C GPU@45C PMIC@50C
1791263823.995680 10-06-2026 14:17:03 RAM 4156/6833MB (lfb 24x1MB) SWAP 184/3417MB (cached 1MB) CPU [42%@1420,0%@1420,100%@1420,0%@1420,13%@1420,19%@1420] EMC_FREQ 0% GR3D_FREQ 0% AUX@44.5C CPU@45.5C thermal@44.95C AO@45C GPU@44.5C PMIC@50C
1791263824.199951 10-06-2026 14:17:04 RAM 4135/6833MB (lfb 25x1MB) SWAP 184/3417MB (cached 1MB) CPU [15%@1420,5%@1420,100%@1420,9%@1420,5%@1420,14%@1420] EMC_FREQ 0% GR3D_FREQ 0% AUX@45C CPU@45.5C thermal@44.95C AO@44.5C GPU@45C PMIC@50C
1791263824.403747 10-06-2026 14:17:04 RAM 4135/6833MB (lfb 25x1MB) SWAP 184/3417MB (cached 1MB) CPU [5%@1420,5%@1420,100%@1420,0%@1420,9%@1420,10%@1420] EMC_FREQ 0% GR3D_FREQ 0% AUX@45C CPU@46C thermal@44.95C AO@45C GPU@44.5C PMIC@50C
1791263824.607431 10-06-2026 14:17:04 RAM 4134/6833MB (lfb 25x1MB) SWAP 184/3417MB (cached 1MB) CPU [0%@1420,4%@1420,100%@1420,9%@1420,9%@1420,18%@1420] EMC_FREQ 0% GR3D_FREQ 0% AUX@44.5C CPU@45.5C thermal@44.8C AO@44.5C GPU@44.5C PMIC@50C
1791263824.811235 10-06-2026 14:17:04 RAM 4134/6833MB (lfb 25x1MB) SWAP 184/3417MB (cached 1MB) CPU [4%@1420,0%@1420,100%@1420,4%@1420,5%@1420,15%@1420] EMC_FREQ 0% GR3D_FREQ 0% AUX@45C CPU@45.5C thermal@44.8C AO@45C GPU@45C PMIC@50C
1791263825.014925 10-06-2026 14:17:05 RAM 4134/6833MB (lfb 25x1MB) SWAP 184/3417MB (cached 1MB) CPU [9%@1420,9%@1420,100%@1420,0%@1420,5%@1420,13%@1420] EMC_FREQ 0% GR3D_FREQ 0% AUX@45C CPU@45.5C thermal@44.8C AO@45C GPU@45C PMIC@50C
1791263825.218617 10-06-2026 14:17:05 RAM 4134/6833MB (lfb 25x1MB) SWAP 184/3417MB (cached 1MB) CPU [0%@1420,0%@1420,100%@1420,4%@1420,14%@1420,10%@1420] EMC_FREQ 0% GR3D_FREQ 0% AUX@45C CPU@46C thermal@44.8C AO@45C GPU@45C PMIC@50C
1791263825.422360 10-06-2026 14:17:05 RAM 3132/6833MB (lfb 96x4MB) SWAP 184/3417MB (cached 1MB) CPU [9%@1420,5%@1420,100%@1420,0%@1420,9%@1420,10%@1420] EMC_FREQ 0% GR3D_FREQ 0% AUX@45C CPU@46C thermal@44.8C AO@44.5C GPU@45C PMIC@50C
1791263825.627367 10-06-2026 14:17:05 RAM 3132/6833MB (lfb 96x4MB) SWAP 184/3417MB (cached 1MB) CPU [0%@1420,4%@1420,100%@1420,4%@1420,10%@1420,5%@1420] EMC_FREQ 0% GR3D_FREQ 0% AUX@45C CPU@46C thermal@44.8C AO@45C GPU@45C PMIC@50C
1791263825.830785 10-06-2026 14:17:05 RAM 3132/6833MB (lfb 96x4MB) SWAP 184/3417MB (cached 1MB) CPU [4%@1420,5%@1420,100%@1420,4%@1420,10%@1420,0%@1420] EMC_FREQ 0% GR3D_FREQ 0% AUX@45C CPU@46C thermal@45.15C AO@45C GPU@45C PMIC@50C
1791263826.034036 10-06-2026 14:17:06 RAM 3145/6833MB (lfb 96x4MB) SWAP 184/3417MB (cached 1MB) CPU [14%@1420,5%@1420,100%@1420,0%@1420,9%@1420,9%@1420] EMC_FREQ 0% GR3D_FREQ 0% AUX@45C CPU@46C thermal@45.15C AO@44.5C GPU@45C PMIC@50C
1791263826.237302 10-06-2026 14:17:06 RAM 3173/6833MB (lfb 96x4MB) SWAP 184/3417MB (cached 1MB) CPU [0%@1420,0%@1420,100%@1420,9%@1420,5%@1420,0%@1420] EMC_FREQ 0% GR3D_FREQ 0% AUX@45C CPU@46C thermal@45.15C AO@45C GPU@44.5C PMIC@50C
1791263826.440639 10-06-2026 14:17:06 RAM 3205/6833MB (lfb 96x4MB) SWAP 184/3417MB (cached 1MB) CPU [10%@1420,9%@1420,100%@1420,4%@1420,5%@1420,18%@1420] EMC_FREQ 0% GR3D_FREQ 0% AUX@45C CPU@46C thermal@45.15C AO@45C GPU@45C PMIC@50C
1791263826.643866 10-06-2026 14:17:06 RAM 3234/6833MB (lfb 96x4MB) SWAP 184/3417MB (cached 1MB) CPU [0%@1420,5%@1420,100%@1420,0%@1420,9%@1420,5%@1420] EMC_FREQ 0% GR3D_FREQ 0% AUX@45C CPU@46C thermal@45.15C AO@44.5C GPU@45C PMIC@50C
1791263826.847440 10-06-2026 14:17:06 RAM 3266/6833MB (lfb 96x4MB) SWAP 184/3417MB (cached 1MB) CPU [0%@1420,13%@1420,100%@1420,5%@1420,9%@1420,13%@1420] EMC_FREQ 0% GR3D_FREQ 0% AUX@45C CPU@46C thermal@45.15C AO@45C GPU@45C PMIC@50C
1791263827.050635 10-06-2026 14:17:07 RAM 3296/6833MB (lfb 96x4MB) SWAP 184/3417MB (cached 1MB) CPU [9%@1420,0%@1420,100%@1420,9%@1420,10%@1420,9%@1420] EMC_FREQ 0% GR3D_FREQ 0% AUX@45C CPU@46C thermal@45.3C AO@45C GPU@45C PMIC@50C
1791263827.253979 10-06-2026 14:17:07 RAM 3328/6833MB (lfb 96x4MB) SWAP 184/3417MB (cached 1MB) CPU [9%@1420,10%@1420,100%@1420,0%@1420,66%@1420,4%@1420] EMC_FREQ 0% GR3D_FREQ 0% AUX@45C CPU@46C thermal@45.3C AO@45C GPU@45C PMIC@50C
1791263827.457130 10-06-2026 14:17:07 RAM 3360/6833MB (lfb 96x4MB) SWAP 184/3417MB (cached 1MB) CPU [57%@1420,26%@1420,100%@1420,9%@1420,0%@1420,5%@1420] EMC_FREQ 0% GR3D_FREQ 0% AUX@45C CPU@46C thermal@45.3C AO@45C GPU@45C PMIC@50C
1791263827.660446 10-06-2026 14:17:07 RAM 3384/6833MB (lfb 96x4MB) SWAP 184/3417MB (cached 1MB) CPU [22%@1420,10%@1420,45%@1420,57%@1420,0%@1420,5%@1420] EMC_FREQ 0% GR3D_FREQ 0% AUX@45C CPU@46C thermal@45.3C AO@45C GPU@45C PMIC@50C
1791263827.863760 10-06-2026 14:17:07 RAM 3410/6833MB (lfb 96x4MB) SWAP 184/3417MB (cached 1MB) CPU [5%@1420,9%@1420,4%@1420,100%@1420,9%@1420,9%@1420] EMC_FREQ 0% GR3D_FREQ 0% AUX@45C CPU@46C thermal@45.3C AO@45C GPU@45.5C PMIC@50C
1791263828.068007 10-06-2026 14:17:08 RAM 3439/6833MB (lfb 93x4MB) SWAP 184/3417MB (cached 1MB) CPU [0%@1420,5%@1420,0%@1420,100%@1420,9%@1420,5%@1420] EMC_FREQ 0% GR3D_FREQ 0% AUX@45C CPU@46C thermal@45.3C AO@45C GPU@45C PMIC@50C
1791263828.270370 10-06-2026 14:17:08 RAM 3467/6833MB (lfb 85x4MB) SWAP 184/3417MB (cached 1MB) CPU [0%@1420,5%@1420,0%@1420,100%@1420,0%@1420,5%@1420] EMC_FREQ 0% GR3D_FREQ 0% AUX@45C CPU@46C thermal@45.3C AO@45C GPU@45C PMIC@50C
1791263828.473742 10-06-2026 14:17:08 RAM 3498/6833MB (lfb 78x4MB) SWAP 184/3417MB (cached 1MB) CPU [9%@1420,5%@1420,5%@1420,100%@1420,14%@1420,4%@1420] EMC_FREQ 0% GR3D_FREQ 0% AUX@45C CPU@46C thermal@45.3C AO@45C GPU@45C PMIC@50C
1791263828.676984 10-06-2026 14:17:08 RAM 3562/6833MB (lfb 62x4MB) SWAP 184/3417MB (cached 1MB) CPU [5%@1420,0%@1420,10%@1420,100%@1420,18%@1420,5%@1420] EMC_FREQ 0% GR3D_FREQ 0% AUX@45C CPU@46.5C thermal@45.3C AO@45C GPU@45C PMIC@50C
1791263828.880235 10-06-2026 14:17:08 RAM 3608/6833MB (lfb 50x4MB) SWAP 184/3417MB (cached 1MB) CPU [13%@1420,5%@1420,4%@1420,100%@1420,10%@1420,0%@1420] EMC_FREQ 0% GR3D_FREQ 0% AUX@45C CPU@46C thermal@45.3C AO@45C GPU@45.5C PMIC@50C
1791263829.083481 10-06-2026 14:17:09 RAM 3608/6833MB (lfb 50x4MB) SWAP 184/3417MB (cached 1MB) CPU [0%@1420,9%@1420,0%@1420,100%@1420,5%@1420,4%@1420] EMC_FREQ 0% GR3D_FREQ 0% AUX@45C CPU@46C thermal@45.3C AO@45C GPU@45.5C PMIC@50C
1791263829.286648 10-06-2026 14:17:09 RAM 3608/6833MB (lfb 50x4MB) SWAP 184/3417MB (cached 1MB) CPU [9%@1420,5%@1420,0%@1420,100%@1420,5%@1420,5%@1420] EMC_FREQ 0% GR3D_FREQ 0% AUX@45C CPU@46C thermal@45.45C AO@45C GPU@45C PMIC@50C
1791263829.489923 10-06-2026 14:17:09 RAM 3608/6833MB (lfb 50x4MB) SWAP 184/3417MB (cached 1MB) CPU [9%@1420,5%@1420,0%@1420,100%@1420,14%@1420,5%@1420] EMC_FREQ 0% GR3D_FREQ 0% AUX@45C CPU@46C thermal@45.45C AO@45.5C GPU@45C PMIC@50C
1791263829.693085 10-06-2026 14:17:09 RAM 3608/6833MB (lfb 50x4MB) SWAP 184/3417MB (cached 1MB) CPU [5%@1420,0%@1420,5%@1420,100%@1420,5%@1420,10%@1420] EMC_FREQ 0% GR3D_FREQ 0% AUX@45C CPU@46.5C thermal@45.45C AO@45.5C GPU@45.5C PMIC@50C
1791263829.896427 10-06-2026 14:17:09 RAM 3608/6833MB (lfb 50x4MB) SWAP 184/3417MB (cached 1MB) CPU [0%@1420,9%@1420,0%@1420,100%@1420,0%@1420,13%@1420] EMC_FREQ 0% GR3D_FREQ 0% AUX@45C CPU@46C thermal@45.45C AO@45.5C GPU@45.5C PMIC@50C
1791263830.099596 10-06-2026 14:17:10 RAM 3608/6833MB (lfb 50x4MB) SWAP 184/3417MB (cached 1MB) CPU [9%@1420,9%@1420,4%@1420,100%@1420,5%@1420,5%@1420] EMC_FREQ 0% GR3D_FREQ 0% AUX@45C CPU@46.5C thermal@45.45C AO@45.5C GPU@45.5C PMIC@50C
1791263830.302898 10-06-2026 14:17:10 RAM 3608/6833MB (lfb 50x4MB) SWAP 184/3417MB (cached 1MB) CPU [5%@1420,5%@1420,0%@1420,100%@1420,5%@1420,9%@1420] EMC_FREQ 0% GR3D_FREQ 0% AUX@45C CPU@46.5C thermal@45.45C AO@45C GPU@45C PMIC@50C
1791263830.506194 10-06-2026 14:17:10 RAM 3608/6833MB (lfb 50x4MB) SWAP 184/3417MB (cached 1MB) CPU [4%@1420,9%@1420,5%@1420,100%@1420,9%@1420,14%@1420] EMC_FREQ 0% GR3D_FREQ 0% AUX@45C CPU@46.5C thermal@45.45C AO@45C GPU@45C PMIC@50C
1791263830.709414 10-06-2026 14:17:10 RAM 3607/6833MB (lfb 50x4MB) SWAP 184/3417MB (cached 1MB) CPU [5%@1420,0%@1420,0%@1420,100%@1420,0%@1420,10%@1420] EMC_FREQ 0% GR3D_FREQ 0% AUX@45C CPU@46.5C thermal@45.45C AO@45.5C GPU@45.5C PMIC@50C
1791263830.912824 10-06-2026 14:17:10 RAM 3607/6833MB (lfb 50x4MB) SWAP 184/3417MB (cached 1MB) CPU [5%@1420,9%@1420,5%@1420,100%@1420,0%@1420,18%@1420] EMC_FREQ 0% GR3D_FREQ 0% AUX@45C CPU@46.5C thermal@45.45C AO@45C GPU@45C PMIC@50C
1791263831.116206 10-06-2026 14:17:11 RAM 3607/6833MB (lfb 50x4MB) SWAP 184/3417MB (cached 1MB) CPU [9%@1420,5%@1420,0%@1420,100%@1420,5%@1420,15%@1420] EMC_FREQ 0% GR3D_FREQ 0% AUX@45.5C CPU@46.5C thermal@45.45C AO@45C GPU@45.5C PMIC@50C
1791263831.320515 10-06-2026 14:17:11 RAM 3609/6833MB (lfb 50x4MB) SWAP 184/3417MB (cached 1MB) CPU [0%@1420,5%@1420,4%@1420,100%@1420,5%@1420,5%@1420] EMC_FREQ 0% GR3D_FREQ 0% AUX@45.5C CPU@46.5C thermal@45.45C AO@45C GPU@45.5C PMIC@50C
1791263831.523773 10-06-2026 14:17:11 RAM 3305/6833MB (lfb 50x4MB) SWAP 184/3417MB (cached 1MB) CPU [95%@1420,35%@1420,31%@1420,33%@1420,31%@1420,36%@1420] EMC_FREQ 0% GR3D_FREQ 0% AUX@45.5C CPU@46.5C thermal@45.8C AO@45.5C GPU@45.5C PMIC@50C
1791263831.726967 10-06-2026 14:17:11 RAM 3129/6833MB (lfb 74x4MB) SWAP 184/3417MB (cached 1MB) CPU [95%@1420,5%@1420,0%@1420,0%@1420,14%@1420,14%@1420] EMC_FREQ 0% GR3D_FREQ 0% AUX@45.5C CPU@46.5C thermal@45.8C AO@45C GPU@45.5C PMIC@50C
1791263831.930329 10-06-2026 14:17:11 RAM 3129/6833MB (lfb 74x4MB) SWAP 184/3417MB (cached 1MB) CPU [78%@1420,14%@1420,0%@1420,0%@1420,10%@1420,10%@1420] EMC_FREQ 0% GR3D_FREQ 7% AUX@45C CPU@46.5C thermal@45.8C AO@45.5C GPU@45.5C PMIC@50C
1791263832.133989 10-06-2026 14:17:12 RAM 3129/6833MB (lfb 74x4MB) SWAP 184/3417MB (cached 1MB) CPU [77%@1420,10%@1420,0%@1420,5%@1420,14%@1420,5%@1420] EMC_FREQ 0% GR3D_FREQ 0% AUX@45C CPU@46.5C thermal@45.8C AO@45.5C GPU@45.5C PMIC@50C
1791263832.337683 10-06-2026 14:17:12 RAM 3129/6833MB (lfb 74x4MB) SWAP 184/3417MB (cached 1MB) CPU [68%@1267,25%@1267,0%@1267,5%@1267,9%@1267,4%@1267] EMC_FREQ 0% GR3D_FREQ 0% AUX@45.5C CPU@46.5C thermal@45.8C AO@45.5C GPU@45.5C PMIC@50C
1791263832.540945 10-06-2026 14:17:12 RAM 3129/6833MB (lfb 74x4MB) SWAP 184/3417MB (cached 1MB) CPU [5%@1420,45%@1420,58%@1420,5%@1420,9%@1420,9%@1420] EMC_FREQ 0% GR3D_FREQ 0% AUX@45.5C CPU@46.5C thermal@45.6C AO@45C GPU@45.5C PMIC@50C
1791263832.744274 10-06-2026 14:17:12 RAM 3130/6833MB (lfb 74x4MB) SWAP 184/3417MB (cached 1MB) CPU [9%@1420,47%@1420,40%@1420,15%@1420,5%@1420,0%@1420] EMC_FREQ 0% GR3D_FREQ 0% AUX@45.5C CPU@46.5C thermal@45.6C AO@45.5C GPU@45.5C PMIC@50C
1791263832.947496 10-06-2026 14:17:12 RAM 3130/6833MB (lfb 74x4MB) SWAP 184/3417MB (cached 1MB) CPU [38%@1420,70%@1420,0%@1420,0%@1420,0%@1420,9%@1420] EMC_FREQ 0% GR3D_FREQ 0% AUX@45.5C CPU@46.5C thermal@45.6C AO@45.5C GPU@45.5C PMIC@50C
1791263833.150792 10-06-2026 14:17:13 RAM 3129/6833MB (lfb 74x4MB) SWAP 184/3417MB (cached 1MB) CPU [64%@1420,28%@1420,4%@1420,4%@1420,5%@1420,14%@1420] EMC_FREQ 0% GR3D_FREQ 0% AUX@45.5C CPU@46.5C thermal@45.6C AO@45.5C GPU@45.5C PMIC@50C
1791263833.354055 10-06-2026 14:17:13 RAM 3130/6833MB (lfb 74x4MB) SWAP 184/3417MB (cached 1MB) CPU [30%@1420,57%@1420,5%@1420,5%@1420,14%@1420,9%@1420] EMC_FREQ 0% GR3D_FREQ 0% AUX@45.5C CPU@46.5C thermal@45.6C AO@45.5C GPU@45.5C PMIC@50C
1791263833.557430 10-06-2026 14:17:13 RAM 3130/6833MB (lfb 74x4MB) SWAP 184/3417MB (cached 1MB) CPU [50%@1420,30%@1420,9%@1420,5%@1420,5%@1420,5%@1420] EMC_FREQ 0% GR3D_FREQ 0% AUX@45.5C CPU@46.5C thermal@45.6C AO@45.5C GPU@45.5C PMIC@50C
1791263833.761189 10-06-2026 14:17:13 RAM 3130/6833MB (lfb 74x4MB) SWAP 184/3417MB (cached 1MB) CPU [45%@1420,47%@1420,0%@1420,10%@1420,14%@1420,5%@1420] EMC_FREQ 0% GR3D_FREQ 0% AUX@45.5C CPU@46.5C thermal@45.6C AO@45.5C GPU@45.5C PMIC@50C
1791263833.964354 10-06-2026 14:17:13 RAM 3130/6833MB (lfb 74x4MB) SWAP 184/3417MB (cached 1MB) CPU [10%@1420,72%@1420,0%@1420,5%@1420,10%@1420,4%@1420] EMC_FREQ 0% GR3D_FREQ 0% AUX@45.5C CPU@46.5C thermal@45.6C AO@45.5C GPU@45.5C PMIC@50C
1791263834.167633 10-06-2026 14:17:14 RAM 3130/6833MB (lfb 74x4MB) SWAP 184/3417MB (cached 1MB) CPU [5%@1420,85%@1420,0%@1420,4%@1420,0%@1420,5%@1420] EMC_FREQ 0% GR3D_FREQ 0% AUX@45.5C CPU@46C thermal@45.6C AO@45.5C GPU@45.5C PMIC@50C
1791263834.370961 10-06-2026 14:17:14 RAM 3130/6833MB (lfb 74x4MB) SWAP 184/3417MB (cached 1MB) CPU [28%@1420,57%@1420,5%@1420,10%@1420,4%@1420,10%@1420] EMC_FREQ 0% GR3D_FREQ 0% AUX@45.5C CPU@46.5C thermal@45.6C AO@45C GPU@45.5C PMIC@50C
1791263834.574392 10-06-2026 14:17:14 RAM 3130/6833MB (lfb 74x4MB) SWAP 184/3417MB (cached 1MB) CPU [72%@1420,26%@1420,5%@1420,9%@1420,0%@1420,10%@1420] EMC_FREQ 0% GR3D_FREQ 0% AUX@45.5C CPU@46.5C thermal@45.6C AO@45.5C GPU@45.5C PMIC@50C
1791263834.777709 10-06-2026 14:17:14 RAM 3130/6833MB (lfb 74x4MB) SWAP 184/3417MB (cached 1MB) CPU [10%@1420,76%@1420,5%@1420,5%@1420,0%@1420,14%@1420] EMC_FREQ 0% GR3D_FREQ 14% AUX@45.5C CPU@46.5C thermal@45.8C AO@45.5C GPU@45.5C PMIC@50C
1791263834.981588 10-06-2026 14:17:14 RAM 3130/6833MB (lfb 74x4MB) SWAP 184/3417MB (cached 1MB) CPU [0%@1420,90%@1420,5%@1420,14%@1420,4%@1420,9%@1420] EMC_FREQ 0% GR3D_FREQ 0% AUX@45.5C CPU@46.5C thermal@45.8C AO@45.5C GPU@45.5C PMIC@50C
1791263835.184810 10-06-2026 14:17:15 RAM 3159/6833MB (lfb 74x4MB) SWAP 184/3417MB (cached 1MB) CPU [52%@1420,50%@1420,5%@1420,0%@1420,4%@1420,5%@1420] EMC_FREQ 0% GR3D_FREQ 0% AUX@45.5C CPU@46.5C thermal@45.8C AO@45.5C GPU@45.5C PMIC@50C
1791263835.388184 10-06-2026 14:17:15 RAM 3267/6833MB (lfb 74x4MB) SWAP 184/3417MB (cached 1MB) CPU [30%@1420,70%@1420,4%@1420,9%@1420,10%@1420,9%@1420] EMC_FREQ 0% GR3D_FREQ 0% AUX@45.5C CPU@46.5C thermal@45.8C AO@45.5C GPU@45.5C PMIC@50C
1791263835.594075 10-06-2026 14:17:15 RAM 3298/6833MB (lfb 74x4MB) SWAP 184/3417MB (cached 1MB) CPU [0%@1420,90%@1420,9%@1420,0%@1420,9%@1420,5%@1420] EMC_FREQ 0% GR3D_FREQ 0% AUX@45.5C CPU@46.5C thermal@45.8C AO@45.5C GPU@45.5C PMIC@50C
1791263835.797372 10-06-2026 14:17:15 RAM 3298/6833MB (lfb 74x4MB) SWAP 184/3417MB (cached 1MB) CPU [23%@1420,5%@1420,0%@1420,0%@1420,73%@1420,10%@1420] EMC_FREQ 0% GR3D_FREQ 0% AUX@45.5C CPU@46.5C thermal@45.8C AO@45.5C GPU@45.5C PMIC@50C
1791263836.000626 10-06-2026 14:17:15 RAM 3298/6833MB (lfb 74x4MB) SWAP 184/3417MB (cached 1MB) CPU [5%@1420,0%@1420,5%@1420,5%@1420,36%@1420,72%@1420] EMC_FREQ 0% GR3D_FREQ 0% AUX@45.5C CPU@46.5C thermal@45.8C AO@45.5C GPU@45.5C PMIC@50C
1791263836.211172 10-06-2026 14:17:16 RAM 3299/6833MB (lfb 74x4MB) SWAP 184/3417MB (cached 1MB) CPU [4%@1420,4%@1420,4%@1420,13%@1420,80%@1420,20%@1420] EMC_FREQ 0% GR3D_FREQ 0% AUX@45.5C CPU@46.5C thermal@45.8C AO@45.5C GPU@45.5C PMIC@50C
1791263836.414474 10-06-2026 14:17:16 RAM 3462/6833MB (lfb 52x4MB) SWAP 184/3417MB (cached 1MB) CPU [5%@1420,0%@1420,5%@1420,5%@1420,75%@1420,15%@1420] EMC_FREQ 0% GR3D_FREQ 0% AUX@45.5C CPU@46.5C thermal@45.8C AO@45.5C GPU@46C PMIC@50C
1791263836.617981 10-06-2026 14:17:16 RAM 3295/6833MB (lfb 52x4MB) SWAP 184/3417MB (cached 1MB) CPU [0%@1420,0%@1420,9%@1420,4%@1420,94%@1420,9%@1420] EMC_FREQ 0% GR3D_FREQ 0% AUX@45.5C CPU@46.5C thermal@45.8C AO@45.5C GPU@45.5C PMIC@50C
1791263836.821394 10-06-2026 14:17:16 RAM 3295/6833MB (lfb 52x4MB) SWAP 184/3417MB (cached 1MB) CPU [5%@1420,13%@1420,9%@1420,0%@1420,100%@1420,10%@1420] EMC_FREQ 0% GR3D_FREQ 0% AUX@45.5C CPU@47C thermal@45.8C AO@45.5C GPU@46C PMIC@50C
1791263837.024669 10-06-2026 14:17:17 RAM 3294/6833MB (lfb 52x4MB) SWAP 184/3417MB (cached 1MB) CPU [13%@1420,4%@1420,0%@1420,9%@1420,100%@1420,5%@1420] EMC_FREQ 0% GR3D_FREQ 0% AUX@45.5C CPU@47C thermal@46.1C AO@45.5C GPU@46C PMIC@50C
1791263837.228072 10-06-2026 14:17:17 RAM 3294/6833MB (lfb 52x4MB) SWAP 184/3417MB (cached 1MB) CPU [14%@1420,9%@1420,4%@1420,0%@1420,65%@1420,30%@1420] EMC_FREQ 0% GR3D_FREQ 0% AUX@45.5C CPU@46.5C thermal@46.1C AO@46C GPU@45.5C PMIC@50C
1791263837.431469 10-06-2026 14:17:17 RAM 3294/6833MB (lfb 52x4MB) SWAP 184/3417MB (cached 1MB) CPU [10%@1420,5%@1420,5%@1420,5%@1420,35%@1420,55%@1420] EMC_FREQ 0% GR3D_FREQ 0% AUX@45.5C CPU@47C thermal@46.1C AO@45.5C GPU@46C PMIC@50C
1791263837.634742 10-06-2026 14:17:17 RAM 3294/6833MB (lfb 52x4MB) SWAP 184/3417MB (cached 1MB) CPU [10%@1420,0%@1420,10%@1420,5%@1420,47%@1420,42%@1420] EMC_FREQ 0% GR3D_FREQ 0% AUX@45.5C CPU@46.5C thermal@46.1C AO@45.5C GPU@45.5C PMIC@50C
1791263837.838238 10-06-2026 14:17:17 RAM 3295/6833MB (lfb 52x4MB) SWAP 184/3417MB (cached 1MB) CPU [18%@1420,4%@1420,4%@1420,0%@1420,9%@1420,84%@1420] EMC_FREQ 0% GR3D_FREQ 5% AUX@46C CPU@47C thermal@46.1C AO@46C GPU@46C PMIC@50C
1791263838.041376 10-06-2026 14:17:18 RAM 3295/6833MB (lfb 52x4MB) SWAP 184/3417MB (cached 1MB) CPU [10%@1420,0%@1420,9%@1420,5%@1420,66%@1420,23%@1420] EMC_FREQ 0% GR3D_FREQ 0% AUX@45.5C CPU@47C thermal@46.1C AO@45.5C GPU@46C PMIC@50C
1791263838.244907 10-06-2026 14:17:18 RAM 3295/6833MB (lfb 52x4MB) SWAP 184/3417MB (cached 1MB) CPU [0%@1420,14%@1420,5%@1420,5%@1420,10%@1420,65%@1420] EMC_FREQ 0% GR3D_FREQ 17% AUX@45.5C CPU@47C thermal@46.1C AO@46C GPU@45.5C PMIC@50C
1791263838.448455 10-06-2026 14:17:18 RAM 3295/6833MB (lfb 52x4MB) SWAP 184/3417MB (cached 1MB) CPU [0%@1420,10%@1420,0%@1420,5%@1420,85%@1420,4%@1420] EMC_FREQ 0% GR3D_FREQ 0% AUX@45.5C CPU@46.5C thermal@46.1C AO@46C GPU@46C PMIC@50C
1791263838.651842 10-06-2026 14:17:18 RAM 3295/6833MB (lfb 52x4MB) SWAP 184/3417MB (cached 1MB) CPU [9%@1420,5%@1420,5%@1420,5%@1420,71%@1420,10%@1420] EMC_FREQ 0% GR3D_FREQ 0% AUX@45.5C CPU@47C thermal@46.1C AO@45.5C GPU@46C PMIC@50C
1791263838.855299 10-06-2026 14:17:18 RAM 3295/6833MB (lfb 52x4MB) SWAP 184/3417MB (cached 1MB) CPU [5%@1420,9%@1420,4%@1420,9%@1420,75%@1420,22%@1420] EMC_FREQ 0% GR3D_FREQ 0% AUX@46C CPU@46.5C thermal@46.1C AO@45.5C GPU@46C PMIC@50C
1791263839.058880 10-06-2026 14:17:19 RAM 3295/6833MB (lfb 52x4MB) SWAP 184/3417MB (cached 1MB) CPU [14%@1420,9%@1420,0%@1420,5%@1420,85%@1420,5%@1420] EMC_FREQ 0% GR3D_FREQ 0% AUX@46C CPU@46.5C thermal@46.1C AO@46C GPU@46C PMIC@50C
1791263839.262627 10-06-2026 14:17:19 RAM 3295/6833MB (lfb 52x4MB) SWAP 184/3417MB (cached 1MB) CPU [5%@1420,0%@1420,9%@1420,9%@1420,5%@1420,75%@1420] EMC_FREQ 0% GR3D_FREQ 0% AUX@46C CPU@47C thermal@46.15C AO@46C GPU@46C PMIC@50C
1791263839.465761 10-06-2026 14:17:19 RAM 3298/6833MB (lfb 52x4MB) SWAP 184/3417MB (cached 1MB) CPU [18%@1420,14%@1420,0%@1420,0%@1420,95%@1420,0%@1420] EMC_FREQ 0% GR3D_FREQ 8% AUX@46C CPU@47C thermal@46.15C AO@45.5C GPU@46C PMIC@50C
1791263839.669509 10-06-2026 14:17:19 RAM 3305/6833MB (lfb 52x4MB) SWAP 184/3417MB (cached 1MB) CPU [10%@1420,5%@1420,5%@1420,0%@1420,84%@1420,4%@1420] EMC_FREQ 0% GR3D_FREQ 5% AUX@46C CPU@47C thermal@46.15C AO@46C GPU@46C PMIC@50C
1791263839.873165 10-06-2026 14:17:19 RAM 3315/6833MB (lfb 52x4MB) SWAP 184/3417MB (cached 1MB) CPU [30%@1420,68%@1420,9%@1420,14%@1420,21%@1420,0%@1420] EMC_FREQ 0% GR3D_FREQ 0% AUX@46C CPU@46.5C thermal@46.15C AO@46C GPU@46C PMIC@50C
1791263840.076466 10-06-2026 14:17:20 RAM 3319/6833MB (lfb 52x4MB) SWAP 184/3417MB (cached 1MB) CPU [10%@1420,83%@1420,5%@1420,5%@1420,0%@1420,0%@1420] EMC_FREQ 0% GR3D_FREQ 0% AUX@46C CPU@46.5C thermal@46.15C AO@46C GPU@46C PMIC@50C
1791263840.279656 10-06-2026 14:17:20 RAM 3326/6833MB (lfb 52x4MB) SWAP 184/3417MB (cached 1MB) CPU [19%@1420,83%@1420,9%@1420,5%@1420,4%@1420,4%@1420] EMC_FREQ 0% GR3D_FREQ 0% AUX@46C CPU@46.5C thermal@46.15C AO@46C GPU@46C PMIC@50C
1791263840.482878 10-06-2026 14:17:20 RAM 3335/6833MB (lfb 52x4MB) SWAP 184/3417MB (cached 1MB) CPU [45%@1420,35%@1420,5%@1420,5%@1420,0%@1420,5%@1420] EMC_FREQ 0% GR3D_FREQ 82% AUX@46C CPU@47C thermal@46.15C AO@46C GPU@46C PMIC@50C
1791263840.686252 10-06-2026 14:17:20 RAM 3339/6833MB (lfb 52x4MB) SWAP 184/3417MB (cached 1MB) CPU [63%@1420,40%@1420,0%@1420,5%@1420,5%@1420,0%@1420] EMC_FREQ 0% GR3D_FREQ 0% AUX@46C CPU@46.5C thermal@46.15C AO@46C GPU@46C PMIC@50C
1791263840.889613 10-06-2026 14:17:20 RAM 3339/6833MB (lfb 52x4MB) SWAP 184/3417MB (cached 1MB) CPU [4%@1420,100%@1420,14%@1420,5%@1420,9%@1420,0%@1420] EMC_FREQ 0% GR3D_FREQ 0% AUX@46C CPU@47C thermal@46.15C AO@46C GPU@46C PMIC@50C
1791263841.093042 10-06-2026 14:17:21 RAM 3339/6833MB (lfb 52x4MB) SWAP 184/3417MB (cached 1MB) CPU [4%@1420,100%@1420,10%@1420,5%@1420,0%@1420,9%@1420] EMC_FREQ 0% GR3D_FREQ 0% AUX@45.5C CPU@47C thermal@46.15C AO@46C GPU@46C PMIC@50C
1791263841.296386 10-06-2026 14:17:21 RAM 3339/6833MB (lfb 52x4MB) SWAP 184/3417MB (cached 1MB) CPU [9%@1420,100%@1420,9%@1420,13%@1420,5%@1420,5%@1420] EMC_FREQ 0% GR3D_FREQ 0% AUX@46C CPU@46.5C thermal@46.15C AO@45.5C GPU@46C PMIC@50C
1791263841.500639 10-06-2026 14:17:21 RAM 3339/6833MB (lfb 52x4MB) SWAP 184/3417MB (cached 1MB) CPU [0%@1420,100%@1420,4%@1420,15%@1420,4%@1420,0%@1420] EMC_FREQ 0% GR3D_FREQ 0% AUX@45.5C CPU@47C thermal@46.1C AO@46C GPU@46C PMIC@50C
1791263841.703926 10-06-2026 14:17:21 RAM 3339/6833MB (lfb 52x4MB) SWAP 184/3417MB (cached 1MB) CPU [4%@1420,100%@1420,5%@1420,5%@1420,0%@1420,9%@1420] EMC_FREQ 0% GR3D_FREQ 0% AUX@45.5C CPU@47C thermal@46.1C AO@46C GPU@45.5C PMIC@50C
1791263841.907284 10-06-2026 14:17:21 RAM 3339/6833MB (lfb 52x4MB) SWAP 184/3417MB (cached 1MB) CPU [0%@1420,100%@1420,4%@1420,10%@1420,9%@1420,4%@1420] EMC_FREQ 0% GR3D_FREQ 0% AUX@46C CPU@47C thermal@46.1C AO@45.5C GPU@46C PMIC@50C
1791263842.110672 10-06-2026 14:17:22 RAM 3339/6833MB (lfb 52x4MB) SWAP 184/3417MB (cached 1MB) CPU [5%@1420,100%@1420,0%@1420,10%@1420,5%@1420,0%@1420] EMC_FREQ 0% GR3D_FREQ 0% AUX@45.5C CPU@47C thermal@46.1C AO@46C GPU@46C PMIC@50C
1791263842.313937 10-06-2026 14:17:22 RAM 3339/6833MB (lfb 52x4MB) SWAP 184/3417MB (cached 1MB) CPU [17%@1420,100%@1420,9%@1420,10%@1420,0%@1420,0%@1420] EMC_FREQ 0% GR3D_FREQ 0% AUX@45.5C CPU@47C thermal@46.1C AO@45.5C GPU@45.5C PMIC@50C
1791263842.517092 10-06-2026 14:17:22 RAM 3339/6833MB (lfb 52x4MB) SWAP 184/3417MB (cached 1MB) CPU [0%@1420,100%@1420,0%@1420,5%@1420,0%@1420,4%@1420] EMC_FREQ 0% GR3D_FREQ 0% AUX@45.5C CPU@47C thermal@46.1C AO@45.5C GPU@45.5C PMIC@50C
1791263842.720305 10-06-2026 14:17:22 RAM 3339/6833MB (lfb 52x4MB) SWAP 184/3417MB (cached 1MB) CPU [5%@1420,100%@1420,4%@1420,15%@1420,68%@1420,9%@1420] EMC_FREQ 0% GR3D_FREQ 0% AUX@46C CPU@47C thermal@45.95C AO@45.5C GPU@45.5C PMIC@50C
1791263842.925164 10-06-2026 14:17:22 RAM 3339/6833MB (lfb 52x4MB) SWAP 184/3417MB (cached 1MB) CPU [0%@1420,100%@1420,5%@1420,4%@1420,9%@1420,9%@1420] EMC_FREQ 0% GR3D_FREQ 0% AUX@45.5C CPU@47C thermal@45.95C AO@46C GPU@45.5C PMIC@50C
1791263843.129076 10-06-2026 14:17:23 RAM 3339/6833MB (lfb 52x4MB) SWAP 184/3417MB (cached 1MB) CPU [10%@1420,47%@1420,19%@1420,20%@1420,73%@1420,10%@1420] EMC_FREQ 0% GR3D_FREQ 0% AUX@46C CPU@47C thermal@45.95C AO@46C GPU@46C PMIC@50C
1791263843.332840 10-06-2026 14:17:23 RAM 3339/6833MB (lfb 52x4MB) SWAP 184/3417MB (cached 1MB) CPU [15%@1420,25%@1190,5%@1190,14%@1190,5%@1190,10%@1190] EMC_FREQ 0% GR3D_FREQ 99% AUX@45.5C CPU@47C thermal@45.95C AO@46C GPU@48C PMIC@50C
1791263843.536128 10-06-2026 14:17:23 RAM 3342/6833MB (lfb 52x4MB) SWAP 184/3417MB (cached 1MB) CPU [19%@1420,66%@1420,0%@1420,9%@1420,0%@1420,9%@1420] EMC_FREQ 0% GR3D_FREQ 3% AUX@45.5C CPU@46.5C thermal@45.95C AO@46C GPU@46.5C PMIC@50C
1791263843.739431 10-06-2026 14:17:23 RAM 3345/6833MB (lfb 52x4MB) SWAP 184/3417MB (cached 1MB) CPU [75%@1190,15%@1190,4%@1190,5%@1190,9%@1190,5%@1420] EMC_FREQ 0% GR3D_FREQ 1% AUX@45.5C CPU@47C thermal@46.45C AO@46C GPU@46C PMIC@50C
1791263843.943452 10-06-2026 14:17:23 RAM 3346/6833MB (lfb 52x4MB) SWAP 184/3417MB (cached 1MB) CPU [0%@1267,21%@1267,15%@1267,68%@1267,0%@1267,0%@1267] EMC_FREQ 0% GR3D_FREQ 4% AUX@45.5C CPU@46.5C thermal@46.45C AO@46C GPU@46C PMIC@50C
1791263844.147175 10-06-2026 14:17:24 RAM 3349/6833MB (lfb 52x4MB) SWAP 184/3417MB (cached 1MB) CPU [20%@1420,70%@1420,9%@1420,0%@1420,9%@1420,14%@1420] EMC_FREQ 0% GR3D_FREQ 0% AUX@45.5C CPU@46.5C thermal@46.45C AO@46C GPU@46C PMIC@50C
1791263844.350447 10-06-2026 14:17:24 RAM 3353/6833MB (lfb 52x4MB) SWAP 184/3417MB (cached 1MB) CPU [71%@1420,35%@1420,0%@1420,9%@1420,13%@1420,0%@1420] EMC_FREQ 0% GR3D_FREQ 0% AUX@45.5C CPU@47C thermal@46.45C AO@46C GPU@46C PMIC@50C
1791263844.553733 10-06-2026 14:17:24 RAM 3357/6833MB (lfb 52x4MB) SWAP 184/3417MB (cached 1MB) CPU [15%@1420,77%@1420,0%@1420,9%@1420,0%@1420,0%@1420] EMC_FREQ 0% GR3D_FREQ 0% AUX@45.5C CPU@47C thermal@46.45C AO@46C GPU@46C PMIC@50C
1791263844.756951 10-06-2026 14:17:24 RAM 3361/6833MB (lfb 52x4MB) SWAP 184/3417MB (cached 1MB) CPU [9%@1420,85%@1420,5%@1420,9%@1420,13%@1420,5%@1420] EMC_FREQ 0% GR3D_FREQ 0% AUX@45.5C CPU@47C thermal@46.45C AO@45.5C GPU@46C PMIC@50C
1791263844.960167 10-06-2026 14:17:24 RAM 3369/6833MB (lfb 52x4MB) SWAP 184/3417MB (cached 1MB) CPU [19%@1420,60%@1420,5%@1420,0%@1420,5%@1420,0%@1420] EMC_FREQ 0% GR3D_FREQ 0% AUX@46C CPU@47C thermal@46.1C AO@46C GPU@46C PMIC@50C
1791263845.163388 10-06-2026 14:17:25 RAM 3374/6833MB (lfb 52x4MB) SWAP 184/3417MB (cached 1MB) CPU [10%@1420,89%@1420,0%@1420,5%@1420,5%@1420,0%@1420] EMC_FREQ 0% GR3D_FREQ 0% AUX@45.5C CPU@46.5C thermal@46.1C AO@45.5C GPU@46C PMIC@50C
1791263845.366762 10-06-2026 14:17:25 RAM 3380/6833MB (lfb 52x4MB) SWAP 184/3417MB (cached 1MB) CPU [25%@1420,71%@1420,13%@1420,9%@1420,0%@1420,5%@1420] EMC_FREQ 0% GR3D_FREQ 0% AUX@45.5C CPU@46.5C thermal@46.1C AO@45.5C GPU@46C PMIC@50C
1791263845.570318 10-06-2026 14:17:25 RAM 3386/6833MB (lfb 52x4MB) SWAP 184/3417MB (cached 1MB) CPU [68%@1420,38%@1420,0%@1420,0%@1420,5%@1420,0%@1420] EMC_FREQ 0% GR3D_FREQ 0% AUX@45.5C CPU@46.5C thermal@46.1C AO@45.5C GPU@46C PMIC@50C
1791263845.773537 10-06-2026 14:17:25 RAM 3391/6833MB (lfb 52x4MB) SWAP 184/3417MB (cached 1MB) CPU [55%@1420,47%@1420,9%@1420,0%@1420,9%@1420,9%@1420] EMC_FREQ 0% GR3D_FREQ 0% AUX@45.5C CPU@46.5C thermal@46.1C AO@46C GPU@46C PMIC@50C
1791263845.976801 10-06-2026 14:17:25 RAM 3395/6833MB (lfb 52x4MB) SWAP 184/3417MB (cached 1MB) CPU [33%@1420,10%@1420,52%@1420,14%@1420,5%@1420,5%@1420] EMC_FREQ 0% GR3D_FREQ 0% AUX@45.5C CPU@46.5C thermal@45.95C AO@45.5C GPU@46C PMIC@50C
1791263846.180209 10-06-2026 14:17:26 RAM 3397/6833MB (lfb 52x4MB) SWAP 184/3417MB (cached 1MB) CPU [14%@1420,66%@1420,26%@1420,0%@1420,9%@1420,4%@1420] EMC_FREQ 0% GR3D_FREQ 0% AUX@45.5C CPU@46.5C thermal@45.95C AO@46C GPU@46C PMIC@50C
1791263846.383354 10-06-2026 14:17:26 RAM 3411/6833MB (lfb 52x4MB) SWAP 184/3417MB (cached 1MB) CPU [0%@1420,80%@1420,5%@1420,5%@1420,5%@1420,5%@1420] EMC_FREQ 0% GR3D_FREQ 0% AUX@45.5C CPU@46.5C thermal@45.95C AO@45.5C GPU@46C PMIC@50C
1791263846.586688 10-06-2026 14:17:26 RAM 3432/6833MB (lfb 52x4MB) SWAP 184/3417MB (cached 1MB) CPU [72%@1420,15%@1420,5%@1420,0%@1420,5%@1420,0%@1420] EMC_FREQ 0% GR3D_FREQ 0% AUX@45.5C CPU@46.5C thermal@45.95C AO@46C GPU@46C PMIC@50C
1791263846.789890 10-06-2026 14:17:26 RAM 3446/6833MB (lfb 52x4MB) SWAP 184/3417MB (cached 1MB) CPU [33%@1420,55%@1420,18%@1420,5%@1420,9%@1420,0%@1420] EMC_FREQ 0% GR3D_FREQ 2% AUX@45.5C CPU@46.5C thermal@45.95C AO@45.5C GPU@46C PMIC@50C
1791263846.993049 10-06-2026 14:17:26 RAM 3461/6833MB (lfb 52x4MB) SWAP 184/3417MB (cached 1MB) CPU [10%@1420,85%@1420,0%@1420,10%@1420,5%@1420,9%@1420] EMC_FREQ 0% GR3D_FREQ 0% AUX@45.5C CPU@47C thermal@45.95C AO@45.5C GPU@46C PMIC@50C
1791263847.196258 10-06-2026 14:17:27 RAM 3463/6833MB (lfb 52x4MB) SWAP 184/3417MB (cached 1MB) CPU [50%@1420,47%@1420,4%@1420,5%@1420,9%@1420,5%@1420] EMC_FREQ 0% GR3D_FREQ 0% AUX@45.5C CPU@46.5C thermal@45.95C AO@45.5C GPU@46C PMIC@50C
1791263847.399610 10-06-2026 14:17:27 RAM 3491/6833MB (lfb 52x4MB) SWAP 184/3417MB (cached 1MB) CPU [36%@1420,66%@1420,5%@1420,9%@1420,0%@1420,5%@1420] EMC_FREQ 0% GR3D_FREQ 0% AUX@45.5C CPU@46.5C thermal@45.95C AO@45.5C GPU@46C PMIC@50C
1791263847.603280 10-06-2026 14:17:27 RAM 3548/6833MB (lfb 52x4MB) SWAP 184/3417MB (cached 1MB) CPU [0%@1420,100%@1420,5%@1420,4%@1420,9%@1420,9%@1420] EMC_FREQ 0% GR3D_FREQ 1% AUX@45.5C CPU@46.5C thermal@45.95C AO@45.5C GPU@45.5C PMIC@50C
1791263847.806449 10-06-2026 14:17:27 RAM 3604/6833MB (lfb 52x4MB) SWAP 184/3417MB (cached 1MB) CPU [0%@1420,95%@1420,10%@1420,9%@1420,10%@1420,5%@1420] EMC_FREQ 0% GR3D_FREQ 0% AUX@45.5C CPU@46.5C thermal@45.95C AO@45.5C GPU@45.5C PMIC@50C
1791263848.009824 10-06-2026 14:17:28 RAM 3611/6833MB (lfb 51x4MB) SWAP 184/3417MB (cached 1MB) CPU [5%@1420,55%@1420,15%@1420,10%@1420,9%@1420,0%@1420] EMC_FREQ 0% GR3D_FREQ 0% AUX@45.5C CPU@46.5C thermal@45.95C AO@45.5C GPU@45.5C PMIC@50C
1791263848.213348 10-06-2026 14:17:28 RAM 3612/6833MB (lfb 51x4MB) SWAP 184/3417MB (cached 1MB) CPU [9%@1190,0%@1420,10%@1420,19%@1420,10%@1420,10%@1420] EMC_FREQ 0% GR3D_FREQ 0% AUX@45.5C CPU@46.5C thermal@45.8C AO@45.5C GPU@45.5C PMIC@50C
1791263848.416779 10-06-2026 14:17:28 RAM 3616/6833MB (lfb 51x4MB) SWAP 184/3417MB (cached 1MB) CPU [14%@1420,4%@1420,95%@1420,0%@1420,9%@1420,10%@1420] EMC_FREQ 0% GR3D_FREQ 0% AUX@45.5C CPU@46.5C thermal@45.8C AO@45.5C GPU@45.5C PMIC@50C
1791263848.619926 10-06-2026 14:17:28 RAM 3628/6833MB (lfb 51x4MB) SWAP 184/3417MB (cached 1MB) CPU [0%@1420,0%@1420,100%@1420,0%@1420,5%@1420,10%@1420] EMC_FREQ 0% GR3D_FREQ 0% AUX@45.5C CPU@46.5C thermal@45.8C AO@45.5C GPU@45.5C PMIC@50C
1791263848.822994 10-06-2026 14:17:28 RAM 3632/6833MB (lfb 50x4MB) SWAP 184/3417MB (cached 1MB) CPU [0%@1420,0%@1420,47%@1420,50%@1420,5%@1420,9%@1420] EMC_FREQ 0% GR3D_FREQ 0% AUX@45.5C CPU@46.5C thermal@45.8C AO@45.5C GPU@45.5C PMIC@50C
1791263849.026421 10-06-2026 14:17:29 RAM 3643/6833MB (lfb 49x4MB) SWAP 184/3417MB (cached 1MB) CPU [5%@1420,0%@1420,9%@1420,71%@1420,0%@1420,5%@1420] EMC_FREQ 0% GR3D_FREQ 0% AUX@45.5C CPU@46.5C thermal@45.8C AO@45.5C GPU@45.5C PMIC@50C
1791263849.229663 10-06-2026 14:17:29 RAM 3666/6833MB (lfb 46x4MB) SWAP 184/3417MB (cached 1MB) CPU [17%@1420,9%@1420,35%@1420,60%@1420,9%@1420,18%@1420] EMC_FREQ 0% GR3D_FREQ 0% AUX@45.5C CPU@46.5C thermal@45.8C AO@45.5C GPU@45.5C PMIC@50C
1791263849.432991 10-06-2026 14:17:29 RAM 3674/6833MB (lfb 43x4MB) SWAP 184/3417MB (cached 1MB) CPU [0%@1420,10%@1420,0%@1420,77%@1420,9%@1420,0%@1420] EMC_FREQ 0% GR3D_FREQ 6% AUX@45C CPU@46.5C thermal@45.8C AO@45.5C GPU@45.5C PMIC@50C
1791263849.636157 10-06-2026 14:17:29 RAM 3689/6833MB (lfb 39x4MB) SWAP 184/3417MB (cached 1MB) CPU [10%@1420,9%@1420,23%@1420,61%@1420,0%@1420,0%@1420] EMC_FREQ 0% GR3D_FREQ 0% AUX@45.5C CPU@46.5C thermal@45.8C AO@45.5C GPU@45.5C PMIC@50C
1791263849.839336 10-06-2026 14:17:29 RAM 3694/6833MB (lfb 37x4MB) SWAP 184/3417MB (cached 1MB) CPU [26%@1420,0%@1420,68%@1420,21%@1420,5%@1420,0%@1420] EMC_FREQ 0% GR3D_FREQ 2% AUX@45.5C CPU@46.5C thermal@45.8C AO@45.5C GPU@45.5C PMIC@50C
1791263850.042491 10-06-2026 14:17:30 RAM 3698/6833MB (lfb 36x4MB) SWAP 184/3417MB (cached 1MB) CPU [14%@1420,9%@1420,28%@1420,63%@1420,0%@1420,9%@1420] EMC_FREQ 0% GR3D_FREQ 0% AUX@45.5C CPU@46.5C thermal@45.8C AO@45C GPU@45.5C PMIC@50C
1791263850.245704 10-06-2026 14:17:30 RAM 3715/6833MB (lfb 32x4MB) SWAP 184/3417MB (cached 1MB) CPU [10%@1420,9%@1420,80%@1420,9%@1420,9%@1420,0%@1420] EMC_FREQ 0% GR3D_FREQ 3% AUX@45.5C CPU@46.5C thermal@45.8C AO@45.5C GPU@45.5C PMIC@50C
1791263850.448968 10-06-2026 14:17:30 RAM 3725/6833MB (lfb 29x4MB) SWAP 184/3417MB (cached 1MB) CPU [10%@1420,4%@1420,80%@1420,20%@1420,10%@1420,5%@1420] EMC_FREQ 0% GR3D_FREQ 3% AUX@45C CPU@46.5C thermal@45.6C AO@45.5C GPU@45.5C PMIC@50C
1791263850.652668 10-06-2026 14:17:30 RAM 3736/6833MB (lfb 26x4MB) SWAP 184/3417MB (cached 1MB) CPU [13%@1420,9%@1420,28%@1420,63%@1420,4%@1420,14%@1420] EMC_FREQ 0% GR3D_FREQ 5% AUX@45C CPU@46C thermal@45.6C AO@45C GPU@45.5C PMIC@50C
1791263850.856258 10-06-2026 14:17:30 RAM 3741/6833MB (lfb 23x4MB) SWAP 184/3417MB (cached 1MB) CPU [0%@1190,5%@1190,70%@1420,0%@1420,5%@1420,13%@1420] EMC_FREQ 0% GR3D_FREQ 0% AUX@45C CPU@46C thermal@45.6C AO@45C GPU@45.5C PMIC@50C
1791263851.059372 10-06-2026 14:17:31 RAM 3746/6833MB (lfb 22x4MB) SWAP 184/3417MB (cached 1MB) CPU [9%@1420,0%@1420,0%@1420,85%@1420,5%@1420,5%@1420] EMC_FREQ 0% GR3D_FREQ 0% AUX@45C CPU@46C thermal@45.6C AO@45C GPU@45.5C PMIC@50C
1791263851.262629 10-06-2026 14:17:31 RAM 3762/6833MB (lfb 17x4MB) SWAP 184/3417MB (cached 1MB) CPU [5%@1420,0%@1420,0%@1420,95%@1420,18%@1420,5%@1420] EMC_FREQ 0% GR3D_FREQ 0% AUX@45C CPU@46.5C thermal@45.6C AO@45C GPU@45.5C PMIC@50C
1791263851.465885 10-06-2026 14:17:31 RAM 3775/6833MB (lfb 14x4MB) SWAP 184/3417MB (cached 1MB) CPU [0%@1420,0%@1420,20%@1420,71%@1420,15%@1420,5%@1420] EMC_FREQ 0% GR3D_FREQ 0% AUX@45C CPU@46.5C thermal@45.6C AO@45C GPU@45.5C PMIC@50C
1791263851.669090 10-06-2026 14:17:31 RAM 3816/6833MB (lfb 13x4MB) SWAP 184/3417MB (cached 1MB) CPU [9%@1420,5%@1420,90%@1420,0%@1420,15%@1420,9%@1420] EMC_FREQ 0% GR3D_FREQ 0% AUX@45C CPU@46C thermal@45.45C AO@45C GPU@45.5C PMIC@50C
1791263851.872510 10-06-2026 14:17:31 RAM 3841/6833MB (lfb 13x4MB) SWAP 184/3417MB (cached 1MB) CPU [5%@1420,9%@1420,15%@1420,80%@1420,0%@1420,10%@1420] EMC_FREQ 0% GR3D_FREQ 4% AUX@45C CPU@46.5C thermal@45.45C AO@45.5C GPU@45.5C PMIC@50C
1791263852.075729 10-06-2026 14:17:32 RAM 3893/6833MB (lfb 13x4MB) SWAP 184/3417MB (cached 1MB) CPU [9%@1420,0%@1420,100%@1420,0%@1420,14%@1420,10%@1420] EMC_FREQ 0% GR3D_FREQ 0% AUX@45C CPU@46C thermal@45.45C AO@45.5C GPU@45.5C PMIC@50C
1791263852.279231 10-06-2026 14:17:32 RAM 3896/6833MB (lfb 13x4MB) SWAP 184/3417MB (cached 1MB) CPU [5%@1420,4%@1420,40%@1420,45%@1420,14%@1420,4%@1420] EMC_FREQ 0% GR3D_FREQ 6% AUX@45C CPU@46C thermal@45.45C AO@45C GPU@45.5C PMIC@50C
1791263852.482470 10-06-2026 14:17:32 RAM 3902/6833MB (lfb 13x4MB) SWAP 184/3417MB (cached 1MB) CPU [5%@1420,5%@1420,40%@1420,57%@1420,5%@1420,9%@1420] EMC_FREQ 0% GR3D_FREQ 0% AUX@45C CPU@46C thermal@45.45C AO@45C GPU@45C PMIC@50C
1791263852.685749 10-06-2026 14:17:32 RAM 3926/6833MB (lfb 13x4MB) SWAP 184/3417MB (cached 1MB) CPU [5%@1420,0%@1420,50%@1420,50%@1420,13%@1420,5%@1420] EMC_FREQ 0% GR3D_FREQ 8% AUX@45C CPU@46C thermal@45.45C AO@45C GPU@45C PMIC@50C
1791263852.889134 10-06-2026 14:17:32 RAM 3938/6833MB (lfb 13x4MB) SWAP 184/3417MB (cached 1MB) CPU [10%@1420,10%@1420,15%@1420,63%@1420,4%@1420,10%@1420] EMC_FREQ 0% GR3D_FREQ 0% AUX@45C CPU@46C thermal@45.45C AO@45.5C GPU@45C PMIC@50C
1791263853.092827 10-06-2026 14:17:33 RAM 3950/6833MB (lfb 13x4MB) SWAP 184/3417MB (cached 1MB) CPU [14%@1420,9%@1420,33%@1420,60%@1420,0%@1420,5%@1420] EMC_FREQ 0% GR3D_FREQ 0% AUX@45C CPU@46C thermal@45.45C AO@45C GPU@45C PMIC@50C
1791263853.296104 10-06-2026 14:17:33 RAM 4028/6833MB (lfb 13x4MB) SWAP 184/3417MB (cached 1MB) CPU [5%@1420,9%@1420,77%@1420,10%@1420,13%@1420,4%@1420] EMC_FREQ 0% GR3D_FREQ 0% AUX@45C CPU@46C thermal@45.45C AO@45C GPU@45C PMIC@50C
1791263853.499329 10-06-2026 14:17:33 RAM 4028/6833MB (lfb 13x4MB) SWAP 184/3417MB (cached 1MB) CPU [10%@1420,5%@1420,89%@1420,0%@1420,5%@1420,4%@1420] EMC_FREQ 0% GR3D_FREQ 2% AUX@45C CPU@46C thermal@45.45C AO@45C GPU@45C PMIC@50C
1791263853.703053 10-06-2026 14:17:33 RAM 4031/6833MB (lfb 13x4MB) SWAP 184/3417MB (cached 1MB) CPU [5%@1190,10%@1190,59%@1190,23%@1190,5%@1190,5%@1190] EMC_FREQ 0% GR3D_FREQ 99% AUX@45C CPU@46C thermal@45.45C AO@45C GPU@45C PMIC@50C
1791263853.906307 10-06-2026 14:17:33 RAM 4058/6833MB (lfb 13x4MB) SWAP 184/3417MB (cached 1MB) CPU [38%@1420,20%@1420,70%@1420,20%@1420,9%@1420,13%@1420] EMC_FREQ 0% GR3D_FREQ 0% AUX@45C CPU@46C thermal@45.45C AO@45C GPU@45C PMIC@50C
1791263854.109585 10-06-2026 14:17:34 RAM 4034/6833MB (lfb 13x4MB) SWAP 184/3417MB (cached 1MB) CPU [9%@1420,5%@1420,90%@1420,0%@1420,10%@1420,14%@1420] EMC_FREQ 0% GR3D_FREQ 0% AUX@45C CPU@46C thermal@45.45C AO@45C GPU@45.5C PMIC@50C
1791263854.313667 10-06-2026 14:17:34 RAM 4037/6833MB (lfb 13x4MB) SWAP 184/3417MB (cached 1MB) CPU [0%@1420,9%@1420,5%@1420,90%@1420,10%@1420,0%@1420] EMC_FREQ 0% GR3D_FREQ 0% AUX@45C CPU@46C thermal@45.45C AO@45C GPU@45C PMIC@50C
1791263854.517241 10-06-2026 14:17:34 RAM 4040/6833MB (lfb 13x4MB) SWAP 184/3417MB (cached 1MB) CPU [5%@1420,9%@1420,0%@1420,95%@1420,0%@1420,10%@1420] EMC_FREQ 0% GR3D_FREQ 0% AUX@45C CPU@46C thermal@45.45C AO@45C GPU@45C PMIC@50C
1791263854.720553 10-06-2026 14:17:34 RAM 4040/6833MB (lfb 13x4MB) SWAP 184/3417MB (cached 1MB) CPU [9%@1420,5%@1420,4%@1420,90%@1420,13%@1420,0%@1420] EMC_FREQ 0% GR3D_FREQ 0% AUX@45C CPU@46C thermal@45.45C AO@45C GPU@45C PMIC@50C
1791263854.923894 10-06-2026 14:17:34 RAM 4041/6833MB (lfb 13x4MB) SWAP 184/3417MB (cached 1MB) CPU [10%@1420,0%@1420,0%@1420,95%@1420,10%@1420,5%@1420] EMC_FREQ 0% GR3D_FREQ 0% AUX@45C CPU@46C thermal@45.3C AO@45C GPU@45C PMIC@50C
1791263855.126991 10-06-2026 14:17:35 RAM 4043/6833MB (lfb 13x4MB) SWAP 184/3417MB (cached 1MB) CPU [0%@1420,14%@1420,4%@1420,95%@1420,19%@1420,9%@1420] EMC_FREQ 0% GR3D_FREQ 0% AUX@45C CPU@46C thermal@45.3C AO@45C GPU@45C PMIC@50C
1791263855.330472 10-06-2026 14:17:35 RAM 4044/6833MB (lfb 13x4MB) SWAP 184/3417MB (cached 1MB) CPU [5%@1420,0%@1420,4%@1420,95%@1420,5%@1420,5%@1420] EMC_FREQ 0% GR3D_FREQ 0% AUX@45C CPU@46C thermal@45.3C AO@45C GPU@45C PMIC@50C
1791263855.534657 10-06-2026 14:17:35 RAM 4047/6833MB (lfb 13x4MB) SWAP 184/3417MB (cached 1MB) CPU [5%@1420,5%@1420,0%@1420,57%@1420,14%@1420,5%@1420] EMC_FREQ 0% GR3D_FREQ 0% AUX@45C CPU@45.5C thermal@45.3C AO@45C GPU@45C PMIC@50C
1791263855.738438 10-06-2026 14:17:35 RAM 4053/6833MB (lfb 13x4MB) SWAP 184/3417MB (cached 1MB) CPU [9%@1190,9%@1190,0%@1190,0%@1420,10%@1420,10%@1420] EMC_FREQ 0% GR3D_FREQ 0% AUX@45C CPU@46C thermal@45.3C AO@45C GPU@45C PMIC@50C
1791263855.942282 10-06-2026 14:17:35 RAM 4065/6833MB (lfb 11x4MB) SWAP 184/3417MB (cached 1MB) CPU [5%@1420,4%@1420,0%@1420,10%@1420,5%@1420,19%@1420] EMC_FREQ 0% GR3D_FREQ 0% AUX@45C CPU@46C thermal@45.3C AO@44.5C GPU@45C PMIC@50C
1791263856.146710 10-06-2026 14:17:36 RAM 4077/6833MB (lfb 8x4MB) SWAP 184/3417MB (cached 1MB) CPU [13%@1420,5%@1420,4%@1420,5%@1420,14%@1420,0%@1420] EMC_FREQ 0% GR3D_FREQ 0% AUX@45C CPU@46C thermal@45.3C AO@45C GPU@45C PMIC@50C
1791263856.350389 10-06-2026 14:17:36 RAM 4087/6833MB (lfb 7x4MB) SWAP 184/3417MB (cached 1MB) CPU [5%@1190,5%@1420,0%@1420,0%@1420,9%@1420,10%@1420] EMC_FREQ 0% GR3D_FREQ 0% AUX@45C CPU@45.5C thermal@45.3C AO@45C GPU@44.5C PMIC@50C
1791263856.554264 10-06-2026 14:17:36 RAM 4095/6833MB (lfb 6x4MB) SWAP 184/3417MB (cached 1MB) CPU [9%@1190,0%@1190,9%@1190,9%@1190,5%@1190,18%@1190] EMC_FREQ 0% GR3D_FREQ 0% AUX@45C CPU@45.5C thermal@45.3C AO@45C GPU@45C PMIC@50C
1791263856.757772 10-06-2026 14:17:36 RAM 4107/6833MB (lfb 4x4MB) SWAP 184/3417MB (cached 1MB) CPU [5%@1190,14%@1190,0%@1190,0%@1420,13%@1420,10%@1420] EMC_FREQ 0% GR3D_FREQ 0% AUX@45C CPU@46C thermal@45.3C AO@45C GPU@45C PMIC@50C
1791263856.961136 10-06-2026 14:17:36 RAM 4118/6833MB (lfb 2x4MB) SWAP 184/3417MB (cached 1MB) CPU [5%@1190,0%@1190,4%@1420,4%@1420,5%@1420,15%@1420] EMC_FREQ 0% GR3D_FREQ 0% AUX@45C CPU@45.5C thermal@45.3C AO@45C GPU@45C PMIC@50C
1791263857.164746 10-06-2026 14:17:37 RAM 4130/6833MB (lfb 1x2MB) SWAP 184/3417MB (cached 1MB) CPU [5%@1190,13%@1190,0%@1190,0%@1190,0%@1420,15%@1420] EMC_FREQ 0% GR3D_FREQ 0% AUX@45C CPU@45.5C thermal@45C AO@45C GPU@45C PMIC@50C
1791263857.368408 10-06-2026 14:17:37 RAM 4137/6833MB (lfb 20x1MB) SWAP 184/3417MB (cached 1MB) CPU [10%@1420,9%@1420,0%@1420,9%@1420,9%@1420,23%@1420] EMC_FREQ 0% GR3D_FREQ 0% AUX@45C CPU@46C thermal@45C AO@45C GPU@45C PMIC@50C
1791263857.571719 10-06-2026 14:17:37 RAM 4144/6833MB (lfb 20x1MB) SWAP 184/3417MB (cached 1MB) CPU [9%@1420,9%@1420,0%@1420,0%@1420,14%@1420,23%@1420] EMC_FREQ 0% GR3D_FREQ 0% AUX@45C CPU@45.5C thermal@45C AO@44.5C GPU@45C PMIC@50C
1791263857.775051 10-06-2026 14:17:37 RAM 4156/6833MB (lfb 20x1MB) SWAP 184/3417MB (cached 1MB) CPU [5%@1190,9%@1420,4%@1420,5%@1420,4%@1420,38%@1420] EMC_FREQ 0% GR3D_FREQ 0% AUX@45C CPU@45.5C thermal@45C AO@44.5C GPU@44.5C PMIC@50C
1791263857.978510 10-06-2026 14:17:37 RAM 4168/6833MB (lfb 20x1MB) SWAP 184/3417MB (cached 1MB) CPU [5%@1420,10%@1420,4%@1420,0%@1420,5%@1420,26%@1420] EMC_FREQ 0% GR3D_FREQ 0% AUX@45C CPU@45.5C thermal@45C AO@45C GPU@44.5C PMIC@50C
1791263858.182245 10-06-2026 14:17:38 RAM 4180/6833MB (lfb 20x1MB) SWAP 184/3417MB (cached 1MB) CPU [10%@1190,0%@1190,0%@1190,9%@1190,9%@1190,25%@1190] EMC_FREQ 0% GR3D_FREQ 0% AUX@44.5C CPU@45.5C thermal@45C AO@45C GPU@44.5C PMIC@50C
1791263858.386018 10-06-2026 14:17:38 RAM 4191/6833MB (lfb 20x1MB) SWAP 184/3417MB (cached 1MB) CPU [9%@1420,66%@1420,5%@1420,5%@1420,10%@1420,23%@1420] EMC_FREQ 0% GR3D_FREQ 0% AUX@44.5C CPU@45.5C thermal@45C AO@44.5C GPU@45C PMIC@50C
1791263858.589952 10-06-2026 14:17:38 RAM 4202/6833MB (lfb 20x1MB) SWAP 184/3417MB (cached 1MB) CPU [68%@1420,9%@1420,9%@1420,14%@1420,10%@1420,15%@1420] EMC_FREQ 0% GR3D_FREQ 0% AUX@44.5C CPU@45.5C thermal@45C AO@44.5C GPU@45C PMIC@50C
1791263858.793408 10-06-2026 14:17:38 RAM 4209/6833MB (lfb 20x1MB) SWAP 184/3417MB (cached 1MB) CPU [4%@1190,0%@1190,4%@1190,9%@1190,9%@1420,23%@1420] EMC_FREQ 0% GR3D_FREQ 0% AUX@44.5C CPU@45.5C thermal@45C AO@44.5C GPU@44.5C PMIC@50C
1791263858.997236 10-06-2026 14:17:38 RAM 4221/6833MB (lfb 20x1MB) SWAP 184/3417MB (cached 1MB) CPU [0%@1420,0%@1420,0%@1420,0%@1420,4%@1420,33%@1420] EMC_FREQ 0% GR3D_FREQ 0% AUX@45C CPU@45.5C thermal@45C AO@44.5C GPU@44.5C PMIC@50C
1791263859.201392 10-06-2026 14:17:39 RAM 4235/6833MB (lfb 18x1MB) SWAP 184/3417MB (cached 1MB) CPU [5%@1420,10%@1420,0%@1420,4%@1420,14%@1420,30%@1420] EMC_FREQ 0% GR3D_FREQ 0% AUX@45C CPU@45.5C thermal@45C AO@44.5C GPU@44.5C PMIC@50C
1791263859.405102 10-06-2026 14:17:39 RAM 4247/6833MB (lfb 18x1MB) SWAP 184/3417MB (cached 1MB) CPU [20%@1190,10%@1190,5%@1190,5%@1420,5%@1420,23%@1420] EMC_FREQ 0% GR3D_FREQ 0% AUX@44.5C CPU@45.5C thermal@44.95C AO@45C GPU@44.5C PMIC@50C
1791263859.609338 10-06-2026 14:17:39 RAM 4258/6833MB (lfb 18x1MB) SWAP 184/3417MB (cached 1MB) CPU [28%@1420,9%@1420,13%@1420,13%@1420,14%@1420,0%@1420] EMC_FREQ 0% GR3D_FREQ 0% AUX@44.5C CPU@45.5C thermal@44.95C AO@45C GPU@45C PMIC@50C
1791263859.815471 10-06-2026 14:17:39 RAM 4265/6833MB (lfb 20x1MB) SWAP 190/3417MB (cached 1MB) CPU [10%@1420,38%@1420,33%@1420,28%@1420,61%@1420,5%@1420] EMC_FREQ 0% GR3D_FREQ 0% AUX@45C CPU@45.5C thermal@44.95C AO@44.5C GPU@44.5C PMIC@50C
1791263860.018886 10-06-2026 14:17:40 RAM 4270/6833MB (lfb 27x1MB) SWAP 192/3417MB (cached 1MB) CPU [65%@1420,10%@1420,45%@1420,5%@1420,15%@1420,23%@1420] EMC_FREQ 0% GR3D_FREQ 0% AUX@44.5C CPU@46C thermal@44.95C AO@44.5C GPU@44.5C PMIC@50C
1791263860.222555 10-06-2026 14:17:40 RAM 4281/6833MB (lfb 27x1MB) SWAP 192/3417MB (cached 1MB) CPU [9%@1190,5%@1420,20%@1420,9%@1420,9%@1420,15%@1420] EMC_FREQ 0% GR3D_FREQ 0% AUX@44.5C CPU@45.5C thermal@44.95C AO@44.5C GPU@45C PMIC@50C
1791263860.426706 10-06-2026 14:17:40 RAM 4292/6833MB (lfb 27x1MB) SWAP 192/3417MB (cached 1MB) CPU [10%@1190,10%@1190,20%@1190,0%@1190,14%@1190,0%@1190] EMC_FREQ 0% GR3D_FREQ 0% AUX@45C CPU@45.5C thermal@44.95C AO@44.5C GPU@44.5C PMIC@50C
1791263860.631356 10-06-2026 14:17:40 RAM 4304/6833MB (lfb 27x1MB) SWAP 192/3417MB (cached 1MB) CPU [13%@1190,9%@1190,23%@1190,4%@1420,5%@1420,4%@1420] EMC_FREQ 0% GR3D_FREQ 0% AUX@44.5C CPU@45.5C thermal@44.8C AO@44.5C GPU@45C PMIC@50C
1791263860.835776 10-06-2026 14:17:40 RAM 4359/6833MB (lfb 23x1MB) SWAP 192/3417MB (cached 1MB) CPU [0%@1420,9%@1420,76%@1420,0%@1420,0%@1420,10%@1420] EMC_FREQ 0% GR3D_FREQ 0% AUX@45C CPU@45.5C thermal@44.8C AO@44.5C GPU@44.5C PMIC@50C
1791263861.040632 10-06-2026 14:17:41 RAM 4387/6833MB (lfb 28x1MB) SWAP 197/3417MB (cached 1MB) CPU [50%@1420,5%@1420,95%@1420,4%@1420,23%@1420,14%@1420] EMC_FREQ 0% GR3D_FREQ 0% AUX@44.5C CPU@45.5C thermal@44.8C AO@44.5C GPU@45C PMIC@50C
1791263861.244309 10-06-2026 14:17:41 RAM 4449/6833MB (lfb 26x1MB) SWAP 197/3417MB (cached 1MB) CPU [52%@1420,5%@1420,100%@1420,9%@1420,23%@1420,18%@1420] EMC_FREQ 0% GR3D_FREQ 0% AUX@44.5C CPU@45.5C thermal@44.8C AO@44.5C GPU@44.5C PMIC@50C
1791263861.448191 10-06-2026 14:17:41 RAM 4506/6833MB (lfb 23x1MB) SWAP 197/3417MB (cached 1MB) CPU [10%@1420,13%@1420,100%@1420,5%@1420,5%@1420,15%@1420] EMC_FREQ 0% GR3D_FREQ 0% AUX@45C CPU@45.5C thermal@44.8C AO@44.5C GPU@44.5C PMIC@50C
1791263861.655783 10-06-2026 14:17:41 RAM 4528/6833MB (lfb 22x1MB) SWAP 199/3417MB (cached 1MB) CPU [15%@1420,90%@1420,100%@1420,19%@1420,5%@1420,10%@1420] EMC_FREQ 0% GR3D_FREQ 0% AUX@44.5C CPU@45.5C thermal@44.8C AO@45C GPU@44.5C PMIC@50C
1791263861.860005 10-06-2026 14:17:41 RAM 4582/6833MB (lfb 28x1MB) SWAP 200/3417MB (cached 1MB) CPU [18%@1420,33%@1420,100%@1420,19%@1420,5%@1420,9%@1420] EMC_FREQ 0% GR3D_FREQ 0% AUX@44.5C CPU@46C thermal@44.8C AO@44.5C GPU@44.5C PMIC@50C
1791263862.065565 10-06-2026 14:17:42 RAM 4637/6833MB (lfb 29x1MB) SWAP 200/3417MB (cached 1MB) CPU [10%@1420,77%@1420,50%@1420,0%@1420,26%@1420,5%@1420] EMC_FREQ 0% GR3D_FREQ 0% AUX@44.5C CPU@45.5C thermal@44.8C AO@44.5C GPU@44.5C PMIC@50C
1791263862.269748 10-06-2026 14:17:42 RAM 4681/6833MB (lfb 22x1MB) SWAP 201/3417MB (cached 1MB) CPU [52%@1420,63%@1420,60%@1420,47%@1420,30%@1420,15%@1420] EMC_FREQ 0% GR3D_FREQ 0% AUX@44.5C CPU@45.5C thermal@44.8C AO@44.5C GPU@44.5C PMIC@50C
1791263862.479326 10-06-2026 14:17:42 RAM 4690/6833MB (lfb 24x1MB) SWAP 203/3417MB (cached 1MB) CPU [80%@1420,80%@1420,85%@1420,75%@1420,30%@1420,70%@1420] EMC_FREQ 0% GR3D_FREQ 0% AUX@44.5C CPU@45.5C thermal@44.8C AO@44.5C GPU@45C PMIC@50C
1791263862.684174 10-06-2026 14:17:42 RAM 4699/6833MB (lfb 25x1MB) SWAP 204/3417MB (cached 1MB) CPU [60%@1420,35%@1420,75%@1420,15%@1420,20%@1420,35%@1420] EMC_FREQ 0% GR3D_FREQ 0% AUX@44.5C CPU@45.5C thermal@44.8C AO@44.5C GPU@44.5C PMIC@50C
1791263862.888927 10-06-2026 14:17:42 RAM 4709/6833MB (lfb 25x1MB) SWAP 204/3417MB (cached 1MB) CPU [19%@1190,5%@1190,4%@1190,10%@1190,25%@1190,9%@1190] EMC_FREQ 0% GR3D_FREQ 99% AUX@44.5C CPU@46C thermal@44.8C AO@44.5C GPU@47C PMIC@50C
1791263863.092847 10-06-2026 14:17:43 RAM 4724/6833MB (lfb 5x2MB) SWAP 204/3417MB (cached 1MB) CPU [10%@1420,13%@1420,45%@1420,68%@1420,13%@1420,9%@1420] EMC_FREQ 0% GR3D_FREQ 32% AUX@45C CPU@45.5C thermal@44.8C AO@44.5C GPU@45.5C PMIC@50C
1791263863.296336 10-06-2026 14:17:43 RAM 4675/6833MB (lfb 5x2MB) SWAP 204/3417MB (cached 1MB) CPU [4%@1420,5%@1420,10%@1420,0%@1420,0%@1420,5%@1420] EMC_FREQ 0% GR3D_FREQ 0% AUX@44.5C CPU@45.5C thermal@44.8C AO@44.5C GPU@45C PMIC@50C
1791263863.499685 10-06-2026 14:17:43 RAM 4585/6833MB (lfb 1x4MB) SWAP 204/3417MB (cached 1MB) CPU [35%@1190,14%@1190,10%@1190,0%@1190,10%@1190,5%@1420] EMC_FREQ 0% GR3D_FREQ 1% AUX@44.5C CPU@45.5C thermal@44.8C AO@44.5C GPU@45C PMIC@50C
1791263863.703519 10-06-2026 14:17:43 RAM 4349/6833MB (lfb 16x4MB) SWAP 204/3417MB (cached 1MB) CPU [0%@1420,60%@1420,50%@1420,5%@1420,4%@1420,0%@1420] EMC_FREQ 0% GR3D_FREQ 0% AUX@44.5C CPU@45.5C thermal@44.8C AO@44.5C GPU@45C PMIC@50C
1791263863.907028 10-06-2026 14:17:43 RAM 4349/6833MB (lfb 16x4MB) SWAP 204/3417MB (cached 1MB) CPU [0%@1420,0%@1420,100%@1420,0%@1420,0%@1420,61%@1420] EMC_FREQ 0% GR3D_FREQ 0% AUX@44.5C CPU@45.5C thermal@44.95C AO@44.5C GPU@45C PMIC@50C
1791263864.110683 10-06-2026 14:17:44 RAM 4349/6833MB (lfb 16x4MB) SWAP 204/3417MB (cached 1MB) CPU [4%@1420,0%@1420,100%@1420,9%@1420,0%@1420,4%@1420] EMC_FREQ 0% GR3D_FREQ 0% AUX@44.5C CPU@45.5C thermal@44.95C AO@44.5C GPU@45C PMIC@50C
1791263864.314864 10-06-2026 14:17:44 RAM 4348/6833MB (lfb 16x4MB) SWAP 204/3417MB (cached 1MB) CPU [4%@1420,0%@1420,100%@1420,0%@1420,0%@1420,0%@1420] EMC_FREQ 0% GR3D_FREQ 0% AUX@44.5C CPU@45.5C thermal@44.95C AO@44.5C GPU@45C PMIC@50C
1791263864.518805 10-06-2026 14:17:44 RAM 4335/6833MB (lfb 16x4MB) SWAP 204/3417MB (cached 1MB) CPU [0%@1420,4%@1420,100%@1420,4%@1420,0%@1420,0%@1420] EMC_FREQ 0% GR3D_FREQ 0% AUX@44.5C CPU@45.5C thermal@44.95C AO@44.5C GPU@45C PMIC@50C
1791263864.722539 10-06-2026 14:17:44 RAM 4335/6833MB (lfb 16x4MB) SWAP 204/3417MB (cached 1MB) CPU [0%@1420,0%@1420,100%@1420,0%@1420,0%@1420,0%@1420] EMC_FREQ 0% GR3D_FREQ 0% AUX@44.5C CPU@45.5C thermal@44.95C AO@44.5C GPU@45C PMIC@50C
1791263864.926333 10-06-2026 14:17:44 RAM 4335/6833MB (lfb 16x4MB) SWAP 204/3417MB (cached 1MB) CPU [4%@1420,0%@1420,100%@1420,5%@1420,4%@1420,4%@1420] EMC_FREQ 0% GR3D_FREQ 0% AUX@44.5C CPU@45.5C thermal@44.8C AO@44.5C GPU@44.5C PMIC@50C
1791263865.129975 10-06-2026 14:17:45 RAM 4335/6833MB (lfb 16x4MB) SWAP 204/3417MB (cached 1MB) CPU [0%@1420,0%@1420,72%@1420,28%@1420,0%@1420,0%@1420] EMC_FREQ 0% GR3D_FREQ 0% AUX@44.5C CPU@45.5C thermal@44.8C AO@44.5C GPU@45C PMIC@50C
1791263865.333582 10-06-2026 14:17:45 RAM 4334/6833MB (lfb 16x4MB) SWAP 204/3417MB (cached 1MB) CPU [4%@1420,0%@1420,0%@1420,95%@1420,5%@1420,0%@1420] EMC_FREQ 0% GR3D_FREQ 0% AUX@44.5C CPU@45.5C thermal@44.8C AO@44.5C GPU@45C PMIC@50C
1791263865.536952 10-06-2026 14:17:45 RAM 3840/6833MB (lfb 52x4MB) SWAP 204/3417MB (cached 1MB) CPU [9%@1420,0%@1420,95%@1420,9%@1420,14%@1420,0%@1420] EMC_FREQ 0% GR3D_FREQ 0% AUX@44C CPU@45.5C thermal@44.8C AO@44.5C GPU@45C PMIC@50C
1791263865.740238 10-06-2026 14:17:45 RAM 3840/6833MB (lfb 52x4MB) SWAP 204/3417MB (cached 1MB) CPU [0%@1420,0%@1420,75%@1420,10%@1420,0%@1420,0%@1420] EMC_FREQ 0% GR3D_FREQ 0% AUX@44.5C CPU@45.5C thermal@44.8C AO@44.5C GPU@45C PMIC@50C
1791263865.943439 10-06-2026 14:17:45 RAM 3840/6833MB (lfb 52x4MB) SWAP 204/3417MB (cached 1MB) CPU [0%@1420,0%@1420,33%@1420,63%@1420,0%@1420,0%@1420] EMC_FREQ 0% GR3D_FREQ 0% AUX@44.5C CPU@45.5C thermal@44.8C AO@44.5C GPU@45C PMIC@50C
1791263866.146953 10-06-2026 14:17:46 RAM 3840/6833MB (lfb 52x4MB) SWAP 204/3417MB (cached 1MB) CPU [5%@1420,0%@1420,73%@1420,19%@1420,0%@1420,0%@1420] EMC_FREQ 0% GR3D_FREQ 0% AUX@44.5C CPU@45.5C thermal@44.95C AO@44.5C GPU@45C PMIC@50C
1791263866.350489 10-06-2026 14:17:46 RAM 3840/6833MB (lfb 52x4MB) SWAP 204/3417MB (cached 1MB) CPU [15%@1420,0%@1420,100%@1420,0%@1420,0%@1420,0%@1420] EMC_FREQ 0% GR3D_FREQ 0% AUX@44C CPU@45.5C thermal@44.95C AO@44.5C GPU@44.5C PMIC@50C
1791263866.554029 10-06-2026 14:17:46 RAM 3840/6833MB (lfb 52x4MB) SWAP 204/3417MB (cached 1MB) CPU [0%@1420,0%@1420,72%@1420,10%@1420,0%@1420,4%@1420] EMC_FREQ 0% GR3D_FREQ 0% AUX@44C CPU@45.5C thermal@44.95C AO@44.5C GPU@44.5C PMIC@50C
1791263866.757186 10-06-2026 14:17:46 RAM 3840/6833MB (lfb 52x4MB) SWAP 204/3417MB (cached 1MB) CPU [0%@1420,5%@1420,0%@1420,95%@1420,0%@1420,0%@1420] EMC_FREQ 0% GR3D_FREQ 0% AUX@44.5C CPU@45.5C thermal@44.95C AO@44.5C GPU@45C PMIC@50C
1791263866.960472 10-06-2026 14:17:46 RAM 3840/6833MB (lfb 52x4MB) SWAP 204/3417MB (cached 1MB) CPU [0%@1420,0%@1420,4%@1420,85%@1420,0%@1420,0%@1420] EMC_FREQ 0% GR3D_FREQ 0% AUX@44C CPU@45.5C thermal@44.95C AO@44.5C GPU@44.5C PMIC@50C
1791263867.163640 10-06-2026 14:17:47 RAM 3840/6833MB (lfb 52x4MB) SWAP 204/3417MB (cached 1MB) CPU [5%@1420,0%@1420,70%@1420,35%@1420,0%@1420,4%@1420] EMC_FREQ 0% GR3D_FREQ 0% AUX@44C CPU@45.5C thermal@44.95C AO@44.5C GPU@44.5C PMIC@50C
1791263867.366852 10-06-2026 14:17:47 RAM 3840/6833MB (lfb 52x4MB) SWAP 204/3417MB (cached 1MB) CPU [4%@1420,0%@1420,30%@1420,65%@1420,0%@1420,0%@1420] EMC_FREQ 0% GR3D_FREQ 0% AUX@44C CPU@45C thermal@44.6C AO@44.5C GPU@44.5C PMIC@50C
1791263867.570516 10-06-2026 14:17:47 RAM 3840/6833MB (lfb 52x4MB) SWAP 204/3417MB (cached 1MB) CPU [4%@1420,0%@1420,5%@1420,38%@1420,4%@1420,0%@1420] EMC_FREQ 0% GR3D_FREQ 0% AUX@44.5C CPU@45.5C thermal@44.6C AO@44C GPU@44.5C PMIC@50C
1791263867.774054 10-06-2026 14:17:47 RAM 3840/6833MB (lfb 52x4MB) SWAP 204/3417MB (cached 1MB) CPU [0%@1420,0%@1420,0%@1420,100%@1420,0%@1420,0%@1420] EMC_FREQ 0% GR3D_FREQ 0% AUX@44C CPU@45C thermal@44.6C AO@44.5C GPU@44.5C PMIC@50C
1791263867.977402 10-06-2026 14:17:47 RAM 3840/6833MB (lfb 52x4MB) SWAP 204/3417MB (cached 1MB) CPU [0%@1420,4%@1420,4%@1420,100%@1420,0%@1420,9%@1420] EMC_FREQ 0% GR3D_FREQ 0% AUX@44.5C CPU@45C thermal@44.6C AO@44.5C GPU@44.5C PMIC@50C
1791263868.180552 10-06-2026 14:17:48 RAM 3840/6833MB (lfb 52x4MB) SWAP 204/3417MB (cached 1MB) CPU [0%@1420,0%@1420,0%@1420,95%@1420,0%@1420,0%@1420] EMC_FREQ 0% GR3D_FREQ 0% AUX@44.5C CPU@45.5C thermal@44.6C AO@44.5C GPU@44.5C PMIC@50C
1791263868.384287 10-06-2026 14:17:48 RAM 3840/6833MB (lfb 52x4MB) SWAP 204/3417MB (cached 1MB) CPU [4%@1420,0%@1420,21%@1420,63%@1420,0%@1420,0%@1420] EMC_FREQ 0% GR3D_FREQ 0% AUX@44C CPU@45C thermal@44.45C AO@44.5C GPU@44.5C PMIC@50C
1791263868.587477 10-06-2026 14:17:48 RAM 3839/6833MB (lfb 52x4MB) SWAP 204/3417MB (cached 1MB) CPU [0%@1420,0%@1420,95%@1420,4%@1420,0%@1420,0%@1420] EMC_FREQ 0% GR3D_FREQ 0% AUX@44C CPU@45C thermal@44.45C AO@44.5C GPU@44.5C PMIC@50C
1791263868.790653 10-06-2026 14:17:48 RAM 3840/6833MB (lfb 52x4MB) SWAP 204/3417MB (cached 1MB) CPU [5%@1420,0%@1420,10%@1420,76%@1420,0%@1420,0%@1420] EMC_FREQ 0% GR3D_FREQ 0% AUX@44C CPU@45C thermal@44.45C AO@44C GPU@44.5C PMIC@50C
1791263868.994896 10-06-2026 14:17:48 RAM 3840/6833MB (lfb 52x4MB) SWAP 204/3417MB (cached 1MB) CPU [0%@1190,0%@1420,15%@1420,20%@1420,0%@1420,9%@1420] EMC_FREQ 0% GR3D_FREQ 0% AUX@44.5C CPU@45C thermal@44.45C AO@44.5C GPU@44.5C PMIC@50C
1791263869.198463 10-06-2026 14:17:49 RAM 3839/6833MB (lfb 52x4MB) SWAP 204/3417MB (cached 1MB) CPU [5%@1420,0%@1420,10%@1420,40%@1420,0%@1420,0%@1420] EMC_FREQ 0% GR3D_FREQ 0% AUX@44C CPU@45C thermal@44.45C AO@44C GPU@44.5C PMIC@50C
1791263869.402608 10-06-2026 14:17:49 RAM 3839/6833MB (lfb 52x4MB) SWAP 204/3417MB (cached 1MB) CPU [0%@1420,0%@1420,0%@1420,100%@1420,0%@1420,0%@1420] EMC_FREQ 0% GR3D_FREQ 0% AUX@44C CPU@45C thermal@44.45C AO@44.5C GPU@44.5C PMIC@50C
1791263869.606184 10-06-2026 14:17:49 RAM 3840/6833MB (lfb 52x4MB) SWAP 204/3417MB (cached 1MB) CPU [0%@1420,0%@1420,5%@1420,85%@1420,0%@1420,0%@1420] EMC_FREQ 0% GR3D_FREQ 0% AUX@44C CPU@44.5C thermal@44.45C AO@44.5C GPU@44.5C PMIC@50C
1791263869.809831 10-06-2026 14:17:49 RAM 3840/6833MB (lfb 52x4MB) SWAP 204/3417MB (cached 1MB) CPU [5%@1420,0%@1420,21%@1420,25%@1420,0%@1420,0%@1420] EMC_FREQ 0% GR3D_FREQ 0% AUX@44C CPU@45C thermal@44.45C AO@44C GPU@44C PMIC@50C
1791263870.013607 10-06-2026 14:17:50 RAM 3840/6833MB (lfb 52x4MB) SWAP 204/3417MB (cached 1MB) CPU [0%@1420,0%@1420,0%@1420,100%@1420,0%@1420,0%@1420] EMC_FREQ 0% GR3D_FREQ 0% AUX@44C CPU@45C thermal@44.45C AO@44C GPU@44C PMIC@50C
1791263870.217007 10-06-2026 14:17:50 RAM 3840/6833MB (lfb 52x4MB) SWAP 204/3417MB (cached 1MB) CPU [0%@1420,9%@1420,10%@1420,76%@1420,0%@1420,0%@1420] EMC_FREQ 0% GR3D_FREQ 0% AUX@44C CPU@45C thermal@44.45C AO@44C GPU@44C PMIC@50C
1791263870.420858 10-06-2026 14:17:50 RAM 3840/6833MB (lfb 52x4MB) SWAP 204/3417MB (cached 1MB) CPU [0%@1420,0%@1420,4%@1420,61%@1420,0%@1420,0%@1420] EMC_FREQ 0% GR3D_FREQ 0% AUX@44C CPU@45C thermal@44.45C AO@44C GPU@44C PMIC@50C
1791263870.624665 10-06-2026 14:17:50 RAM 3840/6833MB (lfb 52x4MB) SWAP 204/3417MB (cached 1MB) CPU [8%@1420,5%@1420,0%@1420,100%@1420,0%@1420,0%@1420] EMC_FREQ 0% GR3D_FREQ 0% AUX@44C CPU@45C thermal@44.45C AO@44C GPU@44C PMIC@50C
1791263870.828394 10-06-2026 14:17:50 RAM 3840/6833MB (lfb 52x4MB) SWAP 204/3417MB (cached 1MB) CPU [0%@1420,5%@1420,0%@1420,100%@1420,0%@1420,0%@1420] EMC_FREQ 0% GR3D_FREQ 0% AUX@44C CPU@44.5C thermal@44.45C AO@44C GPU@44C PMIC@50C
1791263871.032220 10-06-2026 14:17:51 RAM 3797/6833MB (lfb 62x4MB) SWAP 204/3417MB (cached 1MB) CPU [0%@1420,0%@1420,0%@1420,100%@1420,0%@1420,4%@1420] EMC_FREQ 0% GR3D_FREQ 0% AUX@44C CPU@44.5C thermal@44.45C AO@44C GPU@44C PMIC@50C
1791263871.236037 10-06-2026 14:17:51 RAM 3797/6833MB (lfb 62x4MB) SWAP 204/3417MB (cached 1MB) CPU [0%@1420,4%@1420,4%@1420,100%@1420,0%@1420,0%@1420] EMC_FREQ 0% GR3D_FREQ 0% AUX@44C CPU@45C thermal@44.45C AO@44C GPU@44C PMIC@50C
1791263871.439856 10-06-2026 14:17:51 RAM 3781/6833MB (lfb 62x4MB) SWAP 204/3417MB (cached 1MB) CPU [4%@1420,9%@1420,4%@1420,100%@1420,4%@1420,4%@1420] EMC_FREQ 0% GR3D_FREQ 0% AUX@44C CPU@45C thermal@44.45C AO@44C GPU@44C PMIC@50C
1791263871.643526 10-06-2026 14:17:51 RAM 3713/6833MB (lfb 62x4MB) SWAP 204/3417MB (cached 1MB) CPU [0%@1420,0%@1420,0%@1420,100%@1420,0%@1420,0%@1420] EMC_FREQ 0% GR3D_FREQ 0% AUX@44C CPU@45C thermal@44.45C AO@44C GPU@44C PMIC@50C
1791263871.847093 10-06-2026 14:17:51 RAM 3621/6833MB (lfb 62x4MB) SWAP 204/3417MB (cached 1MB) CPU [0%@1420,0%@1420,0%@1420,100%@1420,4%@1420,0%@1420] EMC_FREQ 0% GR3D_FREQ 0% AUX@44C CPU@45C thermal@44.3C AO@44C GPU@44C PMIC@50C
1791263872.051289 10-06-2026 14:17:52 RAM 3293/6833MB (lfb 64x4MB) SWAP 203/3417MB (cached 1MB) CPU [9%@1420,4%@1420,25%@1420,76%@1420,0%@1420,0%@1420] EMC_FREQ 0% GR3D_FREQ 0% AUX@44C CPU@45C thermal@44.3C AO@44C GPU@44C PMIC@50C
1791263872.254987 10-06-2026 14:17:52 RAM 3282/6833MB (lfb 64x4MB) SWAP 203/3417MB (cached 1MB) CPU [0%@1190,4%@1190,0%@1420,0%@1420,0%@1420,9%@1420] EMC_FREQ 0% GR3D_FREQ 0% AUX@44C CPU@45C thermal@44.3C AO@44C GPU@44C PMIC@50C
1791263872.458366 10-06-2026 14:17:52 RAM 3282/6833MB (lfb 64x4MB) SWAP 203/3417MB (cached 1MB) CPU [0%@1190,0%@1190,0%@1190,0%@1190,0%@1190,0%@1420] EMC_FREQ 0% GR3D_FREQ 0% AUX@44C CPU@44.5C thermal@44.3C AO@44C GPU@44C PMIC@50C
1791263872.661690 10-06-2026 14:17:52 RAM 3279/6833MB (lfb 64x4MB) SWAP 203/3417MB (cached 1MB) CPU [0%@1420,4%@1420,0%@1420,47%@1420,0%@1420,0%@1420] EMC_FREQ 0% GR3D_FREQ 0% AUX@44C CPU@44.5C thermal@44.3C AO@44C GPU@44C PMIC@50C
1791263872.865328 10-06-2026 14:17:52 RAM 3273/6833MB (lfb 64x4MB) SWAP 203/3417MB (cached 1MB) CPU [4%@1190,0%@1190,14%@1190,33%@1190,0%@1420,0%@1420] EMC_FREQ 0% GR3D_FREQ 0% AUX@44C CPU@44.5C thermal@43.95C AO@44C GPU@44C PMIC@50C
1791263873.068842 10-06-2026 14:17:53 RAM 3273/6833MB (lfb 64x4MB) SWAP 203/3417MB (cached 1MB) CPU [5%@1420,0%@1420,0%@1420,80%@1420,0%@1420,4%@1420] EMC_FREQ 0% GR3D_FREQ 0% AUX@44C CPU@44.5C thermal@43.95C AO@44C GPU@44C PMIC@50C
1791263873.272832 10-06-2026 14:17:53 RAM 3273/6833MB (lfb 64x4MB) SWAP 203/3417MB (cached 1MB) CPU [0%@1190,0%@1190,15%@1190,5%@1190,0%@1190,0%@1190] EMC_FREQ 0% GR3D_FREQ 0% AUX@44C CPU@44.5C thermal@43.95C AO@44C GPU@43.5C PMIC@50C
1791263873.476386 10-06-2026 14:17:53 RAM 3257/6833MB (lfb 64x4MB) SWAP 203/3417MB (cached 1MB) CPU [4%@1190,0%@1190,14%@1190,10%@1190,4%@1190,0%@1190] EMC_FREQ 0% GR3D_FREQ 0% AUX@44C CPU@44.5C thermal@43.95C AO@44C GPU@44C PMIC@50C
1791263873.679893 10-06-2026 14:17:53 RAM 2632/6833MB (lfb 69x4MB) SWAP 203/3417MB (cached 1MB) CPU [4%@1420,0%@1420,84%@1420,5%@1420,0%@1420,0%@1420] EMC_FREQ 0% GR3D_FREQ 0% AUX@44C CPU@44.5C thermal@43.95C AO@44C GPU@44C PMIC@50C
1791263873.883311 10-06-2026 14:17:53 RAM 1715/6833MB (lfb 146x4MB) SWAP 203/3417MB (cached 1MB) CPU [4%@1420,0%@1420,100%@1420,4%@1420,0%@1420,0%@1420] EMC_FREQ 0% GR3D_FREQ 0% AUX@44C CPU@44.5C thermal@43.95C AO@44C GPU@44C PMIC@50C
