1791264971.969172 10-06-2026 14:36:11 RAM 1555/6833MB (lfb 122x4MB) SWAP 237/3417MB (cached 1MB) CPU [4%@1420,65%@1420,0%@1420,38%@1420,0%@1420,0%@1420] EMC_FREQ 0% GR3D_FREQ 0% AUX@41C CPU@42C thermal@41.45C AO@41.5C GPU@41.5C PMIC@50C
1791264972.172323 10-06-2026 14:36:12 RAM 1557/6833MB (lfb 122x4MB) SWAP 237/3417MB (cached 1MB) CPU [0%@1420,0%@1420,0%@1420,95%@1420,0%@1420,0%@1420] EMC_FREQ 0% GR3D_FREQ 0% AUX@41.5C CPU@42C thermal@41.45C AO@41C GPU@41C PMIC@50C
1791264972.375877 10-06-2026 14:36:12 RAM 1557/6833MB (lfb 122x4MB) SWAP 237/3417MB (cached 1MB) CPU [4%@1420,0%@1420,4%@1420,95%@1420,4%@1420,0%@1420] EMC_FREQ 0% GR3D_FREQ 0% AUX@41.5C CPU@42.5C thermal@41.45C AO@41.5C GPU@41.5C PMIC@50C
1791264972.579345 10-06-2026 14:36:12 RAM 1558/6833MB (lfb 122x4MB) SWAP 237/3417MB (cached 1MB) CPU [5%@1420,4%@1420,0%@1420,95%@1420,0%@1420,0%@1420] EMC_FREQ 0% GR3D_FREQ 0% AUX@41C CPU@42C thermal@41.45C AO@41.5C GPU@41.5C PMIC@50C
1791264972.782624 10-06-2026 14:36:12 RAM 1560/6833MB (lfb 122x4MB) SWAP 237/3417MB (cached 1MB) CPU [0%@1420,0%@1420,75%@1420,14%@1420,9%@1420,0%@1420] EMC_FREQ 0% GR3D_FREQ 0% AUX@41.5C CPU@42C thermal@41.65C AO@41.5C GPU@41.5C PMIC@50C
1791264972.986151 10-06-2026 14:36:12 RAM 1560/6833MB (lfb 122x4MB) SWAP 237/3417MB (cached 1MB) CPU [0%@1420,4%@1420,14%@1420,5%@1420,0%@1420,71%@1420] EMC_FREQ 0% GR3D_FREQ 0% AUX@41.5C CPU@42.5C thermal@41.65C AO@41.5C GPU@41.5C PMIC@50C
1791264973.189663 10-06-2026 14:36:13 RAM 1561/6833MB (lfb 122x4MB) SWAP 237/3417MB (cached 1MB) CPU [5%@1420,5%@1420,0%@1420,0%@1420,42%@1420,42%@1420] EMC_FREQ 0% GR3D_FREQ 0% AUX@41.5C CPU@42C thermal@41.65C AO@41.5C GPU@41.5C PMIC@50C
1791264973.392960 10-06-2026 14:36:13 RAM 1562/6833MB (lfb 122x4MB) SWAP 237/3417MB (cached 1MB) CPU [4%@1420,0%@1420,0%@1420,0%@1420,52%@1420,14%@1420] EMC_FREQ 0% GR3D_FREQ 0% AUX@41.5C CPU@42C thermal@41.65C AO@41.5C GPU@41.5C PMIC@50C
1791264973.596567 10-06-2026 14:36:13 RAM 1562/6833MB (lfb 122x4MB) SWAP 237/3417MB (cached 1MB) CPU [0%@1190,0%@1190,0%@1190,0%@1190,0%@1190,16%@1190] EMC_FREQ 0% GR3D_FREQ 0% AUX@41.5C CPU@42C thermal@41.65C AO@41.5C GPU@41.5C PMIC@50C
1791264973.799927 10-06-2026 14:36:13 RAM 1562/6833MB (lfb 122x4MB) SWAP 237/3417MB (cached 1MB) CPU [0%@1190,4%@1190,0%@1190,0%@1190,19%@1420,15%@1420] EMC_FREQ 0% GR3D_FREQ 0% AUX@41.5C CPU@42C thermal@41.65C AO@41.5C GPU@41.5C PMIC@50C
1791264974.003426 10-06-2026 14:36:13 RAM 1564/6833MB (lfb 122x4MB) SWAP 237/3417MB (cached 1MB) CPU [5%@1190,0%@1190,0%@1420,0%@1420,5%@1420,28%@1420] EMC_FREQ 0% GR3D_FREQ 0% AUX@41.5C CPU@42.5C thermal@41.65C AO@41.5C GPU@41.5C PMIC@50C
1791264974.206751 10-06-2026 14:36:14 RAM 1565/6833MB (lfb 122x4MB) SWAP 237/3417MB (cached 1MB) CPU [4%@1420,0%@1420,0%@1420,0%@1420,4%@1420,68%@1420] EMC_FREQ 0% GR3D_FREQ 0% AUX@41.5C CPU@42.5C thermal@41.65C AO@41.5C GPU@41.5C PMIC@50C
1791264974.410149 10-06-2026 14:36:14 RAM 1565/6833MB (lfb 122x4MB) SWAP 237/3417MB (cached 1MB) CPU [4%@1420,5%@1420,0%@1420,0%@1420,5%@1420,95%@1420] EMC_FREQ 0% GR3D_FREQ 0% AUX@41.5C CPU@42.5C thermal@41.65C AO@41.5C GPU@41.5C PMIC@50C
1791264974.613613 10-06-2026 14:36:14 RAM 1566/6833MB (lfb 122x4MB) SWAP 237/3417MB (cached 1MB) CPU [0%@1420,0%@1420,0%@1420,4%@1420,0%@1420,90%@1420] EMC_FREQ 0% GR3D_FREQ 0% AUX@41.5C CPU@42.5C thermal@41.65C AO@41.5C GPU@41.5C PMIC@50C
1791264974.816879 10-06-2026 14:36:14 RAM 1569/6833MB (lfb 122x4MB) SWAP 237/3417MB (cached 1MB) CPU [5%@1420,0%@1420,0%@1420,0%@1420,40%@1420,52%@1420] EMC_FREQ 0% GR3D_FREQ 0% AUX@41.5C CPU@42.5C thermal@41.65C AO@42C GPU@41.5C PMIC@50C
1791264975.020334 10-06-2026 14:36:15 RAM 1571/6833MB (lfb 122x4MB) SWAP 237/3417MB (cached 1MB) CPU [0%@1420,0%@1420,0%@1420,0%@1420,95%@1420,0%@1420] EMC_FREQ 0% GR3D_FREQ 0% AUX@41.5C CPU@42.5C thermal@41.8C AO@42C GPU@41.5C PMIC@50C
1791264975.224121 10-06-2026 14:36:15 RAM 1582/6833MB (lfb 122x4MB) SWAP 237/3417MB (cached 1MB) CPU [90%@1420,90%@1420,89%@1420,85%@1420,100%@1420,90%@1420] EMC_FREQ 0% GR3D_FREQ 0% AUX@41.5C CPU@43C thermal@41.8C AO@41.5C GPU@41.5C PMIC@50C
1791264975.427480 10-06-2026 14:36:15 RAM 1583/6833MB (lfb 122x4MB) SWAP 237/3417MB (cached 1MB) CPU [100%@1420,100%@1420,100%@1420,95%@1420,100%@1420,100%@1420] EMC_FREQ 0% GR3D_FREQ 0% AUX@41.5C CPU@42.5C thermal@41.8C AO@42C GPU@41.5C PMIC@50C
1791264975.630916 10-06-2026 14:36:15 RAM 1586/6833MB (lfb 122x4MB) SWAP 237/3417MB (cached 1MB) CPU [90%@1420,90%@1420,100%@1420,85%@1420,100%@1420,100%@1420] EMC_FREQ 0% GR3D_FREQ 0% AUX@41.5C CPU@43C thermal@41.8C AO@41.5C GPU@41.5C PMIC@50C
1791264975.835913 10-06-2026 14:36:15 RAM 1587/6833MB (lfb 122x4MB) SWAP 237/3417MB (cached 1MB) CPU [100%@1420,100%@1420,100%@1420,100%@1420,100%@1420,100%@1420] EMC_FREQ 0% GR3D_FREQ 0% AUX@41.5C CPU@43C thermal@41.8C AO@41.5C GPU@41.5C PMIC@50C
1791264976.039062 10-06-2026 14:36:16 RAM 1589/6833MB (lfb 122x4MB) SWAP 237/3417MB (cached 1MB) CPU [100%@1420,85%@1420,100%@1420,100%@1420,100%@1420,100%@1420] EMC_FREQ 0% GR3D_FREQ 0% AUX@41.5C CPU@43C thermal@41.95C AO@41.5C GPU@41.5C PMIC@50C
1791264976.242646 10-06-2026 14:36:16 RAM 1590/6833MB (lfb 122x4MB) SWAP 237/3417MB (cached 1MB) CPU [100%@1420,90%@1420,90%@1420,100%@1420,100%@1420,100%@1420] EMC_FREQ 0% GR3D_FREQ 0% AUX@41.5C CPU@43C thermal@41.95C AO@42C GPU@41.5C PMIC@50C
1791264976.489902 10-06-2026 14:36:16 RAM 1591/6833MB (lfb 122x4MB) SWAP 237/3417MB (cached 1MB) CPU [100%@1420,91%@1420,100%@1420,100%@1420,100%@1420,100%@1420] EMC_FREQ 0% GR3D_FREQ 0% AUX@41.5C CPU@43C thermal@41.95C AO@42C GPU@41.5C PMIC@50C
1791264976.691381 10-06-2026 14:36:16 RAM 1593/6833MB (lfb 122x4MB) SWAP 237/3417MB (cached 1MB) CPU [100%@1420,82%@1420,100%@1420,100%@1420,100%@1420,100%@1420] EMC_FREQ 0% GR3D_FREQ 0% AUX@42C CPU@43C thermal@41.95C AO@42C GPU@41.5C PMIC@50C
1791264976.989975 10-06-2026 14:36:16 RAM 1597/6833MB (lfb 122x4MB) SWAP 237/3417MB (cached 1MB) CPU [100%@1420,82%@1420,100%@1420,100%@1420,100%@1420,100%@1420] EMC_FREQ 0% GR3D_FREQ 0% AUX@42C CPU@43C thermal@41.95C AO@42C GPU@41.5C PMIC@50C
1791264977.193408 10-06-2026 14:36:17 RAM 1598/6833MB (lfb 122x4MB) SWAP 237/3417MB (cached 1MB) CPU [100%@1420,95%@1420,100%@1420,100%@1420,100%@1420,100%@1420] EMC_FREQ 0% GR3D_FREQ 0% AUX@42C CPU@43C thermal@42.1C AO@42C GPU@42C PMIC@50C
1791264977.396909 10-06-2026 14:36:17 RAM 1599/6833MB (lfb 122x4MB) SWAP 237/3417MB (cached 1MB) CPU [100%@1420,90%@1420,100%@1420,100%@1420,100%@1420,100%@1420] EMC_FREQ 0% GR3D_FREQ 0% AUX@41.5C CPU@43C thermal@42.1C AO@42C GPU@42C PMIC@50C
1791264977.600331 10-06-2026 14:36:17 RAM 1600/6833MB (lfb 122x4MB) SWAP 237/3417MB (cached 1MB) CPU [100%@1420,89%@1420,100%@1420,100%@1420,100%@1420,100%@1420] EMC_FREQ 0% GR3D_FREQ 0% AUX@42C CPU@43C thermal@42.1C AO@42C GPU@41.5C PMIC@50C
1791264977.803661 10-06-2026 14:36:17 RAM 1603/6833MB (lfb 122x4MB) SWAP 237/3417MB (cached 1MB) CPU [100%@1420,80%@1420,100%@1420,100%@1420,100%@1420,100%@1420] EMC_FREQ 0% GR3D_FREQ 0% AUX@42C CPU@43.5C thermal@42.1C AO@42C GPU@42C PMIC@50C
1791264978.007102 10-06-2026 14:36:18 RAM 1604/6833MB (lfb 122x4MB) SWAP 237/3417MB (cached 1MB) CPU [100%@1420,85%@1420,100%@1420,100%@1420,100%@1420,100%@1420] EMC_FREQ 0% GR3D_FREQ 0% AUX@42C CPU@43.5C thermal@42.1C AO@42C GPU@42C PMIC@50C
1791264978.222548 10-06-2026 14:36:18 RAM 1605/6833MB (lfb 122x4MB) SWAP 237/3417MB (cached 1MB) CPU [100%@1420,95%@1420,100%@1420,100%@1420,100%@1420,100%@1420] EMC_FREQ 0% GR3D_FREQ 0% AUX@42C CPU@43C thermal@42.3C AO@42C GPU@42C PMIC@50C
1791264978.490022 10-06-2026 14:36:18 RAM 1607/6833MB (lfb 122x4MB) SWAP 237/3417MB (cached 1MB) CPU [100%@1420,96%@1420,100%@1420,100%@1420,100%@1420,100%@1420] EMC_FREQ 0% GR3D_FREQ 0% AUX@42C CPU@43.5C thermal@42.3C AO@42C GPU@42C PMIC@50C
1791264978.693612 10-06-2026 14:36:18 RAM 1610/6833MB (lfb 122x4MB) SWAP 237/3417MB (cached 1MB) CPU [100%@1420,50%@1420,100%@1420,100%@1420,90%@1420,100%@1420] EMC_FREQ 0% GR3D_FREQ 0% AUX@42C CPU@43C thermal@42.3C AO@42C GPU@42C PMIC@50C
1791264978.897029 10-06-2026 14:36:18 RAM 1613/6833MB (lfb 122x4MB) SWAP 236/3417MB (cached 1MB) CPU [100%@1420,100%@1420,100%@1420,100%@1420,95%@1420,100%@1420] EMC_FREQ 0% GR3D_FREQ 0% AUX@42C CPU@43C thermal@42.3C AO@42C GPU@42C PMIC@50C
1791264979.100403 10-06-2026 14:36:19 RAM 1613/6833MB (lfb 122x4MB) SWAP 236/3417MB (cached 1MB) CPU [100%@1420,100%@1420,100%@1420,100%@1420,100%@1420,100%@1420] EMC_FREQ 0% GR3D_FREQ 0% AUX@42C CPU@43.5C thermal@42.3C AO@42C GPU@42C PMIC@50C
1791264979.340975 10-06-2026 14:36:19 RAM 1618/6833MB (lfb 122x4MB) SWAP 236/3417MB (cached 1MB) CPU [100%@1420,100%@1420,100%@1420,100%@1420,60%@1420,100%@1420] EMC_FREQ 0% GR3D_FREQ 0% AUX@42C CPU@43C thermal@42.3C AO@42C GPU@42C PMIC@50C
1791264979.507347 10-06-2026 14:36:19 RAM 1647/6833MB (lfb 122x4MB) SWAP 234/3417MB (cached 1MB) CPU [90%@1420,100%@1420,100%@1420,95%@1420,100%@1420,100%@1420] EMC_FREQ 0% GR3D_FREQ 0% AUX@42C CPU@43.5C thermal@42.45C AO@42C GPU@42C PMIC@50C
1791264979.710739 10-06-2026 14:36:19 RAM 1655/6833MB (lfb 122x4MB) SWAP 233/3417MB (cached 1MB) CPU [100%@1420,100%@1420,85%@1420,90%@1420,100%@1420,85%@1420] EMC_FREQ 0% GR3D_FREQ 0% AUX@42C CPU@43.5C thermal@42.45C AO@42C GPU@42.5C PMIC@50C
1791264979.914799 10-06-2026 14:36:19 RAM 1656/6833MB (lfb 122x4MB) SWAP 233/3417MB (cached 1MB) CPU [100%@1420,100%@1420,25%@1420,78%@1420,100%@1420,100%@1420] EMC_FREQ 0% GR3D_FREQ 0% AUX@42C CPU@43.5C thermal@42.45C AO@42C GPU@42C PMIC@50C
1791264980.118358 10-06-2026 14:36:20 RAM 1679/6833MB (lfb 122x4MB) SWAP 233/3417MB (cached 1MB) CPU [100%@1420,100%@1420,100%@1420,94%@1420,95%@1420,85%@1420] EMC_FREQ 0% GR3D_FREQ 0% AUX@42C CPU@43.5C thermal@42.45C AO@42C GPU@42C PMIC@50C
1791264980.321638 10-06-2026 14:36:20 RAM 1713/6833MB (lfb 122x4MB) SWAP 232/3417MB (cached 1MB) CPU [100%@1420,100%@1420,100%@1420,100%@1420,95%@1420,95%@1420] EMC_FREQ 0% GR3D_FREQ 0% AUX@42C CPU@43.5C thermal@42.45C AO@42C GPU@42C PMIC@50C
1791264980.525095 10-06-2026 14:36:20 RAM 1714/6833MB (lfb 122x4MB) SWAP 232/3417MB (cached 1MB) CPU [100%@1420,100%@1420,100%@1420,100%@1420,85%@1420,100%@1420] EMC_FREQ 0% GR3D_FREQ 0% AUX@42.5C CPU@44C thermal@42.6C AO@42C GPU@42.5C PMIC@50C
1791264980.728536 10-06-2026 14:36:20 RAM 1719/6833MB (lfb 122x4MB) SWAP 232/3417MB (cached 1MB) CPU [100%@1420,100%@1420,100%@1420,100%@1420,89%@1420,100%@1420] EMC_FREQ 0% GR3D_FREQ 0% AUX@42.5C CPU@43.5C thermal@42.6C AO@42C GPU@42.5C PMIC@50C
1791264980.932293 10-06-2026 14:36:20 RAM 1720/6833MB (lfb 122x4MB) SWAP 232/3417MB (cached 1MB) CPU [100%@1420,100%@1420,100%@1420,100%@1420,100%@1420,100%@1420] EMC_FREQ 0% GR3D_FREQ 0% AUX@42.5C CPU@43.5C thermal@42.6C AO@42.5C GPU@42.5C PMIC@50C
1791264981.135962 10-06-2026 14:36:21 RAM 1722/6833MB (lfb 122x4MB) SWAP 232/3417MB (cached 1MB) CPU [100%@1420,100%@1420,100%@1420,100%@1420,90%@1420,100%@1420] EMC_FREQ 0% GR3D_FREQ 0% AUX@42.5C CPU@43.5C thermal@42.6C AO@42.5C GPU@42.5C PMIC@50C
1791264981.340406 10-06-2026 14:36:21 RAM 1729/6833MB (lfb 122x4MB) SWAP 232/3417MB (cached 1MB) CPU [100%@1420,100%@1420,100%@1420,100%@1420,100%@1420,100%@1420] EMC_FREQ 0% GR3D_FREQ 0% AUX@42.5C CPU@44C thermal@42.6C AO@42.5C GPU@42.5C PMIC@50C
1791264981.544035 10-06-2026 14:36:21 RAM 1734/6833MB (lfb 122x4MB) SWAP 232/3417MB (cached 1MB) CPU [100%@1420,100%@1420,100%@1420,100%@1420,100%@1420,100%@1420] EMC_FREQ 0% GR3D_FREQ 0% AUX@42.5C CPU@44C thermal@42.6C AO@42.5C GPU@42.5C PMIC@50C
1791264981.747399 10-06-2026 14:36:21 RAM 1739/6833MB (lfb 122x4MB) SWAP 232/3417MB (cached 1MB) CPU [100%@1420,100%@1420,100%@1420,100%@1420,100%@1420,100%@1420] EMC_FREQ 0% GR3D_FREQ 0% AUX@42.5C CPU@44C thermal@42.8C AO@42.5C GPU@42.5C PMIC@50C
1791264981.950750 10-06-2026 14:36:21 RAM 1742/6833MB (lfb 122x4MB) SWAP 232/3417MB (cached 1MB) CPU [100%@1420,100%@1420,100%@1420,100%@1420,100%@1420,100%@1420] EMC_FREQ 0% GR3D_FREQ 0% AUX@42.5C CPU@43.5C thermal@42.8C AO@42.5C GPU@42.5C PMIC@50C
1791264982.154996 10-06-2026 14:36:22 RAM 1746/6833MB (lfb 122x4MB) SWAP 232/3417MB (cached 1MB) CPU [100%@1420,100%@1420,100%@1420,100%@1420,100%@1420,100%@1420] EMC_FREQ 0% GR3D_FREQ 0% AUX@42.5C CPU@44C thermal@42.8C AO@42.5C GPU@42.5C PMIC@50C
1791264982.358616 10-06-2026 14:36:22 RAM 1747/6833MB (lfb 122x4MB) SWAP 232/3417MB (cached 1MB) CPU [100%@1420,100%@1420,100%@1420,100%@1420,100%@1420,100%@1420] EMC_FREQ 0% GR3D_FREQ 0% AUX@42.5C CPU@44C thermal@42.8C AO@42.5C GPU@42.5C PMIC@50C
1791264982.561985 10-06-2026 14:36:22 RAM 1749/6833MB (lfb 122x4MB) SWAP 232/3417MB (cached 1MB) CPU [100%@1420,100%@1420,100%@1420,100%@1420,100%@1420,100%@1420] EMC_FREQ 0% GR3D_FREQ 0% AUX@42.5C CPU@44C thermal@42.8C AO@42.5C GPU@42.5C PMIC@50C
1791264982.765355 10-06-2026 14:36:22 RAM 1751/6833MB (lfb 122x4MB) SWAP 232/3417MB (cached 1MB) CPU [100%@1420,100%@1420,100%@1420,100%@1420,100%@1420,100%@1420] EMC_FREQ 0% GR3D_FREQ 0% AUX@42.5C CPU@44C thermal@42.95C AO@42.5C GPU@42.5C PMIC@50C
1791264982.968742 10-06-2026 14:36:22 RAM 1754/6833MB (lfb 122x4MB) SWAP 232/3417MB (cached 1MB) CPU [100%@1420,100%@1420,100%@1420,100%@1420,100%@1420,100%@1420] EMC_FREQ 0% GR3D_FREQ 0% AUX@42.5C CPU@44C thermal@42.95C AO@42.5C GPU@42.5C PMIC@50C
1791264983.172043 10-06-2026 14:36:23 RAM 1757/6833MB (lfb 122x4MB) SWAP 232/3417MB (cached 1MB) CPU [100%@1420,100%@1420,100%@1420,100%@1420,100%@1420,100%@1420] EMC_FREQ 0% GR3D_FREQ 0% AUX@42.5C CPU@44C thermal@42.95C AO@42.5C GPU@42.5C PMIC@50C
1791264983.375533 10-06-2026 14:36:23 RAM 1759/6833MB (lfb 122x4MB) SWAP 232/3417MB (cached 1MB) CPU [100%@1420,100%@1420,100%@1420,100%@1420,90%@1420,100%@1420] EMC_FREQ 0% GR3D_FREQ 0% AUX@42.5C CPU@44C thermal@42.95C AO@42.5C GPU@42.5C PMIC@50C
1791264983.579884 10-06-2026 14:36:23 RAM 1772/6833MB (lfb 122x4MB) SWAP 232/3417MB (cached 1MB) CPU [100%@1420,100%@1420,100%@1420,100%@1420,100%@1420,100%@1420] EMC_FREQ 0% GR3D_FREQ 0% AUX@42.5C CPU@44.5C thermal@42.95C AO@42.5C GPU@42.5C PMIC@50C
1791264983.783105 10-06-2026 14:36:23 RAM 1773/6833MB (lfb 122x4MB) SWAP 232/3417MB (cached 1MB) CPU [100%@1420,100%@1420,100%@1420,100%@1420,89%@1420,90%@1420] EMC_FREQ 0% GR3D_FREQ 0% AUX@42.5C CPU@44C thermal@42.95C AO@42.5C GPU@42.5C PMIC@50C
1791264983.986408 10-06-2026 14:36:23 RAM 1776/6833MB (lfb 122x4MB) SWAP 232/3417MB (cached 1MB) CPU [100%@1420,100%@1420,100%@1420,100%@1420,90%@1420,100%@1420] EMC_FREQ 0% GR3D_FREQ 0% AUX@43C CPU@44C thermal@42.95C AO@42.5C GPU@42.5C PMIC@50C
1791264984.189773 10-06-2026 14:36:24 RAM 1776/6833MB (lfb 122x4MB) SWAP 232/3417MB (cached 1MB) CPU [100%@1420,100%@1420,100%@1420,100%@1420,94%@1420,100%@1420] EMC_FREQ 0% GR3D_FREQ 0% AUX@42.5C CPU@44C thermal@42.95C AO@43C GPU@42.5C PMIC@50C
1791264984.393095 10-06-2026 14:36:24 RAM 1778/6833MB (lfb 122x4MB) SWAP 232/3417MB (cached 1MB) CPU [100%@1420,100%@1420,100%@1420,100%@1420,95%@1420,100%@1420] EMC_FREQ 0% GR3D_FREQ 0% AUX@43C CPU@44C thermal@42.95C AO@42.5C GPU@42.5C PMIC@50C
1791264984.596531 10-06-2026 14:36:24 RAM 1781/6833MB (lfb 122x4MB) SWAP 232/3417MB (cached 1MB) CPU [100%@1420,100%@1420,100%@1420,100%@1420,72%@1420,100%@1420] EMC_FREQ 0% GR3D_FREQ 0% AUX@42.5C CPU@44.5C thermal@42.95C AO@42.5C GPU@42.5C PMIC@50C
1791264984.802094 10-06-2026 14:36:24 RAM 1782/6833MB (lfb 122x4MB) SWAP 232/3417MB (cached 1MB) CPU [100%@1420,100%@1420,100%@1420,100%@1420,95%@1420,100%@1420] EMC_FREQ 0% GR3D_FREQ 0% AUX@43C CPU@44C thermal@42.95C AO@43C GPU@43C PMIC@50C
1791264985.005406 10-06-2026 14:36:25 RAM 1784/6833MB (lfb 122x4MB) SWAP 232/3417MB (cached 1MB) CPU [100%@1420,100%@1420,100%@1420,100%@1420,86%@1420,100%@1420] EMC_FREQ 0% GR3D_FREQ 0% AUX@43C CPU@44C thermal@43.1C AO@42.5C GPU@42.5C PMIC@50C
1791264985.208668 10-06-2026 14:36:25 RAM 1784/6833MB (lfb 122x4MB) SWAP 232/3417MB (cached 1MB) CPU [100%@1420,100%@1420,100%@1420,100%@1420,94%@1420,100%@1420] EMC_FREQ 0% GR3D_FREQ 0% AUX@42.5C CPU@44.5C thermal@43.1C AO@43C GPU@42.5C PMIC@50C
1791264985.412390 10-06-2026 14:36:25 RAM 1786/6833MB (lfb 122x4MB) SWAP 232/3417MB (cached 1MB) CPU [100%@1420,100%@1420,100%@1420,100%@1420,85%@1420,100%@1420] EMC_FREQ 0% GR3D_FREQ 0% AUX@43C CPU@44.5C thermal@43.1C AO@43C GPU@43C PMIC@50C
1791264985.615309 10-06-2026 14:36:25 RAM 1786/6833MB (lfb 122x4MB) SWAP 232/3417MB (cached 1MB) CPU [100%@1420,100%@1420,100%@1420,100%@1420,89%@1420,100%@1420] EMC_FREQ 0% GR3D_FREQ 0% AUX@43C CPU@44.5C thermal@43.1C AO@43C GPU@42.5C PMIC@50C
1791264985.818725 10-06-2026 14:36:25 RAM 1789/6833MB (lfb 122x4MB) SWAP 232/3417MB (cached 1MB) CPU [100%@1420,100%@1420,100%@1420,100%@1420,78%@1420,100%@1420] EMC_FREQ 0% GR3D_FREQ 0% AUX@43C CPU@44.5C thermal@43.1C AO@43C GPU@43C PMIC@50C
1791264986.022932 10-06-2026 14:36:26 RAM 1790/6833MB (lfb 122x4MB) SWAP 232/3417MB (cached 1MB) CPU [100%@1420,100%@1420,100%@1420,100%@1420,90%@1420,100%@1420] EMC_FREQ 0% GR3D_FREQ 0% AUX@43C CPU@44.5C thermal@43.1C AO@43C GPU@42.5C PMIC@50C
1791264986.226178 10-06-2026 14:36:26 RAM 1791/6833MB (lfb 122x4MB) SWAP 232/3417MB (cached 1MB) CPU [100%@1420,100%@1420,100%@1420,100%@1420,85%@1420,100%@1420] EMC_FREQ 0% GR3D_FREQ 0% AUX@43C CPU@44.5C thermal@43.45C AO@43C GPU@42.5C PMIC@50C
1791264986.429428 10-06-2026 14:36:26 RAM 1793/6833MB (lfb 122x4MB) SWAP 232/3417MB (cached 1MB) CPU [100%@1420,100%@1420,100%@1420,100%@1420,94%@1420,100%@1420] EMC_FREQ 0% GR3D_FREQ 0% AUX@43C CPU@44.5C thermal@43.45C AO@43C GPU@43C PMIC@50C
1791264986.632875 10-06-2026 14:36:26 RAM 1793/6833MB (lfb 122x4MB) SWAP 232/3417MB (cached 1MB) CPU [100%@1420,100%@1420,100%@1420,100%@1420,90%@1420,100%@1420] EMC_FREQ 0% GR3D_FREQ 0% AUX@43C CPU@44.5C thermal@43.45C AO@43C GPU@43C PMIC@50C
1791264986.836543 10-06-2026 14:36:26 RAM 1794/6833MB (lfb 122x4MB) SWAP 232/3417MB (cached 1MB) CPU [100%@1420,100%@1420,100%@1420,100%@1420,90%@1420,100%@1420] EMC_FREQ 0% GR3D_FREQ 0% AUX@43C CPU@44.5C thermal@43.45C AO@43C GPU@43C PMIC@50C
1791264987.039738 10-06-2026 14:36:27 RAM 1797/6833MB (lfb 122x4MB) SWAP 232/3417MB (cached 1MB) CPU [100%@1420,100%@1420,100%@1420,100%@1420,85%@1420,100%@1420] EMC_FREQ 0% GR3D_FREQ 0% AUX@43C CPU@44.5C thermal@43.45C AO@43C GPU@43C PMIC@50C
1791264987.244337 10-06-2026 14:36:27 RAM 1799/6833MB (lfb 122x4MB) SWAP 232/3417MB (cached 1MB) CPU [100%@1420,100%@1420,100%@1420,100%@1420,90%@1420,100%@1420] EMC_FREQ 0% GR3D_FREQ 0% AUX@43C CPU@44.5C thermal@43.45C AO@43C GPU@43C PMIC@50C
1791264987.447493 10-06-2026 14:36:27 RAM 1801/6833MB (lfb 122x4MB) SWAP 232/3417MB (cached 1MB) CPU [100%@1420,100%@1420,100%@1420,100%@1420,90%@1420,100%@1420] EMC_FREQ 0% GR3D_FREQ 0% AUX@43C CPU@44.5C thermal@43.45C AO@43C GPU@43C PMIC@50C
1791264987.650809 10-06-2026 14:36:27 RAM 1802/6833MB (lfb 122x4MB) SWAP 232/3417MB (cached 1MB) CPU [100%@1420,100%@1420,100%@1420,100%@1420,95%@1420,90%@1420] EMC_FREQ 0% GR3D_FREQ 0% AUX@43C CPU@44.5C thermal@43.45C AO@43C GPU@43C PMIC@50C
1791264987.854088 10-06-2026 14:36:27 RAM 1802/6833MB (lfb 122x4MB) SWAP 232/3417MB (cached 1MB) CPU [100%@1420,100%@1420,100%@1420,100%@1420,90%@1420,100%@1420] EMC_FREQ 0% GR3D_FREQ 0% AUX@43C CPU@44.5C thermal@43.45C AO@43C GPU@43C PMIC@50C
1791264988.057552 10-06-2026 14:36:28 RAM 1807/6833MB (lfb 122x4MB) SWAP 232/3417MB (cached 1MB) CPU [100%@1420,100%@1420,100%@1420,100%@1420,78%@1420,100%@1420] EMC_FREQ 0% GR3D_FREQ 0% AUX@43C CPU@44.5C thermal@43.45C AO@43C GPU@43C PMIC@50C
1791264988.260841 10-06-2026 14:36:28 RAM 1807/6833MB (lfb 122x4MB) SWAP 232/3417MB (cached 1MB) CPU [100%@1420,100%@1420,100%@1420,100%@1420,95%@1420,100%@1420] EMC_FREQ 0% GR3D_FREQ 0% AUX@43.5C CPU@44.5C thermal@43.45C AO@43C GPU@43C PMIC@50C
1791264988.464145 10-06-2026 14:36:28 RAM 1807/6833MB (lfb 122x4MB) SWAP 232/3417MB (cached 1MB) CPU [100%@1420,100%@1420,100%@1420,100%@1420,95%@1420,100%@1420] EMC_FREQ 0% GR3D_FREQ 0% AUX@43.5C CPU@44.5C thermal@43.6C AO@43C GPU@43C PMIC@50C
1791264988.667263 10-06-2026 14:36:28 RAM 1807/6833MB (lfb 122x4MB) SWAP 232/3417MB (cached 1MB) CPU [100%@1420,100%@1420,100%@1420,100%@1420,90%@1420,100%@1420] EMC_FREQ 0% GR3D_FREQ 0% AUX@43C CPU@44.5C thermal@43.6C AO@43C GPU@43C PMIC@50C
1791264988.871068 10-06-2026 14:36:28 RAM 1808/6833MB (lfb 122x4MB) SWAP 232/3417MB (cached 1MB) CPU [100%@1420,100%@1420,100%@1420,100%@1420,95%@1420,100%@1420] EMC_FREQ 0% GR3D_FREQ 0% AUX@43.5C CPU@44.5C thermal@43.6C AO@43C GPU@43C PMIC@50C
1791264989.074323 10-06-2026 14:36:29 RAM 1809/6833MB (lfb 122x4MB) SWAP 232/3417MB (cached 1MB) CPU [100%@1420,100%@1420,100%@1420,100%@1420,90%@1420,100%@1420] EMC_FREQ 0% GR3D_FREQ 0% AUX@43.5C CPU@45C thermal@43.6C AO@43C GPU@43.5C PMIC@50C
1791264989.277632 10-06-2026 14:36:29 RAM 1809/6833MB (lfb 122x4MB) SWAP 232/3417MB (cached 1MB) CPU [100%@1420,100%@1420,100%@1420,100%@1420,94%@1420,100%@1420] EMC_FREQ 0% GR3D_FREQ 0% AUX@43.5C CPU@44.5C thermal@43.6C AO@43C GPU@43C PMIC@50C
1791264989.481134 10-06-2026 14:36:29 RAM 1810/6833MB (lfb 122x4MB) SWAP 232/3417MB (cached 1MB) CPU [100%@1420,100%@1420,100%@1420,100%@1420,85%@1420,100%@1420] EMC_FREQ 0% GR3D_FREQ 0% AUX@43C CPU@45C thermal@43.65C AO@43C GPU@43C PMIC@50C
1791264989.684325 10-06-2026 14:36:29 RAM 1814/6833MB (lfb 122x4MB) SWAP 232/3417MB (cached 1MB) CPU [100%@1420,100%@1420,100%@1420,100%@1420,78%@1420,100%@1420] EMC_FREQ 0% GR3D_FREQ 0% AUX@43C CPU@44.5C thermal@43.65C AO@43C GPU@43.5C PMIC@50C
1791264989.887753 10-06-2026 14:36:29 RAM 1817/6833MB (lfb 122x4MB) SWAP 232/3417MB (cached 1MB) CPU [5%@1420,4%@1420,9%@1420,9%@1420,33%@1420,47%@1420] EMC_FREQ 0% GR3D_FREQ 0% AUX@43C CPU@44.5C thermal@43.65C AO@43.5C GPU@43C PMIC@50C
1791264990.091265 10-06-2026 14:36:30 RAM 1818/6833MB (lfb 122x4MB) SWAP 232/3417MB (cached 1MB) CPU [13%@1420,5%@1420,15%@1420,5%@1420,9%@1420,90%@1420] EMC_FREQ 0% GR3D_FREQ 0% AUX@43.5C CPU@44.5C thermal@43.65C AO@43C GPU@43C PMIC@50C
1791264990.295058 10-06-2026 14:36:30 RAM 1819/6833MB (lfb 122x4MB) SWAP 232/3417MB (cached 1MB) CPU [0%@1420,0%@1420,14%@1420,0%@1420,4%@1420,90%@1190] EMC_FREQ 0% GR3D_FREQ 0% AUX@43.5C CPU@44.5C thermal@43.65C AO@43.5C GPU@43.5C PMIC@50C
1791264990.498729 10-06-2026 14:36:30 RAM 1821/6833MB (lfb 122x4MB) SWAP 232/3417MB (cached 1MB) CPU [0%@1420,9%@1420,60%@1420,18%@1420,40%@1420,0%@1420] EMC_FREQ 0% GR3D_FREQ 0% AUX@43.5C CPU@44.5C thermal@43.65C AO@43C GPU@43C PMIC@50C
1791264990.702053 10-06-2026 14:36:30 RAM 1823/6833MB (lfb 122x4MB) SWAP 232/3417MB (cached 1MB) CPU [0%@1420,9%@1420,9%@1420,5%@1420,95%@1420,5%@1420] EMC_FREQ 0% GR3D_FREQ 0% AUX@43.5C CPU@44.5C thermal@43.8C AO@43C GPU@43.5C PMIC@50C
1791264990.905695 10-06-2026 14:36:30 RAM 1827/6833MB (lfb 122x4MB) SWAP 232/3417MB (cached 1MB) CPU [9%@1420,5%@1420,5%@1420,10%@1420,100%@1420,5%@1420] EMC_FREQ 0% GR3D_FREQ 0% AUX@43.5C CPU@44.5C thermal@43.8C AO@43.5C GPU@43C PMIC@50C
1791264991.109115 10-06-2026 14:36:31 RAM 1830/6833MB (lfb 122x4MB) SWAP 232/3417MB (cached 1MB) CPU [0%@1420,5%@1420,4%@1420,9%@1420,100%@1420,5%@1420] EMC_FREQ 0% GR3D_FREQ 0% AUX@43.5C CPU@44.5C thermal@43.8C AO@43.5C GPU@43C PMIC@50C
1791264991.312526 10-06-2026 14:36:31 RAM 1832/6833MB (lfb 122x4MB) SWAP 232/3417MB (cached 1MB) CPU [9%@1420,5%@1420,0%@1420,10%@1420,100%@1420,10%@1420] EMC_FREQ 0% GR3D_FREQ 0% AUX@43.5C CPU@44.5C thermal@43.8C AO@43.5C GPU@43C PMIC@50C
1791264991.515621 10-06-2026 14:36:31 RAM 1832/6833MB (lfb 122x4MB) SWAP 232/3417MB (cached 1MB) CPU [5%@1420,0%@1420,5%@1420,14%@1420,95%@1420,0%@1420] EMC_FREQ 0% GR3D_FREQ 0% AUX@43.5C CPU@44.5C thermal@43.8C AO@43.5C GPU@43C PMIC@50C
1791264991.718946 10-06-2026 14:36:31 RAM 1835/6833MB (lfb 122x4MB) SWAP 232/3417MB (cached 1MB) CPU [0%@1420,13%@1420,0%@1420,14%@1420,95%@1420,0%@1420] EMC_FREQ 0% GR3D_FREQ 0% AUX@43.5C CPU@44.5C thermal@43.8C AO@43C GPU@43C PMIC@50C
1791264991.922274 10-06-2026 14:36:31 RAM 1835/6833MB (lfb 122x4MB) SWAP 232/3417MB (cached 1MB) CPU [5%@1420,9%@1420,0%@1420,18%@1420,100%@1420,9%@1420] EMC_FREQ 0% GR3D_FREQ 0% AUX@43.5C CPU@44C thermal@43.8C AO@43.5C GPU@43.5C PMIC@50C
1791264992.125601 10-06-2026 14:36:32 RAM 1836/6833MB (lfb 122x4MB) SWAP 232/3417MB (cached 1MB) CPU [0%@1420,10%@1420,0%@1420,9%@1420,100%@1420,9%@1420] EMC_FREQ 0% GR3D_FREQ 0% AUX@43C CPU@44.5C thermal@43.8C AO@43C GPU@43.5C PMIC@50C
1791264992.329397 10-06-2026 14:36:32 RAM 1839/6833MB (lfb 122x4MB) SWAP 232/3417MB (cached 1MB) CPU [9%@1420,0%@1420,10%@1420,0%@1420,95%@1420,14%@1420] EMC_FREQ 0% GR3D_FREQ 0% AUX@43.5C CPU@44.5C thermal@43.8C AO@43.5C GPU@43.5C PMIC@50C
1791264992.533729 10-06-2026 14:36:32 RAM 1840/6833MB (lfb 122x4MB) SWAP 232/3417MB (cached 1MB) CPU [13%@1420,0%@1420,9%@1420,10%@1420,100%@1420,0%@1420] EMC_FREQ 0% GR3D_FREQ 0% AUX@43.5C CPU@44.5C thermal@43.8C AO@43.5C GPU@43.5C PMIC@50C
1791264992.737030 10-06-2026 14:36:32 RAM 1841/6833MB (lfb 122x4MB) SWAP 232/3417MB (cached 1MB) CPU [5%@1420,5%@1420,14%@1420,4%@1420,95%@1420,4%@1420] EMC_FREQ 0% GR3D_FREQ 0% AUX@43.5C CPU@44.5C thermal@43.8C AO@43C GPU@43.5C PMIC@50C
1791264992.940254 10-06-2026 14:36:32 RAM 1841/6833MB (lfb 122x4MB) SWAP 232/3417MB (cached 1MB) CPU [0%@1420,0%@1420,15%@1420,5%@1420,95%@1420,0%@1420] EMC_FREQ 0% GR3D_FREQ 0% AUX@43.5C CPU@44.5C thermal@43.8C AO@43C GPU@43.5C PMIC@50C
1791264993.144090 10-06-2026 14:36:33 RAM 1842/6833MB (lfb 122x4MB) SWAP 232/3417MB (cached 1MB) CPU [5%@1420,9%@1420,5%@1420,5%@1420,90%@1420,4%@1420] EMC_FREQ 0% GR3D_FREQ 0% AUX@43.5C CPU@44.5C thermal@43.8C AO@43.5C GPU@43.5C PMIC@50C
1791264993.347559 10-06-2026 14:36:33 RAM 1842/6833MB (lfb 122x4MB) SWAP 232/3417MB (cached 1MB) CPU [18%@1420,5%@1420,9%@1420,0%@1420,100%@1420,0%@1420] EMC_FREQ 0% GR3D_FREQ 0% AUX@43.5C CPU@44.5C thermal@43.8C AO@43.5C GPU@43.5C PMIC@50C
1791264993.550876 10-06-2026 14:36:33 RAM 1842/6833MB (lfb 122x4MB) SWAP 232/3417MB (cached 1MB) CPU [10%@1420,9%@1420,5%@1420,9%@1420,100%@1420,0%@1420] EMC_FREQ 0% GR3D_FREQ 0% AUX@43.5C CPU@44.5C thermal@43.8C AO@43.5C GPU@43.5C PMIC@50C
1791264993.754554 10-06-2026 14:36:33 RAM 1842/6833MB (lfb 122x4MB) SWAP 232/3417MB (cached 1MB) CPU [15%@1420,0%@1420,0%@1420,0%@1420,95%@1420,4%@1420] EMC_FREQ 0% GR3D_FREQ 0% AUX@43.5C CPU@44.5C thermal@43.8C AO@43.5C GPU@43.5C PMIC@50C
1791264993.957783 10-06-2026 14:36:33 RAM 1843/6833MB (lfb 122x4MB) SWAP 232/3417MB (cached 1MB) CPU [10%@1420,9%@1420,5%@1420,9%@1420,57%@1420,21%@1420] EMC_FREQ 0% GR3D_FREQ 0% AUX@43.5C CPU@44.5C thermal@43.8C AO@43.5C GPU@43.5C PMIC@50C
1791264994.160949 10-06-2026 14:36:34 RAM 1844/6833MB (lfb 122x4MB) SWAP 232/3417MB (cached 1MB) CPU [10%@1420,5%@1420,0%@1420,5%@1420,0%@1420,90%@1420] EMC_FREQ 0% GR3D_FREQ 0% AUX@43.5C CPU@44.5C thermal@43.8C AO@43.5C GPU@43.5C PMIC@50C
1791264994.364555 10-06-2026 14:36:34 RAM 1844/6833MB (lfb 122x4MB) SWAP 232/3417MB (cached 1MB) CPU [10%@1420,10%@1420,13%@1420,5%@1420,55%@1420,40%@1420] EMC_FREQ 0% GR3D_FREQ 0% AUX@43.5C CPU@44.5C thermal@43.8C AO@43.5C GPU@43.5C PMIC@50C
1791264994.568393 10-06-2026 14:36:34 RAM 1847/6833MB (lfb 122x4MB) SWAP 232/3417MB (cached 1MB) CPU [9%@1420,23%@1420,5%@1420,9%@1420,20%@1420,80%@1420] EMC_FREQ 0% GR3D_FREQ 0% AUX@43.5C CPU@44.5C thermal@43.8C AO@43.5C GPU@43.5C PMIC@50C
1791264994.771557 10-06-2026 14:36:34 RAM 1848/6833MB (lfb 122x4MB) SWAP 232/3417MB (cached 1MB) CPU [10%@1420,52%@1420,9%@1420,5%@1420,0%@1420,90%@1420] EMC_FREQ 0% GR3D_FREQ 0% AUX@43.5C CPU@44.5C thermal@43.8C AO@43.5C GPU@43.5C PMIC@50C
1791264994.975334 10-06-2026 14:36:34 RAM 1851/6833MB (lfb 122x4MB) SWAP 232/3417MB (cached 1MB) CPU [4%@1420,9%@1420,5%@1420,5%@1420,4%@1420,100%@1420] EMC_FREQ 0% GR3D_FREQ 0% AUX@43.5C CPU@45C thermal@43.8C AO@43.5C GPU@43.5C PMIC@50C
1791264995.179004 10-06-2026 14:36:35 RAM 1852/6833MB (lfb 122x4MB) SWAP 232/3417MB (cached 1MB) CPU [14%@1420,9%@1420,5%@1420,5%@1420,0%@1420,95%@1420] EMC_FREQ 0% GR3D_FREQ 0% AUX@43.5C CPU@44.5C thermal@43.95C AO@43.5C GPU@43.5C PMIC@50C
1791264995.382440 10-06-2026 14:36:35 RAM 1853/6833MB (lfb 122x4MB) SWAP 232/3417MB (cached 1MB) CPU [9%@1420,0%@1420,15%@1420,5%@1420,9%@1420,100%@1420] EMC_FREQ 0% GR3D_FREQ 0% AUX@44C CPU@45C thermal@43.95C AO@43.5C GPU@43.5C PMIC@50C
1791264995.585849 10-06-2026 14:36:35 RAM 1854/6833MB (lfb 122x4MB) SWAP 232/3417MB (cached 1MB) CPU [5%@1420,9%@1420,0%@1420,9%@1420,0%@1420,100%@1420] EMC_FREQ 0% GR3D_FREQ 0% AUX@43.5C CPU@45C thermal@43.95C AO@43.5C GPU@43.5C PMIC@50C
1791264995.790044 10-06-2026 14:36:35 RAM 1855/6833MB (lfb 122x4MB) SWAP 232/3417MB (cached 1MB) CPU [10%@1420,0%@1420,4%@1420,0%@1420,95%@1420,5%@1420] EMC_FREQ 0% GR3D_FREQ 0% AUX@43.5C CPU@44.5C thermal@43.95C AO@43.5C GPU@43.5C PMIC@50C
1791264995.993663 10-06-2026 14:36:35 RAM 1855/6833MB (lfb 122x4MB) SWAP 232/3417MB (cached 1MB) CPU [5%@1420,10%@1420,9%@1420,5%@1420,100%@1420,0%@1420] EMC_FREQ 0% GR3D_FREQ 0% AUX@43.5C CPU@44.5C thermal@43.95C AO@43.5C GPU@43.5C PMIC@50C
1791264996.199915 10-06-2026 14:36:36 RAM 1857/6833MB (lfb 122x4MB) SWAP 232/3417MB (cached 1MB) CPU [5%@1420,14%@1420,0%@1420,5%@1420,95%@1420,0%@1420] EMC_FREQ 0% GR3D_FREQ 0% AUX@43.5C CPU@44.5C thermal@44.15C AO@43.5C GPU@43.5C PMIC@50C
1791264996.403231 10-06-2026 14:36:36 RAM 1863/6833MB (lfb 122x4MB) SWAP 232/3417MB (cached 1MB) CPU [9%@1420,22%@1420,4%@1420,4%@1420,30%@1420,63%@1420] EMC_FREQ 0% GR3D_FREQ 0% AUX@43.5C CPU@44.5C thermal@44.15C AO@43.5C GPU@43.5C PMIC@50C
1791264996.606591 10-06-2026 14:36:36 RAM 1864/6833MB (lfb 122x4MB) SWAP 232/3417MB (cached 1MB) CPU [5%@1420,5%@1420,0%@1420,13%@1420,5%@1420,100%@1420] EMC_FREQ 0% GR3D_FREQ 0% AUX@43.5C CPU@44.5C thermal@44.15C AO@43.5C GPU@43.5C PMIC@50C
1791264996.809743 10-06-2026 14:36:36 RAM 1865/6833MB (lfb 122x4MB) SWAP 232/3417MB (cached 1MB) CPU [5%@1420,9%@1420,5%@1420,0%@1420,5%@1420,100%@1420] EMC_FREQ 0% GR3D_FREQ 0% AUX@43.5C CPU@45C thermal@44.15C AO@43.5C GPU@43.5C PMIC@50C
1791264997.013106 10-06-2026 14:36:37 RAM 1865/6833MB (lfb 122x4MB) SWAP 232/3417MB (cached 1MB) CPU [5%@1420,10%@1420,9%@1420,9%@1420,5%@1420,100%@1420] EMC_FREQ 0% GR3D_FREQ 0% AUX@44C CPU@45C thermal@44.15C AO@44C GPU@44C PMIC@50C
1791264997.216790 10-06-2026 14:36:37 RAM 1867/6833MB (lfb 122x4MB) SWAP 232/3417MB (cached 1MB) CPU [5%@1420,0%@1420,0%@1420,5%@1420,5%@1420,100%@1420] EMC_FREQ 0% GR3D_FREQ 0% AUX@44C CPU@45C thermal@44.15C AO@44C GPU@43.5C PMIC@50C
1791264997.420630 10-06-2026 14:36:37 RAM 1867/6833MB (lfb 122x4MB) SWAP 232/3417MB (cached 1MB) CPU [0%@1420,9%@1420,0%@1420,4%@1420,18%@1420,90%@1420] EMC_FREQ 0% GR3D_FREQ 0% AUX@44C CPU@44.5C thermal@44.15C AO@44C GPU@43.5C PMIC@50C
1791264997.623760 10-06-2026 14:36:37 RAM 1874/6833MB (lfb 122x4MB) SWAP 232/3417MB (cached 1MB) CPU [5%@1420,0%@1420,4%@1420,5%@1420,10%@1420,100%@1420] EMC_FREQ 0% GR3D_FREQ 0% AUX@44C CPU@45C thermal@44.15C AO@44C GPU@43.5C PMIC@50C
1791264997.827094 10-06-2026 14:36:37 RAM 1892/6833MB (lfb 122x4MB) SWAP 232/3417MB (cached 1MB) CPU [5%@1420,5%@1420,0%@1420,5%@1420,5%@1420,100%@1420] EMC_FREQ 0% GR3D_FREQ 0% AUX@43.5C CPU@45C thermal@44.15C AO@44C GPU@44C PMIC@50C
1791264998.030453 10-06-2026 14:36:38 RAM 1893/6833MB (lfb 122x4MB) SWAP 232/3417MB (cached 1MB) CPU [5%@1420,5%@1420,4%@1420,4%@1420,5%@1420,85%@1420] EMC_FREQ 0% GR3D_FREQ 0% AUX@44C CPU@45C thermal@44.15C AO@43.5C GPU@44C PMIC@50C
1791264998.234207 10-06-2026 14:36:38 RAM 1899/6833MB (lfb 122x4MB) SWAP 232/3417MB (cached 1MB) CPU [10%@1420,10%@1420,10%@1420,25%@1420,25%@1420,81%@1420] EMC_FREQ 0% GR3D_FREQ 0% AUX@44C CPU@45C thermal@44.15C AO@44C GPU@44C PMIC@50C
1791264998.437363 10-06-2026 14:36:38 RAM 1900/6833MB (lfb 122x4MB) SWAP 232/3417MB (cached 1MB) CPU [30%@1420,36%@1420,30%@1420,25%@1420,68%@1420,55%@1420] EMC_FREQ 0% GR3D_FREQ 0% AUX@44C CPU@45C thermal@44.15C AO@43.5C GPU@43.5C PMIC@50C
1791264998.644020 10-06-2026 14:36:38 RAM 1900/6833MB (lfb 122x4MB) SWAP 232/3417MB (cached 1MB) CPU [13%@1420,5%@1420,0%@1420,9%@1420,47%@1420,60%@1420] EMC_FREQ 0% GR3D_FREQ 0% AUX@44C CPU@44.5C thermal@44.15C AO@44C GPU@44C PMIC@50C
1791264998.843777 10-06-2026 14:36:38 RAM 1906/6833MB (lfb 122x4MB) SWAP 232/3417MB (cached 1MB) CPU [5%@1420,5%@1420,5%@1420,5%@1420,36%@1420,57%@1420] EMC_FREQ 0% GR3D_FREQ 0% AUX@44C CPU@45C thermal@44.15C AO@43.5C GPU@44C PMIC@50C
1791264999.047195 10-06-2026 14:36:39 RAM 1906/6833MB (lfb 122x4MB) SWAP 232/3417MB (cached 1MB) CPU [10%@1420,9%@1420,5%@1420,0%@1420,0%@1420,95%@1420] EMC_FREQ 0% GR3D_FREQ 0% AUX@44C CPU@45C thermal@44.15C AO@43.5C GPU@43.5C PMIC@50C
1791264999.250484 10-06-2026 14:36:39 RAM 1906/6833MB (lfb 122x4MB) SWAP 232/3417MB (cached 1MB) CPU [14%@1420,0%@1420,9%@1420,5%@1420,0%@1420,94%@1420] EMC_FREQ 0% GR3D_FREQ 0% AUX@44C CPU@44.5C thermal@44.15C AO@44C GPU@44C PMIC@50C
1791264999.453802 10-06-2026 14:36:39 RAM 1907/6833MB (lfb 122x4MB) SWAP 232/3417MB (cached 1MB) CPU [5%@1420,18%@1420,5%@1420,5%@1420,0%@1420,95%@1420] EMC_FREQ 0% GR3D_FREQ 0% AUX@44C CPU@44.5C thermal@44.15C AO@44C GPU@44C PMIC@50C
1791264999.657001 10-06-2026 14:36:39 RAM 1907/6833MB (lfb 122x4MB) SWAP 232/3417MB (cached 1MB) CPU [14%@1420,0%@1420,0%@1420,5%@1420,57%@1420,40%@1420] EMC_FREQ 0% GR3D_FREQ 0% AUX@44C CPU@45C thermal@44.15C AO@44C GPU@44C PMIC@50C
1791264999.860273 10-06-2026 14:36:39 RAM 1920/6833MB (lfb 122x4MB) SWAP 232/3417MB (cached 1MB) CPU [57%@1420,18%@1420,5%@1420,9%@1420,42%@1420,0%@1420] EMC_FREQ 0% GR3D_FREQ 0% AUX@44C CPU@45C thermal@44.15C AO@44C GPU@44C PMIC@50C
1791265000.063570 10-06-2026 14:36:40 RAM 1945/6833MB (lfb 122x4MB) SWAP 232/3417MB (cached 1MB) CPU [100%@1420,10%@1420,5%@1420,5%@1420,0%@1420,9%@1420] EMC_FREQ 0% GR3D_FREQ 0% AUX@44C CPU@45C thermal@44.15C AO@44C GPU@44C PMIC@50C
1791265000.266824 10-06-2026 14:36:40 RAM 1954/6833MB (lfb 122x4MB) SWAP 232/3417MB (cached 1MB) CPU [22%@1420,14%@1420,0%@1420,0%@1420,90%@1420,5%@1420] EMC_FREQ 0% GR3D_FREQ 0% AUX@44C CPU@45C thermal@44.15C AO@44C GPU@44C PMIC@50C
1791265000.470690 10-06-2026 14:36:40 RAM 1974/6833MB (lfb 122x4MB) SWAP 232/3417MB (cached 1MB) CPU [5%@1420,5%@1420,9%@1420,5%@1420,10%@1420,5%@1420] EMC_FREQ 0% GR3D_FREQ 0% AUX@44C CPU@45C thermal@44.15C AO@44C GPU@44C PMIC@50C
1791265000.674366 10-06-2026 14:36:40 RAM 2058/6833MB (lfb 122x4MB) SWAP 232/3417MB (cached 1MB) CPU [22%@1420,15%@1420,0%@1420,4%@1420,10%@1420,14%@1420] EMC_FREQ 0% GR3D_FREQ 0% AUX@44C CPU@45C thermal@44.3C AO@44C GPU@44C PMIC@50C
1791265000.878136 10-06-2026 14:36:40 RAM 2105/6833MB (lfb 122x4MB) SWAP 232/3417MB (cached 1MB) CPU [20%@1420,80%@1420,9%@1190,5%@1190,0%@1190,0%@1190] EMC_FREQ 0% GR3D_FREQ 0% AUX@44C CPU@45C thermal@44.3C AO@44C GPU@44C PMIC@50C
1791265001.081532 10-06-2026 14:36:41 RAM 2125/6833MB (lfb 122x4MB) SWAP 232/3417MB (cached 1MB) CPU [9%@1190,5%@1420,5%@1420,13%@1420,0%@1420,10%@1420] EMC_FREQ 0% GR3D_FREQ 0% AUX@44C CPU@45C thermal@44.3C AO@44C GPU@44C PMIC@50C
1791265001.284928 10-06-2026 14:36:41 RAM 2185/6833MB (lfb 122x4MB) SWAP 232/3417MB (cached 1MB) CPU [10%@1420,5%@1420,10%@1420,9%@1420,65%@1420,10%@1420] EMC_FREQ 0% GR3D_FREQ 0% AUX@44C CPU@45C thermal@44.3C AO@44C GPU@44C PMIC@50C
1791265001.488325 10-06-2026 14:36:41 RAM 2542/6833MB (lfb 71x4MB) SWAP 232/3417MB (cached 1MB) CPU [15%@1420,5%@1420,9%@1420,5%@1420,65%@1420,11%@1420] EMC_FREQ 0% GR3D_FREQ 0% AUX@44C CPU@45.5C thermal@44.3C AO@44C GPU@44C PMIC@50C
1791265001.691720 10-06-2026 14:36:41 RAM 2960/6833MB (lfb 14x4MB) SWAP 232/3417MB (cached 1MB) CPU [9%@1420,9%@1420,9%@1420,0%@1420,100%@1420,5%@1420] EMC_FREQ 0% GR3D_FREQ 0% AUX@44.5C CPU@45.5C thermal@44.3C AO@44C GPU@44C PMIC@50C
1791265001.894954 10-06-2026 14:36:41 RAM 2962/6833MB (lfb 14x4MB) SWAP 232/3417MB (cached 1MB) CPU [5%@1420,14%@1420,5%@1420,9%@1420,100%@1420,9%@1420] EMC_FREQ 0% GR3D_FREQ 0% AUX@44C CPU@45.5C thermal@44.45C AO@44C GPU@44C PMIC@50C
1791265002.098225 10-06-2026 14:36:42 RAM 2965/6833MB (lfb 14x4MB) SWAP 232/3417MB (cached 1MB) CPU [13%@1420,10%@1420,0%@1420,0%@1420,100%@1420,0%@1420] EMC_FREQ 0% GR3D_FREQ 0% AUX@44C CPU@45C thermal@44.45C AO@44C GPU@44.5C PMIC@50C
1791265002.301552 10-06-2026 14:36:42 RAM 2968/6833MB (lfb 14x4MB) SWAP 232/3417MB (cached 1MB) CPU [5%@1420,10%@1420,4%@1420,4%@1420,100%@1420,0%@1420] EMC_FREQ 0% GR3D_FREQ 0% AUX@44.5C CPU@45.5C thermal@44.45C AO@44C GPU@44C PMIC@50C
1791265002.504844 10-06-2026 14:36:42 RAM 2985/6833MB (lfb 13x4MB) SWAP 232/3417MB (cached 1MB) CPU [5%@1420,10%@1420,9%@1420,13%@1420,100%@1420,0%@1420] EMC_FREQ 0% GR3D_FREQ 0% AUX@44C CPU@45.5C thermal@44.45C AO@44.5C GPU@44C PMIC@50C
1791265002.708108 10-06-2026 14:36:42 RAM 3095/6833MB (lfb 1x4MB) SWAP 232/3417MB (cached 1MB) CPU [9%@1420,10%@1420,5%@1420,0%@1420,100%@1420,0%@1420] EMC_FREQ 0% GR3D_FREQ 0% AUX@44.5C CPU@45.5C thermal@44.45C AO@44C GPU@44C PMIC@50C
1791265002.911278 10-06-2026 14:36:42 RAM 3167/6833MB (lfb 83x1MB) SWAP 232/3417MB (cached 1MB) CPU [9%@1420,10%@1420,0%@1420,4%@1420,100%@1420,0%@1420] EMC_FREQ 0% GR3D_FREQ 0% AUX@44.5C CPU@45.5C thermal@44.45C AO@44C GPU@44C PMIC@50C
1791265003.114473 10-06-2026 14:36:43 RAM 3231/6833MB (lfb 83x1MB) SWAP 232/3417MB (cached 1MB) CPU [5%@1420,9%@1420,4%@1420,5%@1420,100%@1420,5%@1420] EMC_FREQ 0% GR3D_FREQ 0% AUX@44C CPU@45C thermal@44.45C AO@44C GPU@44C PMIC@50C
1791265003.317811 10-06-2026 14:36:43 RAM 3304/6833MB (lfb 6x4MB) SWAP 232/3417MB (cached 1MB) CPU [10%@1420,10%@1420,75%@1420,9%@1420,100%@1420,14%@1420] EMC_FREQ 0% GR3D_FREQ 0% AUX@44C CPU@45.5C thermal@44.45C AO@44C GPU@44.5C PMIC@50C
1791265003.521055 10-06-2026 14:36:43 RAM 3304/6833MB (lfb 6x4MB) SWAP 232/3417MB (cached 1MB) CPU [5%@1420,0%@1420,0%@1420,0%@1420,100%@1420,5%@1420] EMC_FREQ 0% GR3D_FREQ 0% AUX@44.5C CPU@45C thermal@44.45C AO@44.5C GPU@44.5C PMIC@50C
1791265003.724287 10-06-2026 14:36:43 RAM 2310/6833MB (lfb 118x4MB) SWAP 232/3417MB (cached 1MB) CPU [5%@1420,5%@1420,5%@1420,4%@1420,100%@1420,5%@1420] EMC_FREQ 0% GR3D_FREQ 0% AUX@44C CPU@45.5C thermal@44.45C AO@44.5C GPU@44.5C PMIC@50C
1791265003.927444 10-06-2026 14:36:43 RAM 2340/6833MB (lfb 118x4MB) SWAP 232/3417MB (cached 1MB) CPU [9%@1420,0%@1420,5%@1420,9%@1420,100%@1420,17%@1420] EMC_FREQ 0% GR3D_FREQ 0% AUX@44.5C CPU@45.5C thermal@44.45C AO@44C GPU@44.5C PMIC@50C
1791265004.130660 10-06-2026 14:36:44 RAM 2369/6833MB (lfb 118x4MB) SWAP 232/3417MB (cached 1MB) CPU [5%@1420,9%@1420,5%@1420,9%@1420,100%@1420,5%@1420] EMC_FREQ 0% GR3D_FREQ 0% AUX@44C CPU@45C thermal@44.65C AO@44.5C GPU@44.5C PMIC@50C
1791265004.333903 10-06-2026 14:36:44 RAM 2401/6833MB (lfb 118x4MB) SWAP 232/3417MB (cached 1MB) CPU [10%@1420,14%@1420,0%@1420,5%@1420,100%@1420,4%@1420] EMC_FREQ 0% GR3D_FREQ 0% AUX@44.5C CPU@45C thermal@44.65C AO@44C GPU@44.5C PMIC@50C
1791265004.537094 10-06-2026 14:36:44 RAM 2431/6833MB (lfb 118x4MB) SWAP 232/3417MB (cached 1MB) CPU [18%@1420,0%@1420,5%@1420,0%@1420,100%@1420,0%@1420] EMC_FREQ 0% GR3D_FREQ 0% AUX@44.5C CPU@45.5C thermal@44.65C AO@44.5C GPU@44.5C PMIC@50C
1791265004.740259 10-06-2026 14:36:44 RAM 2461/6833MB (lfb 118x4MB) SWAP 232/3417MB (cached 1MB) CPU [15%@1420,9%@1420,0%@1420,9%@1420,100%@1420,0%@1420] EMC_FREQ 0% GR3D_FREQ 0% AUX@44.5C CPU@45C thermal@44.65C AO@44.5C GPU@44.5C PMIC@50C
1791265004.943577 10-06-2026 14:36:44 RAM 2490/6833MB (lfb 118x4MB) SWAP 232/3417MB (cached 1MB) CPU [5%@1420,5%@1420,4%@1420,5%@1420,100%@1420,9%@1420] EMC_FREQ 0% GR3D_FREQ 0% AUX@44C CPU@45C thermal@44.65C AO@44.5C GPU@44.5C PMIC@50C
1791265005.147129 10-06-2026 14:36:45 RAM 2521/6833MB (lfb 118x4MB) SWAP 232/3417MB (cached 1MB) CPU [10%@1420,9%@1420,5%@1420,5%@1420,100%@1420,0%@1420] EMC_FREQ 0% GR3D_FREQ 0% AUX@44.5C CPU@45.5C thermal@44.8C AO@44.5C GPU@44.5C PMIC@50C
1791265005.350529 10-06-2026 14:36:45 RAM 2552/6833MB (lfb 118x4MB) SWAP 232/3417MB (cached 1MB) CPU [10%@1420,9%@1420,4%@1420,5%@1420,100%@1420,0%@1420] EMC_FREQ 0% GR3D_FREQ 0% AUX@44.5C CPU@45.5C thermal@44.8C AO@44.5C GPU@44.5C PMIC@50C
1791265005.553699 10-06-2026 14:36:45 RAM 2584/6833MB (lfb 118x4MB) SWAP 232/3417MB (cached 1MB) CPU [9%@1420,10%@1420,0%@1420,13%@1420,100%@1420,0%@1420] EMC_FREQ 0% GR3D_FREQ 0% AUX@44.5C CPU@45.5C thermal@44.8C AO@44.5C GPU@44.5C PMIC@50C
1791265005.756864 10-06-2026 14:36:45 RAM 2613/6833MB (lfb 118x4MB) SWAP 232/3417MB (cached 1MB) CPU [18%@1420,14%@1420,5%@1420,0%@1420,100%@1420,0%@1420] EMC_FREQ 0% GR3D_FREQ 0% AUX@44.5C CPU@45.5C thermal@44.8C AO@44.5C GPU@44.5C PMIC@50C
1791265005.960203 10-06-2026 14:36:45 RAM 2642/6833MB (lfb 118x4MB) SWAP 232/3417MB (cached 1MB) CPU [5%@1420,5%@1420,0%@1420,0%@1420,100%@1420,0%@1420] EMC_FREQ 0% GR3D_FREQ 0% AUX@44.5C CPU@45.5C thermal@44.8C AO@44.5C GPU@44.5C PMIC@50C
1791265006.163362 10-06-2026 14:36:46 RAM 2671/6833MB (lfb 118x4MB) SWAP 232/3417MB (cached 1MB) CPU [10%@1420,19%@1420,4%@1420,5%@1420,100%@1420,0%@1420] EMC_FREQ 0% GR3D_FREQ 0% AUX@44.5C CPU@45.5C thermal@44.8C AO@44.5C GPU@44.5C PMIC@50C
1791265006.366788 10-06-2026 14:36:46 RAM 2698/6833MB (lfb 118x4MB) SWAP 232/3417MB (cached 1MB) CPU [10%@1420,66%@1420,5%@1420,10%@1420,100%@1420,0%@1420] EMC_FREQ 0% GR3D_FREQ 0% AUX@44.5C CPU@45.5C thermal@44.8C AO@44.5C GPU@44.5C PMIC@50C
1791265006.570003 10-06-2026 14:36:46 RAM 2727/6833MB (lfb 118x4MB) SWAP 232/3417MB (cached 1MB) CPU [9%@1420,5%@1420,5%@1420,14%@1420,100%@1420,0%@1420] EMC_FREQ 0% GR3D_FREQ 0% AUX@44.5C CPU@45.5C thermal@44.8C AO@44.5C GPU@44.5C PMIC@50C
1791265006.773143 10-06-2026 14:36:46 RAM 2756/6833MB (lfb 118x4MB) SWAP 232/3417MB (cached 1MB) CPU [0%@1420,5%@1420,5%@1420,10%@1420,100%@1420,0%@1420] EMC_FREQ 0% GR3D_FREQ 0% AUX@44.5C CPU@45.5C thermal@44.8C AO@44.5C GPU@44.5C PMIC@50C
1791265006.976643 10-06-2026 14:36:46 RAM 2805/6833MB (lfb 118x4MB) SWAP 232/3417MB (cached 1MB) CPU [0%@1420,0%@1420,4%@1420,10%@1420,100%@1420,0%@1420] EMC_FREQ 0% GR3D_FREQ 0% AUX@44.5C CPU@45.5C thermal@44.8C AO@44.5C GPU@44.5C PMIC@50C
1791265007.179943 10-06-2026 14:36:47 RAM 2873/6833MB (lfb 115x4MB) SWAP 232/3417MB (cached 1MB) CPU [9%@1420,0%@1420,0%@1420,10%@1420,100%@1420,0%@1420] EMC_FREQ 0% GR3D_FREQ 0% AUX@44.5C CPU@45.5C thermal@44.8C AO@44.5C GPU@44.5C PMIC@50C
1791265007.383177 10-06-2026 14:36:47 RAM 2873/6833MB (lfb 115x4MB) SWAP 232/3417MB (cached 1MB) CPU [10%@1420,9%@1420,5%@1420,10%@1420,100%@1420,4%@1420] EMC_FREQ 0% GR3D_FREQ 0% AUX@44.5C CPU@45.5C thermal@44.8C AO@44.5C GPU@44.5C PMIC@50C
1791265007.587022 10-06-2026 14:36:47 RAM 2873/6833MB (lfb 115x4MB) SWAP 232/3417MB (cached 1MB) CPU [5%@1420,9%@1420,17%@1420,5%@1420,100%@1420,0%@1420] EMC_FREQ 0% GR3D_FREQ 0% AUX@44.5C CPU@45.5C thermal@44.8C AO@44.5C GPU@44.5C PMIC@50C
1791265007.790822 10-06-2026 14:36:47 RAM 2873/6833MB (lfb 115x4MB) SWAP 232/3417MB (cached 1MB) CPU [9%@1420,9%@1420,0%@1420,14%@1420,100%@1420,0%@1420] EMC_FREQ 0% GR3D_FREQ 0% AUX@44.5C CPU@45.5C thermal@44.8C AO@45C GPU@44.5C PMIC@50C
1791265007.994200 10-06-2026 14:36:47 RAM 2873/6833MB (lfb 115x4MB) SWAP 232/3417MB (cached 1MB) CPU [5%@1420,0%@1420,9%@1420,10%@1420,100%@1420,9%@1420] EMC_FREQ 0% GR3D_FREQ 0% AUX@44.5C CPU@45.5C thermal@44.8C AO@44.5C GPU@44.5C PMIC@50C
1791265008.197628 10-06-2026 14:36:48 RAM 2873/6833MB (lfb 115x4MB) SWAP 232/3417MB (cached 1MB) CPU [9%@1420,9%@1420,5%@1420,14%@1420,100%@1420,0%@1420] EMC_FREQ 0% GR3D_FREQ 0% AUX@44.5C CPU@45.5C thermal@44.8C AO@44.5C GPU@44.5C PMIC@50C
1791265008.401050 10-06-2026 14:36:48 RAM 2873/6833MB (lfb 115x4MB) SWAP 232/3417MB (cached 1MB) CPU [0%@1420,5%@1420,0%@1420,10%@1420,100%@1420,0%@1420] EMC_FREQ 0% GR3D_FREQ 0% AUX@44.5C CPU@45.5C thermal@44.8C AO@44.5C GPU@44.5C PMIC@50C
1791265008.604273 10-06-2026 14:36:48 RAM 2873/6833MB (lfb 115x4MB) SWAP 232/3417MB (cached 1MB) CPU [5%@1420,5%@1420,4%@1420,10%@1420,100%@1420,0%@1420] EMC_FREQ 0% GR3D_FREQ 0% AUX@44.5C CPU@45.5C thermal@45C AO@44.5C GPU@44.5C PMIC@50C
1791265008.808358 10-06-2026 14:36:48 RAM 2874/6833MB (lfb 115x4MB) SWAP 232/3417MB (cached 1MB) CPU [9%@1420,5%@1420,5%@1420,10%@1420,100%@1420,0%@1420] EMC_FREQ 0% GR3D_FREQ 0% AUX@44.5C CPU@45.5C thermal@45C AO@44.5C GPU@44.5C PMIC@50C
1791265009.011748 10-06-2026 14:36:49 RAM 2874/6833MB (lfb 115x4MB) SWAP 232/3417MB (cached 1MB) CPU [4%@1420,4%@1420,10%@1420,21%@1420,100%@1420,0%@1420] EMC_FREQ 0% GR3D_FREQ 0% AUX@45C CPU@45.5C thermal@45C AO@44.5C GPU@45C PMIC@50C
1791265009.215319 10-06-2026 14:36:49 RAM 2874/6833MB (lfb 115x4MB) SWAP 232/3417MB (cached 1MB) CPU [5%@1420,9%@1420,0%@1420,10%@1420,100%@1420,0%@1420] EMC_FREQ 0% GR3D_FREQ 0% AUX@45C CPU@45.5C thermal@45C AO@44.5C GPU@44.5C PMIC@50C
1791265009.421417 10-06-2026 14:36:49 RAM 2874/6833MB (lfb 115x4MB) SWAP 232/3417MB (cached 1MB) CPU [13%@1420,5%@1420,9%@1420,5%@1420,100%@1420,0%@1420] EMC_FREQ 0% GR3D_FREQ 0% AUX@44.5C CPU@45.5C thermal@45C AO@44.5C GPU@44.5C PMIC@50C
1791265009.624655 10-06-2026 14:36:49 RAM 2874/6833MB (lfb 115x4MB) SWAP 232/3417MB (cached 1MB) CPU [4%@1420,4%@1420,5%@1420,15%@1420,100%@1420,0%@1420] EMC_FREQ 0% GR3D_FREQ 0% AUX@44.5C CPU@45.5C thermal@45C AO@44.5C GPU@44.5C PMIC@50C
1791265009.828481 10-06-2026 14:36:49 RAM 2875/6833MB (lfb 115x4MB) SWAP 232/3417MB (cached 1MB) CPU [11%@1420,15%@1420,14%@1420,15%@1420,95%@1420,10%@1420] EMC_FREQ 0% GR3D_FREQ 0% AUX@45C CPU@46C thermal@45C AO@44.5C GPU@44.5C PMIC@50C
1791265010.031716 10-06-2026 14:36:50 RAM 2881/6833MB (lfb 115x4MB) SWAP 232/3417MB (cached 1MB) CPU [30%@1420,25%@1420,26%@1420,35%@1420,71%@1420,31%@1420] EMC_FREQ 0% GR3D_FREQ 21% AUX@45C CPU@46C thermal@45C AO@44.5C GPU@45C PMIC@50C
1791265010.234965 10-06-2026 14:36:50 RAM 2907/6833MB (lfb 114x4MB) SWAP 232/3417MB (cached 1MB) CPU [13%@1420,9%@1420,5%@1420,10%@1420,94%@1420,0%@1420] EMC_FREQ 0% GR3D_FREQ 23% AUX@45C CPU@46C thermal@45C AO@44.5C GPU@45C PMIC@50C
1791265010.438625 10-06-2026 14:36:50 RAM 2951/6833MB (lfb 106x4MB) SWAP 232/3417MB (cached 1MB) CPU [9%@1420,5%@1420,0%@1420,10%@1420,100%@1420,0%@1420] EMC_FREQ 0% GR3D_FREQ 18% AUX@45C CPU@45.5C thermal@45C AO@45C GPU@44.5C PMIC@50C
1791265010.643063 10-06-2026 14:36:50 RAM 2980/6833MB (lfb 103x4MB) SWAP 232/3417MB (cached 1MB) CPU [0%@1420,5%@1420,0%@1420,14%@1420,100%@1420,0%@1420] EMC_FREQ 0% GR3D_FREQ 22% AUX@45C CPU@46C thermal@45C AO@44.5C GPU@45C PMIC@50C
1791265010.846332 10-06-2026 14:36:50 RAM 3004/6833MB (lfb 103x4MB) SWAP 232/3417MB (cached 1MB) CPU [17%@1420,0%@1420,9%@1420,10%@1420,95%@1420,0%@1420] EMC_FREQ 0% GR3D_FREQ 9% AUX@45C CPU@45.5C thermal@45.15C AO@45C GPU@45C PMIC@50C
1791265011.049500 10-06-2026 14:36:51 RAM 3027/6833MB (lfb 100x4MB) SWAP 232/3417MB (cached 1MB) CPU [0%@1420,14%@1420,0%@1420,10%@1420,95%@1420,0%@1420] EMC_FREQ 0% GR3D_FREQ 7% AUX@45C CPU@46C thermal@45.15C AO@45C GPU@45C PMIC@50C
1791265011.252745 10-06-2026 14:36:51 RAM 3058/6833MB (lfb 94x4MB) SWAP 232/3417MB (cached 1MB) CPU [19%@1420,5%@1420,9%@1420,10%@1420,95%@1420,0%@1420] EMC_FREQ 0% GR3D_FREQ 0% AUX@45C CPU@46C thermal@45.15C AO@45C GPU@45C PMIC@50C
1791265011.456250 10-06-2026 14:36:51 RAM 3078/6833MB (lfb 92x4MB) SWAP 232/3417MB (cached 1MB) CPU [0%@1420,9%@1420,0%@1420,5%@1420,95%@1420,0%@1420] EMC_FREQ 0% GR3D_FREQ 17% AUX@45C CPU@46C thermal@45.15C AO@44.5C GPU@45C PMIC@50C
1791265011.659494 10-06-2026 14:36:51 RAM 3114/6833MB (lfb 86x4MB) SWAP 232/3417MB (cached 1MB) CPU [13%@1420,66%@1420,17%@1420,10%@1420,95%@1420,0%@1420] EMC_FREQ 0% GR3D_FREQ 25% AUX@45C CPU@46C thermal@45.15C AO@45C GPU@45C PMIC@50C
1791265011.862859 10-06-2026 14:36:51 RAM 3145/6833MB (lfb 82x4MB) SWAP 232/3417MB (cached 1MB) CPU [0%@1420,0%@1420,10%@1420,4%@1420,14%@1420,80%@1420] EMC_FREQ 0% GR3D_FREQ 7% AUX@45C CPU@46C thermal@45.3C AO@45C GPU@44.5C PMIC@50C
1791265012.068249 10-06-2026 14:36:52 RAM 3175/6833MB (lfb 78x4MB) SWAP 232/3417MB (cached 1MB) CPU [14%@1420,5%@1420,14%@1420,5%@1420,0%@1420,95%@1420] EMC_FREQ 0% GR3D_FREQ 7% AUX@45C CPU@46C thermal@45.3C AO@45C GPU@45C PMIC@50C
1791265012.271613 10-06-2026 14:36:52 RAM 3211/6833MB (lfb 73x4MB) SWAP 232/3417MB (cached 1MB) CPU [14%@1420,18%@1420,60%@1420,10%@1420,0%@1420,47%@1420] EMC_FREQ 0% GR3D_FREQ 11% AUX@45C CPU@46C thermal@45.3C AO@45C GPU@45C PMIC@50C
1791265012.474956 10-06-2026 14:36:52 RAM 3236/6833MB (lfb 71x4MB) SWAP 232/3417MB (cached 1MB) CPU [5%@1420,10%@1420,95%@1420,19%@1420,0%@1420,0%@1420] EMC_FREQ 0% GR3D_FREQ 38% AUX@45C CPU@45.5C thermal@45.3C AO@45C GPU@45C PMIC@50C
1791265012.678963 10-06-2026 14:36:52 RAM 3276/6833MB (lfb 65x4MB) SWAP 232/3417MB (cached 1MB) CPU [14%@1420,5%@1420,95%@1420,14%@1420,0%@1420,0%@1420] EMC_FREQ 0% GR3D_FREQ 24% AUX@45C CPU@45.5C thermal@45.3C AO@45C GPU@45C PMIC@50C
1791265012.882438 10-06-2026 14:36:52 RAM 3304/6833MB (lfb 61x4MB) SWAP 232/3417MB (cached 1MB) CPU [5%@1420,5%@1420,95%@1420,5%@1420,0%@1420,0%@1420] EMC_FREQ 0% GR3D_FREQ 7% AUX@45C CPU@46C thermal@45.3C AO@44.5C GPU@45C PMIC@50C
1791265013.085863 10-06-2026 14:36:53 RAM 3386/6833MB (lfb 43x4MB) SWAP 232/3417MB (cached 1MB) CPU [14%@1420,9%@1420,100%@1420,10%@1420,0%@1420,5%@1420] EMC_FREQ 0% GR3D_FREQ 7% AUX@45C CPU@46C thermal@45.15C AO@45C GPU@45C PMIC@50C
1791265013.289049 10-06-2026 14:36:53 RAM 3378/6833MB (lfb 46x4MB) SWAP 232/3417MB (cached 1MB) CPU [10%@1420,0%@1420,95%@1420,0%@1420,4%@1420,5%@1420] EMC_FREQ 0% GR3D_FREQ 7% AUX@45C CPU@46C thermal@45.15C AO@45C GPU@45C PMIC@50C
1791265013.492512 10-06-2026 14:36:53 RAM 3351/6833MB (lfb 45x4MB) SWAP 232/3417MB (cached 1MB) CPU [10%@1420,5%@1420,38%@1420,13%@1420,20%@1420,15%@1420] EMC_FREQ 0% GR3D_FREQ 62% AUX@45C CPU@46C thermal@45.15C AO@45C GPU@45C PMIC@50C
1791265013.697093 10-06-2026 14:36:53 RAM 3244/6833MB (lfb 45x4MB) SWAP 232/3417MB (cached 1MB) CPU [19%@1190,5%@1190,0%@1190,0%@1190,31%@1190,5%@1190] EMC_FREQ 0% GR3D_FREQ 63% AUX@45C CPU@46C thermal@45.15C AO@45C GPU@45C PMIC@50C
1791265013.901522 10-06-2026 14:36:53 RAM 3193/6833MB (lfb 45x4MB) SWAP 232/3417MB (cached 1MB) CPU [0%@1420,19%@1420,15%@1420,13%@1420,25%@1420,0%@1420] EMC_FREQ 0% GR3D_FREQ 39% AUX@45C CPU@46C thermal@45.15C AO@45C GPU@45C PMIC@50C
1791265014.104976 10-06-2026 14:36:54 RAM 3291/6833MB (lfb 45x4MB) SWAP 232/3417MB (cached 1MB) CPU [21%@1420,28%@1420,0%@1420,15%@1420,45%@1420,0%@1420] EMC_FREQ 0% GR3D_FREQ 39% AUX@45C CPU@46.5C thermal@45.45C AO@45C GPU@45C PMIC@50C
1791265014.308481 10-06-2026 14:36:54 RAM 3269/6833MB (lfb 50x4MB) SWAP 232/3417MB (cached 1MB) CPU [5%@1420,19%@1420,10%@1420,0%@1420,85%@1420,9%@1420] EMC_FREQ 0% GR3D_FREQ 24% AUX@45C CPU@46C thermal@45.45C AO@44.5C GPU@45C PMIC@50C
1791265014.511613 10-06-2026 14:36:54 RAM 3307/6833MB (lfb 50x4MB) SWAP 232/3417MB (cached 1MB) CPU [9%@1420,18%@1420,4%@1420,9%@1420,90%@1420,5%@1420] EMC_FREQ 0% GR3D_FREQ 0% AUX@45C CPU@46C thermal@45.45C AO@45C GPU@45C PMIC@50C
1791265014.715088 10-06-2026 14:36:54 RAM 3306/6833MB (lfb 50x4MB) SWAP 232/3417MB (cached 1MB) CPU [15%@1190,5%@1420,9%@1420,0%@1420,5%@1420,4%@1420] EMC_FREQ 0% GR3D_FREQ 0% AUX@45C CPU@46C thermal@45.45C AO@45C GPU@45C PMIC@50C
1791265014.919470 10-06-2026 14:36:54 RAM 3306/6833MB (lfb 50x4MB) SWAP 232/3417MB (cached 1MB) CPU [5%@1420,5%@1420,9%@1420,5%@1420,14%@1420,5%@1420] EMC_FREQ 0% GR3D_FREQ 0% AUX@45C CPU@46C thermal@45.45C AO@45C GPU@45.5C PMIC@50C
1791265015.123249 10-06-2026 14:36:55 RAM 3306/6833MB (lfb 50x4MB) SWAP 232/3417MB (cached 1MB) CPU [18%@1190,22%@1190,0%@1190,0%@1190,9%@1420,5%@1420] EMC_FREQ 0% GR3D_FREQ 0% AUX@45C CPU@46C thermal@45.45C AO@45C GPU@45.5C PMIC@50C
1791265015.326988 10-06-2026 14:36:55 RAM 3306/6833MB (lfb 50x4MB) SWAP 232/3417MB (cached 1MB) CPU [15%@1190,0%@1420,5%@1420,4%@1420,5%@1420,9%@1420] EMC_FREQ 0% GR3D_FREQ 0% AUX@45C CPU@46C thermal@45.3C AO@45C GPU@45.5C PMIC@50C
1791265015.530710 10-06-2026 14:36:55 RAM 3306/6833MB (lfb 50x4MB) SWAP 232/3417MB (cached 1MB) CPU [5%@1420,9%@1420,4%@1420,5%@1420,10%@1420,10%@1420] EMC_FREQ 0% GR3D_FREQ 0% AUX@45C CPU@46C thermal@45.3C AO@45C GPU@45.5C PMIC@50C
1791265015.734044 10-06-2026 14:36:55 RAM 3306/6833MB (lfb 50x4MB) SWAP 232/3417MB (cached 1MB) CPU [0%@1190,0%@1190,10%@1420,9%@1420,10%@1420,9%@1420] EMC_FREQ 0% GR3D_FREQ 0% AUX@45C CPU@46C thermal@45.3C AO@45C GPU@45C PMIC@50C
1791265015.937240 10-06-2026 14:36:55 RAM 3306/6833MB (lfb 50x4MB) SWAP 232/3417MB (cached 1MB) CPU [0%@1190,5%@1190,15%@1420,5%@1420,10%@1420,10%@1420] EMC_FREQ 0% GR3D_FREQ 0% AUX@45C CPU@46C thermal@45.3C AO@45C GPU@45C PMIC@50C
1791265016.140908 10-06-2026 14:36:56 RAM 3306/6833MB (lfb 50x4MB) SWAP 232/3417MB (cached 1MB) CPU [10%@1190,0%@1190,9%@1190,0%@1190,9%@1190,9%@1190] EMC_FREQ 0% GR3D_FREQ 0% AUX@45C CPU@46C thermal@45.3C AO@45.5C GPU@45C PMIC@50C
1791265016.344758 10-06-2026 14:36:56 RAM 3306/6833MB (lfb 50x4MB) SWAP 232/3417MB (cached 1MB) CPU [9%@1190,5%@1190,14%@1190,5%@1420,5%@1420,15%@1420] EMC_FREQ 0% GR3D_FREQ 0% AUX@45C CPU@46C thermal@45.45C AO@45C GPU@45C PMIC@50C
1791265016.548528 10-06-2026 14:36:56 RAM 3306/6833MB (lfb 50x4MB) SWAP 232/3417MB (cached 1MB) CPU [9%@1190,9%@1420,14%@1420,0%@1420,5%@1420,9%@1420] EMC_FREQ 0% GR3D_FREQ 0% AUX@45C CPU@46C thermal@45.45C AO@45C GPU@45.5C PMIC@50C
1791265016.752398 10-06-2026 14:36:56 RAM 3306/6833MB (lfb 50x4MB) SWAP 232/3417MB (cached 1MB) CPU [5%@1420,5%@1420,10%@1420,14%@1420,14%@1420,0%@1420] EMC_FREQ 0% GR3D_FREQ 0% AUX@45C CPU@46C thermal@45.45C AO@45.5C GPU@45.5C PMIC@50C
1791265016.956088 10-06-2026 14:36:56 RAM 3306/6833MB (lfb 50x4MB) SWAP 232/3417MB (cached 1MB) CPU [13%@1190,13%@1420,4%@1420,5%@1420,10%@1420,0%@1420] EMC_FREQ 0% GR3D_FREQ 0% AUX@45C CPU@46C thermal@45.45C AO@45C GPU@45.5C PMIC@50C
1791265017.159549 10-06-2026 14:36:57 RAM 3306/6833MB (lfb 50x4MB) SWAP 232/3417MB (cached 1MB) CPU [5%@1420,5%@1420,4%@1420,10%@1420,4%@1420,9%@1420] EMC_FREQ 0% GR3D_FREQ 0% AUX@45C CPU@46C thermal@45.45C AO@45.5C GPU@45C PMIC@50C
1791265017.363283 10-06-2026 14:36:57 RAM 3306/6833MB (lfb 50x4MB) SWAP 232/3417MB (cached 1MB) CPU [10%@1420,5%@1420,0%@1420,10%@1420,5%@1420,10%@1420] EMC_FREQ 0% GR3D_FREQ 0% AUX@45C CPU@46C thermal@45.45C AO@45C GPU@45.5C PMIC@50C
1791265017.566709 10-06-2026 14:36:57 RAM 3306/6833MB (lfb 50x4MB) SWAP 232/3417MB (cached 1MB) CPU [5%@1190,5%@1190,5%@1190,13%@1190,9%@1190,19%@1420] EMC_FREQ 0% GR3D_FREQ 0% AUX@45C CPU@46C thermal@45.3C AO@45.5C GPU@45.5C PMIC@50C
1791265017.770079 10-06-2026 14:36:57 RAM 3306/6833MB (lfb 50x4MB) SWAP 232/3417MB (cached 1MB) CPU [0%@1420,0%@1420,0%@1420,5%@1420,14%@1420,0%@1420] EMC_FREQ 0% GR3D_FREQ 0% AUX@45C CPU@46C thermal@45.3C AO@45.5C GPU@45.5C PMIC@50C
1791265017.975013 10-06-2026 14:36:57 RAM 3306/6833MB (lfb 50x4MB) SWAP 232/3417MB (cached 1MB) CPU [10%@1420,5%@1420,5%@1420,13%@1420,10%@1420,5%@1420] EMC_FREQ 0% GR3D_FREQ 0% AUX@45.5C CPU@46C thermal@45.3C AO@45.5C GPU@45.5C PMIC@50C
1791265018.177425 10-06-2026 14:36:58 RAM 3313/6833MB (lfb 50x4MB) SWAP 232/3417MB (cached 1MB) CPU [0%@1190,9%@1190,0%@1190,5%@1420,5%@1420,19%@1420] EMC_FREQ 0% GR3D_FREQ 0% AUX@45.5C CPU@46C thermal@45.3C AO@45.5C GPU@45.5C PMIC@50C
1791265018.381160 10-06-2026 14:36:58 RAM 3330/6833MB (lfb 50x4MB) SWAP 232/3417MB (cached 1MB) CPU [9%@1190,5%@1420,14%@1420,10%@1420,10%@1420,14%@1420] EMC_FREQ 0% GR3D_FREQ 0% AUX@45.5C CPU@46C thermal@45.3C AO@45C GPU@45.5C PMIC@50C
1791265018.584798 10-06-2026 14:36:58 RAM 3342/6833MB (lfb 50x4MB) SWAP 232/3417MB (cached 1MB) CPU [5%@1420,0%@1420,10%@1420,0%@1420,15%@1420,5%@1420] EMC_FREQ 0% GR3D_FREQ 0% AUX@45.5C CPU@46C thermal@45.65C AO@45C GPU@45.5C PMIC@50C
1791265018.788101 10-06-2026 14:36:58 RAM 3356/6833MB (lfb 50x4MB) SWAP 232/3417MB (cached 1MB) CPU [5%@1190,5%@1190,5%@1190,0%@1190,10%@1190,5%@1420] EMC_FREQ 0% GR3D_FREQ 0% AUX@45.5C CPU@46C thermal@45.65C AO@45.5C GPU@45.5C PMIC@50C
1791265018.991509 10-06-2026 14:36:58 RAM 3370/6833MB (lfb 50x4MB) SWAP 232/3417MB (cached 1MB) CPU [5%@1190,5%@1420,14%@1420,0%@1420,22%@1420,10%@1420] EMC_FREQ 0% GR3D_FREQ 0% AUX@45.5C CPU@46.5C thermal@45.65C AO@45.5C GPU@45.5C PMIC@50C
1791265019.194790 10-06-2026 14:36:59 RAM 3383/6833MB (lfb 50x4MB) SWAP 232/3417MB (cached 1MB) CPU [14%@1190,0%@1190,10%@1190,5%@1190,20%@1420,5%@1420] EMC_FREQ 0% GR3D_FREQ 0% AUX@45.5C CPU@46C thermal@45.65C AO@45.5C GPU@45.5C PMIC@50C
1791265019.398054 10-06-2026 14:36:59 RAM 3397/6833MB (lfb 50x4MB) SWAP 232/3417MB (cached 1MB) CPU [0%@1190,5%@1190,9%@1190,4%@1190,13%@1190,10%@1420] EMC_FREQ 0% GR3D_FREQ 0% AUX@45.5C CPU@46.5C thermal@45.65C AO@45C GPU@45.5C PMIC@50C
1791265019.601418 10-06-2026 14:36:59 RAM 3412/6833MB (lfb 50x4MB) SWAP 232/3417MB (cached 1MB) CPU [0%@1190,9%@1190,15%@1190,5%@1420,9%@1420,20%@1420] EMC_FREQ 0% GR3D_FREQ 0% AUX@45C CPU@46C thermal@45.65C AO@45.5C GPU@45.5C PMIC@50C
1791265019.804920 10-06-2026 14:36:59 RAM 3428/6833MB (lfb 50x4MB) SWAP 232/3417MB (cached 1MB) CPU [10%@1190,5%@1190,5%@1190,9%@1190,0%@1190,5%@1190] EMC_FREQ 0% GR3D_FREQ 0% AUX@45.5C CPU@46.5C thermal@45.8C AO@45.5C GPU@45.5C PMIC@50C
1791265020.008667 10-06-2026 14:37:00 RAM 3437/6833MB (lfb 50x4MB) SWAP 232/3417MB (cached 1MB) CPU [18%@1190,10%@1190,10%@1190,5%@1190,0%@1190,0%@1190] EMC_FREQ 0% GR3D_FREQ 0% AUX@45.5C CPU@46C thermal@45.8C AO@45.5C GPU@45.5C PMIC@50C
1791265020.212411 10-06-2026 14:37:00 RAM 3445/6833MB (lfb 50x4MB) SWAP 232/3417MB (cached 1MB) CPU [25%@1190,5%@1420,15%@1420,5%@1420,0%@1420,4%@1420] EMC_FREQ 0% GR3D_FREQ 0% AUX@45.5C CPU@46.5C thermal@45.8C AO@45.5C GPU@45.5C PMIC@50C
1791265020.416306 10-06-2026 14:37:00 RAM 3456/6833MB (lfb 50x4MB) SWAP 232/3417MB (cached 1MB) CPU [15%@1190,18%@1190,14%@1190,4%@1190,0%@1420,0%@1420] EMC_FREQ 0% GR3D_FREQ 0% AUX@45C CPU@46.5C thermal@45.8C AO@45.5C GPU@45.5C PMIC@50C
1791265020.619687 10-06-2026 14:37:00 RAM 3468/6833MB (lfb 50x4MB) SWAP 232/3417MB (cached 1MB) CPU [19%@1420,10%@1420,15%@1420,0%@1420,9%@1420,4%@1420] EMC_FREQ 0% GR3D_FREQ 0% AUX@45.5C CPU@46.5C thermal@45.8C AO@45.5C GPU@45.5C PMIC@50C
1791265020.823111 10-06-2026 14:37:00 RAM 3480/6833MB (lfb 50x4MB) SWAP 232/3417MB (cached 1MB) CPU [15%@1420,15%@1420,10%@1420,9%@1420,5%@1420,9%@1420] EMC_FREQ 0% GR3D_FREQ 0% AUX@45.5C CPU@46.5C thermal@45.8C AO@45.5C GPU@45.5C PMIC@50C
1791265021.026740 10-06-2026 14:37:01 RAM 3492/6833MB (lfb 50x4MB) SWAP 232/3417MB (cached 1MB) CPU [15%@1420,15%@1420,14%@1190,5%@1190,0%@1190,0%@1190] EMC_FREQ 0% GR3D_FREQ 0% AUX@45.5C CPU@46.5C thermal@45.8C AO@45.5C GPU@45.5C PMIC@50C
1791265021.230347 10-06-2026 14:37:01 RAM 3501/6833MB (lfb 50x4MB) SWAP 232/3417MB (cached 1MB) CPU [19%@1190,14%@1190,10%@1190,0%@1190,0%@1190,9%@1190] EMC_FREQ 0% GR3D_FREQ 0% AUX@45.5C CPU@46.5C thermal@45.8C AO@45.5C GPU@45.5C PMIC@50C
1791265021.433876 10-06-2026 14:37:01 RAM 3509/6833MB (lfb 51x4MB) SWAP 232/3417MB (cached 1MB) CPU [5%@1420,0%@1420,9%@1420,5%@1420,19%@1420,10%@1420] EMC_FREQ 0% GR3D_FREQ 0% AUX@45.5C CPU@46.5C thermal@45.8C AO@45.5C GPU@45.5C PMIC@50C
1791265021.637689 10-06-2026 14:37:01 RAM 3523/6833MB (lfb 51x4MB) SWAP 231/3417MB (cached 1MB) CPU [9%@1190,9%@1190,10%@1190,13%@1190,23%@1420,5%@1420] EMC_FREQ 0% GR3D_FREQ 0% AUX@45.5C CPU@46.5C thermal@45.8C AO@45.5C GPU@45.5C PMIC@50C
1791265021.841029 10-06-2026 14:37:01 RAM 3538/6833MB (lfb 51x4MB) SWAP 231/3417MB (cached 1MB) CPU [10%@1420,5%@1420,13%@1420,5%@1420,10%@1420,5%@1420] EMC_FREQ 0% GR3D_FREQ 0% AUX@45.5C CPU@46.5C thermal@45.8C AO@45.5C GPU@45.5C PMIC@50C
1791265022.044312 10-06-2026 14:37:02 RAM 3554/6833MB (lfb 51x4MB) SWAP 231/3417MB (cached 1MB) CPU [5%@1190,5%@1190,10%@1420,0%@1420,10%@1420,5%@1420] EMC_FREQ 0% GR3D_FREQ 0% AUX@45.5C CPU@46.5C thermal@45.8C AO@45.5C GPU@46C PMIC@50C
1791265022.248129 10-06-2026 14:37:02 RAM 3570/6833MB (lfb 51x4MB) SWAP 231/3417MB (cached 1MB) CPU [10%@1190,5%@1190,9%@1190,0%@1190,14%@1190,5%@1190] EMC_FREQ 0% GR3D_FREQ 0% AUX@45.5C CPU@46.5C thermal@45.8C AO@45.5C GPU@45.5C PMIC@50C
1791265022.452111 10-06-2026 14:37:02 RAM 3586/6833MB (lfb 51x4MB) SWAP 231/3417MB (cached 1MB) CPU [9%@1190,5%@1190,5%@1190,9%@1190,5%@1190,5%@1190] EMC_FREQ 0% GR3D_FREQ 0% AUX@45.5C CPU@46.5C thermal@45.8C AO@45.5C GPU@45.5C PMIC@50C
1791265022.655888 10-06-2026 14:37:02 RAM 3603/6833MB (lfb 46x4MB) SWAP 231/3417MB (cached 1MB) CPU [0%@1190,5%@1190,9%@1420,14%@1420,10%@1420,5%@1420] EMC_FREQ 0% GR3D_FREQ 0% AUX@45.5C CPU@46.5C thermal@45.8C AO@45.5C GPU@45.5C PMIC@50C
1791265022.859535 10-06-2026 14:37:02 RAM 3617/6833MB (lfb 39x4MB) SWAP 231/3417MB (cached 1MB) CPU [0%@1190,5%@1190,0%@1190,15%@1190,9%@1190,10%@1420] EMC_FREQ 0% GR3D_FREQ 0% AUX@45.5C CPU@46.5C thermal@45.8C AO@45.5C GPU@45.5C PMIC@50C
1791265023.063635 10-06-2026 14:37:03 RAM 3621/6833MB (lfb 38x4MB) SWAP 231/3417MB (cached 1MB) CPU [14%@1420,9%@1420,9%@1420,10%@1420,60%@1420,9%@1420] EMC_FREQ 0% GR3D_FREQ 71% AUX@45.5C CPU@47C thermal@45.95C AO@45.5C GPU@45.5C PMIC@50C
1791265023.266933 10-06-2026 14:37:03 RAM 3406/6833MB (lfb 38x4MB) SWAP 231/3417MB (cached 1MB) CPU [14%@1420,18%@1420,4%@1420,10%@1420,76%@1420,0%@1420] EMC_FREQ 0% GR3D_FREQ 0% AUX@45.5C CPU@47C thermal@45.95C AO@45.5C GPU@45.5C PMIC@50C
1791265023.470287 10-06-2026 14:37:03 RAM 3304/6833MB (lfb 39x4MB) SWAP 231/3417MB (cached 1MB) CPU [5%@1420,5%@1420,14%@1420,9%@1420,100%@1420,0%@1420] EMC_FREQ 0% GR3D_FREQ 0% AUX@45.5C CPU@47C thermal@45.95C AO@46C GPU@46C PMIC@50C
1791265023.673721 10-06-2026 14:37:03 RAM 3303/6833MB (lfb 39x4MB) SWAP 231/3417MB (cached 1MB) CPU [5%@1420,0%@1420,75%@1420,19%@1420,85%@1420,5%@1420] EMC_FREQ 0% GR3D_FREQ 0% AUX@45.5C CPU@46.5C thermal@45.95C AO@45.5C GPU@45.5C PMIC@50C
1791265023.876996 10-06-2026 14:37:03 RAM 3307/6833MB (lfb 39x4MB) SWAP 231/3417MB (cached 1MB) CPU [5%@1420,9%@1420,0%@1420,10%@1420,10%@1420,65%@1420] EMC_FREQ 0% GR3D_FREQ 0% AUX@45.5C CPU@47C thermal@45.95C AO@45.5C GPU@46C PMIC@50C
1791265024.080154 10-06-2026 14:37:04 RAM 3307/6833MB (lfb 39x4MB) SWAP 231/3417MB (cached 1MB) CPU [4%@1420,5%@1420,0%@1420,14%@1420,0%@1420,75%@1420] EMC_FREQ 0% GR3D_FREQ 0% AUX@45.5C CPU@46.5C thermal@45.95C AO@45.5C GPU@46C PMIC@50C
1791265024.283325 10-06-2026 14:37:04 RAM 3307/6833MB (lfb 39x4MB) SWAP 231/3417MB (cached 1MB) CPU [9%@1420,10%@1420,5%@1420,0%@1420,73%@1420,25%@1420] EMC_FREQ 0% GR3D_FREQ 0% AUX@45.5C CPU@47C thermal@46.1C AO@46C GPU@46C PMIC@50C
1791265024.486524 10-06-2026 14:37:04 RAM 3306/6833MB (lfb 39x4MB) SWAP 231/3417MB (cached 1MB) CPU [5%@1420,10%@1420,5%@1420,5%@1420,95%@1420,0%@1420] EMC_FREQ 0% GR3D_FREQ 0% AUX@45.5C CPU@46.5C thermal@46.1C AO@45.5C GPU@46C PMIC@50C
1791265024.689923 10-06-2026 14:37:04 RAM 3306/6833MB (lfb 39x4MB) SWAP 231/3417MB (cached 1MB) CPU [10%@1420,10%@1420,5%@1420,5%@1420,90%@1420,0%@1420] EMC_FREQ 0% GR3D_FREQ 0% AUX@45.5C CPU@46.5C thermal@46.1C AO@46C GPU@46C PMIC@50C
1791265024.893300 10-06-2026 14:37:04 RAM 3306/6833MB (lfb 39x4MB) SWAP 231/3417MB (cached 1MB) CPU [0%@1420,9%@1420,14%@1420,0%@1420,21%@1420,75%@1420] EMC_FREQ 0% GR3D_FREQ 0% AUX@46C CPU@46.5C thermal@46.1C AO@46C GPU@46C PMIC@50C
1791265025.097516 10-06-2026 14:37:05 RAM 3639/6833MB (lfb 14x4MB) SWAP 231/3417MB (cached 1MB) CPU [4%@1420,5%@1420,5%@1420,4%@1420,81%@1420,15%@1420] EMC_FREQ 0% GR3D_FREQ 0% AUX@46C CPU@47C thermal@46.1C AO@46C GPU@46C PMIC@50C
1791265025.300962 10-06-2026 14:37:05 RAM 3931/6833MB (lfb 39x1MB) SWAP 231/3417MB (cached 1MB) CPU [14%@1420,0%@1420,33%@1420,5%@1420,100%@1420,0%@1420] EMC_FREQ 0% GR3D_FREQ 0% AUX@45.5C CPU@47C thermal@46.1C AO@46C GPU@46C PMIC@50C
1791265025.504387 10-06-2026 14:37:05 RAM 3995/6833MB (lfb 33x1MB) SWAP 231/3417MB (cached 1MB) CPU [5%@1420,10%@1420,45%@1420,0%@1420,100%@1420,15%@1420] EMC_FREQ 0% GR3D_FREQ 0% AUX@46C CPU@47C thermal@46.1C AO@46C GPU@46C PMIC@50C
1791265025.708242 10-06-2026 14:37:05 RAM 4060/6833MB (lfb 33x1MB) SWAP 231/3417MB (cached 1MB) CPU [14%@1420,5%@1420,0%@1420,9%@1420,100%@1420,9%@1420] EMC_FREQ 0% GR3D_FREQ 0% AUX@46C CPU@47C thermal@46.1C AO@46C GPU@46C PMIC@50C
1791265025.911528 10-06-2026 14:37:05 RAM 4125/6833MB (lfb 34x1MB) SWAP 231/3417MB (cached 1MB) CPU [9%@1420,5%@1420,9%@1420,9%@1420,100%@1420,5%@1420] EMC_FREQ 0% GR3D_FREQ 0% AUX@45.5C CPU@47C thermal@46.1C AO@45.5C GPU@46C PMIC@50C
1791265026.115591 10-06-2026 14:37:06 RAM 4121/6833MB (lfb 24x1MB) SWAP 231/3417MB (cached 1MB) CPU [19%@1420,28%@1420,0%@1420,19%@1420,100%@1420,9%@1420] EMC_FREQ 0% GR3D_FREQ 0% AUX@46C CPU@47.5C thermal@46.1C AO@46C GPU@46C PMIC@50C
1791265026.319468 10-06-2026 14:37:06 RAM 4123/6833MB (lfb 3x1MB) SWAP 231/3417MB (cached 1MB) CPU [10%@1420,5%@1420,10%@1420,20%@1420,100%@1420,4%@1420] EMC_FREQ 0% GR3D_FREQ 0% AUX@46C CPU@47C thermal@46.1C AO@45.5C GPU@46C PMIC@50C
1791265026.523188 10-06-2026 14:37:06 RAM 4101/6833MB (lfb 4x1MB) SWAP 231/3417MB (cached 1MB) CPU [5%@1420,15%@1420,20%@1420,5%@1420,100%@1420,0%@1420] EMC_FREQ 0% GR3D_FREQ 0% AUX@46C CPU@47C thermal@46.3C AO@46C GPU@46C PMIC@50C
1791265026.726524 10-06-2026 14:37:06 RAM 4101/6833MB (lfb 4x1MB) SWAP 231/3417MB (cached 1MB) CPU [9%@1420,10%@1420,0%@1420,4%@1420,100%@1420,0%@1420] EMC_FREQ 0% GR3D_FREQ 0% AUX@45.5C CPU@47C thermal@46.3C AO@46C GPU@46C PMIC@50C
1791265026.929806 10-06-2026 14:37:06 RAM 4101/6833MB (lfb 4x1MB) SWAP 231/3417MB (cached 1MB) CPU [5%@1420,19%@1420,5%@1420,10%@1420,100%@1420,0%@1420] EMC_FREQ 0% GR3D_FREQ 0% AUX@46C CPU@47C thermal@46.3C AO@46C GPU@46C PMIC@50C
1791265027.133065 10-06-2026 14:37:07 RAM 4102/6833MB (lfb 4x1MB) SWAP 231/3417MB (cached 1MB) CPU [5%@1420,0%@1420,5%@1420,5%@1420,100%@1420,0%@1420] EMC_FREQ 0% GR3D_FREQ 0% AUX@46C CPU@47C thermal@46.3C AO@46C GPU@46C PMIC@50C
1791265027.336462 10-06-2026 14:37:07 RAM 4102/6833MB (lfb 4x1MB) SWAP 231/3417MB (cached 1MB) CPU [10%@1420,5%@1420,5%@1420,5%@1420,100%@1420,0%@1420] EMC_FREQ 0% GR3D_FREQ 0% AUX@46C CPU@47C thermal@46.3C AO@46C GPU@46C PMIC@50C
1791265027.539546 10-06-2026 14:37:07 RAM 4102/6833MB (lfb 4x1MB) SWAP 231/3417MB (cached 1MB) CPU [71%@1420,5%@1420,10%@1420,14%@1420,100%@1420,0%@1420] EMC_FREQ 0% GR3D_FREQ 0% AUX@45.5C CPU@47C thermal@46.3C AO@46C GPU@46C PMIC@50C
1791265027.742987 10-06-2026 14:37:07 RAM 3099/6833MB (lfb 40x4MB) SWAP 231/3417MB (cached 1MB) CPU [4%@1420,4%@1420,10%@1420,10%@1420,100%@1420,0%@1420] EMC_FREQ 0% GR3D_FREQ 0% AUX@46C CPU@47C thermal@46.3C AO@46C GPU@46C PMIC@50C
1791265027.946267 10-06-2026 14:37:07 RAM 3099/6833MB (lfb 40x4MB) SWAP 231/3417MB (cached 1MB) CPU [0%@1420,0%@1420,19%@1420,13%@1420,100%@1420,4%@1420] EMC_FREQ 0% GR3D_FREQ 0% AUX@45.5C CPU@47C thermal@46.3C AO@46C GPU@46C PMIC@50C
1791265028.149511 10-06-2026 14:37:08 RAM 3099/6833MB (lfb 40x4MB) SWAP 231/3417MB (cached 1MB) CPU [5%@1420,13%@1420,14%@1420,5%@1420,100%@1420,0%@1420] EMC_FREQ 0% GR3D_FREQ 0% AUX@45.5C CPU@47C thermal@46.3C AO@46C GPU@46C PMIC@50C
1791265028.352775 10-06-2026 14:37:08 RAM 3100/6833MB (lfb 40x4MB) SWAP 231/3417MB (cached 1MB) CPU [10%@1420,14%@1420,5%@1420,5%@1420,100%@1420,4%@1420] EMC_FREQ 0% GR3D_FREQ 0% AUX@45.5C CPU@47C thermal@46.3C AO@46C GPU@46C PMIC@50C
1791265028.555928 10-06-2026 14:37:08 RAM 3126/6833MB (lfb 40x4MB) SWAP 231/3417MB (cached 1MB) CPU [0%@1420,0%@1420,14%@1420,5%@1420,100%@1420,0%@1420] EMC_FREQ 0% GR3D_FREQ 0% AUX@45.5C CPU@47C thermal@46.3C AO@45.5C GPU@46C PMIC@50C
1791265028.759110 10-06-2026 14:37:08 RAM 3157/6833MB (lfb 40x4MB) SWAP 231/3417MB (cached 1MB) CPU [5%@1420,9%@1420,10%@1420,5%@1420,100%@1420,0%@1420] EMC_FREQ 0% GR3D_FREQ 0% AUX@45.5C CPU@47C thermal@46.1C AO@46C GPU@46C PMIC@50C
1791265028.962315 10-06-2026 14:37:08 RAM 3187/6833MB (lfb 40x4MB) SWAP 231/3417MB (cached 1MB) CPU [4%@1420,5%@1420,10%@1420,5%@1420,100%@1420,0%@1420] EMC_FREQ 0% GR3D_FREQ 0% AUX@45.5C CPU@46.5C thermal@46.1C AO@45.5C GPU@45.5C PMIC@50C
1791265029.165518 10-06-2026 14:37:09 RAM 3217/6833MB (lfb 40x4MB) SWAP 231/3417MB (cached 1MB) CPU [5%@1420,5%@1420,10%@1420,4%@1420,100%@1420,0%@1420] EMC_FREQ 0% GR3D_FREQ 0% AUX@45.5C CPU@46.5C thermal@46.1C AO@46C GPU@45.5C PMIC@50C
1791265029.368936 10-06-2026 14:37:09 RAM 3247/6833MB (lfb 40x4MB) SWAP 231/3417MB (cached 1MB) CPU [5%@1420,5%@1420,10%@1420,0%@1420,100%@1420,0%@1420] EMC_FREQ 0% GR3D_FREQ 0% AUX@45.5C CPU@47C thermal@46.1C AO@45.5C GPU@46C PMIC@50C
1791265029.572163 10-06-2026 14:37:09 RAM 3278/6833MB (lfb 40x4MB) SWAP 231/3417MB (cached 1MB) CPU [5%@1420,5%@1420,14%@1420,9%@1420,100%@1420,0%@1420] EMC_FREQ 0% GR3D_FREQ 0% AUX@45.5C CPU@47C thermal@46.1C AO@45.5C GPU@46C PMIC@50C
1791265029.775386 10-06-2026 14:37:09 RAM 3307/6833MB (lfb 40x4MB) SWAP 231/3417MB (cached 1MB) CPU [5%@1420,5%@1420,10%@1420,4%@1420,100%@1420,4%@1420] EMC_FREQ 0% GR3D_FREQ 0% AUX@45.5C CPU@46.5C thermal@45.95C AO@45.5C GPU@46C PMIC@50C
1791265029.978732 10-06-2026 14:37:09 RAM 3335/6833MB (lfb 40x4MB) SWAP 231/3417MB (cached 1MB) CPU [9%@1420,13%@1420,14%@1420,5%@1420,100%@1420,0%@1420] EMC_FREQ 0% GR3D_FREQ 0% AUX@45.5C CPU@47C thermal@45.95C AO@45.5C GPU@46C PMIC@50C
1791265030.181895 10-06-2026 14:37:10 RAM 3361/6833MB (lfb 40x4MB) SWAP 231/3417MB (cached 1MB) CPU [9%@1420,9%@1420,19%@1420,0%@1420,100%@1420,9%@1420] EMC_FREQ 0% GR3D_FREQ 0% AUX@45.5C CPU@47C thermal@45.95C AO@45.5C GPU@46C PMIC@50C
1791265030.385038 10-06-2026 14:37:10 RAM 3388/6833MB (lfb 40x4MB) SWAP 231/3417MB (cached 1MB) CPU [5%@1420,0%@1420,10%@1420,0%@1420,100%@1420,10%@1420] EMC_FREQ 0% GR3D_FREQ 0% AUX@45.5C CPU@47C thermal@45.95C AO@45.5C GPU@46C PMIC@50C
1791265030.588410 10-06-2026 14:37:10 RAM 3416/6833MB (lfb 40x4MB) SWAP 231/3417MB (cached 1MB) CPU [94%@1420,5%@1420,5%@1420,13%@1420,5%@1420,52%@1420] EMC_FREQ 0% GR3D_FREQ 0% AUX@45.5C CPU@46.5C thermal@45.95C AO@46C GPU@45.5C PMIC@50C
1791265030.791658 10-06-2026 14:37:10 RAM 3442/6833MB (lfb 40x4MB) SWAP 231/3417MB (cached 1MB) CPU [100%@1420,9%@1420,17%@1420,5%@1420,4%@1420,0%@1420] EMC_FREQ 0% GR3D_FREQ 0% AUX@45.5C CPU@46.5C thermal@45.95C AO@46C GPU@46C PMIC@50C
1791265030.994936 10-06-2026 14:37:10 RAM 3470/6833MB (lfb 40x4MB) SWAP 231/3417MB (cached 1MB) CPU [100%@1420,5%@1420,10%@1420,5%@1420,0%@1420,4%@1420] EMC_FREQ 0% GR3D_FREQ 0% AUX@45.5C CPU@46.5C thermal@45.8C AO@45.5C GPU@45.5C PMIC@50C
1791265031.198302 10-06-2026 14:37:11 RAM 3547/6833MB (lfb 24x4MB) SWAP 231/3417MB (cached 1MB) CPU [100%@1420,10%@1420,5%@1420,14%@1420,9%@1420,4%@1420] EMC_FREQ 0% GR3D_FREQ 0% AUX@45.5C CPU@46.5C thermal@45.8C AO@45.5C GPU@45.5C PMIC@50C
1791265031.401735 10-06-2026 14:37:11 RAM 3575/6833MB (lfb 17x4MB) SWAP 231/3417MB (cached 1MB) CPU [100%@1420,0%@1420,0%@1420,0%@1420,0%@1420,0%@1420] EMC_FREQ 0% GR3D_FREQ 0% AUX@45.5C CPU@46.5C thermal@45.8C AO@45.5C GPU@45.5C PMIC@50C
1791265031.605037 10-06-2026 14:37:11 RAM 3575/6833MB (lfb 17x4MB) SWAP 231/3417MB (cached 1MB) CPU [100%@1420,9%@1420,5%@1420,10%@1420,0%@1420,0%@1420] EMC_FREQ 0% GR3D_FREQ 0% AUX@45.5C CPU@46.5C thermal@45.8C AO@45.5C GPU@45.5C PMIC@50C
1791265031.808671 10-06-2026 14:37:11 RAM 3579/6833MB (lfb 16x4MB) SWAP 231/3417MB (cached 1MB) CPU [100%@1420,5%@1420,13%@1420,18%@1420,0%@1420,5%@1420] EMC_FREQ 0% GR3D_FREQ 0% AUX@45.5C CPU@46.5C thermal@45.8C AO@45.5C GPU@45.5C PMIC@50C
1791265032.012086 10-06-2026 14:37:12 RAM 3579/6833MB (lfb 16x4MB) SWAP 231/3417MB (cached 1MB) CPU [100%@1420,4%@1420,0%@1420,10%@1420,5%@1420,5%@1420] EMC_FREQ 0% GR3D_FREQ 0% AUX@45.5C CPU@46.5C thermal@45.8C AO@45.5C GPU@45.5C PMIC@50C
1791265032.215267 10-06-2026 14:37:12 RAM 3579/6833MB (lfb 16x4MB) SWAP 231/3417MB (cached 1MB) CPU [100%@1420,9%@1420,0%@1420,13%@1420,0%@1420,4%@1420] EMC_FREQ 0% GR3D_FREQ 0% AUX@45.5C CPU@46.5C thermal@45.8C AO@45.5C GPU@45.5C PMIC@50C
1791265032.418444 10-06-2026 14:37:12 RAM 3579/6833MB (lfb 16x4MB) SWAP 231/3417MB (cached 1MB) CPU [100%@1420,5%@1420,13%@1420,5%@1420,0%@1420,5%@1420] EMC_FREQ 0% GR3D_FREQ 0% AUX@45.5C CPU@46.5C thermal@45.8C AO@45.5C GPU@45.5C PMIC@50C
1791265032.621725 10-06-2026 14:37:12 RAM 3579/6833MB (lfb 16x4MB) SWAP 231/3417MB (cached 1MB) CPU [100%@1420,5%@1420,5%@1420,10%@1420,4%@1420,0%@1420] EMC_FREQ 0% GR3D_FREQ 0% AUX@45.5C CPU@46.5C thermal@45.8C AO@45.5C GPU@45.5C PMIC@50C
1791265032.825072 10-06-2026 14:37:12 RAM 3579/6833MB (lfb 16x4MB) SWAP 231/3417MB (cached 1MB) CPU [22%@1420,65%@1420,80%@1420,5%@1420,0%@1420,5%@1420] EMC_FREQ 0% GR3D_FREQ 0% AUX@45.5C CPU@46.5C thermal@45.8C AO@45.5C GPU@46C PMIC@50C
1791265033.028627 10-06-2026 14:37:13 RAM 3579/6833MB (lfb 16x4MB) SWAP 231/3417MB (cached 1MB) CPU [9%@1420,4%@1420,100%@1420,14%@1420,0%@1420,5%@1420] EMC_FREQ 0% GR3D_FREQ 0% AUX@45.5C CPU@46.5C thermal@45.8C AO@45.5C GPU@45.5C PMIC@50C
1791265033.231774 10-06-2026 14:37:13 RAM 3579/6833MB (lfb 16x4MB) SWAP 231/3417MB (cached 1MB) CPU [9%@1420,0%@1420,100%@1420,5%@1420,17%@1420,9%@1420] EMC_FREQ 0% GR3D_FREQ 0% AUX@45.5C CPU@46C thermal@45.8C AO@45.5C GPU@45.5C PMIC@50C
1791265033.435012 10-06-2026 14:37:13 RAM 3579/6833MB (lfb 16x4MB) SWAP 231/3417MB (cached 1MB) CPU [0%@1420,4%@1420,100%@1420,5%@1420,0%@1420,4%@1420] EMC_FREQ 0% GR3D_FREQ 0% AUX@45.5C CPU@46.5C thermal@45.8C AO@45C GPU@45.5C PMIC@50C
1791265033.638513 10-06-2026 14:37:13 RAM 3579/6833MB (lfb 16x4MB) SWAP 231/3417MB (cached 1MB) CPU [5%@1420,5%@1420,100%@1420,0%@1420,10%@1420,5%@1420] EMC_FREQ 0% GR3D_FREQ 0% AUX@45.5C CPU@46.5C thermal@45.8C AO@45.5C GPU@45.5C PMIC@50C
1791265033.842785 10-06-2026 14:37:13 RAM 3579/6833MB (lfb 16x4MB) SWAP 231/3417MB (cached 1MB) CPU [36%@1420,22%@1420,80%@1420,45%@1420,30%@1420,26%@1420] EMC_FREQ 0% GR3D_FREQ 0% AUX@45.5C CPU@47C thermal@45.8C AO@45.5C GPU@45.5C PMIC@50C
1791265034.046386 10-06-2026 14:37:14 RAM 3103/6833MB (lfb 38x4MB) SWAP 231/3417MB (cached 1MB) CPU [5%@1420,5%@1420,5%@1420,100%@1420,10%@1420,5%@1420] EMC_FREQ 0% GR3D_FREQ 0% AUX@45.5C CPU@46.5C thermal@45.8C AO@45.5C GPU@45.5C PMIC@50C
1791265034.249561 10-06-2026 14:37:14 RAM 3101/6833MB (lfb 38x4MB) SWAP 231/3417MB (cached 1MB) CPU [5%@1420,4%@1420,0%@1420,90%@1420,9%@1420,10%@1420] EMC_FREQ 0% GR3D_FREQ 0% AUX@45.5C CPU@46.5C thermal@45.6C AO@45.5C GPU@45.5C PMIC@50C
1791265034.453052 10-06-2026 14:37:14 RAM 3102/6833MB (lfb 38x4MB) SWAP 231/3417MB (cached 1MB) CPU [5%@1420,5%@1420,71%@1420,20%@1420,10%@1420,9%@1420] EMC_FREQ 0% GR3D_FREQ 0% AUX@45.5C CPU@46.5C thermal@45.6C AO@45.5C GPU@45.5C PMIC@50C
1791265034.656647 10-06-2026 14:37:14 RAM 3102/6833MB (lfb 38x4MB) SWAP 231/3417MB (cached 1MB) CPU [5%@1420,0%@1420,10%@1420,78%@1420,5%@1420,10%@1420] EMC_FREQ 0% GR3D_FREQ 0% AUX@45C CPU@46.5C thermal@45.6C AO@45.5C GPU@45.5C PMIC@50C
1791265034.860349 10-06-2026 14:37:14 RAM 3102/6833MB (lfb 38x4MB) SWAP 231/3417MB (cached 1MB) CPU [10%@1420,0%@1420,75%@1420,15%@1420,5%@1420,14%@1420] EMC_FREQ 0% GR3D_FREQ 0% AUX@45C CPU@46C thermal@45.6C AO@45.5C GPU@45.5C PMIC@50C
1791265035.063736 10-06-2026 14:37:15 RAM 3101/6833MB (lfb 38x4MB) SWAP 231/3417MB (cached 1MB) CPU [0%@1420,5%@1420,14%@1420,66%@1420,9%@1420,10%@1420] EMC_FREQ 0% GR3D_FREQ 0% AUX@45.5C CPU@46.5C thermal@45.6C AO@45.5C GPU@45.5C PMIC@50C
1791265035.267114 10-06-2026 14:37:15 RAM 3101/6833MB (lfb 38x4MB) SWAP 231/3417MB (cached 1MB) CPU [9%@1420,17%@1420,63%@1420,38%@1420,0%@1420,10%@1420] EMC_FREQ 0% GR3D_FREQ 0% AUX@45.5C CPU@46.5C thermal@45.6C AO@45.5C GPU@45.5C PMIC@50C
1791265035.470634 10-06-2026 14:37:15 RAM 3102/6833MB (lfb 38x4MB) SWAP 231/3417MB (cached 1MB) CPU [22%@1420,50%@1420,36%@1420,5%@1420,9%@1420,0%@1420] EMC_FREQ 0% GR3D_FREQ 0% AUX@45.5C CPU@46.5C thermal@45.5C AO@45.5C GPU@45C PMIC@50C
1791265035.673903 10-06-2026 14:37:15 RAM 3102/6833MB (lfb 38x4MB) SWAP 231/3417MB (cached 1MB) CPU [21%@1420,9%@1420,5%@1420,0%@1420,14%@1420,65%@1420] EMC_FREQ 0% GR3D_FREQ 12% AUX@45.5C CPU@46C thermal@45.5C AO@45C GPU@45.5C PMIC@50C
1791265035.880013 10-06-2026 14:37:15 RAM 3102/6833MB (lfb 38x4MB) SWAP 231/3417MB (cached 1MB) CPU [9%@1420,89%@1420,0%@1420,4%@1420,0%@1420,9%@1420] EMC_FREQ 0% GR3D_FREQ 0% AUX@45.5C CPU@46C thermal@45.5C AO@45.5C GPU@45.5C PMIC@50C
1791265036.081827 10-06-2026 14:37:16 RAM 3102/6833MB (lfb 38x4MB) SWAP 231/3417MB (cached 1MB) CPU [80%@1420,19%@1420,5%@1420,4%@1420,9%@1420,10%@1420] EMC_FREQ 0% GR3D_FREQ 0% AUX@45C CPU@46C thermal@45.5C AO@45.5C GPU@45.5C PMIC@50C
1791265036.287990 10-06-2026 14:37:16 RAM 3102/6833MB (lfb 38x4MB) SWAP 231/3417MB (cached 1MB) CPU [5%@1420,90%@1420,9%@1420,0%@1420,0%@1420,5%@1420] EMC_FREQ 0% GR3D_FREQ 21% AUX@45C CPU@46.5C thermal@45.5C AO@45C GPU@45.5C PMIC@50C
1791265036.488468 10-06-2026 14:37:16 RAM 3102/6833MB (lfb 38x4MB) SWAP 231/3417MB (cached 1MB) CPU [21%@1420,60%@1420,13%@1420,9%@1420,9%@1420,18%@1420] EMC_FREQ 0% GR3D_FREQ 0% AUX@45C CPU@46.5C thermal@45.6C AO@45.5C GPU@45.5C PMIC@50C
1791265036.692476 10-06-2026 14:37:16 RAM 3102/6833MB (lfb 38x4MB) SWAP 231/3417MB (cached 1MB) CPU [85%@1420,10%@1420,10%@1420,9%@1420,0%@1420,10%@1420] EMC_FREQ 0% GR3D_FREQ 21% AUX@45C CPU@46.5C thermal@45.6C AO@45C GPU@45.5C PMIC@50C
1791265036.896698 10-06-2026 14:37:16 RAM 3102/6833MB (lfb 38x4MB) SWAP 231/3417MB (cached 1MB) CPU [85%@1420,14%@1420,5%@1420,0%@1420,5%@1420,10%@1420] EMC_FREQ 0% GR3D_FREQ 7% AUX@45C CPU@46.5C thermal@45.6C AO@45.5C GPU@45C PMIC@50C
1791265037.100566 10-06-2026 14:37:17 RAM 3102/6833MB (lfb 38x4MB) SWAP 231/3417MB (cached 1MB) CPU [85%@1420,10%@1420,9%@1420,9%@1420,0%@1420,9%@1420] EMC_FREQ 0% GR3D_FREQ 17% AUX@45C CPU@46C thermal@45.6C AO@45C GPU@45.5C PMIC@50C
1791265037.303941 10-06-2026 14:37:17 RAM 3102/6833MB (lfb 38x4MB) SWAP 231/3417MB (cached 1MB) CPU [21%@1420,65%@1420,0%@1420,0%@1420,5%@1420,10%@1420] EMC_FREQ 0% GR3D_FREQ 17% AUX@45C CPU@46C thermal@45.6C AO@45C GPU@45.5C PMIC@50C
1791265037.507975 10-06-2026 14:37:17 RAM 3102/6833MB (lfb 38x4MB) SWAP 231/3417MB (cached 1MB) CPU [31%@1420,66%@1420,0%@1420,5%@1420,10%@1420,9%@1420] EMC_FREQ 0% GR3D_FREQ 0% AUX@45C CPU@46C thermal@45.6C AO@45C GPU@45.5C PMIC@50C
1791265037.712025 10-06-2026 14:37:17 RAM 3178/6833MB (lfb 38x4MB) SWAP 231/3417MB (cached 1MB) CPU [50%@1420,50%@1420,0%@1420,5%@1420,9%@1420,5%@1420] EMC_FREQ 0% GR3D_FREQ 0% AUX@45C CPU@46C thermal@45.45C AO@45C GPU@45.5C PMIC@50C
1791265037.913637 10-06-2026 14:37:17 RAM 3270/6833MB (lfb 38x4MB) SWAP 231/3417MB (cached 1MB) CPU [9%@1420,80%@1420,5%@1420,5%@1420,14%@1420,13%@1420] EMC_FREQ 0% GR3D_FREQ 0% AUX@45C CPU@46C thermal@45.45C AO@45C GPU@45.5C PMIC@50C
1791265038.117472 10-06-2026 14:37:18 RAM 3271/6833MB (lfb 38x4MB) SWAP 231/3417MB (cached 1MB) CPU [38%@1420,65%@1420,9%@1420,5%@1420,9%@1420,5%@1420] EMC_FREQ 0% GR3D_FREQ 0% AUX@45C CPU@46C thermal@45.45C AO@45.5C GPU@45.5C PMIC@50C
1791265038.320935 10-06-2026 14:37:18 RAM 3271/6833MB (lfb 38x4MB) SWAP 231/3417MB (cached 1MB) CPU [68%@1420,30%@1420,0%@1420,5%@1420,5%@1420,5%@1420] EMC_FREQ 0% GR3D_FREQ 0% AUX@45C CPU@46C thermal@45.45C AO@45C GPU@45.5C PMIC@50C
1791265038.525609 10-06-2026 14:37:18 RAM 3338/6833MB (lfb 38x4MB) SWAP 231/3417MB (cached 1MB) CPU [5%@1420,83%@1420,10%@1420,0%@1420,13%@1420,5%@1420] EMC_FREQ 0% GR3D_FREQ 35% AUX@45C CPU@46C thermal@45.45C AO@45C GPU@45.5C PMIC@50C
1791265038.729154 10-06-2026 14:37:18 RAM 3435/6833MB (lfb 16x4MB) SWAP 231/3417MB (cached 1MB) CPU [0%@1420,87%@1420,15%@1420,17%@1420,0%@1420,0%@1420] EMC_FREQ 0% GR3D_FREQ 0% AUX@45C CPU@46C thermal@45.45C AO@45C GPU@45.5C PMIC@50C
1791265038.933075 10-06-2026 14:37:18 RAM 3268/6833MB (lfb 16x4MB) SWAP 231/3417MB (cached 1MB) CPU [0%@1420,100%@1420,10%@1420,5%@1420,5%@1420,5%@1420] EMC_FREQ 0% GR3D_FREQ 0% AUX@45C CPU@46C thermal@45.45C AO@45C GPU@45C PMIC@50C
1791265039.136609 10-06-2026 14:37:19 RAM 3268/6833MB (lfb 16x4MB) SWAP 231/3417MB (cached 1MB) CPU [13%@1420,95%@1420,13%@1420,9%@1420,0%@1420,5%@1420] EMC_FREQ 0% GR3D_FREQ 0% AUX@45C CPU@46C thermal@45.45C AO@45C GPU@45C PMIC@50C
1791265039.340346 10-06-2026 14:37:19 RAM 3268/6833MB (lfb 16x4MB) SWAP 231/3417MB (cached 1MB) CPU [100%@1420,5%@1420,5%@1420,0%@1420,0%@1420,4%@1420] EMC_FREQ 0% GR3D_FREQ 0% AUX@45C CPU@46C thermal@45.45C AO@45C GPU@45C PMIC@50C
1791265039.547971 10-06-2026 14:37:19 RAM 3268/6833MB (lfb 16x4MB) SWAP 231/3417MB (cached 1MB) CPU [95%@1420,4%@1420,5%@1420,5%@1420,9%@1420,9%@1420] EMC_FREQ 0% GR3D_FREQ 0% AUX@45C CPU@46C thermal@45.45C AO@45C GPU@45C PMIC@50C
1791265039.747509 10-06-2026 14:37:19 RAM 3268/6833MB (lfb 16x4MB) SWAP 231/3417MB (cached 1MB) CPU [15%@1420,75%@1420,5%@1420,5%@1420,5%@1420,0%@1420] EMC_FREQ 0% GR3D_FREQ 14% AUX@45C CPU@46C thermal@45.45C AO@45C GPU@45C PMIC@50C
1791265039.951999 10-06-2026 14:37:19 RAM 3267/6833MB (lfb 16x4MB) SWAP 231/3417MB (cached 1MB) CPU [0%@1420,90%@1420,9%@1420,14%@1420,4%@1420,5%@1420] EMC_FREQ 0% GR3D_FREQ 0% AUX@45C CPU@46C thermal@45.3C AO@45C GPU@45C PMIC@50C
1791265040.153933 10-06-2026 14:37:20 RAM 3267/6833MB (lfb 16x4MB) SWAP 231/3417MB (cached 1MB) CPU [50%@1420,45%@1420,4%@1420,10%@1420,5%@1420,4%@1420] EMC_FREQ 0% GR3D_FREQ 13% AUX@45C CPU@46C thermal@45.3C AO@45C GPU@45C PMIC@50C
1791265040.357532 10-06-2026 14:37:20 RAM 3267/6833MB (lfb 16x4MB) SWAP 231/3417MB (cached 1MB) CPU [70%@1420,28%@1420,14%@1420,9%@1420,5%@1420,0%@1420] EMC_FREQ 0% GR3D_FREQ 8% AUX@45C CPU@46C thermal@45.3C AO@45C GPU@45C PMIC@50C
1791265040.563951 10-06-2026 14:37:20 RAM 3269/6833MB (lfb 16x4MB) SWAP 231/3417MB (cached 1MB) CPU [0%@1420,95%@1420,14%@1420,9%@1420,5%@1420,9%@1420] EMC_FREQ 0% GR3D_FREQ 0% AUX@44.5C CPU@46C thermal@45.3C AO@45C GPU@45C PMIC@50C
1791265040.764673 10-06-2026 14:37:20 RAM 3285/6833MB (lfb 16x4MB) SWAP 231/3417MB (cached 1MB) CPU [30%@1420,57%@1420,10%@1420,14%@1420,0%@1420,0%@1420] EMC_FREQ 0% GR3D_FREQ 0% AUX@45C CPU@45.5C thermal@45.3C AO@45C GPU@45C PMIC@50C
1791265040.968172 10-06-2026 14:37:20 RAM 3289/6833MB (lfb 16x4MB) SWAP 231/3417MB (cached 1MB) CPU [20%@1420,70%@1420,10%@1420,5%@1420,0%@1420,0%@1420] EMC_FREQ 0% GR3D_FREQ 0% AUX@45C CPU@45.5C thermal@45.3C AO@45C GPU@45C PMIC@50C
1791265041.171515 10-06-2026 14:37:21 RAM 3299/6833MB (lfb 16x4MB) SWAP 231/3417MB (cached 1MB) CPU [23%@1420,59%@1420,0%@1420,10%@1420,9%@1420,4%@1420] EMC_FREQ 0% GR3D_FREQ 0% AUX@45C CPU@46C thermal@45.3C AO@45C GPU@45C PMIC@50C
1791265041.374835 10-06-2026 14:37:21 RAM 3299/6833MB (lfb 16x4MB) SWAP 231/3417MB (cached 1MB) CPU [14%@1420,100%@1420,10%@1420,5%@1420,0%@1420,0%@1420] EMC_FREQ 0% GR3D_FREQ 0% AUX@45C CPU@46C thermal@45.3C AO@45C GPU@45C PMIC@50C
1791265041.578807 10-06-2026 14:37:21 RAM 3299/6833MB (lfb 16x4MB) SWAP 231/3417MB (cached 1MB) CPU [5%@1420,100%@1420,9%@1420,5%@1420,4%@1420,0%@1420] EMC_FREQ 0% GR3D_FREQ 6% AUX@45C CPU@46C thermal@45.3C AO@45C GPU@45C PMIC@50C
1791265041.782054 10-06-2026 14:37:21 RAM 3299/6833MB (lfb 16x4MB) SWAP 231/3417MB (cached 1MB) CPU [9%@1420,100%@1420,5%@1420,15%@1420,0%@1420,4%@1420] EMC_FREQ 0% GR3D_FREQ 0% AUX@45C CPU@46C thermal@45.3C AO@45C GPU@45C PMIC@50C
1791265041.985405 10-06-2026 14:37:21 RAM 3299/6833MB (lfb 16x4MB) SWAP 231/3417MB (cached 1MB) CPU [0%@1420,100%@1420,0%@1420,14%@1420,0%@1420,9%@1420] EMC_FREQ 0% GR3D_FREQ 0% AUX@45C CPU@46C thermal@45.3C AO@45C GPU@45C PMIC@50C
1791265042.188849 10-06-2026 14:37:22 RAM 3299/6833MB (lfb 16x4MB) SWAP 231/3417MB (cached 1MB) CPU [5%@1420,100%@1420,5%@1420,10%@1420,0%@1420,0%@1420] EMC_FREQ 0% GR3D_FREQ 0% AUX@45C CPU@46C thermal@45.3C AO@45C GPU@45C PMIC@50C
1791265042.392095 10-06-2026 14:37:22 RAM 3299/6833MB (lfb 16x4MB) SWAP 231/3417MB (cached 1MB) CPU [0%@1420,100%@1420,9%@1420,14%@1420,5%@1420,5%@1420] EMC_FREQ 0% GR3D_FREQ 0% AUX@44.5C CPU@46C thermal@45.3C AO@45C GPU@45C PMIC@50C
1791265042.595140 10-06-2026 14:37:22 RAM 3299/6833MB (lfb 16x4MB) SWAP 231/3417MB (cached 1MB) CPU [5%@1420,100%@1420,19%@1420,4%@1420,4%@1420,0%@1420] EMC_FREQ 0% GR3D_FREQ 0% AUX@44.5C CPU@46C thermal@45.3C AO@45C GPU@44.5C PMIC@50C
1791265042.798486 10-06-2026 14:37:22 RAM 3300/6833MB (lfb 16x4MB) SWAP 231/3417MB (cached 1MB) CPU [10%@1420,20%@1420,80%@1420,9%@1420,10%@1420,5%@1420] EMC_FREQ 0% GR3D_FREQ 0% AUX@44.5C CPU@46C thermal@45.3C AO@45C GPU@45C PMIC@50C
1791265043.002239 10-06-2026 14:37:22 RAM 3300/6833MB (lfb 16x4MB) SWAP 231/3417MB (cached 1MB) CPU [10%@1420,5%@1420,95%@1420,5%@1420,0%@1420,5%@1420] EMC_FREQ 0% GR3D_FREQ 3% AUX@44.5C CPU@46C thermal@45.3C AO@45C GPU@45C PMIC@50C
1791265043.205581 10-06-2026 14:37:23 RAM 3300/6833MB (lfb 16x4MB) SWAP 231/3417MB (cached 1MB) CPU [15%@1420,9%@1420,100%@1420,5%@1420,9%@1420,65%@1420] EMC_FREQ 0% GR3D_FREQ 0% AUX@45C CPU@46C thermal@45.3C AO@45C GPU@45C PMIC@50C
1791265043.408882 10-06-2026 14:37:23 RAM 3300/6833MB (lfb 16x4MB) SWAP 231/3417MB (cached 1MB) CPU [14%@1420,13%@1420,100%@1420,0%@1420,0%@1420,0%@1420] EMC_FREQ 0% GR3D_FREQ 0% AUX@45C CPU@46C thermal@45.3C AO@45C GPU@45C PMIC@50C
1791265043.612295 10-06-2026 14:37:23 RAM 3300/6833MB (lfb 16x4MB) SWAP 231/3417MB (cached 1MB) CPU [15%@1420,0%@1420,36%@1420,0%@1420,60%@1420,5%@1420] EMC_FREQ 0% GR3D_FREQ 0% AUX@45C CPU@46C thermal@45.3C AO@45C GPU@45C PMIC@50C
1791265043.815845 10-06-2026 14:37:23 RAM 3300/6833MB (lfb 16x4MB) SWAP 231/3417MB (cached 1MB) CPU [21%@1190,33%@1420,14%@1420,19%@1420,15%@1420,22%@1420] EMC_FREQ 0% GR3D_FREQ 99% AUX@45C CPU@45.5C thermal@45.3C AO@45C GPU@45.5C PMIC@50C
1791265044.019147 10-06-2026 14:37:24 RAM 3300/6833MB (lfb 16x4MB) SWAP 231/3417MB (cached 1MB) CPU [10%@1420,14%@1420,4%@1420,47%@1420,5%@1420,0%@1420] EMC_FREQ 0% GR3D_FREQ 0% AUX@45C CPU@46C thermal@45.3C AO@45C GPU@45.5C PMIC@50C
1791265044.222533 10-06-2026 14:37:24 RAM 3308/6833MB (lfb 16x4MB) SWAP 231/3417MB (cached 1MB) CPU [5%@1420,9%@1420,71%@1420,25%@1420,5%@1420,4%@1420] EMC_FREQ 0% GR3D_FREQ 0% AUX@45C CPU@45.5C thermal@45.3C AO@45C GPU@45C PMIC@50C
1791265044.425773 10-06-2026 14:37:24 RAM 3314/6833MB (lfb 16x4MB) SWAP 231/3417MB (cached 1MB) CPU [17%@1420,4%@1420,20%@1420,75%@1420,9%@1420,10%@1420] EMC_FREQ 0% GR3D_FREQ 0% AUX@44.5C CPU@45.5C thermal@45.3C AO@45C GPU@45C PMIC@50C
1791265044.629007 10-06-2026 14:37:24 RAM 3329/6833MB (lfb 16x4MB) SWAP 231/3417MB (cached 1MB) CPU [5%@1420,83%@1420,4%@1420,15%@1420,5%@1420,5%@1420] EMC_FREQ 0% GR3D_FREQ 0% AUX@45C CPU@46C thermal@45.3C AO@45C GPU@45C PMIC@50C
1791265044.832320 10-06-2026 14:37:24 RAM 3345/6833MB (lfb 16x4MB) SWAP 231/3417MB (cached 1MB) CPU [30%@1420,52%@1420,21%@1420,4%@1420,14%@1420,9%@1420] EMC_FREQ 0% GR3D_FREQ 1% AUX@44.5C CPU@45.5C thermal@45.3C AO@44.5C GPU@45C PMIC@50C
1791265045.035523 10-06-2026 14:37:25 RAM 3392/6833MB (lfb 16x4MB) SWAP 231/3417MB (cached 1MB) CPU [0%@1420,9%@1420,100%@1420,9%@1420,10%@1420,5%@1420] EMC_FREQ 0% GR3D_FREQ 1% AUX@44.5C CPU@45.5C thermal@45.3C AO@45C GPU@45C PMIC@50C
1791265045.238789 10-06-2026 14:37:25 RAM 3427/6833MB (lfb 16x4MB) SWAP 231/3417MB (cached 1MB) CPU [5%@1420,5%@1420,5%@1420,90%@1420,5%@1420,5%@1420] EMC_FREQ 0% GR3D_FREQ 0% AUX@44.5C CPU@46C thermal@45.3C AO@45C GPU@45C PMIC@50C
1791265045.442013 10-06-2026 14:37:25 RAM 3461/6833MB (lfb 16x4MB) SWAP 231/3417MB (cached 1MB) CPU [13%@1420,5%@1420,60%@1420,40%@1420,9%@1420,4%@1420] EMC_FREQ 0% GR3D_FREQ 0% AUX@44.5C CPU@45.5C thermal@44.95C AO@45C GPU@45C PMIC@50C
1791265045.645184 10-06-2026 14:37:25 RAM 3511/6833MB (lfb 16x4MB) SWAP 231/3417MB (cached 1MB) CPU [5%@1420,5%@1420,100%@1420,4%@1420,10%@1420,5%@1420] EMC_FREQ 0% GR3D_FREQ 0% AUX@44.5C CPU@45.5C thermal@44.95C AO@45C GPU@45C PMIC@50C
1791265045.848286 10-06-2026 14:37:25 RAM 3573/6833MB (lfb 16x4MB) SWAP 231/3417MB (cached 1MB) CPU [5%@1420,5%@1420,100%@1420,0%@1420,14%@1420,9%@1420] EMC_FREQ 0% GR3D_FREQ 0% AUX@44.5C CPU@46C thermal@44.95C AO@45C GPU@45C PMIC@50C
1791265046.051528 10-06-2026 14:37:26 RAM 3582/6833MB (lfb 16x4MB) SWAP 231/3417MB (cached 1MB) CPU [5%@1420,5%@1420,57%@1420,30%@1420,15%@1420,0%@1420] EMC_FREQ 0% GR3D_FREQ 0% AUX@44.5C CPU@46C thermal@44.95C AO@45C GPU@45C PMIC@50C
1791265046.254925 10-06-2026 14:37:26 RAM 3583/6833MB (lfb 16x4MB) SWAP 231/3417MB (cached 1MB) CPU [10%@1420,5%@1420,0%@1420,85%@1420,5%@1420,5%@1420] EMC_FREQ 0% GR3D_FREQ 0% AUX@45C CPU@46C thermal@44.95C AO@45C GPU@45C PMIC@50C
1791265046.458091 10-06-2026 14:37:26 RAM 3585/6833MB (lfb 16x4MB) SWAP 231/3417MB (cached 1MB) CPU [9%@1420,9%@1420,0%@1420,100%@1420,14%@1420,10%@1420] EMC_FREQ 0% GR3D_FREQ 0% AUX@45C CPU@46C thermal@44.95C AO@44.5C GPU@45C PMIC@50C
1791265046.661761 10-06-2026 14:37:26 RAM 3664/6833MB (lfb 16x4MB) SWAP 231/3417MB (cached 1MB) CPU [5%@1420,100%@1420,4%@1420,0%@1420,14%@1420,5%@1420] EMC_FREQ 0% GR3D_FREQ 0% AUX@44.5C CPU@46C thermal@44.95C AO@45C GPU@45C PMIC@50C
1791265046.865133 10-06-2026 14:37:26 RAM 3679/6833MB (lfb 16x4MB) SWAP 231/3417MB (cached 1MB) CPU [10%@1420,95%@1420,4%@1420,0%@1420,10%@1420,14%@1420] EMC_FREQ 0% GR3D_FREQ 0% AUX@44.5C CPU@45.5C thermal@44.95C AO@44.5C GPU@45C PMIC@50C
1791265047.068688 10-06-2026 14:37:27 RAM 3691/6833MB (lfb 16x4MB) SWAP 231/3417MB (cached 1MB) CPU [70%@1420,27%@1420,0%@1420,4%@1420,18%@1420,14%@1420] EMC_FREQ 0% GR3D_FREQ 0% AUX@44.5C CPU@45.5C thermal@44.95C AO@45C GPU@45C PMIC@50C
1791265047.271903 10-06-2026 14:37:27 RAM 3713/6833MB (lfb 16x4MB) SWAP 231/3417MB (cached 1MB) CPU [21%@1420,78%@1420,4%@1420,0%@1420,5%@1420,14%@1420] EMC_FREQ 0% GR3D_FREQ 0% AUX@44.5C CPU@45.5C thermal@44.95C AO@44.5C GPU@45C PMIC@50C
1791265047.475001 10-06-2026 14:37:27 RAM 3769/6833MB (lfb 16x4MB) SWAP 231/3417MB (cached 1MB) CPU [95%@1420,5%@1420,0%@1420,5%@1420,5%@1420,10%@1420] EMC_FREQ 0% GR3D_FREQ 0% AUX@45C CPU@45.5C thermal@44.95C AO@44.5C GPU@45C PMIC@50C
1791265047.678450 10-06-2026 14:37:27 RAM 3801/6833MB (lfb 14x4MB) SWAP 231/3417MB (cached 1MB) CPU [50%@1420,50%@1420,5%@1420,0%@1420,0%@1420,15%@1420] EMC_FREQ 0% GR3D_FREQ 0% AUX@45C CPU@45.5C thermal@44.95C AO@44.5C GPU@45C PMIC@50C
1791265047.881662 10-06-2026 14:37:27 RAM 3842/6833MB (lfb 6x4MB) SWAP 231/3417MB (cached 1MB) CPU [0%@1420,100%@1420,0%@1420,9%@1420,4%@1420,14%@1420] EMC_FREQ 0% GR3D_FREQ 0% AUX@45C CPU@45.5C thermal@44.95C AO@44.5C GPU@45C PMIC@50C
1791265048.085366 10-06-2026 14:37:28 RAM 3894/6833MB (lfb 1x4MB) SWAP 231/3417MB (cached 1MB) CPU [5%@1420,100%@1420,0%@1420,5%@1420,0%@1420,10%@1420] EMC_FREQ 0% GR3D_FREQ 1% AUX@44.5C CPU@45.5C thermal@44.95C AO@44.5C GPU@45C PMIC@50C
1791265048.288886 10-06-2026 14:37:28 RAM 3944/6833MB (lfb 1x4MB) SWAP 231/3417MB (cached 1MB) CPU [9%@1420,95%@1420,4%@1420,9%@1420,0%@1420,5%@1420] EMC_FREQ 0% GR3D_FREQ 2% AUX@44.5C CPU@45.5C thermal@44.95C AO@44.5C GPU@45C PMIC@50C
1791265048.492378 10-06-2026 14:37:28 RAM 3976/6833MB (lfb 1x4MB) SWAP 231/3417MB (cached 1MB) CPU [10%@1420,80%@1420,10%@1420,5%@1420,14%@1420,73%@1420] EMC_FREQ 0% GR3D_FREQ 3% AUX@44.5C CPU@45.5C thermal@44.95C AO@44.5C GPU@45C PMIC@50C
1791265048.696269 10-06-2026 14:37:28 RAM 3992/6833MB (lfb 1x4MB) SWAP 231/3417MB (cached 1MB) CPU [40%@1420,59%@1420,4%@1420,5%@1420,4%@1420,9%@1420] EMC_FREQ 0% GR3D_FREQ 2% AUX@44.5C CPU@45.5C thermal@44.95C AO@44.5C GPU@44.5C PMIC@50C
1791265048.899468 10-06-2026 14:37:28 RAM 3993/6833MB (lfb 1x4MB) SWAP 231/3417MB (cached 1MB) CPU [20%@1420,5%@1420,5%@1420,85%@1420,5%@1420,15%@1420] EMC_FREQ 0% GR3D_FREQ 0% AUX@44.5C CPU@45.5C thermal@44.95C AO@44.5C GPU@44.5C PMIC@50C
1791265049.102930 10-06-2026 14:37:29 RAM 3996/6833MB (lfb 1x4MB) SWAP 231/3417MB (cached 1MB) CPU [13%@1420,0%@1420,5%@1420,95%@1420,0%@1420,15%@1420] EMC_FREQ 0% GR3D_FREQ 0% AUX@44.5C CPU@45.5C thermal@44.95C AO@44.5C GPU@45C PMIC@50C
1791265049.306065 10-06-2026 14:37:29 RAM 3998/6833MB (lfb 1x4MB) SWAP 231/3417MB (cached 1MB) CPU [5%@1420,13%@1420,9%@1420,95%@1420,5%@1420,14%@1420] EMC_FREQ 0% GR3D_FREQ 0% AUX@44.5C CPU@45.5C thermal@44.95C AO@44.5C GPU@45C PMIC@50C
1791265049.509318 10-06-2026 14:37:29 RAM 3999/6833MB (lfb 1x4MB) SWAP 231/3417MB (cached 1MB) CPU [0%@1420,5%@1420,0%@1420,95%@1420,4%@1420,0%@1420] EMC_FREQ 0% GR3D_FREQ 0% AUX@44.5C CPU@45.5C thermal@44.95C AO@44.5C GPU@45C PMIC@50C
1791265049.712545 10-06-2026 14:37:29 RAM 4000/6833MB (lfb 1x4MB) SWAP 231/3417MB (cached 1MB) CPU [5%@1420,5%@1420,5%@1420,95%@1420,0%@1420,13%@1420] EMC_FREQ 0% GR3D_FREQ 0% AUX@44.5C CPU@45.5C thermal@44.95C AO@44.5C GPU@45C PMIC@50C
1791265049.915741 10-06-2026 14:37:29 RAM 4001/6833MB (lfb 1x4MB) SWAP 231/3417MB (cached 1MB) CPU [9%@1420,0%@1420,5%@1420,95%@1420,9%@1420,5%@1420] EMC_FREQ 0% GR3D_FREQ 0% AUX@44.5C CPU@45.5C thermal@44.8C AO@44.5C GPU@44.5C PMIC@50C
1791265050.118902 10-06-2026 14:37:30 RAM 4001/6833MB (lfb 1x4MB) SWAP 231/3417MB (cached 1MB) CPU [9%@1420,4%@1420,40%@1420,66%@1420,0%@1420,9%@1420] EMC_FREQ 0% GR3D_FREQ 0% AUX@44C CPU@45.5C thermal@44.8C AO@44.5C GPU@44.5C PMIC@50C
1791265050.322479 10-06-2026 14:37:30 RAM 4004/6833MB (lfb 1x4MB) SWAP 231/3417MB (cached 1MB) CPU [9%@1420,4%@1420,94%@1420,0%@1420,18%@1420,5%@1420] EMC_FREQ 0% GR3D_FREQ 0% AUX@44C CPU@45.5C thermal@44.8C AO@44.5C GPU@44.5C PMIC@50C
1791265050.526089 10-06-2026 14:37:30 RAM 4010/6833MB (lfb 1x4MB) SWAP 231/3417MB (cached 1MB) CPU [5%@1190,0%@1190,30%@1190,0%@1190,10%@1190,13%@1190] EMC_FREQ 0% GR3D_FREQ 0% AUX@44.5C CPU@45C thermal@44.8C AO@44.5C GPU@44.5C PMIC@50C
1791265050.729267 10-06-2026 14:37:30 RAM 4021/6833MB (lfb 1x4MB) SWAP 231/3417MB (cached 1MB) CPU [0%@1190,15%@1190,4%@1420,4%@1420,14%@1420,5%@1420] EMC_FREQ 0% GR3D_FREQ 0% AUX@44.5C CPU@45C thermal@44.8C AO@44.5C GPU@44.5C PMIC@50C
1791265050.932620 10-06-2026 14:37:30 RAM 4027/6833MB (lfb 1x4MB) SWAP 231/3417MB (cached 1MB) CPU [47%@1420,15%@1420,0%@1420,5%@1420,10%@1420,5%@1420] EMC_FREQ 0% GR3D_FREQ 0% AUX@44.5C CPU@45.5C thermal@44.8C AO@44.5C GPU@44.5C PMIC@50C
1791265051.136966 10-06-2026 14:37:31 RAM 4039/6833MB (lfb 1x4MB) SWAP 231/3417MB (cached 1MB) CPU [35%@1420,0%@1420,9%@1420,9%@1420,10%@1420,5%@1420] EMC_FREQ 0% GR3D_FREQ 0% AUX@44.5C CPU@45.5C thermal@44.8C AO@44.5C GPU@44.5C PMIC@50C
1791265051.340689 10-06-2026 14:37:31 RAM 4051/6833MB (lfb 1x4MB) SWAP 231/3417MB (cached 1MB) CPU [0%@1190,10%@1420,5%@1420,0%@1420,14%@1420,4%@1420] EMC_FREQ 0% GR3D_FREQ 0% AUX@44.5C CPU@45C thermal@44.8C AO@44.5C GPU@44.5C PMIC@50C
1791265051.544057 10-06-2026 14:37:31 RAM 4063/6833MB (lfb 1x4MB) SWAP 231/3417MB (cached 1MB) CPU [0%@1420,18%@1420,4%@1420,9%@1420,14%@1420,0%@1420] EMC_FREQ 0% GR3D_FREQ 0% AUX@44.5C CPU@45C thermal@44.8C AO@44.5C GPU@44.5C PMIC@50C
1791265051.748285 10-06-2026 14:37:31 RAM 4075/6833MB (lfb 1x4MB) SWAP 231/3417MB (cached 1MB) CPU [9%@1190,15%@1190,0%@1190,0%@1190,5%@1190,4%@1190] EMC_FREQ 0% GR3D_FREQ 0% AUX@44.5C CPU@45C thermal@44.8C AO@44.5C GPU@44.5C PMIC@50C
1791265051.951901 10-06-2026 14:37:31 RAM 4087/6833MB (lfb 1x4MB) SWAP 231/3417MB (cached 1MB) CPU [0%@1190,14%@1190,5%@1420,9%@1420,10%@1420,0%@1420] EMC_FREQ 0% GR3D_FREQ 0% AUX@44.5C CPU@45.5C thermal@44.8C AO@44.5C GPU@44.5C PMIC@50C
1791265052.155226 10-06-2026 14:37:32 RAM 4093/6833MB (lfb 1x4MB) SWAP 231/3417MB (cached 1MB) CPU [22%@1420,5%@1420,4%@1420,0%@1420,5%@1420,9%@1420] EMC_FREQ 0% GR3D_FREQ 0% AUX@44.5C CPU@45C thermal@44.8C AO@44.5C GPU@44.5C PMIC@50C
1791265052.358865 10-06-2026 14:37:32 RAM 4104/6833MB (lfb 1x4MB) SWAP 231/3417MB (cached 1MB) CPU [5%@1190,9%@1190,0%@1190,5%@1190,15%@1190,5%@1190] EMC_FREQ 0% GR3D_FREQ 0% AUX@44.5C CPU@45C thermal@44.8C AO@44.5C GPU@44.5C PMIC@50C
1791265052.562178 10-06-2026 14:37:32 RAM 4116/6833MB (lfb 1x4MB) SWAP 231/3417MB (cached 1MB) CPU [9%@1190,9%@1190,4%@1190,0%@1190,14%@1420,5%@1420] EMC_FREQ 0% GR3D_FREQ 0% AUX@44.5C CPU@45C thermal@44.8C AO@44C GPU@44.5C PMIC@50C
1791265052.765813 10-06-2026 14:37:32 RAM 4128/6833MB (lfb 1x4MB) SWAP 231/3417MB (cached 1MB) CPU [5%@1420,0%@1420,9%@1420,0%@1420,14%@1420,0%@1420] EMC_FREQ 0% GR3D_FREQ 0% AUX@44.5C CPU@45C thermal@44.8C AO@44.5C GPU@44.5C PMIC@50C
1791265052.969342 10-06-2026 14:37:32 RAM 4140/6833MB (lfb 1x4MB) SWAP 231/3417MB (cached 1MB) CPU [5%@1190,14%@1190,0%@1190,5%@1190,10%@1190,5%@1190] EMC_FREQ 0% GR3D_FREQ 0% AUX@44.5C CPU@45.5C thermal@44.8C AO@44.5C GPU@44.5C PMIC@50C
1791265053.172760 10-06-2026 14:37:33 RAM 4152/6833MB (lfb 1x4MB) SWAP 231/3417MB (cached 1MB) CPU [4%@1190,14%@1190,4%@1420,9%@1420,14%@1420,5%@1420] EMC_FREQ 0% GR3D_FREQ 0% AUX@44.5C CPU@45C thermal@44.8C AO@44.5C GPU@44.5C PMIC@50C
1791265053.376055 10-06-2026 14:37:33 RAM 4158/6833MB (lfb 1x4MB) SWAP 231/3417MB (cached 1MB) CPU [5%@1190,0%@1190,5%@1420,5%@1420,19%@1420,5%@1420] EMC_FREQ 0% GR3D_FREQ 0% AUX@44.5C CPU@45C thermal@44.65C AO@44.5C GPU@44.5C PMIC@50C
1791265053.579575 10-06-2026 14:37:33 RAM 4170/6833MB (lfb 1x4MB) SWAP 231/3417MB (cached 1MB) CPU [5%@1420,5%@1420,4%@1420,13%@1420,15%@1190,0%@1190] EMC_FREQ 0% GR3D_FREQ 0% AUX@44.5C CPU@45.5C thermal@44.65C AO@44.5C GPU@44.5C PMIC@50C
1791265053.782849 10-06-2026 14:37:33 RAM 4182/6833MB (lfb 1x4MB) SWAP 231/3417MB (cached 1MB) CPU [9%@1190,66%@1190,0%@1190,5%@1190,15%@1190,9%@1420] EMC_FREQ 0% GR3D_FREQ 0% AUX@44.5C CPU@45C thermal@44.65C AO@44.5C GPU@44C PMIC@50C
1791265053.986099 10-06-2026 14:37:33 RAM 4194/6833MB (lfb 1x4MB) SWAP 231/3417MB (cached 1MB) CPU [0%@1190,0%@1190,5%@1420,9%@1420,15%@1420,5%@1420] EMC_FREQ 0% GR3D_FREQ 0% AUX@44.5C CPU@45C thermal@44.65C AO@44.5C GPU@44C PMIC@50C
1791265054.190196 10-06-2026 14:37:34 RAM 4205/6833MB (lfb 1x4MB) SWAP 231/3417MB (cached 1MB) CPU [5%@1420,9%@1420,4%@1420,0%@1420,20%@1420,5%@1420] EMC_FREQ 0% GR3D_FREQ 0% AUX@44C CPU@45C thermal@44.65C AO@44C GPU@44C PMIC@50C
1791265054.393851 10-06-2026 14:37:34 RAM 4217/6833MB (lfb 1x4MB) SWAP 231/3417MB (cached 1MB) CPU [4%@1190,0%@1190,4%@1190,5%@1190,19%@1190,5%@1190] EMC_FREQ 0% GR3D_FREQ 0% AUX@44.5C CPU@45C thermal@44.45C AO@44.5C GPU@44C PMIC@50C
1791265054.597141 10-06-2026 14:37:34 RAM 4223/6833MB (lfb 1x4MB) SWAP 231/3417MB (cached 1MB) CPU [5%@1190,5%@1190,5%@1190,4%@1190,10%@1190,4%@1420] EMC_FREQ 0% GR3D_FREQ 0% AUX@44.5C CPU@45C thermal@44.45C AO@44C GPU@44.5C PMIC@50C
1791265054.800797 10-06-2026 14:37:34 RAM 4236/6833MB (lfb 1x4MB) SWAP 231/3417MB (cached 1MB) CPU [10%@1420,9%@1420,9%@1420,9%@1420,14%@1420,5%@1420] EMC_FREQ 0% GR3D_FREQ 0% AUX@44C CPU@45C thermal@44.45C AO@44C GPU@44C PMIC@50C
1791265055.004421 10-06-2026 14:37:35 RAM 4248/6833MB (lfb 21x1MB) SWAP 231/3417MB (cached 1MB) CPU [0%@1190,0%@1190,4%@1190,0%@1190,23%@1190,0%@1420] EMC_FREQ 0% GR3D_FREQ 0% AUX@44C CPU@45C thermal@44.45C AO@44C GPU@44C PMIC@50C
1791265055.208047 10-06-2026 14:37:35 RAM 4255/6833MB (lfb 21x1MB) SWAP 231/3417MB (cached 1MB) CPU [9%@1420,5%@1420,5%@1420,9%@1420,30%@1420,9%@1420] EMC_FREQ 0% GR3D_FREQ 0% AUX@44C CPU@45C thermal@44.45C AO@44.5C GPU@44.5C PMIC@50C
1791265055.411651 10-06-2026 14:37:35 RAM 4267/6833MB (lfb 21x1MB) SWAP 231/3417MB (cached 1MB) CPU [4%@1420,4%@1420,5%@1420,4%@1420,30%@1420,0%@1420] EMC_FREQ 0% GR3D_FREQ 0% AUX@44.5C CPU@45C thermal@44.45C AO@44C GPU@44C PMIC@50C
1791265055.615246 10-06-2026 14:37:35 RAM 4275/6833MB (lfb 21x1MB) SWAP 231/3417MB (cached 1MB) CPU [5%@1190,5%@1190,5%@1420,9%@1420,25%@1420,5%@1420] EMC_FREQ 0% GR3D_FREQ 0% AUX@44C CPU@45C thermal@44.3C AO@44C GPU@44.5C PMIC@50C
1791265055.818944 10-06-2026 14:37:35 RAM 4333/6833MB (lfb 21x1MB) SWAP 231/3417MB (cached 1MB) CPU [0%@1420,5%@1420,14%@1420,5%@1420,100%@1420,14%@1420] EMC_FREQ 0% GR3D_FREQ 0% AUX@44C CPU@45.5C thermal@44.3C AO@44C GPU@44C PMIC@50C
1791265056.023018 10-06-2026 14:37:36 RAM 4382/6833MB (lfb 21x1MB) SWAP 231/3417MB (cached 1MB) CPU [20%@1420,25%@1420,25%@1420,30%@1420,100%@1420,9%@1420] EMC_FREQ 0% GR3D_FREQ 0% AUX@44.5C CPU@45C thermal@44.3C AO@44C GPU@44C PMIC@50C
1791265056.226755 10-06-2026 14:37:36 RAM 4452/6833MB (lfb 24x1MB) SWAP 231/3417MB (cached 1MB) CPU [18%@1420,9%@1420,40%@1420,5%@1420,100%@1420,0%@1420] EMC_FREQ 0% GR3D_FREQ 0% AUX@44.5C CPU@45C thermal@44.3C AO@44C GPU@44C PMIC@50C
1791265056.430567 10-06-2026 14:37:36 RAM 4502/6833MB (lfb 20x1MB) SWAP 231/3417MB (cached 1MB) CPU [35%@1420,10%@1420,10%@1420,18%@1420,86%@1420,10%@1420] EMC_FREQ 0% GR3D_FREQ 0% AUX@44C CPU@45C thermal@44.3C AO@44C GPU@44C PMIC@50C
1791265056.635635 10-06-2026 14:37:36 RAM 4560/6833MB (lfb 22x1MB) SWAP 231/3417MB (cached 1MB) CPU [5%@1420,0%@1420,100%@1420,5%@1420,0%@1420,5%@1420] EMC_FREQ 0% GR3D_FREQ 0% AUX@44C CPU@45C thermal@44.3C AO@44C GPU@44C PMIC@50C
1791265056.843274 10-06-2026 14:37:36 RAM 4608/6833MB (lfb 19x1MB) SWAP 233/3417MB (cached 1MB) CPU [14%@1420,86%@1420,55%@1420,9%@1420,38%@1420,22%@1420] EMC_FREQ 0% GR3D_FREQ 0% AUX@44C CPU@45C thermal@44.3C AO@44C GPU@44.5C PMIC@50C
1791265057.049379 10-06-2026 14:37:37 RAM 4659/6833MB (lfb 22x1MB) SWAP 233/3417MB (cached 1MB) CPU [23%@1420,68%@1420,47%@1420,50%@1420,81%@1420,28%@1420] EMC_FREQ 0% GR3D_FREQ 0% AUX@44C CPU@45.5C thermal@44.3C AO@44C GPU@44C PMIC@50C
1791265057.254067 10-06-2026 14:37:37 RAM 4678/6833MB (lfb 31x1MB) SWAP 233/3417MB (cached 1MB) CPU [20%@1344,18%@1344,9%@1344,55%@1344,21%@1344,23%@1344] EMC_FREQ 0% GR3D_FREQ 99% AUX@44C CPU@45.5C thermal@44.3C AO@44C GPU@44.5C PMIC@50C
1791265057.458548 10-06-2026 14:37:37 RAM 4651/6833MB (lfb 7x2MB) SWAP 233/3417MB (cached 1MB) CPU [5%@1420,0%@1420,9%@1420,20%@1420,35%@1420,18%@1420] EMC_FREQ 0% GR3D_FREQ 0% AUX@44C CPU@45.5C thermal@44.3C AO@44.5C GPU@45.5C PMIC@50C
1791265057.662177 10-06-2026 14:37:37 RAM 4645/6833MB (lfb 9x2MB) SWAP 233/3417MB (cached 1MB) CPU [5%@1190,9%@1190,0%@1190,10%@1190,4%@1190,4%@1190] EMC_FREQ 0% GR3D_FREQ 0% AUX@44C CPU@45C thermal@44.3C AO@44C GPU@44.5C PMIC@50C
1791265057.865549 10-06-2026 14:37:37 RAM 4543/6833MB (lfb 12x2MB) SWAP 233/3417MB (cached 1MB) CPU [0%@1420,28%@1420,14%@1420,9%@1420,19%@1420,0%@1420] EMC_FREQ 0% GR3D_FREQ 0% AUX@44C CPU@45C thermal@44.45C AO@44C GPU@44.5C PMIC@50C
1791265058.068953 10-06-2026 14:37:38 RAM 4339/6833MB (lfb 4x4MB) SWAP 233/3417MB (cached 1MB) CPU [0%@1420,94%@1420,9%@1420,0%@1420,0%@1420,0%@1420] EMC_FREQ 0% GR3D_FREQ 0% AUX@44C CPU@45C thermal@44.45C AO@44C GPU@44.5C PMIC@50C
1791265058.272422 10-06-2026 14:37:38 RAM 4339/6833MB (lfb 4x4MB) SWAP 233/3417MB (cached 1MB) CPU [0%@1420,100%@1420,0%@1420,0%@1420,0%@1420,0%@1420] EMC_FREQ 0% GR3D_FREQ 0% AUX@44C CPU@45C thermal@44.45C AO@44C GPU@44.5C PMIC@50C
1791265058.476497 10-06-2026 14:37:38 RAM 4339/6833MB (lfb 4x4MB) SWAP 233/3417MB (cached 1MB) CPU [4%@1420,100%@1420,0%@1420,0%@1420,4%@1420,0%@1420] EMC_FREQ 0% GR3D_FREQ 0% AUX@44C CPU@45C thermal@44.45C AO@44.5C GPU@44.5C PMIC@50C
1791265058.679923 10-06-2026 14:37:38 RAM 4325/6833MB (lfb 4x4MB) SWAP 233/3417MB (cached 1MB) CPU [4%@1420,100%@1420,0%@1420,0%@1420,0%@1420,0%@1420] EMC_FREQ 0% GR3D_FREQ 0% AUX@44C CPU@45C thermal@44.45C AO@44.5C GPU@44.5C PMIC@50C
1791265058.883257 10-06-2026 14:37:38 RAM 4325/6833MB (lfb 4x4MB) SWAP 233/3417MB (cached 1MB) CPU [0%@1420,100%@1420,0%@1420,4%@1420,0%@1420,0%@1420] EMC_FREQ 0% GR3D_FREQ 0% AUX@44C CPU@45C thermal@44.6C AO@44C GPU@44.5C PMIC@50C
1791265059.086640 10-06-2026 14:37:39 RAM 4325/6833MB (lfb 4x4MB) SWAP 233/3417MB (cached 1MB) CPU [0%@1420,100%@1420,61%@1420,0%@1420,0%@1420,0%@1420] EMC_FREQ 0% GR3D_FREQ 0% AUX@44C CPU@45C thermal@44.6C AO@44C GPU@44.5C PMIC@50C
1791265059.289992 10-06-2026 14:37:39 RAM 3885/6833MB (lfb 29x4MB) SWAP 233/3417MB (cached 1MB) CPU [0%@1420,90%@1420,0%@1420,4%@1420,25%@1420,0%@1420] EMC_FREQ 0% GR3D_FREQ 0% AUX@44C CPU@45C thermal@44.6C AO@44C GPU@44.5C PMIC@50C
1791265059.493130 10-06-2026 14:37:39 RAM 3833/6833MB (lfb 30x4MB) SWAP 233/3417MB (cached 1MB) CPU [0%@1420,100%@1420,0%@1420,4%@1420,0%@1420,0%@1420] EMC_FREQ 0% GR3D_FREQ 0% AUX@44C CPU@45C thermal@44.6C AO@44C GPU@44.5C PMIC@50C
1791265059.696727 10-06-2026 14:37:39 RAM 3833/6833MB (lfb 30x4MB) SWAP 233/3417MB (cached 1MB) CPU [0%@1420,94%@1420,0%@1420,0%@1420,9%@1420,0%@1420] EMC_FREQ 0% GR3D_FREQ 0% AUX@44C CPU@45C thermal@44.6C AO@44C GPU@44.5C PMIC@50C
1791265059.900101 10-06-2026 14:37:39 RAM 3833/6833MB (lfb 30x4MB) SWAP 233/3417MB (cached 1MB) CPU [0%@1420,100%@1420,0%@1420,0%@1420,19%@1420,0%@1420] EMC_FREQ 0% GR3D_FREQ 0% AUX@44C CPU@45C thermal@44.6C AO@44C GPU@44.5C PMIC@50C
1791265060.103457 10-06-2026 14:37:40 RAM 3833/6833MB (lfb 30x4MB) SWAP 233/3417MB (cached 1MB) CPU [0%@1420,100%@1420,0%@1420,4%@1420,5%@1420,0%@1420] EMC_FREQ 0% GR3D_FREQ 0% AUX@44C CPU@45C thermal@44.45C AO@44C GPU@44.5C PMIC@50C
1791265060.307081 10-06-2026 14:37:40 RAM 3833/6833MB (lfb 30x4MB) SWAP 233/3417MB (cached 1MB) CPU [0%@1420,100%@1420,0%@1420,0%@1420,0%@1420,4%@1420] EMC_FREQ 0% GR3D_FREQ 0% AUX@44C CPU@45C thermal@44.45C AO@44C GPU@44.5C PMIC@50C
1791265060.510757 10-06-2026 14:37:40 RAM 3833/6833MB (lfb 30x4MB) SWAP 233/3417MB (cached 1MB) CPU [0%@1420,100%@1420,4%@1420,5%@1420,0%@1420,10%@1420] EMC_FREQ 0% GR3D_FREQ 0% AUX@44C CPU@45C thermal@44.45C AO@44C GPU@44.5C PMIC@50C
1791265060.714457 10-06-2026 14:37:40 RAM 3833/6833MB (lfb 30x4MB) SWAP 233/3417MB (cached 1MB) CPU [0%@1420,100%@1420,0%@1420,4%@1420,0%@1420,0%@1420] EMC_FREQ 0% GR3D_FREQ 0% AUX@44C CPU@45C thermal@44.45C AO@44C GPU@44C PMIC@50C
1791265060.917905 10-06-2026 14:37:40 RAM 3833/6833MB (lfb 30x4MB) SWAP 233/3417MB (cached 1MB) CPU [4%@1420,100%@1420,0%@1420,0%@1420,0%@1420,0%@1420] EMC_FREQ 0% GR3D_FREQ 0% AUX@44C CPU@45C thermal@44.45C AO@44C GPU@44C PMIC@50C
1791265061.121381 10-06-2026 14:37:41 RAM 3833/6833MB (lfb 30x4MB) SWAP 233/3417MB (cached 1MB) CPU [0%@1420,100%@1420,0%@1420,0%@1420,4%@1420,5%@1420] EMC_FREQ 0% GR3D_FREQ 0% AUX@44C CPU@45C thermal@44.45C AO@44C GPU@44.5C PMIC@50C
1791265061.324910 10-06-2026 14:37:41 RAM 3833/6833MB (lfb 30x4MB) SWAP 233/3417MB (cached 1MB) CPU [33%@1420,68%@1420,4%@1420,0%@1420,0%@1420,0%@1420] EMC_FREQ 0% GR3D_FREQ 0% AUX@44C CPU@45C thermal@44.45C AO@44C GPU@44.5C PMIC@50C
1791265061.528549 10-06-2026 14:37:41 RAM 3833/6833MB (lfb 30x4MB) SWAP 233/3417MB (cached 1MB) CPU [100%@1420,0%@1420,4%@1420,4%@1420,0%@1420,15%@1420] EMC_FREQ 0% GR3D_FREQ 0% AUX@44C CPU@45C thermal@44.45C AO@44C GPU@44C PMIC@50C
1791265061.732219 10-06-2026 14:37:41 RAM 3795/6833MB (lfb 38x4MB) SWAP 233/3417MB (cached 1MB) CPU [100%@1420,0%@1420,0%@1420,0%@1420,0%@1420,9%@1420] EMC_FREQ 0% GR3D_FREQ 0% AUX@44C CPU@45C thermal@44.45C AO@44C GPU@44C PMIC@50C
1791265061.935841 10-06-2026 14:37:41 RAM 3779/6833MB (lfb 41x4MB) SWAP 233/3417MB (cached 1MB) CPU [100%@1420,0%@1420,0%@1420,4%@1420,0%@1420,0%@1420] EMC_FREQ 0% GR3D_FREQ 0% AUX@44C CPU@44.5C thermal@44.45C AO@44C GPU@44C PMIC@50C
1791265062.139532 10-06-2026 14:37:42 RAM 3695/6833MB (lfb 41x4MB) SWAP 233/3417MB (cached 1MB) CPU [100%@1420,0%@1420,4%@1420,5%@1420,0%@1420,0%@1420] EMC_FREQ 0% GR3D_FREQ 0% AUX@44C CPU@44.5C thermal@44.45C AO@44C GPU@43.5C PMIC@50C
1791265062.342895 10-06-2026 14:37:42 RAM 3555/6833MB (lfb 42x4MB) SWAP 233/3417MB (cached 1MB) CPU [100%@1420,0%@1420,0%@1420,0%@1420,0%@1420,0%@1420] EMC_FREQ 0% GR3D_FREQ 0% AUX@44C CPU@44.5C thermal@44.3C AO@44C GPU@44C PMIC@50C
1791265062.546474 10-06-2026 14:37:42 RAM 3268/6833MB (lfb 43x4MB) SWAP 233/3417MB (cached 1MB) CPU [31%@1190,25%@1190,0%@1420,5%@1420,0%@1420,4%@1420] EMC_FREQ 0% GR3D_FREQ 0% AUX@44C CPU@44.5C thermal@44.3C AO@44C GPU@44C PMIC@50C
1791265062.749707 10-06-2026 14:37:42 RAM 3268/6833MB (lfb 43x4MB) SWAP 233/3417MB (cached 1MB) CPU [0%@1190,0%@1190,0%@1190,0%@1190,0%@1420,0%@1420] EMC_FREQ 0% GR3D_FREQ 0% AUX@43.5C CPU@44.5C thermal@44.3C AO@44C GPU@43.5C PMIC@50C
1791265062.952978 10-06-2026 14:37:42 RAM 3268/6833MB (lfb 43x4MB) SWAP 233/3417MB (cached 1MB) CPU [0%@1190,0%@1190,0%@1190,0%@1190,0%@1190,0%@1190] EMC_FREQ 0% GR3D_FREQ 0% AUX@43.5C CPU@44.5C thermal@44.3C AO@43.5C GPU@44C PMIC@50C
1791265063.156231 10-06-2026 14:37:43 RAM 3253/6833MB (lfb 43x4MB) SWAP 233/3417MB (cached 1MB) CPU [80%@1420,0%@1420,0%@1420,4%@1420,4%@1420,0%@1420] EMC_FREQ 0% GR3D_FREQ 0% AUX@43.5C CPU@44.5C thermal@44.3C AO@44C GPU@44C PMIC@50C
1791265063.359652 10-06-2026 14:37:43 RAM 2628/6833MB (lfb 64x4MB) SWAP 233/3417MB (cached 1MB) CPU [9%@1420,10%@1420,80%@1420,5%@1420,0%@1420,5%@1420] EMC_FREQ 0% GR3D_FREQ 0% AUX@44C CPU@44.5C thermal@43.8C AO@44C GPU@43.5C PMIC@50C
1791265063.563421 10-06-2026 14:37:43 RAM 1739/6833MB (lfb 140x4MB) SWAP 233/3417MB (cached 1MB) CPU [0%@1420,0%@1190,100%@1190,4%@1190,0%@1190,0%@1190] EMC_FREQ 0% GR3D_FREQ 0% AUX@43.5C CPU@44.5C thermal@43.8C AO@43.5C GPU@43.5C PMIC@50C
