10-01-2026 23:29:24 RAM 897/6833MB (lfb 339x4MB) SWAP 43/3417MB (cached 0MB) CPU [4%@1420,4%@1420,0%@1420,4%@1420,4%@1420,100%@1420] EMC_FREQ 0% GR3D_FREQ 0% AUX@41.5C CPU@42C thermal@41.65C AO@41.5C GPU@41.5C PMIC@50C
10-01-2026 23:29:25 RAM 899/6833MB (lfb 339x4MB) SWAP 43/3417MB (cached 0MB) CPU [0%@1420,0%@1420,0%@1420,4%@1420,85%@1420,9%@1420] EMC_FREQ 0% GR3D_FREQ 0% AUX@41.5C CPU@42C thermal@41.65C AO@41C GPU@41.5C PMIC@50C
10-01-2026 23:29:25 RAM 899/6833MB (lfb 339x4MB) SWAP 43/3417MB (cached 0MB) CPU [4%@1420,0%@1420,0%@1420,0%@1420,10%@1420,88%@1420] EMC_FREQ 0% GR3D_FREQ 0% AUX@41.5C CPU@42C thermal@41.65C AO@41.5C GPU@41.5C PMIC@50C
10-01-2026 23:29:25 RAM 900/6833MB (lfb 339x4MB) SWAP 43/3417MB (cached 0MB) CPU [9%@1420,4%@1420,5%@1420,5%@1420,0%@1420,77%@1420] EMC_FREQ 0% GR3D_FREQ 0% AUX@41.5C CPU@42C thermal@41.65C AO@41.5C GPU@41.5C PMIC@50C
10-01-2026 23:29:25 RAM 899/6833MB (lfb 339x4MB) SWAP 43/3417MB (cached 0MB) CPU [0%@1420,0%@1420,0%@1420,95%@1420,0%@1420,0%@1420] EMC_FREQ 0% GR3D_FREQ 0% AUX@41.5C CPU@42C thermal@41.65C AO@41C GPU@41.5C PMIC@50C
10-01-2026 23:29:25 RAM 899/6833MB (lfb 339x4MB) SWAP 43/3417MB (cached 0MB) CPU [0%@1420,0%@1420,50%@1420,45%@1420,0%@1420,0%@1420] EMC_FREQ 0% GR3D_FREQ 0% AUX@41.5C CPU@42C thermal@41.45C AO@41.5C GPU@41.5C PMIC@50C
10-01-2026 23:29:26 RAM 901/6833MB (lfb 339x4MB) SWAP 43/3417MB (cached 0MB) CPU [0%@1420,4%@1420,88%@1420,0%@1420,4%@1420,0%@1420] EMC_FREQ 0% GR3D_FREQ 0% AUX@41.5C CPU@42C thermal@41.45C AO@41.5C GPU@41C PMIC@50C
10-01-2026 23:29:26 RAM 902/6833MB (lfb 339x4MB) SWAP 43/3417MB (cached 0MB) CPU [9%@1420,4%@1420,57%@1420,0%@1420,0%@1420,4%@1420] EMC_FREQ 0% GR3D_FREQ 0% AUX@41.5C CPU@42C thermal@41.45C AO@41C GPU@41.5C PMIC@50C
10-01-2026 23:29:26 RAM 902/6833MB (lfb 339x4MB) SWAP 43/3417MB (cached 0MB) CPU [0%@1190,4%@1190,10%@1190,14%@1190,0%@1190,4%@1190] EMC_FREQ 0% GR3D_FREQ 0% AUX@41C CPU@42C thermal@41.45C AO@41C GPU@41.5C PMIC@50C
10-01-2026 23:29:26 RAM 902/6833MB (lfb 339x4MB) SWAP 43/3417MB (cached 0MB) CPU [0%@1190,0%@1190,26%@1190,0%@1190,5%@1190,0%@1190] EMC_FREQ 0% GR3D_FREQ 0% AUX@41C CPU@42C thermal@41.45C AO@41C GPU@41C PMIC@50C
10-01-2026 23:29:26 RAM 903/6833MB (lfb 339x4MB) SWAP 43/3417MB (cached 0MB) CPU [0%@1190,4%@1190,0%@1190,0%@1190,20%@1190,13%@1190] EMC_FREQ 0% GR3D_FREQ 0% AUX@41.5C CPU@42C thermal@41.65C AO@41.5C GPU@41.5C PMIC@50C
10-01-2026 23:29:27 RAM 903/6833MB (lfb 339x4MB) SWAP 43/3417MB (cached 0MB) CPU [5%@1190,0%@1190,0%@1190,0%@1190,0%@1190,11%@1190] EMC_FREQ 0% GR3D_FREQ 0% AUX@41C CPU@42C thermal@41.65C AO@41C GPU@41C PMIC@50C
10-01-2026 23:29:27 RAM 904/6833MB (lfb 339x4MB) SWAP 43/3417MB (cached 0MB) CPU [4%@1190,0%@1190,0%@1420,4%@1420,26%@1420,0%@1420] EMC_FREQ 0% GR3D_FREQ 0% AUX@41C CPU@42C thermal@41.65C AO@41.5C GPU@41C PMIC@50C
10-01-2026 23:29:27 RAM 904/6833MB (lfb 339x4MB) SWAP 43/3417MB (cached 0MB) CPU [9%@1420,75%@1420,0%@1420,0%@1420,10%@1420,0%@1420] EMC_FREQ 0% GR3D_FREQ 0% AUX@41C CPU@41.5C thermal@41.65C AO@41C GPU@41.5C PMIC@50C
10-01-2026 23:29:27 RAM 905/6833MB (lfb 339x4MB) SWAP 43/3417MB (cached 0MB) CPU [0%@1420,95%@1420,0%@1420,0%@1420,0%@1420,0%@1420] EMC_FREQ 0% GR3D_FREQ 0% AUX@41.5C CPU@42C thermal@41.65C AO@41.5C GPU@41C PMIC@50C
10-01-2026 23:29:27 RAM 906/6833MB (lfb 339x4MB) SWAP 43/3417MB (cached 0MB) CPU [0%@1420,90%@1420,0%@1420,0%@1420,0%@1420,0%@1420] EMC_FREQ 0% GR3D_FREQ 0% AUX@41C CPU@42C thermal@41.65C AO@41.5C GPU@41C PMIC@50C
10-01-2026 23:29:28 RAM 910/6833MB (lfb 339x4MB) SWAP 43/3417MB (cached 0MB) CPU [0%@1420,100%@1420,0%@1420,0%@1420,0%@1420,0%@1420] EMC_FREQ 0% GR3D_FREQ 0% AUX@41C CPU@42C thermal@41.15C AO@41C GPU@41C PMIC@50C
10-01-2026 23:29:28 RAM 921/6833MB (lfb 339x4MB) SWAP 43/3417MB (cached 0MB) CPU [86%@1420,95%@1420,85%@1420,85%@1420,77%@1420,80%@1420] EMC_FREQ 0% GR3D_FREQ 0% AUX@41C CPU@42.5C thermal@41.15C AO@41C GPU@41.5C PMIC@50C
10-01-2026 23:29:28 RAM 923/6833MB (lfb 339x4MB) SWAP 43/3417MB (cached 0MB) CPU [100%@1420,100%@1420,100%@1420,100%@1420,77%@1420,100%@1420] EMC_FREQ 0% GR3D_FREQ 0% AUX@41C CPU@42.5C thermal@41.15C AO@41C GPU@41.5C PMIC@50C
10-01-2026 23:29:28 RAM 925/6833MB (lfb 339x4MB) SWAP 43/3417MB (cached 0MB) CPU [100%@1420,100%@1420,100%@1420,100%@1420,95%@1420,100%@1420] EMC_FREQ 0% GR3D_FREQ 0% AUX@41C CPU@42.5C thermal@41.15C AO@41C GPU@41.5C PMIC@50C
10-01-2026 23:29:28 RAM 926/6833MB (lfb 339x4MB) SWAP 43/3417MB (cached 0MB) CPU [100%@1420,100%@1420,100%@1420,100%@1420,85%@1420,100%@1420] EMC_FREQ 0% GR3D_FREQ 0% AUX@41C CPU@42.5C thermal@41.15C AO@41C GPU@41C PMIC@50C
10-01-2026 23:29:29 RAM 927/6833MB (lfb 339x4MB) SWAP 43/3417MB (cached 0MB) CPU [100%@1420,100%@1420,100%@1420,100%@1420,84%@1420,100%@1420] EMC_FREQ 0% GR3D_FREQ 0% AUX@41C CPU@42.5C thermal@41.45C AO@41C GPU@41C PMIC@50C
10-01-2026 23:29:29 RAM 929/6833MB (lfb 339x4MB) SWAP 43/3417MB (cached 0MB) CPU [100%@1420,100%@1420,100%@1420,100%@1420,90%@1420,100%@1420] EMC_FREQ 0% GR3D_FREQ 0% AUX@41C CPU@42.5C thermal@41.45C AO@41C GPU@41C PMIC@50C
10-01-2026 23:29:29 RAM 930/6833MB (lfb 339x4MB) SWAP 43/3417MB (cached 0MB) CPU [100%@1420,100%@1420,100%@1420,100%@1420,89%@1420,100%@1420] EMC_FREQ 0% GR3D_FREQ 0% AUX@41C CPU@42.5C thermal@41.45C AO@41C GPU@41.5C PMIC@50C
10-01-2026 23:29:29 RAM 934/6833MB (lfb 339x4MB) SWAP 43/3417MB (cached 0MB) CPU [100%@1420,100%@1420,100%@1420,100%@1420,72%@1420,100%@1420] EMC_FREQ 0% GR3D_FREQ 0% AUX@41C CPU@42.5C thermal@41.45C AO@41C GPU@41C PMIC@50C
10-01-2026 23:29:29 RAM 935/6833MB (lfb 339x4MB) SWAP 43/3417MB (cached 0MB) CPU [100%@1420,100%@1420,100%@1420,100%@1420,86%@1420,100%@1420] EMC_FREQ 0% GR3D_FREQ 0% AUX@41C CPU@42.5C thermal@41.45C AO@41C GPU@41.5C PMIC@50C
10-01-2026 23:29:30 RAM 936/6833MB (lfb 339x4MB) SWAP 43/3417MB (cached 0MB) CPU [100%@1420,100%@1420,100%@1420,100%@1420,95%@1420,100%@1420] EMC_FREQ 0% GR3D_FREQ 0% AUX@41C CPU@42.5C thermal@41.45C AO@41.5C GPU@41C PMIC@50C
10-01-2026 23:29:30 RAM 937/6833MB (lfb 339x4MB) SWAP 43/3417MB (cached 0MB) CPU [100%@1420,100%@1420,100%@1420,100%@1420,94%@1420,100%@1420] EMC_FREQ 0% GR3D_FREQ 0% AUX@41.5C CPU@42.5C thermal@41.6C AO@41C GPU@41.5C PMIC@50C
10-01-2026 23:29:30 RAM 937/6833MB (lfb 339x4MB) SWAP 43/3417MB (cached 0MB) CPU [95%@1420,100%@1420,100%@1420,100%@1420,95%@1420,100%@1420] EMC_FREQ 0% GR3D_FREQ 0% AUX@41C CPU@42.5C thermal@41.6C AO@41C GPU@41C PMIC@50C
10-01-2026 23:29:30 RAM 941/6833MB (lfb 339x4MB) SWAP 43/3417MB (cached 0MB) CPU [100%@1420,100%@1420,100%@1420,100%@1420,80%@1420,100%@1420] EMC_FREQ 0% GR3D_FREQ 0% AUX@41.5C CPU@42.5C thermal@41.6C AO@41C GPU@41C PMIC@50C
10-01-2026 23:29:30 RAM 942/6833MB (lfb 339x4MB) SWAP 43/3417MB (cached 0MB) CPU [100%@1420,100%@1420,100%@1420,100%@1420,84%@1420,100%@1420] EMC_FREQ 0% GR3D_FREQ 0% AUX@41.5C CPU@42.5C thermal@41.6C AO@41C GPU@41.5C PMIC@50C
10-01-2026 23:29:31 RAM 943/6833MB (lfb 339x4MB) SWAP 43/3417MB (cached 0MB) CPU [100%@1420,100%@1420,100%@1420,100%@1420,95%@1420,100%@1420] EMC_FREQ 0% GR3D_FREQ 0% AUX@41.5C CPU@42.5C thermal@41.6C AO@41C GPU@41C PMIC@50C
10-01-2026 23:29:31 RAM 945/6833MB (lfb 339x4MB) SWAP 43/3417MB (cached 0MB) CPU [100%@1420,100%@1420,100%@1420,100%@1420,84%@1420,100%@1420] EMC_FREQ 0% GR3D_FREQ 0% AUX@41.5C CPU@42.5C thermal@41.8C AO@41C GPU@41C PMIC@50C
10-01-2026 23:29:31 RAM 947/6833MB (lfb 339x4MB) SWAP 43/3417MB (cached 0MB) CPU [100%@1420,100%@1420,100%@1420,100%@1420,100%@1420,100%@1420] EMC_FREQ 0% GR3D_FREQ 0% AUX@41.5C CPU@42.5C thermal@41.8C AO@41C GPU@41C PMIC@50C
10-01-2026 23:29:31 RAM 948/6833MB (lfb 339x4MB) SWAP 43/3417MB (cached 0MB) CPU [100%@1420,100%@1420,100%@1420,100%@1420,90%@1420,100%@1420] EMC_FREQ 0% GR3D_FREQ 0% AUX@41.5C CPU@42.5C thermal@41.8C AO@41C GPU@41.5C PMIC@50C
10-01-2026 23:29:31 RAM 951/6833MB (lfb 339x4MB) SWAP 43/3417MB (cached 0MB) CPU [95%@1420,100%@1420,100%@1420,95%@1420,68%@1420,100%@1420] EMC_FREQ 0% GR3D_FREQ 0% AUX@41.5C CPU@42.5C thermal@41.8C AO@41.5C GPU@41C PMIC@50C
10-01-2026 23:29:32 RAM 954/6833MB (lfb 339x4MB) SWAP 43/3417MB (cached 0MB) CPU [100%@1420,100%@1420,100%@1420,100%@1420,85%@1420,100%@1420] EMC_FREQ 0% GR3D_FREQ 0% AUX@41.5C CPU@42.5C thermal@41.8C AO@41C GPU@41.5C PMIC@50C
10-01-2026 23:29:32 RAM 954/6833MB (lfb 339x4MB) SWAP 43/3417MB (cached 0MB) CPU [100%@1420,100%@1420,100%@1420,100%@1420,100%@1420,100%@1420] EMC_FREQ 0% GR3D_FREQ 0% AUX@41.5C CPU@42.5C thermal@41.8C AO@41.5C GPU@41.5C PMIC@50C
10-01-2026 23:29:32 RAM 955/6833MB (lfb 339x4MB) SWAP 43/3417MB (cached 0MB) CPU [100%@1420,100%@1420,100%@1420,100%@1420,90%@1420,100%@1420] EMC_FREQ 0% GR3D_FREQ 0% AUX@41.5C CPU@42.5C thermal@41.6C AO@41.5C GPU@41.5C PMIC@50C
10-01-2026 23:29:32 RAM 984/6833MB (lfb 339x4MB) SWAP 43/3417MB (cached 0MB) CPU [100%@1420,100%@1420,100%@1420,100%@1420,90%@1420,100%@1420] EMC_FREQ 0% GR3D_FREQ 36% AUX@41C CPU@42.5C thermal@41.6C AO@41C GPU@41.5C PMIC@50C
10-01-2026 23:29:32 RAM 1013/6833MB (lfb 339x4MB) SWAP 43/3417MB (cached 0MB) CPU [100%@1420,100%@1420,100%@1420,100%@1420,95%@1420,100%@1420] EMC_FREQ 0% GR3D_FREQ 0% AUX@41.5C CPU@42.5C thermal@41.6C AO@41.5C GPU@41.5C PMIC@50C
10-01-2026 23:29:33 RAM 1060/6833MB (lfb 339x4MB) SWAP 43/3417MB (cached 0MB) CPU [100%@1420,100%@1420,95%@1420,100%@1420,100%@1420,21%@1420] EMC_FREQ 0% GR3D_FREQ 0% AUX@41.5C CPU@42.5C thermal@41.6C AO@41C GPU@41.5C PMIC@50C
10-01-2026 23:29:33 RAM 1075/6833MB (lfb 339x4MB) SWAP 43/3417MB (cached 0MB) CPU [88%@1420,100%@1420,96%@1420,100%@1420,100%@1420,61%@1420] EMC_FREQ 0% GR3D_FREQ 0% AUX@41.5C CPU@42.5C thermal@41.6C AO@41C GPU@41.5C PMIC@50C
10-01-2026 23:29:33 RAM 1092/6833MB (lfb 339x4MB) SWAP 43/3417MB (cached 0MB) CPU [40%@1420,100%@1420,90%@1420,100%@1420,100%@1420,100%@1420] EMC_FREQ 0% GR3D_FREQ 0% AUX@41.5C CPU@42.5C thermal@41.65C AO@41.5C GPU@41.5C PMIC@50C
10-01-2026 23:29:33 RAM 1117/6833MB (lfb 339x4MB) SWAP 43/3417MB (cached 0MB) CPU [100%@1420,100%@1420,95%@1420,100%@1420,100%@1420,100%@1420] EMC_FREQ 0% GR3D_FREQ 0% AUX@41.5C CPU@42.5C thermal@41.65C AO@41C GPU@41C PMIC@50C
10-01-2026 23:29:34 RAM 1118/6833MB (lfb 339x4MB) SWAP 43/3417MB (cached 0MB) CPU [70%@1420,100%@1420,100%@1420,100%@1420,100%@1420,85%@1420] EMC_FREQ 0% GR3D_FREQ 0% AUX@41.5C CPU@42.5C thermal@41.65C AO@41.5C GPU@41C PMIC@50C
10-01-2026 23:29:34 RAM 1119/6833MB (lfb 339x4MB) SWAP 43/3417MB (cached 0MB) CPU [100%@1420,100%@1420,100%@1420,100%@1420,100%@1420,85%@1420] EMC_FREQ 0% GR3D_FREQ 0% AUX@41.5C CPU@42.5C thermal@41.65C AO@41.5C GPU@41.5C PMIC@50C
10-01-2026 23:29:34 RAM 1122/6833MB (lfb 339x4MB) SWAP 43/3417MB (cached 0MB) CPU [100%@1420,100%@1420,100%@1420,100%@1420,100%@1420,90%@1420] EMC_FREQ 0% GR3D_FREQ 0% AUX@41.5C CPU@42.5C thermal@41.65C AO@41.5C GPU@41.5C PMIC@50C
10-01-2026 23:29:34 RAM 1127/6833MB (lfb 339x4MB) SWAP 43/3417MB (cached 0MB) CPU [100%@1420,100%@1420,100%@1420,100%@1420,100%@1420,100%@1420] EMC_FREQ 0% GR3D_FREQ 0% AUX@41.5C CPU@43C thermal@41.8C AO@41.5C GPU@41.5C PMIC@50C
10-01-2026 23:29:34 RAM 1131/6833MB (lfb 339x4MB) SWAP 43/3417MB (cached 0MB) CPU [100%@1420,100%@1420,100%@1420,100%@1420,100%@1420,100%@1420] EMC_FREQ 0% GR3D_FREQ 0% AUX@41.5C CPU@43C thermal@41.8C AO@41.5C GPU@41.5C PMIC@50C
10-01-2026 23:29:35 RAM 1134/6833MB (lfb 339x4MB) SWAP 43/3417MB (cached 0MB) CPU [100%@1420,100%@1420,100%@1420,100%@1420,100%@1420,100%@1420] EMC_FREQ 0% GR3D_FREQ 0% AUX@41.5C CPU@43C thermal@41.8C AO@41C GPU@41.5C PMIC@50C
10-01-2026 23:29:35 RAM 1136/6833MB (lfb 339x4MB) SWAP 43/3417MB (cached 0MB) CPU [100%@1420,100%@1420,100%@1420,100%@1420,100%@1420,100%@1420] EMC_FREQ 0% GR3D_FREQ 0% AUX@41.5C CPU@43C thermal@41.8C AO@41.5C GPU@41.5C PMIC@50C
10-01-2026 23:29:35 RAM 1141/6833MB (lfb 339x4MB) SWAP 43/3417MB (cached 0MB) CPU [100%@1420,100%@1420,100%@1420,100%@1420,100%@1420,100%@1420] EMC_FREQ 0% GR3D_FREQ 0% AUX@41.5C CPU@43C thermal@41.8C AO@41.5C GPU@41.5C PMIC@50C
10-01-2026 23:29:35 RAM 1144/6833MB (lfb 339x4MB) SWAP 43/3417MB (cached 0MB) CPU [100%@1420,100%@1420,100%@1420,100%@1420,100%@1420,100%@1420] EMC_FREQ 0% GR3D_FREQ 0% AUX@41.5C CPU@43C thermal@41.8C AO@41.5C GPU@41.5C PMIC@50C
10-01-2026 23:29:35 RAM 1146/6833MB (lfb 339x4MB) SWAP 43/3417MB (cached 0MB) CPU [100%@1420,100%@1420,100%@1420,100%@1420,100%@1420,100%@1420] EMC_FREQ 0% GR3D_FREQ 0% AUX@41.5C CPU@43C thermal@41.95C AO@41.5C GPU@41.5C PMIC@50C
10-01-2026 23:29:36 RAM 1150/6833MB (lfb 339x4MB) SWAP 43/3417MB (cached 0MB) CPU [100%@1420,100%@1420,100%@1420,100%@1420,100%@1420,100%@1420] EMC_FREQ 0% GR3D_FREQ 0% AUX@41.5C CPU@43C thermal@41.95C AO@41.5C GPU@41.5C PMIC@50C
10-01-2026 23:29:36 RAM 1152/6833MB (lfb 339x4MB) SWAP 43/3417MB (cached 0MB) CPU [100%@1420,100%@1420,100%@1420,100%@1420,100%@1420,100%@1420] EMC_FREQ 0% GR3D_FREQ 0% AUX@41.5C CPU@43C thermal@41.95C AO@41.5C GPU@41.5C PMIC@50C
10-01-2026 23:29:36 RAM 1153/6833MB (lfb 339x4MB) SWAP 43/3417MB (cached 0MB) CPU [100%@1420,100%@1420,100%@1420,100%@1420,100%@1420,100%@1420] EMC_FREQ 0% GR3D_FREQ 0% AUX@41.5C CPU@43C thermal@41.95C AO@41.5C GPU@41.5C PMIC@50C
10-01-2026 23:29:36 RAM 1155/6833MB (lfb 339x4MB) SWAP 43/3417MB (cached 0MB) CPU [95%@1420,100%@1420,100%@1420,100%@1420,100%@1420,100%@1420] EMC_FREQ 0% GR3D_FREQ 0% AUX@41.5C CPU@43C thermal@41.95C AO@41.5C GPU@41.5C PMIC@50C
10-01-2026 23:29:36 RAM 1159/6833MB (lfb 339x4MB) SWAP 43/3417MB (cached 0MB) CPU [80%@1420,100%@1420,100%@1420,100%@1420,100%@1420,100%@1420] EMC_FREQ 0% GR3D_FREQ 0% AUX@41.5C CPU@43C thermal@41.95C AO@41.5C GPU@41.5C PMIC@50C
10-01-2026 23:29:37 RAM 1164/6833MB (lfb 339x4MB) SWAP 43/3417MB (cached 0MB) CPU [97%@1420,100%@1420,100%@1420,100%@1420,100%@1420,97%@1420] EMC_FREQ 0% GR3D_FREQ 0% AUX@41.5C CPU@43C thermal@41.95C AO@41.5C GPU@41.5C PMIC@50C
10-01-2026 23:29:37 RAM 1176/6833MB (lfb 339x4MB) SWAP 43/3417MB (cached 0MB) CPU [100%@1420,100%@1420,100%@1420,100%@1420,100%@1420,80%@1420] EMC_FREQ 0% GR3D_FREQ 0% AUX@41.5C CPU@43C thermal@41.95C AO@41.5C GPU@41.5C PMIC@50C
10-01-2026 23:29:37 RAM 1180/6833MB (lfb 339x4MB) SWAP 43/3417MB (cached 0MB) CPU [100%@1420,100%@1420,100%@1420,100%@1420,100%@1420,95%@1420] EMC_FREQ 0% GR3D_FREQ 0% AUX@41.5C CPU@43C thermal@41.95C AO@41.5C GPU@41.5C PMIC@50C
10-01-2026 23:29:37 RAM 1181/6833MB (lfb 339x4MB) SWAP 43/3417MB (cached 0MB) CPU [100%@1420,100%@1420,100%@1420,100%@1420,100%@1420,90%@1420] EMC_FREQ 0% GR3D_FREQ 0% AUX@41.5C CPU@43C thermal@41.95C AO@41.5C GPU@41.5C PMIC@50C
10-01-2026 23:29:38 RAM 1183/6833MB (lfb 339x4MB) SWAP 43/3417MB (cached 0MB) CPU [100%@1420,100%@1420,100%@1420,100%@1420,100%@1420,100%@1420] EMC_FREQ 0% GR3D_FREQ 0% AUX@41.5C CPU@42.5C thermal@41.95C AO@41.5C GPU@41.5C PMIC@50C
10-01-2026 23:29:38 RAM 1183/6833MB (lfb 339x4MB) SWAP 43/3417MB (cached 0MB) CPU [100%@1420,100%@1420,100%@1420,100%@1420,100%@1420,95%@1420] EMC_FREQ 0% GR3D_FREQ 0% AUX@41.5C CPU@42.5C thermal@41.95C AO@41.5C GPU@41.5C PMIC@50C
10-01-2026 23:29:38 RAM 1185/6833MB (lfb 339x4MB) SWAP 43/3417MB (cached 0MB) CPU [100%@1420,100%@1420,100%@1420,100%@1420,100%@1420,90%@1420] EMC_FREQ 0% GR3D_FREQ 0% AUX@41.5C CPU@42.5C thermal@41.95C AO@41.5C GPU@41.5C PMIC@50C
10-01-2026 23:29:38 RAM 1188/6833MB (lfb 339x4MB) SWAP 43/3417MB (cached 0MB) CPU [100%@1420,100%@1420,100%@1420,100%@1420,100%@1420,84%@1420] EMC_FREQ 0% GR3D_FREQ 0% AUX@41.5C CPU@43C thermal@41.95C AO@41.5C GPU@41.5C PMIC@50C
10-01-2026 23:29:38 RAM 1189/6833MB (lfb 339x4MB) SWAP 43/3417MB (cached 0MB) CPU [100%@1420,100%@1420,100%@1420,100%@1420,100%@1420,95%@1420] EMC_FREQ 0% GR3D_FREQ 0% AUX@41.5C CPU@43C thermal@41.95C AO@41.5C GPU@41.5C PMIC@50C
10-01-2026 23:29:39 RAM 1191/6833MB (lfb 339x4MB) SWAP 43/3417MB (cached 0MB) CPU [100%@1420,100%@1420,100%@1420,100%@1420,100%@1420,85%@1420] EMC_FREQ 0% GR3D_FREQ 0% AUX@41.5C CPU@43C thermal@41.95C AO@41.5C GPU@41.5C PMIC@50C
10-01-2026 23:29:39 RAM 1192/6833MB (lfb 339x4MB) SWAP 43/3417MB (cached 0MB) CPU [100%@1420,100%@1420,100%@1420,100%@1420,100%@1420,90%@1420] EMC_FREQ 0% GR3D_FREQ 0% AUX@41.5C CPU@43C thermal@42.15C AO@41.5C GPU@41.5C PMIC@50C
10-01-2026 23:29:39 RAM 1193/6833MB (lfb 339x4MB) SWAP 43/3417MB (cached 0MB) CPU [100%@1420,100%@1420,100%@1420,100%@1420,100%@1420,89%@1420] EMC_FREQ 0% GR3D_FREQ 0% AUX@41.5C CPU@43C thermal@42.15C AO@41.5C GPU@41.5C PMIC@50C
10-01-2026 23:29:39 RAM 1194/6833MB (lfb 339x4MB) SWAP 43/3417MB (cached 0MB) CPU [100%@1420,100%@1420,100%@1420,100%@1420,100%@1420,90%@1420] EMC_FREQ 0% GR3D_FREQ 0% AUX@42C CPU@43C thermal@42.15C AO@41.5C GPU@41.5C PMIC@50C
10-01-2026 23:29:39 RAM 1197/6833MB (lfb 339x4MB) SWAP 43/3417MB (cached 0MB) CPU [100%@1420,100%@1420,100%@1420,100%@1420,100%@1420,84%@1420] EMC_FREQ 0% GR3D_FREQ 0% AUX@41.5C CPU@43C thermal@42.15C AO@41.5C GPU@41.5C PMIC@50C
10-01-2026 23:29:40 RAM 1197/6833MB (lfb 339x4MB) SWAP 43/3417MB (cached 0MB) CPU [100%@1420,100%@1420,100%@1420,100%@1420,100%@1420,90%@1420] EMC_FREQ 0% GR3D_FREQ 0% AUX@41.5C CPU@43C thermal@42.15C AO@41.5C GPU@41.5C PMIC@50C
10-01-2026 23:29:40 RAM 1198/6833MB (lfb 339x4MB) SWAP 43/3417MB (cached 0MB) CPU [95%@1420,95%@1420,100%@1420,100%@1420,100%@1420,85%@1420] EMC_FREQ 0% GR3D_FREQ 0% AUX@41.5C CPU@43C thermal@41.95C AO@41.5C GPU@41.5C PMIC@50C
10-01-2026 23:29:40 RAM 1199/6833MB (lfb 339x4MB) SWAP 43/3417MB (cached 0MB) CPU [100%@1420,100%@1420,100%@1420,100%@1420,100%@1420,95%@1420] EMC_FREQ 0% GR3D_FREQ 0% AUX@41.5C CPU@43C thermal@41.95C AO@41.5C GPU@41.5C PMIC@50C
10-01-2026 23:29:40 RAM 1200/6833MB (lfb 339x4MB) SWAP 43/3417MB (cached 0MB) CPU [100%@1420,100%@1420,100%@1420,100%@1420,100%@1420,95%@1420] EMC_FREQ 0% GR3D_FREQ 0% AUX@41.5C CPU@42.5C thermal@41.95C AO@41.5C GPU@41.5C PMIC@50C
10-01-2026 23:29:40 RAM 1201/6833MB (lfb 339x4MB) SWAP 43/3417MB (cached 0MB) CPU [100%@1420,100%@1420,100%@1420,100%@1420,100%@1420,90%@1420] EMC_FREQ 0% GR3D_FREQ 0% AUX@42C CPU@43C thermal@41.95C AO@41.5C GPU@41.5C PMIC@50C
10-01-2026 23:29:41 RAM 1201/6833MB (lfb 339x4MB) SWAP 43/3417MB (cached 0MB) CPU [100%@1420,100%@1420,100%@1420,100%@1420,100%@1420,95%@1420] EMC_FREQ 0% GR3D_FREQ 0% AUX@42C CPU@43C thermal@41.95C AO@41.5C GPU@41.5C PMIC@50C
10-01-2026 23:29:41 RAM 1203/6833MB (lfb 339x4MB) SWAP 43/3417MB (cached 0MB) CPU [100%@1420,100%@1420,100%@1420,100%@1420,100%@1420,90%@1420] EMC_FREQ 0% GR3D_FREQ 0% AUX@42C CPU@43C thermal@41.95C AO@41.5C GPU@41.5C PMIC@50C
10-01-2026 23:29:41 RAM 1204/6833MB (lfb 339x4MB) SWAP 43/3417MB (cached 0MB) CPU [100%@1420,100%@1420,100%@1420,100%@1420,100%@1420,90%@1420] EMC_FREQ 0% GR3D_FREQ 0% AUX@41.5C CPU@43C thermal@41.95C AO@41.5C GPU@41.5C PMIC@50C
10-01-2026 23:29:41 RAM 1208/6833MB (lfb 339x4MB) SWAP 43/3417MB (cached 0MB) CPU [100%@1420,100%@1420,100%@1420,100%@1420,100%@1420,90%@1420] EMC_FREQ 0% GR3D_FREQ 0% AUX@41.5C CPU@43C thermal@41.95C AO@41.5C GPU@41.5C PMIC@50C
10-01-2026 23:29:41 RAM 1208/6833MB (lfb 339x4MB) SWAP 43/3417MB (cached 0MB) CPU [100%@1420,100%@1420,100%@1420,100%@1420,100%@1420,90%@1420] EMC_FREQ 0% GR3D_FREQ 0% AUX@41.5C CPU@43C thermal@41.95C AO@41.5C GPU@41.5C PMIC@50C
10-01-2026 23:29:42 RAM 1209/6833MB (lfb 339x4MB) SWAP 43/3417MB (cached 0MB) CPU [100%@1420,100%@1420,100%@1420,100%@1420,100%@1420,95%@1420] EMC_FREQ 0% GR3D_FREQ 0% AUX@42C CPU@43C thermal@41.95C AO@41.5C GPU@41.5C PMIC@50C
10-01-2026 23:29:42 RAM 1213/6833MB (lfb 339x4MB) SWAP 43/3417MB (cached 0MB) CPU [100%@1420,100%@1420,100%@1420,100%@1420,100%@1420,72%@1420] EMC_FREQ 0% GR3D_FREQ 0% AUX@41.5C CPU@43C thermal@41.95C AO@41.5C GPU@41.5C PMIC@50C
10-01-2026 23:29:42 RAM 1215/6833MB (lfb 339x4MB) SWAP 43/3417MB (cached 0MB) CPU [100%@1420,100%@1420,100%@1420,100%@1420,100%@1420,90%@1420] EMC_FREQ 0% GR3D_FREQ 0% AUX@42C CPU@43C thermal@41.95C AO@41.5C GPU@41.5C PMIC@50C
10-01-2026 23:29:42 RAM 1215/6833MB (lfb 339x4MB) SWAP 43/3417MB (cached 0MB) CPU [100%@1420,100%@1420,100%@1420,100%@1420,100%@1420,100%@1420] EMC_FREQ 0% GR3D_FREQ 0% AUX@42C CPU@43C thermal@41.95C AO@41.5C GPU@41.5C PMIC@50C
10-01-2026 23:29:43 RAM 1215/6833MB (lfb 339x4MB) SWAP 43/3417MB (cached 0MB) CPU [100%@1420,100%@1420,100%@1420,100%@1420,100%@1420,95%@1420] EMC_FREQ 0% GR3D_FREQ 0% AUX@41.5C CPU@43C thermal@41.95C AO@41.5C GPU@41.5C PMIC@50C
10-01-2026 23:29:43 RAM 1216/6833MB (lfb 339x4MB) SWAP 43/3417MB (cached 0MB) CPU [75%@1420,75%@1420,75%@1420,75%@1420,73%@1420,95%@1420] EMC_FREQ 0% GR3D_FREQ 0% AUX@41.5C CPU@43C thermal@41.95C AO@41.5C GPU@41.5C PMIC@50C
10-01-2026 23:29:43 RAM 1216/6833MB (lfb 339x4MB) SWAP 43/3417MB (cached 0MB) CPU [5%@1420,14%@1420,9%@1420,9%@1420,4%@1420,95%@1420] EMC_FREQ 0% GR3D_FREQ 0% AUX@42C CPU@43C thermal@41.95C AO@41.5C GPU@41.5C PMIC@50C
10-01-2026 23:29:43 RAM 1218/6833MB (lfb 339x4MB) SWAP 43/3417MB (cached 0MB) CPU [5%@1420,4%@1420,14%@1420,0%@1420,0%@1420,86%@1420] EMC_FREQ 0% GR3D_FREQ 0% AUX@41.5C CPU@42.5C thermal@41.8C AO@41.5C GPU@41.5C PMIC@50C
10-01-2026 23:29:43 RAM 1221/6833MB (lfb 339x4MB) SWAP 43/3417MB (cached 0MB) CPU [9%@1420,14%@1420,10%@1420,4%@1420,9%@1420,77%@1420] EMC_FREQ 0% GR3D_FREQ 0% AUX@41.5C CPU@42.5C thermal@41.8C AO@41.5C GPU@41.5C PMIC@50C
10-01-2026 23:29:44 RAM 1224/6833MB (lfb 339x4MB) SWAP 43/3417MB (cached 0MB) CPU [5%@1420,0%@1420,14%@1420,0%@1420,0%@1420,80%@1420] EMC_FREQ 0% GR3D_FREQ 0% AUX@42C CPU@42.5C thermal@41.8C AO@41.5C GPU@41.5C PMIC@50C
10-01-2026 23:29:44 RAM 1226/6833MB (lfb 339x4MB) SWAP 43/3417MB (cached 0MB) CPU [14%@1420,9%@1420,50%@1420,13%@1420,0%@1420,42%@1420] EMC_FREQ 0% GR3D_FREQ 0% AUX@41.5C CPU@42.5C thermal@41.8C AO@41.5C GPU@41.5C PMIC@50C
10-01-2026 23:29:44 RAM 1226/6833MB (lfb 339x4MB) SWAP 43/3417MB (cached 0MB) CPU [5%@1420,5%@1420,95%@1420,10%@1420,0%@1420,0%@1420] EMC_FREQ 0% GR3D_FREQ 0% AUX@41.5C CPU@42.5C thermal@41.8C AO@41.5C GPU@41.5C PMIC@50C
10-01-2026 23:29:44 RAM 1228/6833MB (lfb 339x4MB) SWAP 43/3417MB (cached 0MB) CPU [5%@1420,14%@1420,85%@1420,5%@1420,0%@1420,4%@1420] EMC_FREQ 0% GR3D_FREQ 0% AUX@41.5C CPU@42.5C thermal@41.8C AO@41.5C GPU@41.5C PMIC@50C
10-01-2026 23:29:44 RAM 1229/6833MB (lfb 339x4MB) SWAP 43/3417MB (cached 0MB) CPU [13%@1420,5%@1420,90%@1420,10%@1420,9%@1420,0%@1420] EMC_FREQ 0% GR3D_FREQ 0% AUX@41.5C CPU@42.5C thermal@42C AO@41.5C GPU@41.5C PMIC@50C
10-01-2026 23:29:45 RAM 1229/6833MB (lfb 339x4MB) SWAP 43/3417MB (cached 0MB) CPU [5%@1420,0%@1420,95%@1420,14%@1420,5%@1420,9%@1420] EMC_FREQ 0% GR3D_FREQ 0% AUX@41.5C CPU@42.5C thermal@42C AO@41.5C GPU@41.5C PMIC@50C
10-01-2026 23:29:45 RAM 1230/6833MB (lfb 339x4MB) SWAP 43/3417MB (cached 0MB) CPU [14%@1420,5%@1420,95%@1420,0%@1420,0%@1420,0%@1420] EMC_FREQ 0% GR3D_FREQ 0% AUX@41.5C CPU@42.5C thermal@42C AO@41.5C GPU@41.5C PMIC@50C
10-01-2026 23:29:45 RAM 1232/6833MB (lfb 339x4MB) SWAP 43/3417MB (cached 0MB) CPU [15%@1420,5%@1420,55%@1420,38%@1420,9%@1420,0%@1420] EMC_FREQ 0% GR3D_FREQ 0% AUX@42C CPU@42.5C thermal@42C AO@41.5C GPU@41.5C PMIC@50C
10-01-2026 23:29:45 RAM 1232/6833MB (lfb 339x4MB) SWAP 43/3417MB (cached 0MB) CPU [19%@1420,9%@1420,4%@1420,90%@1420,0%@1420,4%@1420] EMC_FREQ 0% GR3D_FREQ 0% AUX@41.5C CPU@42.5C thermal@42C AO@41.5C GPU@41.5C PMIC@50C
10-01-2026 23:29:45 RAM 1232/6833MB (lfb 339x4MB) SWAP 43/3417MB (cached 0MB) CPU [0%@1420,10%@1420,0%@1420,100%@1420,5%@1420,10%@1420] EMC_FREQ 0% GR3D_FREQ 0% AUX@41.5C CPU@42.5C thermal@41.8C AO@41.5C GPU@41.5C PMIC@50C
10-01-2026 23:29:46 RAM 1234/6833MB (lfb 339x4MB) SWAP 43/3417MB (cached 0MB) CPU [14%@1420,5%@1420,0%@1420,95%@1420,5%@1420,4%@1420] EMC_FREQ 0% GR3D_FREQ 0% AUX@41.5C CPU@42.5C thermal@41.8C AO@41.5C GPU@41.5C PMIC@50C
10-01-2026 23:29:46 RAM 1236/6833MB (lfb 339x4MB) SWAP 43/3417MB (cached 0MB) CPU [15%@1420,9%@1420,4%@1420,100%@1420,4%@1420,5%@1420] EMC_FREQ 0% GR3D_FREQ 0% AUX@41.5C CPU@42.5C thermal@41.8C AO@41.5C GPU@41.5C PMIC@50C
10-01-2026 23:29:46 RAM 1239/6833MB (lfb 339x4MB) SWAP 43/3417MB (cached 0MB) CPU [14%@1420,5%@1420,0%@1420,95%@1420,0%@1420,0%@1420] EMC_FREQ 0% GR3D_FREQ 0% AUX@41.5C CPU@42.5C thermal@41.8C AO@41.5C GPU@41.5C PMIC@50C
10-01-2026 23:29:46 RAM 1240/6833MB (lfb 339x4MB) SWAP 43/3417MB (cached 0MB) CPU [9%@1420,5%@1420,0%@1420,100%@1420,4%@1420,10%@1420] EMC_FREQ 0% GR3D_FREQ 0% AUX@41.5C CPU@42.5C thermal@41.8C AO@41.5C GPU@41.5C PMIC@50C
10-01-2026 23:29:46 RAM 1241/6833MB (lfb 339x4MB) SWAP 43/3417MB (cached 0MB) CPU [0%@1420,18%@1420,10%@1420,95%@1420,5%@1420,0%@1420] EMC_FREQ 0% GR3D_FREQ 0% AUX@41.5C CPU@42.5C thermal@41.8C AO@41.5C GPU@41.5C PMIC@50C
10-01-2026 23:29:47 RAM 1241/6833MB (lfb 339x4MB) SWAP 43/3417MB (cached 0MB) CPU [10%@1420,0%@1420,4%@1420,94%@1420,5%@1420,0%@1420] EMC_FREQ 0% GR3D_FREQ 0% AUX@41.5C CPU@42C thermal@41.8C AO@41.5C GPU@41.5C PMIC@50C
10-01-2026 23:29:47 RAM 1243/6833MB (lfb 339x4MB) SWAP 43/3417MB (cached 0MB) CPU [18%@1420,5%@1420,0%@1420,95%@1420,0%@1420,0%@1420] EMC_FREQ 0% GR3D_FREQ 0% AUX@41.5C CPU@42C thermal@41.8C AO@41C GPU@41.5C PMIC@50C
10-01-2026 23:29:47 RAM 1244/6833MB (lfb 339x4MB) SWAP 43/3417MB (cached 0MB) CPU [5%@1420,5%@1420,0%@1420,100%@1420,5%@1420,4%@1420] EMC_FREQ 0% GR3D_FREQ 0% AUX@41.5C CPU@42.5C thermal@41.8C AO@41.5C GPU@41.5C PMIC@50C
10-01-2026 23:29:47 RAM 1245/6833MB (lfb 339x4MB) SWAP 43/3417MB (cached 0MB) CPU [15%@1420,9%@1420,0%@1420,90%@1420,5%@1420,17%@1420] EMC_FREQ 0% GR3D_FREQ 0% AUX@41.5C CPU@42.5C thermal@41.8C AO@41.5C GPU@41.5C PMIC@50C
10-01-2026 23:29:47 RAM 1245/6833MB (lfb 339x4MB) SWAP 43/3417MB (cached 0MB) CPU [15%@1420,0%@1420,0%@1420,95%@1420,9%@1420,0%@1420] EMC_FREQ 0% GR3D_FREQ 0% AUX@41.5C CPU@42C thermal@41.8C AO@41.5C GPU@41.5C PMIC@50C
10-01-2026 23:29:48 RAM 1245/6833MB (lfb 339x4MB) SWAP 43/3417MB (cached 0MB) CPU [14%@1420,13%@1420,0%@1420,90%@1420,5%@1420,0%@1420] EMC_FREQ 0% GR3D_FREQ 0% AUX@41.5C CPU@42.5C thermal@41.8C AO@41.5C GPU@41.5C PMIC@50C
10-01-2026 23:29:48 RAM 1246/6833MB (lfb 339x4MB) SWAP 43/3417MB (cached 0MB) CPU [0%@1420,5%@1420,0%@1420,95%@1420,9%@1420,0%@1420] EMC_FREQ 0% GR3D_FREQ 0% AUX@41.5C CPU@42.5C thermal@41.8C AO@41.5C GPU@41.5C PMIC@50C
10-01-2026 23:29:48 RAM 1247/6833MB (lfb 339x4MB) SWAP 43/3417MB (cached 0MB) CPU [4%@1420,5%@1420,0%@1420,90%@1420,5%@1420,5%@1420] EMC_FREQ 0% GR3D_FREQ 0% AUX@41.5C CPU@42C thermal@41.8C AO@41.5C GPU@41.5C PMIC@50C
10-01-2026 23:29:48 RAM 1249/6833MB (lfb 339x4MB) SWAP 43/3417MB (cached 0MB) CPU [0%@1420,4%@1420,4%@1420,90%@1420,9%@1420,15%@1420] EMC_FREQ 0% GR3D_FREQ 0% AUX@41.5C CPU@42.5C thermal@41.8C AO@41.5C GPU@41.5C PMIC@50C
10-01-2026 23:29:48 RAM 1250/6833MB (lfb 339x4MB) SWAP 43/3417MB (cached 0MB) CPU [9%@1420,0%@1420,0%@1420,42%@1420,57%@1420,10%@1420] EMC_FREQ 0% GR3D_FREQ 0% AUX@41.5C CPU@42.5C thermal@41.8C AO@41.5C GPU@41.5C PMIC@50C
10-01-2026 23:29:49 RAM 1251/6833MB (lfb 339x4MB) SWAP 43/3417MB (cached 0MB) CPU [5%@1420,9%@1420,0%@1420,9%@1420,95%@1420,18%@1420] EMC_FREQ 0% GR3D_FREQ 0% AUX@41.5C CPU@42.5C thermal@41.8C AO@41.5C GPU@41.5C PMIC@50C
10-01-2026 23:29:49 RAM 1250/6833MB (lfb 339x4MB) SWAP 43/3417MB (cached 0MB) CPU [5%@1420,9%@1420,5%@1420,0%@1420,100%@1420,10%@1420] EMC_FREQ 0% GR3D_FREQ 0% AUX@41.5C CPU@42.5C thermal@41.8C AO@41.5C GPU@41.5C PMIC@50C
10-01-2026 23:29:49 RAM 1251/6833MB (lfb 339x4MB) SWAP 43/3417MB (cached 0MB) CPU [10%@1420,0%@1420,0%@1420,0%@1420,80%@1420,22%@1420] EMC_FREQ 0% GR3D_FREQ 0% AUX@41.5C CPU@42.5C thermal@41.8C AO@41.5C GPU@41.5C PMIC@50C
10-01-2026 23:29:49 RAM 1251/6833MB (lfb 339x4MB) SWAP 43/3417MB (cached 0MB) CPU [19%@1420,9%@1420,5%@1420,9%@1420,0%@1420,94%@1420] EMC_FREQ 0% GR3D_FREQ 0% AUX@41.5C CPU@42.5C thermal@41.8C AO@41.5C GPU@41.5C PMIC@50C
10-01-2026 23:29:49 RAM 1253/6833MB (lfb 339x4MB) SWAP 43/3417MB (cached 0MB) CPU [0%@1420,10%@1420,5%@1420,28%@1420,5%@1420,10%@1420] EMC_FREQ 0% GR3D_FREQ 0% AUX@41.5C CPU@42.5C thermal@41.8C AO@41.5C GPU@41.5C PMIC@50C
10-01-2026 23:29:50 RAM 1253/6833MB (lfb 339x4MB) SWAP 43/3417MB (cached 0MB) CPU [14%@1420,10%@1420,80%@1420,5%@1420,0%@1420,0%@1420] EMC_FREQ 0% GR3D_FREQ 0% AUX@41.5C CPU@42C thermal@41.8C AO@41.5C GPU@41C PMIC@50C
10-01-2026 23:29:50 RAM 1256/6833MB (lfb 339x4MB) SWAP 43/3417MB (cached 0MB) CPU [19%@1420,10%@1420,78%@1420,10%@1420,4%@1420,4%@1420] EMC_FREQ 0% GR3D_FREQ 0% AUX@41.5C CPU@42C thermal@41.8C AO@41.5C GPU@41.5C PMIC@50C
10-01-2026 23:29:50 RAM 1257/6833MB (lfb 339x4MB) SWAP 43/3417MB (cached 0MB) CPU [10%@1420,0%@1420,33%@1420,57%@1420,5%@1420,5%@1420] EMC_FREQ 0% GR3D_FREQ 0% AUX@41.5C CPU@42C thermal@41.65C AO@41.5C GPU@41.5C PMIC@50C
10-01-2026 23:29:50 RAM 1257/6833MB (lfb 339x4MB) SWAP 43/3417MB (cached 0MB) CPU [0%@1420,9%@1420,0%@1420,95%@1420,9%@1420,9%@1420] EMC_FREQ 0% GR3D_FREQ 0% AUX@41.5C CPU@42C thermal@41.65C AO@41.5C GPU@41.5C PMIC@50C
10-01-2026 23:29:50 RAM 1257/6833MB (lfb 339x4MB) SWAP 43/3417MB (cached 0MB) CPU [14%@1420,5%@1420,0%@1420,95%@1420,0%@1420,14%@1420] EMC_FREQ 0% GR3D_FREQ 0% AUX@41.5C CPU@42C thermal@41.65C AO@41.5C GPU@41.5C PMIC@50C
10-01-2026 23:29:51 RAM 1257/6833MB (lfb 339x4MB) SWAP 43/3417MB (cached 0MB) CPU [17%@1420,5%@1420,4%@1420,95%@1420,5%@1420,5%@1420] EMC_FREQ 0% GR3D_FREQ 0% AUX@41.5C CPU@42C thermal@41.65C AO@41.5C GPU@41.5C PMIC@50C
10-01-2026 23:29:51 RAM 1259/6833MB (lfb 339x4MB) SWAP 43/3417MB (cached 0MB) CPU [5%@1420,9%@1420,0%@1420,88%@1420,0%@1420,5%@1420] EMC_FREQ 0% GR3D_FREQ 0% AUX@41.5C CPU@42C thermal@41.65C AO@41.5C GPU@41.5C PMIC@50C
10-01-2026 23:29:51 RAM 1260/6833MB (lfb 339x4MB) SWAP 43/3417MB (cached 0MB) CPU [10%@1420,5%@1420,4%@1420,89%@1420,9%@1420,5%@1420] EMC_FREQ 0% GR3D_FREQ 0% AUX@41.5C CPU@42.5C thermal@41.5C AO@41.5C GPU@41.5C PMIC@50C
10-01-2026 23:29:51 RAM 1260/6833MB (lfb 339x4MB) SWAP 43/3417MB (cached 0MB) CPU [10%@1420,5%@1420,0%@1420,95%@1420,5%@1420,4%@1420] EMC_FREQ 0% GR3D_FREQ 0% AUX@41.5C CPU@42.5C thermal@41.5C AO@41.5C GPU@41.5C PMIC@50C
10-01-2026 23:29:51 RAM 1260/6833MB (lfb 339x4MB) SWAP 43/3417MB (cached 0MB) CPU [13%@1420,5%@1420,4%@1420,95%@1420,5%@1420,9%@1420] EMC_FREQ 0% GR3D_FREQ 0% AUX@41.5C CPU@42C thermal@41.5C AO@41.5C GPU@41C PMIC@50C
10-01-2026 23:29:52 RAM 1260/6833MB (lfb 339x4MB) SWAP 43/3417MB (cached 0MB) CPU [0%@1420,13%@1420,0%@1420,90%@1420,18%@1420,5%@1420] EMC_FREQ 0% GR3D_FREQ 0% AUX@41.5C CPU@42C thermal@41.5C AO@41.5C GPU@41C PMIC@50C
10-01-2026 23:29:52 RAM 1260/6833MB (lfb 339x4MB) SWAP 43/3417MB (cached 0MB) CPU [0%@1420,0%@1420,0%@1420,94%@1420,5%@1420,10%@1420] EMC_FREQ 0% GR3D_FREQ 0% AUX@41.5C CPU@42C thermal@41.5C AO@41.5C GPU@41.5C PMIC@50C
10-01-2026 23:29:52 RAM 1261/6833MB (lfb 339x4MB) SWAP 43/3417MB (cached 0MB) CPU [4%@1420,5%@1420,9%@1420,90%@1420,9%@1420,10%@1420] EMC_FREQ 0% GR3D_FREQ 0% AUX@41.5C CPU@42C thermal@41.5C AO@41.5C GPU@41.5C PMIC@50C
10-01-2026 23:29:52 RAM 1261/6833MB (lfb 339x4MB) SWAP 43/3417MB (cached 0MB) CPU [5%@1190,13%@1420,0%@1420,15%@1420,10%@1420,9%@1420] EMC_FREQ 0% GR3D_FREQ 0% AUX@41.5C CPU@42C thermal@41.65C AO@41.5C GPU@41.5C PMIC@50C
10-01-2026 23:29:52 RAM 1261/6833MB (lfb 339x4MB) SWAP 43/3417MB (cached 0MB) CPU [4%@1190,0%@1190,4%@1190,0%@1190,9%@1190,14%@1190] EMC_FREQ 0% GR3D_FREQ 0% AUX@41.5C CPU@42C thermal@41.65C AO@41.5C GPU@41.5C PMIC@50C
10-01-2026 23:29:53 RAM 1261/6833MB (lfb 339x4MB) SWAP 43/3417MB (cached 0MB) CPU [9%@1420,5%@1420,0%@1420,9%@1420,9%@1420,5%@1420] EMC_FREQ 0% GR3D_FREQ 0% AUX@41.5C CPU@42C thermal@41.65C AO@41.5C GPU@41.5C PMIC@50C
10-01-2026 23:29:53 RAM 1261/6833MB (lfb 339x4MB) SWAP 43/3417MB (cached 0MB) CPU [5%@1420,0%@1420,4%@1420,4%@1420,5%@1420,0%@1420] EMC_FREQ 0% GR3D_FREQ 0% AUX@41.5C CPU@42C thermal@41.65C AO@41.5C GPU@41.5C PMIC@50C
10-01-2026 23:29:53 RAM 1261/6833MB (lfb 339x4MB) SWAP 43/3417MB (cached 0MB) CPU [4%@1190,14%@1190,5%@1190,13%@1190,5%@1190,5%@1190] EMC_FREQ 0% GR3D_FREQ 0% AUX@41.5C CPU@42C thermal@41.65C AO@41C GPU@41.5C PMIC@50C
10-01-2026 23:29:53 RAM 1261/6833MB (lfb 339x4MB) SWAP 43/3417MB (cached 0MB) CPU [0%@1420,4%@1420,0%@1420,0%@1420,9%@1420,5%@1420] EMC_FREQ 0% GR3D_FREQ 0% AUX@41.5C CPU@42C thermal@41.65C AO@41.5C GPU@41.5C PMIC@50C
10-01-2026 23:29:53 RAM 1261/6833MB (lfb 339x4MB) SWAP 43/3417MB (cached 0MB) CPU [15%@1420,5%@1420,55%@1420,9%@1420,5%@1420,5%@1420] EMC_FREQ 0% GR3D_FREQ 0% AUX@41.5C CPU@42C thermal@41.65C AO@41.5C GPU@41.5C PMIC@50C
10-01-2026 23:29:54 RAM 1261/6833MB (lfb 339x4MB) SWAP 43/3417MB (cached 0MB) CPU [10%@1420,5%@1420,94%@1420,0%@1420,0%@1420,9%@1420] EMC_FREQ 0% GR3D_FREQ 0% AUX@41.5C CPU@42C thermal@41.65C AO@41.5C GPU@41C PMIC@50C
10-01-2026 23:29:54 RAM 1262/6833MB (lfb 339x4MB) SWAP 43/3417MB (cached 0MB) CPU [14%@1420,9%@1420,95%@1420,0%@1420,0%@1420,0%@1420] EMC_FREQ 0% GR3D_FREQ 0% AUX@41.5C CPU@42C thermal@41.65C AO@41.5C GPU@41.5C PMIC@50C
10-01-2026 23:29:54 RAM 1262/6833MB (lfb 339x4MB) SWAP 43/3417MB (cached 0MB) CPU [14%@1420,9%@1420,94%@1420,5%@1420,5%@1420,9%@1420] EMC_FREQ 0% GR3D_FREQ 0% AUX@41.5C CPU@42C thermal@41.65C AO@41.5C GPU@41.5C PMIC@50C
10-01-2026 23:29:54 RAM 1262/6833MB (lfb 339x4MB) SWAP 43/3417MB (cached 0MB) CPU [5%@1420,0%@1420,95%@1420,0%@1420,4%@1420,5%@1420] EMC_FREQ 0% GR3D_FREQ 0% AUX@41.5C CPU@42C thermal@41.65C AO@41C GPU@41C PMIC@50C
10-01-2026 23:29:55 RAM 1262/6833MB (lfb 339x4MB) SWAP 43/3417MB (cached 0MB) CPU [19%@1420,9%@1420,90%@1420,13%@1420,5%@1420,4%@1420] EMC_FREQ 0% GR3D_FREQ 0% AUX@41.5C CPU@42C thermal@41.5C AO@41.5C GPU@41.5C PMIC@50C
10-01-2026 23:29:55 RAM 1262/6833MB (lfb 339x4MB) SWAP 43/3417MB (cached 0MB) CPU [21%@1420,5%@1420,94%@1420,0%@1420,13%@1420,0%@1420] EMC_FREQ 0% GR3D_FREQ 0% AUX@41.5C CPU@42C thermal@41.5C AO@41.5C GPU@41C PMIC@50C
10-01-2026 23:29:55 RAM 1263/6833MB (lfb 339x4MB) SWAP 43/3417MB (cached 0MB) CPU [10%@1420,9%@1420,95%@1420,4%@1420,0%@1420,5%@1420] EMC_FREQ 0% GR3D_FREQ 0% AUX@41.5C CPU@42C thermal@41.5C AO@41C GPU@41.5C PMIC@50C
10-01-2026 23:29:55 RAM 1263/6833MB (lfb 339x4MB) SWAP 43/3417MB (cached 0MB) CPU [15%@1420,9%@1420,94%@1420,5%@1420,5%@1420,5%@1420] EMC_FREQ 0% GR3D_FREQ 0% AUX@41.5C CPU@42C thermal@41.5C AO@41C GPU@41.5C PMIC@50C
10-01-2026 23:29:55 RAM 1263/6833MB (lfb 339x4MB) SWAP 43/3417MB (cached 0MB) CPU [0%@1420,10%@1420,94%@1420,0%@1420,4%@1420,4%@1420] EMC_FREQ 0% GR3D_FREQ 0% AUX@41.5C CPU@42C thermal@41.5C AO@41.5C GPU@41C PMIC@50C
10-01-2026 23:29:56 RAM 1264/6833MB (lfb 339x4MB) SWAP 43/3417MB (cached 0MB) CPU [14%@1420,0%@1420,95%@1420,0%@1420,9%@1420,5%@1420] EMC_FREQ 0% GR3D_FREQ 0% AUX@41.5C CPU@42C thermal@41.65C AO@41.5C GPU@41C PMIC@50C
10-01-2026 23:29:56 RAM 1265/6833MB (lfb 339x4MB) SWAP 43/3417MB (cached 0MB) CPU [10%@1420,9%@1420,90%@1420,0%@1420,5%@1420,0%@1420] EMC_FREQ 0% GR3D_FREQ 0% AUX@41.5C CPU@42C thermal@41.65C AO@41C GPU@41.5C PMIC@50C
10-01-2026 23:29:56 RAM 1265/6833MB (lfb 339x4MB) SWAP 43/3417MB (cached 0MB) CPU [13%@1420,5%@1420,94%@1420,9%@1420,0%@1420,9%@1420] EMC_FREQ 0% GR3D_FREQ 0% AUX@41.5C CPU@42C thermal@41.65C AO@41.5C GPU@41C PMIC@50C
10-01-2026 23:29:56 RAM 1266/6833MB (lfb 339x4MB) SWAP 43/3417MB (cached 0MB) CPU [0%@1420,9%@1420,90%@1420,5%@1420,5%@1420,0%@1420] EMC_FREQ 0% GR3D_FREQ 0% AUX@41.5C CPU@42C thermal@41.65C AO@41C GPU@41C PMIC@50C
10-01-2026 23:29:56 RAM 1266/6833MB (lfb 339x4MB) SWAP 43/3417MB (cached 0MB) CPU [15%@1420,0%@1420,94%@1420,0%@1420,0%@1420,9%@1420] EMC_FREQ 0% GR3D_FREQ 0% AUX@41.5C CPU@42C thermal@41.65C AO@41C GPU@41C PMIC@50C
10-01-2026 23:29:57 RAM 1268/6833MB (lfb 339x4MB) SWAP 43/3417MB (cached 0MB) CPU [10%@1420,4%@1420,78%@1420,0%@1420,9%@1420,5%@1420] EMC_FREQ 0% GR3D_FREQ 0% AUX@41C CPU@42C thermal@41.65C AO@41C GPU@41.5C PMIC@50C
10-01-2026 23:29:57 RAM 1268/6833MB (lfb 339x4MB) SWAP 43/3417MB (cached 0MB) CPU [10%@1420,5%@1420,94%@1420,4%@1420,0%@1420,5%@1420] EMC_FREQ 0% GR3D_FREQ 0% AUX@41.5C CPU@42C thermal@41.45C AO@41C GPU@41C PMIC@50C
10-01-2026 23:29:57 RAM 1272/6833MB (lfb 339x4MB) SWAP 43/3417MB (cached 0MB) CPU [26%@1420,5%@1420,95%@1420,13%@1420,4%@1420,5%@1420] EMC_FREQ 0% GR3D_FREQ 0% AUX@41.5C CPU@42C thermal@41.45C AO@41C GPU@41.5C PMIC@50C
10-01-2026 23:29:57 RAM 1273/6833MB (lfb 339x4MB) SWAP 43/3417MB (cached 0MB) CPU [66%@1420,15%@1420,100%@1420,0%@1420,9%@1420,9%@1420] EMC_FREQ 0% GR3D_FREQ 0% AUX@41.5C CPU@42C thermal@41.45C AO@41C GPU@41.5C PMIC@50C
10-01-2026 23:29:57 RAM 1273/6833MB (lfb 339x4MB) SWAP 43/3417MB (cached 0MB) CPU [5%@1420,9%@1420,95%@1420,4%@1420,5%@1420,0%@1420] EMC_FREQ 0% GR3D_FREQ 0% AUX@41.5C CPU@42C thermal@41.45C AO@41C GPU@41C PMIC@50C
10-01-2026 23:29:58 RAM 1274/6833MB (lfb 339x4MB) SWAP 43/3417MB (cached 0MB) CPU [5%@1420,5%@1420,4%@1420,90%@1420,5%@1420,9%@1420] EMC_FREQ 0% GR3D_FREQ 0% AUX@41.5C CPU@42C thermal@41.45C AO@41C GPU@41C PMIC@50C
10-01-2026 23:29:58 RAM 1274/6833MB (lfb 339x4MB) SWAP 43/3417MB (cached 0MB) CPU [5%@1420,14%@1420,0%@1420,94%@1420,5%@1420,4%@1420] EMC_FREQ 0% GR3D_FREQ 0% AUX@41.5C CPU@42C thermal@41.65C AO@41.5C GPU@41.5C PMIC@50C
10-01-2026 23:29:58 RAM 1275/6833MB (lfb 339x4MB) SWAP 43/3417MB (cached 0MB) CPU [4%@1420,10%@1420,0%@1420,95%@1420,0%@1420,5%@1420] EMC_FREQ 0% GR3D_FREQ 0% AUX@41C CPU@42C thermal@41.65C AO@41C GPU@41C PMIC@50C
10-01-2026 23:29:58 RAM 1275/6833MB (lfb 339x4MB) SWAP 43/3417MB (cached 0MB) CPU [14%@1420,5%@1420,0%@1420,95%@1420,9%@1420,4%@1420] EMC_FREQ 0% GR3D_FREQ 0% AUX@41C CPU@42C thermal@41.65C AO@41C GPU@41C PMIC@50C
10-01-2026 23:29:58 RAM 1276/6833MB (lfb 339x4MB) SWAP 43/3417MB (cached 0MB) CPU [5%@1420,15%@1420,0%@1420,85%@1420,5%@1420,5%@1420] EMC_FREQ 0% GR3D_FREQ 0% AUX@41.5C CPU@42.5C thermal@41.65C AO@41.5C GPU@41C PMIC@50C
10-01-2026 23:29:59 RAM 1276/6833MB (lfb 339x4MB) SWAP 43/3417MB (cached 0MB) CPU [0%@1420,5%@1420,4%@1420,95%@1420,5%@1420,9%@1420] EMC_FREQ 0% GR3D_FREQ 0% AUX@41.5C CPU@42C thermal@41.65C AO@41C GPU@41C PMIC@50C
10-01-2026 23:29:59 RAM 1277/6833MB (lfb 339x4MB) SWAP 43/3417MB (cached 0MB) CPU [5%@1420,5%@1420,0%@1420,84%@1420,0%@1420,0%@1420] EMC_FREQ 0% GR3D_FREQ 0% AUX@41.5C CPU@42C thermal@41.65C AO@41C GPU@41C PMIC@50C
10-01-2026 23:29:59 RAM 1281/6833MB (lfb 339x4MB) SWAP 43/3417MB (cached 0MB) CPU [9%@1420,18%@1420,55%@1420,45%@1420,14%@1420,5%@1420] EMC_FREQ 0% GR3D_FREQ 0% AUX@41C CPU@42.5C thermal@41.5C AO@41.5C GPU@41C PMIC@50C
10-01-2026 23:29:59 RAM 1292/6833MB (lfb 339x4MB) SWAP 43/3417MB (cached 0MB) CPU [10%@1420,0%@1420,100%@1420,0%@1420,5%@1420,9%@1420] EMC_FREQ 0% GR3D_FREQ 0% AUX@41.5C CPU@42.5C thermal@41.5C AO@41C GPU@41C PMIC@50C
10-01-2026 23:29:59 RAM 1300/6833MB (lfb 339x4MB) SWAP 43/3417MB (cached 0MB) CPU [94%@1420,20%@1420,9%@1420,0%@1420,0%@1420,5%@1420] EMC_FREQ 0% GR3D_FREQ 0% AUX@41C CPU@42C thermal@41.5C AO@41C GPU@41C PMIC@50C
10-01-2026 23:30:00 RAM 1301/6833MB (lfb 339x4MB) SWAP 43/3417MB (cached 0MB) CPU [30%@1420,23%@1420,0%@1420,0%@1420,65%@1420,0%@1420] EMC_FREQ 0% GR3D_FREQ 0% AUX@41.5C CPU@42C thermal@41.5C AO@41C GPU@41C PMIC@50C
10-01-2026 23:30:00 RAM 1308/6833MB (lfb 339x4MB) SWAP 43/3417MB (cached 0MB) CPU [15%@1420,15%@1420,10%@1420,15%@1420,52%@1420,20%@1420] EMC_FREQ 0% GR3D_FREQ 0% AUX@41.5C CPU@42C thermal@41.5C AO@41C GPU@41C PMIC@50C
10-01-2026 23:30:00 RAM 1309/6833MB (lfb 339x4MB) SWAP 43/3417MB (cached 0MB) CPU [30%@1420,33%@1420,30%@1420,31%@1420,33%@1420,75%@1420] EMC_FREQ 0% GR3D_FREQ 0% AUX@41.5C CPU@42C thermal@41.65C AO@41C GPU@41C PMIC@50C
10-01-2026 23:30:00 RAM 1314/6833MB (lfb 339x4MB) SWAP 43/3417MB (cached 0MB) CPU [10%@1420,5%@1420,0%@1420,5%@1420,75%@1420,11%@1420] EMC_FREQ 0% GR3D_FREQ 0% AUX@41C CPU@42C thermal@41.65C AO@41C GPU@41C PMIC@50C
10-01-2026 23:30:00 RAM 1316/6833MB (lfb 339x4MB) SWAP 43/3417MB (cached 0MB) CPU [15%@1420,5%@1420,27%@1420,15%@1420,5%@1420,18%@1420] EMC_FREQ 0% GR3D_FREQ 0% AUX@41C CPU@42C thermal@41.65C AO@41C GPU@41.5C PMIC@50C
10-01-2026 23:30:01 RAM 1316/6833MB (lfb 339x4MB) SWAP 43/3417MB (cached 0MB) CPU [10%@1420,10%@1420,80%@1420,5%@1420,0%@1420,0%@1420] EMC_FREQ 0% GR3D_FREQ 0% AUX@41.5C CPU@42C thermal@41.65C AO@41C GPU@41C PMIC@50C
10-01-2026 23:30:01 RAM 1317/6833MB (lfb 339x4MB) SWAP 43/3417MB (cached 0MB) CPU [15%@1420,5%@1420,90%@1420,5%@1420,4%@1420,0%@1420] EMC_FREQ 0% GR3D_FREQ 0% AUX@41C CPU@42C thermal@41.65C AO@41.5C GPU@41C PMIC@50C
10-01-2026 23:30:01 RAM 1342/6833MB (lfb 339x4MB) SWAP 43/3417MB (cached 0MB) CPU [9%@1420,5%@1420,100%@1420,9%@1420,5%@1420,13%@1420] EMC_FREQ 0% GR3D_FREQ 0% AUX@41.5C CPU@42C thermal@41.65C AO@41C GPU@41C PMIC@50C
10-01-2026 23:30:01 RAM 1557/6833MB (lfb 339x4MB) SWAP 43/3417MB (cached 0MB) CPU [10%@1420,14%@1420,100%@1420,0%@1420,5%@1420,0%@1420] EMC_FREQ 0% GR3D_FREQ 0% AUX@41.5C CPU@42C thermal@41.3C AO@41.5C GPU@41C PMIC@50C
10-01-2026 23:30:01 RAM 2233/6833MB (lfb 206x4MB) SWAP 43/3417MB (cached 0MB) CPU [19%@1420,10%@1420,100%@1420,13%@1420,0%@1420,4%@1420] EMC_FREQ 0% GR3D_FREQ 0% AUX@41C CPU@42.5C thermal@41.3C AO@41C GPU@41C PMIC@50C
10-01-2026 23:30:02 RAM 2370/6833MB (lfb 172x4MB) SWAP 43/3417MB (cached 0MB) CPU [5%@1420,9%@1420,100%@1420,0%@1420,9%@1420,0%@1420] EMC_FREQ 0% GR3D_FREQ 0% AUX@41.5C CPU@42C thermal@41.3C AO@41.5C GPU@41C PMIC@50C
10-01-2026 23:30:02 RAM 2373/6833MB (lfb 172x4MB) SWAP 43/3417MB (cached 0MB) CPU [18%@1420,5%@1420,100%@1420,17%@1420,9%@1420,5%@1420] EMC_FREQ 0% GR3D_FREQ 0% AUX@41.5C CPU@42.5C thermal@41.3C AO@41C GPU@41C PMIC@50C
10-01-2026 23:30:02 RAM 2375/6833MB (lfb 172x4MB) SWAP 43/3417MB (cached 0MB) CPU [5%@1420,21%@1420,100%@1420,0%@1420,0%@1420,5%@1420] EMC_FREQ 0% GR3D_FREQ 0% AUX@41.5C CPU@42C thermal@41.3C AO@41C GPU@41C PMIC@50C
10-01-2026 23:30:02 RAM 2377/6833MB (lfb 172x4MB) SWAP 43/3417MB (cached 0MB) CPU [10%@1420,0%@1420,100%@1420,4%@1420,0%@1420,5%@1420] EMC_FREQ 0% GR3D_FREQ 0% AUX@41.5C CPU@42.5C thermal@41.65C AO@41C GPU@41C PMIC@50C
10-01-2026 23:30:02 RAM 2379/6833MB (lfb 172x4MB) SWAP 43/3417MB (cached 0MB) CPU [66%@1420,5%@1420,100%@1420,9%@1420,5%@1420,9%@1420] EMC_FREQ 0% GR3D_FREQ 0% AUX@41.5C CPU@42C thermal@41.65C AO@41.5C GPU@41C PMIC@50C
10-01-2026 23:30:03 RAM 2493/6833MB (lfb 157x4MB) SWAP 43/3417MB (cached 0MB) CPU [5%@1420,14%@1420,100%@1420,5%@1420,5%@1420,5%@1420] EMC_FREQ 0% GR3D_FREQ 0% AUX@41.5C CPU@42C thermal@41.65C AO@41C GPU@41C PMIC@50C
10-01-2026 23:30:03 RAM 2576/6833MB (lfb 151x4MB) SWAP 43/3417MB (cached 0MB) CPU [10%@1420,14%@1420,100%@1420,5%@1420,4%@1420,4%@1420] EMC_FREQ 0% GR3D_FREQ 0% AUX@41.5C CPU@42C thermal@41.65C AO@41C GPU@41C PMIC@50C
10-01-2026 23:30:03 RAM 2714/6833MB (lfb 127x4MB) SWAP 43/3417MB (cached 0MB) CPU [9%@1420,19%@1420,100%@1420,9%@1420,5%@1420,5%@1420] EMC_FREQ 0% GR3D_FREQ 0% AUX@41.5C CPU@42.5C thermal@41.65C AO@41C GPU@41C PMIC@50C
10-01-2026 23:30:03 RAM 2714/6833MB (lfb 127x4MB) SWAP 43/3417MB (cached 0MB) CPU [9%@1420,14%@1420,100%@1420,0%@1420,0%@1420,5%@1420] EMC_FREQ 0% GR3D_FREQ 0% AUX@41.5C CPU@42.5C thermal@41.65C AO@41C GPU@41C PMIC@50C
10-01-2026 23:30:03 RAM 1714/6833MB (lfb 293x4MB) SWAP 43/3417MB (cached 0MB) CPU [10%@1420,14%@1420,100%@1420,4%@1420,4%@1420,0%@1420] EMC_FREQ 0% GR3D_FREQ 0% AUX@41C CPU@42C thermal@41.45C AO@41.5C GPU@41C PMIC@50C
10-01-2026 23:30:04 RAM 1743/6833MB (lfb 293x4MB) SWAP 43/3417MB (cached 0MB) CPU [5%@1420,5%@1420,0%@1420,5%@1420,5%@1420,95%@1420] EMC_FREQ 0% GR3D_FREQ 0% AUX@41C CPU@42.5C thermal@41.45C AO@41C GPU@41C PMIC@50C
10-01-2026 23:30:04 RAM 1773/6833MB (lfb 293x4MB) SWAP 43/3417MB (cached 0MB) CPU [10%@1420,10%@1420,5%@1420,9%@1420,4%@1420,100%@1420] EMC_FREQ 0% GR3D_FREQ 0% AUX@41.5C CPU@42.5C thermal@41.45C AO@41C GPU@41C PMIC@50C
10-01-2026 23:30:04 RAM 1804/6833MB (lfb 293x4MB) SWAP 43/3417MB (cached 0MB) CPU [9%@1420,14%@1420,0%@1420,5%@1420,5%@1420,100%@1420] EMC_FREQ 0% GR3D_FREQ 0% AUX@41.5C CPU@42.5C thermal@41.45C AO@41C GPU@41C PMIC@50C
10-01-2026 23:30:04 RAM 1832/6833MB (lfb 293x4MB) SWAP 43/3417MB (cached 0MB) CPU [5%@1420,10%@1420,5%@1420,0%@1420,0%@1420,100%@1420] EMC_FREQ 0% GR3D_FREQ 0% AUX@41.5C CPU@42C thermal@41.45C AO@41C GPU@41C PMIC@50C
10-01-2026 23:30:04 RAM 1864/6833MB (lfb 293x4MB) SWAP 43/3417MB (cached 0MB) CPU [10%@1420,10%@1420,0%@1420,5%@1420,0%@1420,100%@1420] EMC_FREQ 0% GR3D_FREQ 0% AUX@41.5C CPU@42C thermal@41.65C AO@41C GPU@41C PMIC@50C
10-01-2026 23:30:05 RAM 1893/6833MB (lfb 293x4MB) SWAP 43/3417MB (cached 0MB) CPU [0%@1420,0%@1420,9%@1420,0%@1420,0%@1420,100%@1420] EMC_FREQ 0% GR3D_FREQ 0% AUX@41.5C CPU@42C thermal@41.65C AO@41.5C GPU@41C PMIC@50C
10-01-2026 23:30:05 RAM 1925/6833MB (lfb 293x4MB) SWAP 43/3417MB (cached 0MB) CPU [14%@1420,9%@1420,0%@1420,4%@1420,4%@1420,100%@1420] EMC_FREQ 0% GR3D_FREQ 0% AUX@41.5C CPU@42C thermal@41.65C AO@41C GPU@41C PMIC@50C
10-01-2026 23:30:05 RAM 1955/6833MB (lfb 293x4MB) SWAP 43/3417MB (cached 0MB) CPU [18%@1420,0%@1420,0%@1420,0%@1420,0%@1420,100%@1420] EMC_FREQ 0% GR3D_FREQ 0% AUX@41.5C CPU@42.5C thermal@41.65C AO@41C GPU@41C PMIC@50C
10-01-2026 23:30:05 RAM 1985/6833MB (lfb 293x4MB) SWAP 43/3417MB (cached 0MB) CPU [14%@1420,10%@1420,0%@1420,4%@1420,4%@1420,100%@1420] EMC_FREQ 0% GR3D_FREQ 0% AUX@41C CPU@42.5C thermal@41.65C AO@41C GPU@41C PMIC@50C
10-01-2026 23:30:05 RAM 2014/6833MB (lfb 293x4MB) SWAP 43/3417MB (cached 0MB) CPU [5%@1420,10%@1420,0%@1420,4%@1420,4%@1420,100%@1420] EMC_FREQ 0% GR3D_FREQ 0% AUX@41.5C CPU@42.5C thermal@41.65C AO@41C GPU@41C PMIC@50C
10-01-2026 23:30:06 RAM 2043/6833MB (lfb 293x4MB) SWAP 43/3417MB (cached 0MB) CPU [13%@1420,5%@1420,9%@1420,10%@1420,4%@1420,100%@1420] EMC_FREQ 0% GR3D_FREQ 0% AUX@41.5C CPU@42.5C thermal@41.65C AO@41C GPU@41C PMIC@50C
10-01-2026 23:30:06 RAM 2069/6833MB (lfb 293x4MB) SWAP 43/3417MB (cached 0MB) CPU [5%@1420,5%@1420,0%@1420,18%@1420,100%@1420,0%@1420] EMC_FREQ 0% GR3D_FREQ 0% AUX@41.5C CPU@42C thermal@41.65C AO@41.5C GPU@41C PMIC@50C
10-01-2026 23:30:06 RAM 2095/6833MB (lfb 293x4MB) SWAP 43/3417MB (cached 0MB) CPU [5%@1420,5%@1420,4%@1420,5%@1420,100%@1420,0%@1420] EMC_FREQ 0% GR3D_FREQ 0% AUX@41.5C CPU@42C thermal@41.65C AO@41C GPU@41C PMIC@50C
10-01-2026 23:30:06 RAM 2123/6833MB (lfb 293x4MB) SWAP 43/3417MB (cached 0MB) CPU [5%@1420,5%@1420,4%@1420,14%@1420,100%@1420,4%@1420] EMC_FREQ 0% GR3D_FREQ 0% AUX@41.5C CPU@42C thermal@41.65C AO@41.5C GPU@41C PMIC@50C
10-01-2026 23:30:07 RAM 2150/6833MB (lfb 293x4MB) SWAP 43/3417MB (cached 0MB) CPU [9%@1420,17%@1420,4%@1420,5%@1420,100%@1420,0%@1420] EMC_FREQ 0% GR3D_FREQ 0% AUX@41.5C CPU@42C thermal@41.65C AO@41C GPU@41C PMIC@50C
10-01-2026 23:30:07 RAM 2178/6833MB (lfb 293x4MB) SWAP 43/3417MB (cached 0MB) CPU [9%@1420,0%@1420,5%@1420,15%@1420,100%@1420,0%@1420] EMC_FREQ 0% GR3D_FREQ 0% AUX@41.5C CPU@42C thermal@41.65C AO@41.5C GPU@41C PMIC@50C
10-01-2026 23:30:07 RAM 2217/6833MB (lfb 293x4MB) SWAP 43/3417MB (cached 0MB) CPU [9%@1420,0%@1420,5%@1420,5%@1420,100%@1420,0%@1420] EMC_FREQ 0% GR3D_FREQ 0% AUX@41.5C CPU@42.5C thermal@41.65C AO@41.5C GPU@41C PMIC@50C
10-01-2026 23:30:07 RAM 2259/6833MB (lfb 288x4MB) SWAP 43/3417MB (cached 0MB) CPU [0%@1420,0%@1420,0%@1420,13%@1420,100%@1420,0%@1420] EMC_FREQ 0% GR3D_FREQ 0% AUX@41C CPU@42C thermal@41.65C AO@41C GPU@41C PMIC@50C
10-01-2026 23:30:07 RAM 2283/6833MB (lfb 282x4MB) SWAP 43/3417MB (cached 0MB) CPU [10%@1420,5%@1420,9%@1420,10%@1420,100%@1420,0%@1420] EMC_FREQ 0% GR3D_FREQ 0% AUX@41.5C CPU@42C thermal@41.65C AO@41C GPU@41C PMIC@50C
10-01-2026 23:30:08 RAM 2283/6833MB (lfb 282x4MB) SWAP 43/3417MB (cached 0MB) CPU [9%@1420,4%@1420,5%@1420,19%@1420,100%@1420,0%@1420] EMC_FREQ 0% GR3D_FREQ 0% AUX@41.5C CPU@42.5C thermal@41.65C AO@41C GPU@41C PMIC@50C
10-01-2026 23:30:08 RAM 2283/6833MB (lfb 282x4MB) SWAP 43/3417MB (cached 0MB) CPU [14%@1420,65%@1420,9%@1420,5%@1420,100%@1420,0%@1420] EMC_FREQ 0% GR3D_FREQ 0% AUX@41.5C CPU@42.5C thermal@41.65C AO@41C GPU@41C PMIC@50C
10-01-2026 23:30:08 RAM 2283/6833MB (lfb 282x4MB) SWAP 43/3417MB (cached 0MB) CPU [9%@1420,4%@1420,10%@1420,9%@1420,100%@1420,4%@1420] EMC_FREQ 0% GR3D_FREQ 0% AUX@41.5C CPU@42.5C thermal@41.65C AO@41C GPU@41C PMIC@50C
10-01-2026 23:30:08 RAM 2283/6833MB (lfb 282x4MB) SWAP 43/3417MB (cached 0MB) CPU [0%@1420,5%@1420,10%@1420,5%@1420,100%@1420,4%@1420] EMC_FREQ 0% GR3D_FREQ 0% AUX@41.5C CPU@42C thermal@41.65C AO@41C GPU@41C PMIC@50C
10-01-2026 23:30:08 RAM 2283/6833MB (lfb 282x4MB) SWAP 43/3417MB (cached 0MB) CPU [0%@1420,0%@1420,9%@1420,14%@1420,100%@1420,0%@1420] EMC_FREQ 0% GR3D_FREQ 0% AUX@41.5C CPU@42.5C thermal@41.65C AO@41C GPU@41C PMIC@50C
10-01-2026 23:30:09 RAM 2283/6833MB (lfb 282x4MB) SWAP 43/3417MB (cached 0MB) CPU [9%@1420,4%@1420,0%@1420,5%@1420,100%@1420,0%@1420] EMC_FREQ 0% GR3D_FREQ 0% AUX@41.5C CPU@42C thermal@41.65C AO@41C GPU@41C PMIC@50C
10-01-2026 23:30:09 RAM 2283/6833MB (lfb 282x4MB) SWAP 43/3417MB (cached 0MB) CPU [4%@1420,9%@1420,5%@1420,13%@1420,100%@1420,4%@1420] EMC_FREQ 0% GR3D_FREQ 0% AUX@41C CPU@42C thermal@41.65C AO@41C GPU@41C PMIC@50C
10-01-2026 23:30:09 RAM 2283/6833MB (lfb 282x4MB) SWAP 43/3417MB (cached 0MB) CPU [5%@1420,5%@1420,0%@1420,0%@1420,100%@1420,0%@1420] EMC_FREQ 0% GR3D_FREQ 0% AUX@41.5C CPU@42C thermal@41.65C AO@41C GPU@41C PMIC@50C
10-01-2026 23:30:09 RAM 2283/6833MB (lfb 282x4MB) SWAP 43/3417MB (cached 0MB) CPU [15%@1420,13%@1420,0%@1420,14%@1420,100%@1420,0%@1420] EMC_FREQ 0% GR3D_FREQ 0% AUX@41C CPU@42.5C thermal@41.65C AO@41C GPU@41.5C PMIC@50C
10-01-2026 23:30:09 RAM 2283/6833MB (lfb 282x4MB) SWAP 43/3417MB (cached 0MB) CPU [14%@1420,0%@1420,4%@1420,9%@1420,100%@1420,0%@1420] EMC_FREQ 0% GR3D_FREQ 0% AUX@41.5C CPU@42.5C thermal@41.65C AO@41.5C GPU@41C PMIC@50C
10-01-2026 23:30:10 RAM 2283/6833MB (lfb 282x4MB) SWAP 43/3417MB (cached 0MB) CPU [14%@1420,0%@1420,0%@1420,5%@1420,100%@1420,0%@1420] EMC_FREQ 0% GR3D_FREQ 0% AUX@41.5C CPU@42.5C thermal@41.65C AO@41.5C GPU@41C PMIC@50C
10-01-2026 23:30:10 RAM 2283/6833MB (lfb 282x4MB) SWAP 43/3417MB (cached 0MB) CPU [14%@1420,5%@1420,9%@1420,4%@1420,100%@1420,0%@1420] EMC_FREQ 0% GR3D_FREQ 0% AUX@41.5C CPU@42.5C thermal@41.65C AO@41.5C GPU@41C PMIC@50C
10-01-2026 23:30:10 RAM 2283/6833MB (lfb 282x4MB) SWAP 43/3417MB (cached 0MB) CPU [10%@1420,4%@1420,0%@1420,5%@1420,100%@1420,0%@1420] EMC_FREQ 0% GR3D_FREQ 0% AUX@41.5C CPU@42.5C thermal@41.65C AO@41C GPU@41C PMIC@50C
10-01-2026 23:30:10 RAM 2283/6833MB (lfb 282x4MB) SWAP 43/3417MB (cached 0MB) CPU [9%@1420,10%@1420,14%@1420,5%@1420,100%@1420,4%@1420] EMC_FREQ 0% GR3D_FREQ 0% AUX@41.5C CPU@42C thermal@41.45C AO@41.5C GPU@41C PMIC@50C
10-01-2026 23:30:10 RAM 2283/6833MB (lfb 282x4MB) SWAP 43/3417MB (cached 0MB) CPU [22%@1420,10%@1420,0%@1420,0%@1420,100%@1420,4%@1420] EMC_FREQ 0% GR3D_FREQ 0% AUX@41.5C CPU@42C thermal@41.45C AO@41.5C GPU@41C PMIC@50C
10-01-2026 23:30:11 RAM 2285/6833MB (lfb 282x4MB) SWAP 43/3417MB (cached 0MB) CPU [35%@1420,38%@1420,25%@1420,28%@1420,90%@1420,26%@1420] EMC_FREQ 0% GR3D_FREQ 0% AUX@41.5C CPU@42.5C thermal@41.45C AO@41C GPU@41C PMIC@50C
10-01-2026 23:30:11 RAM 2369/6833MB (lfb 277x4MB) SWAP 43/3417MB (cached 0MB) CPU [10%@1420,10%@1420,9%@1420,5%@1420,100%@1420,0%@1420] EMC_FREQ 0% GR3D_FREQ 10% AUX@41.5C CPU@42.5C thermal@41.45C AO@41.5C GPU@41C PMIC@50C
10-01-2026 23:30:11 RAM 2395/6833MB (lfb 276x4MB) SWAP 43/3417MB (cached 0MB) CPU [9%@1420,14%@1420,0%@1420,9%@1420,95%@1420,4%@1420] EMC_FREQ 0% GR3D_FREQ 7% AUX@41.5C CPU@42.5C thermal@41.45C AO@41C GPU@41C PMIC@50C
10-01-2026 23:30:11 RAM 2445/6833MB (lfb 271x4MB) SWAP 43/3417MB (cached 0MB) CPU [0%@1420,5%@1420,5%@1420,0%@1420,100%@1420,0%@1420] EMC_FREQ 0% GR3D_FREQ 7% AUX@41.5C CPU@42C thermal@41.65C AO@41.5C GPU@41C PMIC@50C
10-01-2026 23:30:11 RAM 2496/6833MB (lfb 267x4MB) SWAP 43/3417MB (cached 0MB) CPU [19%@1420,5%@1420,4%@1420,13%@1420,95%@1420,0%@1420] EMC_FREQ 0% GR3D_FREQ 0% AUX@41C CPU@42C thermal@41.65C AO@41C GPU@41C PMIC@50C
10-01-2026 23:30:12 RAM 2551/6833MB (lfb 261x4MB) SWAP 43/3417MB (cached 0MB) CPU [5%@1420,5%@1420,0%@1420,0%@1420,95%@1420,4%@1420] EMC_FREQ 0% GR3D_FREQ 12% AUX@41.5C CPU@42C thermal@41.65C AO@41C GPU@41C PMIC@50C
10-01-2026 23:30:12 RAM 2611/6833MB (lfb 256x4MB) SWAP 43/3417MB (cached 0MB) CPU [18%@1420,5%@1420,0%@1420,9%@1420,95%@1420,0%@1420] EMC_FREQ 0% GR3D_FREQ 0% AUX@41.5C CPU@42C thermal@41.65C AO@41C GPU@41C PMIC@50C
10-01-2026 23:30:12 RAM 2657/6833MB (lfb 252x4MB) SWAP 43/3417MB (cached 0MB) CPU [10%@1420,5%@1420,4%@1420,9%@1420,95%@1420,0%@1420] EMC_FREQ 0% GR3D_FREQ 7% AUX@41.5C CPU@42C thermal@41.65C AO@41.5C GPU@41C PMIC@50C
10-01-2026 23:30:12 RAM 2701/6833MB (lfb 249x4MB) SWAP 43/3417MB (cached 0MB) CPU [9%@1420,10%@1420,5%@1420,5%@1420,100%@1420,9%@1420] EMC_FREQ 0% GR3D_FREQ 14% AUX@41.5C CPU@42C thermal@41.65C AO@41C GPU@41C PMIC@50C
10-01-2026 23:30:12 RAM 2746/6833MB (lfb 247x4MB) SWAP 43/3417MB (cached 0MB) CPU [4%@1420,14%@1420,10%@1420,5%@1420,95%@1420,0%@1420] EMC_FREQ 0% GR3D_FREQ 15% AUX@41.5C CPU@42C thermal@41.5C AO@41.5C GPU@41C PMIC@50C
10-01-2026 23:30:13 RAM 2816/6833MB (lfb 237x4MB) SWAP 43/3417MB (cached 0MB) CPU [10%@1420,10%@1420,0%@1420,0%@1420,95%@1420,0%@1420] EMC_FREQ 0% GR3D_FREQ 0% AUX@41.5C CPU@42C thermal@41.5C AO@41C GPU@41C PMIC@50C
10-01-2026 23:30:13 RAM 2833/6833MB (lfb 240x4MB) SWAP 43/3417MB (cached 0MB) CPU [0%@1420,14%@1420,5%@1420,5%@1420,100%@1420,0%@1420] EMC_FREQ 0% GR3D_FREQ 0% AUX@41C CPU@42.5C thermal@41.5C AO@41C GPU@41C PMIC@50C
10-01-2026 23:30:13 RAM 2887/6833MB (lfb 235x4MB) SWAP 43/3417MB (cached 0MB) CPU [70%@1420,5%@1420,5%@1420,5%@1420,95%@1420,9%@1420] EMC_FREQ 0% GR3D_FREQ 24% AUX@41C CPU@42C thermal@41.5C AO@41C GPU@41C PMIC@50C
10-01-2026 23:30:13 RAM 2981/6833MB (lfb 219x4MB) SWAP 43/3417MB (cached 0MB) CPU [5%@1420,0%@1420,9%@1420,14%@1420,95%@1420,0%@1420] EMC_FREQ 0% GR3D_FREQ 7% AUX@41C CPU@42C thermal@41.5C AO@41C GPU@41C PMIC@50C
10-01-2026 23:30:13 RAM 3003/6833MB (lfb 222x4MB) SWAP 43/3417MB (cached 0MB) CPU [10%@1420,10%@1420,5%@1420,0%@1420,95%@1420,0%@1420] EMC_FREQ 0% GR3D_FREQ 7% AUX@41.5C CPU@42C thermal@41.3C AO@41C GPU@41C PMIC@50C
10-01-2026 23:30:14 RAM 3050/6833MB (lfb 219x4MB) SWAP 43/3417MB (cached 0MB) CPU [13%@1420,9%@1420,4%@1420,5%@1420,95%@1420,0%@1420] EMC_FREQ 0% GR3D_FREQ 7% AUX@41C CPU@42C thermal@41.3C AO@41C GPU@41C PMIC@50C
10-01-2026 23:30:14 RAM 3111/6833MB (lfb 213x4MB) SWAP 43/3417MB (cached 0MB) CPU [5%@1420,0%@1420,13%@1420,14%@1420,95%@1420,4%@1420] EMC_FREQ 0% GR3D_FREQ 20% AUX@41C CPU@42C thermal@41.3C AO@41C GPU@41C PMIC@50C
10-01-2026 23:30:14 RAM 3152/6833MB (lfb 211x4MB) SWAP 43/3417MB (cached 0MB) CPU [15%@1420,10%@1420,5%@1420,0%@1420,94%@1420,0%@1420] EMC_FREQ 0% GR3D_FREQ 19% AUX@41C CPU@42.5C thermal@41.3C AO@41C GPU@41C PMIC@50C
10-01-2026 23:30:14 RAM 3193/6833MB (lfb 210x4MB) SWAP 43/3417MB (cached 0MB) CPU [5%@1420,5%@1420,0%@1420,5%@1420,21%@1420,52%@1420] EMC_FREQ 0% GR3D_FREQ 46% AUX@41C CPU@42.5C thermal@41.3C AO@41C GPU@41C PMIC@50C
10-01-2026 23:30:14 RAM 3221/6833MB (lfb 210x4MB) SWAP 43/3417MB (cached 0MB) CPU [5%@1420,5%@1420,9%@1420,0%@1420,36%@1420,10%@1420] EMC_FREQ 0% GR3D_FREQ 64% AUX@41.5C CPU@42C thermal@41.3C AO@41C GPU@41C PMIC@50C
10-01-2026 23:30:15 RAM 3242/6833MB (lfb 200x4MB) SWAP 43/3417MB (cached 0MB) CPU [10%@1267,9%@1267,5%@1267,13%@1267,50%@1267,5%@1267] EMC_FREQ 0% GR3D_FREQ 35% AUX@41C CPU@42C thermal@41.45C AO@41C GPU@41C PMIC@50C
10-01-2026 23:30:15 RAM 3327/6833MB (lfb 158x4MB) SWAP 43/3417MB (cached 0MB) CPU [10%@1420,14%@1420,0%@1420,5%@1420,52%@1420,19%@1420] EMC_FREQ 0% GR3D_FREQ 53% AUX@41.5C CPU@42.5C thermal@41.45C AO@41C GPU@41C PMIC@50C
10-01-2026 23:30:15 RAM 3322/6833MB (lfb 146x4MB) SWAP 43/3417MB (cached 0MB) CPU [5%@1420,10%@1420,0%@1420,5%@1420,55%@1420,21%@1420] EMC_FREQ 0% GR3D_FREQ 0% AUX@41.5C CPU@42.5C thermal@41.45C AO@41C GPU@41C PMIC@50C
10-01-2026 23:30:15 RAM 3366/6833MB (lfb 135x4MB) SWAP 43/3417MB (cached 0MB) CPU [13%@1420,15%@1420,5%@1420,9%@1420,90%@1420,4%@1420] EMC_FREQ 0% GR3D_FREQ 0% AUX@41.5C CPU@42C thermal@41.45C AO@41C GPU@41C PMIC@50C
10-01-2026 23:30:15 RAM 3364/6833MB (lfb 135x4MB) SWAP 43/3417MB (cached 0MB) CPU [10%@1190,9%@1190,5%@1190,0%@1190,0%@1190,5%@1190] EMC_FREQ 0% GR3D_FREQ 0% AUX@41.5C CPU@42C thermal@41.45C AO@41C GPU@41C PMIC@50C
10-01-2026 23:30:16 RAM 3364/6833MB (lfb 135x4MB) SWAP 43/3417MB (cached 0MB) CPU [15%@1190,9%@1190,0%@1420,13%@1420,9%@1420,9%@1420] EMC_FREQ 0% GR3D_FREQ 0% AUX@41.5C CPU@42C thermal@41.5C AO@41C GPU@41C PMIC@50C
10-01-2026 23:30:16 RAM 3364/6833MB (lfb 135x4MB) SWAP 43/3417MB (cached 0MB) CPU [0%@1420,5%@1420,5%@1420,0%@1420,14%@1420,10%@1420] EMC_FREQ 0% GR3D_FREQ 0% AUX@41.5C CPU@42C thermal@41.5C AO@41C GPU@41C PMIC@50C
10-01-2026 23:30:16 RAM 3364/6833MB (lfb 135x4MB) SWAP 43/3417MB (cached 0MB) CPU [5%@1420,10%@1420,5%@1420,14%@1420,10%@1420,5%@1420] EMC_FREQ 0% GR3D_FREQ 0% AUX@41C CPU@41.5C thermal@41.5C AO@41C GPU@41C PMIC@50C
10-01-2026 23:30:16 RAM 3364/6833MB (lfb 135x4MB) SWAP 43/3417MB (cached 0MB) CPU [5%@1420,0%@1420,5%@1420,10%@1420,10%@1420,5%@1420] EMC_FREQ 0% GR3D_FREQ 0% AUX@41C CPU@42C thermal@41.5C AO@41C GPU@41C PMIC@50C
10-01-2026 23:30:16 RAM 3365/6833MB (lfb 135x4MB) SWAP 43/3417MB (cached 0MB) CPU [5%@1190,9%@1420,10%@1420,15%@1420,0%@1420,10%@1420] EMC_FREQ 0% GR3D_FREQ 0% AUX@41.5C CPU@42C thermal@41.5C AO@41C GPU@41C PMIC@50C
10-01-2026 23:30:17 RAM 3365/6833MB (lfb 135x4MB) SWAP 43/3417MB (cached 0MB) CPU [13%@1190,9%@1190,18%@1190,5%@1190,4%@1190,9%@1190] EMC_FREQ 0% GR3D_FREQ 0% AUX@41.5C CPU@42C thermal@41.5C AO@41C GPU@41C PMIC@50C
10-01-2026 23:30:17 RAM 3364/6833MB (lfb 135x4MB) SWAP 43/3417MB (cached 0MB) CPU [5%@1420,10%@1420,10%@1420,0%@1420,0%@1420,5%@1420] EMC_FREQ 0% GR3D_FREQ 0% AUX@41C CPU@42C thermal@41.3C AO@41C GPU@41C PMIC@50C
10-01-2026 23:30:17 RAM 3365/6833MB (lfb 135x4MB) SWAP 43/3417MB (cached 0MB) CPU [13%@1190,0%@1190,15%@1190,9%@1190,5%@1190,9%@1420] EMC_FREQ 0% GR3D_FREQ 0% AUX@41C CPU@42C thermal@41.3C AO@41C GPU@41C PMIC@50C
10-01-2026 23:30:17 RAM 3365/6833MB (lfb 135x4MB) SWAP 43/3417MB (cached 0MB) CPU [5%@1190,0%@1420,19%@1420,5%@1420,9%@1420,5%@1420] EMC_FREQ 0% GR3D_FREQ 0% AUX@41.5C CPU@42C thermal@41.3C AO@41C GPU@41C PMIC@50C
10-01-2026 23:30:18 RAM 3365/6833MB (lfb 135x4MB) SWAP 43/3417MB (cached 0MB) CPU [5%@1190,5%@1190,10%@1420,10%@1420,0%@1420,5%@1420] EMC_FREQ 0% GR3D_FREQ 0% AUX@41C CPU@42C thermal@41.3C AO@41C GPU@41C PMIC@50C
10-01-2026 23:30:18 RAM 3365/6833MB (lfb 135x4MB) SWAP 43/3417MB (cached 0MB) CPU [5%@1190,9%@1190,10%@1190,14%@1190,9%@1420,5%@1420] EMC_FREQ 0% GR3D_FREQ 0% AUX@41C CPU@42C thermal@41.3C AO@41C GPU@41C PMIC@50C
10-01-2026 23:30:18 RAM 3365/6833MB (lfb 135x4MB) SWAP 43/3417MB (cached 0MB) CPU [13%@1190,9%@1190,14%@1190,5%@1190,4%@1190,5%@1190] EMC_FREQ 0% GR3D_FREQ 0% AUX@41C CPU@42C thermal@41.3C AO@41C GPU@41C PMIC@50C
10-01-2026 23:30:18 RAM 3365/6833MB (lfb 135x4MB) SWAP 43/3417MB (cached 0MB) CPU [9%@1190,0%@1190,10%@1190,5%@1190,5%@1190,0%@1190] EMC_FREQ 0% GR3D_FREQ 0% AUX@41C CPU@42C thermal@41.3C AO@41C GPU@41C PMIC@50C
10-01-2026 23:30:18 RAM 3365/6833MB (lfb 135x4MB) SWAP 43/3417MB (cached 0MB) CPU [5%@1190,5%@1420,18%@1420,5%@1420,9%@1420,5%@1420] EMC_FREQ 0% GR3D_FREQ 0% AUX@41C CPU@42C thermal@41.3C AO@41C GPU@41C PMIC@50C
10-01-2026 23:30:19 RAM 3366/6833MB (lfb 135x4MB) SWAP 43/3417MB (cached 0MB) CPU [9%@1190,5%@1420,15%@1420,14%@1420,5%@1420,0%@1420] EMC_FREQ 0% GR3D_FREQ 0% AUX@41C CPU@42C thermal@41.3C AO@41C GPU@41C PMIC@50C
10-01-2026 23:30:19 RAM 3368/6833MB (lfb 135x4MB) SWAP 43/3417MB (cached 0MB) CPU [5%@1420,5%@1420,5%@1420,15%@1420,0%@1420,17%@1420] EMC_FREQ 0% GR3D_FREQ 0% AUX@41C CPU@42C thermal@41.3C AO@41C GPU@41C PMIC@50C
10-01-2026 23:30:19 RAM 3381/6833MB (lfb 135x4MB) SWAP 43/3417MB (cached 0MB) CPU [0%@1420,0%@1420,5%@1420,19%@1420,5%@1420,5%@1420] EMC_FREQ 0% GR3D_FREQ 0% AUX@41C CPU@42C thermal@41.3C AO@41C GPU@41C PMIC@50C
10-01-2026 23:30:19 RAM 3396/6833MB (lfb 135x4MB) SWAP 43/3417MB (cached 0MB) CPU [5%@1190,10%@1190,10%@1190,15%@1190,9%@1190,5%@1190] EMC_FREQ 0% GR3D_FREQ 0% AUX@41C CPU@42C thermal@41.3C AO@41C GPU@41C PMIC@50C
10-01-2026 23:30:19 RAM 3410/6833MB (lfb 135x4MB) SWAP 43/3417MB (cached 0MB) CPU [4%@1190,9%@1190,14%@1190,10%@1190,9%@1190,5%@1190] EMC_FREQ 0% GR3D_FREQ 0% AUX@41C CPU@42C thermal@41.3C AO@41C GPU@41C PMIC@50C
10-01-2026 23:30:20 RAM 3424/6833MB (lfb 135x4MB) SWAP 43/3417MB (cached 0MB) CPU [5%@1190,5%@1190,15%@1190,5%@1190,0%@1190,13%@1190] EMC_FREQ 0% GR3D_FREQ 0% AUX@41C CPU@42C thermal@41.3C AO@41C GPU@41C PMIC@50C
10-01-2026 23:30:20 RAM 3438/6833MB (lfb 135x4MB) SWAP 43/3417MB (cached 0MB) CPU [5%@1190,4%@1420,15%@1420,9%@1420,14%@1420,5%@1420] EMC_FREQ 0% GR3D_FREQ 0% AUX@41C CPU@42C thermal@41.3C AO@41C GPU@41C PMIC@50C
10-01-2026 23:30:20 RAM 3452/6833MB (lfb 131x4MB) SWAP 43/3417MB (cached 0MB) CPU [5%@1190,5%@1190,14%@1190,0%@1190,10%@1420,0%@1420] EMC_FREQ 0% GR3D_FREQ 0% AUX@41C CPU@42C thermal@41.3C AO@41C GPU@41C PMIC@50C
10-01-2026 23:30:20 RAM 3466/6833MB (lfb 124x4MB) SWAP 43/3417MB (cached 0MB) CPU [13%@1190,9%@1190,19%@1190,5%@1190,15%@1420,5%@1420] EMC_FREQ 0% GR3D_FREQ 0% AUX@41C CPU@42C thermal@41.3C AO@41C GPU@41C PMIC@50C
10-01-2026 23:30:20 RAM 3480/6833MB (lfb 117x4MB) SWAP 43/3417MB (cached 0MB) CPU [0%@1190,5%@1190,0%@1190,14%@1190,13%@1190,0%@1190] EMC_FREQ 0% GR3D_FREQ 0% AUX@41C CPU@42C thermal@41.3C AO@41.5C GPU@41C PMIC@50C
10-01-2026 23:30:21 RAM 3494/6833MB (lfb 110x4MB) SWAP 43/3417MB (cached 0MB) CPU [4%@1190,0%@1190,13%@1190,10%@1190,10%@1190,14%@1190] EMC_FREQ 0% GR3D_FREQ 0% AUX@41C CPU@42C thermal@41.3C AO@41C GPU@41C PMIC@50C
10-01-2026 23:30:21 RAM 3502/6833MB (lfb 104x4MB) SWAP 43/3417MB (cached 0MB) CPU [5%@1190,0%@1190,5%@1190,10%@1420,5%@1420,5%@1420] EMC_FREQ 0% GR3D_FREQ 0% AUX@41C CPU@42C thermal@41.3C AO@41C GPU@41C PMIC@50C
10-01-2026 23:30:21 RAM 3511/6833MB (lfb 97x4MB) SWAP 43/3417MB (cached 0MB) CPU [14%@1420,5%@1420,5%@1420,15%@1420,5%@1420,0%@1420] EMC_FREQ 0% GR3D_FREQ 0% AUX@41C CPU@42C thermal@41.3C AO@41C GPU@41C PMIC@50C
10-01-2026 23:30:21 RAM 3523/6833MB (lfb 91x4MB) SWAP 43/3417MB (cached 0MB) CPU [5%@1190,5%@1420,0%@1420,21%@1420,0%@1420,14%@1420] EMC_FREQ 0% GR3D_FREQ 0% AUX@41C CPU@42C thermal@41.3C AO@41C GPU@41C PMIC@50C
10-01-2026 23:30:21 RAM 3535/6833MB (lfb 84x4MB) SWAP 43/3417MB (cached 0MB) CPU [5%@1190,5%@1420,10%@1420,19%@1420,9%@1420,5%@1420] EMC_FREQ 0% GR3D_FREQ 0% AUX@41C CPU@42C thermal@41.3C AO@41C GPU@41C PMIC@50C
10-01-2026 23:30:22 RAM 3544/6833MB (lfb 79x4MB) SWAP 43/3417MB (cached 0MB) CPU [5%@1190,5%@1190,0%@1190,15%@1190,10%@1190,10%@1190] EMC_FREQ 0% GR3D_FREQ 0% AUX@41C CPU@42C thermal@41.3C AO@41C GPU@41C PMIC@50C
10-01-2026 23:30:22 RAM 3558/6833MB (lfb 71x4MB) SWAP 43/3417MB (cached 0MB) CPU [9%@1190,4%@1190,14%@1190,10%@1190,18%@1190,4%@1190] EMC_FREQ 0% GR3D_FREQ 0% AUX@41C CPU@42C thermal@41.3C AO@41C GPU@41C PMIC@50C
10-01-2026 23:30:22 RAM 3566/6833MB (lfb 66x4MB) SWAP 43/3417MB (cached 0MB) CPU [22%@1190,0%@1190,0%@1190,19%@1190,0%@1420,5%@1420] EMC_FREQ 0% GR3D_FREQ 0% AUX@41C CPU@42C thermal@41.3C AO@41C GPU@41C PMIC@50C
10-01-2026 23:30:22 RAM 3576/6833MB (lfb 60x4MB) SWAP 43/3417MB (cached 0MB) CPU [5%@1420,5%@1420,10%@1420,10%@1420,14%@1420,5%@1420] EMC_FREQ 0% GR3D_FREQ 0% AUX@41C CPU@42C thermal@41.3C AO@41C GPU@41C PMIC@50C
10-01-2026 23:30:22 RAM 3591/6833MB (lfb 52x4MB) SWAP 43/3417MB (cached 0MB) CPU [9%@1190,9%@1190,5%@1190,22%@1190,18%@1420,9%@1420] EMC_FREQ 0% GR3D_FREQ 0% AUX@41C CPU@41.5C thermal@41.3C AO@41C GPU@41C PMIC@50C
10-01-2026 23:30:23 RAM 3604/6833MB (lfb 48x4MB) SWAP 43/3417MB (cached 0MB) CPU [5%@1190,14%@1190,5%@1190,14%@1190,14%@1190,9%@1420] EMC_FREQ 0% GR3D_FREQ 0% AUX@41C CPU@42C thermal@41.3C AO@41C GPU@41C PMIC@50C
10-01-2026 23:30:23 RAM 3620/6833MB (lfb 48x4MB) SWAP 43/3417MB (cached 0MB) CPU [5%@1420,5%@1420,9%@1420,10%@1420,5%@1420,5%@1190] EMC_FREQ 0% GR3D_FREQ 0% AUX@41C CPU@42C thermal@41.3C AO@41C GPU@41C PMIC@50C
10-01-2026 23:30:23 RAM 3636/6833MB (lfb 48x4MB) SWAP 43/3417MB (cached 0MB) CPU [10%@1190,5%@1190,13%@1190,5%@1190,5%@1190,5%@1190] EMC_FREQ 0% GR3D_FREQ 0% AUX@41C CPU@42C thermal@41.3C AO@41C GPU@40.5C PMIC@50C
10-01-2026 23:30:23 RAM 3651/6833MB (lfb 48x4MB) SWAP 43/3417MB (cached 0MB) CPU [19%@1190,9%@1420,0%@1420,5%@1420,0%@1420,0%@1420] EMC_FREQ 0% GR3D_FREQ 0% AUX@41C CPU@41.5C thermal@41.3C AO@41C GPU@41C PMIC@50C
10-01-2026 23:30:23 RAM 3666/6833MB (lfb 48x4MB) SWAP 43/3417MB (cached 0MB) CPU [5%@1190,5%@1190,0%@1420,10%@1420,9%@1420,5%@1420] EMC_FREQ 0% GR3D_FREQ 0% AUX@41C CPU@42C thermal@41.3C AO@41C GPU@41C PMIC@50C
10-01-2026 23:30:24 RAM 3683/6833MB (lfb 48x4MB) SWAP 43/3417MB (cached 0MB) CPU [5%@1190,4%@1190,0%@1190,14%@1190,10%@1190,9%@1420] EMC_FREQ 0% GR3D_FREQ 0% AUX@41C CPU@42C thermal@41.3C AO@41C GPU@41C PMIC@50C
10-01-2026 23:30:24 RAM 3687/6833MB (lfb 48x4MB) SWAP 43/3417MB (cached 0MB) CPU [15%@1420,5%@1420,20%@1420,30%@1420,0%@1420,10%@1420] EMC_FREQ 0% GR3D_FREQ 73% AUX@41C CPU@42C thermal@41.3C AO@41C GPU@40.5C PMIC@50C
10-01-2026 23:30:24 RAM 3687/6833MB (lfb 48x4MB) SWAP 43/3417MB (cached 0MB) CPU [10%@1420,9%@1420,76%@1420,9%@1420,9%@1420,10%@1420] EMC_FREQ 0% GR3D_FREQ 0% AUX@41C CPU@42C thermal@41.3C AO@41C GPU@41C PMIC@50C
10-01-2026 23:30:24 RAM 3366/6833MB (lfb 48x4MB) SWAP 43/3417MB (cached 0MB) CPU [5%@1420,0%@1420,95%@1420,5%@1420,5%@1420,10%@1420] EMC_FREQ 0% GR3D_FREQ 0% AUX@41C CPU@42C thermal@41.3C AO@41C GPU@41C PMIC@50C
10-01-2026 23:30:24 RAM 3365/6833MB (lfb 48x4MB) SWAP 43/3417MB (cached 0MB) CPU [5%@1420,4%@1420,100%@1420,14%@1420,16%@1420,9%@1420] EMC_FREQ 0% GR3D_FREQ 0% AUX@41C CPU@42C thermal@41.3C AO@41C GPU@41C PMIC@50C
10-01-2026 23:30:25 RAM 3364/6833MB (lfb 48x4MB) SWAP 43/3417MB (cached 0MB) CPU [13%@1190,5%@1190,63%@1190,10%@1190,47%@1190,15%@1420] EMC_FREQ 0% GR3D_FREQ 0% AUX@41C CPU@42C thermal@41.3C AO@41C GPU@41C PMIC@50C
10-01-2026 23:30:25 RAM 3369/6833MB (lfb 48x4MB) SWAP 43/3417MB (cached 0MB) CPU [0%@1420,9%@1420,42%@1420,0%@1420,26%@1420,0%@1420] EMC_FREQ 0% GR3D_FREQ 0% AUX@41C CPU@42C thermal@41.3C AO@41C GPU@41C PMIC@50C
10-01-2026 23:30:25 RAM 3369/6833MB (lfb 48x4MB) SWAP 43/3417MB (cached 0MB) CPU [9%@1420,0%@1420,100%@1420,5%@1420,9%@1420,14%@1420] EMC_FREQ 0% GR3D_FREQ 0% AUX@41C CPU@42C thermal@41.3C AO@41C GPU@41C PMIC@50C
10-01-2026 23:30:25 RAM 3369/6833MB (lfb 48x4MB) SWAP 43/3417MB (cached 0MB) CPU [5%@1420,9%@1420,76%@1420,15%@1420,10%@1420,0%@1420] EMC_FREQ 0% GR3D_FREQ 0% AUX@41C CPU@42C thermal@41.3C AO@41C GPU@41C PMIC@50C
10-01-2026 23:30:25 RAM 3853/6833MB (lfb 23x1MB) SWAP 43/3417MB (cached 0MB) CPU [5%@1420,9%@1420,0%@1420,100%@1420,10%@1420,5%@1420] EMC_FREQ 0% GR3D_FREQ 0% AUX@41C CPU@42C thermal@41.3C AO@41C GPU@41C PMIC@50C
10-01-2026 23:30:26 RAM 3939/6833MB (lfb 19x1MB) SWAP 43/3417MB (cached 0MB) CPU [5%@1420,0%@1420,15%@1420,100%@1420,10%@1420,0%@1420] EMC_FREQ 0% GR3D_FREQ 0% AUX@41C CPU@42C thermal@41.3C AO@41C GPU@41C PMIC@50C
10-01-2026 23:30:26 RAM 4001/6833MB (lfb 69x1MB) SWAP 43/3417MB (cached 0MB) CPU [14%@1420,10%@1420,4%@1420,100%@1420,19%@1420,68%@1420] EMC_FREQ 0% GR3D_FREQ 0% AUX@41C CPU@42.5C thermal@41.3C AO@41C GPU@41C PMIC@50C
10-01-2026 23:30:26 RAM 4082/6833MB (lfb 149x1MB) SWAP 43/3417MB (cached 0MB) CPU [10%@1420,18%@1420,5%@1420,100%@1420,5%@1420,100%@1420] EMC_FREQ 0% GR3D_FREQ 0% AUX@41C CPU@42.5C thermal@41.3C AO@41C GPU@41C PMIC@50C
10-01-2026 23:30:26 RAM 4149/6833MB (lfb 149x1MB) SWAP 43/3417MB (cached 0MB) CPU [10%@1420,10%@1420,5%@1420,100%@1420,0%@1420,0%@1420] EMC_FREQ 0% GR3D_FREQ 0% AUX@41C CPU@42.5C thermal@41.3C AO@41C GPU@41C PMIC@50C
10-01-2026 23:30:26 RAM 4216/6833MB (lfb 149x1MB) SWAP 43/3417MB (cached 0MB) CPU [10%@1420,5%@1420,0%@1420,100%@1420,13%@1420,0%@1420] EMC_FREQ 0% GR3D_FREQ 0% AUX@41C CPU@42C thermal@41.3C AO@41C GPU@41C PMIC@50C
10-01-2026 23:30:27 RAM 4283/6833MB (lfb 149x1MB) SWAP 43/3417MB (cached 0MB) CPU [5%@1420,9%@1420,0%@1420,100%@1420,0%@1420,5%@1420] EMC_FREQ 0% GR3D_FREQ 0% AUX@41C CPU@42C thermal@41.3C AO@41C GPU@41C PMIC@50C
10-01-2026 23:30:27 RAM 4350/6833MB (lfb 149x1MB) SWAP 43/3417MB (cached 0MB) CPU [14%@1420,5%@1420,0%@1420,100%@1420,9%@1420,4%@1420] EMC_FREQ 0% GR3D_FREQ 0% AUX@41C CPU@42C thermal@41.3C AO@41C GPU@41C PMIC@50C
10-01-2026 23:30:27 RAM 4356/6833MB (lfb 149x1MB) SWAP 43/3417MB (cached 0MB) CPU [15%@1420,9%@1420,0%@1420,100%@1420,0%@1420,9%@1420] EMC_FREQ 0% GR3D_FREQ 0% AUX@41C CPU@42C thermal@41.3C AO@41C GPU@41C PMIC@50C
10-01-2026 23:30:27 RAM 4355/6833MB (lfb 149x1MB) SWAP 43/3417MB (cached 0MB) CPU [10%@1420,0%@1420,0%@1420,100%@1420,9%@1420,0%@1420] EMC_FREQ 0% GR3D_FREQ 0% AUX@41C CPU@42C thermal@41.3C AO@41C GPU@41C PMIC@50C
10-01-2026 23:30:27 RAM 4355/6833MB (lfb 149x1MB) SWAP 43/3417MB (cached 0MB) CPU [18%@1420,5%@1420,0%@1420,100%@1420,5%@1420,5%@1420] EMC_FREQ 0% GR3D_FREQ 0% AUX@41C CPU@42C thermal@41.3C AO@41C GPU@41C PMIC@50C
10-01-2026 23:30:28 RAM 4355/6833MB (lfb 149x1MB) SWAP 43/3417MB (cached 0MB) CPU [15%@1420,9%@1420,4%@1420,100%@1420,0%@1420,9%@1420] EMC_FREQ 0% GR3D_FREQ 0% AUX@41C CPU@42C thermal@41.3C AO@41C GPU@41C PMIC@50C
10-01-2026 23:30:28 RAM 4355/6833MB (lfb 149x1MB) SWAP 43/3417MB (cached 0MB) CPU [13%@1420,9%@1420,0%@1420,100%@1420,5%@1420,0%@1420] EMC_FREQ 0% GR3D_FREQ 0% AUX@41C CPU@42C thermal@41.3C AO@41C GPU@41C PMIC@50C
10-01-2026 23:30:28 RAM 4194/6833MB (lfb 21x2MB) SWAP 43/3417MB (cached 0MB) CPU [5%@1420,10%@1420,0%@1420,100%@1420,9%@1420,9%@1420] EMC_FREQ 0% GR3D_FREQ 0% AUX@41C CPU@42C thermal@41.3C AO@41C GPU@40.5C PMIC@50C
10-01-2026 23:30:28 RAM 3350/6833MB (lfb 69x4MB) SWAP 43/3417MB (cached 0MB) CPU [10%@1420,57%@1420,0%@1420,100%@1420,5%@1420,10%@1420] EMC_FREQ 0% GR3D_FREQ 0% AUX@41C CPU@42C thermal@41.3C AO@41C GPU@41C PMIC@50C
10-01-2026 23:30:29 RAM 3350/6833MB (lfb 69x4MB) SWAP 43/3417MB (cached 0MB) CPU [5%@1420,10%@1420,4%@1420,100%@1420,13%@1420,9%@1420] EMC_FREQ 0% GR3D_FREQ 0% AUX@41C CPU@42C thermal@41.3C AO@41C GPU@41.5C PMIC@50C
10-01-2026 23:30:29 RAM 3350/6833MB (lfb 69x4MB) SWAP 43/3417MB (cached 0MB) CPU [10%@1420,5%@1420,0%@1420,100%@1420,0%@1420,5%@1420] EMC_FREQ 0% GR3D_FREQ 0% AUX@41C CPU@42C thermal@41.3C AO@41C GPU@41C PMIC@50C
10-01-2026 23:30:29 RAM 3357/6833MB (lfb 69x4MB) SWAP 43/3417MB (cached 0MB) CPU [14%@1420,70%@1420,4%@1420,100%@1420,0%@1420,5%@1420] EMC_FREQ 0% GR3D_FREQ 0% AUX@41C CPU@42C thermal@41.3C AO@41C GPU@41C PMIC@50C
10-01-2026 23:30:29 RAM 3387/6833MB (lfb 69x4MB) SWAP 43/3417MB (cached 0MB) CPU [5%@1420,9%@1420,5%@1420,100%@1420,5%@1420,5%@1420] EMC_FREQ 0% GR3D_FREQ 0% AUX@41C CPU@42C thermal@41.3C AO@41C GPU@41C PMIC@50C
10-01-2026 23:30:29 RAM 3418/6833MB (lfb 69x4MB) SWAP 43/3417MB (cached 0MB) CPU [4%@1420,5%@1420,9%@1420,100%@1420,9%@1420,0%@1420] EMC_FREQ 0% GR3D_FREQ 0% AUX@41C CPU@42C thermal@41.3C AO@41C GPU@41C PMIC@50C
10-01-2026 23:30:30 RAM 3449/6833MB (lfb 69x4MB) SWAP 43/3417MB (cached 0MB) CPU [5%@1420,13%@1420,4%@1420,100%@1420,0%@1420,5%@1420] EMC_FREQ 0% GR3D_FREQ 0% AUX@41C CPU@41.5C thermal@41.3C AO@41.5C GPU@41C PMIC@50C
10-01-2026 23:30:30 RAM 3480/6833MB (lfb 69x4MB) SWAP 43/3417MB (cached 0MB) CPU [5%@1420,5%@1420,0%@1420,100%@1420,5%@1420,9%@1420] EMC_FREQ 0% GR3D_FREQ 0% AUX@41C CPU@42C thermal@41.3C AO@41C GPU@41C PMIC@50C
10-01-2026 23:30:30 RAM 3512/6833MB (lfb 69x4MB) SWAP 43/3417MB (cached 0MB) CPU [5%@1420,10%@1420,0%@1420,100%@1420,13%@1420,0%@1420] EMC_FREQ 0% GR3D_FREQ 0% AUX@41C CPU@42C thermal@41.3C AO@41C GPU@41C PMIC@50C
10-01-2026 23:30:30 RAM 3541/6833MB (lfb 69x4MB) SWAP 43/3417MB (cached 0MB) CPU [5%@1420,10%@1420,0%@1420,100%@1420,9%@1420,9%@1420] EMC_FREQ 0% GR3D_FREQ 0% AUX@41C CPU@41.5C thermal@41.3C AO@41C GPU@41C PMIC@50C
10-01-2026 23:30:30 RAM 3571/6833MB (lfb 69x4MB) SWAP 43/3417MB (cached 0MB) CPU [0%@1420,9%@1420,4%@1420,100%@1420,5%@1420,0%@1420] EMC_FREQ 0% GR3D_FREQ 0% AUX@41C CPU@41.5C thermal@41.3C AO@41C GPU@41C PMIC@50C
10-01-2026 23:30:31 RAM 3598/6833MB (lfb 69x4MB) SWAP 43/3417MB (cached 0MB) CPU [14%@1420,5%@1420,0%@1420,100%@1420,15%@1420,9%@1420] EMC_FREQ 0% GR3D_FREQ 0% AUX@41C CPU@42C thermal@41.3C AO@41.5C GPU@41C PMIC@50C
10-01-2026 23:30:31 RAM 3624/6833MB (lfb 69x4MB) SWAP 43/3417MB (cached 0MB) CPU [9%@1420,9%@1420,0%@1420,100%@1420,5%@1420,0%@1420] EMC_FREQ 0% GR3D_FREQ 0% AUX@41C CPU@42C thermal@41.3C AO@41C GPU@41C PMIC@50C
10-01-2026 23:30:31 RAM 3653/6833MB (lfb 69x4MB) SWAP 43/3417MB (cached 0MB) CPU [0%@1420,5%@1420,5%@1420,100%@1420,10%@1420,4%@1420] EMC_FREQ 0% GR3D_FREQ 0% AUX@41C CPU@41.5C thermal@41.3C AO@41C GPU@41C PMIC@50C
10-01-2026 23:30:31 RAM 3681/6833MB (lfb 69x4MB) SWAP 43/3417MB (cached 0MB) CPU [0%@1420,5%@1420,4%@1420,100%@1420,5%@1420,0%@1420] EMC_FREQ 0% GR3D_FREQ 0% AUX@41C CPU@42C thermal@41.3C AO@41C GPU@41C PMIC@50C
10-01-2026 23:30:31 RAM 3710/6833MB (lfb 69x4MB) SWAP 43/3417MB (cached 0MB) CPU [9%@1420,5%@1420,0%@1420,100%@1420,5%@1420,10%@1420] EMC_FREQ 0% GR3D_FREQ 0% AUX@41C CPU@42C thermal@41.3C AO@41C GPU@40.5C PMIC@50C
10-01-2026 23:30:32 RAM 3741/6833MB (lfb 69x4MB) SWAP 43/3417MB (cached 0MB) CPU [0%@1420,0%@1420,0%@1420,100%@1420,13%@1420,10%@1420] EMC_FREQ 0% GR3D_FREQ 0% AUX@41C CPU@42C thermal@41.3C AO@41C GPU@41C PMIC@50C
10-01-2026 23:30:32 RAM 3785/6833MB (lfb 69x4MB) SWAP 43/3417MB (cached 0MB) CPU [0%@1420,9%@1420,0%@1420,100%@1420,9%@1420,9%@1420] EMC_FREQ 0% GR3D_FREQ 0% AUX@41C CPU@42C thermal@41.3C AO@41C GPU@41C PMIC@50C
10-01-2026 23:30:32 RAM 3827/6833MB (lfb 60x4MB) SWAP 43/3417MB (cached 0MB) CPU [0%@1420,5%@1420,4%@1420,100%@1420,5%@1420,22%@1420] EMC_FREQ 0% GR3D_FREQ 0% AUX@41C CPU@42C thermal@41.3C AO@41C GPU@41C PMIC@50C
10-01-2026 23:30:32 RAM 3827/6833MB (lfb 60x4MB) SWAP 43/3417MB (cached 0MB) CPU [9%@1420,5%@1420,4%@1420,100%@1420,4%@1420,0%@1420] EMC_FREQ 0% GR3D_FREQ 0% AUX@41C CPU@42C thermal@41.3C AO@41C GPU@41C PMIC@50C
10-01-2026 23:30:32 RAM 3827/6833MB (lfb 60x4MB) SWAP 43/3417MB (cached 0MB) CPU [5%@1420,9%@1420,4%@1420,100%@1420,0%@1420,19%@1420] EMC_FREQ 0% GR3D_FREQ 0% AUX@41C CPU@42C thermal@41.3C AO@41C GPU@41C PMIC@50C
10-01-2026 23:30:33 RAM 3827/6833MB (lfb 60x4MB) SWAP 43/3417MB (cached 0MB) CPU [0%@1420,4%@1420,0%@1420,100%@1420,9%@1420,14%@1420] EMC_FREQ 0% GR3D_FREQ 0% AUX@41C CPU@42C thermal@41.3C AO@41C GPU@41C PMIC@50C
10-01-2026 23:30:33 RAM 3827/6833MB (lfb 60x4MB) SWAP 43/3417MB (cached 0MB) CPU [5%@1420,0%@1420,0%@1420,100%@1420,5%@1420,5%@1420] EMC_FREQ 0% GR3D_FREQ 0% AUX@41C CPU@42C thermal@41.3C AO@41C GPU@41C PMIC@50C
10-01-2026 23:30:33 RAM 3827/6833MB (lfb 60x4MB) SWAP 43/3417MB (cached 0MB) CPU [13%@1420,0%@1420,4%@1420,100%@1420,4%@1420,14%@1420] EMC_FREQ 0% GR3D_FREQ 0% AUX@41C CPU@42C thermal@41.3C AO@41C GPU@41C PMIC@50C
10-01-2026 23:30:33 RAM 3827/6833MB (lfb 60x4MB) SWAP 43/3417MB (cached 0MB) CPU [0%@1420,4%@1420,4%@1420,100%@1420,5%@1420,14%@1420] EMC_FREQ 0% GR3D_FREQ 0% AUX@41C CPU@42C thermal@41.3C AO@41C GPU@41C PMIC@50C
10-01-2026 23:30:33 RAM 3827/6833MB (lfb 60x4MB) SWAP 43/3417MB (cached 0MB) CPU [5%@1420,68%@1420,0%@1420,100%@1420,4%@1420,15%@1420] EMC_FREQ 0% GR3D_FREQ 0% AUX@41C CPU@42C thermal@41.3C AO@41C GPU@41C PMIC@50C
10-01-2026 23:30:34 RAM 3827/6833MB (lfb 60x4MB) SWAP 43/3417MB (cached 0MB) CPU [5%@1420,5%@1420,0%@1420,100%@1420,5%@1420,5%@1420] EMC_FREQ 0% GR3D_FREQ 0% AUX@41C CPU@42C thermal@41.3C AO@41C GPU@41C PMIC@50C
10-01-2026 23:30:34 RAM 3827/6833MB (lfb 60x4MB) SWAP 43/3417MB (cached 0MB) CPU [13%@1420,9%@1420,4%@1420,100%@1420,5%@1420,9%@1420] EMC_FREQ 0% GR3D_FREQ 0% AUX@41C CPU@41.5C thermal@41.3C AO@41C GPU@41C PMIC@50C
10-01-2026 23:30:34 RAM 3827/6833MB (lfb 60x4MB) SWAP 43/3417MB (cached 0MB) CPU [0%@1420,5%@1420,0%@1420,100%@1420,9%@1420,15%@1420] EMC_FREQ 0% GR3D_FREQ 0% AUX@41C CPU@42C thermal@41.3C AO@41C GPU@41C PMIC@50C
10-01-2026 23:30:34 RAM 3827/6833MB (lfb 60x4MB) SWAP 43/3417MB (cached 0MB) CPU [0%@1420,66%@1420,10%@1420,100%@1420,0%@1420,10%@1420] EMC_FREQ 0% GR3D_FREQ 0% AUX@41C CPU@42C thermal@41.3C AO@41C GPU@41C PMIC@50C
10-01-2026 23:30:34 RAM 3827/6833MB (lfb 60x4MB) SWAP 43/3417MB (cached 0MB) CPU [4%@1420,0%@1420,9%@1420,100%@1420,0%@1420,14%@1420] EMC_FREQ 0% GR3D_FREQ 0% AUX@41C CPU@42C thermal@41.3C AO@41C GPU@41C PMIC@50C
10-01-2026 23:30:35 RAM 3827/6833MB (lfb 60x4MB) SWAP 43/3417MB (cached 0MB) CPU [5%@1420,0%@1420,4%@1420,100%@1420,4%@1420,5%@1420] EMC_FREQ 0% GR3D_FREQ 0% AUX@41C CPU@42C thermal@41.3C AO@41C GPU@40.5C PMIC@50C
10-01-2026 23:30:35 RAM 3828/6833MB (lfb 60x4MB) SWAP 43/3417MB (cached 0MB) CPU [19%@1420,18%@1420,15%@1420,90%@1420,5%@1420,30%@1420] EMC_FREQ 0% GR3D_FREQ 0% AUX@41C CPU@42.5C thermal@41.15C AO@41C GPU@41C PMIC@50C
10-01-2026 23:30:35 RAM 3349/6833MB (lfb 70x4MB) SWAP 43/3417MB (cached 0MB) CPU [23%@1420,15%@1420,19%@1420,94%@1420,20%@1420,20%@1420] EMC_FREQ 0% GR3D_FREQ 0% AUX@41C CPU@42C thermal@41.15C AO@41C GPU@41C PMIC@50C
10-01-2026 23:30:35 RAM 3349/6833MB (lfb 70x4MB) SWAP 43/3417MB (cached 0MB) CPU [0%@1420,5%@1420,0%@1420,100%@1420,10%@1420,4%@1420] EMC_FREQ 0% GR3D_FREQ 10% AUX@41C CPU@42C thermal@41.15C AO@41C GPU@40.5C PMIC@50C
10-01-2026 23:30:35 RAM 3349/6833MB (lfb 70x4MB) SWAP 43/3417MB (cached 0MB) CPU [5%@1420,5%@1420,5%@1420,90%@1420,5%@1420,14%@1420] EMC_FREQ 0% GR3D_FREQ 17% AUX@41C CPU@42C thermal@41.15C AO@41C GPU@40.5C PMIC@50C
10-01-2026 23:30:36 RAM 3349/6833MB (lfb 70x4MB) SWAP 43/3417MB (cached 0MB) CPU [0%@1420,5%@1420,4%@1420,95%@1420,9%@1420,0%@1420] EMC_FREQ 0% GR3D_FREQ 7% AUX@41C CPU@42C thermal@41.15C AO@41.5C GPU@40.5C PMIC@50C
10-01-2026 23:30:36 RAM 3349/6833MB (lfb 70x4MB) SWAP 43/3417MB (cached 0MB) CPU [10%@1420,5%@1420,40%@1420,61%@1420,9%@1420,5%@1420] EMC_FREQ 0% GR3D_FREQ 7% AUX@41C CPU@42C thermal@41.15C AO@41C GPU@41C PMIC@50C
10-01-2026 23:30:36 RAM 3445/6833MB (lfb 70x4MB) SWAP 43/3417MB (cached 0MB) CPU [18%@1420,5%@1420,95%@1420,0%@1420,0%@1420,14%@1420] EMC_FREQ 0% GR3D_FREQ 2% AUX@41C CPU@42C thermal@41.15C AO@41C GPU@41C PMIC@50C
10-01-2026 23:30:36 RAM 3518/6833MB (lfb 70x4MB) SWAP 43/3417MB (cached 0MB) CPU [14%@1344,5%@1344,95%@1344,0%@1344,4%@1344,5%@1344] EMC_FREQ 0% GR3D_FREQ 87% AUX@41C CPU@42C thermal@41.15C AO@41C GPU@41C PMIC@50C
10-01-2026 23:30:36 RAM 3512/6833MB (lfb 65x4MB) SWAP 43/3417MB (cached 0MB) CPU [10%@1420,5%@1420,0%@1420,85%@1420,9%@1420,0%@1420] EMC_FREQ 0% GR3D_FREQ 0% AUX@41C CPU@42C thermal@41.15C AO@41C GPU@41C PMIC@50C
10-01-2026 23:30:37 RAM 3512/6833MB (lfb 65x4MB) SWAP 43/3417MB (cached 0MB) CPU [10%@1420,5%@1420,0%@1420,100%@1420,5%@1420,5%@1420] EMC_FREQ 0% GR3D_FREQ 0% AUX@41C CPU@42C thermal@41.15C AO@41C GPU@41C PMIC@50C
10-01-2026 23:30:37 RAM 3512/6833MB (lfb 65x4MB) SWAP 43/3417MB (cached 0MB) CPU [15%@1420,14%@1420,0%@1420,100%@1420,5%@1420,4%@1420] EMC_FREQ 0% GR3D_FREQ 0% AUX@41C CPU@42C thermal@41.15C AO@41C GPU@40.5C PMIC@50C
10-01-2026 23:30:37 RAM 3512/6833MB (lfb 65x4MB) SWAP 43/3417MB (cached 0MB) CPU [10%@1420,13%@1420,0%@1420,95%@1420,0%@1420,0%@1420] EMC_FREQ 0% GR3D_FREQ 3% AUX@41C CPU@42C thermal@41.15C AO@41C GPU@41C PMIC@50C
10-01-2026 23:30:37 RAM 3513/6833MB (lfb 65x4MB) SWAP 43/3417MB (cached 0MB) CPU [19%@1420,9%@1420,4%@1420,95%@1420,4%@1420,10%@1420] EMC_FREQ 0% GR3D_FREQ 11% AUX@41C CPU@42C thermal@41.15C AO@41C GPU@41C PMIC@50C
10-01-2026 23:30:37 RAM 3513/6833MB (lfb 65x4MB) SWAP 43/3417MB (cached 0MB) CPU [10%@1420,5%@1420,0%@1420,95%@1420,9%@1420,0%@1420] EMC_FREQ 0% GR3D_FREQ 11% AUX@41C CPU@42C thermal@41.15C AO@41C GPU@41C PMIC@50C
10-01-2026 23:30:38 RAM 3513/6833MB (lfb 65x4MB) SWAP 43/3417MB (cached 0MB) CPU [5%@1420,18%@1420,0%@1420,95%@1420,0%@1420,9%@1420] EMC_FREQ 0% GR3D_FREQ 5% AUX@40.5C CPU@42C thermal@41.15C AO@41C GPU@41C PMIC@50C
10-01-2026 23:30:38 RAM 3517/6833MB (lfb 65x4MB) SWAP 43/3417MB (cached 0MB) CPU [13%@1420,5%@1420,0%@1420,100%@1420,10%@1420,9%@1420] EMC_FREQ 0% GR3D_FREQ 0% AUX@41C CPU@42C thermal@41.15C AO@41C GPU@41C PMIC@50C
10-01-2026 23:30:38 RAM 3517/6833MB (lfb 65x4MB) SWAP 43/3417MB (cached 0MB) CPU [5%@1420,5%@1420,4%@1420,100%@1420,14%@1420,0%@1420] EMC_FREQ 0% GR3D_FREQ 0% AUX@40.5C CPU@42C thermal@41.3C AO@41C GPU@41C PMIC@50C
10-01-2026 23:30:38 RAM 3517/6833MB (lfb 65x4MB) SWAP 43/3417MB (cached 0MB) CPU [10%@1420,0%@1420,0%@1420,100%@1420,0%@1420,5%@1420] EMC_FREQ 0% GR3D_FREQ 0% AUX@40.5C CPU@42C thermal@41.3C AO@41C GPU@41C PMIC@50C
10-01-2026 23:30:38 RAM 3517/6833MB (lfb 65x4MB) SWAP 43/3417MB (cached 0MB) CPU [10%@1420,10%@1420,0%@1420,100%@1420,71%@1420,14%@1420] EMC_FREQ 0% GR3D_FREQ 0% AUX@41C CPU@42C thermal@41.3C AO@41C GPU@41C PMIC@50C
10-01-2026 23:30:39 RAM 3517/6833MB (lfb 65x4MB) SWAP 43/3417MB (cached 0MB) CPU [9%@1420,9%@1420,0%@1420,100%@1420,0%@1420,5%@1420] EMC_FREQ 0% GR3D_FREQ 0% AUX@41C CPU@42C thermal@41.3C AO@41C GPU@41C PMIC@50C
10-01-2026 23:30:39 RAM 3517/6833MB (lfb 65x4MB) SWAP 43/3417MB (cached 0MB) CPU [5%@1420,0%@1420,4%@1420,100%@1420,5%@1420,14%@1420] EMC_FREQ 0% GR3D_FREQ 0% AUX@41C CPU@41.5C thermal@41.3C AO@41C GPU@41C PMIC@50C
10-01-2026 23:30:39 RAM 3517/6833MB (lfb 65x4MB) SWAP 43/3417MB (cached 0MB) CPU [5%@1420,10%@1420,0%@1420,100%@1420,9%@1420,0%@1420] EMC_FREQ 0% GR3D_FREQ 3% AUX@41C CPU@42C thermal@41.3C AO@41C GPU@41C PMIC@50C
10-01-2026 23:30:39 RAM 3517/6833MB (lfb 65x4MB) SWAP 43/3417MB (cached 0MB) CPU [0%@1420,9%@1420,4%@1420,100%@1420,5%@1420,5%@1420] EMC_FREQ 0% GR3D_FREQ 0% AUX@41C CPU@42C thermal@41.15C AO@41C GPU@41C PMIC@50C
10-01-2026 23:30:39 RAM 3517/6833MB (lfb 65x4MB) SWAP 43/3417MB (cached 0MB) CPU [65%@1420,14%@1420,5%@1420,100%@1420,5%@1420,9%@1420] EMC_FREQ 0% GR3D_FREQ 0% AUX@41C CPU@42C thermal@41.15C AO@41C GPU@41.5C PMIC@50C
10-01-2026 23:30:40 RAM 3517/6833MB (lfb 65x4MB) SWAP 43/3417MB (cached 0MB) CPU [0%@1420,5%@1420,4%@1420,100%@1420,5%@1420,10%@1420] EMC_FREQ 0% GR3D_FREQ 0% AUX@41C CPU@42C thermal@41.15C AO@41C GPU@41C PMIC@50C
10-01-2026 23:30:40 RAM 3517/6833MB (lfb 65x4MB) SWAP 43/3417MB (cached 0MB) CPU [9%@1420,9%@1420,0%@1420,100%@1420,9%@1420,14%@1420] EMC_FREQ 0% GR3D_FREQ 0% AUX@40.5C CPU@41.5C thermal@41.15C AO@41C GPU@41C PMIC@50C
10-01-2026 23:30:40 RAM 3518/6833MB (lfb 65x4MB) SWAP 43/3417MB (cached 0MB) CPU [15%@1420,15%@1420,15%@1420,47%@1420,36%@1420,10%@1420] EMC_FREQ 0% GR3D_FREQ 99% AUX@41C CPU@42C thermal@41.15C AO@41C GPU@41.5C PMIC@50C
10-01-2026 23:30:40 RAM 3518/6833MB (lfb 65x4MB) SWAP 43/3417MB (cached 0MB) CPU [0%@1420,20%@1420,4%@1420,0%@1420,5%@1420,5%@1420] EMC_FREQ 0% GR3D_FREQ 2% AUX@41C CPU@42C thermal@41.9C AO@41.5C GPU@42.5C PMIC@50C
10-01-2026 23:30:41 RAM 3518/6833MB (lfb 65x4MB) SWAP 43/3417MB (cached 0MB) CPU [90%@1420,0%@1420,5%@1420,9%@1420,5%@1420,4%@1420] EMC_FREQ 0% GR3D_FREQ 5% AUX@41C CPU@42C thermal@41.9C AO@41C GPU@41.5C PMIC@50C
10-01-2026 23:30:41 RAM 3544/6833MB (lfb 65x4MB) SWAP 43/3417MB (cached 0MB) CPU [100%@1420,4%@1420,0%@1420,5%@1420,9%@1420,9%@1420] EMC_FREQ 0% GR3D_FREQ 2% AUX@41C CPU@42C thermal@41.9C AO@41.5C GPU@41.5C PMIC@50C
10-01-2026 23:30:41 RAM 3567/6833MB (lfb 65x4MB) SWAP 43/3417MB (cached 0MB) CPU [95%@1420,5%@1420,13%@1420,13%@1420,9%@1420,5%@1420] EMC_FREQ 0% GR3D_FREQ 4% AUX@41C CPU@42C thermal@41.9C AO@41C GPU@41.5C PMIC@50C
10-01-2026 23:30:41 RAM 3572/6833MB (lfb 65x4MB) SWAP 43/3417MB (cached 0MB) CPU [100%@1420,4%@1420,5%@1420,5%@1420,5%@1420,0%@1420] EMC_FREQ 0% GR3D_FREQ 0% AUX@41C CPU@42C thermal@41.9C AO@41.5C GPU@41.5C PMIC@50C
10-01-2026 23:30:41 RAM 3604/6833MB (lfb 65x4MB) SWAP 43/3417MB (cached 0MB) CPU [5%@1420,89%@1420,5%@1420,5%@1420,5%@1420,5%@1420] EMC_FREQ 0% GR3D_FREQ 0% AUX@41C CPU@42C thermal@41.9C AO@41.5C GPU@41.5C PMIC@50C
10-01-2026 23:30:42 RAM 3653/6833MB (lfb 65x4MB) SWAP 43/3417MB (cached 0MB) CPU [0%@1420,100%@1420,4%@1420,5%@1420,9%@1420,14%@1420] EMC_FREQ 0% GR3D_FREQ 0% AUX@41C CPU@42C thermal@41.3C AO@41.5C GPU@41.5C PMIC@50C
10-01-2026 23:30:42 RAM 3660/6833MB (lfb 65x4MB) SWAP 43/3417MB (cached 0MB) CPU [9%@1420,90%@1420,0%@1420,10%@1420,0%@1420,0%@1420] EMC_FREQ 0% GR3D_FREQ 0% AUX@41C CPU@42C thermal@41.3C AO@41C GPU@41.5C PMIC@50C
10-01-2026 23:30:42 RAM 3666/6833MB (lfb 65x4MB) SWAP 43/3417MB (cached 0MB) CPU [55%@1420,40%@1420,9%@1420,5%@1420,13%@1420,5%@1420] EMC_FREQ 0% GR3D_FREQ 0% AUX@41C CPU@42C thermal@41.3C AO@41C GPU@41.5C PMIC@50C
10-01-2026 23:30:42 RAM 3673/6833MB (lfb 65x4MB) SWAP 43/3417MB (cached 0MB) CPU [100%@1420,0%@1420,5%@1420,5%@1420,5%@1420,5%@1420] EMC_FREQ 0% GR3D_FREQ 0% AUX@41C CPU@42C thermal@41.3C AO@41C GPU@41.5C PMIC@50C
10-01-2026 23:30:42 RAM 3704/6833MB (lfb 65x4MB) SWAP 43/3417MB (cached 0MB) CPU [95%@1420,0%@1420,13%@1420,9%@1420,0%@1420,5%@1420] EMC_FREQ 0% GR3D_FREQ 1% AUX@41C CPU@42C thermal@41.3C AO@41C GPU@41.5C PMIC@50C
10-01-2026 23:30:43 RAM 3708/6833MB (lfb 65x4MB) SWAP 43/3417MB (cached 0MB) CPU [95%@1420,4%@1420,0%@1420,10%@1420,4%@1420,0%@1420] EMC_FREQ 0% GR3D_FREQ 0% AUX@41C CPU@42C thermal@41.45C AO@41.5C GPU@41.5C PMIC@50C
10-01-2026 23:30:43 RAM 3726/6833MB (lfb 65x4MB) SWAP 43/3417MB (cached 0MB) CPU [0%@1420,95%@1420,0%@1420,14%@1420,5%@1420,9%@1420] EMC_FREQ 0% GR3D_FREQ 3% AUX@41C CPU@42C thermal@41.45C AO@41C GPU@41.5C PMIC@50C
10-01-2026 23:30:43 RAM 3776/6833MB (lfb 62x4MB) SWAP 43/3417MB (cached 0MB) CPU [0%@1420,100%@1420,9%@1420,18%@1420,4%@1420,14%@1420] EMC_FREQ 0% GR3D_FREQ 1% AUX@41C CPU@42.5C thermal@41.45C AO@41C GPU@41.5C PMIC@50C
10-01-2026 23:30:43 RAM 3858/6833MB (lfb 54x4MB) SWAP 43/3417MB (cached 0MB) CPU [5%@1420,95%@1420,0%@1420,10%@1420,9%@1420,0%@1420] EMC_FREQ 0% GR3D_FREQ 5% AUX@41C CPU@42C thermal@41.45C AO@41.5C GPU@41.5C PMIC@50C
10-01-2026 23:30:43 RAM 3903/6833MB (lfb 52x4MB) SWAP 43/3417MB (cached 0MB) CPU [28%@1420,85%@1420,4%@1420,13%@1420,0%@1420,13%@1420] EMC_FREQ 0% GR3D_FREQ 0% AUX@41C CPU@42C thermal@41.45C AO@41C GPU@41.5C PMIC@50C
10-01-2026 23:30:44 RAM 3942/6833MB (lfb 52x4MB) SWAP 43/3417MB (cached 0MB) CPU [5%@1420,95%@1420,0%@1420,5%@1420,5%@1420,5%@1420] EMC_FREQ 0% GR3D_FREQ 0% AUX@41C CPU@42C thermal@41.45C AO@41.5C GPU@41.5C PMIC@50C
10-01-2026 23:30:44 RAM 3980/6833MB (lfb 52x4MB) SWAP 43/3417MB (cached 0MB) CPU [0%@1420,100%@1420,10%@1420,4%@1420,5%@1420,9%@1420] EMC_FREQ 0% GR3D_FREQ 1% AUX@40.5C CPU@42C thermal@41.6C AO@41.5C GPU@41.5C PMIC@50C
10-01-2026 23:30:44 RAM 4058/6833MB (lfb 47x4MB) SWAP 43/3417MB (cached 0MB) CPU [0%@1420,100%@1420,14%@1420,0%@1420,13%@1420,10%@1420] EMC_FREQ 0% GR3D_FREQ 1% AUX@41C CPU@42C thermal@41.6C AO@41.5C GPU@41.5C PMIC@50C
10-01-2026 23:30:44 RAM 4062/6833MB (lfb 46x4MB) SWAP 43/3417MB (cached 0MB) CPU [17%@1190,9%@1190,5%@1190,4%@1190,0%@1190,4%@1190] EMC_FREQ 0% GR3D_FREQ 0% AUX@41C CPU@42C thermal@41.6C AO@41.5C GPU@41C PMIC@50C
10-01-2026 23:30:44 RAM 4074/6833MB (lfb 46x4MB) SWAP 43/3417MB (cached 0MB) CPU [0%@1190,0%@1190,15%@1190,14%@1190,0%@1190,5%@1190] EMC_FREQ 0% GR3D_FREQ 0% AUX@41C CPU@42C thermal@41.6C AO@41.5C GPU@41.5C PMIC@50C
10-01-2026 23:30:45 RAM 4086/6833MB (lfb 46x4MB) SWAP 43/3417MB (cached 0MB) CPU [4%@1190,9%@1190,14%@1420,0%@1420,5%@1420,5%@1420] EMC_FREQ 0% GR3D_FREQ 0% AUX@41C CPU@42C thermal@41.6C AO@41.5C GPU@41C PMIC@50C
10-01-2026 23:30:45 RAM 4098/6833MB (lfb 46x4MB) SWAP 43/3417MB (cached 0MB) CPU [68%@1190,5%@1420,5%@1420,5%@1420,9%@1420,5%@1420] EMC_FREQ 0% GR3D_FREQ 0% AUX@41C CPU@42C thermal@41.3C AO@41C GPU@41.5C PMIC@50C
10-01-2026 23:30:45 RAM 4110/6833MB (lfb 46x4MB) SWAP 43/3417MB (cached 0MB) CPU [5%@1190,4%@1190,14%@1190,18%@1190,0%@1420,0%@1420] EMC_FREQ 0% GR3D_FREQ 0% AUX@41C CPU@42C thermal@41.3C AO@41C GPU@41C PMIC@50C
10-01-2026 23:30:45 RAM 4116/6833MB (lfb 46x4MB) SWAP 43/3417MB (cached 0MB) CPU [10%@1420,5%@1420,9%@1420,10%@1420,5%@1420,4%@1420] EMC_FREQ 0% GR3D_FREQ 0% AUX@41C CPU@42C thermal@41.3C AO@41C GPU@41C PMIC@50C
10-01-2026 23:30:45 RAM 4128/6833MB (lfb 46x4MB) SWAP 43/3417MB (cached 0MB) CPU [5%@1190,0%@1190,14%@1190,10%@1190,5%@1190,5%@1190] EMC_FREQ 0% GR3D_FREQ 0% AUX@41C CPU@42C thermal@41.3C AO@41C GPU@41C PMIC@50C
10-01-2026 23:30:46 RAM 4140/6833MB (lfb 46x4MB) SWAP 43/3417MB (cached 0MB) CPU [9%@1190,5%@1190,10%@1420,9%@1420,4%@1420,5%@1420] EMC_FREQ 0% GR3D_FREQ 0% AUX@41C CPU@42C thermal@41.3C AO@41C GPU@41C PMIC@50C
10-01-2026 23:30:46 RAM 4151/6833MB (lfb 46x4MB) SWAP 43/3417MB (cached 0MB) CPU [9%@1190,0%@1420,5%@1420,5%@1420,5%@1420,9%@1420] EMC_FREQ 0% GR3D_FREQ 0% AUX@41C CPU@42C thermal@41.3C AO@41C GPU@41C PMIC@50C
10-01-2026 23:30:46 RAM 4163/6833MB (lfb 46x4MB) SWAP 43/3417MB (cached 0MB) CPU [0%@1190,5%@1190,10%@1420,5%@1420,5%@1420,5%@1420] EMC_FREQ 0% GR3D_FREQ 0% AUX@41C CPU@42C thermal@41.3C AO@41.5C GPU@41C PMIC@50C
10-01-2026 23:30:46 RAM 4175/6833MB (lfb 46x4MB) SWAP 43/3417MB (cached 0MB) CPU [5%@1190,5%@1190,14%@1190,13%@1190,9%@1420,5%@1420] EMC_FREQ 0% GR3D_FREQ 0% AUX@41C CPU@42C thermal@41.3C AO@41C GPU@41C PMIC@50C
10-01-2026 23:30:46 RAM 4181/6833MB (lfb 46x4MB) SWAP 43/3417MB (cached 0MB) CPU [0%@1420,9%@1420,0%@1420,5%@1420,9%@1420,9%@1420] EMC_FREQ 0% GR3D_FREQ 0% AUX@40.5C CPU@41.5C thermal@41.3C AO@41C GPU@41C PMIC@50C
10-01-2026 23:30:47 RAM 4193/6833MB (lfb 45x4MB) SWAP 43/3417MB (cached 0MB) CPU [13%@1190,9%@1190,14%@1190,9%@1190,0%@1420,9%@1420] EMC_FREQ 0% GR3D_FREQ 0% AUX@40.5C CPU@42C thermal@41.3C AO@41C GPU@41C PMIC@50C
10-01-2026 23:30:47 RAM 4205/6833MB (lfb 43x4MB) SWAP 43/3417MB (cached 0MB) CPU [5%@1190,0%@1420,14%@1420,14%@1420,9%@1420,9%@1420] EMC_FREQ 0% GR3D_FREQ 0% AUX@41C CPU@42C thermal@41.3C AO@41C GPU@41C PMIC@50C
10-01-2026 23:30:47 RAM 4217/6833MB (lfb 41x4MB) SWAP 43/3417MB (cached 0MB) CPU [0%@1420,0%@1420,5%@1420,9%@1420,5%@1420,10%@1420] EMC_FREQ 0% GR3D_FREQ 0% AUX@41C CPU@41.5C thermal@40.95C AO@41C GPU@40.5C PMIC@50C
10-01-2026 23:30:47 RAM 4229/6833MB (lfb 38x4MB) SWAP 43/3417MB (cached 0MB) CPU [4%@1190,9%@1190,9%@1190,9%@1190,0%@1190,9%@1190] EMC_FREQ 0% GR3D_FREQ 0% AUX@40.5C CPU@42C thermal@40.95C AO@41C GPU@40.5C PMIC@50C
10-01-2026 23:30:47 RAM 4241/6833MB (lfb 36x4MB) SWAP 43/3417MB (cached 0MB) CPU [0%@1420,5%@1420,13%@1420,10%@1420,5%@1420,4%@1420] EMC_FREQ 0% GR3D_FREQ 0% AUX@40.5C CPU@41.5C thermal@40.95C AO@41C GPU@41C PMIC@50C
10-01-2026 23:30:48 RAM 4247/6833MB (lfb 35x4MB) SWAP 43/3417MB (cached 0MB) CPU [13%@1190,5%@1190,0%@1420,14%@1420,4%@1420,0%@1420] EMC_FREQ 0% GR3D_FREQ 0% AUX@41C CPU@41.5C thermal@40.95C AO@41C GPU@41C PMIC@50C
10-01-2026 23:30:48 RAM 4258/6833MB (lfb 33x4MB) SWAP 43/3417MB (cached 0MB) CPU [5%@1190,4%@1190,4%@1190,19%@1190,9%@1420,9%@1420] EMC_FREQ 0% GR3D_FREQ 0% AUX@40.5C CPU@42C thermal@40.95C AO@41C GPU@41C PMIC@50C
10-01-2026 23:30:48 RAM 4270/6833MB (lfb 31x4MB) SWAP 43/3417MB (cached 0MB) CPU [4%@1190,5%@1190,4%@1420,15%@1420,0%@1420,5%@1420] EMC_FREQ 0% GR3D_FREQ 0% AUX@41C CPU@41.5C thermal@40.95C AO@41C GPU@41C PMIC@50C
10-01-2026 23:30:48 RAM 4282/6833MB (lfb 29x4MB) SWAP 43/3417MB (cached 0MB) CPU [5%@1190,0%@1190,0%@1190,19%@1190,0%@1190,10%@1190] EMC_FREQ 0% GR3D_FREQ 0% AUX@41C CPU@41.5C thermal@40.95C AO@41C GPU@41C PMIC@50C
10-01-2026 23:30:48 RAM 4294/6833MB (lfb 27x4MB) SWAP 43/3417MB (cached 0MB) CPU [0%@1190,0%@1190,0%@1190,11%@1190,0%@1190,4%@1190] EMC_FREQ 0% GR3D_FREQ 0% AUX@40.5C CPU@41.5C thermal@40.95C AO@41C GPU@41C PMIC@50C
10-01-2026 23:30:49 RAM 4306/6833MB (lfb 25x4MB) SWAP 43/3417MB (cached 0MB) CPU [5%@1190,9%@1190,4%@1190,19%@1190,5%@1190,5%@1420] EMC_FREQ 0% GR3D_FREQ 0% AUX@41C CPU@41.5C thermal@40.95C AO@41C GPU@41C PMIC@50C
10-01-2026 23:30:49 RAM 4312/6833MB (lfb 24x4MB) SWAP 43/3417MB (cached 0MB) CPU [5%@1190,0%@1190,0%@1420,18%@1420,9%@1420,4%@1420] EMC_FREQ 0% GR3D_FREQ 0% AUX@40.5C CPU@42C thermal@40.95C AO@41C GPU@41C PMIC@50C
10-01-2026 23:30:49 RAM 4324/6833MB (lfb 22x4MB) SWAP 43/3417MB (cached 0MB) CPU [9%@1420,0%@1420,10%@1420,18%@1420,9%@1420,0%@1420] EMC_FREQ 0% GR3D_FREQ 0% AUX@41C CPU@41.5C thermal@40.95C AO@41C GPU@40.5C PMIC@50C
10-01-2026 23:30:49 RAM 4428/6833MB (lfb 143x1MB) SWAP 43/3417MB (cached 0MB) CPU [5%@1420,9%@1420,10%@1420,42%@1420,0%@1420,5%@1420] EMC_FREQ 0% GR3D_FREQ 0% AUX@41C CPU@42C thermal@40.8C AO@41C GPU@41C PMIC@50C
10-01-2026 23:30:49 RAM 4481/6833MB (lfb 86x1MB) SWAP 43/3417MB (cached 0MB) CPU [5%@1420,0%@1420,9%@1420,95%@1420,0%@1420,4%@1420] EMC_FREQ 0% GR3D_FREQ 0% AUX@40.5C CPU@41.5C thermal@40.8C AO@41C GPU@41C PMIC@50C
10-01-2026 23:30:50 RAM 4547/6833MB (lfb 20x1MB) SWAP 43/3417MB (cached 0MB) CPU [9%@1420,13%@1420,5%@1420,100%@1420,9%@1420,0%@1420] EMC_FREQ 0% GR3D_FREQ 0% AUX@41C CPU@41.5C thermal@40.8C AO@41C GPU@40.5C PMIC@50C
10-01-2026 23:30:50 RAM 4621/6833MB (lfb 5x1MB) SWAP 43/3417MB (cached 0MB) CPU [15%@1420,68%@1420,15%@1420,100%@1420,9%@1420,14%@1420] EMC_FREQ 0% GR3D_FREQ 0% AUX@41C CPU@42C thermal@40.8C AO@41C GPU@40.5C PMIC@50C
10-01-2026 23:30:50 RAM 4667/6833MB (lfb 6x1MB) SWAP 47/3417MB (cached 0MB) CPU [37%@1420,10%@1420,63%@1420,80%@1420,30%@1420,68%@1420] EMC_FREQ 0% GR3D_FREQ 0% AUX@41C CPU@42C thermal@40.8C AO@41C GPU@41C PMIC@50C
10-01-2026 23:30:50 RAM 4700/6833MB (lfb 1x2MB) SWAP 56/3417MB (cached 0MB) CPU [63%@1420,68%@1420,52%@1420,84%@1420,20%@1420,23%@1420] EMC_FREQ 0% GR3D_FREQ 0% AUX@41C CPU@42C thermal@40.8C AO@41C GPU@41C PMIC@50C
10-01-2026 23:30:50 RAM 4725/6833MB (lfb 6x1MB) SWAP 60/3417MB (cached 0MB) CPU [28%@1420,31%@1420,33%@1420,16%@1420,36%@1420,23%@1420] EMC_FREQ 0% GR3D_FREQ 99% AUX@41C CPU@42C thermal@41.3C AO@41C GPU@41.5C PMIC@50C
10-01-2026 23:30:51 RAM 4685/6833MB (lfb 1x2MB) SWAP 71/3417MB (cached 0MB) CPU [23%@1420,61%@1420,10%@1420,21%@1420,40%@1420,10%@1420] EMC_FREQ 0% GR3D_FREQ 0% AUX@41C CPU@42C thermal@41.3C AO@41.5C GPU@42C PMIC@50C
10-01-2026 23:30:51 RAM 4693/6833MB (lfb 7x1MB) SWAP 71/3417MB (cached 0MB) CPU [9%@1190,4%@1190,0%@1190,5%@1190,20%@1420,9%@1420] EMC_FREQ 0% GR3D_FREQ 0% AUX@41C CPU@42C thermal@41.3C AO@41.5C GPU@41.5C PMIC@50C
10-01-2026 23:30:51 RAM 4705/6833MB (lfb 6x1MB) SWAP 71/3417MB (cached 0MB) CPU [0%@1190,4%@1190,14%@1190,5%@1190,23%@1190,14%@1190] EMC_FREQ 0% GR3D_FREQ 0% AUX@41C CPU@42C thermal@41.3C AO@41C GPU@41C PMIC@50C
10-01-2026 23:30:51 RAM 4712/6833MB (lfb 6x1MB) SWAP 71/3417MB (cached 0MB) CPU [5%@1190,0%@1190,0%@1190,14%@1190,15%@1420,5%@1420] EMC_FREQ 0% GR3D_FREQ 0% AUX@41C CPU@41.5C thermal@41.3C AO@41C GPU@41C PMIC@50C
10-01-2026 23:30:52 RAM 4724/6833MB (lfb 6x1MB) SWAP 70/3417MB (cached 0MB) CPU [5%@1190,9%@1190,0%@1190,15%@1190,4%@1190,23%@1190] EMC_FREQ 0% GR3D_FREQ 0% AUX@41C CPU@42C thermal@41.45C AO@41.5C GPU@41.5C PMIC@50C
10-01-2026 23:30:52 RAM 4736/6833MB (lfb 6x1MB) SWAP 70/3417MB (cached 0MB) CPU [9%@1190,0%@1190,5%@1190,14%@1190,4%@1190,25%@1190] EMC_FREQ 0% GR3D_FREQ 0% AUX@41C CPU@42C thermal@41.45C AO@41.5C GPU@41C PMIC@50C
10-01-2026 23:30:52 RAM 4748/6833MB (lfb 7x1MB) SWAP 70/3417MB (cached 0MB) CPU [0%@1190,9%@1190,0%@1420,10%@1420,0%@1420,26%@1420] EMC_FREQ 0% GR3D_FREQ 0% AUX@41C CPU@42C thermal@41.45C AO@41.5C GPU@41.5C PMIC@50C
10-01-2026 23:30:52 RAM 4760/6833MB (lfb 7x1MB) SWAP 70/3417MB (cached 0MB) CPU [17%@1420,14%@1420,13%@1420,5%@1420,4%@1420,23%@1420] EMC_FREQ 0% GR3D_FREQ 0% AUX@41C CPU@42C thermal@41.45C AO@41C GPU@41.5C PMIC@50C
10-01-2026 23:30:52 RAM 4762/6833MB (lfb 4x2MB) SWAP 80/3417MB (cached 0MB) CPU [15%@1420,55%@1420,9%@1420,9%@1420,31%@1420,5%@1420] EMC_FREQ 0% GR3D_FREQ 0% AUX@41C CPU@42C thermal@41.45C AO@41.5C GPU@41C PMIC@50C
10-01-2026 23:30:53 RAM 4769/6833MB (lfb 1x4MB) SWAP 86/3417MB (cached 0MB) CPU [5%@1420,63%@1420,13%@1420,19%@1420,27%@1420,18%@1420] EMC_FREQ 0% GR3D_FREQ 0% AUX@41C CPU@42C thermal@41.45C AO@41.5C GPU@41.5C PMIC@50C
10-01-2026 23:30:53 RAM 4780/6833MB (lfb 1x4MB) SWAP 86/3417MB (cached 0MB) CPU [0%@1420,9%@1420,15%@1420,5%@1420,5%@1420,9%@1420] EMC_FREQ 0% GR3D_FREQ 0% AUX@41C CPU@42C thermal@41.45C AO@41.5C GPU@41.5C PMIC@50C
10-01-2026 23:30:53 RAM 4790/6833MB (lfb 8x1MB) SWAP 86/3417MB (cached 0MB) CPU [5%@1190,0%@1190,10%@1190,9%@1420,19%@1420,5%@1420] EMC_FREQ 0% GR3D_FREQ 0% AUX@41C CPU@42C thermal@41.45C AO@41.5C GPU@41.5C PMIC@50C
10-01-2026 23:30:53 RAM 4801/6833MB (lfb 8x1MB) SWAP 86/3417MB (cached 0MB) CPU [15%@1190,9%@1420,10%@1420,0%@1420,19%@1420,0%@1420] EMC_FREQ 0% GR3D_FREQ 0% AUX@41C CPU@42C thermal@41.45C AO@41.5C GPU@41.5C PMIC@50C
10-01-2026 23:30:53 RAM 4813/6833MB (lfb 8x1MB) SWAP 86/3417MB (cached 0MB) CPU [34%@1420,0%@1420,9%@1420,9%@1420,5%@1420,13%@1420] EMC_FREQ 0% GR3D_FREQ 0% AUX@41C CPU@42C thermal@41.45C AO@41.5C GPU@41.5C PMIC@50C
10-01-2026 23:30:54 RAM 4825/6833MB (lfb 8x1MB) SWAP 86/3417MB (cached 0MB) CPU [25%@1190,9%@1420,4%@1420,10%@1420,4%@1420,9%@1420] EMC_FREQ 0% GR3D_FREQ 0% AUX@41C CPU@42C thermal@41.45C AO@41C GPU@41.5C PMIC@50C
10-01-2026 23:30:54 RAM 4831/6833MB (lfb 8x1MB) SWAP 86/3417MB (cached 0MB) CPU [5%@1420,75%@1420,5%@1420,15%@1420,5%@1420,5%@1420] EMC_FREQ 0% GR3D_FREQ 0% AUX@41C CPU@42C thermal@41.45C AO@41.5C GPU@41.5C PMIC@50C
10-01-2026 23:30:54 RAM 4863/6833MB (lfb 2x2MB) SWAP 94/3417MB (cached 0MB) CPU [65%@1420,23%@1420,40%@1420,85%@1420,52%@1420,100%@1420] EMC_FREQ 0% GR3D_FREQ 0% AUX@41.5C CPU@42.5C thermal@41.45C AO@41.5C GPU@41.5C PMIC@50C
10-01-2026 23:30:54 RAM 4935/6833MB (lfb 2x2MB) SWAP 94/3417MB (cached 0MB) CPU [90%@1420,90%@1420,94%@1420,84%@1420,73%@1420,100%@1420] EMC_FREQ 0% GR3D_FREQ 0% AUX@41C CPU@43C thermal@41.45C AO@41C GPU@41.5C PMIC@50C
10-01-2026 23:30:54 RAM 4939/6833MB (lfb 2x2MB) SWAP 99/3417MB (cached 0MB) CPU [55%@1420,19%@1420,38%@1420,15%@1420,66%@1420,55%@1420] EMC_FREQ 0% GR3D_FREQ 0% AUX@41.5C CPU@43C thermal@41.45C AO@41.5C GPU@41.5C PMIC@50C
10-01-2026 23:30:55 RAM 4933/6833MB (lfb 2x2MB) SWAP 107/3417MB (cached 0MB) CPU [100%@1420,15%@1420,5%@1420,9%@1420,95%@1420,14%@1420] EMC_FREQ 0% GR3D_FREQ 0% AUX@41C CPU@42.5C thermal@41.45C AO@41.5C GPU@41.5C PMIC@50C
10-01-2026 23:30:55 RAM 4949/6833MB (lfb 2x2MB) SWAP 108/3417MB (cached 0MB) CPU [57%@1420,61%@1420,30%@1420,42%@1420,70%@1420,5%@1420] EMC_FREQ 0% GR3D_FREQ 0% AUX@41.5C CPU@42.5C thermal@41.45C AO@41.5C GPU@41.5C PMIC@50C
10-01-2026 23:30:55 RAM 4936/6833MB (lfb 12x2MB) SWAP 108/3417MB (cached 0MB) CPU [5%@1420,47%@1420,9%@1420,52%@1420,45%@1420,0%@1420] EMC_FREQ 0% GR3D_FREQ 0% AUX@41.5C CPU@42.5C thermal@41.8C AO@41.5C GPU@41.5C PMIC@50C
10-01-2026 23:30:55 RAM 4980/6833MB (lfb 10x1MB) SWAP 108/3417MB (cached 0MB) CPU [17%@1420,12%@1420,54%@1420,43%@1420,32%@1420,6%@1420] EMC_FREQ 0% GR3D_FREQ 0% AUX@41.5C CPU@42.5C thermal@41.8C AO@41.5C GPU@41C PMIC@50C
10-01-2026 23:30:56 RAM 5059/6833MB (lfb 10x1MB) SWAP 108/3417MB (cached 0MB) CPU [15%@1420,10%@1420,90%@1420,13%@1420,100%@1420,0%@1420] EMC_FREQ 0% GR3D_FREQ 0% AUX@41.5C CPU@42.5C thermal@41.8C AO@41.5C GPU@41.5C PMIC@50C
10-01-2026 23:30:56 RAM 5137/6833MB (lfb 11x1MB) SWAP 108/3417MB (cached 0MB) CPU [10%@1420,20%@1420,90%@1420,5%@1420,100%@1420,5%@1420] EMC_FREQ 0% GR3D_FREQ 0% AUX@41.5C CPU@42.5C thermal@41.8C AO@41.5C GPU@41.5C PMIC@50C
10-01-2026 23:30:56 RAM 5212/6833MB (lfb 16x1MB) SWAP 108/3417MB (cached 0MB) CPU [22%@1420,14%@1420,95%@1420,9%@1420,100%@1420,9%@1420] EMC_FREQ 0% GR3D_FREQ 0% AUX@41.5C CPU@42.5C thermal@41.8C AO@41.5C GPU@41.5C PMIC@50C
10-01-2026 23:30:56 RAM 5000/6833MB (lfb 22x4MB) SWAP 108/3417MB (cached 0MB) CPU [40%@1420,30%@1420,61%@1420,36%@1420,42%@1420,28%@1420] EMC_FREQ 0% GR3D_FREQ 0% AUX@41.5C CPU@42.5C thermal@41.8C AO@41.5C GPU@41.5C PMIC@50C
10-01-2026 23:30:56 RAM 5006/6833MB (lfb 21x4MB) SWAP 108/3417MB (cached 0MB) CPU [18%@1420,90%@1420,5%@1420,9%@1420,20%@1420,15%@1420] EMC_FREQ 0% GR3D_FREQ 99% AUX@41.5C CPU@42.5C thermal@41.8C AO@42C GPU@43.5C PMIC@50C
10-01-2026 23:30:57 RAM 4948/6833MB (lfb 22x4MB) SWAP 108/3417MB (cached 0MB) CPU [15%@1420,81%@1420,0%@1420,9%@1420,19%@1420,25%@1420] EMC_FREQ 0% GR3D_FREQ 33% AUX@41.5C CPU@43C thermal@41.8C AO@42C GPU@42.5C PMIC@50C
10-01-2026 23:30:57 RAM 4948/6833MB (lfb 22x4MB) SWAP 108/3417MB (cached 0MB) CPU [5%@1420,95%@1420,4%@1420,5%@1420,10%@1420,10%@1420] EMC_FREQ 0% GR3D_FREQ 0% AUX@41.5C CPU@42.5C thermal@41.8C AO@42C GPU@42C PMIC@50C
10-01-2026 23:30:57 RAM 4950/6833MB (lfb 22x4MB) SWAP 108/3417MB (cached 0MB) CPU [17%@1420,76%@1420,10%@1420,5%@1420,22%@1420,9%@1420] EMC_FREQ 0% GR3D_FREQ 0% AUX@41.5C CPU@43C thermal@41.8C AO@42C GPU@42C PMIC@50C
10-01-2026 23:30:57 RAM 4951/6833MB (lfb 22x4MB) SWAP 108/3417MB (cached 0MB) CPU [5%@1420,89%@1420,0%@1420,5%@1420,15%@1420,0%@1420] EMC_FREQ 0% GR3D_FREQ 0% AUX@41.5C CPU@42.5C thermal@41.95C AO@41.5C GPU@42C PMIC@50C
10-01-2026 23:30:57 RAM 4952/6833MB (lfb 22x4MB) SWAP 108/3417MB (cached 0MB) CPU [10%@1420,95%@1420,13%@1420,13%@1420,10%@1420,5%@1420] EMC_FREQ 0% GR3D_FREQ 0% AUX@41.5C CPU@42.5C thermal@41.95C AO@41.5C GPU@42C PMIC@50C
10-01-2026 23:30:58 RAM 4957/6833MB (lfb 22x4MB) SWAP 108/3417MB (cached 0MB) CPU [5%@1420,89%@1420,9%@1420,5%@1420,20%@1420,0%@1420] EMC_FREQ 0% GR3D_FREQ 0% AUX@42C CPU@42.5C thermal@41.95C AO@41.5C GPU@42C PMIC@50C
10-01-2026 23:30:58 RAM 4959/6833MB (lfb 22x4MB) SWAP 108/3417MB (cached 0MB) CPU [0%@1420,95%@1420,5%@1420,5%@1420,15%@1420,5%@1420] EMC_FREQ 0% GR3D_FREQ 0% AUX@42C CPU@42.5C thermal@41.95C AO@41.5C GPU@42C PMIC@50C
10-01-2026 23:30:58 RAM 4965/6833MB (lfb 21x4MB) SWAP 108/3417MB (cached 0MB) CPU [40%@1420,50%@1420,14%@1420,9%@1420,18%@1420,5%@1420] EMC_FREQ 0% GR3D_FREQ 0% AUX@41.5C CPU@42.5C thermal@41.95C AO@42C GPU@42C PMIC@50C
10-01-2026 23:30:58 RAM 4967/6833MB (lfb 21x4MB) SWAP 108/3417MB (cached 0MB) CPU [42%@1420,52%@1420,5%@1420,0%@1420,5%@1420,14%@1420] EMC_FREQ 0% GR3D_FREQ 0% AUX@42C CPU@43C thermal@41.95C AO@42C GPU@42C PMIC@50C
10-01-2026 23:30:58 RAM 4968/6833MB (lfb 21x4MB) SWAP 108/3417MB (cached 0MB) CPU [13%@1420,33%@1420,20%@1420,36%@1420,10%@1420,20%@1420] EMC_FREQ 0% GR3D_FREQ 0% AUX@41.5C CPU@43C thermal@41.95C AO@42C GPU@42C PMIC@50C
10-01-2026 23:30:59 RAM 4968/6833MB (lfb 21x4MB) SWAP 108/3417MB (cached 0MB) CPU [0%@1420,42%@1420,10%@1420,38%@1420,22%@1420,15%@1420] EMC_FREQ 0% GR3D_FREQ 0% AUX@41.5C CPU@42.5C thermal@41.95C AO@42C GPU@42C PMIC@50C
10-01-2026 23:30:59 RAM 4968/6833MB (lfb 21x4MB) SWAP 108/3417MB (cached 0MB) CPU [0%@1420,80%@1420,0%@1420,0%@1420,5%@1420,10%@1420] EMC_FREQ 0% GR3D_FREQ 0% AUX@42C CPU@42.5C thermal@41.95C AO@42C GPU@42C PMIC@50C
10-01-2026 23:30:59 RAM 4969/6833MB (lfb 21x4MB) SWAP 108/3417MB (cached 0MB) CPU [14%@1420,100%@1420,5%@1420,13%@1420,14%@1420,15%@1420] EMC_FREQ 0% GR3D_FREQ 0% AUX@42C CPU@42.5C thermal@41.95C AO@42C GPU@42C PMIC@50C
10-01-2026 23:30:59 RAM 4973/6833MB (lfb 21x4MB) SWAP 108/3417MB (cached 0MB) CPU [14%@1420,47%@1420,31%@1420,0%@1420,5%@1420,19%@1420] EMC_FREQ 0% GR3D_FREQ 0% AUX@42C CPU@43C thermal@41.95C AO@42C GPU@42C PMIC@50C
10-01-2026 23:30:59 RAM 5005/6833MB (lfb 19x4MB) SWAP 108/3417MB (cached 0MB) CPU [10%@1420,35%@1420,60%@1420,20%@1420,15%@1420,25%@1420] EMC_FREQ 0% GR3D_FREQ 0% AUX@42C CPU@43C thermal@42.15C AO@42C GPU@42C PMIC@50C
10-01-2026 23:31:00 RAM 5005/6833MB (lfb 19x4MB) SWAP 108/3417MB (cached 0MB) CPU [18%@1420,77%@1420,15%@1420,10%@1420,20%@1420,21%@1420] EMC_FREQ 0% GR3D_FREQ 0% AUX@41.5C CPU@43C thermal@42.15C AO@42C GPU@42C PMIC@50C
10-01-2026 23:31:00 RAM 5004/6833MB (lfb 19x4MB) SWAP 108/3417MB (cached 0MB) CPU [15%@1420,83%@1420,19%@1420,15%@1420,23%@1420,15%@1420] EMC_FREQ 0% GR3D_FREQ 0% AUX@41.5C CPU@43C thermal@42.15C AO@42C GPU@42C PMIC@50C
10-01-2026 23:31:00 RAM 5005/6833MB (lfb 19x4MB) SWAP 108/3417MB (cached 0MB) CPU [40%@1420,54%@1420,22%@1420,21%@1420,14%@1420,23%@1420] EMC_FREQ 0% GR3D_FREQ 0% AUX@42C CPU@43C thermal@42.15C AO@42C GPU@42C PMIC@50C
10-01-2026 23:31:00 RAM 4998/6833MB (lfb 19x4MB) SWAP 108/3417MB (cached 0MB) CPU [10%@1420,9%@1420,15%@1420,4%@1420,68%@1420,19%@1420] EMC_FREQ 0% GR3D_FREQ 0% AUX@42C CPU@43C thermal@42.15C AO@42C GPU@42C PMIC@50C
10-01-2026 23:31:00 RAM 4999/6833MB (lfb 19x4MB) SWAP 108/3417MB (cached 0MB) CPU [15%@1420,10%@1420,9%@1420,9%@1420,4%@1420,100%@1420] EMC_FREQ 0% GR3D_FREQ 0% AUX@42C CPU@42.5C thermal@42.15C AO@42C GPU@42C PMIC@50C
10-01-2026 23:31:01 RAM 5011/6833MB (lfb 19x4MB) SWAP 108/3417MB (cached 0MB) CPU [42%@1420,47%@1420,65%@1420,40%@1420,50%@1420,33%@1420] EMC_FREQ 0% GR3D_FREQ 0% AUX@42C CPU@43C thermal@42.15C AO@42C GPU@42C PMIC@50C
10-01-2026 23:31:01 RAM 5011/6833MB (lfb 19x4MB) SWAP 108/3417MB (cached 0MB) CPU [40%@1190,27%@1190,52%@1190,21%@1190,25%@1190,27%@1190] EMC_FREQ 0% GR3D_FREQ 0% AUX@42C CPU@42.5C thermal@42.15C AO@42C GPU@42C PMIC@50C
10-01-2026 23:31:01 RAM 5063/6833MB (lfb 19x4MB) SWAP 108/3417MB (cached 0MB) CPU [47%@1420,50%@1420,50%@1420,52%@1420,50%@1420,50%@1420] EMC_FREQ 0% GR3D_FREQ 0% AUX@42C CPU@43C thermal@42.15C AO@42.5C GPU@42C PMIC@50C
10-01-2026 23:31:01 RAM 5223/6833MB (lfb 6x4MB) SWAP 108/3417MB (cached 0MB) CPU [70%@1420,52%@1420,95%@1420,68%@1420,50%@1420,50%@1420] EMC_FREQ 0% GR3D_FREQ 0% AUX@42C CPU@43.5C thermal@42.15C AO@42.5C GPU@42C PMIC@50C
10-01-2026 23:31:01 RAM 5263/6833MB (lfb 12x1MB) SWAP 111/3417MB (cached 0MB) CPU [80%@1420,22%@1420,33%@1420,76%@1420,75%@1420,10%@1420] EMC_FREQ 0% GR3D_FREQ 0% AUX@42C CPU@43C thermal@42.15C AO@42C GPU@41.5C PMIC@50C
10-01-2026 23:31:02 RAM 5301/6833MB (lfb 10x1MB) SWAP 113/3417MB (cached 0MB) CPU [35%@1420,15%@1420,85%@1420,75%@1420,95%@1420,35%@1420] EMC_FREQ 0% GR3D_FREQ 0% AUX@42C CPU@43C thermal@42.3C AO@42C GPU@42C PMIC@50C
10-01-2026 23:31:02 RAM 5313/6833MB (lfb 10x1MB) SWAP 123/3417MB (cached 0MB) CPU [59%@1420,42%@1420,55%@1420,100%@1420,90%@1420,55%@1420] EMC_FREQ 0% GR3D_FREQ 0% AUX@42C CPU@43.5C thermal@42.3C AO@42C GPU@42C PMIC@50C
10-01-2026 23:31:02 RAM 5314/6833MB (lfb 11x1MB) SWAP 149/3417MB (cached 0MB) CPU [66%@1420,57%@1420,20%@1420,100%@1420,76%@1420,60%@1420] EMC_FREQ 0% GR3D_FREQ 0% AUX@42C CPU@43.5C thermal@42.3C AO@42C GPU@42C PMIC@50C
10-01-2026 23:31:02 RAM 5320/6833MB (lfb 11x1MB) SWAP 178/3417MB (cached 0MB) CPU [45%@1420,75%@1420,31%@1420,100%@1420,85%@1420,35%@1420] EMC_FREQ 0% GR3D_FREQ 0% AUX@42C CPU@43.5C thermal@42.3C AO@42.5C GPU@42C PMIC@50C
10-01-2026 23:31:02 RAM 5320/6833MB (lfb 16x1MB) SWAP 213/3417MB (cached 0MB) CPU [85%@1420,40%@1420,15%@1420,100%@1420,47%@1420,90%@1420] EMC_FREQ 0% GR3D_FREQ 0% AUX@42C CPU@43.5C thermal@42.3C AO@42.5C GPU@42C PMIC@50C
10-01-2026 23:31:03 RAM 5088/6833MB (lfb 4x4MB) SWAP 246/3417MB (cached 0MB) CPU [30%@1420,28%@1420,33%@1420,100%@1420,85%@1420,85%@1420] EMC_FREQ 0% GR3D_FREQ 0% AUX@42C CPU@43.5C thermal@42.65C AO@42.5C GPU@42C PMIC@50C
10-01-2026 23:31:03 RAM 5072/6833MB (lfb 8x4MB) SWAP 271/3417MB (cached 0MB) CPU [55%@1420,88%@1420,19%@1420,100%@1420,50%@1420,35%@1420] EMC_FREQ 0% GR3D_FREQ 99% AUX@42.5C CPU@43.5C thermal@42.65C AO@42.5C GPU@42.5C PMIC@50C
10-01-2026 23:31:03 RAM 5001/6833MB (lfb 8x4MB) SWAP 293/3417MB (cached 0MB) CPU [80%@1420,85%@1420,57%@1420,100%@1420,90%@1420,90%@1420] EMC_FREQ 0% GR3D_FREQ 0% AUX@42.5C CPU@44C thermal@42.65C AO@42.5C GPU@43.5C PMIC@50C
10-01-2026 23:31:03 RAM 4998/6833MB (lfb 8x4MB) SWAP 298/3417MB (cached 0MB) CPU [15%@1420,15%@1420,4%@1420,25%@1420,10%@1420,26%@1420] EMC_FREQ 0% GR3D_FREQ 0% AUX@42.5C CPU@43.5C thermal@42.65C AO@42.5C GPU@43C PMIC@50C
10-01-2026 23:31:03 RAM 4997/6833MB (lfb 8x4MB) SWAP 298/3417MB (cached 0MB) CPU [75%@1420,75%@1420,66%@1420,80%@1420,65%@1420,85%@1420] EMC_FREQ 0% GR3D_FREQ 0% AUX@42.5C CPU@44C thermal@42.65C AO@42.5C GPU@42.5C PMIC@50C
10-01-2026 23:31:04 RAM 4943/6833MB (lfb 8x4MB) SWAP 298/3417MB (cached 0MB) CPU [61%@1420,100%@1420,60%@1420,65%@1420,60%@1420,70%@1420] EMC_FREQ 0% GR3D_FREQ 0% AUX@42.5C CPU@44C thermal@42.65C AO@42.5C GPU@43C PMIC@50C
10-01-2026 23:31:04 RAM 4943/6833MB (lfb 8x4MB) SWAP 298/3417MB (cached 0MB) CPU [57%@1420,50%@1420,5%@1420,5%@1420,0%@1420,14%@1420] EMC_FREQ 0% GR3D_FREQ 0% AUX@42.5C CPU@43.5C thermal@42.95C AO@42.5C GPU@42.5C PMIC@50C
10-01-2026 23:31:04 RAM 4942/6833MB (lfb 8x4MB) SWAP 298/3417MB (cached 0MB) CPU [35%@1420,17%@1420,5%@1420,5%@1420,75%@1420,10%@1420] EMC_FREQ 0% GR3D_FREQ 0% AUX@42.5C CPU@43.5C thermal@42.95C AO@42.5C GPU@42.5C PMIC@50C
10-01-2026 23:31:04 RAM 4941/6833MB (lfb 8x4MB) SWAP 298/3417MB (cached 0MB) CPU [5%@1420,10%@1420,5%@1420,13%@1420,22%@1420,38%@1420] EMC_FREQ 0% GR3D_FREQ 0% AUX@42.5C CPU@43.5C thermal@42.95C AO@42.5C GPU@42.5C PMIC@50C
10-01-2026 23:31:05 RAM 4954/6833MB (lfb 7x4MB) SWAP 298/3417MB (cached 0MB) CPU [23%@1420,21%@1420,10%@1420,5%@1420,38%@1420,57%@1420] EMC_FREQ 0% GR3D_FREQ 0% AUX@42.5C CPU@43.5C thermal@42.95C AO@42.5C GPU@42.5C PMIC@50C
10-01-2026 23:31:05 RAM 4957/6833MB (lfb 6x4MB) SWAP 298/3417MB (cached 0MB) CPU [21%@1420,78%@1420,15%@1420,25%@1420,20%@1420,10%@1420] EMC_FREQ 0% GR3D_FREQ 0% AUX@42.5C CPU@43.5C thermal@42.95C AO@42C GPU@43C PMIC@50C
10-01-2026 23:31:05 RAM 4958/6833MB (lfb 6x4MB) SWAP 298/3417MB (cached 0MB) CPU [55%@1420,47%@1420,23%@1420,25%@1420,10%@1420,10%@1420] EMC_FREQ 0% GR3D_FREQ 0% AUX@42.5C CPU@43.5C thermal@42.95C AO@42.5C GPU@42.5C PMIC@50C
10-01-2026 23:31:05 RAM 4960/6833MB (lfb 6x4MB) SWAP 298/3417MB (cached 0MB) CPU [77%@1420,15%@1420,25%@1420,27%@1420,28%@1420,26%@1420] EMC_FREQ 0% GR3D_FREQ 0% AUX@42.5C CPU@44C thermal@42.95C AO@42.5C GPU@42.5C PMIC@50C
10-01-2026 23:31:05 RAM 4957/6833MB (lfb 6x4MB) SWAP 298/3417MB (cached 0MB) CPU [31%@1420,19%@1420,42%@1420,15%@1420,57%@1420,26%@1420] EMC_FREQ 0% GR3D_FREQ 0% AUX@42.5C CPU@43.5C thermal@42.95C AO@42.5C GPU@43C PMIC@50C
10-01-2026 23:31:06 RAM 4956/6833MB (lfb 6x4MB) SWAP 298/3417MB (cached 0MB) CPU [70%@1420,68%@1420,40%@1420,42%@1420,75%@1420,36%@1420] EMC_FREQ 0% GR3D_FREQ 0% AUX@42.5C CPU@44C thermal@42.95C AO@42.5C GPU@42.5C PMIC@50C
10-01-2026 23:31:06 RAM 4956/6833MB (lfb 6x4MB) SWAP 298/3417MB (cached 0MB) CPU [5%@1420,10%@1420,19%@1420,15%@1420,33%@1420,15%@1420] EMC_FREQ 0% GR3D_FREQ 0% AUX@42.5C CPU@43.5C thermal@42.95C AO@42.5C GPU@43C PMIC@50C
10-01-2026 23:31:06 RAM 5005/6833MB (lfb 6x4MB) SWAP 298/3417MB (cached 0MB) CPU [70%@1420,57%@1420,65%@1420,63%@1420,84%@1420,63%@1420] EMC_FREQ 0% GR3D_FREQ 0% AUX@42.5C CPU@44.5C thermal@42.95C AO@42.5C GPU@43C PMIC@50C
10-01-2026 23:31:06 RAM 5005/6833MB (lfb 6x4MB) SWAP 298/3417MB (cached 0MB) CPU [0%@1420,0%@1420,9%@1420,5%@1420,100%@1420,14%@1420] EMC_FREQ 0% GR3D_FREQ 0% AUX@42.5C CPU@44C thermal@43.1C AO@42.5C GPU@42.5C PMIC@50C
10-01-2026 23:31:06 RAM 5011/6833MB (lfb 6x4MB) SWAP 298/3417MB (cached 0MB) CPU [65%@1420,19%@1420,5%@1420,5%@1420,35%@1420,11%@1420] EMC_FREQ 0% GR3D_FREQ 0% AUX@42.5C CPU@44C thermal@43.1C AO@42.5C GPU@42.5C PMIC@50C
10-01-2026 23:31:07 RAM 5011/6833MB (lfb 6x4MB) SWAP 298/3417MB (cached 0MB) CPU [66%@1420,15%@1420,20%@1420,10%@1420,18%@1420,23%@1420] EMC_FREQ 0% GR3D_FREQ 0% AUX@43C CPU@43.5C thermal@43.1C AO@42.5C GPU@42.5C PMIC@50C
10-01-2026 23:31:07 RAM 5011/6833MB (lfb 6x4MB) SWAP 298/3417MB (cached 0MB) CPU [68%@1420,22%@1420,19%@1420,27%@1420,30%@1420,10%@1420] EMC_FREQ 0% GR3D_FREQ 0% AUX@42.5C CPU@44C thermal@43.1C AO@42.5C GPU@43C PMIC@50C
10-01-2026 23:31:07 RAM 5011/6833MB (lfb 6x4MB) SWAP 298/3417MB (cached 0MB) CPU [84%@1420,26%@1420,18%@1420,37%@1420,18%@1420,18%@1420] EMC_FREQ 0% GR3D_FREQ 0% AUX@42.5C CPU@44C thermal@43.1C AO@42.5C GPU@42.5C PMIC@50C
10-01-2026 23:31:07 RAM 5004/6833MB (lfb 6x4MB) SWAP 298/3417MB (cached 0MB) CPU [25%@1420,65%@1420,18%@1420,14%@1420,19%@1420,5%@1420] EMC_FREQ 0% GR3D_FREQ 0% AUX@43C CPU@44C thermal@42.95C AO@43C GPU@42.5C PMIC@50C
10-01-2026 23:31:07 RAM 5005/6833MB (lfb 6x4MB) SWAP 298/3417MB (cached 0MB) CPU [30%@1420,28%@1420,66%@1420,25%@1420,20%@1420,25%@1420] EMC_FREQ 0% GR3D_FREQ 0% AUX@42.5C CPU@44C thermal@42.95C AO@43C GPU@42.5C PMIC@50C
10-01-2026 23:31:08 RAM 5005/6833MB (lfb 6x4MB) SWAP 298/3417MB (cached 0MB) CPU [50%@1420,16%@1420,52%@1420,47%@1420,42%@1420,55%@1420] EMC_FREQ 0% GR3D_FREQ 0% AUX@42.5C CPU@44C thermal@42.95C AO@42.5C GPU@42.5C PMIC@50C
10-01-2026 23:31:08 RAM 5005/6833MB (lfb 6x4MB) SWAP 298/3417MB (cached 0MB) CPU [30%@1420,31%@1420,20%@1420,28%@1420,25%@1420,25%@1420] EMC_FREQ 0% GR3D_FREQ 0% AUX@42.5C CPU@44C thermal@42.95C AO@43C GPU@42.5C PMIC@50C
10-01-2026 23:31:08 RAM 5217/6833MB (lfb 71x1MB) SWAP 298/3417MB (cached 0MB) CPU [31%@1420,25%@1420,28%@1420,100%@1420,23%@1420,73%@1420] EMC_FREQ 0% GR3D_FREQ 0% AUX@43C CPU@44C thermal@42.95C AO@43C GPU@42.5C PMIC@50C
10-01-2026 23:31:08 RAM 5006/6833MB (lfb 20x4MB) SWAP 298/3417MB (cached 0MB) CPU [0%@1420,5%@1420,0%@1420,85%@1420,57%@1420,47%@1420] EMC_FREQ 0% GR3D_FREQ 0% AUX@42.5C CPU@44C thermal@42.95C AO@43C GPU@43C PMIC@50C
10-01-2026 23:31:08 RAM 5017/6833MB (lfb 20x4MB) SWAP 298/3417MB (cached 0MB) CPU [31%@1420,15%@1420,73%@1420,10%@1420,47%@1420,10%@1420] EMC_FREQ 0% GR3D_FREQ 99% AUX@43C CPU@44C thermal@43.3C AO@43C GPU@44.5C PMIC@50C
10-01-2026 23:31:09 RAM 4959/6833MB (lfb 20x4MB) SWAP 298/3417MB (cached 0MB) CPU [28%@1420,27%@1420,27%@1420,5%@1420,77%@1420,20%@1420] EMC_FREQ 0% GR3D_FREQ 0% AUX@43C CPU@44.5C thermal@43.3C AO@43C GPU@43.5C PMIC@50C
10-01-2026 23:31:09 RAM 4959/6833MB (lfb 20x4MB) SWAP 298/3417MB (cached 0MB) CPU [5%@1420,14%@1420,19%@1420,29%@1420,78%@1420,5%@1420] EMC_FREQ 0% GR3D_FREQ 0% AUX@43C CPU@44.5C thermal@43.3C AO@43C GPU@43.5C PMIC@50C
10-01-2026 23:31:09 RAM 4955/6833MB (lfb 20x4MB) SWAP 298/3417MB (cached 0MB) CPU [5%@1420,15%@1420,10%@1420,15%@1420,73%@1420,15%@1420] EMC_FREQ 0% GR3D_FREQ 0% AUX@43C CPU@44.5C thermal@43.3C AO@43C GPU@43.5C PMIC@50C
10-01-2026 23:31:09 RAM 4956/6833MB (lfb 20x4MB) SWAP 298/3417MB (cached 0MB) CPU [15%@1420,9%@1420,5%@1420,90%@1420,0%@1420,4%@1420] EMC_FREQ 0% GR3D_FREQ 0% AUX@43C CPU@44C thermal@43.3C AO@43C GPU@43.5C PMIC@50C
10-01-2026 23:31:09 RAM 4956/6833MB (lfb 24x4MB) SWAP 298/3417MB (cached 0MB) CPU [30%@1420,33%@1420,57%@1420,70%@1420,60%@1420,40%@1420] EMC_FREQ 0% GR3D_FREQ 0% AUX@43C CPU@44.5C thermal@43.45C AO@43C GPU@43.5C PMIC@50C
10-01-2026 23:31:10 RAM 4956/6833MB (lfb 24x4MB) SWAP 298/3417MB (cached 0MB) CPU [20%@1190,19%@1190,20%@1190,38%@1190,20%@1190,10%@1190] EMC_FREQ 0% GR3D_FREQ 0% AUX@43C CPU@44C thermal@43.45C AO@43C GPU@43.5C PMIC@50C
10-01-2026 23:31:10 RAM 4999/6833MB (lfb 24x4MB) SWAP 297/3417MB (cached 0MB) CPU [68%@1420,60%@1420,61%@1420,68%@1420,75%@1420,70%@1420] EMC_FREQ 0% GR3D_FREQ 0% AUX@43C CPU@44.5C thermal@43.45C AO@43C GPU@43.5C PMIC@50C
10-01-2026 23:31:10 RAM 5005/6833MB (lfb 24x4MB) SWAP 297/3417MB (cached 0MB) CPU [10%@1420,5%@1420,13%@1420,100%@1420,10%@1420,5%@1420] EMC_FREQ 0% GR3D_FREQ 0% AUX@43C CPU@44.5C thermal@43.45C AO@43C GPU@43.5C PMIC@50C
10-01-2026 23:31:10 RAM 5007/6833MB (lfb 24x4MB) SWAP 297/3417MB (cached 0MB) CPU [5%@1420,9%@1420,30%@1420,47%@1420,28%@1420,5%@1420] EMC_FREQ 0% GR3D_FREQ 0% AUX@43C CPU@44.5C thermal@43.45C AO@43C GPU@43.5C PMIC@50C
10-01-2026 23:31:10 RAM 5013/6833MB (lfb 24x4MB) SWAP 297/3417MB (cached 0MB) CPU [63%@1420,15%@1420,43%@1420,5%@1420,30%@1420,15%@1420] EMC_FREQ 0% GR3D_FREQ 0% AUX@43C CPU@44C thermal@43.45C AO@43C GPU@43.5C PMIC@50C
10-01-2026 23:31:11 RAM 5013/6833MB (lfb 24x4MB) SWAP 297/3417MB (cached 0MB) CPU [21%@1420,30%@1420,80%@1420,14%@1420,18%@1420,18%@1420] EMC_FREQ 0% GR3D_FREQ 0% AUX@43C CPU@44.5C thermal@43.6C AO@43C GPU@43.5C PMIC@50C
10-01-2026 23:31:11 RAM 5013/6833MB (lfb 24x4MB) SWAP 297/3417MB (cached 0MB) CPU [19%@1420,28%@1420,78%@1420,0%@1420,15%@1420,19%@1420] EMC_FREQ 0% GR3D_FREQ 0% AUX@43C CPU@44.5C thermal@43.6C AO@43C GPU@43C PMIC@50C
10-01-2026 23:31:11 RAM 5006/6833MB (lfb 24x4MB) SWAP 297/3417MB (cached 0MB) CPU [19%@1420,14%@1420,40%@1420,4%@1420,47%@1420,15%@1420] EMC_FREQ 0% GR3D_FREQ 0% AUX@43C CPU@44C thermal@43.6C AO@43C GPU@43.5C PMIC@50C
10-01-2026 23:31:11 RAM 5007/6833MB (lfb 24x4MB) SWAP 297/3417MB (cached 0MB) CPU [25%@1420,20%@1420,50%@1420,23%@1420,35%@1420,10%@1420] EMC_FREQ 0% GR3D_FREQ 0% AUX@43C CPU@44.5C thermal@43.6C AO@43.5C GPU@43.5C PMIC@50C
10-01-2026 23:31:11 RAM 5008/6833MB (lfb 24x4MB) SWAP 297/3417MB (cached 0MB) CPU [68%@1420,66%@1420,61%@1420,72%@1420,15%@1420,38%@1420] EMC_FREQ 0% GR3D_FREQ 0% AUX@43C CPU@44.5C thermal@43.6C AO@43.5C GPU@43.5C PMIC@50C
10-01-2026 23:31:12 RAM 5008/6833MB (lfb 24x4MB) SWAP 297/3417MB (cached 0MB) CPU [10%@1420,20%@1420,0%@1420,5%@1420,10%@1420,15%@1420] EMC_FREQ 0% GR3D_FREQ 0% AUX@43C CPU@44.5C thermal@43.6C AO@43C GPU@43.5C PMIC@50C
10-01-2026 23:31:12 RAM 4954/6833MB (lfb 24x4MB) SWAP 297/3417MB (cached 0MB) CPU [100%@1420,40%@1420,36%@1420,36%@1420,42%@1420,35%@1420] EMC_FREQ 0% GR3D_FREQ 0% AUX@43C CPU@44.5C thermal@43.6C AO@43C GPU@43.5C PMIC@50C
10-01-2026 23:31:12 RAM 4954/6833MB (lfb 24x4MB) SWAP 297/3417MB (cached 0MB) CPU [95%@1420,14%@1420,13%@1420,4%@1420,10%@1420,5%@1420] EMC_FREQ 0% GR3D_FREQ 0% AUX@43C CPU@44.5C thermal@43.6C AO@43.5C GPU@43.5C PMIC@50C
10-01-2026 23:31:12 RAM 4961/6833MB (lfb 24x4MB) SWAP 297/3417MB (cached 0MB) CPU [10%@1420,10%@1420,21%@1420,23%@1420,50%@1420,60%@1420] EMC_FREQ 0% GR3D_FREQ 0% AUX@43C CPU@44.5C thermal@43.6C AO@43C GPU@43.5C PMIC@50C
10-01-2026 23:31:12 RAM 4962/6833MB (lfb 24x4MB) SWAP 297/3417MB (cached 0MB) CPU [15%@1420,22%@1420,19%@1420,15%@1420,72%@1420,25%@1420] EMC_FREQ 0% GR3D_FREQ 0% AUX@43.5C CPU@44.5C thermal@43.6C AO@43C GPU@43.5C PMIC@50C
10-01-2026 23:31:13 RAM 4961/6833MB (lfb 24x4MB) SWAP 297/3417MB (cached 0MB) CPU [25%@1420,15%@1420,10%@1420,10%@1420,72%@1420,10%@1420] EMC_FREQ 0% GR3D_FREQ 0% AUX@43C CPU@44.5C thermal@43.6C AO@43.5C GPU@43.5C PMIC@50C
10-01-2026 23:31:13 RAM 4958/6833MB (lfb 24x4MB) SWAP 297/3417MB (cached 0MB) CPU [31%@1420,11%@1420,15%@1420,0%@1420,68%@1420,21%@1420] EMC_FREQ 0% GR3D_FREQ 0% AUX@43.5C CPU@44.5C thermal@43.6C AO@43C GPU@43.5C PMIC@50C
10-01-2026 23:31:13 RAM 4959/6833MB (lfb 24x4MB) SWAP 297/3417MB (cached 0MB) CPU [33%@1420,68%@1420,0%@1420,9%@1420,5%@1420,0%@1420] EMC_FREQ 0% GR3D_FREQ 0% AUX@43.5C CPU@44.5C thermal@43.6C AO@43.5C GPU@43.5C PMIC@50C
10-01-2026 23:31:13 RAM 4959/6833MB (lfb 24x4MB) SWAP 297/3417MB (cached 0MB) CPU [71%@1420,39%@1420,50%@1420,52%@1420,36%@1420,57%@1420] EMC_FREQ 0% GR3D_FREQ 0% AUX@43.5C CPU@44.5C thermal@43.6C AO@43.5C GPU@43.5C PMIC@50C
10-01-2026 23:31:13 RAM 5149/6833MB (lfb 67x1MB) SWAP 297/3417MB (cached 0MB) CPU [25%@1420,5%@1420,22%@1420,85%@1420,27%@1420,36%@1420] EMC_FREQ 0% GR3D_FREQ 0% AUX@43.5C CPU@44.5C thermal@43.6C AO@43.5C GPU@43.5C PMIC@50C
10-01-2026 23:31:14 RAM 5243/6833MB (lfb 65x1MB) SWAP 297/3417MB (cached 0MB) CPU [90%@1420,63%@1420,61%@1420,71%@1420,57%@1420,57%@1420] EMC_FREQ 0% GR3D_FREQ 0% AUX@43.5C CPU@45C thermal@43.6C AO@43.5C GPU@43.5C PMIC@50C
10-01-2026 23:31:14 RAM 5063/6833MB (lfb 7x4MB) SWAP 297/3417MB (cached 0MB) CPU [42%@1420,100%@1420,45%@1420,31%@1420,31%@1420,25%@1420] EMC_FREQ 0% GR3D_FREQ 0% AUX@43.5C CPU@44.5C thermal@43.8C AO@43.5C GPU@43.5C PMIC@50C
10-01-2026 23:31:14 RAM 5065/6833MB (lfb 7x4MB) SWAP 297/3417MB (cached 0MB) CPU [10%@1420,60%@1420,38%@1420,5%@1420,15%@1420,13%@1420] EMC_FREQ 0% GR3D_FREQ 99% AUX@43.5C CPU@44.5C thermal@43.8C AO@43.5C GPU@45.5C PMIC@50C
10-01-2026 23:31:14 RAM 5012/6833MB (lfb 7x4MB) SWAP 297/3417MB (cached 0MB) CPU [47%@1420,21%@1420,26%@1420,19%@1420,27%@1420,36%@1420] EMC_FREQ 0% GR3D_FREQ 0% AUX@43.5C CPU@45C thermal@43.8C AO@43.5C GPU@44C PMIC@50C
10-01-2026 23:31:14 RAM 5012/6833MB (lfb 7x4MB) SWAP 297/3417MB (cached 0MB) CPU [23%@1420,15%@1420,5%@1420,30%@1420,61%@1420,26%@1420] EMC_FREQ 0% GR3D_FREQ 0% AUX@43.5C CPU@45C thermal@43.8C AO@44C GPU@44C PMIC@50C
10-01-2026 23:31:15 RAM 5011/6833MB (lfb 7x4MB) SWAP 297/3417MB (cached 0MB) CPU [15%@1420,10%@1420,0%@1420,11%@1420,60%@1420,21%@1420] EMC_FREQ 0% GR3D_FREQ 0% AUX@43.5C CPU@45C thermal@43.8C AO@43.5C GPU@44C PMIC@50C
10-01-2026 23:31:15 RAM 5004/6833MB (lfb 7x4MB) SWAP 297/3417MB (cached 0MB) CPU [45%@1420,15%@1420,18%@1420,15%@1420,50%@1420,5%@1420] EMC_FREQ 0% GR3D_FREQ 0% AUX@43.5C CPU@44.5C thermal@43.8C AO@43.5C GPU@44C PMIC@50C
10-01-2026 23:31:15 RAM 5005/6833MB (lfb 7x4MB) SWAP 297/3417MB (cached 0MB) CPU [94%@1420,14%@1420,9%@1420,9%@1420,9%@1420,10%@1420] EMC_FREQ 0% GR3D_FREQ 0% AUX@43.5C CPU@44.5C thermal@43.95C AO@43.5C GPU@44C PMIC@50C
10-01-2026 23:31:15 RAM 5005/6833MB (lfb 7x4MB) SWAP 297/3417MB (cached 0MB) CPU [25%@1420,40%@1420,100%@1420,70%@1420,55%@1420,68%@1420] EMC_FREQ 0% GR3D_FREQ 0% AUX@43.5C CPU@45C thermal@43.95C AO@43.5C GPU@44C PMIC@50C
10-01-2026 23:31:16 RAM 5006/6833MB (lfb 7x4MB) SWAP 297/3417MB (cached 0MB) CPU [14%@1190,5%@1190,0%@1190,0%@1190,5%@1190,9%@1190] EMC_FREQ 0% GR3D_FREQ 0% AUX@43.5C CPU@44.5C thermal@43.95C AO@43.5C GPU@44C PMIC@50C
10-01-2026 23:31:16 RAM 4953/6833MB (lfb 7x4MB) SWAP 297/3417MB (cached 0MB) CPU [47%@1420,40%@1420,45%@1420,38%@1420,35%@1420,100%@1420] EMC_FREQ 0% GR3D_FREQ 0% AUX@43.5C CPU@45C thermal@43.95C AO@43.5C GPU@44C PMIC@50C
10-01-2026 23:31:16 RAM 4953/6833MB (lfb 7x4MB) SWAP 297/3417MB (cached 0MB) CPU [10%@1420,9%@1420,4%@1420,0%@1420,0%@1420,95%@1420] EMC_FREQ 0% GR3D_FREQ 0% AUX@43.5C CPU@44.5C thermal@43.95C AO@43.5C GPU@44C PMIC@50C
10-01-2026 23:31:16 RAM 4960/6833MB (lfb 7x4MB) SWAP 297/3417MB (cached 0MB) CPU [35%@1420,75%@1420,25%@1420,35%@1420,70%@1420,10%@1420] EMC_FREQ 0% GR3D_FREQ 0% AUX@44C CPU@45C thermal@44.1C AO@44C GPU@44C PMIC@50C
10-01-2026 23:31:16 RAM 4960/6833MB (lfb 7x4MB) SWAP 297/3417MB (cached 0MB) CPU [26%@1420,20%@1420,14%@1420,11%@1420,9%@1420,71%@1420] EMC_FREQ 0% GR3D_FREQ 0% AUX@43.5C CPU@45C thermal@44.1C AO@44C GPU@44C PMIC@50C
10-01-2026 23:31:17 RAM 4960/6833MB (lfb 7x4MB) SWAP 297/3417MB (cached 0MB) CPU [23%@1420,14%@1420,23%@1420,15%@1420,10%@1420,80%@1420] EMC_FREQ 0% GR3D_FREQ 0% AUX@44C CPU@45C thermal@44.1C AO@44C GPU@44C PMIC@50C
10-01-2026 23:31:17 RAM 4957/6833MB (lfb 7x4MB) SWAP 297/3417MB (cached 0MB) CPU [21%@1420,10%@1420,10%@1420,27%@1420,71%@1420,10%@1420] EMC_FREQ 0% GR3D_FREQ 0% AUX@43.5C CPU@45.5C thermal@44.1C AO@44C GPU@44C PMIC@50C
10-01-2026 23:31:17 RAM 4957/6833MB (lfb 7x4MB) SWAP 297/3417MB (cached 0MB) CPU [23%@1420,0%@1420,72%@1420,5%@1420,5%@1420,10%@1420] EMC_FREQ 0% GR3D_FREQ 0% AUX@44C CPU@45C thermal@44.1C AO@44C GPU@44C PMIC@50C
10-01-2026 23:31:17 RAM 4957/6833MB (lfb 7x4MB) SWAP 297/3417MB (cached 0MB) CPU [70%@1420,45%@1420,23%@1420,42%@1420,47%@1420,55%@1420] EMC_FREQ 0% GR3D_FREQ 0% AUX@44C CPU@45.5C thermal@44.1C AO@44C GPU@44C PMIC@50C
10-01-2026 23:31:17 RAM 4955/6833MB (lfb 7x4MB) SWAP 297/3417MB (cached 0MB) CPU [25%@1190,10%@1190,42%@1420,15%@1420,26%@1420,22%@1420] EMC_FREQ 0% GR3D_FREQ 0% AUX@44C CPU@45C thermal@44.45C AO@44C GPU@44C PMIC@50C
10-01-2026 23:31:18 RAM 5001/6833MB (lfb 7x4MB) SWAP 297/3417MB (cached 0MB) CPU [63%@1420,55%@1420,57%@1420,65%@1420,63%@1420,68%@1420] EMC_FREQ 0% GR3D_FREQ 0% AUX@44C CPU@45.5C thermal@44.45C AO@44C GPU@44C PMIC@50C
10-01-2026 23:31:18 RAM 5004/6833MB (lfb 7x4MB) SWAP 297/3417MB (cached 0MB) CPU [100%@1420,19%@1420,13%@1420,13%@1420,10%@1420,10%@1420] EMC_FREQ 0% GR3D_FREQ 0% AUX@44C CPU@45C thermal@44.45C AO@44C GPU@44C PMIC@50C
10-01-2026 23:31:18 RAM 5006/6833MB (lfb 7x4MB) SWAP 297/3417MB (cached 0MB) CPU [52%@1420,5%@1420,5%@1420,5%@1420,26%@1420,27%@1420] EMC_FREQ 0% GR3D_FREQ 0% AUX@44C CPU@45.5C thermal@44.45C AO@44C GPU@44C PMIC@50C
10-01-2026 23:31:18 RAM 5012/6833MB (lfb 7x4MB) SWAP 297/3417MB (cached 0MB) CPU [10%@1420,27%@1420,18%@1420,81%@1420,25%@1420,39%@1420] EMC_FREQ 0% GR3D_FREQ 0% AUX@44C CPU@45.5C thermal@44.45C AO@44C GPU@44C PMIC@50C
10-01-2026 23:31:18 RAM 5012/6833MB (lfb 7x4MB) SWAP 297/3417MB (cached 0MB) CPU [18%@1420,21%@1420,38%@1420,38%@1420,47%@1420,15%@1420] EMC_FREQ 0% GR3D_FREQ 0% AUX@44C CPU@45C thermal@44.45C AO@44C GPU@44C PMIC@50C
10-01-2026 23:31:19 RAM 5012/6833MB (lfb 7x4MB) SWAP 297/3417MB (cached 0MB) CPU [10%@1420,19%@1420,14%@1420,28%@1420,13%@1420,85%@1420] EMC_FREQ 0% GR3D_FREQ 0% AUX@44C CPU@45.5C thermal@44.45C AO@43.5C GPU@44C PMIC@50C
10-01-2026 23:31:19 RAM 5009/6833MB (lfb 7x4MB) SWAP 297/3417MB (cached 0MB) CPU [10%@1420,55%@1420,23%@1420,9%@1420,15%@1420,28%@1420] EMC_FREQ 0% GR3D_FREQ 0% AUX@44C CPU@45C thermal@44.45C AO@44C GPU@44C PMIC@50C
10-01-2026 23:31:19 RAM 5010/6833MB (lfb 7x4MB) SWAP 297/3417MB (cached 0MB) CPU [28%@1420,28%@1420,15%@1420,50%@1420,21%@1420,15%@1420] EMC_FREQ 0% GR3D_FREQ 0% AUX@44C CPU@45.5C thermal@44.45C AO@44C GPU@44C PMIC@50C
10-01-2026 23:31:19 RAM 5068/6833MB (lfb 20x4MB) SWAP 297/3417MB (cached 0MB) CPU [68%@1420,57%@1420,52%@1420,65%@1420,70%@1420,65%@1420] EMC_FREQ 0% GR3D_FREQ 0% AUX@44C CPU@45.5C thermal@44.45C AO@44C GPU@44C PMIC@50C
10-01-2026 23:31:19 RAM 5068/6833MB (lfb 20x4MB) SWAP 297/3417MB (cached 0MB) CPU [10%@1190,30%@1190,10%@1190,10%@1190,10%@1190,5%@1190] EMC_FREQ 0% GR3D_FREQ 99% AUX@44C CPU@45.5C thermal@44.45C AO@44C GPU@45.5C PMIC@50C
10-01-2026 23:31:20 RAM 4957/6833MB (lfb 24x4MB) SWAP 297/3417MB (cached 0MB) CPU [35%@1420,52%@1420,90%@1420,42%@1420,45%@1420,47%@1420] EMC_FREQ 0% GR3D_FREQ 0% AUX@44C CPU@45.5C thermal@45.2C AO@44C GPU@45C PMIC@50C
10-01-2026 23:31:20 RAM 4957/6833MB (lfb 24x4MB) SWAP 297/3417MB (cached 0MB) CPU [14%@1420,13%@1420,95%@1420,5%@1420,5%@1420,5%@1420] EMC_FREQ 0% GR3D_FREQ 0% AUX@44C CPU@45C thermal@45.2C AO@44C GPU@44.5C PMIC@50C
10-01-2026 23:31:20 RAM 4962/6833MB (lfb 24x4MB) SWAP 296/3417MB (cached 0MB) CPU [45%@1420,20%@1420,71%@1420,13%@1420,10%@1420,14%@1420] EMC_FREQ 0% GR3D_FREQ 0% AUX@44C CPU@45.5C thermal@45.2C AO@44.5C GPU@44.5C PMIC@50C
10-01-2026 23:31:20 RAM 4963/6833MB (lfb 24x4MB) SWAP 296/3417MB (cached 0MB) CPU [16%@1420,21%@1420,4%@1420,9%@1420,75%@1420,20%@1420] EMC_FREQ 0% GR3D_FREQ 0% AUX@44C CPU@45.5C thermal@45.2C AO@44C GPU@44.5C PMIC@50C
10-01-2026 23:31:20 RAM 4963/6833MB (lfb 24x4MB) SWAP 296/3417MB (cached 0MB) CPU [22%@1420,31%@1420,0%@1420,10%@1420,80%@1420,22%@1420] EMC_FREQ 0% GR3D_FREQ 0% AUX@44C CPU@45.5C thermal@45.2C AO@44.5C GPU@44.5C PMIC@50C
10-01-2026 23:31:21 RAM 4963/6833MB (lfb 24x4MB) SWAP 296/3417MB (cached 0MB) CPU [28%@1420,23%@1420,10%@1420,5%@1420,80%@1420,30%@1420] EMC_FREQ 0% GR3D_FREQ 0% AUX@44.5C CPU@45.5C thermal@44.8C AO@44.5C GPU@44.5C PMIC@50C
10-01-2026 23:31:21 RAM 4956/6833MB (lfb 24x4MB) SWAP 296/3417MB (cached 0MB) CPU [10%@1420,15%@1420,56%@1420,14%@1420,9%@1420,50%@1420] EMC_FREQ 0% GR3D_FREQ 0% AUX@44C CPU@45C thermal@44.8C AO@44.5C GPU@44.5C PMIC@50C
10-01-2026 23:31:21 RAM 4956/6833MB (lfb 24x4MB) SWAP 296/3417MB (cached 0MB) CPU [68%@1420,45%@1420,100%@1420,63%@1420,55%@1420,20%@1420] EMC_FREQ 0% GR3D_FREQ 0% AUX@44C CPU@46C thermal@44.8C AO@44.5C GPU@44.5C PMIC@50C
10-01-2026 23:31:21 RAM 4956/6833MB (lfb 24x4MB) SWAP 296/3417MB (cached 0MB) CPU [14%@1420,9%@1420,0%@1420,0%@1420,14%@1420,5%@1420] EMC_FREQ 0% GR3D_FREQ 0% AUX@44.5C CPU@45.5C thermal@44.8C AO@44.5C GPU@44.5C PMIC@50C
10-01-2026 23:31:21 RAM 4864/6833MB (lfb 24x4MB) SWAP 296/3417MB (cached 0MB) CPU [5%@1190,10%@1420,80%@1420,14%@1420,5%@1420,14%@1420] EMC_FREQ 0% GR3D_FREQ 0% AUX@44C CPU@45.5C thermal@44.8C AO@44.5C GPU@44.5C PMIC@50C
10-01-2026 23:31:22 RAM 4856/6833MB (lfb 24x4MB) SWAP 296/3417MB (cached 0MB) CPU [9%@1420,0%@1420,47%@1420,5%@1420,0%@1420,5%@1420] EMC_FREQ 0% GR3D_FREQ 0% AUX@44.5C CPU@45C thermal@44.8C AO@44C GPU@44.5C PMIC@50C
10-01-2026 23:31:22 RAM 4855/6833MB (lfb 24x4MB) SWAP 295/3417MB (cached 0MB) CPU [0%@1420,15%@1420,20%@1420,13%@1420,4%@1420,9%@1420] EMC_FREQ 0% GR3D_FREQ 1% AUX@44.5C CPU@45.5C thermal@44.65C AO@44.5C GPU@44.5C PMIC@50C
10-01-2026 23:31:22 RAM 4522/6833MB (lfb 40x4MB) SWAP 258/3417MB (cached 0MB) CPU [14%@1420,25%@1420,15%@1420,60%@1420,21%@1420,10%@1420] EMC_FREQ 0% GR3D_FREQ 0% AUX@44.5C CPU@45.5C thermal@44.65C AO@44.5C GPU@44.5C PMIC@50C
10-01-2026 23:31:22 RAM 3660/6833MB (lfb 108x4MB) SWAP 210/3417MB (cached 0MB) CPU [0%@1420,4%@1420,0%@1420,100%@1420,0%@1420,0%@1420] EMC_FREQ 0% GR3D_FREQ 0% AUX@44.5C CPU@45.5C thermal@44.65C AO@44.5C GPU@44.5C PMIC@50C
10-01-2026 23:31:22 RAM 2652/6833MB (lfb 185x4MB) SWAP 203/3417MB (cached 0MB) CPU [0%@1420,0%@1420,0%@1420,100%@1420,0%@1420,0%@1420] EMC_FREQ 0% GR3D_FREQ 0% AUX@44.5C CPU@45.5C thermal@44.65C AO@44.5C GPU@44.5C PMIC@50C
10-01-2026 23:31:23 RAM 2157/6833MB (lfb 217x4MB) SWAP 181/3417MB (cached 0MB) CPU [0%@1420,0%@1420,0%@1420,100%@1420,0%@1420,4%@1420] EMC_FREQ 0% GR3D_FREQ 0% AUX@44.5C CPU@45.5C thermal@44.65C AO@44.5C GPU@44.5C PMIC@50C
