10-01-2026 11:15:54 RAM 691/6833MB (lfb 1210x4MB) SWAP 0/3417MB (cached 0MB) CPU [13%@1420,4%@1420,5%@1420,100%@1420,0%@1420,4%@1420] EMC_FREQ 0% GR3D_FREQ 0% AUX@45.5C CPU@46.5C thermal@45.65C AO@45.5C GPU@45.5C PMIC@50C
10-01-2026 11:15:54 RAM 691/6833MB (lfb 1210x4MB) SWAP 0/3417MB (cached 0MB) CPU [0%@1420,0%@1420,0%@1420,0%@1420,100%@1420,0%@1420] EMC_FREQ 0% GR3D_FREQ 0% AUX@45.5C CPU@46.5C thermal@45.65C AO@45.5C GPU@45.5C PMIC@50C
10-01-2026 11:15:55 RAM 693/6833MB (lfb 1210x4MB) SWAP 0/3417MB (cached 0MB) CPU [9%@1420,0%@1420,0%@1420,0%@1420,90%@1420,0%@1420] EMC_FREQ 0% GR3D_FREQ 0% AUX@45.5C CPU@46.5C thermal@45.65C AO@46C GPU@45.5C PMIC@50C
10-01-2026 11:15:55 RAM 695/6833MB (lfb 1210x4MB) SWAP 0/3417MB (cached 0MB) CPU [0%@1420,0%@1420,4%@1420,0%@1420,100%@1420,0%@1420] EMC_FREQ 0% GR3D_FREQ 0% AUX@45.5C CPU@46.5C thermal@45.65C AO@46C GPU@45.5C PMIC@50C
10-01-2026 11:15:55 RAM 698/6833MB (lfb 1210x4MB) SWAP 0/3417MB (cached 0MB) CPU [0%@1420,4%@1420,0%@1420,0%@1420,100%@1420,4%@1420] EMC_FREQ 0% GR3D_FREQ 0% AUX@45.5C CPU@46.5C thermal@45.8C AO@45.5C GPU@45.5C PMIC@50C
10-01-2026 11:15:55 RAM 701/6833MB (lfb 1210x4MB) SWAP 0/3417MB (cached 0MB) CPU [0%@1420,0%@1420,0%@1420,4%@1420,100%@1420,4%@1420] EMC_FREQ 0% GR3D_FREQ 0% AUX@45.5C CPU@46.5C thermal@45.8C AO@45.5C GPU@45.5C PMIC@50C
10-01-2026 11:15:55 RAM 714/6833MB (lfb 1210x4MB) SWAP 0/3417MB (cached 0MB) CPU [35%@1420,36%@1420,38%@1420,40%@1420,100%@1420,38%@1420] EMC_FREQ 0% GR3D_FREQ 0% AUX@45.5C CPU@46.5C thermal@45.8C AO@46C GPU@45.5C PMIC@50C
10-01-2026 11:15:56 RAM 723/6833MB (lfb 1210x4MB) SWAP 0/3417MB (cached 0MB) CPU [100%@1420,100%@1420,100%@1420,100%@1420,100%@1420,100%@1420] EMC_FREQ 0% GR3D_FREQ 0% AUX@45.5C CPU@47C thermal@45.8C AO@46C GPU@45.5C PMIC@50C
10-01-2026 11:15:56 RAM 728/6833MB (lfb 1210x4MB) SWAP 0/3417MB (cached 0MB) CPU [38%@1420,100%@1420,100%@1420,100%@1420,100%@1420,100%@1420] EMC_FREQ 0% GR3D_FREQ 0% AUX@45.5C CPU@47C thermal@45.8C AO@46C GPU@45.5C PMIC@50C
10-01-2026 11:15:56 RAM 733/6833MB (lfb 1210x4MB) SWAP 0/3417MB (cached 0MB) CPU [100%@1420,100%@1420,100%@1420,100%@1420,100%@1420,100%@1420] EMC_FREQ 0% GR3D_FREQ 0% AUX@45.5C CPU@47.5C thermal@46.1C AO@46C GPU@45.5C PMIC@50C
10-01-2026 11:15:56 RAM 739/6833MB (lfb 1210x4MB) SWAP 0/3417MB (cached 0MB) CPU [100%@1420,100%@1420,100%@1420,100%@1420,100%@1420,100%@1420] EMC_FREQ 0% GR3D_FREQ 0% AUX@45.5C CPU@47.5C thermal@46.1C AO@46C GPU@45.5C PMIC@50C
10-01-2026 11:15:56 RAM 742/6833MB (lfb 1210x4MB) SWAP 0/3417MB (cached 0MB) CPU [100%@1420,100%@1420,100%@1420,100%@1420,91%@1420,100%@1420] EMC_FREQ 0% GR3D_FREQ 0% AUX@45.5C CPU@47C thermal@46.1C AO@46C GPU@46C PMIC@50C
10-01-2026 11:15:57 RAM 743/6833MB (lfb 1210x4MB) SWAP 0/3417MB (cached 0MB) CPU [100%@1420,100%@1420,100%@1420,100%@1420,95%@1420,100%@1420] EMC_FREQ 0% GR3D_FREQ 0% AUX@46C CPU@47C thermal@46.1C AO@46C GPU@45.5C PMIC@50C
10-01-2026 11:15:57 RAM 765/6833MB (lfb 1205x4MB) SWAP 0/3417MB (cached 0MB) CPU [100%@1420,90%@1420,100%@1420,100%@1420,100%@1420,100%@1420] EMC_FREQ 0% GR3D_FREQ 55% AUX@46C CPU@47.5C thermal@46.1C AO@45.5C GPU@45.5C PMIC@50C
10-01-2026 11:15:57 RAM 766/6833MB (lfb 1203x4MB) SWAP 0/3417MB (cached 0MB) CPU [100%@1420,75%@1420,100%@1420,100%@1420,100%@1420,100%@1420] EMC_FREQ 0% GR3D_FREQ 0% AUX@46C CPU@47C thermal@46.1C AO@46C GPU@45.5C PMIC@50C
10-01-2026 11:15:57 RAM 769/6833MB (lfb 1203x4MB) SWAP 0/3417MB (cached 0MB) CPU [100%@1420,77%@1420,100%@1420,100%@1420,100%@1420,100%@1420] EMC_FREQ 0% GR3D_FREQ 0% AUX@45.5C CPU@47.5C thermal@46.15C AO@46C GPU@45.5C PMIC@50C
10-01-2026 11:15:57 RAM 776/6833MB (lfb 1200x4MB) SWAP 0/3417MB (cached 0MB) CPU [100%@1420,100%@1420,95%@1420,100%@1420,100%@1420,100%@1420] EMC_FREQ 0% GR3D_FREQ 0% AUX@46C CPU@47.5C thermal@46.15C AO@46C GPU@45.5C PMIC@50C
10-01-2026 11:15:58 RAM 779/6833MB (lfb 1199x4MB) SWAP 0/3417MB (cached 0MB) CPU [100%@1420,100%@1420,100%@1420,95%@1420,100%@1420,100%@1420] EMC_FREQ 0% GR3D_FREQ 0% AUX@46C CPU@47.5C thermal@46.15C AO@46C GPU@45.5C PMIC@50C
10-01-2026 11:15:58 RAM 781/6833MB (lfb 1199x4MB) SWAP 0/3417MB (cached 0MB) CPU [100%@1420,100%@1420,100%@1420,95%@1420,100%@1420,100%@1420] EMC_FREQ 0% GR3D_FREQ 0% AUX@46C CPU@47.5C thermal@46.15C AO@46C GPU@45.5C PMIC@50C
10-01-2026 11:15:58 RAM 876/6833MB (lfb 1176x4MB) SWAP 0/3417MB (cached 0MB) CPU [100%@1420,100%@1420,100%@1420,85%@1420,100%@1420,100%@1420] EMC_FREQ 0% GR3D_FREQ 0% AUX@46C CPU@47.5C thermal@46.15C AO@46C GPU@46C PMIC@50C
10-01-2026 11:15:58 RAM 889/6833MB (lfb 1173x4MB) SWAP 0/3417MB (cached 0MB) CPU [100%@1420,100%@1420,85%@1420,89%@1420,100%@1420,100%@1420] EMC_FREQ 0% GR3D_FREQ 0% AUX@46C CPU@47.5C thermal@46.3C AO@46C GPU@46C PMIC@50C
10-01-2026 11:15:58 RAM 897/6833MB (lfb 1171x4MB) SWAP 0/3417MB (cached 0MB) CPU [100%@1420,100%@1420,100%@1420,100%@1420,100%@1420,100%@1420] EMC_FREQ 0% GR3D_FREQ 27% AUX@46C CPU@47.5C thermal@46.3C AO@46C GPU@46C PMIC@50C
10-01-2026 11:15:59 RAM 924/6833MB (lfb 1164x4MB) SWAP 0/3417MB (cached 0MB) CPU [100%@1420,100%@1420,95%@1420,100%@1420,100%@1420,90%@1420] EMC_FREQ 0% GR3D_FREQ 35% AUX@46C CPU@47.5C thermal@46.3C AO@46C GPU@46C PMIC@50C
10-01-2026 11:15:59 RAM 1002/6833MB (lfb 1144x4MB) SWAP 0/3417MB (cached 0MB) CPU [100%@1420,100%@1420,100%@1420,100%@1420,100%@1420,100%@1420] EMC_FREQ 0% GR3D_FREQ 0% AUX@46C CPU@47.5C thermal@46.3C AO@46C GPU@46C PMIC@50C
10-01-2026 11:15:59 RAM 1019/6833MB (lfb 1140x4MB) SWAP 0/3417MB (cached 0MB) CPU [100%@1420,100%@1420,100%@1420,100%@1420,100%@1420,90%@1420] EMC_FREQ 0% GR3D_FREQ 0% AUX@46C CPU@47.5C thermal@46.3C AO@46C GPU@46C PMIC@50C
10-01-2026 11:15:59 RAM 1051/6833MB (lfb 1132x4MB) SWAP 0/3417MB (cached 0MB) CPU [100%@1420,100%@1420,100%@1420,100%@1420,95%@1420,95%@1420] EMC_FREQ 0% GR3D_FREQ 0% AUX@46C CPU@47.5C thermal@46.3C AO@46C GPU@46C PMIC@50C
10-01-2026 11:15:59 RAM 1059/6833MB (lfb 1127x4MB) SWAP 0/3417MB (cached 0MB) CPU [95%@1420,100%@1420,100%@1420,100%@1420,21%@1420,100%@1420] EMC_FREQ 0% GR3D_FREQ 0% AUX@46.5C CPU@47.5C thermal@46.65C AO@46C GPU@46C PMIC@50C
10-01-2026 11:16:00 RAM 1062/6833MB (lfb 1123x4MB) SWAP 0/3417MB (cached 0MB) CPU [95%@1420,100%@1420,40%@1420,100%@1420,85%@1420,100%@1420] EMC_FREQ 0% GR3D_FREQ 0% AUX@46.5C CPU@47.5C thermal@46.65C AO@46C GPU@46C PMIC@50C
10-01-2026 11:16:00 RAM 1074/6833MB (lfb 1117x4MB) SWAP 0/3417MB (cached 0MB) CPU [100%@1420,100%@1420,25%@1420,100%@1420,95%@1420,100%@1420] EMC_FREQ 0% GR3D_FREQ 0% AUX@46.5C CPU@47.5C thermal@46.65C AO@46C GPU@46C PMIC@50C
10-01-2026 11:16:00 RAM 1083/6833MB (lfb 1114x4MB) SWAP 0/3417MB (cached 0MB) CPU [100%@1420,100%@1420,80%@1420,100%@1420,100%@1420,100%@1420] EMC_FREQ 0% GR3D_FREQ 0% AUX@46C CPU@48C thermal@46.65C AO@46.5C GPU@46C PMIC@50C
10-01-2026 11:16:00 RAM 1087/6833MB (lfb 1111x4MB) SWAP 0/3417MB (cached 0MB) CPU [100%@1420,100%@1420,84%@1420,85%@1420,90%@1420,100%@1420] EMC_FREQ 0% GR3D_FREQ 0% AUX@46C CPU@47.5C thermal@46.65C AO@46C GPU@46C PMIC@50C
10-01-2026 11:16:00 RAM 1088/6833MB (lfb 1107x4MB) SWAP 0/3417MB (cached 0MB) CPU [95%@1420,33%@1420,100%@1420,100%@1420,85%@1420,100%@1420] EMC_FREQ 0% GR3D_FREQ 0% AUX@46.5C CPU@47.5C thermal@46.45C AO@46C GPU@46C PMIC@50C
10-01-2026 11:16:01 RAM 1090/6833MB (lfb 1103x4MB) SWAP 0/3417MB (cached 0MB) CPU [100%@1420,26%@1420,100%@1420,100%@1420,100%@1420,100%@1420] EMC_FREQ 0% GR3D_FREQ 0% AUX@46C CPU@48C thermal@46.45C AO@46C GPU@46C PMIC@50C
10-01-2026 11:16:01 RAM 1094/6833MB (lfb 1100x4MB) SWAP 0/3417MB (cached 0MB) CPU [90%@1420,68%@1420,100%@1420,100%@1420,100%@1420,100%@1420] EMC_FREQ 0% GR3D_FREQ 0% AUX@46.5C CPU@48C thermal@46.45C AO@46C GPU@45.5C PMIC@50C
10-01-2026 11:16:01 RAM 1095/6833MB (lfb 1098x4MB) SWAP 0/3417MB (cached 0MB) CPU [90%@1420,100%@1420,100%@1420,100%@1420,100%@1420,100%@1420] EMC_FREQ 0% GR3D_FREQ 0% AUX@46.5C CPU@48C thermal@46.45C AO@46C GPU@46C PMIC@50C
10-01-2026 11:16:01 RAM 1095/6833MB (lfb 1097x4MB) SWAP 0/3417MB (cached 0MB) CPU [75%@1420,100%@1420,100%@1420,100%@1420,100%@1420,100%@1420] EMC_FREQ 0% GR3D_FREQ 0% AUX@46.5C CPU@47.5C thermal@46.45C AO@46C GPU@46C PMIC@50C
10-01-2026 11:16:02 RAM 1096/6833MB (lfb 1096x4MB) SWAP 0/3417MB (cached 0MB) CPU [95%@1420,100%@1420,100%@1420,100%@1420,100%@1420,100%@1420] EMC_FREQ 0% GR3D_FREQ 0% AUX@46C CPU@47.5C thermal@46.65C AO@46C GPU@46C PMIC@50C
10-01-2026 11:16:02 RAM 1098/6833MB (lfb 1093x4MB) SWAP 0/3417MB (cached 0MB) CPU [75%@1420,95%@1420,100%@1420,100%@1420,100%@1420,100%@1420] EMC_FREQ 0% GR3D_FREQ 0% AUX@46.5C CPU@47.5C thermal@46.65C AO@46C GPU@46C PMIC@50C
10-01-2026 11:16:02 RAM 1099/6833MB (lfb 1091x4MB) SWAP 0/3417MB (cached 0MB) CPU [100%@1420,100%@1420,100%@1420,100%@1420,100%@1420,100%@1420] EMC_FREQ 0% GR3D_FREQ 0% AUX@46.5C CPU@47.5C thermal@46.65C AO@46C GPU@46C PMIC@50C
10-01-2026 11:16:02 RAM 1100/6833MB (lfb 1090x4MB) SWAP 0/3417MB (cached 0MB) CPU [100%@1420,94%@1420,100%@1420,100%@1420,100%@1420,100%@1420] EMC_FREQ 0% GR3D_FREQ 0% AUX@46C CPU@47.5C thermal@46.65C AO@46C GPU@46C PMIC@50C
10-01-2026 11:16:02 RAM 1103/6833MB (lfb 1090x4MB) SWAP 0/3417MB (cached 0MB) CPU [100%@1420,100%@1420,95%@1420,100%@1420,100%@1420,100%@1420] EMC_FREQ 0% GR3D_FREQ 0% AUX@46C CPU@48C thermal@46.65C AO@46C GPU@46C PMIC@50C
10-01-2026 11:16:03 RAM 1108/6833MB (lfb 1088x4MB) SWAP 0/3417MB (cached 0MB) CPU [100%@1420,100%@1420,100%@1420,100%@1420,100%@1420,100%@1420] EMC_FREQ 0% GR3D_FREQ 0% AUX@46.5C CPU@47.5C thermal@46.65C AO@46C GPU@46C PMIC@50C
10-01-2026 11:16:03 RAM 1109/6833MB (lfb 1087x4MB) SWAP 0/3417MB (cached 0MB) CPU [100%@1420,100%@1420,95%@1420,95%@1420,100%@1420,100%@1420] EMC_FREQ 0% GR3D_FREQ 0% AUX@46C CPU@48C thermal@46.8C AO@46C GPU@46C PMIC@50C
10-01-2026 11:16:03 RAM 1111/6833MB (lfb 1085x4MB) SWAP 0/3417MB (cached 0MB) CPU [100%@1420,100%@1420,96%@1420,85%@1420,100%@1420,100%@1420] EMC_FREQ 0% GR3D_FREQ 0% AUX@46.5C CPU@48C thermal@46.8C AO@46C GPU@46C PMIC@50C
10-01-2026 11:16:03 RAM 1112/6833MB (lfb 1085x4MB) SWAP 0/3417MB (cached 0MB) CPU [100%@1420,100%@1420,100%@1420,95%@1420,100%@1420,100%@1420] EMC_FREQ 0% GR3D_FREQ 0% AUX@46C CPU@47.5C thermal@46.8C AO@46C GPU@46C PMIC@50C
10-01-2026 11:16:04 RAM 1114/6833MB (lfb 1084x4MB) SWAP 0/3417MB (cached 0MB) CPU [100%@1420,100%@1420,100%@1420,90%@1420,100%@1420,100%@1420] EMC_FREQ 0% GR3D_FREQ 0% AUX@46.5C CPU@47.5C thermal@46.8C AO@46C GPU@46C PMIC@50C
10-01-2026 11:16:04 RAM 1117/6833MB (lfb 1083x4MB) SWAP 0/3417MB (cached 0MB) CPU [100%@1420,100%@1420,100%@1420,100%@1420,100%@1420,100%@1420] EMC_FREQ 0% GR3D_FREQ 0% AUX@46C CPU@48C thermal@46.6C AO@46C GPU@46C PMIC@50C
10-01-2026 11:16:04 RAM 1121/6833MB (lfb 1082x4MB) SWAP 0/3417MB (cached 0MB) CPU [100%@1420,100%@1420,90%@1420,100%@1420,100%@1420,100%@1420] EMC_FREQ 0% GR3D_FREQ 0% AUX@46C CPU@48C thermal@46.6C AO@46C GPU@46C PMIC@50C
10-01-2026 11:16:04 RAM 1121/6833MB (lfb 1082x4MB) SWAP 0/3417MB (cached 0MB) CPU [95%@1420,100%@1420,100%@1420,100%@1420,95%@1420,95%@1420] EMC_FREQ 0% GR3D_FREQ 0% AUX@46C CPU@47.5C thermal@46.6C AO@46C GPU@46C PMIC@50C
10-01-2026 11:16:04 RAM 1123/6833MB (lfb 1081x4MB) SWAP 0/3417MB (cached 0MB) CPU [100%@1420,100%@1420,100%@1420,100%@1420,100%@1420,100%@1420] EMC_FREQ 0% GR3D_FREQ 0% AUX@46.5C CPU@47.5C thermal@46.6C AO@46C GPU@46C PMIC@50C
10-01-2026 11:16:05 RAM 1124/6833MB (lfb 1081x4MB) SWAP 0/3417MB (cached 0MB) CPU [100%@1420,100%@1420,100%@1420,100%@1420,100%@1420,85%@1420] EMC_FREQ 0% GR3D_FREQ 0% AUX@46C CPU@47.5C thermal@46.6C AO@46C GPU@46C PMIC@50C
10-01-2026 11:16:05 RAM 1125/6833MB (lfb 1080x4MB) SWAP 0/3417MB (cached 0MB) CPU [100%@1420,100%@1420,100%@1420,100%@1420,100%@1420,85%@1420] EMC_FREQ 0% GR3D_FREQ 0% AUX@46.5C CPU@47.5C thermal@46.6C AO@46C GPU@46C PMIC@50C
10-01-2026 11:16:05 RAM 1126/6833MB (lfb 1079x4MB) SWAP 0/3417MB (cached 0MB) CPU [100%@1420,100%@1420,100%@1420,100%@1420,100%@1420,86%@1420] EMC_FREQ 0% GR3D_FREQ 0% AUX@46C CPU@47.5C thermal@46.45C AO@46C GPU@46C PMIC@50C
10-01-2026 11:16:05 RAM 1128/6833MB (lfb 1078x4MB) SWAP 0/3417MB (cached 0MB) CPU [100%@1420,100%@1420,100%@1420,100%@1420,100%@1420,100%@1420] EMC_FREQ 0% GR3D_FREQ 0% AUX@46.5C CPU@47.5C thermal@46.45C AO@46C GPU@46C PMIC@50C
10-01-2026 11:16:05 RAM 1131/6833MB (lfb 1077x4MB) SWAP 0/3417MB (cached 0MB) CPU [100%@1420,100%@1420,100%@1420,100%@1420,100%@1420,100%@1420] EMC_FREQ 0% GR3D_FREQ 0% AUX@46.5C CPU@47.5C thermal@46.45C AO@46C GPU@46C PMIC@50C
10-01-2026 11:16:06 RAM 1132/6833MB (lfb 1076x4MB) SWAP 0/3417MB (cached 0MB) CPU [100%@1420,100%@1420,100%@1420,100%@1420,100%@1420,100%@1420] EMC_FREQ 0% GR3D_FREQ 0% AUX@46C CPU@47.5C thermal@46.45C AO@46C GPU@46C PMIC@50C
10-01-2026 11:16:06 RAM 1133/6833MB (lfb 1075x4MB) SWAP 0/3417MB (cached 0MB) CPU [90%@1420,100%@1420,100%@1420,100%@1420,85%@1420,90%@1420] EMC_FREQ 0% GR3D_FREQ 0% AUX@46C CPU@47.5C thermal@46.45C AO@46C GPU@46C PMIC@50C
10-01-2026 11:16:06 RAM 1134/6833MB (lfb 1075x4MB) SWAP 0/3417MB (cached 0MB) CPU [100%@1420,100%@1420,90%@1420,100%@1420,100%@1420,100%@1420] EMC_FREQ 0% GR3D_FREQ 0% AUX@46.5C CPU@47.5C thermal@46.65C AO@46C GPU@46C PMIC@50C
10-01-2026 11:16:06 RAM 1135/6833MB (lfb 1074x4MB) SWAP 0/3417MB (cached 0MB) CPU [100%@1420,100%@1420,90%@1420,100%@1420,100%@1420,100%@1420] EMC_FREQ 0% GR3D_FREQ 0% AUX@46.5C CPU@47.5C thermal@46.65C AO@46C GPU@46C PMIC@50C
10-01-2026 11:16:06 RAM 1136/6833MB (lfb 1073x4MB) SWAP 0/3417MB (cached 0MB) CPU [100%@1420,100%@1420,90%@1420,95%@1420,100%@1420,100%@1420] EMC_FREQ 0% GR3D_FREQ 0% AUX@46C CPU@47.5C thermal@46.65C AO@46C GPU@45.5C PMIC@50C
10-01-2026 11:16:07 RAM 1136/6833MB (lfb 1073x4MB) SWAP 0/3417MB (cached 0MB) CPU [100%@1420,100%@1420,95%@1420,100%@1420,100%@1420,100%@1420] EMC_FREQ 0% GR3D_FREQ 0% AUX@46C CPU@48C thermal@46.65C AO@46C GPU@46C PMIC@50C
10-01-2026 11:16:07 RAM 1137/6833MB (lfb 1073x4MB) SWAP 0/3417MB (cached 0MB) CPU [100%@1420,100%@1420,95%@1420,95%@1420,100%@1420,100%@1420] EMC_FREQ 0% GR3D_FREQ 0% AUX@46C CPU@47.5C thermal@46.65C AO@46C GPU@46C PMIC@50C
10-01-2026 11:16:07 RAM 1137/6833MB (lfb 1072x4MB) SWAP 0/3417MB (cached 0MB) CPU [100%@1420,100%@1420,100%@1420,95%@1420,100%@1420,100%@1420] EMC_FREQ 0% GR3D_FREQ 0% AUX@46C CPU@47.5C thermal@46.65C AO@46C GPU@46C PMIC@50C
10-01-2026 11:16:07 RAM 1138/6833MB (lfb 1072x4MB) SWAP 0/3417MB (cached 0MB) CPU [100%@1420,100%@1420,100%@1420,95%@1420,100%@1420,100%@1420] EMC_FREQ 0% GR3D_FREQ 0% AUX@46C CPU@47.5C thermal@46.45C AO@46C GPU@46C PMIC@50C
10-01-2026 11:16:07 RAM 1139/6833MB (lfb 1070x4MB) SWAP 0/3417MB (cached 0MB) CPU [68%@1420,100%@1420,80%@1420,100%@1420,100%@1420,100%@1420] EMC_FREQ 0% GR3D_FREQ 0% AUX@46C CPU@47.5C thermal@46.45C AO@46C GPU@45.5C PMIC@50C
10-01-2026 11:16:08 RAM 1140/6833MB (lfb 1069x4MB) SWAP 0/3417MB (cached 0MB) CPU [100%@1420,100%@1420,90%@1420,76%@1420,100%@1420,100%@1420] EMC_FREQ 0% GR3D_FREQ 0% AUX@46C CPU@47.5C thermal@46.45C AO@46C GPU@46C PMIC@50C
10-01-2026 11:16:08 RAM 1141/6833MB (lfb 1065x4MB) SWAP 0/3417MB (cached 0MB) CPU [100%@1420,100%@1420,100%@1420,38%@1420,100%@1420,100%@1420] EMC_FREQ 0% GR3D_FREQ 0% AUX@46C CPU@48C thermal@46.45C AO@46C GPU@45.5C PMIC@50C
10-01-2026 11:16:08 RAM 1142/6833MB (lfb 1061x4MB) SWAP 0/3417MB (cached 0MB) CPU [100%@1420,100%@1420,100%@1420,60%@1420,60%@1420,100%@1420] EMC_FREQ 0% GR3D_FREQ 0% AUX@46C CPU@47.5C thermal@46.45C AO@46C GPU@46C PMIC@50C
10-01-2026 11:16:08 RAM 1142/6833MB (lfb 1058x4MB) SWAP 0/3417MB (cached 0MB) CPU [100%@1420,100%@1420,100%@1420,90%@1420,21%@1420,100%@1420] EMC_FREQ 0% GR3D_FREQ 0% AUX@46C CPU@47.5C thermal@46.45C AO@46C GPU@46C PMIC@50C
10-01-2026 11:16:09 RAM 1150/6833MB (lfb 1054x4MB) SWAP 0/3417MB (cached 0MB) CPU [100%@1420,100%@1420,100%@1420,100%@1420,73%@1420,100%@1420] EMC_FREQ 0% GR3D_FREQ 0% AUX@46C CPU@47.5C thermal@46.45C AO@46C GPU@46C PMIC@50C
10-01-2026 11:16:09 RAM 1153/6833MB (lfb 1053x4MB) SWAP 0/3417MB (cached 0MB) CPU [100%@1420,100%@1420,100%@1420,72%@1420,91%@1420,100%@1420] EMC_FREQ 0% GR3D_FREQ 0% AUX@46C CPU@47.5C thermal@46.45C AO@46C GPU@46C PMIC@50C
10-01-2026 11:16:09 RAM 1154/6833MB (lfb 1051x4MB) SWAP 0/3417MB (cached 0MB) CPU [100%@1420,100%@1420,100%@1420,68%@1420,100%@1420,100%@1420] EMC_FREQ 0% GR3D_FREQ 0% AUX@46C CPU@47.5C thermal@46.45C AO@46C GPU@46C PMIC@50C
10-01-2026 11:16:09 RAM 1156/6833MB (lfb 1051x4MB) SWAP 0/3417MB (cached 0MB) CPU [100%@1420,100%@1420,100%@1420,95%@1420,100%@1420,100%@1420] EMC_FREQ 0% GR3D_FREQ 0% AUX@46C CPU@47.5C thermal@46.45C AO@46C GPU@46C PMIC@50C
10-01-2026 11:16:09 RAM 1158/6833MB (lfb 1050x4MB) SWAP 0/3417MB (cached 0MB) CPU [100%@1420,100%@1420,100%@1420,90%@1420,100%@1420,100%@1420] EMC_FREQ 0% GR3D_FREQ 0% AUX@46C CPU@47.5C thermal@46.45C AO@46C GPU@46C PMIC@50C
10-01-2026 11:16:10 RAM 1160/6833MB (lfb 1050x4MB) SWAP 0/3417MB (cached 0MB) CPU [100%@1420,100%@1420,100%@1420,90%@1420,100%@1420,100%@1420] EMC_FREQ 0% GR3D_FREQ 0% AUX@46C CPU@47.5C thermal@46.45C AO@46C GPU@45.5C PMIC@50C
10-01-2026 11:16:10 RAM 1162/6833MB (lfb 1049x4MB) SWAP 0/3417MB (cached 0MB) CPU [100%@1420,100%@1420,100%@1420,94%@1420,100%@1420,100%@1420] EMC_FREQ 0% GR3D_FREQ 0% AUX@46C CPU@47.5C thermal@46.45C AO@46C GPU@46C PMIC@50C
10-01-2026 11:16:10 RAM 1165/6833MB (lfb 1048x4MB) SWAP 0/3417MB (cached 0MB) CPU [100%@1420,100%@1420,100%@1420,80%@1420,100%@1420,100%@1420] EMC_FREQ 0% GR3D_FREQ 0% AUX@46C CPU@47.5C thermal@46.45C AO@46C GPU@46C PMIC@50C
10-01-2026 11:16:10 RAM 1166/6833MB (lfb 1048x4MB) SWAP 0/3417MB (cached 0MB) CPU [100%@1420,100%@1420,100%@1420,89%@1420,100%@1420,100%@1420] EMC_FREQ 0% GR3D_FREQ 0% AUX@46C CPU@47.5C thermal@46.45C AO@46C GPU@46C PMIC@50C
10-01-2026 11:16:10 RAM 1168/6833MB (lfb 1047x4MB) SWAP 0/3417MB (cached 0MB) CPU [40%@1420,42%@1420,52%@1420,45%@1420,66%@1420,40%@1420] EMC_FREQ 0% GR3D_FREQ 0% AUX@46C CPU@47C thermal@46.45C AO@45.5C GPU@45.5C PMIC@50C
10-01-2026 11:16:11 RAM 1169/6833MB (lfb 1047x4MB) SWAP 0/3417MB (cached 0MB) CPU [0%@1420,5%@1420,0%@1420,4%@1420,55%@1420,47%@1420] EMC_FREQ 0% GR3D_FREQ 0% AUX@46C CPU@47C thermal@46.15C AO@46C GPU@46C PMIC@50C
10-01-2026 11:16:11 RAM 1170/6833MB (lfb 1046x4MB) SWAP 0/3417MB (cached 0MB) CPU [14%@1420,5%@1420,5%@1420,0%@1420,14%@1420,85%@1420] EMC_FREQ 0% GR3D_FREQ 0% AUX@46C CPU@47C thermal@46.15C AO@46C GPU@46C PMIC@50C
10-01-2026 11:16:11 RAM 1172/6833MB (lfb 1046x4MB) SWAP 0/3417MB (cached 0MB) CPU [9%@1420,5%@1420,4%@1420,0%@1420,14%@1420,95%@1420] EMC_FREQ 0% GR3D_FREQ 0% AUX@46C CPU@47C thermal@46.15C AO@46C GPU@46C PMIC@50C
10-01-2026 11:16:11 RAM 1174/6833MB (lfb 1045x4MB) SWAP 0/3417MB (cached 0MB) CPU [5%@1420,0%@1420,5%@1420,25%@1420,15%@1420,45%@1420] EMC_FREQ 0% GR3D_FREQ 0% AUX@46C CPU@47C thermal@46.15C AO@46C GPU@46C PMIC@50C
10-01-2026 11:16:11 RAM 1176/6833MB (lfb 1045x4MB) SWAP 0/3417MB (cached 0MB) CPU [9%@1420,9%@1420,9%@1420,4%@1420,81%@1420,10%@1420] EMC_FREQ 0% GR3D_FREQ 0% AUX@46C CPU@47C thermal@46.15C AO@46C GPU@46C PMIC@50C
10-01-2026 11:16:12 RAM 1177/6833MB (lfb 1044x4MB) SWAP 0/3417MB (cached 0MB) CPU [5%@1420,5%@1420,5%@1420,5%@1420,80%@1420,14%@1420] EMC_FREQ 0% GR3D_FREQ 0% AUX@46C CPU@47C thermal@46.3C AO@46C GPU@45.5C PMIC@50C
10-01-2026 11:16:12 RAM 1179/6833MB (lfb 1044x4MB) SWAP 0/3417MB (cached 0MB) CPU [5%@1420,4%@1420,0%@1420,9%@1420,85%@1420,5%@1420] EMC_FREQ 0% GR3D_FREQ 0% AUX@45.5C CPU@46.5C thermal@46.3C AO@46C GPU@45.5C PMIC@50C
10-01-2026 11:16:12 RAM 1179/6833MB (lfb 1044x4MB) SWAP 0/3417MB (cached 0MB) CPU [5%@1420,9%@1420,9%@1420,0%@1420,95%@1420,10%@1420] EMC_FREQ 0% GR3D_FREQ 0% AUX@46C CPU@47C thermal@46.3C AO@46C GPU@45.5C PMIC@50C
10-01-2026 11:16:12 RAM 1180/6833MB (lfb 1043x4MB) SWAP 0/3417MB (cached 0MB) CPU [5%@1420,9%@1420,0%@1420,5%@1420,85%@1420,10%@1420] EMC_FREQ 0% GR3D_FREQ 0% AUX@46C CPU@46.5C thermal@46.3C AO@46C GPU@45.5C PMIC@50C
10-01-2026 11:16:12 RAM 1182/6833MB (lfb 1043x4MB) SWAP 0/3417MB (cached 0MB) CPU [0%@1420,5%@1420,9%@1420,0%@1420,71%@1420,21%@1420] EMC_FREQ 0% GR3D_FREQ 0% AUX@46C CPU@47C thermal@46.3C AO@46C GPU@45.5C PMIC@50C
10-01-2026 11:16:13 RAM 1184/6833MB (lfb 1042x4MB) SWAP 0/3417MB (cached 0MB) CPU [14%@1420,5%@1420,0%@1420,77%@1420,0%@1420,9%@1420] EMC_FREQ 0% GR3D_FREQ 0% AUX@45.5C CPU@46.5C thermal@46.3C AO@46C GPU@45.5C PMIC@50C
10-01-2026 11:16:13 RAM 1189/6833MB (lfb 1040x4MB) SWAP 0/3417MB (cached 0MB) CPU [10%@1420,9%@1420,28%@1420,42%@1420,20%@1420,10%@1420] EMC_FREQ 0% GR3D_FREQ 0% AUX@45.5C CPU@46.5C thermal@46.1C AO@46C GPU@45.5C PMIC@50C
10-01-2026 11:16:13 RAM 1191/6833MB (lfb 1040x4MB) SWAP 0/3417MB (cached 0MB) CPU [9%@1420,10%@1420,0%@1420,4%@1420,63%@1420,21%@1420] EMC_FREQ 0% GR3D_FREQ 0% AUX@45.5C CPU@46.5C thermal@46.1C AO@46C GPU@45.5C PMIC@50C
10-01-2026 11:16:13 RAM 1192/6833MB (lfb 1040x4MB) SWAP 0/3417MB (cached 0MB) CPU [10%@1420,10%@1420,4%@1420,0%@1420,5%@1420,86%@1420] EMC_FREQ 0% GR3D_FREQ 0% AUX@45.5C CPU@47C thermal@46.1C AO@45.5C GPU@45.5C PMIC@50C
10-01-2026 11:16:13 RAM 1197/6833MB (lfb 1038x4MB) SWAP 0/3417MB (cached 0MB) CPU [10%@1420,9%@1420,0%@1420,0%@1420,20%@1420,65%@1420] EMC_FREQ 0% GR3D_FREQ 0% AUX@45.5C CPU@46.5C thermal@46.1C AO@45.5C GPU@45.5C PMIC@50C
10-01-2026 11:16:14 RAM 1197/6833MB (lfb 1038x4MB) SWAP 0/3417MB (cached 0MB) CPU [0%@1420,0%@1420,4%@1420,5%@1420,91%@1420,10%@1420] EMC_FREQ 0% GR3D_FREQ 0% AUX@45.5C CPU@46.5C thermal@46.1C AO@46C GPU@45.5C PMIC@50C
10-01-2026 11:16:14 RAM 1197/6833MB (lfb 1038x4MB) SWAP 0/3417MB (cached 0MB) CPU [9%@1420,18%@1420,5%@1420,9%@1420,94%@1420,10%@1420] EMC_FREQ 0% GR3D_FREQ 0% AUX@45.5C CPU@46.5C thermal@45.8C AO@45.5C GPU@45.5C PMIC@50C
10-01-2026 11:16:14 RAM 1198/6833MB (lfb 1038x4MB) SWAP 0/3417MB (cached 0MB) CPU [9%@1420,5%@1420,0%@1420,0%@1420,89%@1420,5%@1420] EMC_FREQ 0% GR3D_FREQ 0% AUX@45.5C CPU@46.5C thermal@45.8C AO@46C GPU@45.5C PMIC@50C
10-01-2026 11:16:14 RAM 1198/6833MB (lfb 1038x4MB) SWAP 0/3417MB (cached 0MB) CPU [9%@1420,5%@1420,5%@1420,5%@1420,95%@1420,9%@1420] EMC_FREQ 0% GR3D_FREQ 0% AUX@45.5C CPU@46.5C thermal@45.8C AO@46C GPU@45.5C PMIC@50C
10-01-2026 11:16:14 RAM 1199/6833MB (lfb 1037x4MB) SWAP 0/3417MB (cached 0MB) CPU [0%@1420,5%@1420,9%@1420,9%@1420,90%@1420,10%@1420] EMC_FREQ 0% GR3D_FREQ 0% AUX@45.5C CPU@46.5C thermal@45.8C AO@45.5C GPU@45.5C PMIC@50C
10-01-2026 11:16:15 RAM 1201/6833MB (lfb 1037x4MB) SWAP 0/3417MB (cached 0MB) CPU [5%@1420,5%@1420,0%@1420,5%@1420,90%@1420,5%@1420] EMC_FREQ 0% GR3D_FREQ 0% AUX@45.5C CPU@46.5C thermal@45.8C AO@45.5C GPU@45.5C PMIC@50C
10-01-2026 11:16:15 RAM 1205/6833MB (lfb 1034x4MB) SWAP 0/3417MB (cached 0MB) CPU [9%@1420,5%@1420,9%@1420,5%@1420,79%@1420,9%@1420] EMC_FREQ 0% GR3D_FREQ 0% AUX@45.5C CPU@46.5C thermal@45.8C AO@45.5C GPU@45.5C PMIC@50C
10-01-2026 11:16:15 RAM 1207/6833MB (lfb 1034x4MB) SWAP 0/3417MB (cached 0MB) CPU [5%@1420,5%@1420,9%@1420,15%@1420,66%@1420,10%@1420] EMC_FREQ 0% GR3D_FREQ 0% AUX@45.5C CPU@46.5C thermal@45.8C AO@45.5C GPU@45.5C PMIC@50C
10-01-2026 11:16:15 RAM 1209/6833MB (lfb 1033x4MB) SWAP 0/3417MB (cached 0MB) CPU [5%@1420,9%@1420,85%@1420,13%@1420,4%@1420,5%@1420] EMC_FREQ 0% GR3D_FREQ 0% AUX@45.5C CPU@46.5C thermal@45.8C AO@45.5C GPU@45.5C PMIC@50C
10-01-2026 11:16:16 RAM 1209/6833MB (lfb 1033x4MB) SWAP 0/3417MB (cached 0MB) CPU [13%@1420,5%@1420,100%@1420,5%@1420,4%@1420,9%@1420] EMC_FREQ 0% GR3D_FREQ 0% AUX@45.5C CPU@46.5C thermal@45.8C AO@45.5C GPU@45.5C PMIC@50C
10-01-2026 11:16:16 RAM 1211/6833MB (lfb 1032x4MB) SWAP 0/3417MB (cached 0MB) CPU [0%@1420,4%@1420,76%@1420,4%@1420,10%@1420,10%@1420] EMC_FREQ 0% GR3D_FREQ 0% AUX@45.5C CPU@46.5C thermal@45.8C AO@45.5C GPU@45.5C PMIC@50C
10-01-2026 11:16:16 RAM 1211/6833MB (lfb 1032x4MB) SWAP 0/3417MB (cached 0MB) CPU [5%@1420,5%@1420,90%@1420,5%@1420,0%@1420,10%@1420] EMC_FREQ 0% GR3D_FREQ 0% AUX@45.5C CPU@46.5C thermal@45.8C AO@45.5C GPU@45.5C PMIC@50C
10-01-2026 11:16:16 RAM 1213/6833MB (lfb 1031x4MB) SWAP 0/3417MB (cached 0MB) CPU [14%@1420,22%@1420,76%@1420,4%@1420,5%@1420,13%@1420] EMC_FREQ 0% GR3D_FREQ 0% AUX@45.5C CPU@46.5C thermal@45.8C AO@45.5C GPU@45.5C PMIC@50C
10-01-2026 11:16:16 RAM 1214/6833MB (lfb 1031x4MB) SWAP 0/3417MB (cached 0MB) CPU [9%@1420,100%@1420,0%@1420,0%@1420,0%@1420,10%@1420] EMC_FREQ 0% GR3D_FREQ 0% AUX@45C CPU@46.5C thermal@45.8C AO@45.5C GPU@45.5C PMIC@50C
10-01-2026 11:16:17 RAM 1215/6833MB (lfb 1031x4MB) SWAP 0/3417MB (cached 0MB) CPU [5%@1420,95%@1420,0%@1420,4%@1420,14%@1420,10%@1420] EMC_FREQ 0% GR3D_FREQ 0% AUX@45C CPU@46.5C thermal@45.8C AO@45.5C GPU@45.5C PMIC@50C
10-01-2026 11:16:17 RAM 1215/6833MB (lfb 1031x4MB) SWAP 0/3417MB (cached 0MB) CPU [0%@1420,90%@1420,4%@1420,5%@1420,10%@1420,9%@1420] EMC_FREQ 0% GR3D_FREQ 0% AUX@45.5C CPU@46.5C thermal@45.8C AO@45.5C GPU@45.5C PMIC@50C
10-01-2026 11:16:17 RAM 1215/6833MB (lfb 1031x4MB) SWAP 0/3417MB (cached 0MB) CPU [9%@1420,95%@1420,0%@1420,9%@1420,18%@1420,0%@1420] EMC_FREQ 0% GR3D_FREQ 0% AUX@45C CPU@46.5C thermal@45.8C AO@45.5C GPU@45.5C PMIC@50C
10-01-2026 11:16:17 RAM 1218/6833MB (lfb 1030x4MB) SWAP 0/3417MB (cached 0MB) CPU [14%@1420,100%@1420,5%@1420,10%@1420,10%@1420,5%@1420] EMC_FREQ 0% GR3D_FREQ 0% AUX@45.5C CPU@46.5C thermal@45.8C AO@45.5C GPU@45.5C PMIC@50C
10-01-2026 11:16:17 RAM 1220/6833MB (lfb 1030x4MB) SWAP 0/3417MB (cached 0MB) CPU [5%@1420,100%@1420,9%@1420,5%@1420,4%@1420,10%@1420] EMC_FREQ 0% GR3D_FREQ 0% AUX@45C CPU@46.5C thermal@45.45C AO@45.5C GPU@45.5C PMIC@50C
10-01-2026 11:16:18 RAM 1222/6833MB (lfb 1029x4MB) SWAP 0/3417MB (cached 0MB) CPU [5%@1420,95%@1420,5%@1420,13%@1420,5%@1420,14%@1420] EMC_FREQ 0% GR3D_FREQ 0% AUX@45C CPU@46.5C thermal@45.45C AO@45.5C GPU@45.5C PMIC@50C
10-01-2026 11:16:18 RAM 1223/6833MB (lfb 1029x4MB) SWAP 0/3417MB (cached 0MB) CPU [15%@1420,100%@1420,0%@1420,4%@1420,0%@1420,10%@1420] EMC_FREQ 0% GR3D_FREQ 0% AUX@45C CPU@46.5C thermal@45.45C AO@45.5C GPU@45.5C PMIC@50C
10-01-2026 11:16:18 RAM 1224/6833MB (lfb 1028x4MB) SWAP 0/3417MB (cached 0MB) CPU [9%@1420,89%@1420,9%@1420,0%@1420,9%@1420,19%@1420] EMC_FREQ 0% GR3D_FREQ 0% AUX@45C CPU@46.5C thermal@45.45C AO@45.5C GPU@45C PMIC@50C
10-01-2026 11:16:18 RAM 1225/6833MB (lfb 1028x4MB) SWAP 0/3417MB (cached 0MB) CPU [10%@1420,80%@1420,5%@1420,5%@1420,4%@1420,14%@1420] EMC_FREQ 0% GR3D_FREQ 0% AUX@45.5C CPU@46.5C thermal@45.45C AO@45.5C GPU@45C PMIC@50C
10-01-2026 11:16:18 RAM 1227/6833MB (lfb 1028x4MB) SWAP 0/3417MB (cached 0MB) CPU [100%@1267,0%@1267,4%@1267,0%@1267,10%@1267,10%@1267] EMC_FREQ 0% GR3D_FREQ 0% AUX@45C CPU@46.5C thermal@45.45C AO@45.5C GPU@45C PMIC@50C
10-01-2026 11:16:19 RAM 1228/6833MB (lfb 1027x4MB) SWAP 0/3417MB (cached 0MB) CPU [66%@1420,33%@1420,0%@1420,5%@1420,14%@1420,0%@1420] EMC_FREQ 0% GR3D_FREQ 0% AUX@45.5C CPU@46.5C thermal@45.45C AO@45.5C GPU@45C PMIC@50C
10-01-2026 11:16:19 RAM 1228/6833MB (lfb 1027x4MB) SWAP 0/3417MB (cached 0MB) CPU [0%@1420,90%@1420,5%@1420,5%@1420,10%@1420,13%@1420] EMC_FREQ 0% GR3D_FREQ 0% AUX@45C CPU@46.5C thermal@45.45C AO@45.5C GPU@45C PMIC@50C
10-01-2026 11:16:19 RAM 1229/6833MB (lfb 1027x4MB) SWAP 0/3417MB (cached 0MB) CPU [0%@1420,95%@1420,9%@1420,9%@1420,10%@1420,0%@1420] EMC_FREQ 0% GR3D_FREQ 0% AUX@45.5C CPU@46.5C thermal@45.45C AO@45C GPU@45.5C PMIC@50C
10-01-2026 11:16:19 RAM 1229/6833MB (lfb 1027x4MB) SWAP 0/3417MB (cached 0MB) CPU [13%@1420,90%@1420,4%@1420,9%@1420,0%@1420,10%@1420] EMC_FREQ 0% GR3D_FREQ 0% AUX@45.5C CPU@46.5C thermal@45.45C AO@45C GPU@45.5C PMIC@50C
10-01-2026 11:16:19 RAM 1230/6833MB (lfb 1027x4MB) SWAP 0/3417MB (cached 0MB) CPU [0%@1420,90%@1420,5%@1420,9%@1420,9%@1420,17%@1420] EMC_FREQ 0% GR3D_FREQ 0% AUX@45C CPU@46.5C thermal@45.45C AO@45.5C GPU@45C PMIC@50C
10-01-2026 11:16:20 RAM 1232/6833MB (lfb 1026x4MB) SWAP 0/3417MB (cached 0MB) CPU [5%@1420,85%@1420,5%@1420,0%@1420,5%@1420,10%@1420] EMC_FREQ 0% GR3D_FREQ 0% AUX@45.5C CPU@46.5C thermal@45.65C AO@45.5C GPU@45C PMIC@50C
10-01-2026 11:16:20 RAM 1233/6833MB (lfb 1026x4MB) SWAP 0/3417MB (cached 0MB) CPU [14%@1420,85%@1420,4%@1420,0%@1420,0%@1420,15%@1420] EMC_FREQ 0% GR3D_FREQ 0% AUX@45C CPU@46C thermal@45.65C AO@45.5C GPU@45C PMIC@50C
10-01-2026 11:16:20 RAM 1234/6833MB (lfb 1026x4MB) SWAP 0/3417MB (cached 0MB) CPU [0%@1420,85%@1420,0%@1420,4%@1420,18%@1420,4%@1420] EMC_FREQ 0% GR3D_FREQ 0% AUX@45C CPU@46C thermal@45.65C AO@45.5C GPU@45.5C PMIC@50C
10-01-2026 11:16:20 RAM 1234/6833MB (lfb 1025x4MB) SWAP 0/3417MB (cached 0MB) CPU [9%@1420,55%@1420,5%@1420,10%@1420,0%@1420,10%@1420] EMC_FREQ 0% GR3D_FREQ 0% AUX@45C CPU@46C thermal@45.65C AO@45.5C GPU@45.5C PMIC@50C
10-01-2026 11:16:20 RAM 1235/6833MB (lfb 1024x4MB) SWAP 0/3417MB (cached 0MB) CPU [10%@1420,45%@1420,13%@1420,5%@1420,9%@1420,4%@1420] EMC_FREQ 0% GR3D_FREQ 0% AUX@45.5C CPU@46C thermal@45.65C AO@45C GPU@45.5C PMIC@50C
10-01-2026 11:16:21 RAM 1235/6833MB (lfb 1024x4MB) SWAP 0/3417MB (cached 0MB) CPU [0%@1420,78%@1420,0%@1420,4%@1420,15%@1420,10%@1420] EMC_FREQ 0% GR3D_FREQ 0% AUX@45C CPU@46C thermal@45.5C AO@45C GPU@45C PMIC@50C
10-01-2026 11:16:21 RAM 1235/6833MB (lfb 1024x4MB) SWAP 0/3417MB (cached 0MB) CPU [14%@1420,95%@1420,0%@1420,5%@1420,14%@1420,5%@1420] EMC_FREQ 0% GR3D_FREQ 0% AUX@45C CPU@46C thermal@45.5C AO@45.5C GPU@45C PMIC@50C
10-01-2026 11:16:21 RAM 1235/6833MB (lfb 1024x4MB) SWAP 0/3417MB (cached 0MB) CPU [0%@1420,90%@1420,4%@1420,4%@1420,0%@1420,14%@1420] EMC_FREQ 0% GR3D_FREQ 0% AUX@45C CPU@46C thermal@45.5C AO@45.5C GPU@45.5C PMIC@50C
10-01-2026 11:16:21 RAM 1236/6833MB (lfb 1023x4MB) SWAP 0/3417MB (cached 0MB) CPU [0%@1420,90%@1420,0%@1420,5%@1420,18%@1420,9%@1420] EMC_FREQ 0% GR3D_FREQ 0% AUX@45.5C CPU@46C thermal@45.5C AO@45.5C GPU@45C PMIC@50C
10-01-2026 11:16:21 RAM 1237/6833MB (lfb 1021x4MB) SWAP 0/3417MB (cached 0MB) CPU [9%@1420,35%@1420,4%@1420,5%@1420,19%@1420,5%@1420] EMC_FREQ 0% GR3D_FREQ 0% AUX@45C CPU@46C thermal@45.5C AO@45.5C GPU@45C PMIC@50C
10-01-2026 11:16:22 RAM 1238/6833MB (lfb 1019x4MB) SWAP 0/3417MB (cached 0MB) CPU [5%@1420,25%@1420,5%@1420,0%@1420,18%@1420,5%@1420] EMC_FREQ 0% GR3D_FREQ 0% AUX@45C CPU@46C thermal@45.5C AO@45C GPU@45C PMIC@50C
10-01-2026 11:16:22 RAM 1240/6833MB (lfb 1018x4MB) SWAP 0/3417MB (cached 0MB) CPU [18%@1420,80%@1420,0%@1420,9%@1420,10%@1420,5%@1420] EMC_FREQ 0% GR3D_FREQ 0% AUX@45C CPU@46C thermal@45.3C AO@45C GPU@45C PMIC@50C
10-01-2026 11:16:22 RAM 1241/6833MB (lfb 1017x4MB) SWAP 0/3417MB (cached 0MB) CPU [0%@1420,90%@1420,5%@1420,4%@1420,9%@1420,5%@1420] EMC_FREQ 0% GR3D_FREQ 0% AUX@45C CPU@46C thermal@45.3C AO@45C GPU@45C PMIC@50C
10-01-2026 11:16:22 RAM 1242/6833MB (lfb 1017x4MB) SWAP 0/3417MB (cached 0MB) CPU [0%@1420,90%@1420,4%@1420,5%@1420,5%@1420,5%@1420] EMC_FREQ 0% GR3D_FREQ 0% AUX@45C CPU@46C thermal@45.3C AO@45C GPU@45C PMIC@50C
10-01-2026 11:16:22 RAM 1242/6833MB (lfb 1017x4MB) SWAP 0/3417MB (cached 0MB) CPU [9%@1420,94%@1420,0%@1420,0%@1420,9%@1420,17%@1420] EMC_FREQ 0% GR3D_FREQ 0% AUX@45C CPU@46C thermal@45.3C AO@45C GPU@45C PMIC@50C
10-01-2026 11:16:23 RAM 1242/6833MB (lfb 1017x4MB) SWAP 0/3417MB (cached 0MB) CPU [4%@1420,90%@1420,9%@1420,5%@1420,9%@1420,10%@1420] EMC_FREQ 0% GR3D_FREQ 0% AUX@45C CPU@46C thermal@45.3C AO@45C GPU@45C PMIC@50C
10-01-2026 11:16:23 RAM 1245/6833MB (lfb 1016x4MB) SWAP 0/3417MB (cached 0MB) CPU [5%@1420,78%@1420,5%@1420,0%@1420,0%@1420,5%@1420] EMC_FREQ 0% GR3D_FREQ 0% AUX@45C CPU@46C thermal@45.3C AO@45.5C GPU@45C PMIC@50C
10-01-2026 11:16:23 RAM 1245/6833MB (lfb 1016x4MB) SWAP 0/3417MB (cached 0MB) CPU [0%@1420,95%@1420,9%@1420,9%@1420,5%@1420,15%@1420] EMC_FREQ 0% GR3D_FREQ 0% AUX@45C CPU@46C thermal@45.3C AO@45C GPU@45C PMIC@50C
10-01-2026 11:16:23 RAM 1245/6833MB (lfb 1016x4MB) SWAP 0/3417MB (cached 0MB) CPU [0%@1420,65%@1420,0%@1420,5%@1420,5%@1420,10%@1420] EMC_FREQ 0% GR3D_FREQ 0% AUX@45C CPU@46C thermal@45.3C AO@45.5C GPU@45.5C PMIC@50C
10-01-2026 11:16:23 RAM 1246/6833MB (lfb 1016x4MB) SWAP 0/3417MB (cached 0MB) CPU [13%@1420,95%@1420,0%@1420,0%@1420,9%@1420,5%@1420] EMC_FREQ 0% GR3D_FREQ 0% AUX@45C CPU@46C thermal@45.3C AO@45C GPU@45C PMIC@50C
10-01-2026 11:16:24 RAM 1246/6833MB (lfb 1016x4MB) SWAP 0/3417MB (cached 0MB) CPU [0%@1420,95%@1420,0%@1420,0%@1420,5%@1420,10%@1420] EMC_FREQ 0% GR3D_FREQ 0% AUX@45C CPU@46C thermal@45.3C AO@45C GPU@45C PMIC@50C
10-01-2026 11:16:24 RAM 1246/6833MB (lfb 1016x4MB) SWAP 0/3417MB (cached 0MB) CPU [0%@1420,77%@1420,4%@1420,9%@1420,27%@1420,14%@1420] EMC_FREQ 0% GR3D_FREQ 0% AUX@45C CPU@46C thermal@45.3C AO@45C GPU@45C PMIC@50C
10-01-2026 11:16:24 RAM 1247/6833MB (lfb 1016x4MB) SWAP 0/3417MB (cached 0MB) CPU [0%@1420,0%@1420,9%@1420,5%@1420,89%@1420,19%@1420] EMC_FREQ 0% GR3D_FREQ 0% AUX@45C CPU@46C thermal@45.3C AO@45C GPU@45C PMIC@50C
10-01-2026 11:16:24 RAM 1247/6833MB (lfb 1016x4MB) SWAP 0/3417MB (cached 0MB) CPU [13%@1420,4%@1420,5%@1420,14%@1420,95%@1420,10%@1420] EMC_FREQ 0% GR3D_FREQ 0% AUX@45C CPU@46C thermal@45.3C AO@45C GPU@45C PMIC@50C
10-01-2026 11:16:24 RAM 1247/6833MB (lfb 1015x4MB) SWAP 0/3417MB (cached 0MB) CPU [9%@1420,0%@1420,4%@1420,4%@1420,95%@1420,0%@1420] EMC_FREQ 0% GR3D_FREQ 0% AUX@45C CPU@46C thermal@45.3C AO@45C GPU@45C PMIC@50C
10-01-2026 11:16:25 RAM 1248/6833MB (lfb 1014x4MB) SWAP 0/3417MB (cached 0MB) CPU [0%@1420,9%@1420,5%@1420,0%@1420,95%@1420,18%@1420] EMC_FREQ 0% GR3D_FREQ 0% AUX@45C CPU@46C thermal@45.3C AO@45C GPU@45.5C PMIC@50C
10-01-2026 11:16:25 RAM 1249/6833MB (lfb 1014x4MB) SWAP 0/3417MB (cached 0MB) CPU [5%@1420,5%@1420,13%@1420,5%@1420,95%@1420,0%@1420] EMC_FREQ 0% GR3D_FREQ 0% AUX@45C CPU@45.5C thermal@45.3C AO@45C GPU@45C PMIC@50C
10-01-2026 11:16:25 RAM 1249/6833MB (lfb 1014x4MB) SWAP 0/3417MB (cached 0MB) CPU [9%@1420,0%@1420,10%@1420,9%@1420,95%@1420,9%@1420] EMC_FREQ 0% GR3D_FREQ 0% AUX@45C CPU@45.5C thermal@45.3C AO@45C GPU@45C PMIC@50C
10-01-2026 11:16:25 RAM 1249/6833MB (lfb 1014x4MB) SWAP 0/3417MB (cached 0MB) CPU [5%@1420,9%@1420,10%@1420,5%@1420,94%@1420,0%@1420] EMC_FREQ 0% GR3D_FREQ 0% AUX@45C CPU@46C thermal@45.3C AO@45C GPU@45C PMIC@50C
10-01-2026 11:16:25 RAM 1249/6833MB (lfb 1014x4MB) SWAP 0/3417MB (cached 0MB) CPU [0%@1420,0%@1420,10%@1420,9%@1420,95%@1420,0%@1420] EMC_FREQ 0% GR3D_FREQ 0% AUX@45C CPU@46C thermal@45.3C AO@45C GPU@45C PMIC@50C
10-01-2026 11:16:26 RAM 1250/6833MB (lfb 1014x4MB) SWAP 0/3417MB (cached 0MB) CPU [5%@1420,0%@1420,9%@1420,5%@1420,90%@1420,9%@1420] EMC_FREQ 0% GR3D_FREQ 0% AUX@45C CPU@46C thermal@45.3C AO@45C GPU@45C PMIC@50C
10-01-2026 11:16:26 RAM 1251/6833MB (lfb 1014x4MB) SWAP 0/3417MB (cached 0MB) CPU [9%@1420,5%@1420,10%@1420,0%@1420,84%@1420,10%@1420] EMC_FREQ 0% GR3D_FREQ 0% AUX@45C CPU@45.5C thermal@45.3C AO@45C GPU@45C PMIC@50C
10-01-2026 11:16:26 RAM 1251/6833MB (lfb 1013x4MB) SWAP 0/3417MB (cached 0MB) CPU [4%@1420,0%@1420,5%@1420,10%@1420,94%@1420,0%@1420] EMC_FREQ 0% GR3D_FREQ 0% AUX@45C CPU@45.5C thermal@45.3C AO@45C GPU@45C PMIC@50C
10-01-2026 11:16:26 RAM 1252/6833MB (lfb 1013x4MB) SWAP 0/3417MB (cached 0MB) CPU [5%@1420,0%@1420,5%@1420,19%@1420,90%@1420,4%@1420] EMC_FREQ 0% GR3D_FREQ 0% AUX@45C CPU@45.5C thermal@45.15C AO@45C GPU@45C PMIC@50C
10-01-2026 11:16:27 RAM 1252/6833MB (lfb 1013x4MB) SWAP 0/3417MB (cached 0MB) CPU [5%@1420,9%@1420,4%@1420,10%@1420,95%@1420,0%@1420] EMC_FREQ 0% GR3D_FREQ 0% AUX@45C CPU@45.5C thermal@45.15C AO@44.5C GPU@45C PMIC@50C
10-01-2026 11:16:27 RAM 1252/6833MB (lfb 1013x4MB) SWAP 0/3417MB (cached 0MB) CPU [9%@1420,5%@1420,10%@1420,13%@1420,95%@1420,9%@1420] EMC_FREQ 0% GR3D_FREQ 0% AUX@45C CPU@45.5C thermal@45.15C AO@45C GPU@45C PMIC@50C
10-01-2026 11:16:27 RAM 1253/6833MB (lfb 1013x4MB) SWAP 0/3417MB (cached 0MB) CPU [9%@1420,0%@1420,10%@1420,5%@1420,95%@1420,0%@1420] EMC_FREQ 0% GR3D_FREQ 0% AUX@45C CPU@45.5C thermal@45.15C AO@45C GPU@45C PMIC@50C
10-01-2026 11:16:27 RAM 1253/6833MB (lfb 1012x4MB) SWAP 0/3417MB (cached 0MB) CPU [9%@1190,5%@1190,5%@1190,9%@1190,65%@1190,5%@1190] EMC_FREQ 0% GR3D_FREQ 0% AUX@45C CPU@45.5C thermal@45.15C AO@45C GPU@45C PMIC@50C
10-01-2026 11:16:27 RAM 1254/6833MB (lfb 1011x4MB) SWAP 0/3417MB (cached 0MB) CPU [5%@1420,4%@1420,9%@1420,10%@1420,60%@1420,18%@1420] EMC_FREQ 0% GR3D_FREQ 0% AUX@45C CPU@45.5C thermal@45.15C AO@45C GPU@45C PMIC@50C
10-01-2026 11:16:28 RAM 1259/6833MB (lfb 1010x4MB) SWAP 0/3417MB (cached 0MB) CPU [9%@1420,5%@1420,5%@1420,10%@1420,95%@1420,0%@1420] EMC_FREQ 0% GR3D_FREQ 0% AUX@45C CPU@46C thermal@45.15C AO@45C GPU@45C PMIC@50C
10-01-2026 11:16:28 RAM 1260/6833MB (lfb 1009x4MB) SWAP 0/3417MB (cached 0MB) CPU [5%@1420,4%@1420,18%@1420,10%@1420,100%@1420,4%@1420] EMC_FREQ 0% GR3D_FREQ 0% AUX@45C CPU@46C thermal@45.15C AO@45C GPU@45C PMIC@50C
10-01-2026 11:16:28 RAM 1260/6833MB (lfb 1009x4MB) SWAP 0/3417MB (cached 0MB) CPU [0%@1420,5%@1420,14%@1420,13%@1420,95%@1420,0%@1420] EMC_FREQ 0% GR3D_FREQ 0% AUX@45C CPU@45.5C thermal@45.15C AO@45C GPU@45C PMIC@50C
10-01-2026 11:16:28 RAM 1261/6833MB (lfb 1009x4MB) SWAP 0/3417MB (cached 0MB) CPU [5%@1420,5%@1420,5%@1420,9%@1420,94%@1420,4%@1420] EMC_FREQ 0% GR3D_FREQ 0% AUX@45C CPU@45.5C thermal@45.15C AO@45C GPU@45C PMIC@50C
10-01-2026 11:16:28 RAM 1261/6833MB (lfb 1009x4MB) SWAP 0/3417MB (cached 0MB) CPU [14%@1420,5%@1420,9%@1420,0%@1420,90%@1420,4%@1420] EMC_FREQ 0% GR3D_FREQ 0% AUX@45C CPU@45.5C thermal@45.15C AO@44.5C GPU@45C PMIC@50C
10-01-2026 11:16:29 RAM 1262/6833MB (lfb 1009x4MB) SWAP 0/3417MB (cached 0MB) CPU [4%@1420,0%@1420,14%@1420,5%@1420,100%@1420,9%@1420] EMC_FREQ 0% GR3D_FREQ 0% AUX@45C CPU@46C thermal@45.15C AO@45C GPU@44.5C PMIC@50C
10-01-2026 11:16:29 RAM 1262/6833MB (lfb 1009x4MB) SWAP 0/3417MB (cached 0MB) CPU [0%@1420,5%@1420,10%@1420,9%@1420,90%@1420,4%@1420] EMC_FREQ 0% GR3D_FREQ 0% AUX@45C CPU@45.5C thermal@45.15C AO@45C GPU@45C PMIC@50C
10-01-2026 11:16:29 RAM 1263/6833MB (lfb 1008x4MB) SWAP 0/3417MB (cached 0MB) CPU [5%@1420,5%@1420,5%@1420,5%@1420,0%@1420,85%@1420] EMC_FREQ 0% GR3D_FREQ 0% AUX@45C CPU@45.5C thermal@45.15C AO@44.5C GPU@44.5C PMIC@50C
10-01-2026 11:16:29 RAM 1263/6833MB (lfb 1008x4MB) SWAP 0/3417MB (cached 0MB) CPU [5%@1420,9%@1420,9%@1420,14%@1420,0%@1420,100%@1420] EMC_FREQ 0% GR3D_FREQ 0% AUX@45C CPU@45.5C thermal@45.15C AO@45C GPU@44.5C PMIC@50C
10-01-2026 11:16:29 RAM 1264/6833MB (lfb 1007x4MB) SWAP 0/3417MB (cached 0MB) CPU [5%@1420,0%@1420,0%@1420,10%@1420,0%@1420,76%@1420] EMC_FREQ 0% GR3D_FREQ 0% AUX@45C CPU@45.5C thermal@45.15C AO@44.5C GPU@44.5C PMIC@50C
10-01-2026 11:16:30 RAM 1279/6833MB (lfb 1003x4MB) SWAP 0/3417MB (cached 0MB) CPU [9%@1420,5%@1420,14%@1420,5%@1420,0%@1420,100%@1420] EMC_FREQ 0% GR3D_FREQ 0% AUX@45C CPU@46C thermal@45.15C AO@45C GPU@44.5C PMIC@50C
10-01-2026 11:16:30 RAM 1280/6833MB (lfb 1003x4MB) SWAP 0/3417MB (cached 0MB) CPU [13%@1420,9%@1420,10%@1420,0%@1420,0%@1420,100%@1420] EMC_FREQ 0% GR3D_FREQ 0% AUX@45C CPU@46C thermal@45.15C AO@45C GPU@44.5C PMIC@50C
10-01-2026 11:16:30 RAM 1288/6833MB (lfb 1001x4MB) SWAP 0/3417MB (cached 0MB) CPU [0%@1420,5%@1420,0%@1420,18%@1420,0%@1420,100%@1420] EMC_FREQ 0% GR3D_FREQ 0% AUX@45C CPU@45.5C thermal@45.15C AO@44.5C GPU@44.5C PMIC@50C
10-01-2026 11:16:30 RAM 1288/6833MB (lfb 1001x4MB) SWAP 0/3417MB (cached 0MB) CPU [13%@1420,5%@1420,9%@1420,5%@1420,0%@1420,90%@1420] EMC_FREQ 0% GR3D_FREQ 0% AUX@45C CPU@45.5C thermal@45.15C AO@45C GPU@44.5C PMIC@50C
10-01-2026 11:16:30 RAM 1290/6833MB (lfb 999x4MB) SWAP 0/3417MB (cached 0MB) CPU [5%@1344,9%@1344,10%@1344,10%@1344,33%@1344,10%@1420] EMC_FREQ 0% GR3D_FREQ 0% AUX@45C CPU@45.5C thermal@45.15C AO@44.5C GPU@44.5C PMIC@50C
10-01-2026 11:16:31 RAM 1290/6833MB (lfb 998x4MB) SWAP 0/3417MB (cached 0MB) CPU [0%@1420,10%@1420,0%@1420,10%@1420,0%@1420,55%@1420] EMC_FREQ 0% GR3D_FREQ 0% AUX@45C CPU@45.5C thermal@45.15C AO@44.5C GPU@44.5C PMIC@50C
10-01-2026 11:16:31 RAM 1296/6833MB (lfb 996x4MB) SWAP 0/3417MB (cached 0MB) CPU [40%@1420,38%@1420,65%@1420,40%@1420,31%@1420,47%@1420] EMC_FREQ 0% GR3D_FREQ 0% AUX@45C CPU@45.5C thermal@45C AO@44.5C GPU@44.5C PMIC@50C
10-01-2026 11:16:31 RAM 1296/6833MB (lfb 995x4MB) SWAP 0/3417MB (cached 0MB) CPU [5%@1420,50%@1420,27%@1420,25%@1420,4%@1420,0%@1420] EMC_FREQ 0% GR3D_FREQ 0% AUX@45C CPU@45.5C thermal@45C AO@44.5C GPU@44.5C PMIC@50C
10-01-2026 11:16:31 RAM 1302/6833MB (lfb 993x4MB) SWAP 0/3417MB (cached 0MB) CPU [5%@1420,80%@1420,13%@1420,5%@1420,0%@1420,5%@1420] EMC_FREQ 0% GR3D_FREQ 0% AUX@45C CPU@45.5C thermal@45C AO@44.5C GPU@44.5C PMIC@50C
10-01-2026 11:16:31 RAM 1302/6833MB (lfb 991x4MB) SWAP 0/3417MB (cached 0MB) CPU [16%@1420,66%@1420,5%@1420,0%@1420,9%@1420,5%@1420] EMC_FREQ 0% GR3D_FREQ 0% AUX@45C CPU@45.5C thermal@45C AO@45C GPU@44.5C PMIC@50C
10-01-2026 11:16:32 RAM 1304/6833MB (lfb 989x4MB) SWAP 0/3417MB (cached 0MB) CPU [5%@1420,36%@1420,10%@1420,5%@1420,15%@1420,10%@1420] EMC_FREQ 0% GR3D_FREQ 0% AUX@45C CPU@45.5C thermal@45C AO@44.5C GPU@44.5C PMIC@50C
10-01-2026 11:16:32 RAM 1304/6833MB (lfb 989x4MB) SWAP 0/3417MB (cached 0MB) CPU [5%@1420,5%@1420,10%@1420,0%@1420,90%@1420,13%@1420] EMC_FREQ 0% GR3D_FREQ 0% AUX@45C CPU@45.5C thermal@45C AO@44.5C GPU@44.5C PMIC@50C
10-01-2026 11:16:32 RAM 1304/6833MB (lfb 988x4MB) SWAP 0/3417MB (cached 0MB) CPU [5%@1420,5%@1420,5%@1420,4%@1420,70%@1420,10%@1420] EMC_FREQ 0% GR3D_FREQ 0% AUX@45C CPU@45.5C thermal@45C AO@44.5C GPU@44.5C PMIC@50C
10-01-2026 11:16:32 RAM 1314/6833MB (lfb 984x4MB) SWAP 0/3417MB (cached 0MB) CPU [9%@1420,5%@1420,10%@1420,5%@1420,20%@1420,75%@1420] EMC_FREQ 0% GR3D_FREQ 0% AUX@45C CPU@45.5C thermal@45C AO@44.5C GPU@44.5C PMIC@50C
10-01-2026 11:16:32 RAM 1337/6833MB (lfb 979x4MB) SWAP 0/3417MB (cached 0MB) CPU [0%@1420,9%@1420,5%@1420,5%@1420,14%@1420,100%@1420] EMC_FREQ 0% GR3D_FREQ 0% AUX@44.5C CPU@46C thermal@45C AO@44.5C GPU@44.5C PMIC@50C
10-01-2026 11:16:33 RAM 1350/6833MB (lfb 975x4MB) SWAP 0/3417MB (cached 0MB) CPU [5%@1420,0%@1420,0%@1420,0%@1420,5%@1420,94%@1420] EMC_FREQ 0% GR3D_FREQ 0% AUX@45C CPU@45.5C thermal@45C AO@45C GPU@44.5C PMIC@50C
10-01-2026 11:16:33 RAM 1364/6833MB (lfb 968x4MB) SWAP 0/3417MB (cached 0MB) CPU [9%@1190,5%@1190,13%@1190,0%@1190,14%@1420,26%@1420] EMC_FREQ 0% GR3D_FREQ 0% AUX@45C CPU@45.5C thermal@45C AO@44.5C GPU@44.5C PMIC@50C
10-01-2026 11:16:33 RAM 1380/6833MB (lfb 960x4MB) SWAP 0/3417MB (cached 0MB) CPU [14%@1190,13%@1190,0%@1190,13%@1190,10%@1190,10%@1190] EMC_FREQ 0% GR3D_FREQ 0% AUX@45C CPU@45.5C thermal@45C AO@44.5C GPU@44.5C PMIC@50C
10-01-2026 11:16:33 RAM 1394/6833MB (lfb 953x4MB) SWAP 0/3417MB (cached 0MB) CPU [5%@1190,0%@1190,5%@1190,5%@1190,9%@1190,14%@1190] EMC_FREQ 0% GR3D_FREQ 0% AUX@45C CPU@45.5C thermal@45C AO@44.5C GPU@44.5C PMIC@50C
10-01-2026 11:16:33 RAM 1410/6833MB (lfb 945x4MB) SWAP 0/3417MB (cached 0MB) CPU [0%@1190,5%@1190,5%@1190,0%@1190,15%@1190,5%@1420] EMC_FREQ 0% GR3D_FREQ 0% AUX@44.5C CPU@45.5C thermal@45C AO@44.5C GPU@44.5C PMIC@50C
10-01-2026 11:16:34 RAM 1426/6833MB (lfb 937x4MB) SWAP 0/3417MB (cached 0MB) CPU [5%@1190,9%@1190,4%@1190,5%@1420,18%@1420,5%@1420] EMC_FREQ 0% GR3D_FREQ 0% AUX@44.5C CPU@45.5C thermal@45C AO@44.5C GPU@44.5C PMIC@50C
10-01-2026 11:16:34 RAM 1442/6833MB (lfb 929x4MB) SWAP 0/3417MB (cached 0MB) CPU [10%@1190,5%@1420,0%@1420,9%@1420,15%@1420,14%@1420] EMC_FREQ 0% GR3D_FREQ 0% AUX@44.5C CPU@45.5C thermal@45C AO@44.5C GPU@44.5C PMIC@50C
10-01-2026 11:16:34 RAM 1458/6833MB (lfb 921x4MB) SWAP 0/3417MB (cached 0MB) CPU [14%@1420,0%@1420,9%@1420,0%@1420,19%@1420,5%@1420] EMC_FREQ 0% GR3D_FREQ 0% AUX@44.5C CPU@45.5C thermal@44.8C AO@44.5C GPU@44.5C PMIC@50C
10-01-2026 11:16:34 RAM 1472/6833MB (lfb 914x4MB) SWAP 0/3417MB (cached 0MB) CPU [5%@1190,9%@1190,5%@1190,0%@1190,10%@1190,14%@1190] EMC_FREQ 0% GR3D_FREQ 0% AUX@45C CPU@45.5C thermal@44.8C AO@44.5C GPU@44.5C PMIC@50C
10-01-2026 11:16:34 RAM 1488/6833MB (lfb 906x4MB) SWAP 0/3417MB (cached 0MB) CPU [5%@1190,5%@1190,9%@1190,10%@1190,15%@1190,9%@1190] EMC_FREQ 0% GR3D_FREQ 0% AUX@44.5C CPU@45.5C thermal@44.8C AO@45C GPU@44.5C PMIC@50C
10-01-2026 11:16:35 RAM 1505/6833MB (lfb 898x4MB) SWAP 0/3417MB (cached 0MB) CPU [5%@1420,5%@1420,5%@1420,5%@1420,14%@1420,0%@1420] EMC_FREQ 0% GR3D_FREQ 0% AUX@44.5C CPU@45.5C thermal@44.8C AO@44.5C GPU@44.5C PMIC@50C
10-01-2026 11:16:35 RAM 1521/6833MB (lfb 890x4MB) SWAP 0/3417MB (cached 0MB) CPU [14%@1190,5%@1420,4%@1420,15%@1420,0%@1420,9%@1420] EMC_FREQ 0% GR3D_FREQ 0% AUX@44.5C CPU@45.5C thermal@44.8C AO@44.5C GPU@44.5C PMIC@50C
10-01-2026 11:16:35 RAM 1536/6833MB (lfb 882x4MB) SWAP 0/3417MB (cached 0MB) CPU [10%@1420,9%@1420,10%@1420,5%@1420,0%@1420,10%@1420] EMC_FREQ 0% GR3D_FREQ 0% AUX@45C CPU@45.5C thermal@44.8C AO@44.5C GPU@44.5C PMIC@50C
10-01-2026 11:16:35 RAM 1552/6833MB (lfb 874x4MB) SWAP 0/3417MB (cached 0MB) CPU [9%@1420,5%@1420,10%@1420,4%@1420,5%@1420,14%@1420] EMC_FREQ 0% GR3D_FREQ 0% AUX@45C CPU@45.5C thermal@44.85C AO@44.5C GPU@44.5C PMIC@50C
10-01-2026 11:16:35 RAM 1568/6833MB (lfb 866x4MB) SWAP 0/3417MB (cached 0MB) CPU [0%@1420,18%@1420,18%@1420,5%@1420,9%@1420,0%@1420] EMC_FREQ 0% GR3D_FREQ 0% AUX@45C CPU@45.5C thermal@44.85C AO@44.5C GPU@44.5C PMIC@50C
10-01-2026 11:16:36 RAM 1584/6833MB (lfb 858x4MB) SWAP 0/3417MB (cached 0MB) CPU [5%@1190,10%@1190,10%@1190,9%@1420,5%@1420,9%@1420] EMC_FREQ 0% GR3D_FREQ 0% AUX@44.5C CPU@45.5C thermal@44.85C AO@44.5C GPU@44.5C PMIC@50C
10-01-2026 11:16:36 RAM 1600/6833MB (lfb 850x4MB) SWAP 0/3417MB (cached 0MB) CPU [9%@1190,5%@1190,10%@1190,0%@1420,0%@1420,10%@1420] EMC_FREQ 0% GR3D_FREQ 0% AUX@45C CPU@45.5C thermal@44.85C AO@44.5C GPU@44.5C PMIC@50C
10-01-2026 11:16:36 RAM 1617/6833MB (lfb 842x4MB) SWAP 0/3417MB (cached 0MB) CPU [10%@1420,9%@1420,10%@1420,0%@1420,0%@1420,5%@1420] EMC_FREQ 0% GR3D_FREQ 0% AUX@44.5C CPU@45.5C thermal@44.85C AO@44.5C GPU@44.5C PMIC@50C
10-01-2026 11:16:36 RAM 1632/6833MB (lfb 834x4MB) SWAP 0/3417MB (cached 0MB) CPU [5%@1190,0%@1420,5%@1420,9%@1420,13%@1420,5%@1420] EMC_FREQ 0% GR3D_FREQ 0% AUX@44.5C CPU@45.5C thermal@44.8C AO@44.5C GPU@44.5C PMIC@50C
10-01-2026 11:16:36 RAM 1647/6833MB (lfb 827x4MB) SWAP 0/3417MB (cached 0MB) CPU [5%@1190,13%@1420,4%@1420,10%@1420,10%@1420,5%@1420] EMC_FREQ 0% GR3D_FREQ 0% AUX@45C CPU@45.5C thermal@44.8C AO@44.5C GPU@44C PMIC@50C
10-01-2026 11:16:37 RAM 1663/6833MB (lfb 819x4MB) SWAP 0/3417MB (cached 0MB) CPU [13%@1420,0%@1420,14%@1420,5%@1420,9%@1420,9%@1420] EMC_FREQ 0% GR3D_FREQ 0% AUX@44.5C CPU@45.5C thermal@44.8C AO@44.5C GPU@44C PMIC@50C
10-01-2026 11:16:37 RAM 1679/6833MB (lfb 811x4MB) SWAP 0/3417MB (cached 0MB) CPU [0%@1190,5%@1190,10%@1190,5%@1190,9%@1190,14%@1190] EMC_FREQ 0% GR3D_FREQ 0% AUX@44.5C CPU@45.5C thermal@44.8C AO@44.5C GPU@44.5C PMIC@50C
10-01-2026 11:16:37 RAM 2114/6833MB (lfb 700x4MB) SWAP 0/3417MB (cached 0MB) CPU [0%@1420,5%@1420,10%@1420,57%@1420,5%@1420,5%@1420] EMC_FREQ 0% GR3D_FREQ 0% AUX@44.5C CPU@45.5C thermal@44.8C AO@44.5C GPU@44C PMIC@50C
10-01-2026 11:16:37 RAM 2358/6833MB (lfb 640x4MB) SWAP 0/3417MB (cached 0MB) CPU [5%@1420,5%@1420,9%@1420,100%@1420,5%@1420,5%@1420] EMC_FREQ 0% GR3D_FREQ 0% AUX@44.5C CPU@45.5C thermal@44.8C AO@44.5C GPU@44.5C PMIC@50C
10-01-2026 11:16:38 RAM 2360/6833MB (lfb 639x4MB) SWAP 0/3417MB (cached 0MB) CPU [9%@1420,13%@1420,4%@1420,100%@1420,4%@1420,18%@1420] EMC_FREQ 0% GR3D_FREQ 0% AUX@44.5C CPU@45.5C thermal@44.8C AO@44.5C GPU@44C PMIC@50C
10-01-2026 11:16:38 RAM 2362/6833MB (lfb 639x4MB) SWAP 0/3417MB (cached 0MB) CPU [0%@1420,0%@1420,5%@1420,100%@1420,0%@1420,14%@1420] EMC_FREQ 0% GR3D_FREQ 0% AUX@44.5C CPU@45.5C thermal@44.8C AO@44.5C GPU@44C PMIC@50C
10-01-2026 11:16:38 RAM 2364/6833MB (lfb 638x4MB) SWAP 0/3417MB (cached 0MB) CPU [18%@1420,5%@1420,4%@1420,100%@1420,5%@1420,0%@1420] EMC_FREQ 0% GR3D_FREQ 0% AUX@44.5C CPU@45.5C thermal@44.8C AO@44.5C GPU@44.5C PMIC@50C
10-01-2026 11:16:38 RAM 2367/6833MB (lfb 638x4MB) SWAP 0/3417MB (cached 0MB) CPU [5%@1420,17%@1420,4%@1420,100%@1420,9%@1420,4%@1420] EMC_FREQ 0% GR3D_FREQ 0% AUX@44.5C CPU@45.5C thermal@44.8C AO@44.5C GPU@44C PMIC@50C
10-01-2026 11:16:38 RAM 2399/6833MB (lfb 630x4MB) SWAP 0/3417MB (cached 0MB) CPU [9%@1420,5%@1420,5%@1420,100%@1420,9%@1420,10%@1420] EMC_FREQ 0% GR3D_FREQ 0% AUX@44.5C CPU@45.5C thermal@44.8C AO@44.5C GPU@44.5C PMIC@50C
10-01-2026 11:16:39 RAM 2511/6833MB (lfb 602x4MB) SWAP 0/3417MB (cached 0MB) CPU [5%@1420,10%@1420,0%@1420,100%@1420,0%@1420,5%@1420] EMC_FREQ 0% GR3D_FREQ 0% AUX@44.5C CPU@45.5C thermal@44.65C AO@44.5C GPU@44.5C PMIC@50C
10-01-2026 11:16:39 RAM 2588/6833MB (lfb 583x4MB) SWAP 0/3417MB (cached 0MB) CPU [0%@1420,9%@1420,0%@1420,100%@1420,4%@1420,18%@1420] EMC_FREQ 0% GR3D_FREQ 0% AUX@44.5C CPU@45.5C thermal@44.65C AO@44.5C GPU@44.5C PMIC@50C
10-01-2026 11:16:39 RAM 2702/6833MB (lfb 554x4MB) SWAP 0/3417MB (cached 0MB) CPU [9%@1420,65%@1420,4%@1420,100%@1420,10%@1420,10%@1420] EMC_FREQ 0% GR3D_FREQ 0% AUX@44.5C CPU@45.5C thermal@44.65C AO@44.5C GPU@44C PMIC@50C
10-01-2026 11:16:39 RAM 1698/6833MB (lfb 722x4MB) SWAP 0/3417MB (cached 0MB) CPU [9%@1420,9%@1420,4%@1420,100%@1420,5%@1420,14%@1420] EMC_FREQ 0% GR3D_FREQ 0% AUX@44.5C CPU@45.5C thermal@44.65C AO@44.5C GPU@44.5C PMIC@50C
10-01-2026 11:16:39 RAM 1724/6833MB (lfb 722x4MB) SWAP 0/3417MB (cached 0MB) CPU [5%@1420,0%@1420,5%@1420,100%@1420,9%@1420,5%@1420] EMC_FREQ 0% GR3D_FREQ 0% AUX@44.5C CPU@45.5C thermal@44.65C AO@44.5C GPU@44.5C PMIC@50C
10-01-2026 11:16:40 RAM 1786/6833MB (lfb 722x4MB) SWAP 0/3417MB (cached 0MB) CPU [9%@1420,5%@1420,0%@1420,100%@1420,10%@1420,4%@1420] EMC_FREQ 0% GR3D_FREQ 0% AUX@44.5C CPU@45.5C thermal@44.65C AO@44.5C GPU@44C PMIC@50C
10-01-2026 11:16:40 RAM 1851/6833MB (lfb 722x4MB) SWAP 0/3417MB (cached 0MB) CPU [10%@1420,9%@1420,5%@1420,100%@1420,10%@1420,4%@1420] EMC_FREQ 0% GR3D_FREQ 0% AUX@44.5C CPU@45C thermal@44.65C AO@44.5C GPU@44C PMIC@50C
10-01-2026 11:16:40 RAM 1914/6833MB (lfb 722x4MB) SWAP 0/3417MB (cached 0MB) CPU [0%@1420,9%@1420,0%@1420,100%@1420,14%@1420,4%@1420] EMC_FREQ 0% GR3D_FREQ 0% AUX@44.5C CPU@45.5C thermal@44.65C AO@44.5C GPU@44C PMIC@50C
10-01-2026 11:16:40 RAM 1974/6833MB (lfb 722x4MB) SWAP 0/3417MB (cached 0MB) CPU [9%@1420,5%@1420,0%@1420,100%@1420,0%@1420,10%@1420] EMC_FREQ 0% GR3D_FREQ 0% AUX@44.5C CPU@45.5C thermal@44.65C AO@44.5C GPU@44C PMIC@50C
10-01-2026 11:16:40 RAM 2031/6833MB (lfb 722x4MB) SWAP 0/3417MB (cached 0MB) CPU [5%@1420,5%@1420,0%@1420,100%@1420,13%@1420,5%@1420] EMC_FREQ 0% GR3D_FREQ 0% AUX@44.5C CPU@45C thermal@44.65C AO@44.5C GPU@44C PMIC@50C
10-01-2026 11:16:41 RAM 2051/6833MB (lfb 716x4MB) SWAP 0/3417MB (cached 0MB) CPU [100%@1420,13%@1420,9%@1420,0%@1420,10%@1420,5%@1420] EMC_FREQ 0% GR3D_FREQ 0% AUX@44.5C CPU@45.5C thermal@44.65C AO@44C GPU@44C PMIC@50C
10-01-2026 11:16:41 RAM 2117/6833MB (lfb 700x4MB) SWAP 0/3417MB (cached 0MB) CPU [28%@1420,4%@1420,4%@1420,4%@1420,10%@1420,80%@1420] EMC_FREQ 0% GR3D_FREQ 0% AUX@44.5C CPU@45.5C thermal@44.65C AO@44.5C GPU@44C PMIC@50C
10-01-2026 11:16:41 RAM 2178/6833MB (lfb 685x4MB) SWAP 0/3417MB (cached 0MB) CPU [0%@1420,0%@1420,5%@1420,0%@1420,10%@1420,100%@1420] EMC_FREQ 0% GR3D_FREQ 0% AUX@44.5C CPU@45.5C thermal@44.65C AO@44.5C GPU@44C PMIC@50C
10-01-2026 11:16:41 RAM 2271/6833MB (lfb 662x4MB) SWAP 0/3417MB (cached 0MB) CPU [13%@1420,9%@1420,0%@1420,5%@1420,5%@1420,100%@1420] EMC_FREQ 0% GR3D_FREQ 0% AUX@44.5C CPU@45.5C thermal@44.65C AO@44.5C GPU@44C PMIC@50C
10-01-2026 11:16:41 RAM 2271/6833MB (lfb 662x4MB) SWAP 0/3417MB (cached 0MB) CPU [9%@1420,0%@1420,5%@1420,4%@1420,10%@1420,100%@1420] EMC_FREQ 0% GR3D_FREQ 0% AUX@44.5C CPU@45.5C thermal@44.65C AO@44C GPU@44C PMIC@50C
10-01-2026 11:16:42 RAM 2271/6833MB (lfb 662x4MB) SWAP 0/3417MB (cached 0MB) CPU [10%@1420,5%@1420,9%@1420,0%@1420,9%@1420,100%@1420] EMC_FREQ 0% GR3D_FREQ 0% AUX@44.5C CPU@45.5C thermal@44.65C AO@44C GPU@44C PMIC@50C
10-01-2026 11:16:42 RAM 2271/6833MB (lfb 662x4MB) SWAP 0/3417MB (cached 0MB) CPU [10%@1420,5%@1420,0%@1420,9%@1420,0%@1420,100%@1420] EMC_FREQ 0% GR3D_FREQ 0% AUX@44.5C CPU@45.5C thermal@44.65C AO@44C GPU@44C PMIC@50C
10-01-2026 11:16:42 RAM 2271/6833MB (lfb 662x4MB) SWAP 0/3417MB (cached 0MB) CPU [5%@1420,9%@1420,5%@1420,4%@1420,0%@1420,100%@1420] EMC_FREQ 0% GR3D_FREQ 0% AUX@44.5C CPU@45.5C thermal@44.65C AO@44C GPU@44C PMIC@50C
10-01-2026 11:16:42 RAM 2271/6833MB (lfb 662x4MB) SWAP 0/3417MB (cached 0MB) CPU [18%@1420,4%@1420,4%@1420,10%@1420,9%@1420,100%@1420] EMC_FREQ 0% GR3D_FREQ 0% AUX@44.5C CPU@45.5C thermal@44.65C AO@44C GPU@44C PMIC@50C
10-01-2026 11:16:42 RAM 2271/6833MB (lfb 662x4MB) SWAP 0/3417MB (cached 0MB) CPU [10%@1420,9%@1420,5%@1420,0%@1420,9%@1420,100%@1420] EMC_FREQ 0% GR3D_FREQ 0% AUX@44.5C CPU@45.5C thermal@44.65C AO@44C GPU@44C PMIC@50C
10-01-2026 11:16:43 RAM 2271/6833MB (lfb 662x4MB) SWAP 0/3417MB (cached 0MB) CPU [9%@1420,0%@1420,5%@1420,13%@1420,0%@1420,100%@1420] EMC_FREQ 0% GR3D_FREQ 0% AUX@44C CPU@45.5C thermal@44.65C AO@44.5C GPU@44C PMIC@50C
10-01-2026 11:16:43 RAM 2271/6833MB (lfb 662x4MB) SWAP 0/3417MB (cached 0MB) CPU [15%@1420,17%@1420,4%@1420,4%@1420,0%@1420,100%@1420] EMC_FREQ 0% GR3D_FREQ 0% AUX@44.5C CPU@45.5C thermal@44.65C AO@44C GPU@44C PMIC@50C
10-01-2026 11:16:43 RAM 2271/6833MB (lfb 662x4MB) SWAP 0/3417MB (cached 0MB) CPU [5%@1420,0%@1420,5%@1420,0%@1420,9%@1420,100%@1420] EMC_FREQ 0% GR3D_FREQ 0% AUX@44C CPU@45.5C thermal@44.65C AO@44C GPU@44C PMIC@50C
10-01-2026 11:16:43 RAM 2271/6833MB (lfb 662x4MB) SWAP 0/3417MB (cached 0MB) CPU [14%@1420,0%@1420,0%@1420,5%@1420,0%@1420,100%@1420] EMC_FREQ 0% GR3D_FREQ 0% AUX@44.5C CPU@45.5C thermal@44.65C AO@44.5C GPU@44C PMIC@50C
10-01-2026 11:16:43 RAM 2271/6833MB (lfb 662x4MB) SWAP 0/3417MB (cached 0MB) CPU [10%@1420,5%@1420,5%@1420,0%@1420,9%@1420,100%@1420] EMC_FREQ 0% GR3D_FREQ 0% AUX@44.5C CPU@45.5C thermal@44.65C AO@44C GPU@44C PMIC@50C
10-01-2026 11:16:44 RAM 2271/6833MB (lfb 662x4MB) SWAP 0/3417MB (cached 0MB) CPU [14%@1420,4%@1420,4%@1420,5%@1420,0%@1420,100%@1420] EMC_FREQ 0% GR3D_FREQ 0% AUX@44.5C CPU@45C thermal@44.65C AO@44C GPU@44C PMIC@50C
10-01-2026 11:16:44 RAM 2272/6833MB (lfb 661x4MB) SWAP 0/3417MB (cached 0MB) CPU [10%@1420,14%@1420,18%@1420,10%@1420,5%@1420,100%@1420] EMC_FREQ 0% GR3D_FREQ 0% AUX@44.5C CPU@45.5C thermal@44.65C AO@44C GPU@44C PMIC@50C
10-01-2026 11:16:44 RAM 2276/6833MB (lfb 657x4MB) SWAP 0/3417MB (cached 0MB) CPU [60%@1420,52%@1420,45%@1420,36%@1420,68%@1420,66%@1420] EMC_FREQ 0% GR3D_FREQ 3% AUX@44.5C CPU@45.5C thermal@44.65C AO@44C GPU@44C PMIC@50C
10-01-2026 11:16:44 RAM 2307/6833MB (lfb 651x4MB) SWAP 0/3417MB (cached 0MB) CPU [15%@1420,55%@1420,10%@1420,65%@1420,4%@1420,0%@1420] EMC_FREQ 0% GR3D_FREQ 7% AUX@44C CPU@45.5C thermal@44.45C AO@44C GPU@44C PMIC@50C
10-01-2026 11:16:44 RAM 2326/6833MB (lfb 646x4MB) SWAP 0/3417MB (cached 0MB) CPU [4%@1420,72%@1420,15%@1420,4%@1420,5%@1420,10%@1420] EMC_FREQ 0% GR3D_FREQ 0% AUX@44C CPU@45C thermal@44.45C AO@44C GPU@44C PMIC@50C
10-01-2026 11:16:45 RAM 2340/6833MB (lfb 640x4MB) SWAP 0/3417MB (cached 0MB) CPU [5%@1420,68%@1420,21%@1420,5%@1420,0%@1420,4%@1420] EMC_FREQ 0% GR3D_FREQ 0% AUX@44.5C CPU@45C thermal@44.45C AO@44C GPU@44C PMIC@50C
10-01-2026 11:16:45 RAM 2342/6833MB (lfb 639x4MB) SWAP 0/3417MB (cached 0MB) CPU [4%@1420,70%@1420,0%@1420,10%@1420,5%@1420,5%@1420] EMC_FREQ 0% GR3D_FREQ 16% AUX@44C CPU@45C thermal@44.45C AO@44C GPU@44C PMIC@50C
10-01-2026 11:16:45 RAM 2344/6833MB (lfb 638x4MB) SWAP 0/3417MB (cached 0MB) CPU [0%@1420,84%@1420,9%@1420,9%@1420,5%@1420,5%@1420] EMC_FREQ 0% GR3D_FREQ 7% AUX@44C CPU@45C thermal@44.45C AO@44C GPU@44C PMIC@50C
10-01-2026 11:16:45 RAM 2344/6833MB (lfb 637x4MB) SWAP 0/3417MB (cached 0MB) CPU [14%@1190,59%@1190,9%@1190,10%@1190,9%@1190,5%@1190] EMC_FREQ 0% GR3D_FREQ 0% AUX@44C CPU@45C thermal@44.5C AO@44.5C GPU@44C PMIC@50C
10-01-2026 11:16:45 RAM 2396/6833MB (lfb 624x4MB) SWAP 0/3417MB (cached 0MB) CPU [0%@1420,94%@1420,0%@1420,5%@1420,5%@1420,14%@1420] EMC_FREQ 0% GR3D_FREQ 0% AUX@44.5C CPU@45C thermal@44.5C AO@44C GPU@43.5C PMIC@50C
10-01-2026 11:16:46 RAM 2384/6833MB (lfb 625x4MB) SWAP 0/3417MB (cached 0MB) CPU [4%@1420,95%@1420,0%@1420,14%@1420,5%@1420,0%@1420] EMC_FREQ 0% GR3D_FREQ 0% AUX@44.5C CPU@45C thermal@44.5C AO@44C GPU@44C PMIC@50C
10-01-2026 11:16:46 RAM 2397/6833MB (lfb 622x4MB) SWAP 0/3417MB (cached 0MB) CPU [5%@1420,84%@1420,9%@1420,19%@1420,4%@1420,9%@1420] EMC_FREQ 0% GR3D_FREQ 0% AUX@44C CPU@45.5C thermal@44.5C AO@44C GPU@44C PMIC@50C
10-01-2026 11:16:46 RAM 2410/6833MB (lfb 616x4MB) SWAP 0/3417MB (cached 0MB) CPU [14%@1190,45%@1190,0%@1420,5%@1420,9%@1420,4%@1420] EMC_FREQ 0% GR3D_FREQ 7% AUX@44C CPU@45C thermal@44.5C AO@44C GPU@44C PMIC@50C
10-01-2026 11:16:46 RAM 2434/6833MB (lfb 609x4MB) SWAP 0/3417MB (cached 0MB) CPU [75%@1420,14%@1420,14%@1420,9%@1420,4%@1420,0%@1420] EMC_FREQ 0% GR3D_FREQ 0% AUX@44C CPU@45C thermal@44.5C AO@44C GPU@44C PMIC@50C
10-01-2026 11:16:46 RAM 2461/6833MB (lfb 601x4MB) SWAP 0/3417MB (cached 0MB) CPU [25%@1420,42%@1420,13%@1420,14%@1420,5%@1420,13%@1420] EMC_FREQ 0% GR3D_FREQ 7% AUX@44.5C CPU@45C thermal@44.5C AO@44C GPU@44C PMIC@50C
10-01-2026 11:16:47 RAM 2469/6833MB (lfb 598x4MB) SWAP 0/3417MB (cached 0MB) CPU [4%@1420,81%@1420,5%@1420,9%@1420,9%@1420,5%@1420] EMC_FREQ 0% GR3D_FREQ 0% AUX@44.5C CPU@45C thermal@44.5C AO@44C GPU@44C PMIC@50C
10-01-2026 11:16:47 RAM 2473/6833MB (lfb 597x4MB) SWAP 0/3417MB (cached 0MB) CPU [0%@1420,84%@1420,0%@1420,10%@1420,5%@1420,5%@1420] EMC_FREQ 0% GR3D_FREQ 0% AUX@44.5C CPU@45C thermal@44.5C AO@44C GPU@44C PMIC@50C
10-01-2026 11:16:47 RAM 2475/6833MB (lfb 595x4MB) SWAP 0/3417MB (cached 0MB) CPU [0%@1420,84%@1420,13%@1420,10%@1420,5%@1420,5%@1420] EMC_FREQ 0% GR3D_FREQ 0% AUX@44C CPU@45C thermal@44.5C AO@44C GPU@44C PMIC@50C
10-01-2026 11:16:47 RAM 2488/6833MB (lfb 591x4MB) SWAP 0/3417MB (cached 0MB) CPU [0%@1420,80%@1420,0%@1420,10%@1420,9%@1420,0%@1420] EMC_FREQ 0% GR3D_FREQ 0% AUX@44.5C CPU@45C thermal@44.5C AO@44C GPU@44C PMIC@50C
10-01-2026 11:16:48 RAM 2490/6833MB (lfb 590x4MB) SWAP 0/3417MB (cached 0MB) CPU [47%@1420,23%@1420,0%@1420,5%@1420,9%@1420,9%@1420] EMC_FREQ 0% GR3D_FREQ 0% AUX@44C CPU@45.5C thermal@44.15C AO@44C GPU@44C PMIC@50C
10-01-2026 11:16:48 RAM 2497/6833MB (lfb 587x4MB) SWAP 0/3417MB (cached 0MB) CPU [40%@1420,60%@1420,4%@1420,10%@1420,0%@1420,9%@1420] EMC_FREQ 0% GR3D_FREQ 0% AUX@44C CPU@45C thermal@44.15C AO@44C GPU@43.5C PMIC@50C
10-01-2026 11:16:48 RAM 2502/6833MB (lfb 586x4MB) SWAP 0/3417MB (cached 0MB) CPU [0%@1420,85%@1420,0%@1420,14%@1420,5%@1420,5%@1420] EMC_FREQ 0% GR3D_FREQ 0% AUX@44.5C CPU@45C thermal@44.15C AO@44C GPU@44C PMIC@50C
10-01-2026 11:16:48 RAM 2504/6833MB (lfb 585x4MB) SWAP 0/3417MB (cached 0MB) CPU [4%@1420,85%@1420,4%@1420,9%@1420,9%@1420,9%@1420] EMC_FREQ 0% GR3D_FREQ 0% AUX@44C CPU@45C thermal@44.15C AO@44C GPU@44C PMIC@50C
10-01-2026 11:16:48 RAM 2508/6833MB (lfb 584x4MB) SWAP 0/3417MB (cached 0MB) CPU [76%@1420,5%@1420,5%@1420,5%@1420,9%@1420,5%@1420] EMC_FREQ 0% GR3D_FREQ 0% AUX@44C CPU@45C thermal@44.15C AO@44C GPU@43.5C PMIC@50C
10-01-2026 11:16:49 RAM 2513/6833MB (lfb 582x4MB) SWAP 0/3417MB (cached 0MB) CPU [10%@1420,80%@1420,10%@1420,5%@1420,0%@1420,5%@1420] EMC_FREQ 0% GR3D_FREQ 0% AUX@44C CPU@44.5C thermal@44.15C AO@44C GPU@44C PMIC@50C
10-01-2026 11:16:49 RAM 2516/6833MB (lfb 581x4MB) SWAP 0/3417MB (cached 0MB) CPU [0%@1420,80%@1420,10%@1420,9%@1420,5%@1420,9%@1420] EMC_FREQ 0% GR3D_FREQ 31% AUX@44C CPU@45C thermal@44.15C AO@44C GPU@43.5C PMIC@50C
10-01-2026 11:16:49 RAM 2524/6833MB (lfb 578x4MB) SWAP 0/3417MB (cached 0MB) CPU [5%@1420,90%@1420,14%@1420,5%@1420,4%@1420,0%@1420] EMC_FREQ 0% GR3D_FREQ 0% AUX@44C CPU@45C thermal@44.15C AO@44C GPU@43.5C PMIC@50C
10-01-2026 11:16:49 RAM 2532/6833MB (lfb 576x4MB) SWAP 0/3417MB (cached 0MB) CPU [9%@1420,80%@1420,13%@1420,13%@1420,5%@1420,5%@1420] EMC_FREQ 0% GR3D_FREQ 0% AUX@44C CPU@44.5C thermal@44.15C AO@43.5C GPU@43.5C PMIC@50C
10-01-2026 11:16:49 RAM 2555/6833MB (lfb 569x4MB) SWAP 0/3417MB (cached 0MB) CPU [10%@1190,61%@1190,5%@1267,5%@1267,5%@1267,9%@1267] EMC_FREQ 0% GR3D_FREQ 0% AUX@44C CPU@45C thermal@44.15C AO@44C GPU@44C PMIC@50C
10-01-2026 11:16:50 RAM 2568/6833MB (lfb 565x4MB) SWAP 0/3417MB (cached 0MB) CPU [47%@1420,0%@1420,75%@1420,14%@1420,13%@1420,18%@1420] EMC_FREQ 0% GR3D_FREQ 0% AUX@44C CPU@45C thermal@44.15C AO@44C GPU@43.5C PMIC@50C
10-01-2026 11:16:50 RAM 2582/6833MB (lfb 561x4MB) SWAP 0/3417MB (cached 0MB) CPU [0%@1420,0%@1420,68%@1420,38%@1420,9%@1420,9%@1420] EMC_FREQ 0% GR3D_FREQ 7% AUX@44C CPU@45C thermal@44.3C AO@44C GPU@43.5C PMIC@50C
10-01-2026 11:16:50 RAM 2592/6833MB (lfb 558x4MB) SWAP 0/3417MB (cached 0MB) CPU [9%@1420,0%@1420,18%@1420,86%@1420,5%@1420,5%@1420] EMC_FREQ 0% GR3D_FREQ 0% AUX@44C CPU@44.5C thermal@44.3C AO@44C GPU@44C PMIC@50C
10-01-2026 11:16:50 RAM 2599/6833MB (lfb 556x4MB) SWAP 0/3417MB (cached 0MB) CPU [10%@1420,5%@1420,10%@1420,85%@1420,9%@1420,0%@1420] EMC_FREQ 0% GR3D_FREQ 7% AUX@44C CPU@44.5C thermal@44.3C AO@44C GPU@44C PMIC@50C
10-01-2026 11:16:50 RAM 2609/6833MB (lfb 553x4MB) SWAP 0/3417MB (cached 0MB) CPU [5%@1420,5%@1420,5%@1420,72%@1420,0%@1420,0%@1420] EMC_FREQ 0% GR3D_FREQ 0% AUX@44C CPU@45C thermal@44.3C AO@44C GPU@44C PMIC@50C
10-01-2026 11:16:51 RAM 2618/6833MB (lfb 550x4MB) SWAP 0/3417MB (cached 0MB) CPU [9%@1420,5%@1420,10%@1420,88%@1420,9%@1420,9%@1420] EMC_FREQ 0% GR3D_FREQ 7% AUX@44C CPU@45C thermal@44.3C AO@44C GPU@43.5C PMIC@50C
10-01-2026 11:16:51 RAM 2632/6833MB (lfb 546x4MB) SWAP 0/3417MB (cached 0MB) CPU [5%@1420,5%@1420,14%@1420,80%@1420,5%@1420,0%@1420] EMC_FREQ 0% GR3D_FREQ 0% AUX@44C CPU@45C thermal@44.3C AO@44C GPU@43.5C PMIC@50C
10-01-2026 11:16:51 RAM 2640/6833MB (lfb 544x4MB) SWAP 0/3417MB (cached 0MB) CPU [5%@1420,0%@1420,0%@1420,94%@1420,0%@1420,0%@1420] EMC_FREQ 0% GR3D_FREQ 0% AUX@44C CPU@44.5C thermal@44.15C AO@44C GPU@43.5C PMIC@50C
10-01-2026 11:16:51 RAM 2662/6833MB (lfb 538x4MB) SWAP 0/3417MB (cached 0MB) CPU [14%@1420,0%@1420,14%@1420,85%@1420,9%@1420,9%@1420] EMC_FREQ 0% GR3D_FREQ 0% AUX@44C CPU@44.5C thermal@44.15C AO@44C GPU@43.5C PMIC@50C
10-01-2026 11:16:51 RAM 2670/6833MB (lfb 535x4MB) SWAP 0/3417MB (cached 0MB) CPU [14%@1420,5%@1420,10%@1420,77%@1420,0%@1420,5%@1420] EMC_FREQ 0% GR3D_FREQ 0% AUX@44C CPU@45C thermal@44.15C AO@44C GPU@44C PMIC@50C
10-01-2026 11:16:52 RAM 2673/6833MB (lfb 534x4MB) SWAP 0/3417MB (cached 0MB) CPU [5%@1420,9%@1420,5%@1420,100%@1420,5%@1420,4%@1420] EMC_FREQ 0% GR3D_FREQ 0% AUX@44C CPU@45C thermal@44.15C AO@44C GPU@43.5C PMIC@50C
10-01-2026 11:16:52 RAM 2686/6833MB (lfb 530x4MB) SWAP 0/3417MB (cached 0MB) CPU [5%@1420,0%@1420,10%@1420,89%@1420,0%@1420,0%@1420] EMC_FREQ 0% GR3D_FREQ 0% AUX@44C CPU@44.5C thermal@44.15C AO@44C GPU@43.5C PMIC@50C
10-01-2026 11:16:52 RAM 2703/6833MB (lfb 526x4MB) SWAP 0/3417MB (cached 0MB) CPU [5%@1420,0%@1420,10%@1420,80%@1420,5%@1420,5%@1420] EMC_FREQ 0% GR3D_FREQ 0% AUX@44C CPU@45C thermal@44.15C AO@44C GPU@43.5C PMIC@50C
10-01-2026 11:16:52 RAM 2719/6833MB (lfb 521x4MB) SWAP 0/3417MB (cached 0MB) CPU [9%@1420,9%@1420,5%@1420,85%@1420,5%@1420,4%@1420] EMC_FREQ 0% GR3D_FREQ 10% AUX@44C CPU@44.5C thermal@44.15C AO@44C GPU@43.5C PMIC@50C
10-01-2026 11:16:52 RAM 2747/6833MB (lfb 515x4MB) SWAP 0/3417MB (cached 0MB) CPU [9%@1420,0%@1420,42%@1420,63%@1420,4%@1420,0%@1420] EMC_FREQ 0% GR3D_FREQ 0% AUX@44C CPU@45C thermal@44.15C AO@44C GPU@43.5C PMIC@50C
10-01-2026 11:16:53 RAM 2766/6833MB (lfb 509x4MB) SWAP 0/3417MB (cached 0MB) CPU [9%@1420,0%@1420,76%@1420,36%@1420,10%@1420,5%@1420] EMC_FREQ 0% GR3D_FREQ 0% AUX@44C CPU@44.5C thermal@44.15C AO@44C GPU@43.5C PMIC@50C
10-01-2026 11:16:53 RAM 2795/6833MB (lfb 502x4MB) SWAP 0/3417MB (cached 0MB) CPU [0%@1420,0%@1420,9%@1420,95%@1420,5%@1420,5%@1420] EMC_FREQ 0% GR3D_FREQ 0% AUX@44C CPU@44.5C thermal@44.15C AO@44C GPU@44C PMIC@50C
10-01-2026 11:16:53 RAM 2819/6833MB (lfb 495x4MB) SWAP 0/3417MB (cached 0MB) CPU [38%@1420,13%@1420,20%@1420,100%@1420,4%@1420,0%@1420] EMC_FREQ 0% GR3D_FREQ 0% AUX@44C CPU@44.5C thermal@44.15C AO@43.5C GPU@43.5C PMIC@50C
10-01-2026 11:16:53 RAM 2835/6833MB (lfb 492x4MB) SWAP 0/3417MB (cached 0MB) CPU [90%@1420,13%@1420,10%@1420,14%@1420,5%@1420,10%@1420] EMC_FREQ 0% GR3D_FREQ 0% AUX@44C CPU@44.5C thermal@44.15C AO@44C GPU@43.5C PMIC@50C
10-01-2026 11:16:53 RAM 2869/6833MB (lfb 483x4MB) SWAP 0/3417MB (cached 0MB) CPU [33%@1420,22%@1420,45%@1420,5%@1420,5%@1420,65%@1420] EMC_FREQ 0% GR3D_FREQ 15% AUX@44C CPU@45C thermal@44.15C AO@44C GPU@43.5C PMIC@50C
10-01-2026 11:16:54 RAM 2906/6833MB (lfb 473x4MB) SWAP 0/3417MB (cached 0MB) CPU [10%@1420,10%@1420,75%@1420,9%@1420,9%@1420,10%@1420] EMC_FREQ 0% GR3D_FREQ 23% AUX@44C CPU@44.5C thermal@44.15C AO@44C GPU@43.5C PMIC@50C
10-01-2026 11:16:54 RAM 2921/6833MB (lfb 469x4MB) SWAP 0/3417MB (cached 0MB) CPU [14%@1190,14%@1190,22%@1190,0%@1190,5%@1190,14%@1190] EMC_FREQ 0% GR3D_FREQ 0% AUX@44C CPU@45C thermal@44.15C AO@44C GPU@44C PMIC@50C
10-01-2026 11:16:54 RAM 2934/6833MB (lfb 466x4MB) SWAP 0/3417MB (cached 0MB) CPU [5%@1420,0%@1420,27%@1420,0%@1420,14%@1420,5%@1420] EMC_FREQ 0% GR3D_FREQ 26% AUX@44C CPU@45C thermal@44.15C AO@43.5C GPU@43.5C PMIC@50C
10-01-2026 11:16:54 RAM 2935/6833MB (lfb 466x4MB) SWAP 0/3417MB (cached 0MB) CPU [5%@1420,13%@1420,86%@1420,9%@1420,10%@1420,0%@1420] EMC_FREQ 0% GR3D_FREQ 0% AUX@44C CPU@44.5C thermal@44C AO@43.5C GPU@43.5C PMIC@50C
10-01-2026 11:16:54 RAM 2980/6833MB (lfb 453x4MB) SWAP 0/3417MB (cached 0MB) CPU [5%@1420,5%@1420,57%@1420,20%@1420,14%@1420,0%@1420] EMC_FREQ 0% GR3D_FREQ 0% AUX@44C CPU@44.5C thermal@44C AO@44C GPU@43.5C PMIC@50C
10-01-2026 11:16:55 RAM 3002/6833MB (lfb 447x4MB) SWAP 0/3417MB (cached 0MB) CPU [9%@1420,5%@1420,4%@1420,95%@1420,5%@1420,0%@1420] EMC_FREQ 0% GR3D_FREQ 8% AUX@44C CPU@44.5C thermal@44C AO@44C GPU@43.5C PMIC@50C
10-01-2026 11:16:55 RAM 3020/6833MB (lfb 442x4MB) SWAP 0/3417MB (cached 0MB) CPU [9%@1420,5%@1420,33%@1420,57%@1420,14%@1420,5%@1420] EMC_FREQ 0% GR3D_FREQ 22% AUX@44C CPU@45C thermal@44C AO@43.5C GPU@43.5C PMIC@50C
10-01-2026 11:16:55 RAM 3031/6833MB (lfb 439x4MB) SWAP 0/3417MB (cached 0MB) CPU [5%@1190,9%@1190,80%@1190,0%@1190,14%@1190,5%@1190] EMC_FREQ 0% GR3D_FREQ 0% AUX@44C CPU@45C thermal@44C AO@43.5C GPU@43.5C PMIC@50C
10-01-2026 11:16:55 RAM 3063/6833MB (lfb 431x4MB) SWAP 0/3417MB (cached 0MB) CPU [14%@1420,0%@1420,0%@1420,95%@1420,14%@1420,4%@1420] EMC_FREQ 0% GR3D_FREQ 0% AUX@44C CPU@44.5C thermal@44C AO@44C GPU@43.5C PMIC@50C
10-01-2026 11:16:55 RAM 3067/6833MB (lfb 429x4MB) SWAP 0/3417MB (cached 0MB) CPU [5%@1420,13%@1420,0%@1420,90%@1420,5%@1420,0%@1420] EMC_FREQ 0% GR3D_FREQ 0% AUX@44C CPU@44.5C thermal@44C AO@43.5C GPU@43.5C PMIC@50C
10-01-2026 11:16:56 RAM 3108/6833MB (lfb 419x4MB) SWAP 0/3417MB (cached 0MB) CPU [10%@1420,5%@1420,85%@1420,33%@1420,5%@1420,9%@1420] EMC_FREQ 0% GR3D_FREQ 16% AUX@44C CPU@45C thermal@44C AO@43.5C GPU@43.5C PMIC@50C
10-01-2026 11:16:56 RAM 3152/6833MB (lfb 408x4MB) SWAP 0/3417MB (cached 0MB) CPU [5%@1420,10%@1420,40%@1420,100%@1420,19%@1420,4%@1420] EMC_FREQ 0% GR3D_FREQ 23% AUX@44C CPU@44.5C thermal@44C AO@44C GPU@43.5C PMIC@50C
10-01-2026 11:16:56 RAM 3179/6833MB (lfb 401x4MB) SWAP 0/3417MB (cached 0MB) CPU [10%@1420,5%@1420,0%@1420,80%@1420,10%@1420,0%@1420] EMC_FREQ 0% GR3D_FREQ 0% AUX@43.5C CPU@45C thermal@44C AO@44C GPU@43.5C PMIC@50C
10-01-2026 11:16:56 RAM 3198/6833MB (lfb 374x4MB) SWAP 0/3417MB (cached 0MB) CPU [18%@1420,5%@1420,0%@1420,42%@1420,18%@1420,9%@1420] EMC_FREQ 0% GR3D_FREQ 41% AUX@43.5C CPU@44.5C thermal@44C AO@43.5C GPU@43.5C PMIC@50C
10-01-2026 11:16:56 RAM 3223/6833MB (lfb 345x4MB) SWAP 0/3417MB (cached 0MB) CPU [0%@1190,9%@1190,0%@1190,45%@1190,10%@1190,5%@1190] EMC_FREQ 0% GR3D_FREQ 54% AUX@44C CPU@44.5C thermal@44C AO@44C GPU@43.5C PMIC@50C
10-01-2026 11:16:57 RAM 3264/6833MB (lfb 305x4MB) SWAP 0/3417MB (cached 0MB) CPU [10%@1420,18%@1420,0%@1420,66%@1420,18%@1420,5%@1420] EMC_FREQ 0% GR3D_FREQ 50% AUX@44C CPU@44.5C thermal@44C AO@43.5C GPU@43.5C PMIC@50C
10-01-2026 11:16:57 RAM 3493/6833MB (lfb 248x4MB) SWAP 0/3417MB (cached 0MB) CPU [13%@1420,5%@1420,4%@1420,80%@1420,14%@1420,4%@1420] EMC_FREQ 0% GR3D_FREQ 99% AUX@44C CPU@44.5C thermal@44C AO@44C GPU@43.5C PMIC@50C
10-01-2026 11:16:57 RAM 3350/6833MB (lfb 283x4MB) SWAP 0/3417MB (cached 0MB) CPU [5%@1420,5%@1420,0%@1420,88%@1420,5%@1420,0%@1420] EMC_FREQ 0% GR3D_FREQ 0% AUX@44C CPU@44.5C thermal@44C AO@43.5C GPU@43.5C PMIC@50C
10-01-2026 11:16:57 RAM 3348/6833MB (lfb 283x4MB) SWAP 0/3417MB (cached 0MB) CPU [10%@1190,5%@1420,10%@1420,33%@1420,10%@1420,4%@1420] EMC_FREQ 0% GR3D_FREQ 0% AUX@44C CPU@44.5C thermal@44C AO@43.5C GPU@43.5C PMIC@50C
10-01-2026 11:16:57 RAM 3349/6833MB (lfb 283x4MB) SWAP 0/3417MB (cached 0MB) CPU [4%@1190,13%@1190,9%@1190,9%@1190,19%@1190,9%@1190] EMC_FREQ 0% GR3D_FREQ 0% AUX@44C CPU@44.5C thermal@44C AO@43.5C GPU@43.5C PMIC@50C
10-01-2026 11:16:58 RAM 3349/6833MB (lfb 283x4MB) SWAP 0/3417MB (cached 0MB) CPU [5%@1420,5%@1420,9%@1420,10%@1420,9%@1420,5%@1420] EMC_FREQ 0% GR3D_FREQ 0% AUX@44C CPU@44.5C thermal@44C AO@44C GPU@43.5C PMIC@50C
10-01-2026 11:16:58 RAM 3349/6833MB (lfb 283x4MB) SWAP 0/3417MB (cached 0MB) CPU [10%@1190,0%@1190,9%@1190,9%@1190,10%@1190,9%@1190] EMC_FREQ 0% GR3D_FREQ 0% AUX@43.5C CPU@44.5C thermal@44C AO@43.5C GPU@43.5C PMIC@50C
10-01-2026 11:16:58 RAM 3349/6833MB (lfb 283x4MB) SWAP 0/3417MB (cached 0MB) CPU [9%@1420,5%@1420,5%@1420,5%@1420,10%@1420,10%@1420] EMC_FREQ 0% GR3D_FREQ 0% AUX@43.5C CPU@44.5C thermal@44C AO@43.5C GPU@43.5C PMIC@50C
10-01-2026 11:16:58 RAM 3349/6833MB (lfb 283x4MB) SWAP 0/3417MB (cached 0MB) CPU [9%@1190,5%@1190,9%@1190,5%@1190,9%@1190,14%@1190] EMC_FREQ 0% GR3D_FREQ 0% AUX@44C CPU@44.5C thermal@44C AO@43.5C GPU@43.5C PMIC@50C
10-01-2026 11:16:59 RAM 3349/6833MB (lfb 283x4MB) SWAP 0/3417MB (cached 0MB) CPU [5%@1190,5%@1190,19%@1190,5%@1190,13%@1420,5%@1420] EMC_FREQ 0% GR3D_FREQ 0% AUX@44C CPU@44.5C thermal@44C AO@44C GPU@43C PMIC@50C
10-01-2026 11:16:59 RAM 3349/6833MB (lfb 283x4MB) SWAP 0/3417MB (cached 0MB) CPU [5%@1190,9%@1420,18%@1420,9%@1420,0%@1420,0%@1420] EMC_FREQ 0% GR3D_FREQ 0% AUX@44C CPU@44.5C thermal@43.8C AO@43.5C GPU@43.5C PMIC@50C
10-01-2026 11:16:59 RAM 3349/6833MB (lfb 283x4MB) SWAP 0/3417MB (cached 0MB) CPU [0%@1420,9%@1420,5%@1420,5%@1420,10%@1420,9%@1420] EMC_FREQ 0% GR3D_FREQ 0% AUX@44C CPU@44.5C thermal@43.8C AO@43.5C GPU@43.5C PMIC@50C
10-01-2026 11:16:59 RAM 3349/6833MB (lfb 283x4MB) SWAP 0/3417MB (cached 0MB) CPU [14%@1190,5%@1190,4%@1190,10%@1190,14%@1190,5%@1190] EMC_FREQ 0% GR3D_FREQ 0% AUX@44C CPU@44.5C thermal@43.8C AO@43.5C GPU@43.5C PMIC@50C
10-01-2026 11:16:59 RAM 3349/6833MB (lfb 283x4MB) SWAP 0/3417MB (cached 0MB) CPU [0%@1190,5%@1190,5%@1190,4%@1420,5%@1420,5%@1420] EMC_FREQ 0% GR3D_FREQ 0% AUX@44C CPU@44.5C thermal@43.8C AO@43.5C GPU@43.5C PMIC@50C
10-01-2026 11:17:00 RAM 3349/6833MB (lfb 283x4MB) SWAP 0/3417MB (cached 0MB) CPU [5%@1190,0%@1190,5%@1190,5%@1190,10%@1190,10%@1190] EMC_FREQ 0% GR3D_FREQ 0% AUX@44C CPU@44.5C thermal@43.8C AO@43.5C GPU@43.5C PMIC@50C
10-01-2026 11:17:00 RAM 3349/6833MB (lfb 283x4MB) SWAP 0/3417MB (cached 0MB) CPU [5%@1190,9%@1190,5%@1190,5%@1420,10%@1420,5%@1420] EMC_FREQ 0% GR3D_FREQ 0% AUX@43.5C CPU@44.5C thermal@43.8C AO@43.5C GPU@43.5C PMIC@50C
10-01-2026 11:17:00 RAM 3349/6833MB (lfb 283x4MB) SWAP 0/3417MB (cached 0MB) CPU [13%@1190,9%@1190,0%@1190,9%@1190,14%@1190,5%@1190] EMC_FREQ 0% GR3D_FREQ 0% AUX@43.5C CPU@44.5C thermal@44C AO@43.5C GPU@43.5C PMIC@50C
10-01-2026 11:17:00 RAM 3349/6833MB (lfb 283x4MB) SWAP 0/3417MB (cached 0MB) CPU [0%@1190,5%@1420,0%@1420,10%@1420,5%@1420,0%@1420] EMC_FREQ 0% GR3D_FREQ 0% AUX@44C CPU@44.5C thermal@44C AO@43.5C GPU@43C PMIC@50C
10-01-2026 11:17:00 RAM 3349/6833MB (lfb 283x4MB) SWAP 0/3417MB (cached 0MB) CPU [14%@1420,13%@1190,10%@1190,4%@1190,10%@1190,14%@1190] EMC_FREQ 0% GR3D_FREQ 0% AUX@43.5C CPU@44.5C thermal@44C AO@43.5C GPU@43.5C PMIC@50C
10-01-2026 11:17:01 RAM 3349/6833MB (lfb 283x4MB) SWAP 0/3417MB (cached 0MB) CPU [14%@1190,10%@1190,9%@1190,5%@1190,4%@1190,5%@1190] EMC_FREQ 0% GR3D_FREQ 0% AUX@43.5C CPU@44.5C thermal@44C AO@43.5C GPU@43.5C PMIC@50C
10-01-2026 11:17:01 RAM 3363/6833MB (lfb 283x4MB) SWAP 0/3417MB (cached 0MB) CPU [20%@1190,10%@1190,5%@1190,10%@1190,5%@1190,5%@1190] EMC_FREQ 0% GR3D_FREQ 0% AUX@43.5C CPU@44.5C thermal@44C AO@43.5C GPU@43.5C PMIC@50C
10-01-2026 11:17:01 RAM 3375/6833MB (lfb 282x4MB) SWAP 0/3417MB (cached 0MB) CPU [0%@1420,9%@1420,9%@1420,14%@1420,19%@1420,10%@1420] EMC_FREQ 0% GR3D_FREQ 0% AUX@43.5C CPU@44.5C thermal@43.8C AO@43.5C GPU@43.5C PMIC@50C
10-01-2026 11:17:01 RAM 3390/6833MB (lfb 275x4MB) SWAP 0/3417MB (cached 0MB) CPU [0%@1420,9%@1420,18%@1420,0%@1420,15%@1420,5%@1420] EMC_FREQ 0% GR3D_FREQ 0% AUX@43.5C CPU@44.5C thermal@43.8C AO@43.5C GPU@43C PMIC@50C
10-01-2026 11:17:01 RAM 3404/6833MB (lfb 268x4MB) SWAP 0/3417MB (cached 0MB) CPU [16%@1190,0%@1420,11%@1420,10%@1420,9%@1420,5%@1420] EMC_FREQ 0% GR3D_FREQ 0% AUX@43.5C CPU@44.5C thermal@43.8C AO@43.5C GPU@43.5C PMIC@50C
10-01-2026 11:17:02 RAM 3416/6833MB (lfb 261x4MB) SWAP 0/3417MB (cached 0MB) CPU [0%@1190,9%@1190,18%@1190,0%@1190,5%@1190,5%@1190] EMC_FREQ 0% GR3D_FREQ 0% AUX@43.5C CPU@44.5C thermal@43.8C AO@43.5C GPU@43.5C PMIC@50C
10-01-2026 11:17:02 RAM 3432/6833MB (lfb 253x4MB) SWAP 0/3417MB (cached 0MB) CPU [5%@1190,0%@1420,14%@1420,0%@1420,14%@1420,9%@1420] EMC_FREQ 0% GR3D_FREQ 0% AUX@43.5C CPU@44.5C thermal@43.8C AO@43.5C GPU@43C PMIC@50C
10-01-2026 11:17:02 RAM 3448/6833MB (lfb 245x4MB) SWAP 0/3417MB (cached 0MB) CPU [0%@1190,9%@1420,10%@1420,5%@1420,10%@1420,10%@1420] EMC_FREQ 0% GR3D_FREQ 0% AUX@43.5C CPU@44.5C thermal@43.8C AO@43.5C GPU@43.5C PMIC@50C
10-01-2026 11:17:02 RAM 3463/6833MB (lfb 238x4MB) SWAP 0/3417MB (cached 0MB) CPU [9%@1190,5%@1190,4%@1190,10%@1420,5%@1420,5%@1420] EMC_FREQ 0% GR3D_FREQ 0% AUX@43.5C CPU@44.5C thermal@43.8C AO@43.5C GPU@43.5C PMIC@50C
10-01-2026 11:17:02 RAM 3475/6833MB (lfb 231x4MB) SWAP 0/3417MB (cached 0MB) CPU [14%@1190,9%@1190,5%@1190,10%@1190,13%@1190,19%@1190] EMC_FREQ 0% GR3D_FREQ 0% AUX@43.5C CPU@44.5C thermal@43.8C AO@43.5C GPU@43.5C PMIC@50C
10-01-2026 11:17:03 RAM 3488/6833MB (lfb 225x4MB) SWAP 0/3417MB (cached 0MB) CPU [5%@1420,9%@1420,10%@1420,5%@1420,0%@1420,10%@1420] EMC_FREQ 0% GR3D_FREQ 0% AUX@43.5C CPU@44.5C thermal@43.8C AO@43.5C GPU@43C PMIC@50C
10-01-2026 11:17:03 RAM 3497/6833MB (lfb 219x4MB) SWAP 0/3417MB (cached 0MB) CPU [9%@1190,5%@1190,0%@1190,18%@1190,15%@1190,5%@1190] EMC_FREQ 0% GR3D_FREQ 0% AUX@43.5C CPU@44.5C thermal@43.8C AO@43.5C GPU@43.5C PMIC@50C
10-01-2026 11:17:03 RAM 3506/6833MB (lfb 213x4MB) SWAP 0/3417MB (cached 0MB) CPU [5%@1190,18%@1420,4%@1420,20%@1420,9%@1420,5%@1420] EMC_FREQ 0% GR3D_FREQ 0% AUX@43.5C CPU@44.5C thermal@43.8C AO@43.5C GPU@43C PMIC@50C
10-01-2026 11:17:03 RAM 3519/6833MB (lfb 206x4MB) SWAP 0/3417MB (cached 0MB) CPU [10%@1190,0%@1190,9%@1190,15%@1190,0%@1190,18%@1190] EMC_FREQ 0% GR3D_FREQ 0% AUX@43.5C CPU@44.5C thermal@43.8C AO@43.5C GPU@43.5C PMIC@50C
10-01-2026 11:17:03 RAM 3530/6833MB (lfb 199x4MB) SWAP 0/3417MB (cached 0MB) CPU [10%@1190,9%@1190,5%@1190,15%@1190,9%@1420,10%@1420] EMC_FREQ 0% GR3D_FREQ 0% AUX@43.5C CPU@44.5C thermal@43.8C AO@43.5C GPU@43C PMIC@50C
10-01-2026 11:17:04 RAM 3542/6833MB (lfb 193x4MB) SWAP 0/3417MB (cached 0MB) CPU [5%@1190,5%@1420,10%@1420,9%@1420,14%@1420,10%@1420] EMC_FREQ 0% GR3D_FREQ 0% AUX@44C CPU@44.5C thermal@43.8C AO@43.5C GPU@43.5C PMIC@50C
10-01-2026 11:17:04 RAM 3553/6833MB (lfb 187x4MB) SWAP 0/3417MB (cached 0MB) CPU [5%@1190,5%@1420,0%@1420,15%@1420,14%@1420,0%@1420] EMC_FREQ 0% GR3D_FREQ 0% AUX@43.5C CPU@44.5C thermal@43.8C AO@43.5C GPU@43.5C PMIC@50C
10-01-2026 11:17:04 RAM 3562/6833MB (lfb 180x4MB) SWAP 0/3417MB (cached 0MB) CPU [9%@1190,5%@1190,15%@1190,5%@1190,5%@1190,9%@1190] EMC_FREQ 0% GR3D_FREQ 0% AUX@43.5C CPU@44.5C thermal@43.8C AO@43.5C GPU@43.5C PMIC@50C
10-01-2026 11:17:04 RAM 3571/6833MB (lfb 174x4MB) SWAP 0/3417MB (cached 0MB) CPU [5%@1190,5%@1420,9%@1420,19%@1420,5%@1420,10%@1420] EMC_FREQ 0% GR3D_FREQ 0% AUX@43.5C CPU@44.5C thermal@43.8C AO@43.5C GPU@43C PMIC@50C
10-01-2026 11:17:04 RAM 3587/6833MB (lfb 166x4MB) SWAP 0/3417MB (cached 0MB) CPU [9%@1190,0%@1190,0%@1190,15%@1190,5%@1190,5%@1190] EMC_FREQ 0% GR3D_FREQ 0% AUX@43.5C CPU@44.5C thermal@43.5C AO@43.5C GPU@43C PMIC@50C
10-01-2026 11:17:05 RAM 3603/6833MB (lfb 158x4MB) SWAP 0/3417MB (cached 0MB) CPU [5%@1420,5%@1420,4%@1420,10%@1420,14%@1420,14%@1420] EMC_FREQ 0% GR3D_FREQ 0% AUX@43.5C CPU@44.5C thermal@43.5C AO@43C GPU@43.5C PMIC@50C
10-01-2026 11:17:05 RAM 3619/6833MB (lfb 150x4MB) SWAP 0/3417MB (cached 0MB) CPU [5%@1190,10%@1190,0%@1190,9%@1190,10%@1190,9%@1190] EMC_FREQ 0% GR3D_FREQ 0% AUX@43.5C CPU@44.5C thermal@43.5C AO@43C GPU@43.5C PMIC@50C
10-01-2026 11:17:05 RAM 3635/6833MB (lfb 142x4MB) SWAP 0/3417MB (cached 0MB) CPU [5%@1420,5%@1420,5%@1420,14%@1420,9%@1420,5%@1420] EMC_FREQ 0% GR3D_FREQ 0% AUX@43.5C CPU@44.5C thermal@43.5C AO@43.5C GPU@43.5C PMIC@50C
10-01-2026 11:17:05 RAM 3651/6833MB (lfb 134x4MB) SWAP 0/3417MB (cached 0MB) CPU [5%@1190,4%@1190,0%@1190,5%@1190,13%@1190,10%@1190] EMC_FREQ 0% GR3D_FREQ 0% AUX@43.5C CPU@44C thermal@43.5C AO@43.5C GPU@43.5C PMIC@50C
10-01-2026 11:17:05 RAM 3667/6833MB (lfb 126x4MB) SWAP 0/3417MB (cached 0MB) CPU [4%@1190,5%@1190,10%@1190,10%@1190,0%@1190,10%@1190] EMC_FREQ 0% GR3D_FREQ 0% AUX@43.5C CPU@44.5C thermal@43.5C AO@43.5C GPU@43.5C PMIC@50C
10-01-2026 11:17:06 RAM 3676/6833MB (lfb 123x4MB) SWAP 0/3417MB (cached 0MB) CPU [18%@1420,14%@1420,10%@1420,35%@1420,5%@1420,5%@1420] EMC_FREQ 0% GR3D_FREQ 74% AUX@43.5C CPU@44.5C thermal@43.5C AO@43.5C GPU@43.5C PMIC@50C
10-01-2026 11:17:06 RAM 3676/6833MB (lfb 123x4MB) SWAP 0/3417MB (cached 0MB) CPU [10%@1420,0%@1420,9%@1420,72%@1420,0%@1420,5%@1420] EMC_FREQ 0% GR3D_FREQ 52% AUX@43.5C CPU@44.5C thermal@43.5C AO@43.5C GPU@43.5C PMIC@50C
10-01-2026 11:17:06 RAM 3522/6833MB (lfb 124x4MB) SWAP 0/3417MB (cached 0MB) CPU [5%@1420,9%@1420,5%@1420,89%@1420,5%@1420,9%@1420] EMC_FREQ 0% GR3D_FREQ 0% AUX@43.5C CPU@44C thermal@43.5C AO@43.5C GPU@43C PMIC@50C
10-01-2026 11:17:06 RAM 3356/6833MB (lfb 125x4MB) SWAP 0/3417MB (cached 0MB) CPU [0%@1420,5%@1420,0%@1420,100%@1420,10%@1420,0%@1420] EMC_FREQ 0% GR3D_FREQ 0% AUX@43.5C CPU@44.5C thermal@43.5C AO@43C GPU@43.5C PMIC@50C
10-01-2026 11:17:06 RAM 3355/6833MB (lfb 125x4MB) SWAP 0/3417MB (cached 0MB) CPU [21%@1420,89%@1420,17%@1420,0%@1420,73%@1420,5%@1420] EMC_FREQ 0% GR3D_FREQ 0% AUX@43.5C CPU@44.5C thermal@43.5C AO@43.5C GPU@43C PMIC@50C
10-01-2026 11:17:07 RAM 3355/6833MB (lfb 125x4MB) SWAP 0/3417MB (cached 0MB) CPU [5%@1190,5%@1420,5%@1420,0%@1420,5%@1420,5%@1420] EMC_FREQ 0% GR3D_FREQ 0% AUX@43.5C CPU@44C thermal@43.8C AO@43.5C GPU@43C PMIC@50C
10-01-2026 11:17:07 RAM 3355/6833MB (lfb 125x4MB) SWAP 0/3417MB (cached 0MB) CPU [0%@1420,14%@1420,10%@1420,0%@1420,9%@1420,15%@1420] EMC_FREQ 0% GR3D_FREQ 0% AUX@43.5C CPU@44.5C thermal@43.8C AO@43C GPU@43.5C PMIC@50C
10-01-2026 11:17:07 RAM 3356/6833MB (lfb 125x4MB) SWAP 0/3417MB (cached 0MB) CPU [10%@1190,15%@1190,13%@1190,9%@1190,10%@1190,9%@1190] EMC_FREQ 0% GR3D_FREQ 0% AUX@43.5C CPU@44.5C thermal@43.8C AO@43.5C GPU@43C PMIC@50C
10-01-2026 11:17:07 RAM 3356/6833MB (lfb 125x4MB) SWAP 0/3417MB (cached 0MB) CPU [4%@1190,10%@1420,9%@1420,14%@1420,10%@1420,14%@1420] EMC_FREQ 0% GR3D_FREQ 0% AUX@43.5C CPU@44C thermal@43.8C AO@43C GPU@43C PMIC@50C
10-01-2026 11:17:07 RAM 3356/6833MB (lfb 125x4MB) SWAP 0/3417MB (cached 0MB) CPU [4%@1190,14%@1420,0%@1420,5%@1420,5%@1420,5%@1420] EMC_FREQ 0% GR3D_FREQ 0% AUX@43.5C CPU@44C thermal@43.8C AO@43.5C GPU@43.5C PMIC@50C
10-01-2026 11:17:08 RAM 3356/6833MB (lfb 125x4MB) SWAP 0/3417MB (cached 0MB) CPU [5%@1420,19%@1420,0%@1420,0%@1190,9%@1190,13%@1190] EMC_FREQ 0% GR3D_FREQ 0% AUX@43.5C CPU@44.5C thermal@43.65C AO@43C GPU@43.5C PMIC@50C
10-01-2026 11:17:08 RAM 3358/6833MB (lfb 125x4MB) SWAP 0/3417MB (cached 0MB) CPU [14%@1190,36%@1190,4%@1190,13%@1190,5%@1190,5%@1190] EMC_FREQ 0% GR3D_FREQ 0% AUX@43.5C CPU@44.5C thermal@43.65C AO@43.5C GPU@43.5C PMIC@50C
10-01-2026 11:17:08 RAM 3358/6833MB (lfb 125x4MB) SWAP 0/3417MB (cached 0MB) CPU [5%@1420,19%@1420,9%@1420,5%@1420,50%@1420,5%@1420] EMC_FREQ 0% GR3D_FREQ 0% AUX@43.5C CPU@44.5C thermal@43.65C AO@43.5C GPU@43C PMIC@50C
10-01-2026 11:17:08 RAM 3358/6833MB (lfb 125x4MB) SWAP 0/3417MB (cached 0MB) CPU [10%@1420,5%@1420,5%@1420,5%@1420,50%@1420,13%@1420] EMC_FREQ 0% GR3D_FREQ 0% AUX@43.5C CPU@44.5C thermal@43.65C AO@43C GPU@43C PMIC@50C
10-01-2026 11:17:08 RAM 3357/6833MB (lfb 124x4MB) SWAP 0/3417MB (cached 0MB) CPU [0%@1190,9%@1190,0%@1190,0%@1190,10%@1190,15%@1190] EMC_FREQ 0% GR3D_FREQ 0% AUX@43C CPU@44.5C thermal@43.65C AO@43C GPU@43C PMIC@50C
10-01-2026 11:17:09 RAM 3357/6833MB (lfb 123x4MB) SWAP 0/3417MB (cached 0MB) CPU [9%@1190,9%@1420,9%@1420,0%@1420,5%@1420,21%@1420] EMC_FREQ 0% GR3D_FREQ 0% AUX@43.5C CPU@44.5C thermal@43.65C AO@43.5C GPU@43C PMIC@50C
10-01-2026 11:17:09 RAM 3358/6833MB (lfb 123x4MB) SWAP 0/3417MB (cached 0MB) CPU [9%@1190,4%@1190,10%@1190,4%@1190,9%@1190,26%@1190] EMC_FREQ 0% GR3D_FREQ 0% AUX@43.5C CPU@44.5C thermal@43.5C AO@43.5C GPU@43C PMIC@50C
10-01-2026 11:17:09 RAM 3358/6833MB (lfb 123x4MB) SWAP 0/3417MB (cached 0MB) CPU [5%@1190,9%@1420,9%@1420,5%@1420,0%@1420,15%@1420] EMC_FREQ 0% GR3D_FREQ 0% AUX@43C CPU@44.5C thermal@43.5C AO@43C GPU@43C PMIC@50C
10-01-2026 11:17:09 RAM 3357/6833MB (lfb 123x4MB) SWAP 0/3417MB (cached 0MB) CPU [4%@1420,9%@1420,5%@1420,10%@1420,0%@1420,15%@1420] EMC_FREQ 0% GR3D_FREQ 0% AUX@43.5C CPU@44.5C thermal@43.5C AO@43.5C GPU@43C PMIC@50C
10-01-2026 11:17:10 RAM 3357/6833MB (lfb 123x4MB) SWAP 0/3417MB (cached 0MB) CPU [0%@1190,0%@1190,15%@1190,9%@1190,9%@1190,23%@1190] EMC_FREQ 0% GR3D_FREQ 0% AUX@43.5C CPU@44.5C thermal@43.5C AO@43.5C GPU@43C PMIC@50C
10-01-2026 11:17:10 RAM 3356/6833MB (lfb 123x4MB) SWAP 0/3417MB (cached 0MB) CPU [5%@1190,9%@1190,10%@1190,9%@1190,5%@1190,15%@1190] EMC_FREQ 0% GR3D_FREQ 0% AUX@43.5C CPU@44.5C thermal@43.5C AO@43C GPU@43C PMIC@50C
10-01-2026 11:17:10 RAM 3355/6833MB (lfb 123x4MB) SWAP 0/3417MB (cached 0MB) CPU [5%@1190,5%@1190,9%@1190,0%@1190,0%@1190,23%@1190] EMC_FREQ 0% GR3D_FREQ 0% AUX@43.5C CPU@44C thermal@43.65C AO@43.5C GPU@43C PMIC@50C
10-01-2026 11:17:10 RAM 3355/6833MB (lfb 123x4MB) SWAP 0/3417MB (cached 0MB) CPU [4%@1190,9%@1190,14%@1190,0%@1190,9%@1190,15%@1190] EMC_FREQ 0% GR3D_FREQ 0% AUX@43.5C CPU@44.5C thermal@43.65C AO@43.5C GPU@43C PMIC@50C
10-01-2026 11:17:10 RAM 3354/6833MB (lfb 122x4MB) SWAP 0/3417MB (cached 0MB) CPU [10%@1190,10%@1190,19%@1190,0%@1420,9%@1420,20%@1420] EMC_FREQ 0% GR3D_FREQ 0% AUX@43.5C CPU@44C thermal@43.65C AO@43C GPU@43C PMIC@50C
10-01-2026 11:17:11 RAM 3561/6833MB (lfb 82x4MB) SWAP 0/3417MB (cached 0MB) CPU [4%@1420,5%@1420,10%@1420,0%@1420,4%@1420,77%@1420] EMC_FREQ 0% GR3D_FREQ 0% AUX@43.5C CPU@44.5C thermal@43.65C AO@43C GPU@43C PMIC@50C
10-01-2026 11:17:11 RAM 3866/6833MB (lfb 6x4MB) SWAP 0/3417MB (cached 0MB) CPU [5%@1420,5%@1420,22%@1420,0%@1420,42%@1420,100%@1420] EMC_FREQ 0% GR3D_FREQ 0% AUX@43.5C CPU@44.5C thermal@43.65C AO@43.5C GPU@43C PMIC@50C
10-01-2026 11:17:11 RAM 3910/6833MB (lfb 5x4MB) SWAP 0/3417MB (cached 0MB) CPU [15%@1420,15%@1420,31%@1420,0%@1420,5%@1420,100%@1420] EMC_FREQ 0% GR3D_FREQ 0% AUX@43.5C CPU@44.5C thermal@43.65C AO@43.5C GPU@43C PMIC@50C
10-01-2026 11:17:11 RAM 3950/6833MB (lfb 5x4MB) SWAP 0/3417MB (cached 0MB) CPU [20%@1420,25%@1420,0%@1420,21%@1420,0%@1420,100%@1420] EMC_FREQ 0% GR3D_FREQ 0% AUX@43C CPU@44.5C thermal@43.65C AO@43.5C GPU@43C PMIC@50C
10-01-2026 11:17:11 RAM 4000/6833MB (lfb 5x4MB) SWAP 0/3417MB (cached 0MB) CPU [38%@1420,20%@1420,19%@1420,5%@1420,5%@1420,100%@1420] EMC_FREQ 0% GR3D_FREQ 0% AUX@43C CPU@44.5C thermal@43.65C AO@43.5C GPU@43C PMIC@50C
10-01-2026 11:17:12 RAM 4051/6833MB (lfb 5x4MB) SWAP 0/3417MB (cached 0MB) CPU [35%@1420,5%@1420,15%@1420,13%@1420,9%@1420,100%@1420] EMC_FREQ 0% GR3D_FREQ 0% AUX@43.5C CPU@44.5C thermal@43.65C AO@43.5C GPU@43C PMIC@50C
10-01-2026 11:17:12 RAM 4065/6833MB (lfb 5x4MB) SWAP 0/3417MB (cached 0MB) CPU [15%@1420,15%@1420,66%@1420,5%@1420,0%@1420,40%@1420] EMC_FREQ 0% GR3D_FREQ 0% AUX@43.5C CPU@44.5C thermal@43.65C AO@43C GPU@43C PMIC@50C
10-01-2026 11:17:12 RAM 4065/6833MB (lfb 5x4MB) SWAP 0/3417MB (cached 0MB) CPU [5%@1420,14%@1420,100%@1420,22%@1420,0%@1420,0%@1420] EMC_FREQ 0% GR3D_FREQ 0% AUX@43.5C CPU@44.5C thermal@43.65C AO@43.5C GPU@43C PMIC@50C
10-01-2026 11:17:12 RAM 4065/6833MB (lfb 5x4MB) SWAP 0/3417MB (cached 0MB) CPU [14%@1420,0%@1420,40%@1420,68%@1420,70%@1420,5%@1420] EMC_FREQ 0% GR3D_FREQ 0% AUX@43.5C CPU@44.5C thermal@43.65C AO@43C GPU@43C PMIC@50C
10-01-2026 11:17:12 RAM 4065/6833MB (lfb 5x4MB) SWAP 0/3417MB (cached 0MB) CPU [5%@1420,14%@1420,9%@1420,4%@1420,100%@1420,5%@1420] EMC_FREQ 0% GR3D_FREQ 0% AUX@43C CPU@44.5C thermal@43.65C AO@43C GPU@43C PMIC@50C
10-01-2026 11:17:13 RAM 4065/6833MB (lfb 5x4MB) SWAP 0/3417MB (cached 0MB) CPU [5%@1420,9%@1420,5%@1420,0%@1420,100%@1420,4%@1420] EMC_FREQ 0% GR3D_FREQ 0% AUX@43C CPU@44.5C thermal@43.65C AO@43C GPU@43C PMIC@50C
10-01-2026 11:17:13 RAM 4065/6833MB (lfb 5x4MB) SWAP 0/3417MB (cached 0MB) CPU [10%@1420,0%@1420,13%@1420,9%@1420,100%@1420,0%@1420] EMC_FREQ 0% GR3D_FREQ 0% AUX@43.5C CPU@44.5C thermal@43.65C AO@43.5C GPU@43C PMIC@50C
10-01-2026 11:17:13 RAM 3062/6833MB (lfb 169x4MB) SWAP 0/3417MB (cached 0MB) CPU [10%@1420,5%@1420,19%@1420,4%@1420,100%@1420,26%@1420] EMC_FREQ 0% GR3D_FREQ 0% AUX@43.5C CPU@44.5C thermal@43.65C AO@43.5C GPU@43C PMIC@50C
10-01-2026 11:17:13 RAM 3062/6833MB (lfb 169x4MB) SWAP 0/3417MB (cached 0MB) CPU [5%@1420,10%@1420,90%@1420,10%@1420,9%@1420,45%@1420] EMC_FREQ 0% GR3D_FREQ 0% AUX@43.5C CPU@44.5C thermal@43.65C AO@43.5C GPU@43C PMIC@50C
10-01-2026 11:17:13 RAM 3116/6833MB (lfb 169x4MB) SWAP 0/3417MB (cached 0MB) CPU [9%@1420,9%@1420,100%@1420,14%@1420,0%@1420,5%@1420] EMC_FREQ 0% GR3D_FREQ 0% AUX@43C CPU@44.5C thermal@43.65C AO@43C GPU@43C PMIC@50C
10-01-2026 11:17:14 RAM 3180/6833MB (lfb 160x4MB) SWAP 0/3417MB (cached 0MB) CPU [9%@1420,5%@1420,100%@1420,0%@1420,9%@1420,4%@1420] EMC_FREQ 0% GR3D_FREQ 0% AUX@43.5C CPU@44.5C thermal@43.65C AO@43C GPU@43C PMIC@50C
10-01-2026 11:17:14 RAM 3246/6833MB (lfb 148x4MB) SWAP 0/3417MB (cached 0MB) CPU [5%@1420,5%@1420,100%@1420,5%@1420,5%@1420,0%@1420] EMC_FREQ 0% GR3D_FREQ 0% AUX@43.5C CPU@44.5C thermal@43.65C AO@43C GPU@43C PMIC@50C
10-01-2026 11:17:14 RAM 3306/6833MB (lfb 137x4MB) SWAP 0/3417MB (cached 0MB) CPU [5%@1420,21%@1420,100%@1420,5%@1420,0%@1420,0%@1420] EMC_FREQ 0% GR3D_FREQ 0% AUX@43C CPU@44.5C thermal@43.65C AO@43.5C GPU@43C PMIC@50C
10-01-2026 11:17:14 RAM 3352/6833MB (lfb 132x4MB) SWAP 0/3417MB (cached 0MB) CPU [5%@1420,5%@1420,100%@1420,0%@1420,0%@1420,4%@1420] EMC_FREQ 0% GR3D_FREQ 0% AUX@43C CPU@44.5C thermal@43.65C AO@43C GPU@43C PMIC@50C
10-01-2026 11:17:14 RAM 3400/6833MB (lfb 126x4MB) SWAP 0/3417MB (cached 0MB) CPU [9%@1420,26%@1420,100%@1420,4%@1420,9%@1420,0%@1420] EMC_FREQ 0% GR3D_FREQ 0% AUX@43.5C CPU@44C thermal@43.5C AO@43C GPU@43C PMIC@50C
10-01-2026 11:17:15 RAM 3453/6833MB (lfb 119x4MB) SWAP 0/3417MB (cached 0MB) CPU [5%@1420,5%@1420,100%@1420,9%@1420,5%@1420,9%@1420] EMC_FREQ 0% GR3D_FREQ 0% AUX@43.5C CPU@44C thermal@43.5C AO@43C GPU@43C PMIC@50C
10-01-2026 11:17:15 RAM 3552/6833MB (lfb 105x4MB) SWAP 0/3417MB (cached 0MB) CPU [5%@1420,10%@1420,100%@1420,4%@1420,5%@1420,0%@1420] EMC_FREQ 0% GR3D_FREQ 0% AUX@43C CPU@44C thermal@43.5C AO@43C GPU@43C PMIC@50C
10-01-2026 11:17:15 RAM 3552/6833MB (lfb 105x4MB) SWAP 0/3417MB (cached 0MB) CPU [13%@1420,9%@1420,100%@1420,0%@1420,4%@1420,4%@1420] EMC_FREQ 0% GR3D_FREQ 0% AUX@43.5C CPU@44.5C thermal@43.5C AO@43C GPU@43C PMIC@50C
10-01-2026 11:17:15 RAM 3552/6833MB (lfb 105x4MB) SWAP 0/3417MB (cached 0MB) CPU [10%@1420,10%@1420,100%@1420,5%@1420,5%@1420,5%@1420] EMC_FREQ 0% GR3D_FREQ 0% AUX@43C CPU@44.5C thermal@43.5C AO@43C GPU@43C PMIC@50C
10-01-2026 11:17:15 RAM 3552/6833MB (lfb 105x4MB) SWAP 0/3417MB (cached 0MB) CPU [9%@1420,10%@1420,100%@1420,4%@1420,13%@1420,0%@1420] EMC_FREQ 0% GR3D_FREQ 0% AUX@43C CPU@44.5C thermal@43.5C AO@43C GPU@43C PMIC@50C
10-01-2026 11:17:16 RAM 3552/6833MB (lfb 105x4MB) SWAP 0/3417MB (cached 0MB) CPU [0%@1420,18%@1420,100%@1420,5%@1420,10%@1420,9%@1420] EMC_FREQ 0% GR3D_FREQ 0% AUX@43.5C CPU@44C thermal@43.5C AO@43C GPU@43C PMIC@50C
10-01-2026 11:17:16 RAM 3552/6833MB (lfb 105x4MB) SWAP 0/3417MB (cached 0MB) CPU [14%@1420,10%@1420,100%@1420,5%@1420,0%@1420,9%@1420] EMC_FREQ 0% GR3D_FREQ 0% AUX@43.5C CPU@44C thermal@43.5C AO@43C GPU@43C PMIC@50C
10-01-2026 11:17:16 RAM 3552/6833MB (lfb 105x4MB) SWAP 0/3417MB (cached 0MB) CPU [5%@1420,5%@1420,100%@1420,0%@1420,5%@1420,0%@1420] EMC_FREQ 0% GR3D_FREQ 0% AUX@43.5C CPU@44.5C thermal@43.5C AO@43.5C GPU@43C PMIC@50C
10-01-2026 11:17:16 RAM 3552/6833MB (lfb 105x4MB) SWAP 0/3417MB (cached 0MB) CPU [5%@1420,5%@1420,100%@1420,9%@1420,0%@1420,5%@1420] EMC_FREQ 0% GR3D_FREQ 0% AUX@43.5C CPU@44C thermal@43.5C AO@43C GPU@43C PMIC@50C
10-01-2026 11:17:16 RAM 3552/6833MB (lfb 105x4MB) SWAP 0/3417MB (cached 0MB) CPU [15%@1420,9%@1420,100%@1420,0%@1420,0%@1420,5%@1420] EMC_FREQ 0% GR3D_FREQ 0% AUX@43.5C CPU@44C thermal@43.5C AO@43C GPU@43C PMIC@50C
10-01-2026 11:17:17 RAM 3552/6833MB (lfb 105x4MB) SWAP 0/3417MB (cached 0MB) CPU [14%@1420,5%@1420,100%@1420,0%@1420,5%@1420,9%@1420] EMC_FREQ 0% GR3D_FREQ 0% AUX@43C CPU@44C thermal@43.3C AO@43C GPU@43C PMIC@50C
10-01-2026 11:17:17 RAM 3552/6833MB (lfb 105x4MB) SWAP 0/3417MB (cached 0MB) CPU [17%@1420,5%@1420,100%@1420,5%@1420,0%@1420,9%@1420] EMC_FREQ 0% GR3D_FREQ 0% AUX@43.5C CPU@44C thermal@43.3C AO@43C GPU@43C PMIC@50C
10-01-2026 11:17:17 RAM 3553/6833MB (lfb 105x4MB) SWAP 0/3417MB (cached 0MB) CPU [21%@1420,31%@1420,80%@1420,36%@1420,23%@1420,20%@1420] EMC_FREQ 0% GR3D_FREQ 0% AUX@43.5C CPU@44.5C thermal@43.3C AO@43C GPU@43C PMIC@50C
10-01-2026 11:17:17 RAM 3071/6833MB (lfb 169x4MB) SWAP 0/3417MB (cached 0MB) CPU [10%@1420,5%@1420,10%@1420,100%@1420,5%@1420,10%@1420] EMC_FREQ 0% GR3D_FREQ 0% AUX@43.5C CPU@44C thermal@43.3C AO@43C GPU@43C PMIC@50C
10-01-2026 11:17:18 RAM 3070/6833MB (lfb 169x4MB) SWAP 0/3417MB (cached 0MB) CPU [14%@1190,42%@1190,5%@1190,45%@1190,5%@1190,8%@1190] EMC_FREQ 0% GR3D_FREQ 7% AUX@43C CPU@44C thermal@43.3C AO@43C GPU@43C PMIC@50C
10-01-2026 11:17:18 RAM 3070/6833MB (lfb 169x4MB) SWAP 0/3417MB (cached 0MB) CPU [5%@1420,5%@1420,5%@1420,61%@1420,5%@1420,18%@1420] EMC_FREQ 0% GR3D_FREQ 0% AUX@43C CPU@44C thermal@43.3C AO@43C GPU@42.5C PMIC@50C
10-01-2026 11:17:18 RAM 3070/6833MB (lfb 169x4MB) SWAP 0/3417MB (cached 0MB) CPU [5%@1190,4%@1190,5%@1190,25%@1420,15%@1420,5%@1420] EMC_FREQ 0% GR3D_FREQ 0% AUX@43C CPU@44C thermal@43.3C AO@43C GPU@43C PMIC@50C
10-01-2026 11:17:18 RAM 3070/6833MB (lfb 169x4MB) SWAP 0/3417MB (cached 0MB) CPU [9%@1420,10%@1420,0%@1420,65%@1420,10%@1420,5%@1420] EMC_FREQ 0% GR3D_FREQ 12% AUX@43.5C CPU@44C thermal@43.3C AO@43C GPU@43C PMIC@50C
10-01-2026 11:17:18 RAM 3070/6833MB (lfb 169x4MB) SWAP 0/3417MB (cached 0MB) CPU [13%@1420,72%@1420,4%@1420,4%@1420,14%@1420,10%@1420] EMC_FREQ 0% GR3D_FREQ 0% AUX@43.5C CPU@44C thermal@43.3C AO@42.5C GPU@43C PMIC@50C
10-01-2026 11:17:19 RAM 3070/6833MB (lfb 169x4MB) SWAP 0/3417MB (cached 0MB) CPU [9%@1267,72%@1267,0%@1267,0%@1267,5%@1267,19%@1267] EMC_FREQ 0% GR3D_FREQ 0% AUX@43.5C CPU@44C thermal@43.3C AO@43C GPU@43C PMIC@50C
10-01-2026 11:17:19 RAM 3070/6833MB (lfb 169x4MB) SWAP 0/3417MB (cached 0MB) CPU [5%@1344,70%@1344,0%@1344,0%@1344,13%@1344,14%@1344] EMC_FREQ 0% GR3D_FREQ 15% AUX@43C CPU@44C thermal@43.3C AO@43C GPU@43C PMIC@50C
10-01-2026 11:17:19 RAM 3070/6833MB (lfb 169x4MB) SWAP 0/3417MB (cached 0MB) CPU [9%@1420,80%@1420,9%@1420,5%@1420,14%@1420,10%@1420] EMC_FREQ 0% GR3D_FREQ 0% AUX@43.5C CPU@44C thermal@43.3C AO@43C GPU@43C PMIC@50C
10-01-2026 11:17:19 RAM 3070/6833MB (lfb 169x4MB) SWAP 0/3417MB (cached 0MB) CPU [5%@1420,52%@1420,0%@1420,0%@1420,0%@1420,14%@1420] EMC_FREQ 0% GR3D_FREQ 0% AUX@43C CPU@44C thermal@43.3C AO@43C GPU@43C PMIC@50C
10-01-2026 11:17:19 RAM 3069/6833MB (lfb 169x4MB) SWAP 0/3417MB (cached 0MB) CPU [9%@1420,70%@1420,5%@1420,9%@1420,5%@1420,15%@1420] EMC_FREQ 0% GR3D_FREQ 22% AUX@43C CPU@44C thermal@43.3C AO@43C GPU@42.5C PMIC@50C
10-01-2026 11:17:20 RAM 3069/6833MB (lfb 169x4MB) SWAP 0/3417MB (cached 0MB) CPU [5%@1420,75%@1420,9%@1420,0%@1420,9%@1420,9%@1420] EMC_FREQ 0% GR3D_FREQ 7% AUX@43C CPU@44C thermal@43.3C AO@43C GPU@42.5C PMIC@50C
10-01-2026 11:17:20 RAM 3069/6833MB (lfb 169x4MB) SWAP 0/3417MB (cached 0MB) CPU [5%@1420,80%@1420,5%@1420,0%@1420,0%@1420,10%@1420] EMC_FREQ 0% GR3D_FREQ 21% AUX@43C CPU@44C thermal@43.3C AO@43C GPU@43C PMIC@50C
10-01-2026 11:17:20 RAM 3069/6833MB (lfb 169x4MB) SWAP 0/3417MB (cached 0MB) CPU [9%@1420,70%@1420,5%@1420,9%@1420,4%@1420,9%@1420] EMC_FREQ 0% GR3D_FREQ 11% AUX@43C CPU@44C thermal@43.3C AO@43C GPU@43C PMIC@50C
10-01-2026 11:17:20 RAM 3069/6833MB (lfb 169x4MB) SWAP 0/3417MB (cached 0MB) CPU [0%@1420,85%@1420,4%@1420,5%@1420,0%@1420,0%@1420] EMC_FREQ 0% GR3D_FREQ 0% AUX@43C CPU@44C thermal@43.3C AO@43C GPU@43C PMIC@50C
10-01-2026 11:17:20 RAM 3069/6833MB (lfb 169x4MB) SWAP 0/3417MB (cached 0MB) CPU [14%@1420,70%@1420,5%@1420,0%@1420,5%@1420,9%@1420] EMC_FREQ 0% GR3D_FREQ 0% AUX@43C CPU@44C thermal@43.3C AO@43C GPU@42.5C PMIC@50C
10-01-2026 11:17:21 RAM 3069/6833MB (lfb 169x4MB) SWAP 0/3417MB (cached 0MB) CPU [14%@1420,73%@1420,5%@1420,9%@1420,4%@1420,5%@1420] EMC_FREQ 0% GR3D_FREQ 0% AUX@43C CPU@44C thermal@43.3C AO@43C GPU@43C PMIC@50C
10-01-2026 11:17:21 RAM 3069/6833MB (lfb 169x4MB) SWAP 0/3417MB (cached 0MB) CPU [10%@1420,61%@1420,5%@1420,5%@1420,5%@1420,0%@1420] EMC_FREQ 0% GR3D_FREQ 0% AUX@43C CPU@44C thermal@43.3C AO@43C GPU@43C PMIC@50C
10-01-2026 11:17:21 RAM 3069/6833MB (lfb 169x4MB) SWAP 0/3417MB (cached 0MB) CPU [5%@1420,80%@1420,5%@1420,9%@1420,10%@1420,14%@1420] EMC_FREQ 0% GR3D_FREQ 4% AUX@43C CPU@44C thermal@43.15C AO@43C GPU@42.5C PMIC@50C
10-01-2026 11:17:21 RAM 3069/6833MB (lfb 169x4MB) SWAP 0/3417MB (cached 0MB) CPU [9%@1420,90%@1420,0%@1420,0%@1420,10%@1420,5%@1420] EMC_FREQ 0% GR3D_FREQ 0% AUX@43C CPU@44C thermal@43.15C AO@43C GPU@43C PMIC@50C
10-01-2026 11:17:21 RAM 3069/6833MB (lfb 169x4MB) SWAP 0/3417MB (cached 0MB) CPU [0%@1420,89%@1420,5%@1420,5%@1420,5%@1420,4%@1420] EMC_FREQ 0% GR3D_FREQ 0% AUX@43C CPU@44C thermal@43.15C AO@43C GPU@43C PMIC@50C
10-01-2026 11:17:22 RAM 3069/6833MB (lfb 169x4MB) SWAP 0/3417MB (cached 0MB) CPU [9%@1420,84%@1420,9%@1420,5%@1420,18%@1420,0%@1420] EMC_FREQ 0% GR3D_FREQ 0% AUX@43C CPU@44C thermal@43.15C AO@43C GPU@43C PMIC@50C
10-01-2026 11:17:22 RAM 3069/6833MB (lfb 169x4MB) SWAP 0/3417MB (cached 0MB) CPU [0%@1420,90%@1420,5%@1420,5%@1420,14%@1420,9%@1420] EMC_FREQ 0% GR3D_FREQ 0% AUX@43C CPU@44C thermal@43.15C AO@43C GPU@43C PMIC@50C
10-01-2026 11:17:22 RAM 3069/6833MB (lfb 169x4MB) SWAP 0/3417MB (cached 0MB) CPU [5%@1420,75%@1420,4%@1420,5%@1420,5%@1420,5%@1420] EMC_FREQ 0% GR3D_FREQ 0% AUX@43C CPU@44C thermal@43.15C AO@43C GPU@43C PMIC@50C
10-01-2026 11:17:22 RAM 3069/6833MB (lfb 169x4MB) SWAP 0/3417MB (cached 0MB) CPU [20%@1420,66%@1420,0%@1420,9%@1420,9%@1420,0%@1420] EMC_FREQ 0% GR3D_FREQ 0% AUX@43C CPU@44C thermal@43.15C AO@43C GPU@43C PMIC@50C
10-01-2026 11:17:23 RAM 3069/6833MB (lfb 169x4MB) SWAP 0/3417MB (cached 0MB) CPU [10%@1420,68%@1420,6%@1420,7%@1420,7%@1420,10%@1420] EMC_FREQ 0% GR3D_FREQ 0% AUX@43C CPU@43.5C thermal@43.15C AO@43C GPU@42.5C PMIC@50C
10-01-2026 11:17:23 RAM 3069/6833MB (lfb 169x4MB) SWAP 0/3417MB (cached 0MB) CPU [5%@1420,52%@1420,5%@1420,13%@1420,5%@1420,9%@1420] EMC_FREQ 0% GR3D_FREQ 2% AUX@43C CPU@43.5C thermal@43.15C AO@43C GPU@42.5C PMIC@50C
10-01-2026 11:17:23 RAM 3069/6833MB (lfb 169x4MB) SWAP 0/3417MB (cached 0MB) CPU [4%@1420,80%@1420,0%@1420,0%@1420,10%@1420,10%@1420] EMC_FREQ 0% GR3D_FREQ 28% AUX@43C CPU@44C thermal@43.15C AO@43C GPU@43C PMIC@50C
10-01-2026 11:17:23 RAM 3069/6833MB (lfb 169x4MB) SWAP 0/3417MB (cached 0MB) CPU [18%@1420,85%@1420,0%@1420,9%@1420,14%@1420,4%@1420] EMC_FREQ 0% GR3D_FREQ 20% AUX@43C CPU@44C thermal@43.15C AO@43C GPU@43C PMIC@50C
10-01-2026 11:17:23 RAM 3069/6833MB (lfb 169x4MB) SWAP 0/3417MB (cached 0MB) CPU [0%@1420,73%@1420,9%@1420,0%@1420,5%@1420,5%@1420] EMC_FREQ 0% GR3D_FREQ 7% AUX@43C CPU@44C thermal@43.15C AO@43C GPU@42.5C PMIC@50C
10-01-2026 11:17:24 RAM 3069/6833MB (lfb 169x4MB) SWAP 0/3417MB (cached 0MB) CPU [0%@1420,85%@1420,4%@1420,5%@1420,14%@1420,9%@1420] EMC_FREQ 0% GR3D_FREQ 0% AUX@43C CPU@44C thermal@43.15C AO@43C GPU@42.5C PMIC@50C
10-01-2026 11:17:24 RAM 3069/6833MB (lfb 169x4MB) SWAP 0/3417MB (cached 0MB) CPU [4%@1420,78%@1420,0%@1420,9%@1420,0%@1420,10%@1420] EMC_FREQ 0% GR3D_FREQ 29% AUX@43C CPU@44C thermal@43.15C AO@43C GPU@43C PMIC@50C
10-01-2026 11:17:24 RAM 3072/6833MB (lfb 169x4MB) SWAP 0/3417MB (cached 0MB) CPU [0%@1190,80%@1190,5%@1190,0%@1190,0%@1190,10%@1190] EMC_FREQ 0% GR3D_FREQ 31% AUX@43C CPU@43.5C thermal@43.15C AO@43C GPU@42.5C PMIC@50C
10-01-2026 11:17:24 RAM 3237/6833MB (lfb 140x4MB) SWAP 0/3417MB (cached 0MB) CPU [13%@1420,95%@1420,5%@1420,5%@1420,5%@1420,14%@1420] EMC_FREQ 0% GR3D_FREQ 0% AUX@43C CPU@43.5C thermal@43.15C AO@43C GPU@42.5C PMIC@50C
10-01-2026 11:17:24 RAM 3238/6833MB (lfb 140x4MB) SWAP 0/3417MB (cached 0MB) CPU [5%@1420,94%@1420,5%@1420,5%@1420,0%@1420,5%@1420] EMC_FREQ 0% GR3D_FREQ 0% AUX@43C CPU@44C thermal@43.15C AO@43C GPU@43C PMIC@50C
10-01-2026 11:17:25 RAM 3237/6833MB (lfb 140x4MB) SWAP 0/3417MB (cached 0MB) CPU [0%@1420,9%@1420,5%@1420,4%@1420,65%@1420,33%@1420] EMC_FREQ 0% GR3D_FREQ 0% AUX@43C CPU@44C thermal@43.15C AO@43C GPU@43C PMIC@50C
10-01-2026 11:17:25 RAM 3238/6833MB (lfb 140x4MB) SWAP 0/3417MB (cached 0MB) CPU [5%@1420,4%@1420,9%@1420,14%@1420,25%@1420,55%@1420] EMC_FREQ 0% GR3D_FREQ 78% AUX@43C CPU@44C thermal@43.15C AO@43C GPU@42.5C PMIC@50C
10-01-2026 11:17:25 RAM 3239/6833MB (lfb 139x4MB) SWAP 0/3417MB (cached 0MB) CPU [15%@1420,5%@1420,9%@1420,0%@1420,65%@1420,5%@1420] EMC_FREQ 0% GR3D_FREQ 0% AUX@43C CPU@44C thermal@43.15C AO@43C GPU@42.5C PMIC@50C
10-01-2026 11:17:25 RAM 3403/6833MB (lfb 108x4MB) SWAP 0/3417MB (cached 0MB) CPU [0%@1420,0%@1420,5%@1420,4%@1420,83%@1420,10%@1420] EMC_FREQ 0% GR3D_FREQ 0% AUX@43C CPU@44C thermal@43.15C AO@43C GPU@42.5C PMIC@50C
10-01-2026 11:17:25 RAM 3248/6833MB (lfb 136x4MB) SWAP 0/3417MB (cached 0MB) CPU [10%@1420,4%@1420,4%@1420,9%@1420,95%@1420,45%@1420] EMC_FREQ 0% GR3D_FREQ 0% AUX@43C CPU@44C thermal@43.15C AO@43C GPU@42.5C PMIC@50C
10-01-2026 11:17:26 RAM 3248/6833MB (lfb 136x4MB) SWAP 0/3417MB (cached 0MB) CPU [10%@1420,9%@1420,0%@1420,13%@1420,28%@1420,100%@1420] EMC_FREQ 0% GR3D_FREQ 0% AUX@43C CPU@44C thermal@43.15C AO@43C GPU@42.5C PMIC@50C
10-01-2026 11:17:26 RAM 3248/6833MB (lfb 136x4MB) SWAP 0/3417MB (cached 0MB) CPU [13%@1420,5%@1420,4%@1420,5%@1420,5%@1420,90%@1420] EMC_FREQ 0% GR3D_FREQ 0% AUX@43C CPU@44C thermal@43.15C AO@43C GPU@42.5C PMIC@50C
10-01-2026 11:17:26 RAM 3248/6833MB (lfb 136x4MB) SWAP 0/3417MB (cached 0MB) CPU [5%@1420,9%@1420,5%@1420,14%@1420,4%@1420,100%@1420] EMC_FREQ 0% GR3D_FREQ 0% AUX@43C CPU@44C thermal@43.15C AO@42.5C GPU@42.5C PMIC@50C
10-01-2026 11:17:26 RAM 3248/6833MB (lfb 136x4MB) SWAP 0/3417MB (cached 0MB) CPU [5%@1420,5%@1420,0%@1420,5%@1420,9%@1420,100%@1420] EMC_FREQ 0% GR3D_FREQ 0% AUX@43C CPU@44C thermal@43.15C AO@43C GPU@42.5C PMIC@50C
10-01-2026 11:17:26 RAM 3249/6833MB (lfb 136x4MB) SWAP 0/3417MB (cached 0MB) CPU [0%@1420,4%@1420,5%@1420,5%@1420,65%@1420,15%@1420] EMC_FREQ 0% GR3D_FREQ 0% AUX@43C CPU@44C thermal@43.15C AO@42.5C GPU@42.5C PMIC@50C
10-01-2026 11:17:27 RAM 3249/6833MB (lfb 136x4MB) SWAP 0/3417MB (cached 0MB) CPU [9%@1420,5%@1420,9%@1420,5%@1420,57%@1420,20%@1420] EMC_FREQ 0% GR3D_FREQ 0% AUX@43C CPU@43.5C thermal@43C AO@43C GPU@42.5C PMIC@50C
10-01-2026 11:17:27 RAM 3251/6833MB (lfb 136x4MB) SWAP 0/3417MB (cached 0MB) CPU [10%@1190,5%@1190,14%@1190,10%@1190,40%@1190,9%@1190] EMC_FREQ 0% GR3D_FREQ 0% AUX@43C CPU@44C thermal@43C AO@42.5C GPU@42.5C PMIC@50C
10-01-2026 11:17:27 RAM 3253/6833MB (lfb 136x4MB) SWAP 0/3417MB (cached 0MB) CPU [10%@1420,9%@1420,0%@1420,9%@1420,52%@1420,0%@1420] EMC_FREQ 0% GR3D_FREQ 0% AUX@43C CPU@44C thermal@43C AO@43C GPU@42.5C PMIC@50C
10-01-2026 11:17:27 RAM 3255/6833MB (lfb 136x4MB) SWAP 0/3417MB (cached 0MB) CPU [10%@1420,0%@1420,4%@1420,14%@1420,70%@1420,0%@1420] EMC_FREQ 0% GR3D_FREQ 0% AUX@43C CPU@44C thermal@43C AO@43C GPU@42.5C PMIC@50C
10-01-2026 11:17:27 RAM 3255/6833MB (lfb 136x4MB) SWAP 0/3417MB (cached 0MB) CPU [14%@1420,5%@1420,0%@1420,4%@1420,45%@1420,4%@1420] EMC_FREQ 0% GR3D_FREQ 0% AUX@43C CPU@43.5C thermal@43C AO@43C GPU@42.5C PMIC@50C
10-01-2026 11:17:28 RAM 3257/6833MB (lfb 136x4MB) SWAP 0/3417MB (cached 0MB) CPU [5%@1420,10%@1420,5%@1420,10%@1420,70%@1420,5%@1420] EMC_FREQ 0% GR3D_FREQ 0% AUX@43C CPU@43.5C thermal@43C AO@43C GPU@42.5C PMIC@50C
10-01-2026 11:17:28 RAM 3257/6833MB (lfb 136x4MB) SWAP 0/3417MB (cached 0MB) CPU [0%@1190,5%@1190,5%@1420,0%@1420,19%@1420,9%@1420] EMC_FREQ 0% GR3D_FREQ 0% AUX@43C CPU@44C thermal@43C AO@42.5C GPU@42.5C PMIC@50C
10-01-2026 11:17:28 RAM 3259/6833MB (lfb 136x4MB) SWAP 0/3417MB (cached 0MB) CPU [18%@1420,9%@1420,10%@1420,9%@1420,71%@1420,0%@1420] EMC_FREQ 0% GR3D_FREQ 0% AUX@43C CPU@44C thermal@43C AO@43C GPU@42.5C PMIC@50C
10-01-2026 11:17:28 RAM 3261/6833MB (lfb 136x4MB) SWAP 0/3417MB (cached 0MB) CPU [10%@1420,5%@1420,4%@1420,9%@1420,55%@1420,18%@1420] EMC_FREQ 0% GR3D_FREQ 0% AUX@43C CPU@44C thermal@43C AO@43C GPU@42.5C PMIC@50C
10-01-2026 11:17:28 RAM 3263/6833MB (lfb 136x4MB) SWAP 0/3417MB (cached 0MB) CPU [9%@1420,5%@1420,5%@1420,5%@1420,52%@1420,5%@1420] EMC_FREQ 0% GR3D_FREQ 0% AUX@43C CPU@43.5C thermal@43C AO@43C GPU@42.5C PMIC@50C
10-01-2026 11:17:29 RAM 3263/6833MB (lfb 136x4MB) SWAP 0/3417MB (cached 0MB) CPU [10%@1420,5%@1420,4%@1420,9%@1420,57%@1420,4%@1420] EMC_FREQ 0% GR3D_FREQ 0% AUX@43C CPU@43.5C thermal@43C AO@42.5C GPU@42.5C PMIC@50C
10-01-2026 11:17:29 RAM 3267/6833MB (lfb 136x4MB) SWAP 0/3417MB (cached 0MB) CPU [18%@1420,5%@1420,14%@1420,9%@1420,63%@1420,5%@1420] EMC_FREQ 0% GR3D_FREQ 0% AUX@43C CPU@44C thermal@43C AO@42.5C GPU@42.5C PMIC@50C
10-01-2026 11:17:29 RAM 3269/6833MB (lfb 136x4MB) SWAP 0/3417MB (cached 0MB) CPU [0%@1420,0%@1420,5%@1420,5%@1420,89%@1420,0%@1420] EMC_FREQ 0% GR3D_FREQ 0% AUX@42.5C CPU@44C thermal@43C AO@42.5C GPU@42.5C PMIC@50C
10-01-2026 11:17:29 RAM 3271/6833MB (lfb 136x4MB) SWAP 0/3417MB (cached 0MB) CPU [0%@1420,9%@1420,14%@1420,13%@1420,59%@1420,0%@1420] EMC_FREQ 0% GR3D_FREQ 0% AUX@43C CPU@44C thermal@43C AO@43C GPU@42.5C PMIC@50C
10-01-2026 11:17:29 RAM 3271/6833MB (lfb 136x4MB) SWAP 0/3417MB (cached 0MB) CPU [4%@1190,0%@1420,0%@1420,5%@1420,30%@1420,9%@1420] EMC_FREQ 0% GR3D_FREQ 4% AUX@42.5C CPU@43.5C thermal@43C AO@42.5C GPU@42.5C PMIC@50C
10-01-2026 11:17:30 RAM 3271/6833MB (lfb 136x4MB) SWAP 0/3417MB (cached 0MB) CPU [9%@1190,9%@1190,9%@1190,5%@1190,10%@1420,5%@1420] EMC_FREQ 0% GR3D_FREQ 0% AUX@43C CPU@43.5C thermal@43C AO@42.5C GPU@42.5C PMIC@50C
10-01-2026 11:17:30 RAM 3276/6833MB (lfb 135x4MB) SWAP 0/3417MB (cached 0MB) CPU [0%@1420,9%@1420,5%@1420,5%@1420,71%@1420,14%@1420] EMC_FREQ 0% GR3D_FREQ 0% AUX@43C CPU@44C thermal@43C AO@42.5C GPU@43C PMIC@50C
10-01-2026 11:17:30 RAM 3276/6833MB (lfb 135x4MB) SWAP 0/3417MB (cached 0MB) CPU [5%@1190,0%@1190,5%@1190,10%@1190,26%@1190,5%@1190] EMC_FREQ 0% GR3D_FREQ 0% AUX@42.5C CPU@43.5C thermal@43C AO@43C GPU@42.5C PMIC@50C
10-01-2026 11:17:30 RAM 3280/6833MB (lfb 134x4MB) SWAP 0/3417MB (cached 0MB) CPU [18%@1190,5%@1420,5%@1420,9%@1420,20%@1420,0%@1420] EMC_FREQ 0% GR3D_FREQ 0% AUX@43C CPU@43.5C thermal@43C AO@43C GPU@42.5C PMIC@50C
10-01-2026 11:17:31 RAM 3284/6833MB (lfb 133x4MB) SWAP 0/3417MB (cached 0MB) CPU [0%@1420,5%@1420,9%@1420,9%@1420,76%@1420,9%@1420] EMC_FREQ 0% GR3D_FREQ 0% AUX@42.5C CPU@43.5C thermal@43C AO@42.5C GPU@42.5C PMIC@50C
10-01-2026 11:17:31 RAM 3290/6833MB (lfb 131x4MB) SWAP 0/3417MB (cached 0MB) CPU [0%@1420,5%@1420,5%@1420,5%@1420,72%@1420,0%@1420] EMC_FREQ 0% GR3D_FREQ 0% AUX@43C CPU@43.5C thermal@43C AO@42.5C GPU@42.5C PMIC@50C
10-01-2026 11:17:31 RAM 3290/6833MB (lfb 131x4MB) SWAP 0/3417MB (cached 0MB) CPU [13%@1420,5%@1420,9%@1420,19%@1420,33%@1420,5%@1420] EMC_FREQ 0% GR3D_FREQ 0% AUX@43C CPU@43.5C thermal@43C AO@42.5C GPU@42.5C PMIC@50C
10-01-2026 11:17:31 RAM 3291/6833MB (lfb 131x4MB) SWAP 0/3417MB (cached 0MB) CPU [0%@1420,5%@1420,14%@1420,0%@1420,15%@1420,5%@1420] EMC_FREQ 0% GR3D_FREQ 0% AUX@43C CPU@43.5C thermal@43C AO@42.5C GPU@42.5C PMIC@50C
10-01-2026 11:17:31 RAM 3293/6833MB (lfb 130x4MB) SWAP 0/3417MB (cached 0MB) CPU [5%@1420,0%@1420,10%@1420,13%@1420,36%@1420,13%@1420] EMC_FREQ 0% GR3D_FREQ 0% AUX@43C CPU@44C thermal@43C AO@43C GPU@42.5C PMIC@50C
10-01-2026 11:17:32 RAM 3295/6833MB (lfb 127x4MB) SWAP 0/3417MB (cached 0MB) CPU [5%@1420,5%@1420,10%@1420,0%@1420,45%@1420,15%@1420] EMC_FREQ 0% GR3D_FREQ 0% AUX@42.5C CPU@43.5C thermal@43C AO@42.5C GPU@42.5C PMIC@50C
10-01-2026 11:17:32 RAM 3297/6833MB (lfb 127x4MB) SWAP 0/3417MB (cached 0MB) CPU [9%@1420,13%@1420,4%@1420,5%@1420,75%@1420,5%@1420] EMC_FREQ 0% GR3D_FREQ 0% AUX@43C CPU@43.5C thermal@43C AO@42.5C GPU@42.5C PMIC@50C
10-01-2026 11:17:32 RAM 3301/6833MB (lfb 125x4MB) SWAP 0/3417MB (cached 0MB) CPU [5%@1420,0%@1420,10%@1420,5%@1420,80%@1420,4%@1420] EMC_FREQ 0% GR3D_FREQ 0% AUX@42.5C CPU@43.5C thermal@43C AO@42.5C GPU@42.5C PMIC@50C
10-01-2026 11:17:32 RAM 3303/6833MB (lfb 123x4MB) SWAP 0/3417MB (cached 0MB) CPU [13%@1420,0%@1420,5%@1420,9%@1420,75%@1420,0%@1420] EMC_FREQ 0% GR3D_FREQ 0% AUX@42.5C CPU@43.5C thermal@43C AO@42.5C GPU@42.5C PMIC@50C
10-01-2026 11:17:32 RAM 3303/6833MB (lfb 120x4MB) SWAP 0/3417MB (cached 0MB) CPU [14%@1420,5%@1420,9%@1420,10%@1420,10%@1420,4%@1420] EMC_FREQ 0% GR3D_FREQ 0% AUX@43C CPU@43.5C thermal@43C AO@42.5C GPU@42.5C PMIC@50C
10-01-2026 11:17:33 RAM 3307/6833MB (lfb 119x4MB) SWAP 0/3417MB (cached 0MB) CPU [5%@1420,4%@1420,10%@1420,5%@1420,85%@1420,0%@1420] EMC_FREQ 0% GR3D_FREQ 7% AUX@42.5C CPU@43.5C thermal@43C AO@42.5C GPU@42.5C PMIC@50C
10-01-2026 11:17:33 RAM 3309/6833MB (lfb 118x4MB) SWAP 0/3417MB (cached 0MB) CPU [0%@1420,0%@1420,10%@1420,5%@1420,76%@1420,4%@1420] EMC_FREQ 0% GR3D_FREQ 0% AUX@42.5C CPU@43.5C thermal@43C AO@42.5C GPU@42.5C PMIC@50C
10-01-2026 11:17:33 RAM 3311/6833MB (lfb 116x4MB) SWAP 0/3417MB (cached 0MB) CPU [5%@1420,5%@1420,13%@1420,17%@1420,0%@1420,75%@1420] EMC_FREQ 0% GR3D_FREQ 0% AUX@43C CPU@43.5C thermal@43C AO@42.5C GPU@42.5C PMIC@50C
10-01-2026 11:17:33 RAM 3312/6833MB (lfb 112x4MB) SWAP 0/3417MB (cached 0MB) CPU [5%@1190,9%@1420,10%@1420,0%@1420,14%@1420,10%@1420] EMC_FREQ 0% GR3D_FREQ 36% AUX@42.5C CPU@44C thermal@43C AO@42.5C GPU@42.5C PMIC@50C
10-01-2026 11:17:33 RAM 3314/6833MB (lfb 111x4MB) SWAP 0/3417MB (cached 0MB) CPU [5%@1420,0%@1420,10%@1420,14%@1420,70%@1420,4%@1420] EMC_FREQ 0% GR3D_FREQ 0% AUX@43C CPU@43.5C thermal@42.8C AO@42.5C GPU@42.5C PMIC@50C
10-01-2026 11:17:34 RAM 3314/6833MB (lfb 111x4MB) SWAP 0/3417MB (cached 0MB) CPU [0%@1420,4%@1420,5%@1420,0%@1420,76%@1420,9%@1420] EMC_FREQ 0% GR3D_FREQ 0% AUX@43C CPU@43.5C thermal@42.8C AO@42.5C GPU@42.5C PMIC@50C
10-01-2026 11:17:34 RAM 3318/6833MB (lfb 109x4MB) SWAP 0/3417MB (cached 0MB) CPU [5%@1420,9%@1420,9%@1420,5%@1420,80%@1420,14%@1420] EMC_FREQ 0% GR3D_FREQ 0% AUX@43C CPU@44C thermal@42.8C AO@42.5C GPU@42.5C PMIC@50C
10-01-2026 11:17:34 RAM 3320/6833MB (lfb 107x4MB) SWAP 0/3417MB (cached 0MB) CPU [9%@1420,9%@1420,9%@1420,0%@1420,80%@1420,9%@1420] EMC_FREQ 0% GR3D_FREQ 1% AUX@43C CPU@43.5C thermal@42.8C AO@42.5C GPU@42.5C PMIC@50C
10-01-2026 11:17:34 RAM 3322/6833MB (lfb 106x4MB) SWAP 0/3417MB (cached 0MB) CPU [10%@1420,4%@1420,0%@1420,5%@1420,68%@1420,10%@1420] EMC_FREQ 0% GR3D_FREQ 0% AUX@43C CPU@43.5C thermal@42.8C AO@42.5C GPU@42.5C PMIC@50C
10-01-2026 11:17:34 RAM 3324/6833MB (lfb 104x4MB) SWAP 0/3417MB (cached 0MB) CPU [9%@1420,10%@1420,9%@1420,13%@1420,70%@1420,0%@1420] EMC_FREQ 0% GR3D_FREQ 0% AUX@42.5C CPU@43.5C thermal@42.8C AO@42.5C GPU@42.5C PMIC@50C
10-01-2026 11:17:35 RAM 3326/6833MB (lfb 104x4MB) SWAP 0/3417MB (cached 0MB) CPU [0%@1420,0%@1420,5%@1420,5%@1420,66%@1420,9%@1420] EMC_FREQ 0% GR3D_FREQ 0% AUX@43C CPU@43.5C thermal@42.8C AO@42.5C GPU@42.5C PMIC@50C
10-01-2026 11:17:35 RAM 3328/6833MB (lfb 102x4MB) SWAP 0/3417MB (cached 0MB) CPU [9%@1420,0%@1420,14%@1420,17%@1420,94%@1420,0%@1420] EMC_FREQ 0% GR3D_FREQ 0% AUX@43C CPU@43.5C thermal@42.8C AO@42.5C GPU@42.5C PMIC@50C
10-01-2026 11:17:35 RAM 3330/6833MB (lfb 101x4MB) SWAP 0/3417MB (cached 0MB) CPU [5%@1420,5%@1420,10%@1420,5%@1420,52%@1420,5%@1420] EMC_FREQ 0% GR3D_FREQ 0% AUX@42.5C CPU@43.5C thermal@42.8C AO@42.5C GPU@42.5C PMIC@50C
10-01-2026 11:17:35 RAM 3330/6833MB (lfb 101x4MB) SWAP 0/3417MB (cached 0MB) CPU [0%@1420,9%@1420,10%@1420,5%@1420,90%@1420,0%@1420] EMC_FREQ 0% GR3D_FREQ 0% AUX@42.5C CPU@43.5C thermal@42.8C AO@42.5C GPU@42.5C PMIC@50C
10-01-2026 11:17:35 RAM 3332/6833MB (lfb 96x4MB) SWAP 0/3417MB (cached 0MB) CPU [15%@1420,5%@1420,10%@1420,14%@1420,70%@1420,0%@1420] EMC_FREQ 0% GR3D_FREQ 0% AUX@42.5C CPU@43.5C thermal@42.8C AO@42.5C GPU@42.5C PMIC@50C
10-01-2026 11:17:36 RAM 3338/6833MB (lfb 94x4MB) SWAP 0/3417MB (cached 0MB) CPU [5%@1420,13%@1420,5%@1420,10%@1420,68%@1420,4%@1420] EMC_FREQ 0% GR3D_FREQ 0% AUX@42.5C CPU@43.5C thermal@42.8C AO@42.5C GPU@42.5C PMIC@50C
10-01-2026 11:17:36 RAM 3341/6833MB (lfb 92x4MB) SWAP 0/3417MB (cached 0MB) CPU [5%@1420,9%@1420,4%@1420,4%@1420,76%@1420,0%@1420] EMC_FREQ 0% GR3D_FREQ 0% AUX@42.5C CPU@43.5C thermal@42.8C AO@42.5C GPU@42.5C PMIC@50C
10-01-2026 11:17:36 RAM 3342/6833MB (lfb 92x4MB) SWAP 0/3417MB (cached 0MB) CPU [5%@1420,0%@1420,5%@1420,10%@1420,94%@1420,4%@1420] EMC_FREQ 0% GR3D_FREQ 0% AUX@42.5C CPU@43.5C thermal@42.8C AO@42.5C GPU@42.5C PMIC@50C
10-01-2026 11:17:36 RAM 3347/6833MB (lfb 89x4MB) SWAP 0/3417MB (cached 0MB) CPU [10%@1420,0%@1420,4%@1420,10%@1420,61%@1420,10%@1420] EMC_FREQ 0% GR3D_FREQ 0% AUX@42.5C CPU@43.5C thermal@42.8C AO@42.5C GPU@42.5C PMIC@50C
10-01-2026 11:17:36 RAM 3347/6833MB (lfb 89x4MB) SWAP 0/3417MB (cached 0MB) CPU [5%@1190,22%@1190,4%@1190,10%@1190,36%@1190,5%@1190] EMC_FREQ 0% GR3D_FREQ 87% AUX@42.5C CPU@43.5C thermal@42.8C AO@42.5C GPU@42.5C PMIC@50C
10-01-2026 11:17:37 RAM 3347/6833MB (lfb 89x4MB) SWAP 0/3417MB (cached 0MB) CPU [10%@1420,10%@1420,0%@1420,10%@1420,75%@1420,0%@1420] EMC_FREQ 0% GR3D_FREQ 0% AUX@42.5C CPU@43.5C thermal@42.8C AO@42.5C GPU@42.5C PMIC@50C
10-01-2026 11:17:37 RAM 3351/6833MB (lfb 84x4MB) SWAP 0/3417MB (cached 0MB) CPU [9%@1190,9%@1190,0%@1190,14%@1190,10%@1190,0%@1190] EMC_FREQ 0% GR3D_FREQ 0% AUX@42.5C CPU@43.5C thermal@42.8C AO@42.5C GPU@42.5C PMIC@50C
10-01-2026 11:17:37 RAM 3351/6833MB (lfb 84x4MB) SWAP 0/3417MB (cached 0MB) CPU [9%@1420,10%@1420,5%@1420,9%@1420,95%@1420,9%@1420] EMC_FREQ 0% GR3D_FREQ 0% AUX@42.5C CPU@43.5C thermal@42.8C AO@42.5C GPU@42.5C PMIC@50C
10-01-2026 11:17:37 RAM 3351/6833MB (lfb 84x4MB) SWAP 0/3417MB (cached 0MB) CPU [0%@1420,0%@1420,0%@1420,5%@1420,100%@1420,0%@1420] EMC_FREQ 0% GR3D_FREQ 0% AUX@42.5C CPU@43.5C thermal@42.8C AO@42.5C GPU@42.5C PMIC@50C
10-01-2026 11:17:37 RAM 3351/6833MB (lfb 84x4MB) SWAP 0/3417MB (cached 0MB) CPU [18%@1420,10%@1420,5%@1420,0%@1420,95%@1420,4%@1420] EMC_FREQ 0% GR3D_FREQ 0% AUX@42.5C CPU@43.5C thermal@42.8C AO@42.5C GPU@42.5C PMIC@50C
10-01-2026 11:17:38 RAM 3351/6833MB (lfb 84x4MB) SWAP 0/3417MB (cached 0MB) CPU [10%@1420,9%@1420,0%@1420,0%@1420,100%@1420,5%@1420] EMC_FREQ 0% GR3D_FREQ 0% AUX@42.5C CPU@43.5C thermal@42.8C AO@42.5C GPU@42.5C PMIC@50C
10-01-2026 11:17:38 RAM 3351/6833MB (lfb 84x4MB) SWAP 0/3417MB (cached 0MB) CPU [15%@1420,0%@1420,9%@1420,0%@1420,100%@1420,0%@1420] EMC_FREQ 0% GR3D_FREQ 0% AUX@42.5C CPU@43.5C thermal@42.8C AO@42.5C GPU@42.5C PMIC@50C
10-01-2026 11:17:38 RAM 3351/6833MB (lfb 84x4MB) SWAP 0/3417MB (cached 0MB) CPU [42%@1420,11%@1420,5%@1420,2%@1420,100%@1420,11%@1420] EMC_FREQ 0% GR3D_FREQ 0% AUX@42.5C CPU@43.5C thermal@42.8C AO@42.5C GPU@42.5C PMIC@50C
10-01-2026 11:17:38 RAM 3351/6833MB (lfb 84x4MB) SWAP 0/3417MB (cached 0MB) CPU [18%@1420,0%@1420,0%@1420,0%@1420,100%@1420,9%@1420] EMC_FREQ 0% GR3D_FREQ 0% AUX@42.5C CPU@43.5C thermal@42.8C AO@42.5C GPU@42.5C PMIC@50C
10-01-2026 11:17:39 RAM 3351/6833MB (lfb 84x4MB) SWAP 0/3417MB (cached 0MB) CPU [10%@1420,10%@1420,9%@1420,9%@1420,100%@1420,0%@1420] EMC_FREQ 0% GR3D_FREQ 0% AUX@42.5C CPU@43.5C thermal@42.8C AO@42.5C GPU@42.5C PMIC@50C
10-01-2026 11:17:39 RAM 3351/6833MB (lfb 84x4MB) SWAP 0/3417MB (cached 0MB) CPU [5%@1420,5%@1420,5%@1420,9%@1420,100%@1420,0%@1420] EMC_FREQ 0% GR3D_FREQ 0% AUX@42.5C CPU@44C thermal@42.8C AO@42.5C GPU@42.5C PMIC@50C
10-01-2026 11:17:39 RAM 3351/6833MB (lfb 84x4MB) SWAP 0/3417MB (cached 0MB) CPU [10%@1420,5%@1420,9%@1420,13%@1420,100%@1420,0%@1420] EMC_FREQ 0% GR3D_FREQ 0% AUX@42.5C CPU@44C thermal@42.95C AO@42.5C GPU@42.5C PMIC@50C
10-01-2026 11:17:39 RAM 3351/6833MB (lfb 84x4MB) SWAP 0/3417MB (cached 0MB) CPU [9%@1420,0%@1420,10%@1420,5%@1420,100%@1420,4%@1420] EMC_FREQ 0% GR3D_FREQ 0% AUX@42.5C CPU@43.5C thermal@42.95C AO@42.5C GPU@42.5C PMIC@50C
10-01-2026 11:17:39 RAM 3351/6833MB (lfb 84x4MB) SWAP 0/3417MB (cached 0MB) CPU [9%@1420,13%@1420,9%@1420,9%@1420,100%@1420,0%@1420] EMC_FREQ 0% GR3D_FREQ 0% AUX@42.5C CPU@43.5C thermal@42.95C AO@42.5C GPU@42.5C PMIC@50C
10-01-2026 11:17:40 RAM 3351/6833MB (lfb 82x4MB) SWAP 0/3417MB (cached 0MB) CPU [10%@1190,5%@1190,10%@1190,5%@1190,47%@1190,10%@1190] EMC_FREQ 0% GR3D_FREQ 0% AUX@42.5C CPU@43.5C thermal@42.95C AO@42.5C GPU@42.5C PMIC@50C
10-01-2026 11:17:40 RAM 3351/6833MB (lfb 81x4MB) SWAP 0/3417MB (cached 0MB) CPU [19%@1420,11%@1420,31%@1420,57%@1420,0%@1420,0%@1420] EMC_FREQ 0% GR3D_FREQ 0% AUX@42.5C CPU@43.5C thermal@42.95C AO@42.5C GPU@42.5C PMIC@50C
10-01-2026 11:17:40 RAM 3351/6833MB (lfb 81x4MB) SWAP 0/3417MB (cached 0MB) CPU [10%@1190,9%@1190,15%@1190,35%@1420,0%@1420,5%@1420] EMC_FREQ 0% GR3D_FREQ 99% AUX@42.5C CPU@43.5C thermal@42.95C AO@42.5C GPU@42.5C PMIC@50C
10-01-2026 11:17:40 RAM 3350/6833MB (lfb 81x4MB) SWAP 0/3417MB (cached 0MB) CPU [0%@1420,5%@1420,10%@1420,21%@1420,0%@1420,0%@1420] EMC_FREQ 0% GR3D_FREQ 0% AUX@42.5C CPU@43.5C thermal@43.1C AO@42.5C GPU@43.5C PMIC@50C
10-01-2026 11:17:40 RAM 3351/6833MB (lfb 79x4MB) SWAP 0/3417MB (cached 0MB) CPU [9%@1190,13%@1420,11%@1420,52%@1420,4%@1420,5%@1420] EMC_FREQ 0% GR3D_FREQ 0% AUX@42.5C CPU@43.5C thermal@43.1C AO@42.5C GPU@42.5C PMIC@50C
10-01-2026 11:17:41 RAM 3353/6833MB (lfb 75x4MB) SWAP 0/3417MB (cached 0MB) CPU [14%@1190,10%@1190,9%@1190,14%@1190,5%@1420,5%@1420] EMC_FREQ 0% GR3D_FREQ 1% AUX@42.5C CPU@43.5C thermal@43.1C AO@42.5C GPU@42.5C PMIC@50C
10-01-2026 11:17:41 RAM 3355/6833MB (lfb 72x4MB) SWAP 0/3417MB (cached 0MB) CPU [5%@1344,31%@1344,9%@1344,5%@1344,5%@1344,10%@1344] EMC_FREQ 0% GR3D_FREQ 0% AUX@42.5C CPU@43.5C thermal@43.1C AO@42.5C GPU@42.5C PMIC@50C
10-01-2026 11:17:41 RAM 3355/6833MB (lfb 71x4MB) SWAP 0/3417MB (cached 0MB) CPU [5%@1420,60%@1420,0%@1420,10%@1420,13%@1420,9%@1420] EMC_FREQ 0% GR3D_FREQ 0% AUX@42.5C CPU@43.5C thermal@43.1C AO@42.5C GPU@42.5C PMIC@50C
10-01-2026 11:17:41 RAM 3357/6833MB (lfb 66x4MB) SWAP 0/3417MB (cached 0MB) CPU [5%@1190,16%@1190,0%@1190,0%@1420,5%@1420,9%@1420] EMC_FREQ 0% GR3D_FREQ 0% AUX@42.5C CPU@43.5C thermal@42.8C AO@42.5C GPU@42.5C PMIC@50C
10-01-2026 11:17:41 RAM 3359/6833MB (lfb 65x4MB) SWAP 0/3417MB (cached 0MB) CPU [5%@1420,72%@1420,4%@1420,17%@1420,9%@1420,9%@1420] EMC_FREQ 0% GR3D_FREQ 0% AUX@42.5C CPU@43.5C thermal@42.8C AO@42.5C GPU@42.5C PMIC@50C
10-01-2026 11:17:42 RAM 3358/6833MB (lfb 62x4MB) SWAP 0/3417MB (cached 0MB) CPU [5%@1420,11%@1420,4%@1420,10%@1420,10%@1420,13%@1420] EMC_FREQ 0% GR3D_FREQ 0% AUX@42.5C CPU@43.5C thermal@42.8C AO@42.5C GPU@42.5C PMIC@50C
10-01-2026 11:17:42 RAM 3363/6833MB (lfb 60x4MB) SWAP 0/3417MB (cached 0MB) CPU [4%@1420,77%@1420,5%@1420,5%@1420,0%@1420,5%@1420] EMC_FREQ 0% GR3D_FREQ 0% AUX@42.5C CPU@43.5C thermal@42.8C AO@42.5C GPU@42.5C PMIC@50C
10-01-2026 11:17:42 RAM 3363/6833MB (lfb 58x4MB) SWAP 0/3417MB (cached 0MB) CPU [10%@1420,25%@1420,4%@1420,14%@1420,5%@1420,9%@1420] EMC_FREQ 0% GR3D_FREQ 0% AUX@42.5C CPU@43.5C thermal@42.8C AO@42.5C GPU@42.5C PMIC@50C
10-01-2026 11:17:42 RAM 3367/6833MB (lfb 56x4MB) SWAP 0/3417MB (cached 0MB) CPU [5%@1344,76%@1344,5%@1344,5%@1344,9%@1344,0%@1344] EMC_FREQ 0% GR3D_FREQ 5% AUX@43C CPU@43.5C thermal@42.8C AO@42.5C GPU@42.5C PMIC@50C
10-01-2026 11:17:42 RAM 3373/6833MB (lfb 53x4MB) SWAP 0/3417MB (cached 0MB) CPU [5%@1420,78%@1420,5%@1420,9%@1420,5%@1420,9%@1420] EMC_FREQ 0% GR3D_FREQ 0% AUX@42.5C CPU@43.5C thermal@42.8C AO@42.5C GPU@42.5C PMIC@50C
10-01-2026 11:17:43 RAM 3373/6833MB (lfb 52x4MB) SWAP 0/3417MB (cached 0MB) CPU [5%@1420,77%@1420,0%@1420,0%@1420,9%@1420,0%@1420] EMC_FREQ 0% GR3D_FREQ 0% AUX@43C CPU@43.5C thermal@42.8C AO@42.5C GPU@42.5C PMIC@50C
10-01-2026 11:17:43 RAM 3375/6833MB (lfb 49x4MB) SWAP 0/3417MB (cached 0MB) CPU [5%@1420,20%@1420,13%@1420,5%@1420,5%@1420,5%@1420] EMC_FREQ 0% GR3D_FREQ 0% AUX@42.5C CPU@43.5C thermal@42.8C AO@42.5C GPU@42.5C PMIC@50C
10-01-2026 11:17:43 RAM 3379/6833MB (lfb 48x4MB) SWAP 0/3417MB (cached 0MB) CPU [9%@1420,75%@1420,0%@1420,13%@1420,9%@1420,0%@1420] EMC_FREQ 0% GR3D_FREQ 0% AUX@42.5C CPU@43.5C thermal@42.8C AO@42.5C GPU@42.5C PMIC@50C
10-01-2026 11:17:43 RAM 3380/6833MB (lfb 46x4MB) SWAP 0/3417MB (cached 0MB) CPU [5%@1420,70%@1420,10%@1420,0%@1420,0%@1420,15%@1420] EMC_FREQ 0% GR3D_FREQ 0% AUX@42.5C CPU@43.5C thermal@42.8C AO@42.5C GPU@42.5C PMIC@50C
10-01-2026 11:17:43 RAM 3383/6833MB (lfb 44x4MB) SWAP 0/3417MB (cached 0MB) CPU [0%@1420,75%@1420,0%@1420,9%@1420,5%@1420,4%@1420] EMC_FREQ 0% GR3D_FREQ 0% AUX@42.5C CPU@43.5C thermal@42.8C AO@42.5C GPU@42.5C PMIC@50C
10-01-2026 11:17:44 RAM 3389/6833MB (lfb 43x4MB) SWAP 0/3417MB (cached 0MB) CPU [4%@1420,90%@1420,5%@1420,14%@1420,9%@1420,5%@1420] EMC_FREQ 0% GR3D_FREQ 0% AUX@43C CPU@43.5C thermal@42.8C AO@42.5C GPU@42.5C PMIC@50C
10-01-2026 11:17:44 RAM 3393/6833MB (lfb 41x4MB) SWAP 0/3417MB (cached 0MB) CPU [13%@1420,80%@1420,0%@1420,9%@1420,5%@1420,0%@1420] EMC_FREQ 0% GR3D_FREQ 0% AUX@42.5C CPU@43.5C thermal@42.8C AO@42.5C GPU@43C PMIC@50C
10-01-2026 11:17:44 RAM 3396/6833MB (lfb 40x4MB) SWAP 0/3417MB (cached 0MB) CPU [4%@1420,78%@1420,0%@1420,4%@1420,10%@1420,18%@1420] EMC_FREQ 0% GR3D_FREQ 0% AUX@43C CPU@43.5C thermal@42.8C AO@42.5C GPU@42.5C PMIC@50C
10-01-2026 11:17:44 RAM 3405/6833MB (lfb 36x4MB) SWAP 0/3417MB (cached 0MB) CPU [5%@1420,70%@1420,9%@1420,5%@1420,10%@1420,0%@1420] EMC_FREQ 0% GR3D_FREQ 0% AUX@43C CPU@43.5C thermal@42.8C AO@43C GPU@42.5C PMIC@50C
10-01-2026 11:17:45 RAM 3411/6833MB (lfb 34x4MB) SWAP 0/3417MB (cached 0MB) CPU [5%@1420,59%@1420,4%@1420,5%@1420,10%@1420,5%@1420] EMC_FREQ 0% GR3D_FREQ 0% AUX@43C CPU@44C thermal@42.8C AO@42.5C GPU@42.5C PMIC@50C
10-01-2026 11:17:45 RAM 3415/6833MB (lfb 32x4MB) SWAP 0/3417MB (cached 0MB) CPU [9%@1420,80%@1420,5%@1420,9%@1420,9%@1420,13%@1420] EMC_FREQ 0% GR3D_FREQ 0% AUX@43C CPU@43.5C thermal@43C AO@42.5C GPU@42.5C PMIC@50C
10-01-2026 11:17:45 RAM 3417/6833MB (lfb 31x4MB) SWAP 0/3417MB (cached 0MB) CPU [10%@1420,80%@1420,0%@1420,9%@1420,10%@1420,0%@1420] EMC_FREQ 0% GR3D_FREQ 0% AUX@43C CPU@44C thermal@43C AO@43C GPU@43C PMIC@50C
10-01-2026 11:17:45 RAM 3419/6833MB (lfb 29x4MB) SWAP 0/3417MB (cached 0MB) CPU [5%@1420,85%@1420,9%@1420,0%@1420,5%@1420,5%@1420] EMC_FREQ 0% GR3D_FREQ 0% AUX@43C CPU@43.5C thermal@43C AO@43C GPU@42.5C PMIC@50C
10-01-2026 11:17:45 RAM 3428/6833MB (lfb 27x4MB) SWAP 0/3417MB (cached 0MB) CPU [0%@1420,84%@1420,10%@1420,5%@1420,5%@1420,0%@1420] EMC_FREQ 0% GR3D_FREQ 0% AUX@43C CPU@43.5C thermal@43C AO@42.5C GPU@42.5C PMIC@50C
10-01-2026 11:17:46 RAM 3432/6833MB (lfb 25x4MB) SWAP 0/3417MB (cached 0MB) CPU [13%@1190,40%@1190,5%@1190,14%@1190,0%@1420,5%@1420] EMC_FREQ 0% GR3D_FREQ 0% AUX@43C CPU@43.5C thermal@43C AO@43C GPU@42.5C PMIC@50C
10-01-2026 11:17:46 RAM 3447/6833MB (lfb 20x4MB) SWAP 0/3417MB (cached 0MB) CPU [4%@1420,85%@1420,9%@1420,19%@1420,13%@1420,5%@1420] EMC_FREQ 0% GR3D_FREQ 0% AUX@43C CPU@44C thermal@43.15C AO@43C GPU@42.5C PMIC@50C
10-01-2026 11:17:46 RAM 3452/6833MB (lfb 16x4MB) SWAP 0/3417MB (cached 0MB) CPU [5%@1420,47%@1420,0%@1420,5%@1420,5%@1420,9%@1420] EMC_FREQ 0% GR3D_FREQ 8% AUX@43C CPU@44C thermal@43.15C AO@42.5C GPU@43C PMIC@50C
10-01-2026 11:17:46 RAM 3453/6833MB (lfb 16x4MB) SWAP 0/3417MB (cached 0MB) CPU [14%@1190,65%@1190,0%@1190,10%@1190,9%@1190,5%@1190] EMC_FREQ 0% GR3D_FREQ 0% AUX@43C CPU@43.5C thermal@43.15C AO@42.5C GPU@42.5C PMIC@50C
10-01-2026 11:17:46 RAM 3456/6833MB (lfb 15x4MB) SWAP 0/3417MB (cached 0MB) CPU [20%@1190,77%@1190,9%@1190,10%@1190,0%@1190,5%@1190] EMC_FREQ 0% GR3D_FREQ 30% AUX@43C CPU@44C thermal@43.15C AO@43C GPU@43C PMIC@50C
10-01-2026 11:17:47 RAM 3461/6833MB (lfb 15x4MB) SWAP 0/3417MB (cached 0MB) CPU [57%@1420,33%@1420,10%@1420,15%@1420,9%@1420,9%@1420] EMC_FREQ 0% GR3D_FREQ 0% AUX@43C CPU@44C thermal@43.15C AO@43C GPU@43C PMIC@50C
10-01-2026 11:17:47 RAM 3466/6833MB (lfb 14x4MB) SWAP 0/3417MB (cached 0MB) CPU [0%@1420,85%@1420,9%@1420,18%@1420,5%@1420,10%@1420] EMC_FREQ 0% GR3D_FREQ 0% AUX@43C CPU@44C thermal@43.15C AO@43C GPU@43C PMIC@50C
10-01-2026 11:17:47 RAM 3477/6833MB (lfb 12x4MB) SWAP 0/3417MB (cached 0MB) CPU [5%@1420,94%@1420,0%@1420,0%@1420,0%@1420,4%@1420] EMC_FREQ 0% GR3D_FREQ 0% AUX@43C CPU@44C thermal@43.3C AO@43C GPU@43C PMIC@50C
10-01-2026 11:17:47 RAM 3477/6833MB (lfb 12x4MB) SWAP 0/3417MB (cached 0MB) CPU [21%@1190,36%@1190,13%@1420,0%@1420,9%@1420,19%@1420] EMC_FREQ 0% GR3D_FREQ 6% AUX@43C CPU@44C thermal@43.3C AO@43C GPU@43C PMIC@50C
10-01-2026 11:17:47 RAM 3480/6833MB (lfb 12x4MB) SWAP 0/3417MB (cached 0MB) CPU [4%@1420,70%@1420,5%@1420,19%@1420,15%@1420,5%@1420] EMC_FREQ 0% GR3D_FREQ 0% AUX@43C CPU@44C thermal@43.3C AO@43C GPU@43C PMIC@50C
10-01-2026 11:17:48 RAM 3479/6833MB (lfb 12x4MB) SWAP 0/3417MB (cached 0MB) CPU [5%@1190,15%@1190,9%@1190,10%@1190,13%@1190,4%@1190] EMC_FREQ 0% GR3D_FREQ 0% AUX@43C CPU@44C thermal@43.3C AO@42.5C GPU@43C PMIC@50C
10-01-2026 11:17:48 RAM 3489/6833MB (lfb 12x4MB) SWAP 0/3417MB (cached 0MB) CPU [5%@1267,4%@1267,19%@1267,13%@1267,5%@1267,52%@1267] EMC_FREQ 0% GR3D_FREQ 0% AUX@43C CPU@44C thermal@43.3C AO@43C GPU@42.5C PMIC@50C
10-01-2026 11:17:48 RAM 3498/6833MB (lfb 11x4MB) SWAP 0/3417MB (cached 0MB) CPU [5%@1420,0%@1420,10%@1420,5%@1420,80%@1420,15%@1420] EMC_FREQ 0% GR3D_FREQ 0% AUX@43C CPU@44C thermal@43.3C AO@43C GPU@43C PMIC@50C
10-01-2026 11:17:48 RAM 3505/6833MB (lfb 11x4MB) SWAP 0/3417MB (cached 0MB) CPU [15%@1420,4%@1420,5%@1420,9%@1420,66%@1420,5%@1420] EMC_FREQ 0% GR3D_FREQ 0% AUX@43C CPU@44C thermal@43.3C AO@43C GPU@43C PMIC@50C
10-01-2026 11:17:48 RAM 3510/6833MB (lfb 11x4MB) SWAP 0/3417MB (cached 0MB) CPU [5%@1420,0%@1420,14%@1420,19%@1420,66%@1420,5%@1420] EMC_FREQ 0% GR3D_FREQ 0% AUX@43C CPU@44C thermal@43.3C AO@43C GPU@43C PMIC@50C
10-01-2026 11:17:49 RAM 3511/6833MB (lfb 11x4MB) SWAP 0/3417MB (cached 0MB) CPU [13%@1420,5%@1420,4%@1420,10%@1420,40%@1420,4%@1420] EMC_FREQ 0% GR3D_FREQ 0% AUX@43C CPU@44C thermal@43.3C AO@43C GPU@43C PMIC@50C
10-01-2026 11:17:49 RAM 3533/6833MB (lfb 6x4MB) SWAP 0/3417MB (cached 0MB) CPU [5%@1420,0%@1420,5%@1420,22%@1420,38%@1420,0%@1420] EMC_FREQ 0% GR3D_FREQ 0% AUX@43C CPU@44C thermal@43.3C AO@43C GPU@43C PMIC@50C
10-01-2026 11:17:49 RAM 3548/6833MB (lfb 6x4MB) SWAP 0/3417MB (cached 0MB) CPU [10%@1420,14%@1420,5%@1420,21%@1420,100%@1420,5%@1420] EMC_FREQ 0% GR3D_FREQ 0% AUX@43C CPU@44C thermal@43.3C AO@43C GPU@43C PMIC@50C
10-01-2026 11:17:49 RAM 3550/6833MB (lfb 6x4MB) SWAP 0/3417MB (cached 0MB) CPU [10%@1420,4%@1420,4%@1420,4%@1420,23%@1420,4%@1420] EMC_FREQ 0% GR3D_FREQ 0% AUX@43C CPU@44.5C thermal@43.3C AO@43C GPU@43C PMIC@50C
10-01-2026 11:17:49 RAM 3562/6833MB (lfb 5x4MB) SWAP 0/3417MB (cached 0MB) CPU [18%@1420,10%@1420,5%@1420,25%@1420,65%@1420,14%@1420] EMC_FREQ 0% GR3D_FREQ 0% AUX@43.5C CPU@44.5C thermal@43.3C AO@43C GPU@43C PMIC@50C
10-01-2026 11:17:50 RAM 3564/6833MB (lfb 5x4MB) SWAP 0/3417MB (cached 0MB) CPU [0%@1420,5%@1420,5%@1420,4%@1420,90%@1420,9%@1420] EMC_FREQ 0% GR3D_FREQ 0% AUX@43C CPU@44C thermal@43.3C AO@43C GPU@43C PMIC@50C
10-01-2026 11:17:50 RAM 3564/6833MB (lfb 5x4MB) SWAP 0/3417MB (cached 0MB) CPU [5%@1190,5%@1190,9%@1420,5%@1420,33%@1420,5%@1420] EMC_FREQ 0% GR3D_FREQ 0% AUX@43.5C CPU@44.5C thermal@43.3C AO@43C GPU@43C PMIC@50C
10-01-2026 11:17:50 RAM 3595/6833MB (lfb 4x4MB) SWAP 0/3417MB (cached 0MB) CPU [10%@1420,10%@1420,10%@1420,10%@1420,0%@1420,65%@1420] EMC_FREQ 0% GR3D_FREQ 0% AUX@43C CPU@44.5C thermal@43.3C AO@43C GPU@43.5C PMIC@50C
10-01-2026 11:17:50 RAM 3610/6833MB (lfb 4x4MB) SWAP 0/3417MB (cached 0MB) CPU [14%@1420,14%@1420,5%@1420,20%@1420,0%@1420,95%@1420] EMC_FREQ 0% GR3D_FREQ 0% AUX@43C CPU@44C thermal@43.65C AO@43C GPU@43C PMIC@50C
10-01-2026 11:17:50 RAM 3623/6833MB (lfb 4x4MB) SWAP 0/3417MB (cached 0MB) CPU [10%@1420,10%@1420,13%@1420,0%@1420,0%@1420,94%@1420] EMC_FREQ 0% GR3D_FREQ 0% AUX@43C CPU@44.5C thermal@43.65C AO@43.5C GPU@43.5C PMIC@50C
10-01-2026 11:17:51 RAM 3625/6833MB (lfb 4x4MB) SWAP 0/3417MB (cached 0MB) CPU [10%@1190,9%@1190,9%@1420,9%@1420,14%@1420,10%@1420] EMC_FREQ 0% GR3D_FREQ 0% AUX@43.5C CPU@44.5C thermal@43.65C AO@43.5C GPU@43.5C PMIC@50C
10-01-2026 11:17:51 RAM 3626/6833MB (lfb 4x4MB) SWAP 0/3417MB (cached 0MB) CPU [5%@1190,9%@1190,5%@1190,14%@1420,4%@1420,15%@1420] EMC_FREQ 0% GR3D_FREQ 0% AUX@43.5C CPU@44C thermal@43.65C AO@43.5C GPU@43C PMIC@50C
10-01-2026 11:17:51 RAM 3626/6833MB (lfb 4x4MB) SWAP 0/3417MB (cached 0MB) CPU [14%@1190,10%@1190,9%@1190,17%@1190,5%@1190,9%@1190] EMC_FREQ 0% GR3D_FREQ 0% AUX@43.5C CPU@44.5C thermal@43.65C AO@43.5C GPU@43C PMIC@50C
10-01-2026 11:17:51 RAM 3626/6833MB (lfb 4x4MB) SWAP 0/3417MB (cached 0MB) CPU [4%@1420,52%@1420,10%@1420,5%@1420,0%@1420,9%@1420] EMC_FREQ 0% GR3D_FREQ 0% AUX@43.5C CPU@44.5C thermal@43.65C AO@43.5C GPU@43.5C PMIC@50C
10-01-2026 11:17:51 RAM 3627/6833MB (lfb 4x4MB) SWAP 0/3417MB (cached 0MB) CPU [14%@1190,40%@1420,10%@1420,0%@1420,0%@1420,0%@1420] EMC_FREQ 0% GR3D_FREQ 0% AUX@43.5C CPU@44C thermal@43.65C AO@43.5C GPU@43C PMIC@50C
10-01-2026 11:17:52 RAM 3627/6833MB (lfb 4x4MB) SWAP 0/3417MB (cached 0MB) CPU [5%@1190,9%@1190,10%@1420,5%@1420,18%@1420,5%@1420] EMC_FREQ 0% GR3D_FREQ 0% AUX@43C CPU@44.5C thermal@43.65C AO@43.5C GPU@43C PMIC@50C
10-01-2026 11:17:52 RAM 3628/6833MB (lfb 4x4MB) SWAP 0/3417MB (cached 0MB) CPU [5%@1190,20%@1190,5%@1190,0%@1190,10%@1190,10%@1420] EMC_FREQ 0% GR3D_FREQ 0% AUX@43.5C CPU@44C thermal@43.65C AO@43.5C GPU@43C PMIC@50C
10-01-2026 11:17:52 RAM 3629/6833MB (lfb 4x4MB) SWAP 0/3417MB (cached 0MB) CPU [10%@1190,26%@1190,9%@1190,0%@1190,0%@1190,0%@1190] EMC_FREQ 0% GR3D_FREQ 0% AUX@43.5C CPU@44C thermal@43.65C AO@43.5C GPU@43C PMIC@50C
10-01-2026 11:17:52 RAM 3630/6833MB (lfb 4x4MB) SWAP 0/3417MB (cached 0MB) CPU [13%@1420,14%@1420,5%@1420,5%@1420,52%@1420,10%@1420] EMC_FREQ 0% GR3D_FREQ 0% AUX@43.5C CPU@44.5C thermal@43.65C AO@43.5C GPU@43.5C PMIC@50C
10-01-2026 11:17:52 RAM 3632/6833MB (lfb 4x4MB) SWAP 0/3417MB (cached 0MB) CPU [63%@1420,10%@1420,5%@1420,5%@1420,90%@1420,10%@1420] EMC_FREQ 0% GR3D_FREQ 0% AUX@43.5C CPU@44.5C thermal@43.8C AO@43C GPU@43.5C PMIC@50C
10-01-2026 11:17:53 RAM 3632/6833MB (lfb 4x4MB) SWAP 0/3417MB (cached 0MB) CPU [9%@1190,10%@1190,15%@1190,9%@1190,0%@1190,10%@1190] EMC_FREQ 0% GR3D_FREQ 7% AUX@43.5C CPU@44.5C thermal@43.8C AO@43.5C GPU@43.5C PMIC@50C
10-01-2026 11:17:53 RAM 3632/6833MB (lfb 4x4MB) SWAP 0/3417MB (cached 0MB) CPU [10%@1420,9%@1420,0%@1420,14%@1420,21%@1420,0%@1420] EMC_FREQ 0% GR3D_FREQ 0% AUX@43.5C CPU@44.5C thermal@43.8C AO@43.5C GPU@43C PMIC@50C
10-01-2026 11:17:53 RAM 3634/6833MB (lfb 4x4MB) SWAP 0/3417MB (cached 0MB) CPU [9%@1267,0%@1267,0%@1267,71%@1267,5%@1267,5%@1267] EMC_FREQ 0% GR3D_FREQ 0% AUX@43.5C CPU@44.5C thermal@43.8C AO@43.5C GPU@43.5C PMIC@50C
10-01-2026 11:17:53 RAM 3634/6833MB (lfb 4x4MB) SWAP 0/3417MB (cached 0MB) CPU [15%@1190,5%@1190,5%@1190,5%@1190,19%@1190,19%@1190] EMC_FREQ 0% GR3D_FREQ 0% AUX@43.5C CPU@44.5C thermal@43.8C AO@43.5C GPU@43.5C PMIC@50C
10-01-2026 11:17:53 RAM 3634/6833MB (lfb 4x4MB) SWAP 0/3417MB (cached 0MB) CPU [5%@1420,9%@1420,4%@1420,10%@1420,9%@1420,10%@1420] EMC_FREQ 0% GR3D_FREQ 6% AUX@43.5C CPU@44.5C thermal@43.8C AO@43.5C GPU@43.5C PMIC@50C
10-01-2026 11:17:54 RAM 3634/6833MB (lfb 4x4MB) SWAP 0/3417MB (cached 0MB) CPU [5%@1420,9%@1420,9%@1420,18%@1420,14%@1420,4%@1420] EMC_FREQ 0% GR3D_FREQ 0% AUX@43.5C CPU@44.5C thermal@43.8C AO@43.5C GPU@43.5C PMIC@50C
10-01-2026 11:17:54 RAM 3632/6833MB (lfb 4x4MB) SWAP 0/3417MB (cached 0MB) CPU [0%@1190,10%@1190,10%@1190,10%@1420,10%@1420,10%@1420] EMC_FREQ 0% GR3D_FREQ 7% AUX@44C CPU@44.5C thermal@43.8C AO@43.5C GPU@43.5C PMIC@50C
10-01-2026 11:17:54 RAM 3636/6833MB (lfb 4x4MB) SWAP 0/3417MB (cached 0MB) CPU [5%@1190,5%@1190,0%@1190,21%@1420,15%@1420,5%@1420] EMC_FREQ 0% GR3D_FREQ 0% AUX@44C CPU@44.5C thermal@43.8C AO@43.5C GPU@43.5C PMIC@50C
10-01-2026 11:17:54 RAM 3638/6833MB (lfb 4x4MB) SWAP 0/3417MB (cached 0MB) CPU [13%@1190,0%@1420,9%@1420,10%@1420,19%@1420,13%@1420] EMC_FREQ 0% GR3D_FREQ 7% AUX@44C CPU@44.5C thermal@43.8C AO@43.5C GPU@43.5C PMIC@50C
10-01-2026 11:17:55 RAM 3643/6833MB (lfb 4x4MB) SWAP 0/3417MB (cached 0MB) CPU [9%@1420,9%@1420,15%@1420,13%@1420,14%@1420,5%@1420] EMC_FREQ 0% GR3D_FREQ 0% AUX@44C CPU@44.5C thermal@43.8C AO@43.5C GPU@43.5C PMIC@50C
10-01-2026 11:17:55 RAM 3646/6833MB (lfb 4x4MB) SWAP 0/3417MB (cached 0MB) CPU [5%@1420,5%@1420,80%@1420,5%@1420,5%@1420,14%@1420] EMC_FREQ 0% GR3D_FREQ 2% AUX@44C CPU@44.5C thermal@44C AO@43.5C GPU@43.5C PMIC@50C
10-01-2026 11:17:55 RAM 3651/6833MB (lfb 4x4MB) SWAP 0/3417MB (cached 0MB) CPU [5%@1420,5%@1420,70%@1420,0%@1420,5%@1420,5%@1420] EMC_FREQ 0% GR3D_FREQ 0% AUX@44C CPU@44.5C thermal@44C AO@43.5C GPU@43.5C PMIC@50C
10-01-2026 11:17:55 RAM 3651/6833MB (lfb 4x4MB) SWAP 0/3417MB (cached 0MB) CPU [9%@1420,13%@1420,73%@1420,9%@1420,4%@1420,5%@1420] EMC_FREQ 0% GR3D_FREQ 0% AUX@43.5C CPU@44.5C thermal@44C AO@43.5C GPU@43.5C PMIC@50C
10-01-2026 11:17:55 RAM 3651/6833MB (lfb 4x4MB) SWAP 0/3417MB (cached 0MB) CPU [5%@1420,14%@1420,15%@1420,9%@1420,5%@1420,9%@1420] EMC_FREQ 0% GR3D_FREQ 23% AUX@43.5C CPU@44.5C thermal@44C AO@43.5C GPU@43.5C PMIC@50C
10-01-2026 11:17:56 RAM 3654/6833MB (lfb 4x4MB) SWAP 0/3417MB (cached 0MB) CPU [5%@1420,5%@1420,80%@1420,0%@1420,5%@1420,9%@1420] EMC_FREQ 0% GR3D_FREQ 16% AUX@43.5C CPU@44.5C thermal@44C AO@43.5C GPU@43.5C PMIC@50C
10-01-2026 11:17:56 RAM 3654/6833MB (lfb 4x4MB) SWAP 0/3417MB (cached 0MB) CPU [14%@1420,9%@1420,68%@1420,5%@1420,5%@1420,5%@1420] EMC_FREQ 0% GR3D_FREQ 12% AUX@44C CPU@44.5C thermal@44C AO@44C GPU@43.5C PMIC@50C
10-01-2026 11:17:56 RAM 3656/6833MB (lfb 4x4MB) SWAP 0/3417MB (cached 0MB) CPU [10%@1420,10%@1420,13%@1420,14%@1420,5%@1420,9%@1420] EMC_FREQ 0% GR3D_FREQ 0% AUX@44C CPU@44.5C thermal@44C AO@43.5C GPU@43.5C PMIC@50C
10-01-2026 11:17:56 RAM 3705/6833MB (lfb 4x4MB) SWAP 0/3417MB (cached 0MB) CPU [35%@1420,5%@1420,20%@1420,25%@1420,10%@1420,10%@1420] EMC_FREQ 0% GR3D_FREQ 0% AUX@44C CPU@44.5C thermal@44C AO@43.5C GPU@43.5C PMIC@50C
10-01-2026 11:17:56 RAM 3727/6833MB (lfb 4x4MB) SWAP 0/3417MB (cached 0MB) CPU [36%@1420,21%@1420,70%@1420,10%@1420,4%@1420,9%@1420] EMC_FREQ 0% GR3D_FREQ 0% AUX@44C CPU@44.5C thermal@44C AO@44C GPU@43.5C PMIC@50C
10-01-2026 11:17:57 RAM 3726/6833MB (lfb 4x4MB) SWAP 0/3417MB (cached 0MB) CPU [5%@1190,19%@1190,30%@1190,10%@1190,0%@1190,0%@1190] EMC_FREQ 0% GR3D_FREQ 7% AUX@44C CPU@44.5C thermal@44C AO@44C GPU@43.5C PMIC@50C
10-01-2026 11:17:57 RAM 3729/6833MB (lfb 4x4MB) SWAP 0/3417MB (cached 0MB) CPU [14%@1420,9%@1420,0%@1420,72%@1420,5%@1420,10%@1420] EMC_FREQ 0% GR3D_FREQ 0% AUX@44C CPU@44.5C thermal@44C AO@44C GPU@43.5C PMIC@50C
10-01-2026 11:17:57 RAM 3732/6833MB (lfb 4x4MB) SWAP 0/3417MB (cached 0MB) CPU [10%@1420,10%@1420,4%@1420,15%@1420,14%@1420,10%@1420] EMC_FREQ 0% GR3D_FREQ 0% AUX@44C CPU@44.5C thermal@44C AO@44C GPU@43.5C PMIC@50C
10-01-2026 11:17:57 RAM 3742/6833MB (lfb 4x4MB) SWAP 0/3417MB (cached 0MB) CPU [13%@1420,19%@1420,10%@1420,90%@1420,0%@1420,0%@1420] EMC_FREQ 0% GR3D_FREQ 0% AUX@44C CPU@44.5C thermal@44C AO@44C GPU@43.5C PMIC@50C
10-01-2026 11:17:57 RAM 3744/6833MB (lfb 4x4MB) SWAP 0/3417MB (cached 0MB) CPU [10%@1420,5%@1420,0%@1420,0%@1420,66%@1420,5%@1420] EMC_FREQ 0% GR3D_FREQ 0% AUX@44C CPU@44.5C thermal@44C AO@44C GPU@44C PMIC@50C
10-01-2026 11:17:58 RAM 3746/6833MB (lfb 4x4MB) SWAP 0/3417MB (cached 0MB) CPU [10%@1420,45%@1420,0%@1420,0%@1420,16%@1420,14%@1420] EMC_FREQ 0% GR3D_FREQ 0% AUX@44C CPU@44.5C thermal@44C AO@44C GPU@44C PMIC@50C
10-01-2026 11:17:58 RAM 3748/6833MB (lfb 4x4MB) SWAP 0/3417MB (cached 0MB) CPU [14%@1420,50%@1420,0%@1420,0%@1420,14%@1420,14%@1420] EMC_FREQ 0% GR3D_FREQ 8% AUX@44C CPU@44.5C thermal@44C AO@44C GPU@44C PMIC@50C
10-01-2026 11:17:58 RAM 3757/6833MB (lfb 4x4MB) SWAP 0/3417MB (cached 0MB) CPU [14%@1420,10%@1420,10%@1420,0%@1420,14%@1420,66%@1420] EMC_FREQ 0% GR3D_FREQ 0% AUX@44C CPU@45C thermal@44C AO@44C GPU@43.5C PMIC@50C
10-01-2026 11:17:58 RAM 3761/6833MB (lfb 4x4MB) SWAP 0/3417MB (cached 0MB) CPU [0%@1420,5%@1420,0%@1420,4%@1420,42%@1420,29%@1420] EMC_FREQ 0% GR3D_FREQ 0% AUX@44C CPU@45C thermal@44C AO@44C GPU@44C PMIC@50C
10-01-2026 11:17:58 RAM 3765/6833MB (lfb 4x4MB) SWAP 0/3417MB (cached 0MB) CPU [10%@1420,10%@1420,0%@1420,0%@1420,95%@1420,18%@1420] EMC_FREQ 0% GR3D_FREQ 0% AUX@44C CPU@45C thermal@44C AO@44C GPU@44C PMIC@50C
10-01-2026 11:17:59 RAM 3768/6833MB (lfb 4x4MB) SWAP 0/3417MB (cached 0MB) CPU [14%@1420,14%@1420,4%@1420,0%@1420,77%@1420,0%@1420] EMC_FREQ 0% GR3D_FREQ 0% AUX@44C CPU@45C thermal@44C AO@44C GPU@44C PMIC@50C
10-01-2026 11:17:59 RAM 3771/6833MB (lfb 4x4MB) SWAP 0/3417MB (cached 0MB) CPU [0%@1420,5%@1420,4%@1420,4%@1420,61%@1420,9%@1420] EMC_FREQ 0% GR3D_FREQ 0% AUX@44C CPU@45C thermal@44C AO@44C GPU@44C PMIC@50C
10-01-2026 11:17:59 RAM 3773/6833MB (lfb 4x4MB) SWAP 0/3417MB (cached 0MB) CPU [14%@1190,14%@1190,5%@1190,4%@1190,40%@1190,14%@1190] EMC_FREQ 0% GR3D_FREQ 0% AUX@44C CPU@44.5C thermal@44C AO@44C GPU@44C PMIC@50C
10-01-2026 11:17:59 RAM 3792/6833MB (lfb 2x4MB) SWAP 0/3417MB (cached 0MB) CPU [9%@1420,5%@1420,10%@1420,9%@1420,14%@1420,75%@1420] EMC_FREQ 0% GR3D_FREQ 0% AUX@44C CPU@45C thermal@44.3C AO@44C GPU@44C PMIC@50C
10-01-2026 11:17:59 RAM 3794/6833MB (lfb 2x4MB) SWAP 0/3417MB (cached 0MB) CPU [9%@1420,13%@1420,9%@1420,0%@1420,10%@1420,68%@1420] EMC_FREQ 0% GR3D_FREQ 0% AUX@44C CPU@45C thermal@44.3C AO@44C GPU@44C PMIC@50C
10-01-2026 11:18:00 RAM 3796/6833MB (lfb 2x4MB) SWAP 0/3417MB (cached 0MB) CPU [5%@1420,14%@1420,5%@1420,4%@1420,33%@1420,38%@1420] EMC_FREQ 0% GR3D_FREQ 0% AUX@44C CPU@45C thermal@44.3C AO@44C GPU@44C PMIC@50C
10-01-2026 11:18:00 RAM 3800/6833MB (lfb 2x4MB) SWAP 0/3417MB (cached 0MB) CPU [9%@1420,0%@1420,5%@1420,5%@1420,90%@1420,5%@1420] EMC_FREQ 0% GR3D_FREQ 0% AUX@44C CPU@45C thermal@44.3C AO@44C GPU@44C PMIC@50C
10-01-2026 11:18:00 RAM 3806/6833MB (lfb 1x4MB) SWAP 0/3417MB (cached 0MB) CPU [18%@1190,9%@1420,9%@1420,0%@1420,52%@1420,9%@1420] EMC_FREQ 0% GR3D_FREQ 0% AUX@44C CPU@45C thermal@44.3C AO@44C GPU@44C PMIC@50C
10-01-2026 11:18:00 RAM 3812/6833MB (lfb 1x4MB) SWAP 0/3417MB (cached 0MB) CPU [9%@1420,0%@1420,5%@1420,5%@1420,80%@1420,10%@1420] EMC_FREQ 0% GR3D_FREQ 0% AUX@44.5C CPU@45C thermal@44.3C AO@44C GPU@44C PMIC@50C
10-01-2026 11:18:00 RAM 3821/6833MB (lfb 1x4MB) SWAP 0/3417MB (cached 0MB) CPU [10%@1420,9%@1420,9%@1420,4%@1420,88%@1420,5%@1420] EMC_FREQ 0% GR3D_FREQ 0% AUX@44C CPU@45C thermal@44.5C AO@44C GPU@44C PMIC@50C
10-01-2026 11:18:01 RAM 3826/6833MB (lfb 1x4MB) SWAP 0/3417MB (cached 0MB) CPU [0%@1420,10%@1420,0%@1420,10%@1420,70%@1420,10%@1420] EMC_FREQ 0% GR3D_FREQ 0% AUX@44C CPU@45C thermal@44.5C AO@44C GPU@44C PMIC@50C
10-01-2026 11:18:01 RAM 3826/6833MB (lfb 1x4MB) SWAP 0/3417MB (cached 0MB) CPU [9%@1420,9%@1420,4%@1420,0%@1420,76%@1420,5%@1420] EMC_FREQ 0% GR3D_FREQ 0% AUX@44C CPU@45C thermal@44.5C AO@44C GPU@44C PMIC@50C
10-01-2026 11:18:01 RAM 3841/6833MB (lfb 1x4MB) SWAP 0/3417MB (cached 0MB) CPU [10%@1420,5%@1420,0%@1420,14%@1420,66%@1420,5%@1420] EMC_FREQ 0% GR3D_FREQ 0% AUX@44C CPU@45C thermal@44.5C AO@44C GPU@44C PMIC@50C
10-01-2026 11:18:01 RAM 3843/6833MB (lfb 1x4MB) SWAP 0/3417MB (cached 0MB) CPU [10%@1420,0%@1420,5%@1420,5%@1420,76%@1420,4%@1420] EMC_FREQ 0% GR3D_FREQ 0% AUX@44C CPU@45C thermal@44.5C AO@44C GPU@44C PMIC@50C
10-01-2026 11:18:01 RAM 3872/6833MB (lfb 42x1MB) SWAP 0/3417MB (cached 0MB) CPU [14%@1420,21%@1420,5%@1420,10%@1420,75%@1420,5%@1420] EMC_FREQ 0% GR3D_FREQ 0% AUX@44.5C CPU@45C thermal@44.3C AO@44.5C GPU@44C PMIC@50C
10-01-2026 11:18:02 RAM 3895/6833MB (lfb 41x1MB) SWAP 0/3417MB (cached 0MB) CPU [5%@1420,19%@1420,9%@1420,9%@1420,95%@1420,0%@1420] EMC_FREQ 0% GR3D_FREQ 0% AUX@44C CPU@45C thermal@44.3C AO@44C GPU@44C PMIC@50C
10-01-2026 11:18:02 RAM 3894/6833MB (lfb 1x2MB) SWAP 0/3417MB (cached 0MB) CPU [10%@1190,10%@1190,5%@1190,0%@1190,31%@1190,9%@1420] EMC_FREQ 0% GR3D_FREQ 0% AUX@44C CPU@45C thermal@44.3C AO@44C GPU@44C PMIC@50C
10-01-2026 11:18:02 RAM 3898/6833MB (lfb 21x2MB) SWAP 0/3417MB (cached 0MB) CPU [9%@1420,10%@1420,42%@1420,5%@1420,88%@1420,4%@1420] EMC_FREQ 0% GR3D_FREQ 0% AUX@44C CPU@45C thermal@44.3C AO@44C GPU@44C PMIC@50C
10-01-2026 11:18:02 RAM 3902/6833MB (lfb 19x2MB) SWAP 0/3417MB (cached 0MB) CPU [9%@1420,0%@1420,0%@1420,9%@1420,43%@1420,0%@1420] EMC_FREQ 0% GR3D_FREQ 0% AUX@44.5C CPU@45C thermal@44.3C AO@44C GPU@44C PMIC@50C
10-01-2026 11:18:02 RAM 3902/6833MB (lfb 19x2MB) SWAP 0/3417MB (cached 0MB) CPU [0%@1190,4%@1190,10%@1420,9%@1420,60%@1420,5%@1420] EMC_FREQ 0% GR3D_FREQ 7% AUX@44C CPU@45C thermal@44.3C AO@44C GPU@44C PMIC@50C
10-01-2026 11:18:03 RAM 3918/6833MB (lfb 14x2MB) SWAP 0/3417MB (cached 0MB) CPU [5%@1420,5%@1420,9%@1420,0%@1420,85%@1420,10%@1420] EMC_FREQ 0% GR3D_FREQ 0% AUX@44.5C CPU@45.5C thermal@44.3C AO@44.5C GPU@44C PMIC@50C
10-01-2026 11:18:03 RAM 3923/6833MB (lfb 12x2MB) SWAP 0/3417MB (cached 0MB) CPU [9%@1420,13%@1420,5%@1420,4%@1420,84%@1420,0%@1420] EMC_FREQ 0% GR3D_FREQ 0% AUX@44.5C CPU@45.5C thermal@44.3C AO@44.5C GPU@44.5C PMIC@50C
10-01-2026 11:18:03 RAM 3926/6833MB (lfb 12x2MB) SWAP 0/3417MB (cached 0MB) CPU [5%@1420,10%@1420,23%@1420,9%@1420,89%@1420,5%@1420] EMC_FREQ 0% GR3D_FREQ 2% AUX@44.5C CPU@45C thermal@44.3C AO@44.5C GPU@44.5C PMIC@50C
10-01-2026 11:18:03 RAM 3927/6833MB (lfb 12x2MB) SWAP 0/3417MB (cached 0MB) CPU [5%@1190,9%@1190,9%@1190,5%@1190,57%@1190,0%@1190] EMC_FREQ 0% GR3D_FREQ 0% AUX@44.5C CPU@45C thermal@44.3C AO@44.5C GPU@44C PMIC@50C
10-01-2026 11:18:03 RAM 3940/6833MB (lfb 11x2MB) SWAP 0/3417MB (cached 0MB) CPU [9%@1420,5%@1420,10%@1420,0%@1420,60%@1420,9%@1420] EMC_FREQ 0% GR3D_FREQ 0% AUX@44.5C CPU@45.5C thermal@44.3C AO@44.5C GPU@44.5C PMIC@50C
10-01-2026 11:18:04 RAM 3940/6833MB (lfb 12x2MB) SWAP 0/3417MB (cached 0MB) CPU [5%@1420,5%@1420,10%@1420,10%@1420,40%@1420,5%@1420] EMC_FREQ 0% GR3D_FREQ 0% AUX@44.5C CPU@45.5C thermal@44.6C AO@44.5C GPU@44C PMIC@50C
10-01-2026 11:18:04 RAM 3951/6833MB (lfb 12x2MB) SWAP 0/3417MB (cached 0MB) CPU [5%@1420,14%@1420,15%@1420,10%@1420,0%@1420,90%@1420] EMC_FREQ 0% GR3D_FREQ 0% AUX@44.5C CPU@45C thermal@44.6C AO@44.5C GPU@44C PMIC@50C
10-01-2026 11:18:04 RAM 3959/6833MB (lfb 11x2MB) SWAP 0/3417MB (cached 0MB) CPU [9%@1420,9%@1420,9%@1420,9%@1420,90%@1420,0%@1420] EMC_FREQ 0% GR3D_FREQ 0% AUX@44.5C CPU@45.5C thermal@44.6C AO@44.5C GPU@44.5C PMIC@50C
10-01-2026 11:18:04 RAM 3966/6833MB (lfb 12x2MB) SWAP 0/3417MB (cached 0MB) CPU [5%@1420,15%@1420,15%@1420,10%@1420,63%@1420,9%@1420] EMC_FREQ 0% GR3D_FREQ 0% AUX@44.5C CPU@45.5C thermal@44.6C AO@44.5C GPU@44.5C PMIC@50C
10-01-2026 11:18:05 RAM 3967/6833MB (lfb 12x2MB) SWAP 0/3417MB (cached 0MB) CPU [10%@1420,9%@1420,14%@1420,9%@1420,73%@1420,0%@1420] EMC_FREQ 0% GR3D_FREQ 0% AUX@44.5C CPU@45.5C thermal@44.6C AO@44.5C GPU@44.5C PMIC@50C
10-01-2026 11:18:05 RAM 3971/6833MB (lfb 11x2MB) SWAP 0/3417MB (cached 0MB) CPU [5%@1420,5%@1420,5%@1420,0%@1420,84%@1420,0%@1420] EMC_FREQ 0% GR3D_FREQ 0% AUX@44.5C CPU@45.5C thermal@44.65C AO@44.5C GPU@44.5C PMIC@50C
10-01-2026 11:18:05 RAM 3974/6833MB (lfb 11x2MB) SWAP 0/3417MB (cached 0MB) CPU [4%@1420,9%@1420,14%@1420,5%@1420,27%@1420,44%@1420] EMC_FREQ 0% GR3D_FREQ 0% AUX@44.5C CPU@45.5C thermal@44.65C AO@44.5C GPU@44.5C PMIC@50C
10-01-2026 11:18:05 RAM 3979/6833MB (lfb 11x2MB) SWAP 0/3417MB (cached 0MB) CPU [0%@1420,5%@1420,14%@1420,5%@1420,0%@1420,81%@1420] EMC_FREQ 0% GR3D_FREQ 0% AUX@44.5C CPU@45.5C thermal@44.65C AO@44.5C GPU@44.5C PMIC@50C
10-01-2026 11:18:05 RAM 3987/6833MB (lfb 11x2MB) SWAP 0/3417MB (cached 0MB) CPU [13%@1420,0%@1420,5%@1420,14%@1420,0%@1420,84%@1420] EMC_FREQ 0% GR3D_FREQ 0% AUX@44.5C CPU@45.5C thermal@44.65C AO@44.5C GPU@44.5C PMIC@50C
10-01-2026 11:18:06 RAM 3986/6833MB (lfb 11x2MB) SWAP 0/3417MB (cached 0MB) CPU [5%@1190,10%@1190,13%@1190,14%@1190,0%@1190,31%@1190] EMC_FREQ 0% GR3D_FREQ 0% AUX@44.5C CPU@45.5C thermal@44.65C AO@44.5C GPU@44.5C PMIC@50C
10-01-2026 11:18:06 RAM 4005/6833MB (lfb 11x2MB) SWAP 0/3417MB (cached 0MB) CPU [0%@1420,13%@1420,10%@1420,15%@1420,45%@1420,22%@1420] EMC_FREQ 0% GR3D_FREQ 0% AUX@44.5C CPU@45.5C thermal@44.65C AO@44.5C GPU@44.5C PMIC@50C
10-01-2026 11:18:06 RAM 4050/6833MB (lfb 11x2MB) SWAP 0/3417MB (cached 0MB) CPU [20%@1344,5%@1344,35%@1344,15%@1420,47%@1420,100%@1420] EMC_FREQ 0% GR3D_FREQ 0% AUX@44.5C CPU@45.5C thermal@44.6C AO@44.5C GPU@44.5C PMIC@50C
10-01-2026 11:18:06 RAM 4056/6833MB (lfb 11x2MB) SWAP 0/3417MB (cached 0MB) CPU [17%@1420,6%@1420,9%@1420,41%@1420,15%@1420,2%@1420] EMC_FREQ 0% GR3D_FREQ 0% AUX@44.5C CPU@45.5C thermal@44.6C AO@44.5C GPU@44.5C PMIC@50C
10-01-2026 11:18:06 RAM 4056/6833MB (lfb 11x2MB) SWAP 0/3417MB (cached 0MB) CPU [18%@1190,5%@1420,4%@1420,5%@1420,9%@1420,4%@1420] EMC_FREQ 0% GR3D_FREQ 0% AUX@44.5C CPU@45.5C thermal@44.6C AO@44.5C GPU@44.5C PMIC@50C
10-01-2026 11:18:07 RAM 4062/6833MB (lfb 9x2MB) SWAP 0/3417MB (cached 0MB) CPU [19%@1190,5%@1190,0%@1190,0%@1190,5%@1190,5%@1190] EMC_FREQ 0% GR3D_FREQ 0% AUX@44.5C CPU@45.5C thermal@44.6C AO@44.5C GPU@44.5C PMIC@50C
10-01-2026 11:18:07 RAM 4071/6833MB (lfb 9x2MB) SWAP 0/3417MB (cached 0MB) CPU [30%@1267,5%@1267,0%@1267,4%@1267,0%@1267,0%@1267] EMC_FREQ 0% GR3D_FREQ 0% AUX@44.5C CPU@45.5C thermal@44.6C AO@44.5C GPU@44.5C PMIC@50C
10-01-2026 11:18:07 RAM 4080/6833MB (lfb 9x2MB) SWAP 0/3417MB (cached 0MB) CPU [38%@1420,10%@1420,0%@1420,13%@1420,9%@1420,5%@1420] EMC_FREQ 0% GR3D_FREQ 0% AUX@44.5C CPU@45.5C thermal@44.8C AO@44.5C GPU@44.5C PMIC@50C
10-01-2026 11:18:07 RAM 4090/6833MB (lfb 9x2MB) SWAP 0/3417MB (cached 0MB) CPU [15%@1190,5%@1190,4%@1190,5%@1190,0%@1420,0%@1420] EMC_FREQ 0% GR3D_FREQ 0% AUX@44.5C CPU@45.5C thermal@44.8C AO@44.5C GPU@44.5C PMIC@50C
10-01-2026 11:18:07 RAM 4102/6833MB (lfb 9x2MB) SWAP 0/3417MB (cached 0MB) CPU [20%@1190,9%@1190,5%@1190,5%@1190,4%@1190,9%@1190] EMC_FREQ 0% GR3D_FREQ 0% AUX@45C CPU@45.5C thermal@44.8C AO@44.5C GPU@44.5C PMIC@50C
10-01-2026 11:18:08 RAM 4114/6833MB (lfb 9x2MB) SWAP 0/3417MB (cached 0MB) CPU [30%@1190,5%@1190,0%@1190,13%@1420,0%@1420,5%@1420] EMC_FREQ 0% GR3D_FREQ 0% AUX@44.5C CPU@45.5C thermal@44.8C AO@44.5C GPU@44.5C PMIC@50C
10-01-2026 11:18:08 RAM 4125/6833MB (lfb 9x2MB) SWAP 0/3417MB (cached 0MB) CPU [38%@1420,0%@1420,5%@1420,0%@1420,0%@1420,0%@1420] EMC_FREQ 0% GR3D_FREQ 0% AUX@45C CPU@45.5C thermal@44.8C AO@44.5C GPU@44.5C PMIC@50C
10-01-2026 11:18:08 RAM 4137/6833MB (lfb 9x2MB) SWAP 0/3417MB (cached 0MB) CPU [38%@1267,14%@1267,13%@1267,0%@1267,4%@1267,4%@1267] EMC_FREQ 0% GR3D_FREQ 0% AUX@44.5C CPU@45.5C thermal@44.8C AO@44.5C GPU@44.5C PMIC@50C
10-01-2026 11:18:08 RAM 4143/6833MB (lfb 9x2MB) SWAP 0/3417MB (cached 0MB) CPU [15%@1420,14%@1420,5%@1420,10%@1420,4%@1420,9%@1420] EMC_FREQ 0% GR3D_FREQ 0% AUX@44.5C CPU@46C thermal@44.8C AO@45C GPU@45C PMIC@50C
10-01-2026 11:18:09 RAM 4155/6833MB (lfb 9x2MB) SWAP 0/3417MB (cached 0MB) CPU [30%@1190,10%@1420,9%@1420,9%@1420,9%@1420,13%@1420] EMC_FREQ 0% GR3D_FREQ 0% AUX@44.5C CPU@45.5C thermal@44.8C AO@44.5C GPU@45C PMIC@50C
10-01-2026 11:18:09 RAM 4167/6833MB (lfb 9x2MB) SWAP 0/3417MB (cached 0MB) CPU [33%@1190,14%@1190,9%@1190,5%@1190,0%@1190,0%@1190] EMC_FREQ 0% GR3D_FREQ 0% AUX@44.5C CPU@46C thermal@44.8C AO@45C GPU@44.5C PMIC@50C
10-01-2026 11:18:09 RAM 4179/6833MB (lfb 9x2MB) SWAP 0/3417MB (cached 0MB) CPU [31%@1190,0%@1190,0%@1190,9%@1190,9%@1190,10%@1190] EMC_FREQ 0% GR3D_FREQ 0% AUX@45C CPU@45.5C thermal@44.8C AO@45C GPU@45C PMIC@50C
10-01-2026 11:18:09 RAM 4190/6833MB (lfb 9x2MB) SWAP 0/3417MB (cached 0MB) CPU [27%@1190,25%@1420,5%@1420,0%@1420,5%@1420,14%@1420] EMC_FREQ 0% GR3D_FREQ 0% AUX@45C CPU@45.5C thermal@44.8C AO@44.5C GPU@44.5C PMIC@50C
10-01-2026 11:18:09 RAM 4209/6833MB (lfb 9x2MB) SWAP 0/3417MB (cached 0MB) CPU [25%@1190,37%@1190,14%@1190,3%@1190,6%@1190,9%@1190] EMC_FREQ 0% GR3D_FREQ 0% AUX@44.5C CPU@45.5C thermal@45.15C AO@45C GPU@45C PMIC@50C
10-01-2026 11:18:10 RAM 4221/6833MB (lfb 9x2MB) SWAP 0/3417MB (cached 0MB) CPU [20%@1190,9%@1190,4%@1190,10%@1190,5%@1190,5%@1190] EMC_FREQ 0% GR3D_FREQ 0% AUX@45C CPU@45.5C thermal@45.15C AO@45C GPU@44.5C PMIC@50C
10-01-2026 11:18:10 RAM 4235/6833MB (lfb 7x2MB) SWAP 0/3417MB (cached 0MB) CPU [19%@1190,0%@1420,0%@1420,9%@1420,10%@1420,5%@1420] EMC_FREQ 0% GR3D_FREQ 0% AUX@44.5C CPU@45.5C thermal@45.15C AO@44.5C GPU@45C PMIC@50C
10-01-2026 11:18:10 RAM 4241/6833MB (lfb 5x2MB) SWAP 0/3417MB (cached 0MB) CPU [18%@1190,18%@1420,4%@1420,0%@1420,14%@1420,9%@1420] EMC_FREQ 0% GR3D_FREQ 0% AUX@45C CPU@46C thermal@45.15C AO@45C GPU@45C PMIC@50C
10-01-2026 11:18:10 RAM 4255/6833MB (lfb 3x2MB) SWAP 0/3417MB (cached 0MB) CPU [10%@1190,9%@1190,0%@1190,13%@1190,19%@1190,5%@1190] EMC_FREQ 0% GR3D_FREQ 0% AUX@44.5C CPU@45.5C thermal@45.15C AO@45C GPU@45C PMIC@50C
10-01-2026 11:18:10 RAM 4267/6833MB (lfb 8x1MB) SWAP 0/3417MB (cached 0MB) CPU [15%@1420,5%@1190,0%@1190,5%@1190,10%@1190,0%@1190] EMC_FREQ 0% GR3D_FREQ 0% AUX@45C CPU@45.5C thermal@45.3C AO@45C GPU@44.5C PMIC@50C
10-01-2026 11:18:11 RAM 4274/6833MB (lfb 11x1MB) SWAP 0/3417MB (cached 0MB) CPU [21%@1190,0%@1190,4%@1190,4%@1420,10%@1420,10%@1420] EMC_FREQ 0% GR3D_FREQ 0% AUX@45C CPU@45.5C thermal@45.3C AO@45C GPU@45C PMIC@50C
10-01-2026 11:18:11 RAM 4286/6833MB (lfb 12x1MB) SWAP 0/3417MB (cached 0MB) CPU [30%@1420,5%@1420,0%@1420,5%@1420,22%@1420,9%@1420] EMC_FREQ 0% GR3D_FREQ 0% AUX@45C CPU@46C thermal@45.3C AO@45C GPU@45C PMIC@50C
10-01-2026 11:18:11 RAM 4294/6833MB (lfb 12x1MB) SWAP 0/3417MB (cached 0MB) CPU [28%@1420,9%@1420,5%@1420,4%@1420,5%@1420,0%@1420] EMC_FREQ 0% GR3D_FREQ 0% AUX@45C CPU@46C thermal@45.3C AO@45C GPU@45C PMIC@50C
10-01-2026 11:18:11 RAM 4305/6833MB (lfb 1x2MB) SWAP 0/3417MB (cached 0MB) CPU [25%@1420,9%@1420,4%@1420,5%@1420,27%@1420,5%@1420] EMC_FREQ 0% GR3D_FREQ 0% AUX@45C CPU@45.5C thermal@45.3C AO@45C GPU@45C PMIC@50C
10-01-2026 11:18:11 RAM 4342/6833MB (lfb 13x1MB) SWAP 0/3417MB (cached 0MB) CPU [100%@1420,5%@1420,9%@1420,65%@1420,5%@1420,9%@1420] EMC_FREQ 0% GR3D_FREQ 0% AUX@45C CPU@46C thermal@45.3C AO@45C GPU@45C PMIC@50C
10-01-2026 11:18:12 RAM 4384/6833MB (lfb 9x1MB) SWAP 0/3417MB (cached 0MB) CPU [100%@1420,5%@1420,0%@1420,5%@1420,5%@1420,18%@1420] EMC_FREQ 0% GR3D_FREQ 0% AUX@45C CPU@46C thermal@45.3C AO@45C GPU@45C PMIC@50C
10-01-2026 11:18:12 RAM 4419/6833MB (lfb 10x1MB) SWAP 0/3417MB (cached 0MB) CPU [90%@1420,13%@1420,0%@1420,20%@1420,14%@1420,5%@1420] EMC_FREQ 0% GR3D_FREQ 0% AUX@45C CPU@46C thermal@45.3C AO@45C GPU@45C PMIC@50C
10-01-2026 11:18:12 RAM 4473/6833MB (lfb 10x1MB) SWAP 0/3417MB (cached 0MB) CPU [100%@1420,5%@1420,10%@1420,5%@1420,15%@1420,18%@1420] EMC_FREQ 0% GR3D_FREQ 0% AUX@45C CPU@46C thermal@45.3C AO@45C GPU@45C PMIC@50C
10-01-2026 11:18:12 RAM 4518/6833MB (lfb 1x2MB) SWAP 0/3417MB (cached 0MB) CPU [100%@1420,5%@1420,5%@1420,10%@1420,38%@1420,10%@1420] EMC_FREQ 0% GR3D_FREQ 0% AUX@45C CPU@46C thermal@45.3C AO@45C GPU@45C PMIC@50C
10-01-2026 11:18:13 RAM 4543/6833MB (lfb 1x2MB) SWAP 0/3417MB (cached 0MB) CPU [100%@1420,0%@1420,13%@1420,0%@1420,28%@1420,14%@1420] EMC_FREQ 0% GR3D_FREQ 0% AUX@45C CPU@46.5C thermal@45.3C AO@45C GPU@45C PMIC@50C
10-01-2026 11:18:13 RAM 4582/6833MB (lfb 1x2MB) SWAP 1/3417MB (cached 0MB) CPU [95%@1420,14%@1420,5%@1420,14%@1420,50%@1420,15%@1420] EMC_FREQ 0% GR3D_FREQ 0% AUX@45C CPU@46.5C thermal@45.3C AO@45C GPU@45C PMIC@50C
10-01-2026 11:18:13 RAM 4620/6833MB (lfb 1x2MB) SWAP 1/3417MB (cached 0MB) CPU [63%@1420,63%@1420,19%@1420,5%@1420,55%@1420,38%@1420] EMC_FREQ 0% GR3D_FREQ 0% AUX@45C CPU@46.5C thermal@45.3C AO@45.5C GPU@45C PMIC@50C
10-01-2026 11:18:13 RAM 4669/6833MB (lfb 1x2MB) SWAP 1/3417MB (cached 0MB) CPU [19%@1420,100%@1420,0%@1420,35%@1420,50%@1420,71%@1420] EMC_FREQ 0% GR3D_FREQ 0% AUX@45C CPU@46.5C thermal@45.3C AO@45C GPU@45C PMIC@50C
10-01-2026 11:18:13 RAM 4685/6833MB (lfb 1x2MB) SWAP 6/3417MB (cached 0MB) CPU [20%@1420,90%@1420,5%@1420,33%@1420,57%@1420,13%@1420] EMC_FREQ 0% GR3D_FREQ 0% AUX@45C CPU@46C thermal@45.3C AO@45C GPU@45C PMIC@50C
10-01-2026 11:18:14 RAM 4704/6833MB (lfb 1x2MB) SWAP 14/3417MB (cached 0MB) CPU [45%@1420,15%@1420,50%@1420,55%@1420,59%@1420,21%@1420] EMC_FREQ 0% GR3D_FREQ 0% AUX@45C CPU@46.5C thermal@45.3C AO@45C GPU@45C PMIC@50C
10-01-2026 11:18:14 RAM 4698/6833MB (lfb 1x4MB) SWAP 19/3417MB (cached 0MB) CPU [14%@1420,9%@1420,5%@1420,40%@1420,36%@1420,18%@1420] EMC_FREQ 0% GR3D_FREQ 0% AUX@45.5C CPU@46.5C thermal@45.45C AO@45C GPU@45C PMIC@50C
10-01-2026 11:18:14 RAM 4714/6833MB (lfb 1x2MB) SWAP 19/3417MB (cached 0MB) CPU [14%@1420,10%@1420,4%@1420,15%@1420,5%@1420,26%@1420] EMC_FREQ 0% GR3D_FREQ 99% AUX@45C CPU@46.5C thermal@45.45C AO@45.5C GPU@47C PMIC@50C
10-01-2026 11:18:14 RAM 4690/6833MB (lfb 7x2MB) SWAP 19/3417MB (cached 0MB) CPU [0%@1420,66%@1420,20%@1420,28%@1420,20%@1420,40%@1420] EMC_FREQ 0% GR3D_FREQ 0% AUX@45C CPU@46.5C thermal@45.45C AO@45.5C GPU@46C PMIC@50C
10-01-2026 11:18:14 RAM 4702/6833MB (lfb 3x2MB) SWAP 19/3417MB (cached 0MB) CPU [9%@1420,5%@1420,55%@1420,5%@1420,5%@1420,5%@1420] EMC_FREQ 0% GR3D_FREQ 0% AUX@45C CPU@46.5C thermal@45.45C AO@45.5C GPU@45.5C PMIC@50C
10-01-2026 11:18:15 RAM 4708/6833MB (lfb 1x2MB) SWAP 19/3417MB (cached 0MB) CPU [14%@1190,5%@1190,20%@1420,5%@1420,9%@1420,17%@1420] EMC_FREQ 0% GR3D_FREQ 0% AUX@45C CPU@46.5C thermal@45.45C AO@45.5C GPU@45.5C PMIC@50C
10-01-2026 11:18:15 RAM 4720/6833MB (lfb 8x1MB) SWAP 19/3417MB (cached 0MB) CPU [5%@1190,5%@1190,0%@1190,20%@1190,10%@1190,5%@1190] EMC_FREQ 0% GR3D_FREQ 0% AUX@45.5C CPU@46.5C thermal@45.45C AO@45.5C GPU@45.5C PMIC@50C
10-01-2026 11:18:15 RAM 4727/6833MB (lfb 9x1MB) SWAP 19/3417MB (cached 0MB) CPU [14%@1190,9%@1190,0%@1190,23%@1420,4%@1420,5%@1420] EMC_FREQ 0% GR3D_FREQ 0% AUX@45.5C CPU@46.5C thermal@45.6C AO@45.5C GPU@45.5C PMIC@50C
10-01-2026 11:18:15 RAM 4739/6833MB (lfb 9x1MB) SWAP 19/3417MB (cached 0MB) CPU [10%@1190,5%@1190,0%@1190,21%@1420,5%@1420,9%@1420] EMC_FREQ 0% GR3D_FREQ 0% AUX@45.5C CPU@46.5C thermal@45.6C AO@45.5C GPU@45.5C PMIC@50C
10-01-2026 11:18:15 RAM 4750/6833MB (lfb 9x1MB) SWAP 19/3417MB (cached 0MB) CPU [5%@1190,10%@1190,0%@1190,23%@1190,4%@1190,5%@1190] EMC_FREQ 0% GR3D_FREQ 0% AUX@45C CPU@46C thermal@45.6C AO@45.5C GPU@45.5C PMIC@50C
10-01-2026 11:18:16 RAM 4756/6833MB (lfb 9x1MB) SWAP 21/3417MB (cached 0MB) CPU [13%@1190,9%@1420,9%@1420,10%@1420,10%@1420,5%@1420] EMC_FREQ 0% GR3D_FREQ 0% AUX@45.5C CPU@46.5C thermal@45.6C AO@45.5C GPU@45.5C PMIC@50C
10-01-2026 11:18:16 RAM 4766/6833MB (lfb 9x1MB) SWAP 21/3417MB (cached 0MB) CPU [5%@1190,10%@1420,5%@1420,27%@1420,4%@1420,18%@1420] EMC_FREQ 0% GR3D_FREQ 0% AUX@45.5C CPU@46.5C thermal@45.6C AO@45.5C GPU@45.5C PMIC@50C
10-01-2026 11:18:16 RAM 4779/6833MB (lfb 11x1MB) SWAP 21/3417MB (cached 0MB) CPU [5%@1190,13%@1190,0%@1190,31%@1190,0%@1190,10%@1190] EMC_FREQ 0% GR3D_FREQ 0% AUX@45.5C CPU@46.5C thermal@45.8C AO@45.5C GPU@45.5C PMIC@50C
10-01-2026 11:18:16 RAM 4789/6833MB (lfb 11x1MB) SWAP 21/3417MB (cached 0MB) CPU [5%@1190,0%@1420,23%@1420,33%@1420,13%@1420,15%@1420] EMC_FREQ 0% GR3D_FREQ 0% AUX@45.5C CPU@46.5C thermal@45.8C AO@45.5C GPU@45.5C PMIC@50C
10-01-2026 11:18:16 RAM 4802/6833MB (lfb 2x2MB) SWAP 25/3417MB (cached 0MB) CPU [21%@1420,10%@1420,50%@1420,21%@1420,40%@1420,14%@1420] EMC_FREQ 0% GR3D_FREQ 0% AUX@45.5C CPU@46.5C thermal@45.8C AO@45.5C GPU@45.5C PMIC@50C
10-01-2026 11:18:17 RAM 4813/6833MB (lfb 12x1MB) SWAP 25/3417MB (cached 0MB) CPU [18%@1420,10%@1420,0%@1420,20%@1420,5%@1420,5%@1420] EMC_FREQ 0% GR3D_FREQ 0% AUX@45.5C CPU@46.5C thermal@45.8C AO@45.5C GPU@45.5C PMIC@50C
10-01-2026 11:18:17 RAM 4815/6833MB (lfb 12x1MB) SWAP 25/3417MB (cached 0MB) CPU [5%@1420,5%@1420,0%@1420,5%@1420,68%@1420,10%@1420] EMC_FREQ 0% GR3D_FREQ 0% AUX@45.5C CPU@46.5C thermal@45.8C AO@45.5C GPU@45.5C PMIC@50C
10-01-2026 11:18:17 RAM 4881/6833MB (lfb 14x1MB) SWAP 32/3417MB (cached 0MB) CPU [76%@1420,80%@1420,80%@1420,90%@1420,77%@1420,75%@1420] EMC_FREQ 0% GR3D_FREQ 0% AUX@45.5C CPU@47.5C thermal@45.8C AO@45.5C GPU@45.5C PMIC@50C
10-01-2026 11:18:17 RAM 4930/6833MB (lfb 15x1MB) SWAP 33/3417MB (cached 0MB) CPU [65%@1420,57%@1420,60%@1420,76%@1420,100%@1420,70%@1420] EMC_FREQ 0% GR3D_FREQ 0% AUX@45.5C CPU@47.5C thermal@46.25C AO@45.5C GPU@46C PMIC@50C
10-01-2026 11:18:17 RAM 4922/6833MB (lfb 3x2MB) SWAP 37/3417MB (cached 0MB) CPU [15%@1420,14%@1420,5%@1420,65%@1420,95%@1420,4%@1420] EMC_FREQ 0% GR3D_FREQ 0% AUX@45.5C CPU@47C thermal@46.25C AO@45.5C GPU@45.5C PMIC@50C
10-01-2026 11:18:18 RAM 4943/6833MB (lfb 3x2MB) SWAP 37/3417MB (cached 0MB) CPU [5%@1420,27%@1420,9%@1420,35%@1420,42%@1420,40%@1420] EMC_FREQ 0% GR3D_FREQ 0% AUX@45.5C CPU@47C thermal@46.25C AO@46C GPU@45.5C PMIC@50C
10-01-2026 11:18:18 RAM 4921/6833MB (lfb 14x2MB) SWAP 42/3417MB (cached 0MB) CPU [10%@1420,28%@1420,42%@1420,40%@1420,57%@1420,42%@1420] EMC_FREQ 0% GR3D_FREQ 0% AUX@45.5C CPU@47C thermal@46.25C AO@45.5C GPU@46C PMIC@50C
10-01-2026 11:18:18 RAM 4920/6833MB (lfb 14x2MB) SWAP 42/3417MB (cached 0MB) CPU [14%@1190,10%@1420,5%@1420,0%@1420,57%@1420,15%@1420] EMC_FREQ 0% GR3D_FREQ 0% AUX@45.5C CPU@46.5C thermal@46.25C AO@45.5C GPU@45.5C PMIC@50C
10-01-2026 11:18:18 RAM 4965/6833MB (lfb 17x1MB) SWAP 42/3417MB (cached 0MB) CPU [13%@1420,18%@1420,38%@1420,4%@1420,8%@1420,86%@1420] EMC_FREQ 0% GR3D_FREQ 0% AUX@45.5C CPU@47C thermal@45.95C AO@45.5C GPU@46C PMIC@50C
10-01-2026 11:18:18 RAM 5024/6833MB (lfb 15x1MB) SWAP 42/3417MB (cached 0MB) CPU [14%@1420,15%@1420,38%@1420,89%@1420,9%@1420,90%@1420] EMC_FREQ 0% GR3D_FREQ 0% AUX@45.5C CPU@47C thermal@45.95C AO@46C GPU@46C PMIC@50C
10-01-2026 11:18:19 RAM 5076/6833MB (lfb 15x1MB) SWAP 43/3417MB (cached 0MB) CPU [31%@1420,19%@1420,25%@1420,95%@1420,10%@1420,95%@1420] EMC_FREQ 0% GR3D_FREQ 0% AUX@45.5C CPU@47C thermal@45.95C AO@45.5C GPU@45.5C PMIC@50C
10-01-2026 11:18:19 RAM 5131/6833MB (lfb 16x1MB) SWAP 44/3417MB (cached 0MB) CPU [63%@1420,21%@1420,10%@1420,100%@1420,78%@1420,19%@1420] EMC_FREQ 0% GR3D_FREQ 0% AUX@45.5C CPU@47C thermal@45.95C AO@45.5C GPU@45.5C PMIC@50C
10-01-2026 11:18:19 RAM 5167/6833MB (lfb 15x1MB) SWAP 44/3417MB (cached 0MB) CPU [35%@1420,28%@1420,21%@1420,100%@1420,15%@1420,33%@1420] EMC_FREQ 0% GR3D_FREQ 0% AUX@45.5C CPU@47C thermal@45.95C AO@45.5C GPU@45.5C PMIC@50C
10-01-2026 11:18:19 RAM 5007/6833MB (lfb 3x4MB) SWAP 44/3417MB (cached 0MB) CPU [20%@1420,10%@1420,16%@1420,73%@1420,22%@1420,95%@1420] EMC_FREQ 0% GR3D_FREQ 0% AUX@45.5C CPU@47.5C thermal@46.1C AO@45.5C GPU@45.5C PMIC@50C
10-01-2026 11:18:19 RAM 4992/6833MB (lfb 3x4MB) SWAP 44/3417MB (cached 0MB) CPU [15%@1420,15%@1420,47%@1420,52%@1420,11%@1420,95%@1420] EMC_FREQ 0% GR3D_FREQ 0% AUX@45.5C CPU@47C thermal@46.1C AO@45.5C GPU@45.5C PMIC@50C
10-01-2026 11:18:20 RAM 4993/6833MB (lfb 3x4MB) SWAP 44/3417MB (cached 0MB) CPU [10%@1420,45%@1420,14%@1420,13%@1420,9%@1420,42%@1420] EMC_FREQ 0% GR3D_FREQ 99% AUX@45.5C CPU@47C thermal@46.1C AO@45.5C GPU@46.5C PMIC@50C
10-01-2026 11:18:20 RAM 4993/6833MB (lfb 3x4MB) SWAP 44/3417MB (cached 0MB) CPU [63%@1420,52%@1420,10%@1420,5%@1420,9%@1420,10%@1420] EMC_FREQ 0% GR3D_FREQ 0% AUX@45.5C CPU@47C thermal@46.1C AO@46C GPU@46.5C PMIC@50C
10-01-2026 11:18:20 RAM 4937/6833MB (lfb 3x4MB) SWAP 44/3417MB (cached 0MB) CPU [72%@1420,14%@1420,9%@1420,20%@1420,0%@1420,10%@1420] EMC_FREQ 0% GR3D_FREQ 0% AUX@45.5C CPU@47.5C thermal@46.1C AO@46C GPU@46C PMIC@50C
10-01-2026 11:18:20 RAM 4938/6833MB (lfb 3x4MB) SWAP 44/3417MB (cached 0MB) CPU [65%@1420,35%@1420,9%@1420,9%@1420,18%@1420,14%@1420] EMC_FREQ 0% GR3D_FREQ 0% AUX@46C CPU@47C thermal@46.1C AO@46C GPU@46.5C PMIC@50C
10-01-2026 11:18:20 RAM 4939/6833MB (lfb 3x4MB) SWAP 44/3417MB (cached 0MB) CPU [13%@1420,20%@1420,80%@1420,5%@1420,5%@1420,5%@1420] EMC_FREQ 0% GR3D_FREQ 0% AUX@46C CPU@47C thermal@46.1C AO@46C GPU@46C PMIC@50C
10-01-2026 11:18:21 RAM 4945/6833MB (lfb 3x4MB) SWAP 44/3417MB (cached 0MB) CPU [10%@1420,9%@1420,70%@1420,13%@1420,9%@1420,14%@1420] EMC_FREQ 0% GR3D_FREQ 0% AUX@45.5C CPU@47C thermal@46.1C AO@46C GPU@46C PMIC@50C
10-01-2026 11:18:21 RAM 4948/6833MB (lfb 3x4MB) SWAP 44/3417MB (cached 0MB) CPU [5%@1420,5%@1420,28%@1420,9%@1420,36%@1420,19%@1420] EMC_FREQ 0% GR3D_FREQ 0% AUX@46C CPU@47C thermal@46.1C AO@46C GPU@46C PMIC@50C
10-01-2026 11:18:21 RAM 4949/6833MB (lfb 3x4MB) SWAP 44/3417MB (cached 0MB) CPU [19%@1420,5%@1420,9%@1420,20%@1420,59%@1420,15%@1420] EMC_FREQ 0% GR3D_FREQ 0% AUX@46C CPU@47C thermal@46.1C AO@45.5C GPU@46C PMIC@50C
10-01-2026 11:18:21 RAM 4949/6833MB (lfb 3x4MB) SWAP 44/3417MB (cached 0MB) CPU [25%@1190,19%@1420,10%@1420,5%@1420,68%@1420,14%@1420] EMC_FREQ 0% GR3D_FREQ 0% AUX@45.5C CPU@47C thermal@46.1C AO@46C GPU@46C PMIC@50C
10-01-2026 11:18:22 RAM 4949/6833MB (lfb 3x4MB) SWAP 44/3417MB (cached 0MB) CPU [14%@1420,90%@1420,5%@1420,5%@1420,4%@1420,9%@1420] EMC_FREQ 0% GR3D_FREQ 0% AUX@45.5C CPU@47C thermal@46.1C AO@45.5C GPU@46C PMIC@50C
10-01-2026 11:18:22 RAM 4950/6833MB (lfb 3x4MB) SWAP 44/3417MB (cached 0MB) CPU [14%@1420,35%@1420,9%@1420,9%@1420,9%@1420,20%@1420] EMC_FREQ 0% GR3D_FREQ 0% AUX@45.5C CPU@47C thermal@46.1C AO@45.5C GPU@46C PMIC@50C
10-01-2026 11:18:22 RAM 4951/6833MB (lfb 3x4MB) SWAP 44/3417MB (cached 0MB) CPU [4%@1420,72%@1420,9%@1420,4%@1420,5%@1420,5%@1420] EMC_FREQ 0% GR3D_FREQ 0% AUX@45.5C CPU@47C thermal@46.1C AO@46C GPU@46C PMIC@50C
10-01-2026 11:18:22 RAM 4968/6833MB (lfb 3x4MB) SWAP 44/3417MB (cached 0MB) CPU [10%@1420,15%@1420,75%@1420,30%@1420,5%@1420,15%@1420] EMC_FREQ 0% GR3D_FREQ 0% AUX@45.5C CPU@47C thermal@46.1C AO@45.5C GPU@45.5C PMIC@50C
10-01-2026 11:18:22 RAM 4984/6833MB (lfb 3x4MB) SWAP 44/3417MB (cached 0MB) CPU [26%@1420,21%@1420,11%@1420,80%@1420,18%@1420,19%@1420] EMC_FREQ 0% GR3D_FREQ 0% AUX@46C CPU@47C thermal@46.1C AO@45.5C GPU@46C PMIC@50C
10-01-2026 11:18:23 RAM 4984/6833MB (lfb 3x4MB) SWAP 44/3417MB (cached 0MB) CPU [25%@1420,10%@1420,34%@1420,86%@1420,5%@1420,36%@1420] EMC_FREQ 0% GR3D_FREQ 0% AUX@45.5C CPU@47.5C thermal@46.1C AO@45.5C GPU@46C PMIC@50C
10-01-2026 11:18:23 RAM 4984/6833MB (lfb 3x4MB) SWAP 44/3417MB (cached 0MB) CPU [31%@1420,25%@1420,22%@1420,73%@1420,5%@1420,45%@1420] EMC_FREQ 0% GR3D_FREQ 0% AUX@46C CPU@47C thermal@46.1C AO@45.5C GPU@46C PMIC@50C
10-01-2026 11:18:23 RAM 4977/6833MB (lfb 3x4MB) SWAP 44/3417MB (cached 0MB) CPU [10%@1420,21%@1420,26%@1420,50%@1420,19%@1420,0%@1420] EMC_FREQ 0% GR3D_FREQ 0% AUX@45.5C CPU@47C thermal@46.1C AO@46C GPU@46C PMIC@50C
10-01-2026 11:18:23 RAM 4980/6833MB (lfb 4x4MB) SWAP 44/3417MB (cached 0MB) CPU [15%@1420,19%@1420,5%@1420,30%@1420,50%@1420,9%@1420] EMC_FREQ 0% GR3D_FREQ 0% AUX@46C CPU@47C thermal@46.1C AO@45.5C GPU@45.5C PMIC@50C
10-01-2026 11:18:23 RAM 4987/6833MB (lfb 4x4MB) SWAP 44/3417MB (cached 0MB) CPU [5%@1420,21%@1420,10%@1420,14%@1420,47%@1420,30%@1420] EMC_FREQ 0% GR3D_FREQ 0% AUX@45.5C CPU@47C thermal@46.1C AO@45.5C GPU@46C PMIC@50C
10-01-2026 11:18:24 RAM 4993/6833MB (lfb 4x4MB) SWAP 44/3417MB (cached 0MB) CPU [72%@1420,60%@1420,60%@1420,84%@1420,71%@1420,84%@1420] EMC_FREQ 0% GR3D_FREQ 0% AUX@45.5C CPU@47.5C thermal@46.1C AO@45.5C GPU@45.5C PMIC@50C
10-01-2026 11:18:24 RAM 4993/6833MB (lfb 4x4MB) SWAP 44/3417MB (cached 0MB) CPU [15%@1190,19%@1190,5%@1190,40%@1190,21%@1190,9%@1190] EMC_FREQ 0% GR3D_FREQ 0% AUX@45.5C CPU@47C thermal@46.15C AO@45.5C GPU@46C PMIC@50C
10-01-2026 11:18:24 RAM 5084/6833MB (lfb 4x4MB) SWAP 44/3417MB (cached 0MB) CPU [90%@1420,89%@1420,80%@1420,72%@1420,90%@1420,94%@1420] EMC_FREQ 0% GR3D_FREQ 0% AUX@45.5C CPU@47C thermal@46.15C AO@45.5C GPU@45.5C PMIC@50C
10-01-2026 11:18:24 RAM 5108/6833MB (lfb 3x4MB) SWAP 44/3417MB (cached 0MB) CPU [35%@1420,36%@1420,20%@1420,30%@1420,90%@1420,27%@1420] EMC_FREQ 0% GR3D_FREQ 0% AUX@45.5C CPU@47C thermal@46.15C AO@45.5C GPU@45.5C PMIC@50C
10-01-2026 11:18:24 RAM 5109/6833MB (lfb 3x4MB) SWAP 44/3417MB (cached 0MB) CPU [5%@1420,10%@1420,0%@1420,0%@1420,90%@1420,5%@1420] EMC_FREQ 0% GR3D_FREQ 0% AUX@45.5C CPU@47C thermal@46.15C AO@45.5C GPU@45.5C PMIC@50C
10-01-2026 11:18:25 RAM 5172/6833MB (lfb 2x4MB) SWAP 44/3417MB (cached 0MB) CPU [57%@1420,42%@1420,52%@1420,26%@1420,33%@1420,38%@1420] EMC_FREQ 0% GR3D_FREQ 0% AUX@45.5C CPU@47C thermal@46.15C AO@45.5C GPU@45.5C PMIC@50C
10-01-2026 11:18:25 RAM 5215/6833MB (lfb 2x4MB) SWAP 44/3417MB (cached 0MB) CPU [80%@1420,31%@1420,33%@1420,19%@1420,94%@1420,27%@1420] EMC_FREQ 0% GR3D_FREQ 0% AUX@45.5C CPU@47C thermal@46.15C AO@45.5C GPU@45.5C PMIC@50C
10-01-2026 11:18:25 RAM 5257/6833MB (lfb 2x4MB) SWAP 44/3417MB (cached 0MB) CPU [38%@1420,22%@1420,78%@1420,50%@1420,100%@1420,15%@1420] EMC_FREQ 0% GR3D_FREQ 0% AUX@45.5C CPU@47C thermal@45.95C AO@45.5C GPU@45.5C PMIC@50C
10-01-2026 11:18:25 RAM 5293/6833MB (lfb 1x4MB) SWAP 45/3417MB (cached 0MB) CPU [39%@1420,33%@1420,85%@1420,28%@1420,100%@1420,23%@1420] EMC_FREQ 0% GR3D_FREQ 0% AUX@45.5C CPU@47C thermal@45.95C AO@45.5C GPU@45.5C PMIC@50C
10-01-2026 11:18:25 RAM 5327/6833MB (lfb 1x4MB) SWAP 47/3417MB (cached 0MB) CPU [20%@1420,15%@1420,72%@1420,47%@1420,95%@1420,14%@1420] EMC_FREQ 0% GR3D_FREQ 0% AUX@45.5C CPU@47C thermal@45.95C AO@45.5C GPU@45.5C PMIC@50C
10-01-2026 11:18:26 RAM 5161/6833MB (lfb 2x4MB) SWAP 47/3417MB (cached 0MB) CPU [50%@1420,50%@1420,15%@1420,57%@1420,50%@1420,28%@1420] EMC_FREQ 0% GR3D_FREQ 0% AUX@45.5C CPU@47C thermal@45.95C AO@45.5C GPU@45.5C PMIC@50C
10-01-2026 11:18:26 RAM 5166/6833MB (lfb 2x4MB) SWAP 47/3417MB (cached 0MB) CPU [71%@1420,78%@1420,47%@1420,40%@1420,61%@1420,75%@1420] EMC_FREQ 0% GR3D_FREQ 99% AUX@45.5C CPU@47.5C thermal@45.95C AO@46C GPU@47C PMIC@50C
10-01-2026 11:18:26 RAM 5108/6833MB (lfb 2x4MB) SWAP 47/3417MB (cached 0MB) CPU [5%@1190,5%@1190,0%@1190,5%@1190,15%@1190,27%@1190] EMC_FREQ 0% GR3D_FREQ 0% AUX@45.5C CPU@47C thermal@46.25C AO@46C GPU@46C PMIC@50C
10-01-2026 11:18:26 RAM 5108/6833MB (lfb 2x4MB) SWAP 47/3417MB (cached 0MB) CPU [90%@1420,95%@1420,90%@1420,95%@1420,95%@1420,100%@1420] EMC_FREQ 0% GR3D_FREQ 0% AUX@45.5C CPU@47.5C thermal@46.25C AO@46C GPU@46C PMIC@50C
10-01-2026 11:18:26 RAM 5054/6833MB (lfb 2x4MB) SWAP 47/3417MB (cached 0MB) CPU [20%@1420,19%@1420,15%@1420,19%@1420,36%@1420,95%@1420] EMC_FREQ 0% GR3D_FREQ 0% AUX@46C CPU@47.5C thermal@46.25C AO@45.5C GPU@46C PMIC@50C
10-01-2026 11:18:27 RAM 5055/6833MB (lfb 2x4MB) SWAP 47/3417MB (cached 0MB) CPU [18%@1420,35%@1420,5%@1420,5%@1420,10%@1420,63%@1420] EMC_FREQ 0% GR3D_FREQ 0% AUX@45.5C CPU@47C thermal@46.25C AO@45.5C GPU@46C PMIC@50C
10-01-2026 11:18:27 RAM 5055/6833MB (lfb 2x4MB) SWAP 47/3417MB (cached 0MB) CPU [5%@1420,90%@1420,13%@1420,9%@1420,27%@1420,0%@1420] EMC_FREQ 0% GR3D_FREQ 0% AUX@45.5C CPU@47C thermal@46.25C AO@45.5C GPU@46C PMIC@50C
10-01-2026 11:18:27 RAM 5071/6833MB (lfb 2x4MB) SWAP 47/3417MB (cached 0MB) CPU [45%@1420,15%@1420,11%@1420,20%@1420,40%@1420,40%@1420] EMC_FREQ 0% GR3D_FREQ 0% AUX@46C CPU@47C thermal@46.25C AO@45.5C GPU@46C PMIC@50C
10-01-2026 11:18:27 RAM 5071/6833MB (lfb 2x4MB) SWAP 47/3417MB (cached 0MB) CPU [21%@1420,14%@1420,40%@1420,16%@1420,42%@1420,38%@1420] EMC_FREQ 0% GR3D_FREQ 0% AUX@46C CPU@47C thermal@46.15C AO@45.5C GPU@46C PMIC@50C
10-01-2026 11:18:27 RAM 5071/6833MB (lfb 2x4MB) SWAP 47/3417MB (cached 0MB) CPU [16%@1420,15%@1420,60%@1420,45%@1420,15%@1420,47%@1420] EMC_FREQ 0% GR3D_FREQ 0% AUX@45.5C CPU@47C thermal@46.15C AO@45.5C GPU@46C PMIC@50C
10-01-2026 11:18:28 RAM 5065/6833MB (lfb 2x4MB) SWAP 47/3417MB (cached 0MB) CPU [5%@1420,20%@1420,69%@1420,23%@1420,9%@1420,14%@1420] EMC_FREQ 0% GR3D_FREQ 0% AUX@46C CPU@47C thermal@46.15C AO@45.5C GPU@45.5C PMIC@50C
10-01-2026 11:18:28 RAM 5065/6833MB (lfb 2x4MB) SWAP 47/3417MB (cached 0MB) CPU [65%@1420,20%@1420,45%@1420,15%@1420,15%@1420,45%@1420] EMC_FREQ 0% GR3D_FREQ 0% AUX@45.5C CPU@47C thermal@46.15C AO@45.5C GPU@46C PMIC@50C
10-01-2026 11:18:28 RAM 5066/6833MB (lfb 2x4MB) SWAP 47/3417MB (cached 0MB) CPU [55%@1420,52%@1420,55%@1420,77%@1420,60%@1420,90%@1420] EMC_FREQ 0% GR3D_FREQ 0% AUX@45.5C CPU@47.5C thermal@46.15C AO@45.5C GPU@45.5C PMIC@50C
10-01-2026 11:18:28 RAM 5065/6833MB (lfb 2x4MB) SWAP 47/3417MB (cached 0MB) CPU [10%@1420,14%@1420,9%@1420,5%@1420,23%@1420,0%@1420] EMC_FREQ 0% GR3D_FREQ 0% AUX@45.5C CPU@46.5C thermal@46.1C AO@45.5C GPU@45.5C PMIC@50C
10-01-2026 11:18:28 RAM 5114/6833MB (lfb 2x4MB) SWAP 47/3417MB (cached 0MB) CPU [63%@1420,65%@1420,100%@1420,65%@1420,63%@1420,61%@1420] EMC_FREQ 0% GR3D_FREQ 0% AUX@45.5C CPU@47C thermal@46.1C AO@45.5C GPU@45.5C PMIC@50C
10-01-2026 11:18:29 RAM 5114/6833MB (lfb 2x4MB) SWAP 47/3417MB (cached 0MB) CPU [9%@1420,19%@1420,95%@1420,14%@1420,9%@1420,4%@1420] EMC_FREQ 0% GR3D_FREQ 0% AUX@45.5C CPU@47C thermal@46.1C AO@45.5C GPU@46C PMIC@50C
10-01-2026 11:18:29 RAM 5122/6833MB (lfb 2x4MB) SWAP 47/3417MB (cached 0MB) CPU [21%@1420,63%@1420,14%@1420,10%@1420,16%@1420,25%@1420] EMC_FREQ 0% GR3D_FREQ 0% AUX@45.5C CPU@47.5C thermal@46.1C AO@45.5C GPU@46C PMIC@50C
10-01-2026 11:18:29 RAM 5124/6833MB (lfb 1x4MB) SWAP 47/3417MB (cached 0MB) CPU [60%@1420,39%@1420,0%@1420,0%@1420,11%@1420,21%@1420] EMC_FREQ 0% GR3D_FREQ 0% AUX@45.5C CPU@47C thermal@46.1C AO@45.5C GPU@45.5C PMIC@50C
10-01-2026 11:18:29 RAM 5124/6833MB (lfb 1x4MB) SWAP 47/3417MB (cached 0MB) CPU [22%@1420,20%@1420,63%@1420,11%@1420,20%@1420,20%@1420] EMC_FREQ 0% GR3D_FREQ 0% AUX@45.5C CPU@47C thermal@46.1C AO@45.5C GPU@46C PMIC@50C
10-01-2026 11:18:29 RAM 5124/6833MB (lfb 1x4MB) SWAP 47/3417MB (cached 0MB) CPU [10%@1420,5%@1420,81%@1420,10%@1420,27%@1420,10%@1420] EMC_FREQ 0% GR3D_FREQ 0% AUX@45.5C CPU@47.5C thermal@45.95C AO@45.5C GPU@46C PMIC@50C
10-01-2026 11:18:30 RAM 5122/6833MB (lfb 1x4MB) SWAP 47/3417MB (cached 0MB) CPU [10%@1420,0%@1420,73%@1420,13%@1420,0%@1420,10%@1420] EMC_FREQ 0% GR3D_FREQ 0% AUX@45.5C CPU@46.5C thermal@45.95C AO@45.5C GPU@46C PMIC@50C
10-01-2026 11:18:30 RAM 5122/6833MB (lfb 1x4MB) SWAP 47/3417MB (cached 0MB) CPU [76%@1420,45%@1420,10%@1420,19%@1420,57%@1420,45%@1420] EMC_FREQ 0% GR3D_FREQ 0% AUX@45.5C CPU@47C thermal@45.95C AO@45.5C GPU@45.5C PMIC@50C
10-01-2026 11:18:30 RAM 5122/6833MB (lfb 1x4MB) SWAP 47/3417MB (cached 0MB) CPU [35%@1190,30%@1420,61%@1420,25%@1420,30%@1420,35%@1420] EMC_FREQ 0% GR3D_FREQ 0% AUX@45.5C CPU@47C thermal@45.95C AO@45.5C GPU@45.5C PMIC@50C
10-01-2026 11:18:30 RAM 5101/6833MB (lfb 1x4MB) SWAP 47/3417MB (cached 0MB) CPU [47%@1420,30%@1420,42%@1420,35%@1420,47%@1420,36%@1420] EMC_FREQ 0% GR3D_FREQ 0% AUX@45.5C CPU@47.5C thermal@45.95C AO@45.5C GPU@45.5C PMIC@50C
10-01-2026 11:18:31 RAM 5068/6833MB (lfb 1x4MB) SWAP 47/3417MB (cached 0MB) CPU [10%@1420,0%@1420,100%@1420,0%@1420,5%@1420,5%@1420] EMC_FREQ 0% GR3D_FREQ 0% AUX@45.5C CPU@46.5C thermal@45.8C AO@45.5C GPU@45.5C PMIC@50C
10-01-2026 11:18:31 RAM 5070/6833MB (lfb 1x4MB) SWAP 47/3417MB (cached 0MB) CPU [5%@1420,10%@1420,45%@1420,10%@1420,19%@1420,55%@1420] EMC_FREQ 0% GR3D_FREQ 0% AUX@45.5C CPU@47C thermal@45.8C AO@45.5C GPU@45.5C PMIC@50C
10-01-2026 11:18:31 RAM 5269/6833MB (lfb 28x1MB) SWAP 47/3417MB (cached 0MB) CPU [25%@1420,30%@1420,70%@1420,36%@1420,84%@1420,30%@1420] EMC_FREQ 0% GR3D_FREQ 0% AUX@45.5C CPU@47C thermal@45.8C AO@45C GPU@45.5C PMIC@50C
10-01-2026 11:18:31 RAM 5325/6833MB (lfb 18x1MB) SWAP 47/3417MB (cached 0MB) CPU [25%@1420,23%@1420,28%@1420,84%@1420,47%@1420,63%@1420] EMC_FREQ 0% GR3D_FREQ 0% AUX@45.5C CPU@47C thermal@45.8C AO@45C GPU@45.5C PMIC@50C
10-01-2026 11:18:31 RAM 5160/6833MB (lfb 4x4MB) SWAP 47/3417MB (cached 0MB) CPU [25%@1420,25%@1420,15%@1420,82%@1420,21%@1420,86%@1420] EMC_FREQ 0% GR3D_FREQ 0% AUX@45.5C CPU@47C thermal@45.8C AO@45.5C GPU@45.5C PMIC@50C
10-01-2026 11:18:32 RAM 5126/6833MB (lfb 9x4MB) SWAP 47/3417MB (cached 0MB) CPU [50%@1420,21%@1420,20%@1420,40%@1420,47%@1420,26%@1420] EMC_FREQ 0% GR3D_FREQ 99% AUX@45.5C CPU@47C thermal@45.8C AO@45.5C GPU@46C PMIC@50C
10-01-2026 11:18:32 RAM 5068/6833MB (lfb 9x4MB) SWAP 47/3417MB (cached 0MB) CPU [61%@1420,22%@1420,5%@1420,5%@1420,5%@1420,50%@1420] EMC_FREQ 0% GR3D_FREQ 15% AUX@45.5C CPU@47C thermal@46.25C AO@46C GPU@46.5C PMIC@50C
10-01-2026 11:18:32 RAM 5068/6833MB (lfb 9x4MB) SWAP 47/3417MB (cached 0MB) CPU [59%@1420,36%@1420,63%@1420,65%@1420,57%@1420,66%@1420] EMC_FREQ 0% GR3D_FREQ 0% AUX@45.5C CPU@47.5C thermal@46.25C AO@45.5C GPU@46C PMIC@50C
10-01-2026 11:18:32 RAM 5068/6833MB (lfb 9x4MB) SWAP 47/3417MB (cached 0MB) CPU [4%@1420,5%@1420,10%@1420,5%@1420,47%@1420,5%@1420] EMC_FREQ 0% GR3D_FREQ 0% AUX@45.5C CPU@46.5C thermal@46.25C AO@45.5C GPU@45.5C PMIC@50C
10-01-2026 11:18:32 RAM 5117/6833MB (lfb 9x4MB) SWAP 47/3417MB (cached 0MB) CPU [100%@1420,78%@1420,73%@1420,80%@1420,65%@1420,73%@1420] EMC_FREQ 0% GR3D_FREQ 0% AUX@45.5C CPU@47C thermal@46.25C AO@45.5C GPU@45.5C PMIC@50C
10-01-2026 11:18:33 RAM 5117/6833MB (lfb 9x4MB) SWAP 47/3417MB (cached 0MB) CPU [95%@1420,18%@1420,20%@1420,25%@1420,0%@1420,5%@1420] EMC_FREQ 0% GR3D_FREQ 0% AUX@45.5C CPU@46.5C thermal@46.25C AO@45.5C GPU@45.5C PMIC@50C
10-01-2026 11:18:33 RAM 5121/6833MB (lfb 9x4MB) SWAP 47/3417MB (cached 0MB) CPU [35%@1420,5%@1420,21%@1420,9%@1420,63%@1420,10%@1420] EMC_FREQ 0% GR3D_FREQ 0% AUX@45.5C CPU@47C thermal@45.95C AO@45.5C GPU@45.5C PMIC@50C
10-01-2026 11:18:33 RAM 5122/6833MB (lfb 9x4MB) SWAP 47/3417MB (cached 0MB) CPU [5%@1420,10%@1420,73%@1420,15%@1420,15%@1420,20%@1420] EMC_FREQ 0% GR3D_FREQ 0% AUX@45.5C CPU@46.5C thermal@45.95C AO@45.5C GPU@45.5C PMIC@50C
10-01-2026 11:18:33 RAM 5122/6833MB (lfb 9x4MB) SWAP 47/3417MB (cached 0MB) CPU [31%@1420,22%@1420,82%@1420,5%@1420,5%@1420,34%@1420] EMC_FREQ 0% GR3D_FREQ 0% AUX@45.5C CPU@47C thermal@45.95C AO@45.5C GPU@45.5C PMIC@50C
10-01-2026 11:18:33 RAM 5122/6833MB (lfb 9x4MB) SWAP 47/3417MB (cached 0MB) CPU [15%@1420,11%@1420,73%@1420,0%@1420,10%@1420,10%@1420] EMC_FREQ 0% GR3D_FREQ 0% AUX@45.5C CPU@46.5C thermal@45.95C AO@45.5C GPU@45.5C PMIC@50C
10-01-2026 11:18:34 RAM 5119/6833MB (lfb 9x4MB) SWAP 47/3417MB (cached 0MB) CPU [10%@1420,10%@1420,19%@1420,65%@1420,10%@1420,15%@1420] EMC_FREQ 0% GR3D_FREQ 0% AUX@45.5C CPU@46.5C thermal@45.95C AO@45.5C GPU@45.5C PMIC@50C
10-01-2026 11:18:34 RAM 5120/6833MB (lfb 9x4MB) SWAP 47/3417MB (cached 0MB) CPU [30%@1420,26%@1420,26%@1420,20%@1420,30%@1420,77%@1420] EMC_FREQ 0% GR3D_FREQ 0% AUX@45.5C CPU@46.5C thermal@45.95C AO@45C GPU@45.5C PMIC@50C
10-01-2026 11:18:34 RAM 5120/6833MB (lfb 9x4MB) SWAP 47/3417MB (cached 0MB) CPU [36%@1190,35%@1420,66%@1420,26%@1420,47%@1420,35%@1420] EMC_FREQ 0% GR3D_FREQ 0% AUX@45.5C CPU@46.5C thermal@45.8C AO@45.5C GPU@45.5C PMIC@50C
10-01-2026 11:18:34 RAM 5120/6833MB (lfb 9x4MB) SWAP 47/3417MB (cached 0MB) CPU [31%@1420,33%@1420,40%@1420,42%@1420,40%@1420,45%@1420] EMC_FREQ 0% GR3D_FREQ 0% AUX@45.5C CPU@47C thermal@45.8C AO@45.5C GPU@45.5C PMIC@50C
10-01-2026 11:18:34 RAM 5067/6833MB (lfb 9x4MB) SWAP 47/3417MB (cached 0MB) CPU [15%@1420,10%@1420,18%@1420,9%@1420,100%@1420,10%@1420] EMC_FREQ 0% GR3D_FREQ 0% AUX@45.5C CPU@46.5C thermal@45.8C AO@45C GPU@45.5C PMIC@50C
10-01-2026 11:18:35 RAM 5068/6833MB (lfb 9x4MB) SWAP 47/3417MB (cached 0MB) CPU [15%@1420,9%@1420,0%@1420,5%@1420,66%@1420,40%@1420] EMC_FREQ 0% GR3D_FREQ 0% AUX@45.5C CPU@46.5C thermal@45.8C AO@45C GPU@45.5C PMIC@50C
10-01-2026 11:18:35 RAM 5072/6833MB (lfb 9x4MB) SWAP 47/3417MB (cached 0MB) CPU [42%@1420,15%@1420,10%@1420,44%@1420,0%@1420,42%@1420] EMC_FREQ 0% GR3D_FREQ 0% AUX@45.5C CPU@46.5C thermal@45.8C AO@45.5C GPU@45.5C PMIC@50C
10-01-2026 11:18:35 RAM 5072/6833MB (lfb 9x4MB) SWAP 47/3417MB (cached 0MB) CPU [36%@1420,23%@1420,33%@1420,90%@1420,36%@1420,20%@1420] EMC_FREQ 0% GR3D_FREQ 0% AUX@45C CPU@46.5C thermal@45.8C AO@45C GPU@45.5C PMIC@50C
10-01-2026 11:18:35 RAM 5072/6833MB (lfb 9x4MB) SWAP 47/3417MB (cached 0MB) CPU [50%@1420,50%@1420,5%@1420,9%@1420,20%@1420,16%@1420] EMC_FREQ 0% GR3D_FREQ 0% AUX@45.5C CPU@46.5C thermal@45.8C AO@45C GPU@45.5C PMIC@50C
10-01-2026 11:18:35 RAM 5069/6833MB (lfb 9x4MB) SWAP 47/3417MB (cached 0MB) CPU [40%@1420,15%@1420,30%@1420,25%@1420,19%@1420,18%@1420] EMC_FREQ 0% GR3D_FREQ 0% AUX@45.5C CPU@46.5C thermal@45.8C AO@45.5C GPU@45.5C PMIC@50C
10-01-2026 11:18:36 RAM 5069/6833MB (lfb 9x4MB) SWAP 47/3417MB (cached 0MB) CPU [10%@1420,10%@1420,40%@1420,9%@1420,50%@1420,10%@1420] EMC_FREQ 0% GR3D_FREQ 0% AUX@45.5C CPU@46.5C thermal@45.8C AO@45.5C GPU@45C PMIC@50C
10-01-2026 11:18:36 RAM 5069/6833MB (lfb 9x4MB) SWAP 47/3417MB (cached 0MB) CPU [57%@1420,66%@1420,57%@1420,25%@1420,80%@1420,65%@1420] EMC_FREQ 0% GR3D_FREQ 0% AUX@45.5C CPU@46.5C thermal@45.8C AO@45C GPU@45.5C PMIC@50C
10-01-2026 11:18:36 RAM 5069/6833MB (lfb 9x4MB) SWAP 47/3417MB (cached 0MB) CPU [55%@1420,15%@1420,5%@1420,9%@1420,9%@1420,10%@1420] EMC_FREQ 0% GR3D_FREQ 0% AUX@45.5C CPU@46C thermal@45.8C AO@45.5C GPU@45C PMIC@50C
10-01-2026 11:18:36 RAM 5118/6833MB (lfb 9x4MB) SWAP 47/3417MB (cached 0MB) CPU [57%@1420,66%@1420,66%@1420,66%@1420,100%@1420,65%@1420] EMC_FREQ 0% GR3D_FREQ 0% AUX@45.5C CPU@46.5C thermal@45.95C AO@45.5C GPU@45C PMIC@50C
10-01-2026 11:18:36 RAM 5118/6833MB (lfb 9x4MB) SWAP 47/3417MB (cached 0MB) CPU [0%@1420,10%@1420,9%@1420,5%@1420,95%@1420,0%@1420] EMC_FREQ 0% GR3D_FREQ 0% AUX@45C CPU@46.5C thermal@45.95C AO@45C GPU@45.5C PMIC@50C
10-01-2026 11:18:37 RAM 5321/6833MB (lfb 21x1MB) SWAP 47/3417MB (cached 0MB) CPU [25%@1420,31%@1420,35%@1420,30%@1420,40%@1420,84%@1420] EMC_FREQ 0% GR3D_FREQ 0% AUX@45C CPU@46.5C thermal@45.95C AO@45C GPU@45C PMIC@50C
10-01-2026 11:18:37 RAM 5356/6833MB (lfb 14x1MB) SWAP 47/3417MB (cached 0MB) CPU [28%@1420,55%@1420,50%@1420,66%@1420,75%@1420,42%@1420] EMC_FREQ 0% GR3D_FREQ 0% AUX@45.5C CPU@46.5C thermal@45.95C AO@45C GPU@45.5C PMIC@50C
10-01-2026 11:18:37 RAM 5388/6833MB (lfb 19x1MB) SWAP 47/3417MB (cached 0MB) CPU [19%@1420,20%@1420,52%@1420,45%@1420,100%@1420,36%@1420] EMC_FREQ 0% GR3D_FREQ 0% AUX@45.5C CPU@46.5C thermal@45.95C AO@45C GPU@45C PMIC@50C
10-01-2026 11:18:37 RAM 5181/6833MB (lfb 5x4MB) SWAP 47/3417MB (cached 0MB) CPU [28%@1420,33%@1420,30%@1420,81%@1420,78%@1420,22%@1420] EMC_FREQ 0% GR3D_FREQ 0% AUX@45C CPU@46.5C thermal@45.65C AO@45C GPU@45C PMIC@50C
10-01-2026 11:18:37 RAM 5178/6833MB (lfb 5x4MB) SWAP 47/3417MB (cached 0MB) CPU [75%@1420,10%@1420,18%@1420,20%@1420,15%@1420,15%@1420] EMC_FREQ 0% GR3D_FREQ 99% AUX@45.5C CPU@46.5C thermal@45.65C AO@45.5C GPU@46.5C PMIC@50C
10-01-2026 11:18:38 RAM 5120/6833MB (lfb 5x4MB) SWAP 47/3417MB (cached 0MB) CPU [10%@1420,72%@1420,38%@1420,40%@1420,33%@1420,40%@1420] EMC_FREQ 0% GR3D_FREQ 0% AUX@45C CPU@46.5C thermal@45.65C AO@45.5C GPU@46C PMIC@50C
10-01-2026 11:18:38 RAM 5121/6833MB (lfb 5x4MB) SWAP 47/3417MB (cached 0MB) CPU [10%@1190,33%@1190,52%@1190,50%@1190,40%@1420,47%@1420] EMC_FREQ 0% GR3D_FREQ 0% AUX@45.5C CPU@46.5C thermal@45.65C AO@45.5C GPU@45.5C PMIC@50C
10-01-2026 11:18:38 RAM 5121/6833MB (lfb 5x4MB) SWAP 47/3417MB (cached 0MB) CPU [38%@1420,35%@1420,35%@1420,38%@1420,30%@1420,38%@1420] EMC_FREQ 0% GR3D_FREQ 0% AUX@45C CPU@47C thermal@45.65C AO@45.5C GPU@45.5C PMIC@50C
10-01-2026 11:18:38 RAM 5068/6833MB (lfb 5x4MB) SWAP 47/3417MB (cached 0MB) CPU [100%@1420,14%@1420,9%@1420,5%@1420,15%@1420,17%@1420] EMC_FREQ 0% GR3D_FREQ 0% AUX@45C CPU@46.5C thermal@45.65C AO@45C GPU@45.5C PMIC@50C
10-01-2026 11:18:38 RAM 5069/6833MB (lfb 5x4MB) SWAP 47/3417MB (cached 0MB) CPU [65%@1420,40%@1420,5%@1420,14%@1420,5%@1420,0%@1420] EMC_FREQ 0% GR3D_FREQ 0% AUX@45.5C CPU@46.5C thermal@45.6C AO@45.5C GPU@45.5C PMIC@50C
10-01-2026 11:18:39 RAM 5073/6833MB (lfb 5x4MB) SWAP 47/3417MB (cached 0MB) CPU [5%@1420,36%@1420,63%@1420,29%@1420,5%@1420,15%@1420] EMC_FREQ 0% GR3D_FREQ 0% AUX@45.5C CPU@46.5C thermal@45.6C AO@45C GPU@45.5C PMIC@50C
10-01-2026 11:18:39 RAM 5073/6833MB (lfb 5x4MB) SWAP 47/3417MB (cached 0MB) CPU [14%@1420,10%@1420,10%@1420,77%@1420,20%@1420,15%@1420] EMC_FREQ 0% GR3D_FREQ 0% AUX@45.5C CPU@46.5C thermal@45.6C AO@45.5C GPU@45.5C PMIC@50C
10-01-2026 11:18:39 RAM 5073/6833MB (lfb 5x4MB) SWAP 47/3417MB (cached 0MB) CPU [19%@1420,10%@1420,5%@1420,33%@1420,25%@1420,57%@1420] EMC_FREQ 0% GR3D_FREQ 0% AUX@45.5C CPU@47C thermal@45.6C AO@45.5C GPU@45.5C PMIC@50C
10-01-2026 11:18:39 RAM 5069/6833MB (lfb 5x4MB) SWAP 47/3417MB (cached 0MB) CPU [15%@1420,15%@1420,18%@1420,42%@1420,21%@1420,45%@1420] EMC_FREQ 0% GR3D_FREQ 0% AUX@45C CPU@46.5C thermal@45.6C AO@45C GPU@45.5C PMIC@50C
10-01-2026 11:18:39 RAM 5069/6833MB (lfb 5x4MB) SWAP 47/3417MB (cached 0MB) CPU [10%@1420,15%@1420,5%@1420,36%@1420,63%@1420,20%@1420] EMC_FREQ 0% GR3D_FREQ 0% AUX@45C CPU@46.5C thermal@45.6C AO@45C GPU@45.5C PMIC@50C
10-01-2026 11:18:40 RAM 5070/6833MB (lfb 5x4MB) SWAP 47/3417MB (cached 0MB) CPU [85%@1420,38%@1420,47%@1420,26%@1420,55%@1420,63%@1420] EMC_FREQ 0% GR3D_FREQ 0% AUX@45.5C CPU@46.5C thermal@45.6C AO@45.5C GPU@45.5C PMIC@50C
10-01-2026 11:18:40 RAM 5070/6833MB (lfb 5x4MB) SWAP 47/3417MB (cached 0MB) CPU [13%@1420,18%@1420,5%@1420,21%@1420,5%@1420,10%@1420] EMC_FREQ 0% GR3D_FREQ 0% AUX@45C CPU@46.5C thermal@45.6C AO@45C GPU@45.5C PMIC@50C
10-01-2026 11:18:40 RAM 5117/6833MB (lfb 5x4MB) SWAP 47/3417MB (cached 0MB) CPU [60%@1420,47%@1420,85%@1420,57%@1420,76%@1420,61%@1420] EMC_FREQ 0% GR3D_FREQ 0% AUX@45.5C CPU@46.5C thermal@45.6C AO@45C GPU@45.5C PMIC@50C
10-01-2026 11:18:40 RAM 5117/6833MB (lfb 5x4MB) SWAP 47/3417MB (cached 0MB) CPU [9%@1420,5%@1420,100%@1420,5%@1420,5%@1420,10%@1420] EMC_FREQ 0% GR3D_FREQ 0% AUX@45C CPU@46.5C thermal@45.6C AO@45C GPU@45.5C PMIC@50C
10-01-2026 11:18:41 RAM 5123/6833MB (lfb 5x4MB) SWAP 46/3417MB (cached 0MB) CPU [76%@1420,37%@1420,30%@1420,5%@1420,15%@1420,19%@1420] EMC_FREQ 0% GR3D_FREQ 0% AUX@45.5C CPU@46.5C thermal@45.6C AO@45C GPU@45.5C PMIC@50C
10-01-2026 11:18:41 RAM 5123/6833MB (lfb 5x4MB) SWAP 46/3417MB (cached 0MB) CPU [25%@1420,68%@1420,23%@1420,10%@1420,26%@1420,10%@1420] EMC_FREQ 0% GR3D_FREQ 0% AUX@45.5C CPU@46.5C thermal@45.8C AO@45C GPU@45.5C PMIC@50C
10-01-2026 11:18:41 RAM 5123/6833MB (lfb 5x4MB) SWAP 46/3417MB (cached 0MB) CPU [38%@1420,5%@1420,45%@1420,35%@1420,14%@1420,21%@1420] EMC_FREQ 0% GR3D_FREQ 0% AUX@45.5C CPU@46.5C thermal@45.8C AO@45C GPU@45.5C PMIC@50C
10-01-2026 11:18:41 RAM 5120/6833MB (lfb 5x4MB) SWAP 46/3417MB (cached 0MB) CPU [25%@1420,25%@1420,14%@1420,18%@1420,26%@1420,45%@1420] EMC_FREQ 0% GR3D_FREQ 0% AUX@45C CPU@46.5C thermal@45.8C AO@45.5C GPU@45.5C PMIC@50C
10-01-2026 11:18:41 RAM 5120/6833MB (lfb 5x4MB) SWAP 46/3417MB (cached 0MB) CPU [10%@1420,9%@1420,10%@1420,68%@1420,0%@1420,23%@1420] EMC_FREQ 0% GR3D_FREQ 0% AUX@45.5C CPU@46.5C thermal@45.8C AO@45C GPU@45.5C PMIC@50C
10-01-2026 11:18:42 RAM 5120/6833MB (lfb 5x4MB) SWAP 46/3417MB (cached 0MB) CPU [40%@1420,33%@1420,63%@1420,52%@1420,52%@1420,57%@1420] EMC_FREQ 0% GR3D_FREQ 0% AUX@45.5C CPU@46.5C thermal@45.8C AO@45C GPU@45C PMIC@50C
10-01-2026 11:18:42 RAM 5120/6833MB (lfb 5x4MB) SWAP 46/3417MB (cached 0MB) CPU [15%@1190,10%@1190,38%@1190,26%@1420,33%@1420,25%@1420] EMC_FREQ 0% GR3D_FREQ 0% AUX@45.5C CPU@46.5C thermal@45.45C AO@45C GPU@45C PMIC@50C
10-01-2026 11:18:42 RAM 5068/6833MB (lfb 5x4MB) SWAP 46/3417MB (cached 0MB) CPU [54%@1420,60%@1420,40%@1420,40%@1420,40%@1420,35%@1420] EMC_FREQ 0% GR3D_FREQ 0% AUX@45.5C CPU@46.5C thermal@45.45C AO@45C GPU@45C PMIC@50C
10-01-2026 11:18:42 RAM 5067/6833MB (lfb 5x4MB) SWAP 46/3417MB (cached 0MB) CPU [36%@1420,10%@1420,4%@1420,0%@1420,5%@1420,68%@1420] EMC_FREQ 0% GR3D_FREQ 0% AUX@45C CPU@46.5C thermal@45.45C AO@45C GPU@45C PMIC@50C
10-01-2026 11:18:42 RAM 5071/6833MB (lfb 5x4MB) SWAP 46/3417MB (cached 0MB) CPU [9%@1420,10%@1420,10%@1420,15%@1420,59%@1420,45%@1420] EMC_FREQ 0% GR3D_FREQ 0% AUX@45C CPU@46.5C thermal@45.45C AO@45C GPU@45C PMIC@50C
10-01-2026 11:18:43 RAM 5327/6833MB (lfb 24x1MB) SWAP 46/3417MB (cached 0MB) CPU [31%@1420,20%@1420,5%@1420,81%@1420,84%@1420,27%@1420] EMC_FREQ 0% GR3D_FREQ 0% AUX@45C CPU@46.5C thermal@45.45C AO@45C GPU@45C PMIC@50C
10-01-2026 11:18:43 RAM 5131/6833MB (lfb 11x4MB) SWAP 46/3417MB (cached 0MB) CPU [38%@1420,16%@1420,21%@1420,68%@1420,71%@1420,42%@1420] EMC_FREQ 0% GR3D_FREQ 0% AUX@45.5C CPU@46.5C thermal@45.45C AO@45C GPU@45C PMIC@50C
10-01-2026 11:18:43 RAM 5136/6833MB (lfb 11x4MB) SWAP 46/3417MB (cached 0MB) CPU [23%@1420,22%@1420,5%@1420,10%@1420,25%@1420,50%@1420] EMC_FREQ 0% GR3D_FREQ 99% AUX@45C CPU@47C thermal@45.45C AO@45C GPU@46.5C PMIC@50C
10-01-2026 11:18:43 RAM 5074/6833MB (lfb 11x4MB) SWAP 46/3417MB (cached 0MB) CPU [23%@1420,23%@1420,5%@1420,75%@1420,0%@1420,23%@1420] EMC_FREQ 0% GR3D_FREQ 0% AUX@45C CPU@46.5C thermal@45.45C AO@45C GPU@45.5C PMIC@50C
10-01-2026 11:18:43 RAM 5074/6833MB (lfb 11x4MB) SWAP 46/3417MB (cached 0MB) CPU [45%@1420,44%@1420,20%@1420,15%@1420,33%@1420,71%@1420] EMC_FREQ 0% GR3D_FREQ 0% AUX@45C CPU@47C thermal@45.45C AO@45.5C GPU@45.5C PMIC@50C
10-01-2026 11:18:44 RAM 5075/6833MB (lfb 11x4MB) SWAP 46/3417MB (cached 0MB) CPU [45%@1190,30%@1190,57%@1190,27%@1190,36%@1190,22%@1190] EMC_FREQ 0% GR3D_FREQ 0% AUX@45C CPU@46.5C thermal@45.45C AO@45.5C GPU@45.5C PMIC@50C
10-01-2026 11:18:44 RAM 5075/6833MB (lfb 11x4MB) SWAP 46/3417MB (cached 0MB) CPU [9%@1420,10%@1420,40%@1420,0%@1420,5%@1420,9%@1420] EMC_FREQ 0% GR3D_FREQ 0% AUX@45C CPU@46.5C thermal@45.45C AO@45.5C GPU@45.5C PMIC@50C
10-01-2026 11:18:44 RAM 5038/6833MB (lfb 11x4MB) SWAP 46/3417MB (cached 0MB) CPU [10%@1420,5%@1420,30%@1420,5%@1420,5%@1420,47%@1420] EMC_FREQ 0% GR3D_FREQ 0% AUX@45C CPU@46.5C thermal@45.6C AO@45.5C GPU@45C PMIC@50C
10-01-2026 11:18:44 RAM 4973/6833MB (lfb 11x4MB) SWAP 46/3417MB (cached 0MB) CPU [0%@1420,0%@1420,4%@1420,9%@1420,19%@1420,21%@1420] EMC_FREQ 0% GR3D_FREQ 0% AUX@45C CPU@46C thermal@45.6C AO@45C GPU@45.5C PMIC@50C
10-01-2026 11:18:44 RAM 4973/6833MB (lfb 11x4MB) SWAP 46/3417MB (cached 0MB) CPU [0%@1190,4%@1190,0%@1190,0%@1190,0%@1420,0%@1420] EMC_FREQ 0% GR3D_FREQ 0% AUX@45C CPU@46C thermal@45.6C AO@45.5C GPU@45.5C PMIC@50C
10-01-2026 11:18:45 RAM 4973/6833MB (lfb 11x4MB) SWAP 46/3417MB (cached 0MB) CPU [0%@1420,4%@1420,4%@1420,0%@1420,0%@1420,0%@1420] EMC_FREQ 0% GR3D_FREQ 0% AUX@45C CPU@46C thermal@45.6C AO@45C GPU@45.5C PMIC@50C
10-01-2026 11:18:45 RAM 4973/6833MB (lfb 11x4MB) SWAP 46/3417MB (cached 0MB) CPU [0%@1190,0%@1190,0%@1190,0%@1190,0%@1190,0%@1190] EMC_FREQ 0% GR3D_FREQ 0% AUX@45C CPU@46C thermal@45.6C AO@45.5C GPU@45C PMIC@50C
10-01-2026 11:18:45 RAM 4973/6833MB (lfb 11x4MB) SWAP 46/3417MB (cached 0MB) CPU [0%@1190,4%@1190,0%@1420,0%@1420,0%@1420,4%@1420] EMC_FREQ 0% GR3D_FREQ 0% AUX@45C CPU@45.5C thermal@45.6C AO@45C GPU@45C PMIC@50C
10-01-2026 11:18:45 RAM 4973/6833MB (lfb 11x4MB) SWAP 46/3417MB (cached 0MB) CPU [0%@1190,0%@1420,0%@1420,0%@1420,0%@1420,0%@1420] EMC_FREQ 0% GR3D_FREQ 0% AUX@45C CPU@46C thermal@45.3C AO@45C GPU@45C PMIC@50C
10-01-2026 11:18:45 RAM 4973/6833MB (lfb 11x4MB) SWAP 46/3417MB (cached 0MB) CPU [0%@1190,4%@1190,0%@1190,0%@1190,0%@1190,0%@1190] EMC_FREQ 0% GR3D_FREQ 0% AUX@45C CPU@46C thermal@45.3C AO@45C GPU@45.5C PMIC@50C
10-01-2026 11:18:46 RAM 4973/6833MB (lfb 11x4MB) SWAP 46/3417MB (cached 0MB) CPU [0%@1190,0%@1190,0%@1190,0%@1190,0%@1190,0%@1420] EMC_FREQ 0% GR3D_FREQ 0% AUX@45C CPU@46C thermal@45.3C AO@45C GPU@45C PMIC@50C
10-01-2026 11:18:46 RAM 4973/6833MB (lfb 11x4MB) SWAP 46/3417MB (cached 0MB) CPU [0%@1190,4%@1190,0%@1190,0%@1190,0%@1190,0%@1420] EMC_FREQ 0% GR3D_FREQ 0% AUX@45C CPU@46C thermal@45.3C AO@45C GPU@45C PMIC@50C
10-01-2026 11:18:46 RAM 4973/6833MB (lfb 11x4MB) SWAP 46/3417MB (cached 0MB) CPU [0%@1190,0%@1190,0%@1190,0%@1190,0%@1420,0%@1420] EMC_FREQ 0% GR3D_FREQ 0% AUX@45C CPU@45.5C thermal@45.3C AO@45C GPU@45C PMIC@50C
10-01-2026 11:18:46 RAM 4973/6833MB (lfb 11x4MB) SWAP 46/3417MB (cached 0MB) CPU [4%@1190,0%@1190,0%@1190,0%@1190,0%@1190,4%@1190] EMC_FREQ 0% GR3D_FREQ 0% AUX@45C CPU@46C thermal@45.15C AO@45C GPU@45C PMIC@50C
10-01-2026 11:18:46 RAM 4973/6833MB (lfb 11x4MB) SWAP 46/3417MB (cached 0MB) CPU [0%@1190,0%@1190,0%@1190,0%@1190,0%@1190,0%@1190] EMC_FREQ 0% GR3D_FREQ 0% AUX@45C CPU@45.5C thermal@45.15C AO@45C GPU@45C PMIC@50C
10-01-2026 11:18:47 RAM 4973/6833MB (lfb 11x4MB) SWAP 46/3417MB (cached 0MB) CPU [0%@1190,0%@1190,0%@1190,4%@1190,0%@1190,0%@1190] EMC_FREQ 0% GR3D_FREQ 0% AUX@45C CPU@45.5C thermal@45.15C AO@45C GPU@45C PMIC@50C
10-01-2026 11:18:47 RAM 4973/6833MB (lfb 11x4MB) SWAP 46/3417MB (cached 0MB) CPU [4%@1190,0%@1190,0%@1190,0%@1190,0%@1190,0%@1190] EMC_FREQ 0% GR3D_FREQ 0% AUX@45C CPU@45.5C thermal@45.15C AO@45C GPU@45C PMIC@50C
10-01-2026 11:18:47 RAM 4973/6833MB (lfb 11x4MB) SWAP 46/3417MB (cached 0MB) CPU [0%@1190,0%@1190,0%@1190,4%@1190,4%@1190,4%@1190] EMC_FREQ 0% GR3D_FREQ 0% AUX@45C CPU@45.5C thermal@45.15C AO@45C GPU@45C PMIC@50C
10-01-2026 11:18:47 RAM 4973/6833MB (lfb 11x4MB) SWAP 46/3417MB (cached 0MB) CPU [0%@1190,4%@1190,0%@1190,0%@1190,0%@1420,0%@1420] EMC_FREQ 0% GR3D_FREQ 0% AUX@45C CPU@45.5C thermal@45.15C AO@45C GPU@45C PMIC@50C
10-01-2026 11:18:47 RAM 4973/6833MB (lfb 11x4MB) SWAP 46/3417MB (cached 0MB) CPU [0%@1190,4%@1190,0%@1190,0%@1190,0%@1190,0%@1190] EMC_FREQ 0% GR3D_FREQ 0% AUX@45C CPU@45.5C thermal@45C AO@45C GPU@44.5C PMIC@50C
10-01-2026 11:18:48 RAM 4973/6833MB (lfb 11x4MB) SWAP 46/3417MB (cached 0MB) CPU [0%@1190,0%@1190,0%@1190,0%@1190,0%@1190,4%@1190] EMC_FREQ 0% GR3D_FREQ 0% AUX@45C CPU@45.5C thermal@45C AO@45C GPU@44.5C PMIC@50C
10-01-2026 11:18:48 RAM 4973/6833MB (lfb 11x4MB) SWAP 46/3417MB (cached 0MB) CPU [0%@1190,0%@1190,0%@1190,0%@1190,0%@1190,0%@1190] EMC_FREQ 0% GR3D_FREQ 0% AUX@45C CPU@45.5C thermal@45C AO@44.5C GPU@44.5C PMIC@50C
10-01-2026 11:18:48 RAM 4973/6833MB (lfb 11x4MB) SWAP 46/3417MB (cached 0MB) CPU [0%@1190,0%@1190,4%@1190,0%@1190,0%@1190,0%@1190] EMC_FREQ 0% GR3D_FREQ 0% AUX@45C CPU@45.5C thermal@45C AO@44.5C GPU@44.5C PMIC@50C
10-01-2026 11:18:48 RAM 4973/6833MB (lfb 11x4MB) SWAP 46/3417MB (cached 0MB) CPU [0%@1190,4%@1190,0%@1420,0%@1420,0%@1420,4%@1420] EMC_FREQ 0% GR3D_FREQ 0% AUX@45C CPU@45.5C thermal@45C AO@44.5C GPU@44.5C PMIC@50C
10-01-2026 11:18:48 RAM 4973/6833MB (lfb 11x4MB) SWAP 46/3417MB (cached 0MB) CPU [4%@1190,0%@1190,0%@1190,0%@1420,0%@1420,0%@1420] EMC_FREQ 0% GR3D_FREQ 0% AUX@45C CPU@45.5C thermal@44.8C AO@44.5C GPU@44.5C PMIC@50C
10-01-2026 11:18:49 RAM 4973/6833MB (lfb 11x4MB) SWAP 46/3417MB (cached 0MB) CPU [0%@1190,0%@1190,0%@1190,0%@1190,0%@1190,0%@1190] EMC_FREQ 0% GR3D_FREQ 0% AUX@45C CPU@45.5C thermal@44.8C AO@44.5C GPU@44.5C PMIC@50C
10-01-2026 11:18:49 RAM 4973/6833MB (lfb 11x4MB) SWAP 46/3417MB (cached 0MB) CPU [0%@1190,0%@1190,0%@1190,0%@1190,0%@1190,0%@1190] EMC_FREQ 0% GR3D_FREQ 0% AUX@45C CPU@45.5C thermal@44.8C AO@44.5C GPU@44.5C PMIC@50C
10-01-2026 11:18:49 RAM 4973/6833MB (lfb 11x4MB) SWAP 46/3417MB (cached 0MB) CPU [0%@1344,4%@1344,4%@1344,5%@1344,65%@1344,0%@1344] EMC_FREQ 0% GR3D_FREQ 0% AUX@45C CPU@45.5C thermal@44.8C AO@45C GPU@44.5C PMIC@50C
10-01-2026 11:18:49 RAM 4968/6833MB (lfb 11x4MB) SWAP 46/3417MB (cached 0MB) CPU [13%@1190,15%@1190,66%@1190,0%@1190,4%@1190,4%@1420] EMC_FREQ 0% GR3D_FREQ 8% AUX@45C CPU@45.5C thermal@44.8C AO@44.5C GPU@44.5C PMIC@50C
10-01-2026 11:18:49 RAM 4676/6833MB (lfb 27x4MB) SWAP 46/3417MB (cached 0MB) CPU [0%@1420,4%@1420,0%@1420,0%@1420,100%@1420,0%@1420] EMC_FREQ 0% GR3D_FREQ 0% AUX@45C CPU@45.5C thermal@44.8C AO@45C GPU@44.5C PMIC@50C
10-01-2026 11:18:50 RAM 4677/6833MB (lfb 27x4MB) SWAP 46/3417MB (cached 0MB) CPU [0%@1420,0%@1420,0%@1420,0%@1420,85%@1420,0%@1420] EMC_FREQ 0% GR3D_FREQ 0% AUX@45C CPU@45.5C thermal@45C AO@44.5C GPU@44.5C PMIC@50C
10-01-2026 11:18:50 RAM 4677/6833MB (lfb 27x4MB) SWAP 46/3417MB (cached 0MB) CPU [0%@1420,0%@1420,0%@1420,9%@1420,95%@1420,0%@1420] EMC_FREQ 0% GR3D_FREQ 0% AUX@45C CPU@45.5C thermal@45C AO@44.5C GPU@44.5C PMIC@50C
10-01-2026 11:18:50 RAM 4677/6833MB (lfb 27x4MB) SWAP 46/3417MB (cached 0MB) CPU [0%@1420,0%@1420,0%@1420,4%@1420,100%@1420,4%@1420] EMC_FREQ 0% GR3D_FREQ 0% AUX@44.5C CPU@45.5C thermal@45C AO@44.5C GPU@44.5C PMIC@50C
10-01-2026 11:18:50 RAM 4677/6833MB (lfb 27x4MB) SWAP 46/3417MB (cached 0MB) CPU [0%@1420,4%@1420,0%@1420,0%@1420,100%@1420,0%@1420] EMC_FREQ 0% GR3D_FREQ 0% AUX@44.5C CPU@45.5C thermal@45C AO@44.5C GPU@44.5C PMIC@50C
10-01-2026 11:18:50 RAM 4677/6833MB (lfb 27x4MB) SWAP 46/3417MB (cached 0MB) CPU [9%@1420,0%@1420,0%@1420,0%@1420,100%@1420,4%@1420] EMC_FREQ 0% GR3D_FREQ 0% AUX@44.5C CPU@45.5C thermal@45C AO@44.5C GPU@44.5C PMIC@50C
10-01-2026 11:18:51 RAM 4677/6833MB (lfb 27x4MB) SWAP 46/3417MB (cached 0MB) CPU [0%@1420,0%@1420,0%@1420,4%@1420,95%@1420,0%@1420] EMC_FREQ 0% GR3D_FREQ 0% AUX@45C CPU@45.5C thermal@45C AO@45C GPU@44.5C PMIC@50C
10-01-2026 11:18:51 RAM 4665/6833MB (lfb 28x4MB) SWAP 46/3417MB (cached 0MB) CPU [5%@1420,0%@1420,0%@1420,0%@1420,4%@1420,95%@1420] EMC_FREQ 0% GR3D_FREQ 0% AUX@44.5C CPU@45.5C thermal@45C AO@44.5C GPU@44.5C PMIC@50C
10-01-2026 11:18:51 RAM 4665/6833MB (lfb 28x4MB) SWAP 46/3417MB (cached 0MB) CPU [0%@1344,0%@1344,0%@1344,0%@1344,15%@1344,52%@1344] EMC_FREQ 0% GR3D_FREQ 0% AUX@44.5C CPU@45C thermal@45C AO@44.5C GPU@44.5C PMIC@50C
10-01-2026 11:18:51 RAM 4668/6833MB (lfb 28x4MB) SWAP 46/3417MB (cached 0MB) CPU [0%@1420,4%@1420,0%@1420,0%@1420,4%@1420,85%@1420] EMC_FREQ 0% GR3D_FREQ 0% AUX@44.5C CPU@45.5C thermal@45C AO@44.5C GPU@44.5C PMIC@50C
10-01-2026 11:18:52 RAM 4504/6833MB (lfb 65x4MB) SWAP 46/3417MB (cached 0MB) CPU [4%@1420,5%@1420,4%@1420,0%@1420,10%@1420,70%@1420] EMC_FREQ 0% GR3D_FREQ 0% AUX@44.5C CPU@45.5C thermal@45C AO@44.5C GPU@44.5C PMIC@50C
10-01-2026 11:18:52 RAM 4505/6833MB (lfb 65x4MB) SWAP 46/3417MB (cached 0MB) CPU [0%@1420,25%@1420,4%@1420,0%@1420,100%@1420,0%@1420] EMC_FREQ 0% GR3D_FREQ 0% AUX@44.5C CPU@45.5C thermal@45C AO@44.5C GPU@44.5C PMIC@50C
10-01-2026 11:18:52 RAM 4505/6833MB (lfb 65x4MB) SWAP 46/3417MB (cached 0MB) CPU [0%@1420,0%@1420,4%@1420,0%@1420,100%@1420,0%@1420] EMC_FREQ 0% GR3D_FREQ 0% AUX@44.5C CPU@45.5C thermal@45C AO@44.5C GPU@44.5C PMIC@50C
10-01-2026 11:18:52 RAM 4504/6833MB (lfb 65x4MB) SWAP 46/3417MB (cached 0MB) CPU [0%@1420,4%@1420,0%@1420,4%@1420,28%@1420,63%@1420] EMC_FREQ 0% GR3D_FREQ 0% AUX@44.5C CPU@45.5C thermal@45C AO@44.5C GPU@44.5C PMIC@50C
10-01-2026 11:18:52 RAM 4504/6833MB (lfb 65x4MB) SWAP 46/3417MB (cached 0MB) CPU [0%@1420,0%@1420,0%@1420,0%@1420,13%@1420,80%@1420] EMC_FREQ 0% GR3D_FREQ 0% AUX@44.5C CPU@45.5C thermal@45C AO@44.5C GPU@44.5C PMIC@50C
10-01-2026 11:18:53 RAM 4505/6833MB (lfb 65x4MB) SWAP 46/3417MB (cached 0MB) CPU [0%@1420,4%@1420,0%@1420,4%@1420,5%@1420,86%@1420] EMC_FREQ 0% GR3D_FREQ 0% AUX@44.5C CPU@45.5C thermal@45C AO@44.5C GPU@44.5C PMIC@50C
10-01-2026 11:18:53 RAM 4505/6833MB (lfb 65x4MB) SWAP 46/3417MB (cached 0MB) CPU [4%@1420,0%@1420,0%@1420,0%@1420,0%@1420,77%@1420] EMC_FREQ 0% GR3D_FREQ 0% AUX@44.5C CPU@45.5C thermal@45C AO@44C GPU@44C PMIC@50C
10-01-2026 11:18:53 RAM 4505/6833MB (lfb 65x4MB) SWAP 46/3417MB (cached 0MB) CPU [0%@1420,4%@1420,0%@1420,0%@1420,4%@1420,100%@1420] EMC_FREQ 0% GR3D_FREQ 0% AUX@44.5C CPU@45.5C thermal@44.8C AO@44.5C GPU@44.5C PMIC@50C
10-01-2026 11:18:53 RAM 4505/6833MB (lfb 65x4MB) SWAP 46/3417MB (cached 0MB) CPU [0%@1420,14%@1420,4%@1420,4%@1420,0%@1420,100%@1420] EMC_FREQ 0% GR3D_FREQ 0% AUX@44.5C CPU@45.5C thermal@44.8C AO@44.5C GPU@44.5C PMIC@50C
10-01-2026 11:18:53 RAM 4504/6833MB (lfb 65x4MB) SWAP 46/3417MB (cached 0MB) CPU [4%@1420,14%@1420,0%@1420,0%@1420,0%@1420,90%@1420] EMC_FREQ 0% GR3D_FREQ 0% AUX@44.5C CPU@45.5C thermal@44.8C AO@44.5C GPU@44.5C PMIC@50C
10-01-2026 11:18:54 RAM 4506/6833MB (lfb 65x4MB) SWAP 46/3417MB (cached 0MB) CPU [0%@1420,5%@1420,0%@1420,0%@1420,0%@1420,90%@1420] EMC_FREQ 0% GR3D_FREQ 0% AUX@45C CPU@45.5C thermal@44.8C AO@44.5C GPU@44.5C PMIC@50C
10-01-2026 11:18:54 RAM 4505/6833MB (lfb 65x4MB) SWAP 46/3417MB (cached 0MB) CPU [0%@1420,4%@1420,0%@1420,0%@1420,4%@1420,84%@1420] EMC_FREQ 0% GR3D_FREQ 0% AUX@44.5C CPU@45.5C thermal@44.8C AO@44.5C GPU@44C PMIC@50C
10-01-2026 11:18:54 RAM 4500/6833MB (lfb 65x4MB) SWAP 46/3417MB (cached 0MB) CPU [5%@1420,4%@1420,5%@1420,0%@1420,66%@1420,4%@1420] EMC_FREQ 0% GR3D_FREQ 0% AUX@44.5C CPU@45.5C thermal@44.8C AO@44.5C GPU@44C PMIC@50C
10-01-2026 11:18:54 RAM 4090/6833MB (lfb 122x4MB) SWAP 46/3417MB (cached 0MB) CPU [90%@1420,15%@1420,100%@1420,5%@1420,10%@1420,5%@1420] EMC_FREQ 0% GR3D_FREQ 0% AUX@44.5C CPU@45.5C thermal@44.8C AO@44.5C GPU@44.5C PMIC@50C
10-01-2026 11:18:54 RAM 2994/6833MB (lfb 241x4MB) SWAP 44/3417MB (cached 0MB) CPU [9%@1420,4%@1420,100%@1420,0%@1420,0%@1420,4%@1420] EMC_FREQ 0% GR3D_FREQ 0% AUX@44.5C CPU@45.5C thermal@44.8C AO@44.5C GPU@44.5C PMIC@50C
10-01-2026 11:18:55 RAM 2380/6833MB (lfb 306x4MB) SWAP 44/3417MB (cached 0MB) CPU [0%@1420,0%@1420,100%@1420,9%@1420,0%@1420,9%@1420] EMC_FREQ 0% GR3D_FREQ 0% AUX@44.5C CPU@45C thermal@44.8C AO@44.5C GPU@44.5C PMIC@50C
10-01-2026 11:18:55 RAM 1562/6833MB (lfb 424x4MB) SWAP 44/3417MB (cached 0MB) CPU [0%@1420,31%@1420,95%@1420,0%@1420,0%@1420,0%@1420] EMC_FREQ 0% GR3D_FREQ 0% AUX@44.5C CPU@45.5C thermal@44.8C AO@44.5C GPU@44.5C PMIC@50C
