10-01-2026 11:20:36 RAM 1586/6833MB (lfb 428x4MB) SWAP 29/3417MB (cached 0MB) CPU [0%@1420,0%@1420,100%@1420,0%@1420,4%@1420,4%@1420] EMC_FREQ 0% GR3D_FREQ 0% AUX@40C CPU@41.5C thermal@40.5C AO@40C GPU@40C PMIC@50C
10-01-2026 11:20:36 RAM 1586/6833MB (lfb 428x4MB) SWAP 29/3417MB (cached 0MB) CPU [4%@1420,0%@1420,38%@1420,52%@1420,0%@1420,0%@1420] EMC_FREQ 0% GR3D_FREQ 0% AUX@40.5C CPU@41C thermal@40.45C AO@40C GPU@40.5C PMIC@50C
10-01-2026 11:20:36 RAM 1587/6833MB (lfb 428x4MB) SWAP 29/3417MB (cached 0MB) CPU [0%@1420,0%@1420,0%@1420,100%@1420,0%@1420,0%@1420] EMC_FREQ 0% GR3D_FREQ 0% AUX@40C CPU@41C thermal@40.45C AO@40C GPU@40C PMIC@50C
10-01-2026 11:20:36 RAM 1587/6833MB (lfb 428x4MB) SWAP 29/3417MB (cached 0MB) CPU [0%@1420,4%@1420,0%@1420,19%@1420,80%@1420,9%@1420] EMC_FREQ 0% GR3D_FREQ 0% AUX@40C CPU@41C thermal@40.45C AO@40C GPU@40C PMIC@50C
10-01-2026 11:20:37 RAM 1587/6833MB (lfb 428x4MB) SWAP 29/3417MB (cached 0MB) CPU [4%@1420,23%@1420,0%@1420,0%@1420,68%@1420,9%@1420] EMC_FREQ 0% GR3D_FREQ 0% AUX@40C CPU@41C thermal@40.45C AO@40C GPU@40C PMIC@50C
10-01-2026 11:20:37 RAM 1589/6833MB (lfb 428x4MB) SWAP 29/3417MB (cached 0MB) CPU [5%@1420,84%@1420,0%@1420,10%@1420,9%@1420,4%@1420] EMC_FREQ 0% GR3D_FREQ 0% AUX@40C CPU@41C thermal@40.45C AO@40.5C GPU@40.5C PMIC@50C
10-01-2026 11:20:37 RAM 1589/6833MB (lfb 428x4MB) SWAP 29/3417MB (cached 0MB) CPU [80%@1267,15%@1267,0%@1267,0%@1267,0%@1267,0%@1267] EMC_FREQ 0% GR3D_FREQ 0% AUX@40C CPU@41C thermal@40.3C AO@40.5C GPU@40C PMIC@50C
10-01-2026 11:20:37 RAM 1588/6833MB (lfb 428x4MB) SWAP 29/3417MB (cached 0MB) CPU [9%@1190,15%@1190,0%@1190,0%@1190,4%@1190,5%@1190] EMC_FREQ 0% GR3D_FREQ 0% AUX@40C CPU@41C thermal@40.3C AO@40.5C GPU@40C PMIC@50C
10-01-2026 11:20:37 RAM 1589/6833MB (lfb 428x4MB) SWAP 29/3417MB (cached 0MB) CPU [4%@1190,0%@1190,0%@1190,0%@1190,0%@1190,25%@1190] EMC_FREQ 0% GR3D_FREQ 0% AUX@40C CPU@41C thermal@40.3C AO@40C GPU@40C PMIC@50C
10-01-2026 11:20:38 RAM 1589/6833MB (lfb 428x4MB) SWAP 29/3417MB (cached 0MB) CPU [4%@1190,0%@1190,0%@1190,0%@1420,4%@1420,66%@1420] EMC_FREQ 0% GR3D_FREQ 0% AUX@40C CPU@41C thermal@40.3C AO@40C GPU@40C PMIC@50C
10-01-2026 11:20:38 RAM 1589/6833MB (lfb 428x4MB) SWAP 29/3417MB (cached 0MB) CPU [0%@1190,9%@1190,0%@1190,0%@1190,15%@1190,0%@1190] EMC_FREQ 0% GR3D_FREQ 0% AUX@40.5C CPU@41C thermal@40.3C AO@40.5C GPU@40C PMIC@50C
10-01-2026 11:20:38 RAM 1589/6833MB (lfb 428x4MB) SWAP 29/3417MB (cached 0MB) CPU [0%@1190,0%@1190,0%@1190,0%@1190,15%@1190,0%@1190] EMC_FREQ 0% GR3D_FREQ 0% AUX@40C CPU@41C thermal@40.3C AO@40C GPU@40C PMIC@50C
10-01-2026 11:20:38 RAM 1590/6833MB (lfb 428x4MB) SWAP 29/3417MB (cached 0MB) CPU [5%@1190,21%@1190,4%@1190,4%@1190,4%@1190,4%@1190] EMC_FREQ 0% GR3D_FREQ 0% AUX@40C CPU@41C thermal@40.3C AO@40C GPU@40C PMIC@50C
10-01-2026 11:20:38 RAM 1591/6833MB (lfb 428x4MB) SWAP 29/3417MB (cached 0MB) CPU [13%@1420,70%@1420,0%@1420,0%@1420,0%@1420,0%@1420] EMC_FREQ 0% GR3D_FREQ 0% AUX@40C CPU@41C thermal@40.3C AO@40C GPU@40C PMIC@50C
10-01-2026 11:20:39 RAM 1591/6833MB (lfb 428x4MB) SWAP 29/3417MB (cached 0MB) CPU [65%@1420,40%@1420,0%@1420,0%@1420,0%@1420,0%@1420] EMC_FREQ 0% GR3D_FREQ 0% AUX@40C CPU@41C thermal@40.3C AO@40C GPU@40C PMIC@50C
10-01-2026 11:20:39 RAM 1592/6833MB (lfb 428x4MB) SWAP 29/3417MB (cached 0MB) CPU [100%@1420,0%@1420,0%@1420,0%@1420,0%@1420,0%@1420] EMC_FREQ 0% GR3D_FREQ 0% AUX@40C CPU@41C thermal@40.3C AO@40C GPU@40C PMIC@50C
10-01-2026 11:20:39 RAM 1593/6833MB (lfb 428x4MB) SWAP 29/3417MB (cached 0MB) CPU [9%@1420,80%@1420,0%@1420,0%@1420,4%@1420,0%@1420] EMC_FREQ 0% GR3D_FREQ 0% AUX@40C CPU@41C thermal@40.3C AO@40C GPU@40C PMIC@50C
10-01-2026 11:20:39 RAM 1600/6833MB (lfb 428x4MB) SWAP 29/3417MB (cached 0MB) CPU [13%@1420,95%@1420,0%@1420,0%@1420,0%@1420,0%@1420] EMC_FREQ 0% GR3D_FREQ 0% AUX@40C CPU@41C thermal@40.5C AO@40C GPU@40C PMIC@50C
10-01-2026 11:20:40 RAM 1614/6833MB (lfb 428x4MB) SWAP 29/3417MB (cached 0MB) CPU [100%@1420,100%@1420,100%@1420,100%@1420,100%@1420,100%@1420] EMC_FREQ 0% GR3D_FREQ 0% AUX@40C CPU@41.5C thermal@40.5C AO@40.5C GPU@40C PMIC@50C
10-01-2026 11:20:40 RAM 1615/6833MB (lfb 428x4MB) SWAP 29/3417MB (cached 0MB) CPU [100%@1420,95%@1420,100%@1420,100%@1420,100%@1420,100%@1420] EMC_FREQ 0% GR3D_FREQ 0% AUX@40C CPU@41.5C thermal@40.5C AO@40C GPU@40C PMIC@50C
10-01-2026 11:20:40 RAM 1617/6833MB (lfb 428x4MB) SWAP 29/3417MB (cached 0MB) CPU [100%@1420,62%@1420,100%@1420,100%@1420,100%@1420,100%@1420] EMC_FREQ 0% GR3D_FREQ 0% AUX@40.5C CPU@41.5C thermal@40.5C AO@40C GPU@40C PMIC@50C
10-01-2026 11:20:40 RAM 1618/6833MB (lfb 428x4MB) SWAP 29/3417MB (cached 0MB) CPU [100%@1420,100%@1420,100%@1420,100%@1420,100%@1420,100%@1420] EMC_FREQ 0% GR3D_FREQ 0% AUX@40C CPU@41.5C thermal@40.5C AO@40C GPU@40C PMIC@50C
10-01-2026 11:20:40 RAM 1619/6833MB (lfb 428x4MB) SWAP 29/3417MB (cached 0MB) CPU [100%@1420,90%@1420,100%@1420,100%@1420,100%@1420,100%@1420] EMC_FREQ 0% GR3D_FREQ 0% AUX@40C CPU@41.5C thermal@40.5C AO@40C GPU@40.5C PMIC@50C
10-01-2026 11:20:41 RAM 1620/6833MB (lfb 428x4MB) SWAP 29/3417MB (cached 0MB) CPU [90%@1420,100%@1420,100%@1420,100%@1420,100%@1420,100%@1420] EMC_FREQ 0% GR3D_FREQ 0% AUX@40C CPU@41.5C thermal@40.45C AO@40.5C GPU@40.5C PMIC@50C
10-01-2026 11:20:41 RAM 1624/6833MB (lfb 428x4MB) SWAP 29/3417MB (cached 0MB) CPU [66%@1420,100%@1420,100%@1420,100%@1420,100%@1420,100%@1420] EMC_FREQ 0% GR3D_FREQ 0% AUX@40C CPU@42C thermal@40.45C AO@40C GPU@40.5C PMIC@50C
10-01-2026 11:20:41 RAM 1625/6833MB (lfb 428x4MB) SWAP 29/3417MB (cached 0MB) CPU [95%@1420,100%@1420,100%@1420,100%@1420,100%@1420,100%@1420] EMC_FREQ 0% GR3D_FREQ 0% AUX@40C CPU@42C thermal@40.45C AO@40C GPU@40C PMIC@50C
10-01-2026 11:20:41 RAM 1626/6833MB (lfb 428x4MB) SWAP 29/3417MB (cached 0MB) CPU [95%@1420,100%@1420,100%@1420,100%@1420,100%@1420,100%@1420] EMC_FREQ 0% GR3D_FREQ 0% AUX@40C CPU@41.5C thermal@40.45C AO@40C GPU@40C PMIC@50C
10-01-2026 11:20:41 RAM 1627/6833MB (lfb 428x4MB) SWAP 29/3417MB (cached 0MB) CPU [95%@1420,100%@1420,100%@1420,100%@1420,100%@1420,100%@1420] EMC_FREQ 0% GR3D_FREQ 0% AUX@40C CPU@42C thermal@40.45C AO@40C GPU@40.5C PMIC@50C
10-01-2026 11:20:42 RAM 1627/6833MB (lfb 428x4MB) SWAP 29/3417MB (cached 0MB) CPU [90%@1420,100%@1420,100%@1420,100%@1420,100%@1420,100%@1420] EMC_FREQ 0% GR3D_FREQ 0% AUX@40.5C CPU@42C thermal@40.65C AO@40C GPU@40.5C PMIC@50C
10-01-2026 11:20:42 RAM 1630/6833MB (lfb 428x4MB) SWAP 29/3417MB (cached 0MB) CPU [89%@1420,100%@1420,100%@1420,100%@1420,100%@1420,100%@1420] EMC_FREQ 0% GR3D_FREQ 0% AUX@40C CPU@42C thermal@40.65C AO@40.5C GPU@40C PMIC@50C
10-01-2026 11:20:42 RAM 1632/6833MB (lfb 428x4MB) SWAP 29/3417MB (cached 0MB) CPU [86%@1420,100%@1420,100%@1420,100%@1420,100%@1420,100%@1420] EMC_FREQ 0% GR3D_FREQ 0% AUX@40C CPU@42C thermal@40.65C AO@40C GPU@40.5C PMIC@50C
10-01-2026 11:20:42 RAM 1635/6833MB (lfb 428x4MB) SWAP 29/3417MB (cached 0MB) CPU [90%@1420,100%@1420,100%@1420,100%@1420,100%@1420,100%@1420] EMC_FREQ 0% GR3D_FREQ 0% AUX@40C CPU@42C thermal@40.65C AO@40C GPU@40C PMIC@50C
10-01-2026 11:20:42 RAM 1637/6833MB (lfb 428x4MB) SWAP 29/3417MB (cached 0MB) CPU [100%@1420,100%@1420,100%@1420,100%@1420,100%@1420,100%@1420] EMC_FREQ 0% GR3D_FREQ 0% AUX@40.5C CPU@42C thermal@40.65C AO@40C GPU@40.5C PMIC@50C
10-01-2026 11:20:43 RAM 1637/6833MB (lfb 428x4MB) SWAP 29/3417MB (cached 0MB) CPU [66%@1420,100%@1420,100%@1420,100%@1420,100%@1420,95%@1420] EMC_FREQ 0% GR3D_FREQ 0% AUX@40.5C CPU@42C thermal@40.65C AO@40C GPU@40.5C PMIC@50C
10-01-2026 11:20:43 RAM 1639/6833MB (lfb 428x4MB) SWAP 29/3417MB (cached 0MB) CPU [100%@1420,100%@1420,100%@1420,100%@1420,100%@1420,84%@1420] EMC_FREQ 0% GR3D_FREQ 0% AUX@40.5C CPU@41.5C thermal@40.6C AO@40C GPU@40C PMIC@50C
10-01-2026 11:20:43 RAM 1642/6833MB (lfb 428x4MB) SWAP 29/3417MB (cached 0MB) CPU [100%@1420,100%@1420,100%@1420,100%@1420,100%@1420,65%@1420] EMC_FREQ 0% GR3D_FREQ 40% AUX@40.5C CPU@42C thermal@40.6C AO@40C GPU@40C PMIC@50C
10-01-2026 11:20:43 RAM 1645/6833MB (lfb 428x4MB) SWAP 29/3417MB (cached 0MB) CPU [100%@1420,100%@1420,100%@1420,100%@1420,100%@1420,100%@1420] EMC_FREQ 0% GR3D_FREQ 0% AUX@40.5C CPU@42C thermal@40.6C AO@40C GPU@40.5C PMIC@50C
10-01-2026 11:20:43 RAM 1646/6833MB (lfb 428x4MB) SWAP 29/3417MB (cached 0MB) CPU [90%@1420,100%@1420,100%@1420,100%@1420,100%@1420,100%@1420] EMC_FREQ 0% GR3D_FREQ 0% AUX@40.5C CPU@42C thermal@40.6C AO@40C GPU@40.5C PMIC@50C
10-01-2026 11:20:44 RAM 1649/6833MB (lfb 428x4MB) SWAP 29/3417MB (cached 0MB) CPU [90%@1420,100%@1420,100%@1420,100%@1420,100%@1420,100%@1420] EMC_FREQ 0% GR3D_FREQ 0% AUX@40.5C CPU@42C thermal@40.6C AO@40C GPU@40.5C PMIC@50C
10-01-2026 11:20:44 RAM 1667/6833MB (lfb 428x4MB) SWAP 29/3417MB (cached 0MB) CPU [88%@1420,100%@1420,100%@1420,100%@1420,100%@1420,100%@1420] EMC_FREQ 0% GR3D_FREQ 0% AUX@40.5C CPU@42C thermal@40.8C AO@40C GPU@40C PMIC@50C
10-01-2026 11:20:44 RAM 1679/6833MB (lfb 428x4MB) SWAP 29/3417MB (cached 0MB) CPU [100%@1420,100%@1420,100%@1420,100%@1420,100%@1420,100%@1420] EMC_FREQ 0% GR3D_FREQ 0% AUX@40.5C CPU@42C thermal@40.8C AO@40C GPU@40C PMIC@50C
10-01-2026 11:20:44 RAM 1682/6833MB (lfb 428x4MB) SWAP 29/3417MB (cached 0MB) CPU [100%@1420,100%@1420,100%@1420,57%@1420,100%@1420,100%@1420] EMC_FREQ 0% GR3D_FREQ 0% AUX@40.5C CPU@42C thermal@40.8C AO@40C GPU@40C PMIC@50C
10-01-2026 11:20:44 RAM 1704/6833MB (lfb 428x4MB) SWAP 29/3417MB (cached 0MB) CPU [100%@1420,100%@1420,100%@1420,85%@1420,100%@1420,100%@1420] EMC_FREQ 0% GR3D_FREQ 0% AUX@40.5C CPU@42C thermal@40.8C AO@40C GPU@40.5C PMIC@50C
10-01-2026 11:20:45 RAM 1715/6833MB (lfb 428x4MB) SWAP 29/3417MB (cached 0MB) CPU [100%@1420,100%@1420,100%@1420,100%@1420,85%@1420,45%@1420] EMC_FREQ 0% GR3D_FREQ 0% AUX@40.5C CPU@42C thermal@40.8C AO@40.5C GPU@40.5C PMIC@50C
10-01-2026 11:20:45 RAM 1729/6833MB (lfb 428x4MB) SWAP 29/3417MB (cached 0MB) CPU [100%@1420,100%@1420,100%@1420,100%@1420,100%@1420,60%@1420] EMC_FREQ 0% GR3D_FREQ 0% AUX@40.5C CPU@42C thermal@40.8C AO@40C GPU@40.5C PMIC@50C
10-01-2026 11:20:45 RAM 1733/6833MB (lfb 428x4MB) SWAP 29/3417MB (cached 0MB) CPU [100%@1420,100%@1420,100%@1420,100%@1420,100%@1420,55%@1420] EMC_FREQ 0% GR3D_FREQ 0% AUX@40.5C CPU@42C thermal@40.95C AO@40C GPU@40.5C PMIC@50C
10-01-2026 11:20:45 RAM 1738/6833MB (lfb 428x4MB) SWAP 29/3417MB (cached 0MB) CPU [100%@1420,100%@1420,100%@1420,100%@1420,100%@1420,100%@1420] EMC_FREQ 0% GR3D_FREQ 0% AUX@40.5C CPU@42C thermal@40.95C AO@40C GPU@40.5C PMIC@50C
10-01-2026 11:20:45 RAM 1740/6833MB (lfb 428x4MB) SWAP 29/3417MB (cached 0MB) CPU [100%@1420,100%@1420,100%@1420,100%@1420,95%@1420,100%@1420] EMC_FREQ 0% GR3D_FREQ 0% AUX@40.5C CPU@42C thermal@40.95C AO@40.5C GPU@40.5C PMIC@50C
10-01-2026 11:20:46 RAM 1741/6833MB (lfb 428x4MB) SWAP 29/3417MB (cached 0MB) CPU [100%@1420,100%@1420,100%@1420,100%@1420,27%@1420,100%@1420] EMC_FREQ 0% GR3D_FREQ 0% AUX@40.5C CPU@42C thermal@40.95C AO@40.5C GPU@40.5C PMIC@50C
10-01-2026 11:20:46 RAM 1742/6833MB (lfb 428x4MB) SWAP 29/3417MB (cached 0MB) CPU [100%@1420,100%@1420,100%@1420,100%@1420,27%@1420,100%@1420] EMC_FREQ 0% GR3D_FREQ 0% AUX@40.5C CPU@42C thermal@40.95C AO@40C GPU@40.5C PMIC@50C
10-01-2026 11:20:46 RAM 1742/6833MB (lfb 428x4MB) SWAP 29/3417MB (cached 0MB) CPU [100%@1420,100%@1420,100%@1420,100%@1420,75%@1420,100%@1420] EMC_FREQ 0% GR3D_FREQ 0% AUX@40.5C CPU@42C thermal@40.95C AO@40C GPU@40.5C PMIC@50C
10-01-2026 11:20:46 RAM 1745/6833MB (lfb 428x4MB) SWAP 29/3417MB (cached 0MB) CPU [100%@1420,100%@1420,100%@1420,100%@1420,70%@1420,100%@1420] EMC_FREQ 0% GR3D_FREQ 0% AUX@40.5C CPU@42C thermal@40.95C AO@40C GPU@40.5C PMIC@50C
10-01-2026 11:20:46 RAM 1745/6833MB (lfb 428x4MB) SWAP 29/3417MB (cached 0MB) CPU [100%@1420,100%@1420,100%@1420,100%@1420,65%@1420,100%@1420] EMC_FREQ 0% GR3D_FREQ 0% AUX@40.5C CPU@42C thermal@40.95C AO@40.5C GPU@40.5C PMIC@50C
10-01-2026 11:20:47 RAM 1747/6833MB (lfb 428x4MB) SWAP 29/3417MB (cached 0MB) CPU [100%@1420,100%@1420,100%@1420,100%@1420,80%@1420,100%@1420] EMC_FREQ 0% GR3D_FREQ 0% AUX@40.5C CPU@42C thermal@40.95C AO@40.5C GPU@40.5C PMIC@50C
10-01-2026 11:20:47 RAM 1747/6833MB (lfb 428x4MB) SWAP 29/3417MB (cached 0MB) CPU [90%@1420,90%@1420,100%@1420,100%@1420,76%@1420,100%@1420] EMC_FREQ 0% GR3D_FREQ 0% AUX@40.5C CPU@42C thermal@40.95C AO@40C GPU@40.5C PMIC@50C
10-01-2026 11:20:47 RAM 1749/6833MB (lfb 428x4MB) SWAP 29/3417MB (cached 0MB) CPU [100%@1420,100%@1420,100%@1420,100%@1420,100%@1420,100%@1420] EMC_FREQ 0% GR3D_FREQ 0% AUX@40.5C CPU@42C thermal@40.95C AO@40C GPU@40.5C PMIC@50C
10-01-2026 11:20:47 RAM 1752/6833MB (lfb 428x4MB) SWAP 29/3417MB (cached 0MB) CPU [100%@1420,100%@1420,100%@1420,100%@1420,100%@1420,100%@1420] EMC_FREQ 0% GR3D_FREQ 0% AUX@40.5C CPU@42.5C thermal@41.1C AO@40C GPU@40.5C PMIC@50C
10-01-2026 11:20:48 RAM 1753/6833MB (lfb 428x4MB) SWAP 29/3417MB (cached 0MB) CPU [95%@1420,100%@1420,100%@1420,100%@1420,100%@1420,100%@1420] EMC_FREQ 0% GR3D_FREQ 0% AUX@40.5C CPU@42C thermal@41.1C AO@40.5C GPU@40.5C PMIC@50C
10-01-2026 11:20:48 RAM 1755/6833MB (lfb 428x4MB) SWAP 29/3417MB (cached 0MB) CPU [100%@1420,95%@1420,100%@1420,100%@1420,100%@1420,100%@1420] EMC_FREQ 0% GR3D_FREQ 0% AUX@40.5C CPU@42.5C thermal@41.1C AO@40.5C GPU@40.5C PMIC@50C
10-01-2026 11:20:48 RAM 1757/6833MB (lfb 428x4MB) SWAP 29/3417MB (cached 0MB) CPU [100%@1420,100%@1420,100%@1420,100%@1420,100%@1420,100%@1420] EMC_FREQ 0% GR3D_FREQ 0% AUX@40.5C CPU@42C thermal@41.1C AO@40.5C GPU@40.5C PMIC@50C
10-01-2026 11:20:48 RAM 1758/6833MB (lfb 428x4MB) SWAP 29/3417MB (cached 0MB) CPU [100%@1420,100%@1420,100%@1420,100%@1420,85%@1420,100%@1420] EMC_FREQ 0% GR3D_FREQ 0% AUX@40.5C CPU@42.5C thermal@41.1C AO@40.5C GPU@40.5C PMIC@50C
10-01-2026 11:20:48 RAM 1759/6833MB (lfb 428x4MB) SWAP 29/3417MB (cached 0MB) CPU [100%@1420,100%@1420,100%@1420,100%@1420,90%@1420,100%@1420] EMC_FREQ 0% GR3D_FREQ 0% AUX@40.5C CPU@42C thermal@40.95C AO@40.5C GPU@40.5C PMIC@50C
10-01-2026 11:20:49 RAM 1763/6833MB (lfb 428x4MB) SWAP 29/3417MB (cached 0MB) CPU [100%@1420,100%@1420,100%@1420,100%@1420,95%@1420,100%@1420] EMC_FREQ 0% GR3D_FREQ 0% AUX@40.5C CPU@42C thermal@40.95C AO@40.5C GPU@40.5C PMIC@50C
10-01-2026 11:20:49 RAM 1767/6833MB (lfb 428x4MB) SWAP 29/3417MB (cached 0MB) CPU [100%@1420,100%@1420,100%@1420,95%@1420,100%@1420,100%@1420] EMC_FREQ 0% GR3D_FREQ 0% AUX@40.5C CPU@42C thermal@40.95C AO@40.5C GPU@40.5C PMIC@50C
10-01-2026 11:20:49 RAM 1769/6833MB (lfb 428x4MB) SWAP 29/3417MB (cached 0MB) CPU [100%@1420,100%@1420,100%@1420,95%@1420,100%@1420,100%@1420] EMC_FREQ 0% GR3D_FREQ 0% AUX@41C CPU@42C thermal@40.95C AO@40.5C GPU@40.5C PMIC@50C
10-01-2026 11:20:49 RAM 1770/6833MB (lfb 428x4MB) SWAP 29/3417MB (cached 0MB) CPU [90%@1420,100%@1420,90%@1420,100%@1420,100%@1420,100%@1420] EMC_FREQ 0% GR3D_FREQ 0% AUX@40.5C CPU@42.5C thermal@40.95C AO@40.5C GPU@40.5C PMIC@50C
10-01-2026 11:20:49 RAM 1771/6833MB (lfb 428x4MB) SWAP 29/3417MB (cached 0MB) CPU [100%@1420,100%@1420,89%@1420,100%@1420,100%@1420,100%@1420] EMC_FREQ 0% GR3D_FREQ 0% AUX@41C CPU@42.5C thermal@40.95C AO@40.5C GPU@40.5C PMIC@50C
10-01-2026 11:20:50 RAM 1772/6833MB (lfb 428x4MB) SWAP 29/3417MB (cached 0MB) CPU [100%@1420,100%@1420,90%@1420,100%@1420,100%@1420,100%@1420] EMC_FREQ 0% GR3D_FREQ 0% AUX@41C CPU@42C thermal@41.3C AO@40.5C GPU@40.5C PMIC@50C
10-01-2026 11:20:50 RAM 1773/6833MB (lfb 428x4MB) SWAP 29/3417MB (cached 0MB) CPU [100%@1420,100%@1420,90%@1420,100%@1420,100%@1420,100%@1420] EMC_FREQ 0% GR3D_FREQ 0% AUX@41C CPU@42.5C thermal@41.3C AO@40.5C GPU@40.5C PMIC@50C
10-01-2026 11:20:50 RAM 1775/6833MB (lfb 428x4MB) SWAP 29/3417MB (cached 0MB) CPU [100%@1420,100%@1420,100%@1420,100%@1420,100%@1420,100%@1420] EMC_FREQ 0% GR3D_FREQ 0% AUX@41C CPU@42.5C thermal@41.3C AO@40.5C GPU@40.5C PMIC@50C
10-01-2026 11:20:50 RAM 1777/6833MB (lfb 428x4MB) SWAP 29/3417MB (cached 0MB) CPU [100%@1420,100%@1420,100%@1420,100%@1420,100%@1420,100%@1420] EMC_FREQ 0% GR3D_FREQ 0% AUX@41C CPU@42C thermal@41.3C AO@40.5C GPU@40.5C PMIC@50C
10-01-2026 11:20:50 RAM 1779/6833MB (lfb 428x4MB) SWAP 29/3417MB (cached 0MB) CPU [94%@1420,100%@1420,100%@1420,76%@1420,80%@1420,100%@1420] EMC_FREQ 0% GR3D_FREQ 0% AUX@40.5C CPU@42C thermal@41.3C AO@40.5C GPU@40.5C PMIC@50C
10-01-2026 11:20:51 RAM 1780/6833MB (lfb 428x4MB) SWAP 29/3417MB (cached 0MB) CPU [100%@1420,100%@1420,100%@1420,100%@1420,100%@1420,100%@1420] EMC_FREQ 0% GR3D_FREQ 0% AUX@41C CPU@42C thermal@40.95C AO@40.5C GPU@40.5C PMIC@50C
10-01-2026 11:20:51 RAM 1780/6833MB (lfb 428x4MB) SWAP 29/3417MB (cached 0MB) CPU [100%@1420,100%@1420,100%@1420,90%@1420,100%@1420,100%@1420] EMC_FREQ 0% GR3D_FREQ 0% AUX@40.5C CPU@42.5C thermal@40.95C AO@40.5C GPU@40.5C PMIC@50C
10-01-2026 11:20:51 RAM 1781/6833MB (lfb 428x4MB) SWAP 29/3417MB (cached 0MB) CPU [95%@1420,100%@1420,100%@1420,85%@1420,100%@1420,100%@1420] EMC_FREQ 0% GR3D_FREQ 0% AUX@40.5C CPU@42.5C thermal@40.95C AO@40.5C GPU@40.5C PMIC@50C
10-01-2026 11:20:51 RAM 1782/6833MB (lfb 428x4MB) SWAP 29/3417MB (cached 0MB) CPU [100%@1420,100%@1420,100%@1420,90%@1420,100%@1420,100%@1420] EMC_FREQ 0% GR3D_FREQ 0% AUX@41C CPU@42.5C thermal@40.95C AO@40.5C GPU@40.5C PMIC@50C
10-01-2026 11:20:51 RAM 1783/6833MB (lfb 428x4MB) SWAP 29/3417MB (cached 0MB) CPU [100%@1420,100%@1420,100%@1420,89%@1420,100%@1420,100%@1420] EMC_FREQ 0% GR3D_FREQ 0% AUX@41C CPU@42C thermal@40.95C AO@40.5C GPU@40.5C PMIC@50C
10-01-2026 11:20:52 RAM 1784/6833MB (lfb 428x4MB) SWAP 29/3417MB (cached 0MB) CPU [100%@1420,85%@1420,100%@1420,90%@1420,100%@1420,100%@1420] EMC_FREQ 0% GR3D_FREQ 0% AUX@41C CPU@42C thermal@40.95C AO@40.5C GPU@40.5C PMIC@50C
10-01-2026 11:20:52 RAM 1786/6833MB (lfb 428x4MB) SWAP 29/3417MB (cached 0MB) CPU [100%@1420,100%@1420,100%@1420,95%@1420,100%@1420,100%@1420] EMC_FREQ 0% GR3D_FREQ 0% AUX@40.5C CPU@42.5C thermal@40.95C AO@40.5C GPU@40.5C PMIC@50C
10-01-2026 11:20:52 RAM 1787/6833MB (lfb 428x4MB) SWAP 29/3417MB (cached 0MB) CPU [100%@1420,100%@1420,100%@1420,100%@1420,100%@1420,100%@1420] EMC_FREQ 0% GR3D_FREQ 0% AUX@40.5C CPU@42.5C thermal@40.95C AO@40.5C GPU@40.5C PMIC@50C
10-01-2026 11:20:52 RAM 1787/6833MB (lfb 428x4MB) SWAP 29/3417MB (cached 0MB) CPU [100%@1420,100%@1420,100%@1420,35%@1420,100%@1420,100%@1420] EMC_FREQ 0% GR3D_FREQ 0% AUX@41C CPU@42C thermal@40.95C AO@40.5C GPU@40.5C PMIC@50C
10-01-2026 11:20:52 RAM 1788/6833MB (lfb 428x4MB) SWAP 29/3417MB (cached 0MB) CPU [100%@1420,100%@1420,100%@1420,80%@1420,100%@1420,100%@1420] EMC_FREQ 0% GR3D_FREQ 0% AUX@41C CPU@42.5C thermal@40.95C AO@40.5C GPU@40.5C PMIC@50C
10-01-2026 11:20:53 RAM 1788/6833MB (lfb 428x4MB) SWAP 29/3417MB (cached 0MB) CPU [100%@1420,100%@1420,100%@1420,15%@1420,100%@1420,100%@1420] EMC_FREQ 0% GR3D_FREQ 0% AUX@40.5C CPU@42.5C thermal@40.95C AO@40.5C GPU@40.5C PMIC@50C
10-01-2026 11:20:53 RAM 1798/6833MB (lfb 428x4MB) SWAP 29/3417MB (cached 0MB) CPU [100%@1420,100%@1420,100%@1420,65%@1420,100%@1420,100%@1420] EMC_FREQ 0% GR3D_FREQ 0% AUX@41C CPU@42.5C thermal@41.3C AO@41C GPU@41C PMIC@50C
10-01-2026 11:20:53 RAM 1799/6833MB (lfb 428x4MB) SWAP 29/3417MB (cached 0MB) CPU [100%@1420,100%@1420,100%@1420,84%@1420,100%@1420,100%@1420] EMC_FREQ 0% GR3D_FREQ 0% AUX@41C CPU@42.5C thermal@41.3C AO@40.5C GPU@40.5C PMIC@50C
10-01-2026 11:20:53 RAM 1800/6833MB (lfb 428x4MB) SWAP 29/3417MB (cached 0MB) CPU [100%@1420,100%@1420,100%@1420,100%@1420,100%@1420,100%@1420] EMC_FREQ 0% GR3D_FREQ 0% AUX@41C CPU@42C thermal@41.3C AO@40.5C GPU@41C PMIC@50C
10-01-2026 11:20:53 RAM 1801/6833MB (lfb 428x4MB) SWAP 29/3417MB (cached 0MB) CPU [100%@1420,100%@1420,100%@1420,90%@1420,94%@1420,100%@1420] EMC_FREQ 0% GR3D_FREQ 0% AUX@41C CPU@42.5C thermal@41.3C AO@40.5C GPU@40.5C PMIC@50C
10-01-2026 11:20:54 RAM 1802/6833MB (lfb 428x4MB) SWAP 29/3417MB (cached 0MB) CPU [100%@1420,100%@1420,100%@1420,100%@1420,90%@1420,100%@1420] EMC_FREQ 0% GR3D_FREQ 0% AUX@41C CPU@42.5C thermal@41.3C AO@40.5C GPU@41C PMIC@50C
10-01-2026 11:20:54 RAM 1802/6833MB (lfb 428x4MB) SWAP 29/3417MB (cached 0MB) CPU [81%@1420,100%@1420,100%@1420,100%@1420,90%@1420,100%@1420] EMC_FREQ 0% GR3D_FREQ 0% AUX@41C CPU@42.5C thermal@41.3C AO@40.5C GPU@41C PMIC@50C
10-01-2026 11:20:54 RAM 1803/6833MB (lfb 428x4MB) SWAP 29/3417MB (cached 0MB) CPU [100%@1420,100%@1420,100%@1420,100%@1420,95%@1420,100%@1420] EMC_FREQ 0% GR3D_FREQ 0% AUX@41C CPU@42.5C thermal@41.45C AO@40.5C GPU@41C PMIC@50C
10-01-2026 11:20:54 RAM 1805/6833MB (lfb 428x4MB) SWAP 29/3417MB (cached 0MB) CPU [100%@1420,100%@1420,100%@1420,100%@1420,94%@1420,100%@1420] EMC_FREQ 0% GR3D_FREQ 0% AUX@41C CPU@42.5C thermal@41.45C AO@40.5C GPU@41C PMIC@50C
10-01-2026 11:20:54 RAM 1806/6833MB (lfb 428x4MB) SWAP 29/3417MB (cached 0MB) CPU [100%@1420,100%@1420,100%@1420,100%@1420,95%@1420,100%@1420] EMC_FREQ 0% GR3D_FREQ 0% AUX@40.5C CPU@42.5C thermal@41.45C AO@41C GPU@41C PMIC@50C
10-01-2026 11:20:55 RAM 1808/6833MB (lfb 428x4MB) SWAP 29/3417MB (cached 0MB) CPU [100%@1420,100%@1420,100%@1420,100%@1420,90%@1420,85%@1420] EMC_FREQ 0% GR3D_FREQ 0% AUX@41C CPU@42.5C thermal@41.45C AO@40.5C GPU@41C PMIC@50C
10-01-2026 11:20:55 RAM 1809/6833MB (lfb 428x4MB) SWAP 29/3417MB (cached 0MB) CPU [100%@1420,100%@1420,100%@1420,100%@1420,100%@1420,90%@1420] EMC_FREQ 0% GR3D_FREQ 0% AUX@41C CPU@42.5C thermal@41.45C AO@40.5C GPU@41C PMIC@50C
10-01-2026 11:20:55 RAM 1811/6833MB (lfb 428x4MB) SWAP 29/3417MB (cached 0MB) CPU [100%@1420,100%@1420,100%@1420,100%@1420,100%@1420,85%@1420] EMC_FREQ 0% GR3D_FREQ 0% AUX@41C CPU@42.5C thermal@41.45C AO@40.5C GPU@41C PMIC@50C
10-01-2026 11:20:55 RAM 1811/6833MB (lfb 428x4MB) SWAP 29/3417MB (cached 0MB) CPU [100%@1420,100%@1420,100%@1420,100%@1420,100%@1420,90%@1420] EMC_FREQ 0% GR3D_FREQ 0% AUX@41C CPU@42.5C thermal@41.45C AO@41C GPU@41C PMIC@50C
10-01-2026 11:20:55 RAM 1813/6833MB (lfb 428x4MB) SWAP 29/3417MB (cached 0MB) CPU [94%@1420,94%@1420,90%@1420,90%@1420,94%@1420,90%@1420] EMC_FREQ 0% GR3D_FREQ 0% AUX@41C CPU@42.5C thermal@41.45C AO@41C GPU@41C PMIC@50C
10-01-2026 11:20:56 RAM 1813/6833MB (lfb 428x4MB) SWAP 29/3417MB (cached 0MB) CPU [20%@1420,5%@1420,0%@1420,0%@1420,85%@1420,5%@1420] EMC_FREQ 0% GR3D_FREQ 0% AUX@41C CPU@42C thermal@41.45C AO@40.5C GPU@41C PMIC@50C
10-01-2026 11:20:56 RAM 1815/6833MB (lfb 428x4MB) SWAP 29/3417MB (cached 0MB) CPU [10%@1420,9%@1420,9%@1420,5%@1420,50%@1420,36%@1420] EMC_FREQ 0% GR3D_FREQ 0% AUX@41C CPU@42.5C thermal@41.45C AO@41C GPU@41C PMIC@50C
10-01-2026 11:20:56 RAM 1817/6833MB (lfb 428x4MB) SWAP 29/3417MB (cached 0MB) CPU [5%@1420,5%@1420,5%@1420,5%@1420,15%@1420,75%@1420] EMC_FREQ 0% GR3D_FREQ 0% AUX@41C CPU@42C thermal@41.45C AO@41C GPU@41.5C PMIC@50C
10-01-2026 11:20:56 RAM 1818/6833MB (lfb 428x4MB) SWAP 29/3417MB (cached 0MB) CPU [21%@1420,9%@1420,4%@1420,0%@1420,13%@1420,77%@1420] EMC_FREQ 0% GR3D_FREQ 0% AUX@41C CPU@42C thermal@41.45C AO@40.5C GPU@41C PMIC@50C
10-01-2026 11:20:56 RAM 1820/6833MB (lfb 428x4MB) SWAP 29/3417MB (cached 0MB) CPU [0%@1420,10%@1420,5%@1420,0%@1420,85%@1420,4%@1420] EMC_FREQ 0% GR3D_FREQ 0% AUX@41C CPU@42C thermal@41.45C AO@41C GPU@41C PMIC@50C
10-01-2026 11:20:57 RAM 1820/6833MB (lfb 428x4MB) SWAP 29/3417MB (cached 0MB) CPU [13%@1420,10%@1420,5%@1420,9%@1420,95%@1420,0%@1420] EMC_FREQ 0% GR3D_FREQ 0% AUX@41.5C CPU@42.5C thermal@41.45C AO@41C GPU@41C PMIC@50C
10-01-2026 11:20:57 RAM 1822/6833MB (lfb 428x4MB) SWAP 29/3417MB (cached 0MB) CPU [0%@1420,10%@1420,0%@1420,5%@1420,80%@1420,4%@1420] EMC_FREQ 0% GR3D_FREQ 0% AUX@41C CPU@42C thermal@41.45C AO@41C GPU@41C PMIC@50C
10-01-2026 11:20:57 RAM 1823/6833MB (lfb 428x4MB) SWAP 29/3417MB (cached 0MB) CPU [5%@1420,19%@1420,9%@1420,5%@1420,85%@1420,5%@1420] EMC_FREQ 0% GR3D_FREQ 0% AUX@41.5C CPU@42C thermal@41.45C AO@41C GPU@41C PMIC@50C
10-01-2026 11:20:57 RAM 1826/6833MB (lfb 428x4MB) SWAP 29/3417MB (cached 0MB) CPU [10%@1420,14%@1420,5%@1420,9%@1420,85%@1420,0%@1420] EMC_FREQ 0% GR3D_FREQ 0% AUX@41C CPU@42C thermal@41.5C AO@41C GPU@41C PMIC@50C
10-01-2026 11:20:57 RAM 1829/6833MB (lfb 428x4MB) SWAP 29/3417MB (cached 0MB) CPU [18%@1420,5%@1420,0%@1420,5%@1420,31%@1420,36%@1420] EMC_FREQ 0% GR3D_FREQ 0% AUX@41C CPU@42C thermal@41.5C AO@41C GPU@41C PMIC@50C
10-01-2026 11:20:58 RAM 1829/6833MB (lfb 428x4MB) SWAP 29/3417MB (cached 0MB) CPU [10%@1420,0%@1420,9%@1420,13%@1420,4%@1420,90%@1420] EMC_FREQ 0% GR3D_FREQ 0% AUX@41C CPU@42C thermal@41.5C AO@41C GPU@41C PMIC@50C
10-01-2026 11:20:58 RAM 1830/6833MB (lfb 428x4MB) SWAP 29/3417MB (cached 0MB) CPU [10%@1420,4%@1420,0%@1420,5%@1420,42%@1420,52%@1420] EMC_FREQ 0% GR3D_FREQ 0% AUX@41C CPU@42C thermal@41.5C AO@41C GPU@41C PMIC@50C
10-01-2026 11:20:58 RAM 1832/6833MB (lfb 428x4MB) SWAP 29/3417MB (cached 0MB) CPU [19%@1420,14%@1420,5%@1420,5%@1420,80%@1420,9%@1420] EMC_FREQ 0% GR3D_FREQ 0% AUX@41.5C CPU@42.5C thermal@41.5C AO@41C GPU@41C PMIC@50C
10-01-2026 11:20:58 RAM 1836/6833MB (lfb 428x4MB) SWAP 29/3417MB (cached 0MB) CPU [20%@1420,27%@1420,26%@1420,15%@1420,14%@1420,0%@1420] EMC_FREQ 0% GR3D_FREQ 0% AUX@41.5C CPU@42.5C thermal@41.5C AO@41C GPU@41C PMIC@50C
10-01-2026 11:20:59 RAM 1836/6833MB (lfb 428x4MB) SWAP 29/3417MB (cached 0MB) CPU [15%@1420,14%@1420,95%@1420,14%@1420,0%@1420,0%@1420] EMC_FREQ 0% GR3D_FREQ 0% AUX@41.5C CPU@42C thermal@41.3C AO@41C GPU@41C PMIC@50C
10-01-2026 11:20:59 RAM 1837/6833MB (lfb 428x4MB) SWAP 29/3417MB (cached 0MB) CPU [22%@1420,9%@1420,95%@1420,14%@1420,0%@1420,0%@1420] EMC_FREQ 0% GR3D_FREQ 0% AUX@41.5C CPU@42.5C thermal@41.3C AO@41C GPU@41C PMIC@50C
10-01-2026 11:20:59 RAM 1838/6833MB (lfb 428x4MB) SWAP 29/3417MB (cached 0MB) CPU [10%@1420,5%@1420,90%@1420,0%@1420,0%@1420,0%@1420] EMC_FREQ 0% GR3D_FREQ 0% AUX@41.5C CPU@42.5C thermal@41.3C AO@41.5C GPU@41C PMIC@50C
10-01-2026 11:20:59 RAM 1839/6833MB (lfb 428x4MB) SWAP 29/3417MB (cached 0MB) CPU [10%@1420,5%@1420,90%@1420,4%@1420,0%@1420,0%@1420] EMC_FREQ 0% GR3D_FREQ 0% AUX@41C CPU@42.5C thermal@41.3C AO@41C GPU@41C PMIC@50C
10-01-2026 11:20:59 RAM 1839/6833MB (lfb 428x4MB) SWAP 29/3417MB (cached 0MB) CPU [15%@1420,10%@1420,10%@1420,89%@1420,4%@1420,0%@1420] EMC_FREQ 0% GR3D_FREQ 0% AUX@41.5C CPU@42C thermal@41.3C AO@41C GPU@41C PMIC@50C
10-01-2026 11:21:00 RAM 1840/6833MB (lfb 428x4MB) SWAP 29/3417MB (cached 0MB) CPU [18%@1420,5%@1420,5%@1420,89%@1420,0%@1420,0%@1420] EMC_FREQ 0% GR3D_FREQ 0% AUX@41.5C CPU@42C thermal@41.8C AO@41C GPU@41.5C PMIC@50C
10-01-2026 11:21:00 RAM 1843/6833MB (lfb 428x4MB) SWAP 29/3417MB (cached 0MB) CPU [15%@1420,9%@1420,4%@1420,73%@1420,4%@1420,4%@1420] EMC_FREQ 0% GR3D_FREQ 0% AUX@41.5C CPU@42.5C thermal@41.8C AO@41C GPU@41C PMIC@50C
10-01-2026 11:21:00 RAM 1846/6833MB (lfb 428x4MB) SWAP 29/3417MB (cached 0MB) CPU [18%@1420,10%@1420,5%@1420,78%@1420,9%@1420,5%@1420] EMC_FREQ 0% GR3D_FREQ 0% AUX@41.5C CPU@42.5C thermal@41.8C AO@41.5C GPU@41.5C PMIC@50C
10-01-2026 11:21:00 RAM 1848/6833MB (lfb 428x4MB) SWAP 29/3417MB (cached 0MB) CPU [14%@1420,5%@1420,0%@1420,85%@1420,4%@1420,17%@1420] EMC_FREQ 0% GR3D_FREQ 0% AUX@41.5C CPU@42.5C thermal@41.8C AO@41.5C GPU@41C PMIC@50C
10-01-2026 11:21:00 RAM 1848/6833MB (lfb 428x4MB) SWAP 29/3417MB (cached 0MB) CPU [0%@1420,18%@1420,4%@1420,95%@1420,0%@1420,0%@1420] EMC_FREQ 0% GR3D_FREQ 0% AUX@41.5C CPU@42.5C thermal@41.8C AO@41C GPU@41.5C PMIC@50C
10-01-2026 11:21:01 RAM 1849/6833MB (lfb 428x4MB) SWAP 29/3417MB (cached 0MB) CPU [0%@1420,10%@1420,5%@1420,36%@1420,40%@1420,5%@1420] EMC_FREQ 0% GR3D_FREQ 0% AUX@41.5C CPU@42.5C thermal@41.8C AO@41C GPU@41.5C PMIC@50C
10-01-2026 11:21:01 RAM 1850/6833MB (lfb 428x4MB) SWAP 29/3417MB (cached 0MB) CPU [18%@1420,14%@1420,4%@1420,0%@1420,31%@1420,57%@1420] EMC_FREQ 0% GR3D_FREQ 0% AUX@41.5C CPU@42.5C thermal@41.65C AO@41.5C GPU@41.5C PMIC@50C
10-01-2026 11:21:01 RAM 1851/6833MB (lfb 428x4MB) SWAP 29/3417MB (cached 0MB) CPU [10%@1420,5%@1420,5%@1420,9%@1420,5%@1420,85%@1420] EMC_FREQ 0% GR3D_FREQ 0% AUX@41.5C CPU@42.5C thermal@41.65C AO@41.5C GPU@41.5C PMIC@50C
10-01-2026 11:21:01 RAM 1852/6833MB (lfb 428x4MB) SWAP 29/3417MB (cached 0MB) CPU [10%@1420,13%@1420,0%@1420,10%@1420,0%@1420,89%@1420] EMC_FREQ 0% GR3D_FREQ 0% AUX@41.5C CPU@42.5C thermal@41.65C AO@41.5C GPU@41C PMIC@50C
10-01-2026 11:21:01 RAM 1853/6833MB (lfb 428x4MB) SWAP 29/3417MB (cached 0MB) CPU [14%@1420,10%@1420,4%@1420,4%@1420,0%@1420,89%@1420] EMC_FREQ 0% GR3D_FREQ 0% AUX@41.5C CPU@42C thermal@41.65C AO@41.5C GPU@41.5C PMIC@50C
10-01-2026 11:21:02 RAM 1853/6833MB (lfb 428x4MB) SWAP 29/3417MB (cached 0MB) CPU [15%@1420,5%@1420,0%@1420,5%@1420,9%@1420,95%@1420] EMC_FREQ 0% GR3D_FREQ 0% AUX@41.5C CPU@42.5C thermal@41.65C AO@41.5C GPU@41.5C PMIC@50C
10-01-2026 11:21:02 RAM 1855/6833MB (lfb 428x4MB) SWAP 29/3417MB (cached 0MB) CPU [19%@1420,5%@1420,9%@1420,9%@1420,0%@1420,95%@1420] EMC_FREQ 0% GR3D_FREQ 0% AUX@41.5C CPU@42.5C thermal@41.8C AO@41.5C GPU@41.5C PMIC@50C
10-01-2026 11:21:02 RAM 1858/6833MB (lfb 428x4MB) SWAP 29/3417MB (cached 0MB) CPU [0%@1420,10%@1420,4%@1420,9%@1420,0%@1420,100%@1420] EMC_FREQ 0% GR3D_FREQ 0% AUX@41.5C CPU@42.5C thermal@41.8C AO@41.5C GPU@41.5C PMIC@50C
10-01-2026 11:21:02 RAM 1859/6833MB (lfb 428x4MB) SWAP 29/3417MB (cached 0MB) CPU [18%@1420,9%@1420,5%@1420,9%@1420,5%@1420,94%@1420] EMC_FREQ 0% GR3D_FREQ 0% AUX@41.5C CPU@43C thermal@41.8C AO@41.5C GPU@41.5C PMIC@50C
10-01-2026 11:21:02 RAM 1862/6833MB (lfb 428x4MB) SWAP 29/3417MB (cached 0MB) CPU [15%@1420,10%@1420,0%@1420,0%@1420,0%@1420,100%@1420] EMC_FREQ 0% GR3D_FREQ 0% AUX@41.5C CPU@42.5C thermal@41.8C AO@41.5C GPU@41.5C PMIC@50C
10-01-2026 11:21:03 RAM 1862/6833MB (lfb 428x4MB) SWAP 29/3417MB (cached 0MB) CPU [5%@1420,10%@1420,5%@1420,0%@1420,0%@1420,94%@1420] EMC_FREQ 0% GR3D_FREQ 0% AUX@41.5C CPU@42.5C thermal@41.8C AO@41.5C GPU@41.5C PMIC@50C
10-01-2026 11:21:03 RAM 1862/6833MB (lfb 428x4MB) SWAP 29/3417MB (cached 0MB) CPU [5%@1420,19%@1420,0%@1420,4%@1420,0%@1420,95%@1420] EMC_FREQ 0% GR3D_FREQ 0% AUX@41.5C CPU@42.5C thermal@41.8C AO@41.5C GPU@41.5C PMIC@50C
10-01-2026 11:21:03 RAM 1863/6833MB (lfb 428x4MB) SWAP 29/3417MB (cached 0MB) CPU [19%@1420,9%@1420,9%@1420,0%@1420,5%@1420,90%@1420] EMC_FREQ 0% GR3D_FREQ 0% AUX@41.5C CPU@42.5C thermal@41.8C AO@41.5C GPU@41.5C PMIC@50C
10-01-2026 11:21:03 RAM 1865/6833MB (lfb 428x4MB) SWAP 29/3417MB (cached 0MB) CPU [15%@1420,9%@1420,4%@1420,9%@1420,95%@1420,0%@1420] EMC_FREQ 0% GR3D_FREQ 0% AUX@41.5C CPU@42.5C thermal@41.8C AO@41.5C GPU@41.5C PMIC@50C
10-01-2026 11:21:03 RAM 1866/6833MB (lfb 428x4MB) SWAP 29/3417MB (cached 0MB) CPU [9%@1420,15%@1420,0%@1420,5%@1420,95%@1420,0%@1420] EMC_FREQ 0% GR3D_FREQ 0% AUX@41.5C CPU@42.5C thermal@41.8C AO@41.5C GPU@41.5C PMIC@50C
10-01-2026 11:21:04 RAM 1866/6833MB (lfb 428x4MB) SWAP 29/3417MB (cached 0MB) CPU [5%@1420,9%@1420,14%@1420,5%@1420,90%@1420,0%@1420] EMC_FREQ 0% GR3D_FREQ 0% AUX@42C CPU@42.5C thermal@41.8C AO@41.5C GPU@41.5C PMIC@50C
10-01-2026 11:21:04 RAM 1867/6833MB (lfb 428x4MB) SWAP 29/3417MB (cached 0MB) CPU [21%@1420,0%@1420,5%@1420,5%@1420,95%@1420,0%@1420] EMC_FREQ 0% GR3D_FREQ 0% AUX@41.5C CPU@42.5C thermal@41.8C AO@42C GPU@41.5C PMIC@50C
10-01-2026 11:21:04 RAM 1867/6833MB (lfb 428x4MB) SWAP 29/3417MB (cached 0MB) CPU [5%@1420,0%@1420,5%@1420,5%@1420,88%@1420,4%@1420] EMC_FREQ 0% GR3D_FREQ 0% AUX@42C CPU@42.5C thermal@41.8C AO@41.5C GPU@41.5C PMIC@50C
10-01-2026 11:21:04 RAM 1868/6833MB (lfb 428x4MB) SWAP 29/3417MB (cached 0MB) CPU [13%@1420,9%@1420,17%@1420,14%@1420,94%@1420,0%@1420] EMC_FREQ 0% GR3D_FREQ 0% AUX@41.5C CPU@42.5C thermal@41.8C AO@42C GPU@41.5C PMIC@50C
10-01-2026 11:21:04 RAM 1870/6833MB (lfb 428x4MB) SWAP 29/3417MB (cached 0MB) CPU [5%@1420,13%@1420,0%@1420,10%@1420,56%@1420,25%@1420] EMC_FREQ 0% GR3D_FREQ 0% AUX@41.5C CPU@43C thermal@41.8C AO@42C GPU@41.5C PMIC@50C
10-01-2026 11:21:05 RAM 1870/6833MB (lfb 428x4MB) SWAP 29/3417MB (cached 0MB) CPU [5%@1344,10%@1344,0%@1344,10%@1344,0%@1344,85%@1344] EMC_FREQ 0% GR3D_FREQ 0% AUX@41.5C CPU@43C thermal@41.8C AO@41.5C GPU@41.5C PMIC@50C
10-01-2026 11:21:05 RAM 1871/6833MB (lfb 428x4MB) SWAP 29/3417MB (cached 0MB) CPU [9%@1420,20%@1420,66%@1420,14%@1420,4%@1420,9%@1420] EMC_FREQ 0% GR3D_FREQ 0% AUX@42C CPU@42.5C thermal@41.8C AO@41.5C GPU@41.5C PMIC@50C
10-01-2026 11:21:05 RAM 1871/6833MB (lfb 428x4MB) SWAP 29/3417MB (cached 0MB) CPU [15%@1420,9%@1420,36%@1420,20%@1420,5%@1420,0%@1420] EMC_FREQ 0% GR3D_FREQ 0% AUX@42C CPU@42.5C thermal@41.8C AO@41.5C GPU@41.5C PMIC@50C
10-01-2026 11:21:05 RAM 1872/6833MB (lfb 428x4MB) SWAP 29/3417MB (cached 0MB) CPU [14%@1420,5%@1420,5%@1420,14%@1420,19%@1420,38%@1420] EMC_FREQ 0% GR3D_FREQ 0% AUX@41.5C CPU@42.5C thermal@42.15C AO@41.5C GPU@41.5C PMIC@50C
10-01-2026 11:21:05 RAM 1872/6833MB (lfb 428x4MB) SWAP 29/3417MB (cached 0MB) CPU [10%@1420,10%@1420,4%@1420,5%@1420,0%@1420,76%@1420] EMC_FREQ 0% GR3D_FREQ 0% AUX@42C CPU@42.5C thermal@42.15C AO@41.5C GPU@41.5C PMIC@50C
10-01-2026 11:21:06 RAM 1872/6833MB (lfb 428x4MB) SWAP 29/3417MB (cached 0MB) CPU [9%@1420,9%@1420,5%@1420,10%@1420,0%@1420,95%@1420] EMC_FREQ 0% GR3D_FREQ 0% AUX@42C CPU@43C thermal@42.15C AO@41.5C GPU@41.5C PMIC@50C
10-01-2026 11:21:06 RAM 1872/6833MB (lfb 428x4MB) SWAP 29/3417MB (cached 0MB) CPU [10%@1420,13%@1420,0%@1420,10%@1420,66%@1420,30%@1420] EMC_FREQ 0% GR3D_FREQ 0% AUX@42C CPU@43C thermal@42.15C AO@42C GPU@41.5C PMIC@50C
10-01-2026 11:21:06 RAM 1872/6833MB (lfb 428x4MB) SWAP 29/3417MB (cached 0MB) CPU [15%@1420,5%@1420,4%@1420,9%@1420,0%@1420,85%@1420] EMC_FREQ 0% GR3D_FREQ 0% AUX@42C CPU@43C thermal@42.15C AO@42C GPU@41.5C PMIC@50C
10-01-2026 11:21:06 RAM 1873/6833MB (lfb 428x4MB) SWAP 29/3417MB (cached 0MB) CPU [3%@1420,11%@1420,5%@1420,8%@1420,31%@1420,38%@1420] EMC_FREQ 0% GR3D_FREQ 0% AUX@42C CPU@42.5C thermal@42C AO@41.5C GPU@41.5C PMIC@50C
10-01-2026 11:21:07 RAM 1874/6833MB (lfb 428x4MB) SWAP 29/3417MB (cached 0MB) CPU [10%@1420,10%@1420,4%@1420,0%@1420,65%@1420,0%@1420] EMC_FREQ 0% GR3D_FREQ 0% AUX@42C CPU@42.5C thermal@42C AO@42C GPU@42C PMIC@50C
10-01-2026 11:21:07 RAM 1876/6833MB (lfb 428x4MB) SWAP 29/3417MB (cached 0MB) CPU [10%@1420,0%@1420,9%@1420,9%@1420,85%@1420,0%@1420] EMC_FREQ 0% GR3D_FREQ 0% AUX@42C CPU@42.5C thermal@42C AO@42C GPU@41.5C PMIC@50C
10-01-2026 11:21:07 RAM 1877/6833MB (lfb 428x4MB) SWAP 29/3417MB (cached 0MB) CPU [10%@1420,5%@1420,0%@1420,5%@1420,85%@1420,5%@1420] EMC_FREQ 0% GR3D_FREQ 0% AUX@42C CPU@42.5C thermal@42C AO@42C GPU@42C PMIC@50C
10-01-2026 11:21:07 RAM 1878/6833MB (lfb 428x4MB) SWAP 29/3417MB (cached 0MB) CPU [5%@1420,0%@1420,9%@1420,5%@1420,95%@1420,5%@1420] EMC_FREQ 0% GR3D_FREQ 0% AUX@42C CPU@42.5C thermal@42C AO@42C GPU@42C PMIC@50C
10-01-2026 11:21:07 RAM 1878/6833MB (lfb 428x4MB) SWAP 29/3417MB (cached 0MB) CPU [14%@1420,13%@1420,5%@1420,9%@1420,90%@1420,9%@1420] EMC_FREQ 0% GR3D_FREQ 0% AUX@42C CPU@43C thermal@42.15C AO@42C GPU@42C PMIC@50C
10-01-2026 11:21:08 RAM 1881/6833MB (lfb 428x4MB) SWAP 29/3417MB (cached 0MB) CPU [5%@1420,0%@1420,5%@1420,14%@1420,89%@1420,0%@1420] EMC_FREQ 0% GR3D_FREQ 0% AUX@42.5C CPU@43C thermal@42.15C AO@42C GPU@42C PMIC@50C
10-01-2026 11:21:08 RAM 1881/6833MB (lfb 428x4MB) SWAP 29/3417MB (cached 0MB) CPU [5%@1420,0%@1420,5%@1420,14%@1420,89%@1420,5%@1420] EMC_FREQ 0% GR3D_FREQ 0% AUX@42C CPU@42.5C thermal@42.15C AO@42C GPU@42C PMIC@50C
10-01-2026 11:21:08 RAM 1881/6833MB (lfb 428x4MB) SWAP 29/3417MB (cached 0MB) CPU [0%@1420,5%@1420,5%@1420,0%@1420,95%@1420,4%@1420] EMC_FREQ 0% GR3D_FREQ 0% AUX@42C CPU@42.5C thermal@42.15C AO@42C GPU@42C PMIC@50C
10-01-2026 11:21:08 RAM 1881/6833MB (lfb 428x4MB) SWAP 29/3417MB (cached 0MB) CPU [9%@1420,5%@1420,18%@1420,9%@1420,95%@1420,5%@1420] EMC_FREQ 0% GR3D_FREQ 0% AUX@42C CPU@43C thermal@42.15C AO@42C GPU@42C PMIC@50C
10-01-2026 11:21:08 RAM 1882/6833MB (lfb 428x4MB) SWAP 29/3417MB (cached 0MB) CPU [0%@1420,0%@1420,5%@1420,5%@1420,90%@1420,4%@1420] EMC_FREQ 0% GR3D_FREQ 0% AUX@42C CPU@43C thermal@42.3C AO@42C GPU@42C PMIC@50C
10-01-2026 11:21:09 RAM 1882/6833MB (lfb 428x4MB) SWAP 29/3417MB (cached 0MB) CPU [0%@1420,5%@1420,14%@1420,28%@1420,77%@1420,5%@1420] EMC_FREQ 0% GR3D_FREQ 0% AUX@42C CPU@43C thermal@42.3C AO@42C GPU@42C PMIC@50C
10-01-2026 11:21:09 RAM 1882/6833MB (lfb 428x4MB) SWAP 29/3417MB (cached 0MB) CPU [5%@1420,5%@1420,14%@1420,90%@1420,5%@1420,9%@1420] EMC_FREQ 0% GR3D_FREQ 0% AUX@42C CPU@43.5C thermal@42.3C AO@42C GPU@42C PMIC@50C
10-01-2026 11:21:09 RAM 1883/6833MB (lfb 428x4MB) SWAP 29/3417MB (cached 0MB) CPU [5%@1420,5%@1420,5%@1420,90%@1420,0%@1420,5%@1420] EMC_FREQ 0% GR3D_FREQ 0% AUX@42C CPU@43C thermal@42.3C AO@42C GPU@42C PMIC@50C
10-01-2026 11:21:09 RAM 1883/6833MB (lfb 428x4MB) SWAP 29/3417MB (cached 0MB) CPU [9%@1420,0%@1420,14%@1420,95%@1420,4%@1420,0%@1420] EMC_FREQ 0% GR3D_FREQ 0% AUX@42C CPU@43C thermal@42.3C AO@42C GPU@42C PMIC@50C
10-01-2026 11:21:09 RAM 1884/6833MB (lfb 428x4MB) SWAP 29/3417MB (cached 0MB) CPU [0%@1420,9%@1420,10%@1420,100%@1420,5%@1420,9%@1420] EMC_FREQ 0% GR3D_FREQ 0% AUX@42C CPU@43C thermal@42.3C AO@42C GPU@42C PMIC@50C
10-01-2026 11:21:10 RAM 1884/6833MB (lfb 428x4MB) SWAP 29/3417MB (cached 0MB) CPU [9%@1420,4%@1420,5%@1420,90%@1420,5%@1420,0%@1420] EMC_FREQ 0% GR3D_FREQ 0% AUX@42C CPU@43C thermal@42.3C AO@42C GPU@42C PMIC@50C
10-01-2026 11:21:10 RAM 1884/6833MB (lfb 428x4MB) SWAP 29/3417MB (cached 0MB) CPU [15%@1420,10%@1420,52%@1420,50%@1420,0%@1420,4%@1420] EMC_FREQ 0% GR3D_FREQ 0% AUX@42C CPU@43C thermal@42.3C AO@42C GPU@42C PMIC@50C
10-01-2026 11:21:10 RAM 1884/6833MB (lfb 428x4MB) SWAP 29/3417MB (cached 0MB) CPU [10%@1420,0%@1420,95%@1420,0%@1420,5%@1420,5%@1420] EMC_FREQ 0% GR3D_FREQ 0% AUX@42C CPU@43C thermal@42.3C AO@42C GPU@42C PMIC@50C
10-01-2026 11:21:10 RAM 1885/6833MB (lfb 428x4MB) SWAP 29/3417MB (cached 0MB) CPU [5%@1420,14%@1420,95%@1420,0%@1420,9%@1420,5%@1420] EMC_FREQ 0% GR3D_FREQ 0% AUX@42.5C CPU@43C thermal@42.3C AO@42.5C GPU@42C PMIC@50C
10-01-2026 11:21:10 RAM 1884/6833MB (lfb 428x4MB) SWAP 29/3417MB (cached 0MB) CPU [15%@1420,4%@1420,95%@1420,0%@1420,9%@1420,0%@1420] EMC_FREQ 0% GR3D_FREQ 0% AUX@42.5C CPU@43C thermal@42.3C AO@42.5C GPU@42C PMIC@50C
10-01-2026 11:21:11 RAM 1885/6833MB (lfb 428x4MB) SWAP 29/3417MB (cached 0MB) CPU [18%@1420,5%@1420,0%@1420,80%@1420,0%@1420,9%@1420] EMC_FREQ 0% GR3D_FREQ 0% AUX@42C CPU@43C thermal@42.3C AO@42C GPU@42C PMIC@50C
10-01-2026 11:21:11 RAM 1885/6833MB (lfb 428x4MB) SWAP 29/3417MB (cached 0MB) CPU [14%@1420,14%@1420,0%@1420,95%@1420,4%@1420,0%@1420] EMC_FREQ 0% GR3D_FREQ 0% AUX@42C CPU@43C thermal@42.3C AO@42C GPU@42C PMIC@50C
10-01-2026 11:21:11 RAM 1886/6833MB (lfb 428x4MB) SWAP 29/3417MB (cached 0MB) CPU [5%@1190,15%@1190,18%@1190,73%@1190,4%@1190,0%@1190] EMC_FREQ 0% GR3D_FREQ 0% AUX@42C CPU@43C thermal@42.3C AO@42.5C GPU@42C PMIC@50C
10-01-2026 11:21:11 RAM 1886/6833MB (lfb 428x4MB) SWAP 29/3417MB (cached 0MB) CPU [14%@1420,10%@1420,94%@1420,0%@1420,9%@1420,4%@1420] EMC_FREQ 0% GR3D_FREQ 0% AUX@42C CPU@43.5C thermal@42.3C AO@42.5C GPU@42C PMIC@50C
10-01-2026 11:21:11 RAM 1887/6833MB (lfb 428x4MB) SWAP 29/3417MB (cached 0MB) CPU [5%@1420,9%@1420,90%@1420,0%@1420,0%@1420,9%@1420] EMC_FREQ 0% GR3D_FREQ 0% AUX@42C CPU@43.5C thermal@42.3C AO@42.5C GPU@42C PMIC@50C
10-01-2026 11:21:12 RAM 1888/6833MB (lfb 428x4MB) SWAP 29/3417MB (cached 0MB) CPU [10%@1420,0%@1420,94%@1420,4%@1420,0%@1420,5%@1420] EMC_FREQ 0% GR3D_FREQ 0% AUX@42.5C CPU@43.5C thermal@42.3C AO@42.5C GPU@42.5C PMIC@50C
10-01-2026 11:21:12 RAM 1889/6833MB (lfb 428x4MB) SWAP 29/3417MB (cached 0MB) CPU [15%@1420,9%@1420,80%@1420,0%@1420,5%@1420,5%@1420] EMC_FREQ 0% GR3D_FREQ 0% AUX@42C CPU@43C thermal@42.3C AO@42C GPU@42C PMIC@50C
10-01-2026 11:21:12 RAM 1890/6833MB (lfb 428x4MB) SWAP 29/3417MB (cached 0MB) CPU [14%@1420,14%@1420,90%@1420,0%@1420,4%@1420,13%@1420] EMC_FREQ 0% GR3D_FREQ 0% AUX@42C CPU@43C thermal@42.3C AO@42.5C GPU@42C PMIC@50C
10-01-2026 11:21:12 RAM 1894/6833MB (lfb 428x4MB) SWAP 29/3417MB (cached 0MB) CPU [14%@1420,5%@1420,100%@1420,5%@1420,0%@1420,9%@1420] EMC_FREQ 0% GR3D_FREQ 0% AUX@42.5C CPU@43.5C thermal@42.3C AO@42C GPU@42.5C PMIC@50C
10-01-2026 11:21:12 RAM 1894/6833MB (lfb 428x4MB) SWAP 29/3417MB (cached 0MB) CPU [10%@1420,9%@1420,100%@1420,0%@1420,5%@1420,4%@1420] EMC_FREQ 0% GR3D_FREQ 0% AUX@42.5C CPU@43.5C thermal@42.3C AO@42.5C GPU@42C PMIC@50C
10-01-2026 11:21:13 RAM 1895/6833MB (lfb 428x4MB) SWAP 29/3417MB (cached 0MB) CPU [13%@1420,10%@1420,95%@1420,13%@1420,5%@1420,5%@1420] EMC_FREQ 0% GR3D_FREQ 0% AUX@42C CPU@43.5C thermal@42.3C AO@42.5C GPU@42.5C PMIC@50C
10-01-2026 11:21:13 RAM 1895/6833MB (lfb 428x4MB) SWAP 29/3417MB (cached 0MB) CPU [10%@1420,10%@1420,94%@1420,0%@1420,5%@1420,5%@1420] EMC_FREQ 0% GR3D_FREQ 0% AUX@42.5C CPU@43C thermal@42.65C AO@42.5C GPU@42.5C PMIC@50C
10-01-2026 11:21:13 RAM 1895/6833MB (lfb 428x4MB) SWAP 29/3417MB (cached 0MB) CPU [10%@1420,9%@1420,85%@1420,0%@1420,10%@1420,5%@1420] EMC_FREQ 0% GR3D_FREQ 0% AUX@42C CPU@43.5C thermal@42.65C AO@42.5C GPU@42.5C PMIC@50C
10-01-2026 11:21:13 RAM 1896/6833MB (lfb 428x4MB) SWAP 29/3417MB (cached 0MB) CPU [5%@1420,5%@1420,5%@1420,0%@1420,4%@1420,94%@1420] EMC_FREQ 0% GR3D_FREQ 0% AUX@42.5C CPU@43.5C thermal@42.65C AO@42.5C GPU@42.5C PMIC@50C
10-01-2026 11:21:14 RAM 1896/6833MB (lfb 428x4MB) SWAP 29/3417MB (cached 0MB) CPU [15%@1420,0%@1420,0%@1420,9%@1420,5%@1420,95%@1420] EMC_FREQ 0% GR3D_FREQ 0% AUX@42.5C CPU@43.5C thermal@42.65C AO@42.5C GPU@42.5C PMIC@50C
10-01-2026 11:21:14 RAM 1897/6833MB (lfb 428x4MB) SWAP 29/3417MB (cached 0MB) CPU [14%@1420,14%@1420,4%@1420,9%@1420,4%@1420,89%@1420] EMC_FREQ 0% GR3D_FREQ 0% AUX@42.5C CPU@43.5C thermal@42.65C AO@42.5C GPU@42C PMIC@50C
10-01-2026 11:21:14 RAM 1897/6833MB (lfb 428x4MB) SWAP 29/3417MB (cached 0MB) CPU [5%@1420,5%@1420,5%@1420,5%@1420,85%@1420,5%@1420] EMC_FREQ 0% GR3D_FREQ 0% AUX@42.5C CPU@43.5C thermal@42.65C AO@42.5C GPU@42.5C PMIC@50C
10-01-2026 11:21:14 RAM 1897/6833MB (lfb 428x4MB) SWAP 29/3417MB (cached 0MB) CPU [0%@1420,14%@1420,4%@1420,5%@1420,100%@1420,4%@1420] EMC_FREQ 0% GR3D_FREQ 0% AUX@42.5C CPU@43.5C thermal@42.8C AO@42.5C GPU@42.5C PMIC@50C
10-01-2026 11:21:14 RAM 1898/6833MB (lfb 428x4MB) SWAP 29/3417MB (cached 0MB) CPU [14%@1420,10%@1420,0%@1420,0%@1420,90%@1420,4%@1420] EMC_FREQ 0% GR3D_FREQ 0% AUX@42.5C CPU@43.5C thermal@42.8C AO@42.5C GPU@42.5C PMIC@50C
10-01-2026 11:21:15 RAM 1898/6833MB (lfb 428x4MB) SWAP 29/3417MB (cached 0MB) CPU [10%@1420,10%@1420,9%@1420,4%@1420,84%@1420,5%@1420] EMC_FREQ 0% GR3D_FREQ 0% AUX@42.5C CPU@43.5C thermal@42.8C AO@42.5C GPU@42.5C PMIC@50C
10-01-2026 11:21:15 RAM 1919/6833MB (lfb 428x4MB) SWAP 29/3417MB (cached 0MB) CPU [10%@1420,14%@1420,5%@1420,5%@1420,0%@1420,100%@1420] EMC_FREQ 0% GR3D_FREQ 0% AUX@42.5C CPU@43.5C thermal@42.8C AO@42.5C GPU@42.5C PMIC@50C
10-01-2026 11:21:15 RAM 1921/6833MB (lfb 428x4MB) SWAP 29/3417MB (cached 0MB) CPU [5%@1420,14%@1420,5%@1420,0%@1420,5%@1420,100%@1420] EMC_FREQ 0% GR3D_FREQ 0% AUX@42.5C CPU@43.5C thermal@42.8C AO@42.5C GPU@42.5C PMIC@50C
10-01-2026 11:21:15 RAM 1923/6833MB (lfb 428x4MB) SWAP 29/3417MB (cached 0MB) CPU [5%@1420,5%@1420,15%@1420,18%@1420,4%@1420,75%@1420] EMC_FREQ 0% GR3D_FREQ 0% AUX@42.5C CPU@43.5C thermal@42.8C AO@42.5C GPU@42.5C PMIC@50C
10-01-2026 11:21:15 RAM 1923/6833MB (lfb 428x4MB) SWAP 29/3417MB (cached 0MB) CPU [13%@1267,14%@1267,66%@1267,15%@1267,0%@1267,0%@1267] EMC_FREQ 0% GR3D_FREQ 0% AUX@42.5C CPU@43.5C thermal@42.8C AO@42.5C GPU@42.5C PMIC@50C
10-01-2026 11:21:16 RAM 1932/6833MB (lfb 428x4MB) SWAP 29/3417MB (cached 0MB) CPU [40%@1420,40%@1420,47%@1420,50%@1420,38%@1420,40%@1420] EMC_FREQ 0% GR3D_FREQ 0% AUX@42.5C CPU@43.5C thermal@42.8C AO@42.5C GPU@43C PMIC@50C
10-01-2026 11:21:16 RAM 1938/6833MB (lfb 428x4MB) SWAP 29/3417MB (cached 0MB) CPU [14%@1420,5%@1420,63%@1420,20%@1420,9%@1420,4%@1420] EMC_FREQ 0% GR3D_FREQ 0% AUX@42.5C CPU@43.5C thermal@42.8C AO@42.5C GPU@42.5C PMIC@50C
10-01-2026 11:21:16 RAM 1938/6833MB (lfb 428x4MB) SWAP 29/3417MB (cached 0MB) CPU [5%@1420,4%@1420,21%@1420,75%@1420,4%@1420,5%@1420] EMC_FREQ 0% GR3D_FREQ 0% AUX@42.5C CPU@43.5C thermal@42.8C AO@42.5C GPU@42.5C PMIC@50C
10-01-2026 11:21:16 RAM 1939/6833MB (lfb 428x4MB) SWAP 29/3417MB (cached 0MB) CPU [0%@1420,9%@1420,31%@1420,40%@1420,5%@1420,14%@1420] EMC_FREQ 0% GR3D_FREQ 0% AUX@42.5C CPU@43.5C thermal@42.8C AO@42.5C GPU@43C PMIC@50C
10-01-2026 11:21:16 RAM 1940/6833MB (lfb 428x4MB) SWAP 29/3417MB (cached 0MB) CPU [9%@1420,0%@1420,90%@1420,5%@1420,9%@1420,5%@1420] EMC_FREQ 0% GR3D_FREQ 0% AUX@42.5C CPU@43.5C thermal@42.8C AO@42.5C GPU@42.5C PMIC@50C
10-01-2026 11:21:17 RAM 1943/6833MB (lfb 428x4MB) SWAP 29/3417MB (cached 0MB) CPU [9%@1420,9%@1420,89%@1420,22%@1420,0%@1420,0%@1420] EMC_FREQ 0% GR3D_FREQ 0% AUX@42.5C CPU@43.5C thermal@42.8C AO@42.5C GPU@42.5C PMIC@50C
10-01-2026 11:21:17 RAM 1969/6833MB (lfb 428x4MB) SWAP 29/3417MB (cached 0MB) CPU [5%@1420,5%@1420,100%@1420,10%@1420,10%@1420,13%@1420] EMC_FREQ 0% GR3D_FREQ 0% AUX@42.5C CPU@43.5C thermal@42.8C AO@42.5C GPU@42.5C PMIC@50C
10-01-2026 11:21:17 RAM 1986/6833MB (lfb 428x4MB) SWAP 29/3417MB (cached 0MB) CPU [5%@1420,5%@1420,95%@1420,10%@1420,0%@1420,0%@1420] EMC_FREQ 0% GR3D_FREQ 0% AUX@42.5C CPU@43.5C thermal@42.8C AO@42.5C GPU@42.5C PMIC@50C
10-01-2026 11:21:17 RAM 1996/6833MB (lfb 428x4MB) SWAP 29/3417MB (cached 0MB) CPU [9%@1190,13%@1190,31%@1190,15%@1190,4%@1420,5%@1420] EMC_FREQ 0% GR3D_FREQ 0% AUX@43C CPU@43.5C thermal@42.8C AO@42.5C GPU@42.5C PMIC@50C
10-01-2026 11:21:17 RAM 2014/6833MB (lfb 428x4MB) SWAP 29/3417MB (cached 0MB) CPU [5%@1420,5%@1420,5%@1420,10%@1420,0%@1420,5%@1420] EMC_FREQ 0% GR3D_FREQ 0% AUX@42.5C CPU@43.5C thermal@43.15C AO@43C GPU@43C PMIC@50C
10-01-2026 11:21:18 RAM 2028/6833MB (lfb 428x4MB) SWAP 29/3417MB (cached 0MB) CPU [10%@1190,5%@1420,10%@1420,5%@1420,4%@1420,4%@1420] EMC_FREQ 0% GR3D_FREQ 0% AUX@43C CPU@43.5C thermal@43.15C AO@42.5C GPU@43C PMIC@50C
10-01-2026 11:21:18 RAM 2044/6833MB (lfb 428x4MB) SWAP 29/3417MB (cached 0MB) CPU [9%@1420,5%@1420,5%@1420,14%@1420,5%@1420,5%@1420] EMC_FREQ 0% GR3D_FREQ 0% AUX@42.5C CPU@43.5C thermal@43.15C AO@42.5C GPU@42.5C PMIC@50C
10-01-2026 11:21:18 RAM 2060/6833MB (lfb 428x4MB) SWAP 29/3417MB (cached 0MB) CPU [5%@1190,4%@1190,9%@1190,19%@1190,4%@1190,10%@1190] EMC_FREQ 0% GR3D_FREQ 0% AUX@43C CPU@43.5C thermal@43.15C AO@43C GPU@42.5C PMIC@50C
10-01-2026 11:21:18 RAM 2078/6833MB (lfb 428x4MB) SWAP 29/3417MB (cached 0MB) CPU [13%@1420,5%@1420,10%@1420,10%@1420,5%@1420,5%@1420] EMC_FREQ 0% GR3D_FREQ 0% AUX@43C CPU@43.5C thermal@43.15C AO@43C GPU@42.5C PMIC@50C
10-01-2026 11:21:18 RAM 2094/6833MB (lfb 428x4MB) SWAP 29/3417MB (cached 0MB) CPU [0%@1190,5%@1190,0%@1190,19%@1420,13%@1420,5%@1420] EMC_FREQ 0% GR3D_FREQ 0% AUX@43C CPU@43.5C thermal@43.15C AO@43C GPU@42.5C PMIC@50C
10-01-2026 11:21:19 RAM 2111/6833MB (lfb 428x4MB) SWAP 29/3417MB (cached 0MB) CPU [10%@1420,5%@1420,9%@1420,15%@1420,0%@1420,5%@1420] EMC_FREQ 0% GR3D_FREQ 0% AUX@43C CPU@44C thermal@43C AO@42.5C GPU@42.5C PMIC@50C
10-01-2026 11:21:19 RAM 2126/6833MB (lfb 428x4MB) SWAP 29/3417MB (cached 0MB) CPU [13%@1190,5%@1420,5%@1420,10%@1420,4%@1420,9%@1420] EMC_FREQ 0% GR3D_FREQ 0% AUX@43C CPU@43.5C thermal@43C AO@43C GPU@43C PMIC@50C
10-01-2026 11:21:19 RAM 2141/6833MB (lfb 428x4MB) SWAP 29/3417MB (cached 0MB) CPU [0%@1420,5%@1420,14%@1420,9%@1190,5%@1190,0%@1190] EMC_FREQ 0% GR3D_FREQ 0% AUX@43C CPU@43.5C thermal@43C AO@43C GPU@43C PMIC@50C
10-01-2026 11:21:19 RAM 2157/6833MB (lfb 428x4MB) SWAP 29/3417MB (cached 0MB) CPU [5%@1190,9%@1190,15%@1190,14%@1190,9%@1190,9%@1190] EMC_FREQ 0% GR3D_FREQ 0% AUX@43C CPU@43.5C thermal@43C AO@43C GPU@43C PMIC@50C
10-01-2026 11:21:19 RAM 2172/6833MB (lfb 428x4MB) SWAP 29/3417MB (cached 0MB) CPU [9%@1420,0%@1420,10%@1420,10%@1420,4%@1420,0%@1420] EMC_FREQ 0% GR3D_FREQ 0% AUX@43C CPU@43.5C thermal@43C AO@43C GPU@43C PMIC@50C
10-01-2026 11:21:20 RAM 2189/6833MB (lfb 428x4MB) SWAP 29/3417MB (cached 0MB) CPU [5%@1190,5%@1190,19%@1420,14%@1420,5%@1420,0%@1420] EMC_FREQ 0% GR3D_FREQ 0% AUX@43C CPU@44C thermal@43.15C AO@43C GPU@43C PMIC@50C
10-01-2026 11:21:20 RAM 2205/6833MB (lfb 428x4MB) SWAP 29/3417MB (cached 0MB) CPU [0%@1190,5%@1190,10%@1190,15%@1190,5%@1190,9%@1190] EMC_FREQ 0% GR3D_FREQ 0% AUX@43C CPU@43.5C thermal@43.15C AO@43C GPU@43C PMIC@50C
10-01-2026 11:21:20 RAM 2221/6833MB (lfb 428x4MB) SWAP 29/3417MB (cached 0MB) CPU [9%@1420,0%@1420,10%@1420,14%@1420,9%@1420,4%@1420] EMC_FREQ 0% GR3D_FREQ 0% AUX@43C CPU@44C thermal@43.15C AO@43C GPU@43C PMIC@50C
10-01-2026 11:21:20 RAM 2237/6833MB (lfb 428x4MB) SWAP 29/3417MB (cached 0MB) CPU [9%@1190,4%@1190,14%@1190,15%@1190,9%@1190,0%@1190] EMC_FREQ 0% GR3D_FREQ 0% AUX@43C CPU@43.5C thermal@43.15C AO@43C GPU@43C PMIC@50C
10-01-2026 11:21:20 RAM 2253/6833MB (lfb 428x4MB) SWAP 29/3417MB (cached 0MB) CPU [0%@1420,10%@1420,15%@1420,10%@1420,0%@1420,5%@1420] EMC_FREQ 0% GR3D_FREQ 0% AUX@43C CPU@44C thermal@43.15C AO@43C GPU@43C PMIC@50C
10-01-2026 11:21:21 RAM 2269/6833MB (lfb 428x4MB) SWAP 29/3417MB (cached 0MB) CPU [5%@1190,5%@1190,14%@1190,14%@1420,9%@1420,5%@1420] EMC_FREQ 0% GR3D_FREQ 0% AUX@43C CPU@44C thermal@43.15C AO@43C GPU@43C PMIC@50C
10-01-2026 11:21:21 RAM 2285/6833MB (lfb 428x4MB) SWAP 29/3417MB (cached 0MB) CPU [0%@1190,13%@1420,10%@1420,10%@1420,10%@1420,5%@1420] EMC_FREQ 0% GR3D_FREQ 0% AUX@43C CPU@44C thermal@43.3C AO@43C GPU@43C PMIC@50C
10-01-2026 11:21:21 RAM 2301/6833MB (lfb 428x4MB) SWAP 29/3417MB (cached 0MB) CPU [9%@1420,0%@1420,10%@1420,14%@1420,5%@1420,5%@1420] EMC_FREQ 0% GR3D_FREQ 0% AUX@43C CPU@44C thermal@43.3C AO@43C GPU@43C PMIC@50C
10-01-2026 11:21:21 RAM 2317/6833MB (lfb 428x4MB) SWAP 29/3417MB (cached 0MB) CPU [5%@1420,9%@1420,13%@1420,13%@1420,9%@1420,5%@1420] EMC_FREQ 0% GR3D_FREQ 0% AUX@43C CPU@44C thermal@43.3C AO@43C GPU@43C PMIC@50C
10-01-2026 11:21:21 RAM 2836/6833MB (lfb 310x4MB) SWAP 29/3417MB (cached 0MB) CPU [0%@1420,0%@1420,0%@1420,73%@1420,10%@1420,9%@1420] EMC_FREQ 0% GR3D_FREQ 0% AUX@43C CPU@44C thermal@43.3C AO@43C GPU@43C PMIC@50C
10-01-2026 11:21:22 RAM 2994/6833MB (lfb 271x4MB) SWAP 29/3417MB (cached 0MB) CPU [5%@1420,13%@1420,9%@1420,100%@1420,10%@1420,14%@1420] EMC_FREQ 0% GR3D_FREQ 0% AUX@43C CPU@44C thermal@43.3C AO@43C GPU@43C PMIC@50C
10-01-2026 11:21:22 RAM 2996/6833MB (lfb 271x4MB) SWAP 29/3417MB (cached 0MB) CPU [13%@1420,70%@1420,0%@1420,100%@1420,14%@1420,5%@1420] EMC_FREQ 0% GR3D_FREQ 0% AUX@43C CPU@44C thermal@43.45C AO@43C GPU@43C PMIC@50C
10-01-2026 11:21:22 RAM 2998/6833MB (lfb 271x4MB) SWAP 29/3417MB (cached 0MB) CPU [0%@1420,0%@1420,5%@1420,100%@1420,5%@1420,9%@1420] EMC_FREQ 0% GR3D_FREQ 0% AUX@43C CPU@44.5C thermal@43.45C AO@43C GPU@43C PMIC@50C
10-01-2026 11:21:22 RAM 3000/6833MB (lfb 271x4MB) SWAP 29/3417MB (cached 0MB) CPU [9%@1420,5%@1420,0%@1420,100%@1420,9%@1420,9%@1420] EMC_FREQ 0% GR3D_FREQ 0% AUX@43C CPU@44.5C thermal@43.45C AO@43C GPU@43C PMIC@50C
10-01-2026 11:21:22 RAM 3002/6833MB (lfb 271x4MB) SWAP 29/3417MB (cached 0MB) CPU [5%@1420,5%@1420,0%@1420,100%@1420,9%@1420,5%@1420] EMC_FREQ 0% GR3D_FREQ 0% AUX@43C CPU@44C thermal@43.45C AO@43C GPU@43C PMIC@50C
10-01-2026 11:21:23 RAM 3050/6833MB (lfb 266x4MB) SWAP 29/3417MB (cached 0MB) CPU [5%@1420,5%@1420,4%@1420,100%@1420,5%@1420,9%@1420] EMC_FREQ 0% GR3D_FREQ 0% AUX@43C CPU@44.5C thermal@43.45C AO@43C GPU@43C PMIC@50C
10-01-2026 11:21:23 RAM 3152/6833MB (lfb 254x4MB) SWAP 29/3417MB (cached 0MB) CPU [5%@1420,0%@1420,0%@1420,100%@1420,10%@1420,14%@1420] EMC_FREQ 0% GR3D_FREQ 0% AUX@43.5C CPU@44C thermal@43.45C AO@43.5C GPU@43C PMIC@50C
10-01-2026 11:21:23 RAM 3219/6833MB (lfb 252x4MB) SWAP 29/3417MB (cached 0MB) CPU [9%@1420,9%@1420,5%@1420,100%@1420,0%@1420,5%@1420] EMC_FREQ 0% GR3D_FREQ 0% AUX@43C CPU@44C thermal@43.65C AO@43C GPU@43.5C PMIC@50C
10-01-2026 11:21:23 RAM 3337/6833MB (lfb 228x4MB) SWAP 29/3417MB (cached 0MB) CPU [9%@1420,5%@1420,5%@1420,100%@1420,9%@1420,10%@1420] EMC_FREQ 0% GR3D_FREQ 0% AUX@43.5C CPU@44.5C thermal@43.65C AO@43.5C GPU@43.5C PMIC@50C
10-01-2026 11:21:23 RAM 2333/6833MB (lfb 384x4MB) SWAP 29/3417MB (cached 0MB) CPU [9%@1420,5%@1420,9%@1420,100%@1420,10%@1420,13%@1420] EMC_FREQ 0% GR3D_FREQ 0% AUX@43C CPU@44.5C thermal@43.65C AO@43.5C GPU@43.5C PMIC@50C
10-01-2026 11:21:24 RAM 2345/6833MB (lfb 384x4MB) SWAP 29/3417MB (cached 0MB) CPU [14%@1420,9%@1420,5%@1420,100%@1420,4%@1420,0%@1420] EMC_FREQ 0% GR3D_FREQ 0% AUX@43.5C CPU@44.5C thermal@43.65C AO@43.5C GPU@43.5C PMIC@50C
10-01-2026 11:21:24 RAM 2371/6833MB (lfb 384x4MB) SWAP 29/3417MB (cached 0MB) CPU [9%@1420,0%@1420,0%@1420,100%@1420,5%@1420,0%@1420] EMC_FREQ 0% GR3D_FREQ 0% AUX@43.5C CPU@44C thermal@43.65C AO@43.5C GPU@43C PMIC@50C
10-01-2026 11:21:24 RAM 2397/6833MB (lfb 384x4MB) SWAP 29/3417MB (cached 0MB) CPU [5%@1420,5%@1420,10%@1420,100%@1420,14%@1420,5%@1420] EMC_FREQ 0% GR3D_FREQ 0% AUX@43C CPU@44.5C thermal@43.65C AO@43.5C GPU@43.5C PMIC@50C
10-01-2026 11:21:24 RAM 2425/6833MB (lfb 384x4MB) SWAP 29/3417MB (cached 0MB) CPU [0%@1420,4%@1420,4%@1420,100%@1420,5%@1420,9%@1420] EMC_FREQ 0% GR3D_FREQ 0% AUX@43C CPU@44.5C thermal@43.65C AO@43.5C GPU@43.5C PMIC@50C
10-01-2026 11:21:25 RAM 2450/6833MB (lfb 384x4MB) SWAP 29/3417MB (cached 0MB) CPU [5%@1420,5%@1420,0%@1420,100%@1420,9%@1420,9%@1420] EMC_FREQ 0% GR3D_FREQ 0% AUX@43.5C CPU@44.5C thermal@43.65C AO@43.5C GPU@43.5C PMIC@50C
10-01-2026 11:21:25 RAM 2478/6833MB (lfb 384x4MB) SWAP 29/3417MB (cached 0MB) CPU [5%@1420,9%@1420,5%@1420,100%@1420,0%@1420,10%@1420] EMC_FREQ 0% GR3D_FREQ 0% AUX@43.5C CPU@44.5C thermal@43.65C AO@43.5C GPU@43.5C PMIC@50C
10-01-2026 11:21:25 RAM 2506/6833MB (lfb 384x4MB) SWAP 29/3417MB (cached 0MB) CPU [9%@1420,9%@1420,0%@1420,100%@1420,0%@1420,4%@1420] EMC_FREQ 0% GR3D_FREQ 0% AUX@43.5C CPU@44C thermal@43.65C AO@43.5C GPU@43.5C PMIC@50C
10-01-2026 11:21:25 RAM 2533/6833MB (lfb 384x4MB) SWAP 29/3417MB (cached 0MB) CPU [4%@1420,4%@1420,0%@1420,100%@1420,10%@1420,10%@1420] EMC_FREQ 0% GR3D_FREQ 0% AUX@43.5C CPU@44.5C thermal@43.65C AO@43.5C GPU@43C PMIC@50C
10-01-2026 11:21:25 RAM 2559/6833MB (lfb 384x4MB) SWAP 29/3417MB (cached 0MB) CPU [10%@1420,0%@1420,4%@1420,100%@1420,14%@1420,0%@1420] EMC_FREQ 0% GR3D_FREQ 0% AUX@43.5C CPU@44.5C thermal@43.8C AO@43.5C GPU@43.5C PMIC@50C
10-01-2026 11:21:26 RAM 2585/6833MB (lfb 384x4MB) SWAP 29/3417MB (cached 0MB) CPU [9%@1420,5%@1420,0%@1420,100%@1420,0%@1420,10%@1420] EMC_FREQ 0% GR3D_FREQ 0% AUX@43.5C CPU@44.5C thermal@43.8C AO@43.5C GPU@43.5C PMIC@50C
10-01-2026 11:21:26 RAM 2612/6833MB (lfb 384x4MB) SWAP 29/3417MB (cached 0MB) CPU [5%@1420,4%@1420,4%@1420,100%@1420,5%@1420,10%@1420] EMC_FREQ 0% GR3D_FREQ 0% AUX@43.5C CPU@44.5C thermal@43.8C AO@43.5C GPU@43.5C PMIC@50C
10-01-2026 11:21:26 RAM 2641/6833MB (lfb 384x4MB) SWAP 29/3417MB (cached 0MB) CPU [5%@1420,5%@1420,0%@1420,100%@1420,9%@1420,15%@1420] EMC_FREQ 0% GR3D_FREQ 0% AUX@43.5C CPU@44.5C thermal@43.8C AO@43.5C GPU@43.5C PMIC@50C
10-01-2026 11:21:26 RAM 2666/6833MB (lfb 384x4MB) SWAP 29/3417MB (cached 0MB) CPU [5%@1420,0%@1420,0%@1420,100%@1420,5%@1420,0%@1420] EMC_FREQ 0% GR3D_FREQ 0% AUX@43.5C CPU@44.5C thermal@43.8C AO@43.5C GPU@43.5C PMIC@50C
10-01-2026 11:21:26 RAM 2691/6833MB (lfb 384x4MB) SWAP 29/3417MB (cached 0MB) CPU [0%@1420,9%@1420,5%@1420,100%@1420,9%@1420,9%@1420] EMC_FREQ 0% GR3D_FREQ 0% AUX@43.5C CPU@44.5C thermal@43.8C AO@44C GPU@43.5C PMIC@50C
10-01-2026 11:21:27 RAM 2716/6833MB (lfb 384x4MB) SWAP 29/3417MB (cached 0MB) CPU [5%@1420,5%@1420,0%@1420,100%@1420,0%@1420,13%@1420] EMC_FREQ 0% GR3D_FREQ 0% AUX@43.5C CPU@44.5C thermal@43.8C AO@43.5C GPU@43.5C PMIC@50C
10-01-2026 11:21:27 RAM 2740/6833MB (lfb 384x4MB) SWAP 29/3417MB (cached 0MB) CPU [10%@1420,59%@1420,4%@1420,100%@1420,4%@1420,10%@1420] EMC_FREQ 0% GR3D_FREQ 0% AUX@43.5C CPU@44.5C thermal@43.8C AO@43.5C GPU@43.5C PMIC@50C
10-01-2026 11:21:27 RAM 2764/6833MB (lfb 382x4MB) SWAP 29/3417MB (cached 0MB) CPU [9%@1420,15%@1420,5%@1420,100%@1420,0%@1420,10%@1420] EMC_FREQ 0% GR3D_FREQ 0% AUX@43.5C CPU@44.5C thermal@43.8C AO@43.5C GPU@43.5C PMIC@50C
10-01-2026 11:21:27 RAM 2789/6833MB (lfb 376x4MB) SWAP 29/3417MB (cached 0MB) CPU [68%@1420,5%@1420,5%@1420,100%@1420,17%@1420,10%@1420] EMC_FREQ 0% GR3D_FREQ 0% AUX@43.5C CPU@44.5C thermal@43.8C AO@43.5C GPU@43.5C PMIC@50C
10-01-2026 11:21:27 RAM 2818/6833MB (lfb 369x4MB) SWAP 29/3417MB (cached 0MB) CPU [0%@1420,0%@1420,5%@1420,100%@1420,0%@1420,0%@1420] EMC_FREQ 0% GR3D_FREQ 0% AUX@44C CPU@44.5C thermal@43.8C AO@43.5C GPU@43.5C PMIC@50C
10-01-2026 11:21:28 RAM 2861/6833MB (lfb 358x4MB) SWAP 29/3417MB (cached 0MB) CPU [9%@1420,4%@1420,9%@1420,100%@1420,13%@1420,13%@1420] EMC_FREQ 0% GR3D_FREQ 0% AUX@43.5C CPU@44.5C thermal@43.8C AO@44C GPU@43.5C PMIC@50C
10-01-2026 11:21:28 RAM 2902/6833MB (lfb 348x4MB) SWAP 29/3417MB (cached 0MB) CPU [10%@1420,0%@1420,5%@1420,100%@1420,5%@1420,9%@1420] EMC_FREQ 0% GR3D_FREQ 0% AUX@43.5C CPU@44.5C thermal@43.8C AO@43.5C GPU@43.5C PMIC@50C
10-01-2026 11:21:28 RAM 2906/6833MB (lfb 347x4MB) SWAP 29/3417MB (cached 0MB) CPU [9%@1420,5%@1420,0%@1420,100%@1420,5%@1420,5%@1420] EMC_FREQ 0% GR3D_FREQ 0% AUX@44C CPU@44.5C thermal@43.8C AO@43.5C GPU@43.5C PMIC@50C
10-01-2026 11:21:28 RAM 2906/6833MB (lfb 347x4MB) SWAP 29/3417MB (cached 0MB) CPU [5%@1420,5%@1420,5%@1420,100%@1420,10%@1420,9%@1420] EMC_FREQ 0% GR3D_FREQ 0% AUX@43.5C CPU@44.5C thermal@43.8C AO@43.5C GPU@43.5C PMIC@50C
10-01-2026 11:21:28 RAM 2906/6833MB (lfb 347x4MB) SWAP 29/3417MB (cached 0MB) CPU [4%@1420,9%@1420,5%@1420,100%@1420,10%@1420,0%@1420] EMC_FREQ 0% GR3D_FREQ 0% AUX@43.5C CPU@45C thermal@43.8C AO@44C GPU@43.5C PMIC@50C
10-01-2026 11:21:29 RAM 2906/6833MB (lfb 347x4MB) SWAP 29/3417MB (cached 0MB) CPU [5%@1420,10%@1420,9%@1420,100%@1420,0%@1420,5%@1420] EMC_FREQ 0% GR3D_FREQ 0% AUX@43.5C CPU@45C thermal@43.95C AO@44C GPU@43.5C PMIC@50C
10-01-2026 11:21:29 RAM 2906/6833MB (lfb 347x4MB) SWAP 29/3417MB (cached 0MB) CPU [4%@1420,0%@1420,5%@1420,100%@1420,14%@1420,0%@1420] EMC_FREQ 0% GR3D_FREQ 0% AUX@44C CPU@44.5C thermal@43.95C AO@44C GPU@43.5C PMIC@50C
10-01-2026 11:21:29 RAM 2906/6833MB (lfb 347x4MB) SWAP 29/3417MB (cached 0MB) CPU [5%@1420,9%@1420,0%@1420,100%@1420,10%@1420,4%@1420] EMC_FREQ 0% GR3D_FREQ 0% AUX@43.5C CPU@44.5C thermal@43.95C AO@44C GPU@43.5C PMIC@50C
10-01-2026 11:21:29 RAM 2906/6833MB (lfb 347x4MB) SWAP 29/3417MB (cached 0MB) CPU [5%@1420,5%@1420,4%@1420,100%@1420,13%@1420,0%@1420] EMC_FREQ 0% GR3D_FREQ 0% AUX@44C CPU@45C thermal@43.95C AO@44C GPU@43.5C PMIC@50C
10-01-2026 11:21:29 RAM 2907/6833MB (lfb 347x4MB) SWAP 29/3417MB (cached 0MB) CPU [5%@1420,5%@1420,0%@1420,100%@1420,5%@1420,5%@1420] EMC_FREQ 0% GR3D_FREQ 0% AUX@43.5C CPU@45C thermal@43.95C AO@44C GPU@43.5C PMIC@50C
10-01-2026 11:21:30 RAM 2907/6833MB (lfb 347x4MB) SWAP 29/3417MB (cached 0MB) CPU [5%@1420,5%@1420,4%@1420,100%@1420,14%@1420,9%@1420] EMC_FREQ 0% GR3D_FREQ 0% AUX@43.5C CPU@44.5C thermal@43.95C AO@44C GPU@43.5C PMIC@50C
10-01-2026 11:21:30 RAM 2907/6833MB (lfb 347x4MB) SWAP 29/3417MB (cached 0MB) CPU [0%@1420,5%@1420,0%@1420,100%@1420,4%@1420,5%@1420] EMC_FREQ 0% GR3D_FREQ 0% AUX@43.5C CPU@44.5C thermal@43.95C AO@44C GPU@44C PMIC@50C
10-01-2026 11:21:30 RAM 2907/6833MB (lfb 347x4MB) SWAP 29/3417MB (cached 0MB) CPU [4%@1420,4%@1420,4%@1420,100%@1420,10%@1420,0%@1420] EMC_FREQ 0% GR3D_FREQ 0% AUX@43.5C CPU@44.5C thermal@43.95C AO@44C GPU@43.5C PMIC@50C
10-01-2026 11:21:30 RAM 2907/6833MB (lfb 347x4MB) SWAP 29/3417MB (cached 0MB) CPU [0%@1420,5%@1420,0%@1420,100%@1420,15%@1420,9%@1420] EMC_FREQ 0% GR3D_FREQ 0% AUX@44C CPU@45C thermal@43.95C AO@44C GPU@43.5C PMIC@50C
10-01-2026 11:21:30 RAM 2907/6833MB (lfb 347x4MB) SWAP 29/3417MB (cached 0MB) CPU [9%@1420,4%@1420,0%@1420,100%@1420,0%@1420,5%@1420] EMC_FREQ 0% GR3D_FREQ 0% AUX@44C CPU@45C thermal@43.95C AO@43.5C GPU@44C PMIC@50C
10-01-2026 11:21:31 RAM 2907/6833MB (lfb 347x4MB) SWAP 29/3417MB (cached 0MB) CPU [14%@1420,9%@1420,4%@1420,100%@1420,9%@1420,16%@1420] EMC_FREQ 0% GR3D_FREQ 0% AUX@43.5C CPU@45C thermal@43.95C AO@43.5C GPU@43.5C PMIC@50C
10-01-2026 11:21:31 RAM 2906/6833MB (lfb 347x4MB) SWAP 29/3417MB (cached 0MB) CPU [5%@1420,10%@1420,0%@1420,100%@1420,0%@1420,10%@1420] EMC_FREQ 0% GR3D_FREQ 0% AUX@44C CPU@45C thermal@44.3C AO@44C GPU@44C PMIC@50C
10-01-2026 11:21:31 RAM 2906/6833MB (lfb 347x4MB) SWAP 29/3417MB (cached 0MB) CPU [5%@1420,0%@1420,5%@1420,100%@1420,4%@1420,9%@1420] EMC_FREQ 0% GR3D_FREQ 0% AUX@44C CPU@45C thermal@44.3C AO@44C GPU@44C PMIC@50C
10-01-2026 11:21:31 RAM 2906/6833MB (lfb 347x4MB) SWAP 29/3417MB (cached 0MB) CPU [4%@1420,5%@1420,0%@1420,100%@1420,14%@1420,5%@1420] EMC_FREQ 0% GR3D_FREQ 0% AUX@44C CPU@45C thermal@44.3C AO@44C GPU@44C PMIC@50C
10-01-2026 11:21:31 RAM 2907/6833MB (lfb 346x4MB) SWAP 29/3417MB (cached 0MB) CPU [54%@1420,50%@1420,47%@1420,85%@1420,50%@1420,50%@1420] EMC_FREQ 0% GR3D_FREQ 0% AUX@44C CPU@45.5C thermal@44.3C AO@44C GPU@43.5C PMIC@50C
10-01-2026 11:21:32 RAM 2909/6833MB (lfb 346x4MB) SWAP 29/3417MB (cached 0MB) CPU [5%@1420,10%@1420,0%@1420,50%@1420,50%@1420,10%@1420] EMC_FREQ 0% GR3D_FREQ 0% AUX@44C CPU@45C thermal@44.3C AO@44C GPU@44C PMIC@50C
10-01-2026 11:21:32 RAM 2921/6833MB (lfb 343x4MB) SWAP 29/3417MB (cached 0MB) CPU [15%@1420,42%@1420,19%@1420,5%@1420,76%@1420,10%@1420] EMC_FREQ 0% GR3D_FREQ 7% AUX@44C CPU@45C thermal@44.3C AO@44C GPU@44C PMIC@50C
10-01-2026 11:21:32 RAM 2962/6833MB (lfb 333x4MB) SWAP 29/3417MB (cached 0MB) CPU [5%@1420,30%@1420,78%@1420,15%@1420,10%@1420,0%@1420] EMC_FREQ 0% GR3D_FREQ 7% AUX@44C CPU@45C thermal@44.45C AO@44C GPU@44C PMIC@50C
10-01-2026 11:21:32 RAM 2977/6833MB (lfb 329x4MB) SWAP 29/3417MB (cached 0MB) CPU [0%@1420,4%@1420,4%@1420,100%@1420,13%@1420,15%@1420] EMC_FREQ 0% GR3D_FREQ 7% AUX@44C CPU@45C thermal@44.45C AO@44C GPU@44C PMIC@50C
10-01-2026 11:21:32 RAM 3007/6833MB (lfb 322x4MB) SWAP 29/3417MB (cached 0MB) CPU [5%@1420,71%@1420,5%@1420,95%@1420,5%@1420,5%@1420] EMC_FREQ 0% GR3D_FREQ 7% AUX@44C CPU@45C thermal@44.45C AO@44C GPU@44C PMIC@50C
10-01-2026 11:21:33 RAM 3070/6833MB (lfb 306x4MB) SWAP 29/3417MB (cached 0MB) CPU [14%@1420,0%@1420,30%@1420,61%@1420,13%@1420,14%@1420] EMC_FREQ 0% GR3D_FREQ 0% AUX@44C CPU@45C thermal@44.45C AO@44C GPU@44C PMIC@50C
10-01-2026 11:21:33 RAM 3060/6833MB (lfb 309x4MB) SWAP 29/3417MB (cached 0MB) CPU [90%@1420,0%@1420,9%@1420,0%@1420,0%@1420,14%@1420] EMC_FREQ 0% GR3D_FREQ 51% AUX@44C CPU@45C thermal@44.45C AO@44C GPU@44C PMIC@50C
10-01-2026 11:21:33 RAM 3092/6833MB (lfb 301x4MB) SWAP 29/3417MB (cached 0MB) CPU [100%@1420,0%@1420,10%@1420,9%@1420,14%@1420,5%@1420] EMC_FREQ 0% GR3D_FREQ 7% AUX@44C CPU@45C thermal@44.3C AO@44C GPU@44C PMIC@50C
10-01-2026 11:21:33 RAM 3120/6833MB (lfb 294x4MB) SWAP 29/3417MB (cached 0MB) CPU [30%@1420,66%@1420,5%@1420,5%@1420,9%@1420,5%@1420] EMC_FREQ 0% GR3D_FREQ 4% AUX@44C CPU@45C thermal@44.3C AO@44C GPU@44C PMIC@50C
10-01-2026 11:21:33 RAM 3143/6833MB (lfb 288x4MB) SWAP 29/3417MB (cached 0MB) CPU [66%@1420,31%@1420,5%@1420,0%@1420,0%@1420,4%@1420] EMC_FREQ 0% GR3D_FREQ 19% AUX@44C CPU@45C thermal@44.3C AO@44C GPU@44C PMIC@50C
10-01-2026 11:21:34 RAM 3175/6833MB (lfb 280x4MB) SWAP 29/3417MB (cached 0MB) CPU [95%@1420,4%@1420,4%@1420,5%@1420,10%@1420,9%@1420] EMC_FREQ 0% GR3D_FREQ 9% AUX@44C CPU@45C thermal@44.3C AO@44.5C GPU@44C PMIC@50C
10-01-2026 11:21:34 RAM 3209/6833MB (lfb 272x4MB) SWAP 29/3417MB (cached 0MB) CPU [95%@1420,0%@1420,9%@1420,9%@1420,9%@1420,0%@1420] EMC_FREQ 0% GR3D_FREQ 9% AUX@44C CPU@45C thermal@44.3C AO@44.5C GPU@44C PMIC@50C
10-01-2026 11:21:34 RAM 3233/6833MB (lfb 266x4MB) SWAP 29/3417MB (cached 0MB) CPU [94%@1420,4%@1420,0%@1420,5%@1420,10%@1420,5%@1420] EMC_FREQ 0% GR3D_FREQ 27% AUX@44C CPU@45C thermal@44.3C AO@44.5C GPU@44.5C PMIC@50C
10-01-2026 11:21:34 RAM 3259/6833MB (lfb 259x4MB) SWAP 29/3417MB (cached 0MB) CPU [95%@1420,0%@1420,9%@1420,5%@1420,5%@1420,10%@1420] EMC_FREQ 0% GR3D_FREQ 16% AUX@44C CPU@45C thermal@44.3C AO@44.5C GPU@44.5C PMIC@50C
10-01-2026 11:21:34 RAM 3302/6833MB (lfb 249x4MB) SWAP 29/3417MB (cached 0MB) CPU [94%@1420,0%@1420,9%@1420,4%@1420,9%@1420,14%@1420] EMC_FREQ 0% GR3D_FREQ 7% AUX@44C CPU@45.5C thermal@44.3C AO@44.5C GPU@44C PMIC@50C
10-01-2026 11:21:35 RAM 3321/6833MB (lfb 244x4MB) SWAP 29/3417MB (cached 0MB) CPU [95%@1420,5%@1420,0%@1420,5%@1420,5%@1420,5%@1420] EMC_FREQ 0% GR3D_FREQ 9% AUX@44C CPU@45.5C thermal@44.3C AO@44.5C GPU@44.5C PMIC@50C
10-01-2026 11:21:35 RAM 3348/6833MB (lfb 237x4MB) SWAP 29/3417MB (cached 0MB) CPU [94%@1420,0%@1420,5%@1420,0%@1420,10%@1420,0%@1420] EMC_FREQ 0% GR3D_FREQ 36% AUX@44C CPU@45C thermal@44.3C AO@44.5C GPU@44.5C PMIC@50C
10-01-2026 11:21:35 RAM 3395/6833MB (lfb 226x4MB) SWAP 29/3417MB (cached 0MB) CPU [100%@1420,4%@1420,9%@1420,5%@1420,10%@1420,13%@1420] EMC_FREQ 0% GR3D_FREQ 0% AUX@44C CPU@45.5C thermal@44.3C AO@44C GPU@44.5C PMIC@50C
10-01-2026 11:21:35 RAM 3444/6833MB (lfb 213x4MB) SWAP 29/3417MB (cached 0MB) CPU [95%@1420,4%@1420,5%@1420,9%@1420,9%@1420,5%@1420] EMC_FREQ 0% GR3D_FREQ 0% AUX@44C CPU@45C thermal@44.6C AO@44.5C GPU@44C PMIC@50C
10-01-2026 11:21:36 RAM 3421/6833MB (lfb 213x4MB) SWAP 29/3417MB (cached 0MB) CPU [80%@1420,4%@1420,5%@1420,10%@1420,4%@1420,10%@1420] EMC_FREQ 0% GR3D_FREQ 77% AUX@44C CPU@45.5C thermal@44.6C AO@44.5C GPU@44C PMIC@50C
10-01-2026 11:21:36 RAM 3244/6833MB (lfb 213x4MB) SWAP 29/3417MB (cached 0MB) CPU [35%@1420,9%@1420,9%@1420,31%@1420,0%@1420,9%@1420] EMC_FREQ 0% GR3D_FREQ 54% AUX@44C CPU@45.5C thermal@44.6C AO@44.5C GPU@44.5C PMIC@50C
10-01-2026 11:21:36 RAM 3346/6833MB (lfb 213x4MB) SWAP 29/3417MB (cached 0MB) CPU [30%@1420,60%@1420,13%@1420,18%@1420,0%@1420,0%@1420] EMC_FREQ 0% GR3D_FREQ 37% AUX@44C CPU@45.5C thermal@44.6C AO@44.5C GPU@44.5C PMIC@50C
10-01-2026 11:21:36 RAM 3329/6833MB (lfb 223x4MB) SWAP 29/3417MB (cached 0MB) CPU [5%@1420,80%@1420,5%@1420,10%@1420,4%@1420,5%@1420] EMC_FREQ 0% GR3D_FREQ 0% AUX@44.5C CPU@45.5C thermal@44.6C AO@44.5C GPU@44.5C PMIC@50C
10-01-2026 11:21:36 RAM 3376/6833MB (lfb 211x4MB) SWAP 29/3417MB (cached 0MB) CPU [86%@1420,10%@1420,4%@1420,14%@1420,4%@1420,0%@1420] EMC_FREQ 0% GR3D_FREQ 0% AUX@44.5C CPU@45.5C thermal@44.6C AO@44C GPU@44.5C PMIC@50C
10-01-2026 11:21:37 RAM 3374/6833MB (lfb 211x4MB) SWAP 29/3417MB (cached 0MB) CPU [18%@1420,18%@1420,0%@1420,0%@1420,14%@1420,10%@1420] EMC_FREQ 0% GR3D_FREQ 0% AUX@44.5C CPU@45C thermal@44.8C AO@44.5C GPU@44.5C PMIC@50C
10-01-2026 11:21:37 RAM 3374/6833MB (lfb 211x4MB) SWAP 29/3417MB (cached 0MB) CPU [10%@1420,10%@1420,5%@1420,0%@1420,0%@1420,9%@1420] EMC_FREQ 0% GR3D_FREQ 0% AUX@44.5C CPU@45.5C thermal@44.8C AO@44.5C GPU@44.5C PMIC@50C
10-01-2026 11:21:37 RAM 3374/6833MB (lfb 211x4MB) SWAP 29/3417MB (cached 0MB) CPU [10%@1190,10%@1190,0%@1420,9%@1420,5%@1420,5%@1420] EMC_FREQ 0% GR3D_FREQ 0% AUX@44C CPU@45.5C thermal@44.8C AO@44.5C GPU@44.5C PMIC@50C
10-01-2026 11:21:37 RAM 3374/6833MB (lfb 211x4MB) SWAP 29/3417MB (cached 0MB) CPU [13%@1420,15%@1420,0%@1420,0%@1420,13%@1420,5%@1420] EMC_FREQ 0% GR3D_FREQ 0% AUX@44C CPU@45.5C thermal@44.8C AO@44.5C GPU@44.5C PMIC@50C
10-01-2026 11:21:37 RAM 3374/6833MB (lfb 211x4MB) SWAP 29/3417MB (cached 0MB) CPU [5%@1190,18%@1190,5%@1190,9%@1190,0%@1190,9%@1190] EMC_FREQ 0% GR3D_FREQ 0% AUX@44C CPU@45.5C thermal@44.8C AO@44.5C GPU@44.5C PMIC@50C
10-01-2026 11:21:38 RAM 3374/6833MB (lfb 211x4MB) SWAP 29/3417MB (cached 0MB) CPU [18%@1190,15%@1190,4%@1190,0%@1190,14%@1190,9%@1190] EMC_FREQ 0% GR3D_FREQ 0% AUX@44.5C CPU@45.5C thermal@44.8C AO@44.5C GPU@44.5C PMIC@50C
10-01-2026 11:21:38 RAM 3374/6833MB (lfb 211x4MB) SWAP 29/3417MB (cached 0MB) CPU [19%@1420,10%@1420,0%@1420,4%@1420,13%@1420,9%@1420] EMC_FREQ 0% GR3D_FREQ 0% AUX@44.5C CPU@45.5C thermal@44.8C AO@44.5C GPU@44.5C PMIC@50C
10-01-2026 11:21:38 RAM 3374/6833MB (lfb 211x4MB) SWAP 29/3417MB (cached 0MB) CPU [15%@1190,27%@1190,9%@1190,9%@1190,0%@1420,9%@1420] EMC_FREQ 0% GR3D_FREQ 0% AUX@44.5C CPU@45C thermal@44.8C AO@44.5C GPU@44.5C PMIC@50C
10-01-2026 11:21:38 RAM 3375/6833MB (lfb 211x4MB) SWAP 29/3417MB (cached 0MB) CPU [9%@1190,5%@1420,10%@1420,9%@1420,0%@1420,5%@1420] EMC_FREQ 0% GR3D_FREQ 0% AUX@44.5C CPU@45.5C thermal@44.8C AO@45C GPU@44.5C PMIC@50C
10-01-2026 11:21:38 RAM 3375/6833MB (lfb 211x4MB) SWAP 29/3417MB (cached 0MB) CPU [14%@1420,9%@1420,5%@1420,5%@1420,5%@1420,0%@1420] EMC_FREQ 0% GR3D_FREQ 0% AUX@44.5C CPU@45.5C thermal@44.8C AO@44.5C GPU@44.5C PMIC@50C
10-01-2026 11:21:39 RAM 3375/6833MB (lfb 211x4MB) SWAP 29/3417MB (cached 0MB) CPU [15%@1190,0%@1190,5%@1190,5%@1190,0%@1190,5%@1190] EMC_FREQ 0% GR3D_FREQ 0% AUX@44.5C CPU@45.5C thermal@44.8C AO@44.5C GPU@44.5C PMIC@50C
10-01-2026 11:21:39 RAM 3375/6833MB (lfb 211x4MB) SWAP 29/3417MB (cached 0MB) CPU [10%@1190,0%@1190,14%@1190,9%@1190,5%@1190,5%@1190] EMC_FREQ 0% GR3D_FREQ 0% AUX@44.5C CPU@45.5C thermal@44.8C AO@45C GPU@44.5C PMIC@50C
10-01-2026 11:21:39 RAM 3375/6833MB (lfb 211x4MB) SWAP 29/3417MB (cached 0MB) CPU [18%@1190,5%@1420,9%@1420,10%@1420,4%@1420,9%@1420] EMC_FREQ 0% GR3D_FREQ 0% AUX@44.5C CPU@45.5C thermal@44.8C AO@45C GPU@44.5C PMIC@50C
10-01-2026 11:21:39 RAM 3375/6833MB (lfb 211x4MB) SWAP 29/3417MB (cached 0MB) CPU [10%@1420,5%@1420,0%@1420,9%@1420,5%@1420,0%@1420] EMC_FREQ 0% GR3D_FREQ 0% AUX@44.5C CPU@45.5C thermal@44.8C AO@45C GPU@44.5C PMIC@50C
10-01-2026 11:21:39 RAM 3375/6833MB (lfb 211x4MB) SWAP 29/3417MB (cached 0MB) CPU [10%@1190,14%@1190,0%@1420,10%@1420,9%@1420,5%@1420] EMC_FREQ 0% GR3D_FREQ 0% AUX@44.5C CPU@45.5C thermal@44.8C AO@44.5C GPU@44.5C PMIC@50C
10-01-2026 11:21:40 RAM 3375/6833MB (lfb 211x4MB) SWAP 29/3417MB (cached 0MB) CPU [13%@1190,4%@1190,18%@1190,10%@1190,0%@1420,9%@1420] EMC_FREQ 0% GR3D_FREQ 0% AUX@44.5C CPU@45.5C thermal@44.8C AO@44.5C GPU@44.5C PMIC@50C
10-01-2026 11:21:40 RAM 3374/6833MB (lfb 211x4MB) SWAP 29/3417MB (cached 0MB) CPU [9%@1190,0%@1190,5%@1420,10%@1420,0%@1420,0%@1420] EMC_FREQ 0% GR3D_FREQ 0% AUX@44.5C CPU@45.5C thermal@44.8C AO@44.5C GPU@44.5C PMIC@50C
10-01-2026 11:21:40 RAM 3374/6833MB (lfb 211x4MB) SWAP 29/3417MB (cached 0MB) CPU [5%@1190,5%@1190,5%@1190,15%@1190,17%@1420,9%@1420] EMC_FREQ 0% GR3D_FREQ 0% AUX@44.5C CPU@45.5C thermal@44.8C AO@45C GPU@44.5C PMIC@50C
10-01-2026 11:21:40 RAM 3379/6833MB (lfb 211x4MB) SWAP 29/3417MB (cached 0MB) CPU [14%@1420,4%@1420,0%@1420,10%@1420,5%@1420,10%@1420] EMC_FREQ 0% GR3D_FREQ 0% AUX@44.5C CPU@45.5C thermal@44.8C AO@44.5C GPU@44.5C PMIC@50C
10-01-2026 11:21:40 RAM 3393/6833MB (lfb 207x4MB) SWAP 29/3417MB (cached 0MB) CPU [5%@1420,5%@1420,19%@1420,5%@1420,0%@1420,5%@1420] EMC_FREQ 0% GR3D_FREQ 0% AUX@44.5C CPU@45.5C thermal@44.8C AO@44.5C GPU@44.5C PMIC@50C
10-01-2026 11:21:41 RAM 3407/6833MB (lfb 200x4MB) SWAP 29/3417MB (cached 0MB) CPU [14%@1190,13%@1190,10%@1420,4%@1420,5%@1420,14%@1420] EMC_FREQ 0% GR3D_FREQ 0% AUX@44.5C CPU@45.5C thermal@44.8C AO@45C GPU@44.5C PMIC@50C
10-01-2026 11:21:41 RAM 3421/6833MB (lfb 192x4MB) SWAP 29/3417MB (cached 0MB) CPU [4%@1190,5%@1420,14%@1420,9%@1420,9%@1420,0%@1420] EMC_FREQ 0% GR3D_FREQ 0% AUX@44.5C CPU@45.5C thermal@44.8C AO@45C GPU@44.5C PMIC@50C
10-01-2026 11:21:41 RAM 3435/6833MB (lfb 185x4MB) SWAP 29/3417MB (cached 0MB) CPU [5%@1190,5%@1190,15%@1190,0%@1190,10%@1190,9%@1190] EMC_FREQ 0% GR3D_FREQ 0% AUX@44.5C CPU@45.5C thermal@44.8C AO@45C GPU@44.5C PMIC@50C
10-01-2026 11:21:41 RAM 3452/6833MB (lfb 178x4MB) SWAP 29/3417MB (cached 0MB) CPU [0%@1420,9%@1420,10%@1420,10%@1420,14%@1420,18%@1420] EMC_FREQ 0% GR3D_FREQ 0% AUX@44.5C CPU@45.5C thermal@44.8C AO@45C GPU@44.5C PMIC@50C
10-01-2026 11:21:41 RAM 3464/6833MB (lfb 171x4MB) SWAP 29/3417MB (cached 0MB) CPU [5%@1190,5%@1190,9%@1190,10%@1190,9%@1190,0%@1190] EMC_FREQ 0% GR3D_FREQ 0% AUX@45C CPU@45.5C thermal@44.8C AO@45C GPU@44.5C PMIC@50C
10-01-2026 11:21:42 RAM 3479/6833MB (lfb 163x4MB) SWAP 29/3417MB (cached 0MB) CPU [14%@1190,10%@1190,13%@1190,9%@1420,5%@1420,9%@1420] EMC_FREQ 0% GR3D_FREQ 0% AUX@44.5C CPU@45.5C thermal@44.8C AO@44.5C GPU@45C PMIC@50C
10-01-2026 11:21:42 RAM 3491/6833MB (lfb 157x4MB) SWAP 29/3417MB (cached 0MB) CPU [14%@1190,17%@1190,10%@1420,22%@1420,10%@1420,9%@1420] EMC_FREQ 0% GR3D_FREQ 0% AUX@44.5C CPU@45.5C thermal@44.8C AO@45C GPU@45C PMIC@50C
10-01-2026 11:21:42 RAM 3499/6833MB (lfb 151x4MB) SWAP 29/3417MB (cached 0MB) CPU [9%@1420,15%@1420,0%@1420,14%@1420,0%@1420,4%@1420] EMC_FREQ 0% GR3D_FREQ 0% AUX@44.5C CPU@45.5C thermal@45C AO@45C GPU@45C PMIC@50C
10-01-2026 11:21:42 RAM 3511/6833MB (lfb 144x4MB) SWAP 29/3417MB (cached 0MB) CPU [0%@1190,10%@1420,5%@1420,20%@1420,5%@1420,0%@1420] EMC_FREQ 0% GR3D_FREQ 0% AUX@45C CPU@45.5C thermal@45C AO@45C GPU@45C PMIC@50C
10-01-2026 11:21:42 RAM 3523/6833MB (lfb 138x4MB) SWAP 29/3417MB (cached 0MB) CPU [9%@1190,18%@1420,5%@1420,5%@1420,0%@1420,0%@1420] EMC_FREQ 0% GR3D_FREQ 0% AUX@45C CPU@45.5C thermal@45C AO@45C GPU@45C PMIC@50C
10-01-2026 11:21:43 RAM 3531/6833MB (lfb 132x4MB) SWAP 29/3417MB (cached 0MB) CPU [5%@1190,5%@1190,0%@1190,19%@1190,17%@1190,9%@1420] EMC_FREQ 0% GR3D_FREQ 0% AUX@45C CPU@45.5C thermal@45C AO@45C GPU@45C PMIC@50C
10-01-2026 11:21:43 RAM 3547/6833MB (lfb 124x4MB) SWAP 29/3417MB (cached 0MB) CPU [9%@1190,9%@1190,15%@1190,5%@1420,19%@1420,5%@1420] EMC_FREQ 0% GR3D_FREQ 0% AUX@45C CPU@45.5C thermal@45C AO@45C GPU@44.5C PMIC@50C
10-01-2026 11:21:43 RAM 3555/6833MB (lfb 119x4MB) SWAP 29/3417MB (cached 0MB) CPU [0%@1190,5%@1190,0%@1190,18%@1190,14%@1190,9%@1190] EMC_FREQ 0% GR3D_FREQ 0% AUX@45C CPU@45.5C thermal@45C AO@45C GPU@44.5C PMIC@50C
10-01-2026 11:21:43 RAM 3566/6833MB (lfb 112x4MB) SWAP 29/3417MB (cached 0MB) CPU [9%@1190,10%@1190,14%@1190,5%@1420,10%@1420,5%@1420] EMC_FREQ 0% GR3D_FREQ 0% AUX@45C CPU@45.5C thermal@45C AO@45C GPU@44.5C PMIC@50C
10-01-2026 11:21:43 RAM 3578/6833MB (lfb 105x4MB) SWAP 29/3417MB (cached 0MB) CPU [9%@1190,4%@1190,5%@1190,22%@1190,10%@1420,9%@1420] EMC_FREQ 0% GR3D_FREQ 0% AUX@45C CPU@45.5C thermal@45C AO@45C GPU@44.5C PMIC@50C
10-01-2026 11:21:44 RAM 3594/6833MB (lfb 97x4MB) SWAP 29/3417MB (cached 0MB) CPU [9%@1190,10%@1420,0%@1420,15%@1420,10%@1420,0%@1420] EMC_FREQ 0% GR3D_FREQ 0% AUX@45C CPU@45.5C thermal@45C AO@45C GPU@44.5C PMIC@50C
10-01-2026 11:21:44 RAM 3608/6833MB (lfb 90x4MB) SWAP 29/3417MB (cached 0MB) CPU [0%@1190,5%@1190,5%@1190,5%@1190,10%@1190,13%@1190] EMC_FREQ 0% GR3D_FREQ 0% AUX@45C CPU@46C thermal@45C AO@45C GPU@45C PMIC@50C
10-01-2026 11:21:44 RAM 3624/6833MB (lfb 82x4MB) SWAP 29/3417MB (cached 0MB) CPU [17%@1420,9%@1420,9%@1420,10%@1420,10%@1420,5%@1420] EMC_FREQ 0% GR3D_FREQ 0% AUX@45C CPU@46C thermal@45C AO@45C GPU@45C PMIC@50C
10-01-2026 11:21:44 RAM 3640/6833MB (lfb 74x4MB) SWAP 29/3417MB (cached 0MB) CPU [5%@1190,0%@1190,5%@1190,9%@1420,5%@1420,5%@1420] EMC_FREQ 0% GR3D_FREQ 0% AUX@44.5C CPU@45.5C thermal@45.3C AO@45C GPU@45C PMIC@50C
10-01-2026 11:21:44 RAM 3656/6833MB (lfb 66x4MB) SWAP 29/3417MB (cached 0MB) CPU [9%@1420,5%@1420,5%@1420,14%@1420,14%@1420,9%@1420] EMC_FREQ 0% GR3D_FREQ 0% AUX@45C CPU@46C thermal@45.3C AO@45C GPU@44.5C PMIC@50C
10-01-2026 11:21:45 RAM 3672/6833MB (lfb 58x4MB) SWAP 29/3417MB (cached 0MB) CPU [5%@1190,5%@1190,0%@1190,10%@1190,5%@1190,5%@1420] EMC_FREQ 0% GR3D_FREQ 0% AUX@45C CPU@46C thermal@45.3C AO@45C GPU@44.5C PMIC@50C
10-01-2026 11:21:45 RAM 3676/6833MB (lfb 57x4MB) SWAP 29/3417MB (cached 0MB) CPU [10%@1420,10%@1420,4%@1420,54%@1420,5%@1420,10%@1420] EMC_FREQ 0% GR3D_FREQ 70% AUX@45C CPU@46C thermal@45.3C AO@45C GPU@45C PMIC@50C
10-01-2026 11:21:45 RAM 3676/6833MB (lfb 57x4MB) SWAP 29/3417MB (cached 0MB) CPU [15%@1420,9%@1420,4%@1420,70%@1420,4%@1420,14%@1420] EMC_FREQ 0% GR3D_FREQ 0% AUX@45C CPU@46C thermal@45.3C AO@45C GPU@45C PMIC@50C
10-01-2026 11:21:45 RAM 3376/6833MB (lfb 58x4MB) SWAP 29/3417MB (cached 0MB) CPU [5%@1420,0%@1420,0%@1420,95%@1420,5%@1420,10%@1420] EMC_FREQ 0% GR3D_FREQ 0% AUX@45C CPU@46C thermal@45.3C AO@45C GPU@45C PMIC@50C
10-01-2026 11:21:45 RAM 3375/6833MB (lfb 58x4MB) SWAP 29/3417MB (cached 0MB) CPU [13%@1420,14%@1420,0%@1420,100%@1420,31%@1420,15%@1420] EMC_FREQ 0% GR3D_FREQ 0% AUX@45C CPU@46C thermal@45.1C AO@45C GPU@45C PMIC@50C
10-01-2026 11:21:46 RAM 3374/6833MB (lfb 58x4MB) SWAP 29/3417MB (cached 0MB) CPU [0%@1420,5%@1420,4%@1420,63%@1420,42%@1420,10%@1420] EMC_FREQ 0% GR3D_FREQ 0% AUX@45C CPU@46C thermal@45.1C AO@45C GPU@45C PMIC@50C
10-01-2026 11:21:46 RAM 3376/6833MB (lfb 58x4MB) SWAP 29/3417MB (cached 0MB) CPU [5%@1190,5%@1190,0%@1190,23%@1190,15%@1190,13%@1190] EMC_FREQ 0% GR3D_FREQ 0% AUX@45C CPU@46C thermal@45.1C AO@45C GPU@45C PMIC@50C
10-01-2026 11:21:46 RAM 3378/6833MB (lfb 58x4MB) SWAP 29/3417MB (cached 0MB) CPU [4%@1420,0%@1420,9%@1420,78%@1420,9%@1420,15%@1420] EMC_FREQ 0% GR3D_FREQ 0% AUX@45C CPU@46C thermal@45.1C AO@45.5C GPU@45C PMIC@50C
10-01-2026 11:21:46 RAM 3379/6833MB (lfb 58x4MB) SWAP 29/3417MB (cached 0MB) CPU [5%@1420,15%@1420,0%@1420,78%@1420,5%@1420,0%@1420] EMC_FREQ 0% GR3D_FREQ 0% AUX@45C CPU@46C thermal@45.1C AO@45.5C GPU@45C PMIC@50C
10-01-2026 11:21:47 RAM 3379/6833MB (lfb 58x4MB) SWAP 29/3417MB (cached 0MB) CPU [71%@1420,10%@1420,4%@1420,14%@1420,9%@1420,5%@1420] EMC_FREQ 0% GR3D_FREQ 0% AUX@45C CPU@46C thermal@45.3C AO@45.5C GPU@45C PMIC@50C
10-01-2026 11:21:47 RAM 3379/6833MB (lfb 58x4MB) SWAP 29/3417MB (cached 0MB) CPU [26%@1190,18%@1190,10%@1190,0%@1190,13%@1190,9%@1190] EMC_FREQ 0% GR3D_FREQ 0% AUX@45C CPU@46C thermal@45.3C AO@45.5C GPU@45C PMIC@50C
10-01-2026 11:21:47 RAM 3378/6833MB (lfb 58x4MB) SWAP 29/3417MB (cached 0MB) CPU [0%@1420,5%@1420,0%@1420,25%@1420,5%@1420,10%@1420] EMC_FREQ 0% GR3D_FREQ 0% AUX@45C CPU@46C thermal@45.3C AO@45C GPU@45C PMIC@50C
10-01-2026 11:21:47 RAM 3378/6833MB (lfb 58x4MB) SWAP 29/3417MB (cached 0MB) CPU [9%@1190,9%@1190,15%@1190,19%@1190,10%@1190,5%@1190] EMC_FREQ 0% GR3D_FREQ 0% AUX@45C CPU@46C thermal@45.3C AO@45C GPU@45C PMIC@50C
10-01-2026 11:21:47 RAM 3378/6833MB (lfb 58x4MB) SWAP 29/3417MB (cached 0MB) CPU [10%@1420,10%@1420,4%@1420,30%@1420,5%@1420,10%@1420] EMC_FREQ 0% GR3D_FREQ 0% AUX@45C CPU@46C thermal@45.3C AO@45C GPU@45C PMIC@50C
10-01-2026 11:21:48 RAM 3378/6833MB (lfb 58x4MB) SWAP 29/3417MB (cached 0MB) CPU [5%@1190,5%@1190,15%@1190,5%@1420,9%@1420,13%@1420] EMC_FREQ 0% GR3D_FREQ 0% AUX@45C CPU@46C thermal@45.3C AO@45.5C GPU@45C PMIC@50C
10-01-2026 11:21:48 RAM 3377/6833MB (lfb 58x4MB) SWAP 29/3417MB (cached 0MB) CPU [5%@1190,5%@1420,23%@1420,0%@1420,5%@1420,10%@1420] EMC_FREQ 0% GR3D_FREQ 0% AUX@45C CPU@46C thermal@45.3C AO@45C GPU@45C PMIC@50C
10-01-2026 11:21:48 RAM 3377/6833MB (lfb 58x4MB) SWAP 29/3417MB (cached 0MB) CPU [5%@1420,5%@1420,21%@1420,9%@1420,19%@1420,5%@1420] EMC_FREQ 0% GR3D_FREQ 0% AUX@45C CPU@46.5C thermal@45.3C AO@45C GPU@45C PMIC@50C
10-01-2026 11:21:48 RAM 3650/6833MB (lfb 48x4MB) SWAP 29/3417MB (cached 0MB) CPU [5%@1420,5%@1420,100%@1420,0%@1420,0%@1420,9%@1420] EMC_FREQ 0% GR3D_FREQ 0% AUX@45C CPU@46.5C thermal@45.3C AO@45.5C GPU@45C PMIC@50C
10-01-2026 11:21:48 RAM 4006/6833MB (lfb 44x1MB) SWAP 29/3417MB (cached 0MB) CPU [32%@1420,45%@1420,72%@1420,0%@1420,8%@1420,11%@1420] EMC_FREQ 0% GR3D_FREQ 0% AUX@45C CPU@46C thermal@45.3C AO@45.5C GPU@45C PMIC@50C
10-01-2026 11:21:49 RAM 4067/6833MB (lfb 44x1MB) SWAP 29/3417MB (cached 0MB) CPU [9%@1420,5%@1420,100%@1420,0%@1420,9%@1420,10%@1420] EMC_FREQ 0% GR3D_FREQ 0% AUX@45C CPU@46C thermal@45.3C AO@45.5C GPU@45C PMIC@50C
10-01-2026 11:21:49 RAM 4109/6833MB (lfb 10x1MB) SWAP 29/3417MB (cached 0MB) CPU [10%@1420,9%@1420,75%@1420,35%@1420,28%@1420,5%@1420] EMC_FREQ 0% GR3D_FREQ 0% AUX@45C CPU@46.5C thermal@45.45C AO@45.5C GPU@45C PMIC@50C
10-01-2026 11:21:49 RAM 4170/6833MB (lfb 12x1MB) SWAP 29/3417MB (cached 0MB) CPU [19%@1420,5%@1420,0%@1420,71%@1420,52%@1420,61%@1420] EMC_FREQ 0% GR3D_FREQ 0% AUX@45C CPU@46.5C thermal@45.45C AO@45.5C GPU@45.5C PMIC@50C
10-01-2026 11:21:49 RAM 4234/6833MB (lfb 12x1MB) SWAP 29/3417MB (cached 0MB) CPU [10%@1420,5%@1420,0%@1420,0%@1420,0%@1420,100%@1420] EMC_FREQ 0% GR3D_FREQ 0% AUX@45.5C CPU@46.5C thermal@45.45C AO@45.5C GPU@45.5C PMIC@50C
10-01-2026 11:21:50 RAM 4298/6833MB (lfb 12x1MB) SWAP 29/3417MB (cached 0MB) CPU [22%@1420,14%@1420,0%@1420,4%@1420,5%@1420,100%@1420] EMC_FREQ 0% GR3D_FREQ 0% AUX@45C CPU@46.5C thermal@45.45C AO@45.5C GPU@45C PMIC@50C
10-01-2026 11:21:50 RAM 4357/6833MB (lfb 11x1MB) SWAP 29/3417MB (cached 0MB) CPU [10%@1420,5%@1420,4%@1420,9%@1420,5%@1420,100%@1420] EMC_FREQ 0% GR3D_FREQ 0% AUX@45.5C CPU@46.5C thermal@45.45C AO@45.5C GPU@45C PMIC@50C
10-01-2026 11:21:50 RAM 4357/6833MB (lfb 11x1MB) SWAP 29/3417MB (cached 0MB) CPU [10%@1420,0%@1420,4%@1420,0%@1420,4%@1420,100%@1420] EMC_FREQ 0% GR3D_FREQ 0% AUX@45.5C CPU@47C thermal@45.8C AO@45.5C GPU@45C PMIC@50C
10-01-2026 11:21:50 RAM 4357/6833MB (lfb 11x1MB) SWAP 29/3417MB (cached 0MB) CPU [15%@1420,9%@1420,5%@1420,4%@1420,5%@1420,100%@1420] EMC_FREQ 0% GR3D_FREQ 0% AUX@45.5C CPU@46.5C thermal@45.8C AO@45.5C GPU@45.5C PMIC@50C
10-01-2026 11:21:50 RAM 4357/6833MB (lfb 11x1MB) SWAP 29/3417MB (cached 0MB) CPU [14%@1420,5%@1420,0%@1420,5%@1420,0%@1420,100%@1420] EMC_FREQ 0% GR3D_FREQ 0% AUX@45.5C CPU@46.5C thermal@45.8C AO@45.5C GPU@45C PMIC@50C
10-01-2026 11:21:51 RAM 4357/6833MB (lfb 11x1MB) SWAP 29/3417MB (cached 0MB) CPU [10%@1420,14%@1420,4%@1420,5%@1420,9%@1420,100%@1420] EMC_FREQ 0% GR3D_FREQ 0% AUX@45.5C CPU@47C thermal@45.8C AO@45.5C GPU@45.5C PMIC@50C
10-01-2026 11:21:51 RAM 4357/6833MB (lfb 11x1MB) SWAP 29/3417MB (cached 0MB) CPU [10%@1420,9%@1420,0%@1420,4%@1420,0%@1420,100%@1420] EMC_FREQ 0% GR3D_FREQ 0% AUX@45.5C CPU@47C thermal@45.8C AO@45.5C GPU@45.5C PMIC@50C
10-01-2026 11:21:51 RAM 4051/6833MB (lfb 2x2MB) SWAP 29/3417MB (cached 0MB) CPU [9%@1420,0%@1420,5%@1420,5%@1420,9%@1420,100%@1420] EMC_FREQ 0% GR3D_FREQ 0% AUX@45.5C CPU@46.5C thermal@45.8C AO@45.5C GPU@45.5C PMIC@50C
10-01-2026 11:21:51 RAM 3352/6833MB (lfb 67x4MB) SWAP 29/3417MB (cached 0MB) CPU [10%@1420,5%@1420,9%@1420,0%@1420,5%@1420,100%@1420] EMC_FREQ 0% GR3D_FREQ 0% AUX@45.5C CPU@46.5C thermal@45.8C AO@45.5C GPU@45.5C PMIC@50C
10-01-2026 11:21:51 RAM 3352/6833MB (lfb 67x4MB) SWAP 29/3417MB (cached 0MB) CPU [0%@1420,10%@1420,0%@1420,4%@1420,0%@1420,100%@1420] EMC_FREQ 0% GR3D_FREQ 0% AUX@45.5C CPU@47C thermal@45.8C AO@46C GPU@45.5C PMIC@50C
10-01-2026 11:21:52 RAM 3352/6833MB (lfb 67x4MB) SWAP 29/3417MB (cached 0MB) CPU [9%@1420,14%@1420,9%@1420,0%@1420,5%@1420,100%@1420] EMC_FREQ 0% GR3D_FREQ 0% AUX@45.5C CPU@47C thermal@45.8C AO@45.5C GPU@45.5C PMIC@50C
10-01-2026 11:21:52 RAM 3354/6833MB (lfb 67x4MB) SWAP 29/3417MB (cached 0MB) CPU [14%@1420,5%@1420,0%@1420,0%@1420,0%@1420,100%@1420] EMC_FREQ 0% GR3D_FREQ 0% AUX@45.5C CPU@46.5C thermal@45.8C AO@46C GPU@45.5C PMIC@50C
10-01-2026 11:21:52 RAM 3374/6833MB (lfb 67x4MB) SWAP 29/3417MB (cached 0MB) CPU [18%@1420,5%@1420,9%@1420,13%@1420,5%@1420,100%@1420] EMC_FREQ 0% GR3D_FREQ 0% AUX@45.5C CPU@46.5C thermal@45.8C AO@45.5C GPU@45.5C PMIC@50C
10-01-2026 11:21:52 RAM 3399/6833MB (lfb 67x4MB) SWAP 29/3417MB (cached 0MB) CPU [15%@1420,0%@1420,0%@1420,0%@1420,5%@1420,100%@1420] EMC_FREQ 0% GR3D_FREQ 0% AUX@45.5C CPU@47C thermal@45.8C AO@46C GPU@45.5C PMIC@50C
10-01-2026 11:21:52 RAM 3426/6833MB (lfb 67x4MB) SWAP 29/3417MB (cached 0MB) CPU [9%@1420,5%@1420,0%@1420,5%@1420,4%@1420,100%@1420] EMC_FREQ 0% GR3D_FREQ 0% AUX@45.5C CPU@46.5C thermal@45.8C AO@45.5C GPU@45.5C PMIC@50C
10-01-2026 11:21:53 RAM 3453/6833MB (lfb 67x4MB) SWAP 29/3417MB (cached 0MB) CPU [5%@1420,0%@1420,10%@1420,14%@1420,0%@1420,100%@1420] EMC_FREQ 0% GR3D_FREQ 0% AUX@45.5C CPU@46.5C thermal@45.8C AO@46C GPU@45.5C PMIC@50C
10-01-2026 11:21:53 RAM 3479/6833MB (lfb 67x4MB) SWAP 29/3417MB (cached 0MB) CPU [5%@1420,0%@1420,4%@1420,5%@1420,5%@1420,100%@1420] EMC_FREQ 0% GR3D_FREQ 0% AUX@45.5C CPU@47C thermal@45.8C AO@46C GPU@45.5C PMIC@50C
10-01-2026 11:21:53 RAM 3507/6833MB (lfb 67x4MB) SWAP 29/3417MB (cached 0MB) CPU [9%@1420,9%@1420,5%@1420,10%@1420,4%@1420,100%@1420] EMC_FREQ 0% GR3D_FREQ 0% AUX@45.5C CPU@47C thermal@45.8C AO@46C GPU@45.5C PMIC@50C
10-01-2026 11:21:53 RAM 3539/6833MB (lfb 67x4MB) SWAP 29/3417MB (cached 0MB) CPU [0%@1420,5%@1420,15%@1420,5%@1420,0%@1420,100%@1420] EMC_FREQ 0% GR3D_FREQ 0% AUX@45.5C CPU@47C thermal@45.8C AO@46C GPU@45.5C PMIC@50C
10-01-2026 11:21:53 RAM 3569/6833MB (lfb 67x4MB) SWAP 29/3417MB (cached 0MB) CPU [14%@1420,68%@1420,9%@1420,4%@1420,4%@1420,100%@1420] EMC_FREQ 0% GR3D_FREQ 0% AUX@45.5C CPU@47C thermal@45.95C AO@46C GPU@45.5C PMIC@50C
10-01-2026 11:21:54 RAM 3596/6833MB (lfb 67x4MB) SWAP 29/3417MB (cached 0MB) CPU [9%@1420,5%@1420,9%@1420,10%@1420,5%@1420,100%@1420] EMC_FREQ 0% GR3D_FREQ 0% AUX@45.5C CPU@47C thermal@45.95C AO@46C GPU@45.5C PMIC@50C
10-01-2026 11:21:54 RAM 3621/6833MB (lfb 64x4MB) SWAP 29/3417MB (cached 0MB) CPU [0%@1420,5%@1420,5%@1420,0%@1420,4%@1420,100%@1420] EMC_FREQ 0% GR3D_FREQ 0% AUX@45.5C CPU@47C thermal@45.95C AO@45.5C GPU@45.5C PMIC@50C
10-01-2026 11:21:54 RAM 3649/6833MB (lfb 60x4MB) SWAP 29/3417MB (cached 0MB) CPU [9%@1420,4%@1420,14%@1420,9%@1420,4%@1420,100%@1420] EMC_FREQ 0% GR3D_FREQ 0% AUX@45.5C CPU@47C thermal@45.95C AO@46C GPU@46C PMIC@50C
10-01-2026 11:21:54 RAM 3676/6833MB (lfb 57x4MB) SWAP 29/3417MB (cached 0MB) CPU [0%@1420,5%@1420,5%@1420,5%@1420,0%@1420,100%@1420] EMC_FREQ 0% GR3D_FREQ 0% AUX@45.5C CPU@47C thermal@45.95C AO@46C GPU@45.5C PMIC@50C
10-01-2026 11:21:54 RAM 3705/6833MB (lfb 57x4MB) SWAP 29/3417MB (cached 0MB) CPU [4%@1420,4%@1420,9%@1420,18%@1420,4%@1420,100%@1420] EMC_FREQ 0% GR3D_FREQ 0% AUX@45.5C CPU@47C thermal@46.1C AO@46C GPU@46C PMIC@50C
10-01-2026 11:21:55 RAM 3737/6833MB (lfb 57x4MB) SWAP 29/3417MB (cached 0MB) CPU [9%@1420,9%@1420,0%@1420,5%@1420,4%@1420,100%@1420] EMC_FREQ 0% GR3D_FREQ 0% AUX@45.5C CPU@47C thermal@46.1C AO@46C GPU@46C PMIC@50C
10-01-2026 11:21:55 RAM 3779/6833MB (lfb 57x4MB) SWAP 29/3417MB (cached 0MB) CPU [5%@1420,9%@1420,9%@1420,4%@1420,0%@1420,100%@1420] EMC_FREQ 0% GR3D_FREQ 0% AUX@45.5C CPU@47C thermal@46.1C AO@46C GPU@46C PMIC@50C
10-01-2026 11:21:55 RAM 3819/6833MB (lfb 57x4MB) SWAP 29/3417MB (cached 0MB) CPU [5%@1420,4%@1420,9%@1420,0%@1420,9%@1420,100%@1420] EMC_FREQ 0% GR3D_FREQ 0% AUX@45.5C CPU@47C thermal@46.1C AO@46C GPU@45.5C PMIC@50C
10-01-2026 11:21:55 RAM 3820/6833MB (lfb 57x4MB) SWAP 29/3417MB (cached 0MB) CPU [13%@1420,5%@1420,5%@1420,9%@1420,0%@1420,100%@1420] EMC_FREQ 0% GR3D_FREQ 0% AUX@45.5C CPU@47C thermal@46.1C AO@46C GPU@45.5C PMIC@50C
10-01-2026 11:21:55 RAM 3820/6833MB (lfb 57x4MB) SWAP 29/3417MB (cached 0MB) CPU [5%@1420,9%@1420,5%@1420,9%@1420,0%@1420,100%@1420] EMC_FREQ 0% GR3D_FREQ 0% AUX@45.5C CPU@47.5C thermal@46.1C AO@46C GPU@46C PMIC@50C
10-01-2026 11:21:56 RAM 3820/6833MB (lfb 57x4MB) SWAP 29/3417MB (cached 0MB) CPU [9%@1420,10%@1420,5%@1420,5%@1420,0%@1420,100%@1420] EMC_FREQ 0% GR3D_FREQ 0% AUX@46C CPU@47C thermal@45.95C AO@46C GPU@45.5C PMIC@50C
10-01-2026 11:21:56 RAM 3820/6833MB (lfb 57x4MB) SWAP 29/3417MB (cached 0MB) CPU [0%@1420,5%@1420,9%@1420,5%@1420,0%@1420,100%@1420] EMC_FREQ 0% GR3D_FREQ 0% AUX@46C CPU@47C thermal@45.95C AO@46C GPU@46C PMIC@50C
10-01-2026 11:21:56 RAM 3820/6833MB (lfb 57x4MB) SWAP 29/3417MB (cached 0MB) CPU [9%@1420,5%@1420,4%@1420,9%@1420,4%@1420,100%@1420] EMC_FREQ 0% GR3D_FREQ 0% AUX@45.5C CPU@47C thermal@45.95C AO@46C GPU@46C PMIC@50C
10-01-2026 11:21:56 RAM 3820/6833MB (lfb 57x4MB) SWAP 29/3417MB (cached 0MB) CPU [0%@1420,0%@1420,0%@1420,19%@1420,0%@1420,100%@1420] EMC_FREQ 0% GR3D_FREQ 0% AUX@45.5C CPU@47C thermal@45.95C AO@46C GPU@45.5C PMIC@50C
10-01-2026 11:21:56 RAM 3820/6833MB (lfb 57x4MB) SWAP 29/3417MB (cached 0MB) CPU [0%@1420,9%@1420,5%@1420,5%@1420,0%@1420,100%@1420] EMC_FREQ 0% GR3D_FREQ 0% AUX@46C CPU@47C thermal@45.95C AO@45.5C GPU@46C PMIC@50C
10-01-2026 11:21:57 RAM 3820/6833MB (lfb 57x4MB) SWAP 29/3417MB (cached 0MB) CPU [5%@1420,9%@1420,13%@1420,13%@1420,5%@1420,100%@1420] EMC_FREQ 0% GR3D_FREQ 0% AUX@45.5C CPU@47C thermal@46.3C AO@46C GPU@45.5C PMIC@50C
10-01-2026 11:21:57 RAM 3819/6833MB (lfb 57x4MB) SWAP 29/3417MB (cached 0MB) CPU [5%@1420,5%@1420,0%@1420,5%@1420,14%@1420,100%@1420] EMC_FREQ 0% GR3D_FREQ 0% AUX@46C CPU@47C thermal@46.3C AO@45.5C GPU@46C PMIC@50C
10-01-2026 11:21:57 RAM 3819/6833MB (lfb 57x4MB) SWAP 29/3417MB (cached 0MB) CPU [9%@1420,10%@1420,5%@1420,5%@1420,4%@1420,100%@1420] EMC_FREQ 0% GR3D_FREQ 0% AUX@45.5C CPU@47C thermal@46.3C AO@45.5C GPU@45.5C PMIC@50C
10-01-2026 11:21:57 RAM 3819/6833MB (lfb 57x4MB) SWAP 29/3417MB (cached 0MB) CPU [4%@1420,4%@1420,5%@1420,0%@1420,0%@1420,100%@1420] EMC_FREQ 0% GR3D_FREQ 0% AUX@45.5C CPU@47C thermal@46.3C AO@46C GPU@45.5C PMIC@50C
10-01-2026 11:21:57 RAM 3819/6833MB (lfb 57x4MB) SWAP 29/3417MB (cached 0MB) CPU [5%@1420,9%@1420,5%@1420,4%@1420,0%@1420,100%@1420] EMC_FREQ 0% GR3D_FREQ 0% AUX@46C CPU@47C thermal@46.3C AO@46C GPU@46C PMIC@50C
10-01-2026 11:21:58 RAM 3819/6833MB (lfb 57x4MB) SWAP 29/3417MB (cached 0MB) CPU [9%@1420,0%@1420,14%@1420,5%@1420,0%@1420,100%@1420] EMC_FREQ 0% GR3D_FREQ 0% AUX@46C CPU@47C thermal@46.3C AO@46C GPU@46C PMIC@50C
10-01-2026 11:21:58 RAM 3820/6833MB (lfb 57x4MB) SWAP 29/3417MB (cached 0MB) CPU [5%@1420,0%@1420,10%@1420,9%@1420,9%@1420,100%@1420] EMC_FREQ 0% GR3D_FREQ 0% AUX@46C CPU@47C thermal@45.95C AO@46C GPU@45.5C PMIC@50C
10-01-2026 11:21:58 RAM 3820/6833MB (lfb 57x4MB) SWAP 29/3417MB (cached 0MB) CPU [0%@1420,0%@1420,14%@1420,0%@1420,9%@1420,100%@1420] EMC_FREQ 0% GR3D_FREQ 0% AUX@46C CPU@47C thermal@45.95C AO@46C GPU@45.5C PMIC@50C
10-01-2026 11:21:58 RAM 3820/6833MB (lfb 57x4MB) SWAP 29/3417MB (cached 0MB) CPU [20%@1420,22%@1420,20%@1420,19%@1420,10%@1420,95%@1420] EMC_FREQ 0% GR3D_FREQ 0% AUX@45.5C CPU@47C thermal@45.95C AO@46C GPU@45.5C PMIC@50C
10-01-2026 11:21:58 RAM 3353/6833MB (lfb 67x4MB) SWAP 29/3417MB (cached 0MB) CPU [15%@1420,15%@1420,23%@1420,19%@1420,15%@1420,100%@1420] EMC_FREQ 0% GR3D_FREQ 0% AUX@45.5C CPU@47C thermal@45.95C AO@46C GPU@46C PMIC@50C
10-01-2026 11:21:59 RAM 3351/6833MB (lfb 67x4MB) SWAP 29/3417MB (cached 0MB) CPU [15%@1420,66%@1420,5%@1420,5%@1420,23%@1420,70%@1420] EMC_FREQ 0% GR3D_FREQ 13% AUX@45.5C CPU@47C thermal@45.95C AO@45.5C GPU@45.5C PMIC@50C
10-01-2026 11:21:59 RAM 3351/6833MB (lfb 67x4MB) SWAP 29/3417MB (cached 0MB) CPU [18%@1420,0%@1420,13%@1420,9%@1420,72%@1420,23%@1420] EMC_FREQ 0% GR3D_FREQ 2% AUX@46C CPU@47C thermal@45.95C AO@45.5C GPU@45.5C PMIC@50C
10-01-2026 11:21:59 RAM 3351/6833MB (lfb 67x4MB) SWAP 29/3417MB (cached 0MB) CPU [5%@1420,0%@1420,0%@1420,9%@1420,4%@1420,95%@1420] EMC_FREQ 0% GR3D_FREQ 0% AUX@45.5C CPU@47C thermal@45.95C AO@45.5C GPU@46C PMIC@50C
10-01-2026 11:21:59 RAM 3352/6833MB (lfb 67x4MB) SWAP 29/3417MB (cached 0MB) CPU [5%@1420,5%@1420,9%@1420,10%@1420,5%@1420,78%@1420] EMC_FREQ 0% GR3D_FREQ 2% AUX@45.5C CPU@46.5C thermal@45.95C AO@46C GPU@45.5C PMIC@50C
10-01-2026 11:21:59 RAM 3352/6833MB (lfb 67x4MB) SWAP 29/3417MB (cached 0MB) CPU [5%@1420,13%@1420,0%@1420,10%@1420,5%@1420,85%@1420] EMC_FREQ 0% GR3D_FREQ 4% AUX@45.5C CPU@46.5C thermal@45.95C AO@46C GPU@45.5C PMIC@50C
10-01-2026 11:22:00 RAM 3352/6833MB (lfb 67x4MB) SWAP 29/3417MB (cached 0MB) CPU [14%@1420,0%@1420,0%@1420,14%@1420,90%@1420,0%@1420] EMC_FREQ 0% GR3D_FREQ 0% AUX@45.5C CPU@46.5C thermal@45.95C AO@45.5C GPU@45.5C PMIC@50C
10-01-2026 11:22:00 RAM 3352/6833MB (lfb 67x4MB) SWAP 29/3417MB (cached 0MB) CPU [4%@1420,5%@1420,9%@1420,18%@1420,5%@1420,86%@1420] EMC_FREQ 0% GR3D_FREQ 0% AUX@45.5C CPU@46.5C thermal@45.95C AO@45.5C GPU@45.5C PMIC@50C
10-01-2026 11:22:00 RAM 3352/6833MB (lfb 67x4MB) SWAP 29/3417MB (cached 0MB) CPU [10%@1420,38%@1420,5%@1420,5%@1420,5%@1420,47%@1420] EMC_FREQ 0% GR3D_FREQ 0% AUX@45.5C CPU@46.5C thermal@45.8C AO@45.5C GPU@45.5C PMIC@50C
10-01-2026 11:22:00 RAM 3352/6833MB (lfb 67x4MB) SWAP 29/3417MB (cached 0MB) CPU [45%@1420,55%@1420,5%@1420,5%@1420,4%@1420,5%@1420] EMC_FREQ 0% GR3D_FREQ 0% AUX@45.5C CPU@46.5C thermal@45.8C AO@45.5C GPU@45.5C PMIC@50C
10-01-2026 11:22:01 RAM 3352/6833MB (lfb 67x4MB) SWAP 29/3417MB (cached 0MB) CPU [47%@1420,36%@1420,9%@1420,10%@1420,0%@1420,18%@1420] EMC_FREQ 0% GR3D_FREQ 0% AUX@45.5C CPU@46.5C thermal@45.8C AO@46C GPU@45.5C PMIC@50C
10-01-2026 11:22:01 RAM 3352/6833MB (lfb 67x4MB) SWAP 29/3417MB (cached 0MB) CPU [0%@1420,85%@1420,9%@1420,5%@1420,5%@1420,10%@1420] EMC_FREQ 0% GR3D_FREQ 0% AUX@45.5C CPU@46.5C thermal@45.8C AO@45.5C GPU@45.5C PMIC@50C
10-01-2026 11:22:01 RAM 3352/6833MB (lfb 67x4MB) SWAP 29/3417MB (cached 0MB) CPU [52%@1420,36%@1420,0%@1420,9%@1420,5%@1420,5%@1420] EMC_FREQ 0% GR3D_FREQ 14% AUX@45.5C CPU@46.5C thermal@45.8C AO@46C GPU@45.5C PMIC@50C
10-01-2026 11:22:01 RAM 3352/6833MB (lfb 67x4MB) SWAP 29/3417MB (cached 0MB) CPU [60%@1420,38%@1420,4%@1420,9%@1420,5%@1420,19%@1420] EMC_FREQ 0% GR3D_FREQ 0% AUX@45.5C CPU@46.5C thermal@45.8C AO@45.5C GPU@45.5C PMIC@50C
10-01-2026 11:22:01 RAM 3476/6833MB (lfb 67x4MB) SWAP 29/3417MB (cached 0MB) CPU [9%@1420,95%@1420,0%@1420,5%@1420,4%@1420,10%@1420] EMC_FREQ 0% GR3D_FREQ 0% AUX@45.5C CPU@46.5C thermal@45.8C AO@45.5C GPU@45.5C PMIC@50C
10-01-2026 11:22:02 RAM 3520/6833MB (lfb 67x4MB) SWAP 29/3417MB (cached 0MB) CPU [4%@1420,100%@1420,9%@1420,5%@1420,9%@1420,10%@1420] EMC_FREQ 0% GR3D_FREQ 0% AUX@45.5C CPU@46.5C thermal@45.8C AO@45.5C GPU@45.5C PMIC@50C
10-01-2026 11:22:02 RAM 3520/6833MB (lfb 67x4MB) SWAP 29/3417MB (cached 0MB) CPU [5%@1420,90%@1420,0%@1420,9%@1420,4%@1420,10%@1420] EMC_FREQ 0% GR3D_FREQ 0% AUX@45.5C CPU@47C thermal@45.8C AO@45.5C GPU@45.5C PMIC@50C
10-01-2026 11:22:02 RAM 3516/6833MB (lfb 57x4MB) SWAP 29/3417MB (cached 0MB) CPU [42%@1420,52%@1420,13%@1420,5%@1420,0%@1420,5%@1420] EMC_FREQ 0% GR3D_FREQ 0% AUX@45.5C CPU@47C thermal@45.8C AO@45.5C GPU@45.5C PMIC@50C
10-01-2026 11:22:02 RAM 3516/6833MB (lfb 57x4MB) SWAP 29/3417MB (cached 0MB) CPU [100%@1420,0%@1420,5%@1420,9%@1420,5%@1420,10%@1420] EMC_FREQ 0% GR3D_FREQ 0% AUX@45.5C CPU@46.5C thermal@45.8C AO@45.5C GPU@45.5C PMIC@50C
10-01-2026 11:22:02 RAM 3516/6833MB (lfb 57x4MB) SWAP 29/3417MB (cached 0MB) CPU [100%@1420,0%@1420,9%@1420,0%@1420,4%@1420,5%@1420] EMC_FREQ 0% GR3D_FREQ 0% AUX@45.5C CPU@46.5C thermal@45.8C AO@45.5C GPU@45.5C PMIC@50C
10-01-2026 11:22:03 RAM 3516/6833MB (lfb 57x4MB) SWAP 29/3417MB (cached 0MB) CPU [95%@1420,4%@1420,4%@1420,4%@1420,10%@1420,18%@1420] EMC_FREQ 0% GR3D_FREQ 4% AUX@45.5C CPU@46.5C thermal@45.8C AO@45.5C GPU@45.5C PMIC@50C
10-01-2026 11:22:03 RAM 3515/6833MB (lfb 57x4MB) SWAP 29/3417MB (cached 0MB) CPU [68%@1420,15%@1420,5%@1420,5%@1420,19%@1420,0%@1420] EMC_FREQ 0% GR3D_FREQ 1% AUX@45.5C CPU@46.5C thermal@45.8C AO@45.5C GPU@45.5C PMIC@50C
10-01-2026 11:22:03 RAM 3515/6833MB (lfb 57x4MB) SWAP 29/3417MB (cached 0MB) CPU [9%@1420,85%@1420,5%@1420,9%@1420,10%@1420,5%@1420] EMC_FREQ 0% GR3D_FREQ 0% AUX@45.5C CPU@46.5C thermal@45.8C AO@46C GPU@45.5C PMIC@50C
10-01-2026 11:22:03 RAM 3515/6833MB (lfb 57x4MB) SWAP 29/3417MB (cached 0MB) CPU [60%@1420,25%@1420,9%@1420,5%@1420,9%@1420,5%@1420] EMC_FREQ 0% GR3D_FREQ 21% AUX@45.5C CPU@46.5C thermal@45.8C AO@45.5C GPU@45.5C PMIC@50C
10-01-2026 11:22:03 RAM 3516/6833MB (lfb 57x4MB) SWAP 29/3417MB (cached 0MB) CPU [73%@1420,15%@1420,0%@1420,5%@1420,10%@1420,13%@1420] EMC_FREQ 0% GR3D_FREQ 8% AUX@45.5C CPU@46.5C thermal@45.8C AO@45.5C GPU@45.5C PMIC@50C
10-01-2026 11:22:04 RAM 3516/6833MB (lfb 57x4MB) SWAP 29/3417MB (cached 0MB) CPU [5%@1420,90%@1420,5%@1420,9%@1420,10%@1420,0%@1420] EMC_FREQ 0% GR3D_FREQ 9% AUX@45.5C CPU@46.5C thermal@45.8C AO@45.5C GPU@45.5C PMIC@50C
10-01-2026 11:22:04 RAM 3516/6833MB (lfb 57x4MB) SWAP 29/3417MB (cached 0MB) CPU [5%@1420,75%@1420,0%@1420,5%@1420,9%@1420,9%@1420] EMC_FREQ 0% GR3D_FREQ 4% AUX@45.5C CPU@46.5C thermal@45.8C AO@45.5C GPU@45.5C PMIC@50C
10-01-2026 11:22:04 RAM 3516/6833MB (lfb 57x4MB) SWAP 29/3417MB (cached 0MB) CPU [4%@1420,75%@1420,9%@1420,9%@1420,65%@1420,14%@1420] EMC_FREQ 0% GR3D_FREQ 2% AUX@45.5C CPU@46.5C thermal@45.8C AO@45.5C GPU@45.5C PMIC@50C
10-01-2026 11:22:04 RAM 3516/6833MB (lfb 57x4MB) SWAP 29/3417MB (cached 0MB) CPU [5%@1420,95%@1420,0%@1420,0%@1420,0%@1420,10%@1420] EMC_FREQ 0% GR3D_FREQ 0% AUX@45.5C CPU@46.5C thermal@45.8C AO@45.5C GPU@45C PMIC@50C
10-01-2026 11:22:04 RAM 3520/6833MB (lfb 57x4MB) SWAP 29/3417MB (cached 0MB) CPU [80%@1420,19%@1420,5%@1420,9%@1420,13%@1420,5%@1420] EMC_FREQ 0% GR3D_FREQ 0% AUX@45.5C CPU@46.5C thermal@45.8C AO@45.5C GPU@45.5C PMIC@50C
10-01-2026 11:22:05 RAM 3520/6833MB (lfb 57x4MB) SWAP 29/3417MB (cached 0MB) CPU [100%@1420,0%@1420,14%@1420,0%@1420,4%@1420,9%@1420] EMC_FREQ 0% GR3D_FREQ 0% AUX@45.5C CPU@46.5C thermal@45.8C AO@45.5C GPU@45.5C PMIC@50C
10-01-2026 11:22:05 RAM 3520/6833MB (lfb 57x4MB) SWAP 29/3417MB (cached 0MB) CPU [100%@1420,4%@1420,0%@1420,14%@1420,0%@1420,5%@1420] EMC_FREQ 0% GR3D_FREQ 4% AUX@45.5C CPU@46.5C thermal@45.8C AO@45.5C GPU@45.5C PMIC@50C
10-01-2026 11:22:05 RAM 3520/6833MB (lfb 57x4MB) SWAP 29/3417MB (cached 0MB) CPU [100%@1420,0%@1420,5%@1420,0%@1420,9%@1420,9%@1420] EMC_FREQ 0% GR3D_FREQ 0% AUX@45.5C CPU@46.5C thermal@45.8C AO@45.5C GPU@45.5C PMIC@50C
10-01-2026 11:22:05 RAM 3520/6833MB (lfb 57x4MB) SWAP 29/3417MB (cached 0MB) CPU [100%@1420,0%@1420,5%@1420,5%@1420,5%@1420,0%@1420] EMC_FREQ 0% GR3D_FREQ 0% AUX@45.5C CPU@46.5C thermal@45.8C AO@45.5C GPU@45.5C PMIC@50C
10-01-2026 11:22:05 RAM 3520/6833MB (lfb 57x4MB) SWAP 29/3417MB (cached 0MB) CPU [100%@1420,4%@1420,4%@1420,9%@1420,14%@1420,9%@1420] EMC_FREQ 0% GR3D_FREQ 0% AUX@45.5C CPU@46.5C thermal@45.8C AO@45.5C GPU@45.5C PMIC@50C
10-01-2026 11:22:06 RAM 3520/6833MB (lfb 57x4MB) SWAP 29/3417MB (cached 0MB) CPU [100%@1420,5%@1420,14%@1420,5%@1420,5%@1420,13%@1420] EMC_FREQ 0% GR3D_FREQ 0% AUX@45.5C CPU@46.5C thermal@45.8C AO@45.5C GPU@45.5C PMIC@50C
10-01-2026 11:22:06 RAM 3520/6833MB (lfb 57x4MB) SWAP 29/3417MB (cached 0MB) CPU [100%@1420,0%@1420,5%@1420,9%@1420,5%@1420,5%@1420] EMC_FREQ 0% GR3D_FREQ 0% AUX@45.5C CPU@46.5C thermal@45.8C AO@45C GPU@45.5C PMIC@50C
10-01-2026 11:22:06 RAM 3520/6833MB (lfb 57x4MB) SWAP 29/3417MB (cached 0MB) CPU [100%@1420,0%@1420,5%@1420,0%@1420,9%@1420,5%@1420] EMC_FREQ 0% GR3D_FREQ 0% AUX@45.5C CPU@46.5C thermal@45.8C AO@45.5C GPU@45.5C PMIC@50C
10-01-2026 11:22:06 RAM 3520/6833MB (lfb 57x4MB) SWAP 29/3417MB (cached 0MB) CPU [100%@1420,0%@1420,13%@1420,10%@1420,9%@1420,9%@1420] EMC_FREQ 0% GR3D_FREQ 0% AUX@45.5C CPU@46.5C thermal@45.8C AO@45C GPU@45.5C PMIC@50C
10-01-2026 11:22:06 RAM 3520/6833MB (lfb 57x4MB) SWAP 29/3417MB (cached 0MB) CPU [100%@1420,0%@1420,10%@1420,0%@1420,0%@1420,10%@1420] EMC_FREQ 0% GR3D_FREQ 0% AUX@45.5C CPU@46.5C thermal@45.8C AO@45.5C GPU@45C PMIC@50C
10-01-2026 11:22:07 RAM 3520/6833MB (lfb 57x4MB) SWAP 29/3417MB (cached 0MB) CPU [100%@1420,0%@1420,10%@1420,5%@1420,5%@1420,5%@1420] EMC_FREQ 0% GR3D_FREQ 2% AUX@45.5C CPU@46.5C thermal@45.8C AO@45.5C GPU@45C PMIC@50C
10-01-2026 11:22:07 RAM 3520/6833MB (lfb 57x4MB) SWAP 29/3417MB (cached 0MB) CPU [36%@1420,4%@1420,19%@1420,15%@1420,19%@1420,20%@1420] EMC_FREQ 0% GR3D_FREQ 99% AUX@45.5C CPU@46.5C thermal@45.8C AO@45.5C GPU@46C PMIC@50C
10-01-2026 11:22:07 RAM 3520/6833MB (lfb 57x4MB) SWAP 29/3417MB (cached 0MB) CPU [66%@1420,0%@1420,0%@1420,5%@1420,10%@1420,9%@1420] EMC_FREQ 0% GR3D_FREQ 0% AUX@45.5C CPU@46.5C thermal@45.8C AO@45.5C GPU@46C PMIC@50C
10-01-2026 11:22:07 RAM 3520/6833MB (lfb 57x4MB) SWAP 29/3417MB (cached 0MB) CPU [5%@1420,5%@1420,5%@1420,9%@1420,76%@1420,10%@1420] EMC_FREQ 0% GR3D_FREQ 0% AUX@45.5C CPU@46.5C thermal@45.8C AO@45.5C GPU@46C PMIC@50C
10-01-2026 11:22:07 RAM 3520/6833MB (lfb 57x4MB) SWAP 29/3417MB (cached 0MB) CPU [76%@1420,9%@1420,5%@1420,0%@1420,10%@1420,0%@1420] EMC_FREQ 0% GR3D_FREQ 0% AUX@45.5C CPU@46.5C thermal@45.8C AO@45C GPU@45.5C PMIC@50C
10-01-2026 11:22:08 RAM 3520/6833MB (lfb 57x4MB) SWAP 29/3417MB (cached 0MB) CPU [5%@1420,76%@1420,0%@1420,14%@1420,5%@1420,0%@1420] EMC_FREQ 0% GR3D_FREQ 0% AUX@45.5C CPU@46.5C thermal@45.8C AO@45.5C GPU@45.5C PMIC@50C
10-01-2026 11:22:08 RAM 3520/6833MB (lfb 57x4MB) SWAP 29/3417MB (cached 0MB) CPU [0%@1420,89%@1420,5%@1420,5%@1420,9%@1420,5%@1420] EMC_FREQ 0% GR3D_FREQ 0% AUX@45.5C CPU@46.5C thermal@45.8C AO@45.5C GPU@45.5C PMIC@50C
10-01-2026 11:22:08 RAM 3520/6833MB (lfb 57x4MB) SWAP 29/3417MB (cached 0MB) CPU [19%@1420,80%@1420,5%@1420,9%@1420,14%@1420,5%@1420] EMC_FREQ 0% GR3D_FREQ 0% AUX@45.5C CPU@46.5C thermal@45.8C AO@45.5C GPU@45.5C PMIC@50C
10-01-2026 11:22:08 RAM 3520/6833MB (lfb 57x4MB) SWAP 29/3417MB (cached 0MB) CPU [33%@1420,45%@1420,4%@1420,9%@1420,5%@1420,0%@1420] EMC_FREQ 0% GR3D_FREQ 0% AUX@45C CPU@46.5C thermal@45.8C AO@45.5C GPU@45.5C PMIC@50C
10-01-2026 11:22:08 RAM 3520/6833MB (lfb 57x4MB) SWAP 29/3417MB (cached 0MB) CPU [45%@1420,61%@1420,4%@1420,9%@1420,14%@1420,5%@1420] EMC_FREQ 0% GR3D_FREQ 0% AUX@45C CPU@46.5C thermal@45.8C AO@45.5C GPU@45.5C PMIC@50C
10-01-2026 11:22:09 RAM 3532/6833MB (lfb 57x4MB) SWAP 29/3417MB (cached 0MB) CPU [31%@1420,28%@1420,0%@1420,5%@1420,27%@1420,18%@1420] EMC_FREQ 0% GR3D_FREQ 1% AUX@45C CPU@46.5C thermal@45.8C AO@45.5C GPU@45.5C PMIC@50C
10-01-2026 11:22:09 RAM 3536/6833MB (lfb 57x4MB) SWAP 29/3417MB (cached 0MB) CPU [4%@1420,0%@1420,5%@1420,73%@1420,14%@1420,15%@1420] EMC_FREQ 0% GR3D_FREQ 0% AUX@45.5C CPU@46C thermal@45.8C AO@45.5C GPU@45.5C PMIC@50C
10-01-2026 11:22:09 RAM 3543/6833MB (lfb 57x4MB) SWAP 29/3417MB (cached 0MB) CPU [5%@1420,19%@1420,5%@1420,80%@1420,19%@1420,5%@1420] EMC_FREQ 0% GR3D_FREQ 1% AUX@45.5C CPU@46.5C thermal@45.8C AO@45.5C GPU@45.5C PMIC@50C
10-01-2026 11:22:09 RAM 3550/6833MB (lfb 57x4MB) SWAP 29/3417MB (cached 0MB) CPU [5%@1420,100%@1420,9%@1420,0%@1420,10%@1420,5%@1420] EMC_FREQ 0% GR3D_FREQ 0% AUX@45C CPU@46C thermal@45.8C AO@45.5C GPU@45.5C PMIC@50C
10-01-2026 11:22:09 RAM 3562/6833MB (lfb 57x4MB) SWAP 29/3417MB (cached 0MB) CPU [57%@1420,4%@1420,0%@1420,4%@1420,50%@1420,18%@1420] EMC_FREQ 0% GR3D_FREQ 0% AUX@45C CPU@46.5C thermal@45.8C AO@45.5C GPU@45.5C PMIC@50C
10-01-2026 11:22:10 RAM 3562/6833MB (lfb 57x4MB) SWAP 29/3417MB (cached 0MB) CPU [5%@1420,0%@1420,0%@1420,0%@1420,40%@1420,5%@1420] EMC_FREQ 0% GR3D_FREQ 0% AUX@45C CPU@46.5C thermal@45.8C AO@45.5C GPU@45C PMIC@50C
10-01-2026 11:22:10 RAM 3565/6833MB (lfb 57x4MB) SWAP 29/3417MB (cached 0MB) CPU [9%@1420,0%@1420,4%@1420,4%@1420,81%@1420,9%@1420] EMC_FREQ 0% GR3D_FREQ 0% AUX@45.5C CPU@46.5C thermal@45.8C AO@45C GPU@45.5C PMIC@50C
10-01-2026 11:22:10 RAM 3574/6833MB (lfb 57x4MB) SWAP 29/3417MB (cached 0MB) CPU [0%@1420,4%@1420,5%@1420,5%@1420,40%@1420,14%@1420] EMC_FREQ 0% GR3D_FREQ 0% AUX@45C CPU@46.5C thermal@45.6C AO@45C GPU@45C PMIC@50C
10-01-2026 11:22:10 RAM 3575/6833MB (lfb 57x4MB) SWAP 29/3417MB (cached 0MB) CPU [9%@1420,13%@1420,4%@1420,4%@1420,75%@1420,0%@1420] EMC_FREQ 0% GR3D_FREQ 0% AUX@45C CPU@46C thermal@45.6C AO@45C GPU@45C PMIC@50C
10-01-2026 11:22:10 RAM 3587/6833MB (lfb 57x4MB) SWAP 29/3417MB (cached 0MB) CPU [10%@1420,0%@1420,5%@1420,5%@1420,30%@1420,9%@1420] EMC_FREQ 0% GR3D_FREQ 0% AUX@45C CPU@46.5C thermal@45.6C AO@45C GPU@45.5C PMIC@50C
10-01-2026 11:22:11 RAM 3589/6833MB (lfb 57x4MB) SWAP 29/3417MB (cached 0MB) CPU [13%@1420,5%@1420,5%@1420,4%@1420,85%@1420,9%@1420] EMC_FREQ 0% GR3D_FREQ 1% AUX@45C CPU@46C thermal@45.6C AO@45C GPU@45.5C PMIC@50C
10-01-2026 11:22:11 RAM 3589/6833MB (lfb 57x4MB) SWAP 29/3417MB (cached 0MB) CPU [5%@1420,9%@1420,0%@1420,0%@1420,71%@1420,5%@1420] EMC_FREQ 0% GR3D_FREQ 0% AUX@45C CPU@46C thermal@45.6C AO@45.5C GPU@45.5C PMIC@50C
10-01-2026 11:22:11 RAM 3590/6833MB (lfb 57x4MB) SWAP 29/3417MB (cached 0MB) CPU [0%@1190,4%@1190,5%@1190,13%@1190,10%@1190,10%@1190] EMC_FREQ 0% GR3D_FREQ 0% AUX@45C CPU@46C thermal@45.6C AO@45C GPU@45.5C PMIC@50C
10-01-2026 11:22:11 RAM 3622/6833MB (lfb 57x4MB) SWAP 29/3417MB (cached 0MB) CPU [5%@1420,5%@1420,5%@1420,0%@1420,80%@1420,10%@1420] EMC_FREQ 0% GR3D_FREQ 2% AUX@45C CPU@46.5C thermal@45.3C AO@45.5C GPU@45C PMIC@50C
10-01-2026 11:22:11 RAM 3623/6833MB (lfb 57x4MB) SWAP 29/3417MB (cached 0MB) CPU [10%@1420,25%@1420,0%@1420,5%@1420,60%@1420,13%@1420] EMC_FREQ 0% GR3D_FREQ 3% AUX@45C CPU@46C thermal@45.3C AO@45C GPU@45C PMIC@50C
10-01-2026 11:22:12 RAM 3622/6833MB (lfb 57x4MB) SWAP 29/3417MB (cached 0MB) CPU [10%@1420,75%@1420,5%@1420,0%@1420,9%@1420,0%@1420] EMC_FREQ 0% GR3D_FREQ 1% AUX@45C CPU@46C thermal@45.3C AO@45C GPU@45C PMIC@50C
10-01-2026 11:22:12 RAM 3622/6833MB (lfb 57x4MB) SWAP 29/3417MB (cached 0MB) CPU [5%@1420,77%@1420,5%@1420,9%@1420,0%@1420,4%@1420] EMC_FREQ 0% GR3D_FREQ 2% AUX@45C CPU@46C thermal@45.3C AO@45C GPU@45C PMIC@50C
10-01-2026 11:22:12 RAM 3627/6833MB (lfb 57x4MB) SWAP 29/3417MB (cached 0MB) CPU [13%@1420,94%@1420,5%@1420,5%@1420,0%@1420,0%@1420] EMC_FREQ 0% GR3D_FREQ 0% AUX@45C CPU@46C thermal@45.3C AO@45C GPU@45C PMIC@50C
10-01-2026 11:22:12 RAM 3627/6833MB (lfb 57x4MB) SWAP 29/3417MB (cached 0MB) CPU [4%@1190,52%@1190,4%@1190,14%@1190,5%@1190,5%@1190] EMC_FREQ 0% GR3D_FREQ 0% AUX@45C CPU@46C thermal@45.3C AO@45C GPU@45C PMIC@50C
10-01-2026 11:22:13 RAM 3653/6833MB (lfb 57x4MB) SWAP 29/3417MB (cached 0MB) CPU [5%@1420,66%@1420,5%@1420,5%@1420,9%@1420,5%@1420] EMC_FREQ 0% GR3D_FREQ 0% AUX@45C CPU@46C thermal@45.3C AO@45C GPU@45C PMIC@50C
10-01-2026 11:22:13 RAM 3653/6833MB (lfb 57x4MB) SWAP 29/3417MB (cached 0MB) CPU [9%@1420,70%@1420,10%@1420,9%@1420,4%@1420,9%@1420] EMC_FREQ 0% GR3D_FREQ 0% AUX@45C CPU@46C thermal@45.3C AO@45.5C GPU@45C PMIC@50C
10-01-2026 11:22:13 RAM 3656/6833MB (lfb 57x4MB) SWAP 29/3417MB (cached 0MB) CPU [20%@1190,5%@1190,9%@1190,5%@1190,0%@1190,5%@1190] EMC_FREQ 0% GR3D_FREQ 0% AUX@45C CPU@46C thermal@45.3C AO@45C GPU@45C PMIC@50C
10-01-2026 11:22:13 RAM 3656/6833MB (lfb 57x4MB) SWAP 29/3417MB (cached 0MB) CPU [5%@1190,10%@1420,9%@1420,9%@1420,5%@1420,10%@1420] EMC_FREQ 0% GR3D_FREQ 0% AUX@45C CPU@46C thermal@45.3C AO@45C GPU@45C PMIC@50C
10-01-2026 11:22:13 RAM 3656/6833MB (lfb 57x4MB) SWAP 29/3417MB (cached 0MB) CPU [9%@1420,18%@1420,0%@1420,10%@1420,4%@1420,5%@1420] EMC_FREQ 0% GR3D_FREQ 0% AUX@45C CPU@46C thermal@45.3C AO@45C GPU@45C PMIC@50C
10-01-2026 11:22:14 RAM 3657/6833MB (lfb 57x4MB) SWAP 29/3417MB (cached 0MB) CPU [0%@1420,75%@1420,9%@1420,10%@1420,9%@1420,5%@1420] EMC_FREQ 0% GR3D_FREQ 0% AUX@45C CPU@46C thermal@45.3C AO@45C GPU@45C PMIC@50C
10-01-2026 11:22:14 RAM 3657/6833MB (lfb 57x4MB) SWAP 29/3417MB (cached 0MB) CPU [4%@1190,15%@1190,0%@1190,14%@1190,0%@1190,5%@1190] EMC_FREQ 0% GR3D_FREQ 0% AUX@45C CPU@46C thermal@45.3C AO@45C GPU@45C PMIC@50C
10-01-2026 11:22:14 RAM 3658/6833MB (lfb 57x4MB) SWAP 29/3417MB (cached 0MB) CPU [5%@1420,14%@1420,5%@1420,19%@1420,9%@1420,4%@1420] EMC_FREQ 0% GR3D_FREQ 0% AUX@45C CPU@46C thermal@45.3C AO@45C GPU@44.5C PMIC@50C
10-01-2026 11:22:14 RAM 3659/6833MB (lfb 57x4MB) SWAP 29/3417MB (cached 0MB) CPU [5%@1190,23%@1190,5%@1190,5%@1190,0%@1190,9%@1190] EMC_FREQ 0% GR3D_FREQ 0% AUX@45C CPU@45.5C thermal@45.3C AO@45C GPU@45C PMIC@50C
10-01-2026 11:22:14 RAM 3659/6833MB (lfb 57x4MB) SWAP 29/3417MB (cached 0MB) CPU [10%@1420,25%@1420,9%@1420,5%@1420,4%@1420,5%@1420] EMC_FREQ 0% GR3D_FREQ 0% AUX@45C CPU@45.5C thermal@45.3C AO@45C GPU@45C PMIC@50C
10-01-2026 11:22:15 RAM 3661/6833MB (lfb 57x4MB) SWAP 29/3417MB (cached 0MB) CPU [10%@1420,85%@1420,15%@1420,0%@1420,0%@1420,4%@1420] EMC_FREQ 0% GR3D_FREQ 0% AUX@45C CPU@46C thermal@45.15C AO@45C GPU@45C PMIC@50C
10-01-2026 11:22:15 RAM 3664/6833MB (lfb 57x4MB) SWAP 29/3417MB (cached 0MB) CPU [4%@1190,50%@1190,57%@1190,18%@1190,10%@1190,5%@1190] EMC_FREQ 0% GR3D_FREQ 0% AUX@45C CPU@46C thermal@45.15C AO@45C GPU@45C PMIC@50C
10-01-2026 11:22:15 RAM 3665/6833MB (lfb 57x4MB) SWAP 29/3417MB (cached 0MB) CPU [0%@1190,0%@1190,15%@1190,10%@1190,9%@1420,0%@1420] EMC_FREQ 0% GR3D_FREQ 0% AUX@45C CPU@46C thermal@45.15C AO@45C GPU@45C PMIC@50C
10-01-2026 11:22:15 RAM 3663/6833MB (lfb 57x4MB) SWAP 29/3417MB (cached 0MB) CPU [9%@1420,9%@1420,9%@1420,0%@1420,9%@1420,0%@1420] EMC_FREQ 0% GR3D_FREQ 7% AUX@45C CPU@46C thermal@45.15C AO@45C GPU@44.5C PMIC@50C
10-01-2026 11:22:15 RAM 3664/6833MB (lfb 57x4MB) SWAP 29/3417MB (cached 0MB) CPU [9%@1190,5%@1190,9%@1190,15%@1190,5%@1190,5%@1190] EMC_FREQ 0% GR3D_FREQ 7% AUX@45C CPU@46C thermal@45.15C AO@45C GPU@44.5C PMIC@50C
10-01-2026 11:22:16 RAM 3664/6833MB (lfb 57x4MB) SWAP 29/3417MB (cached 0MB) CPU [0%@1190,4%@1190,5%@1190,21%@1190,13%@1190,9%@1420] EMC_FREQ 0% GR3D_FREQ 0% AUX@45C CPU@46C thermal@45.15C AO@45C GPU@44.5C PMIC@50C
10-01-2026 11:22:16 RAM 3665/6833MB (lfb 57x4MB) SWAP 29/3417MB (cached 0MB) CPU [5%@1420,0%@1190,10%@1190,15%@1190,5%@1190,4%@1190] EMC_FREQ 0% GR3D_FREQ 0% AUX@45C CPU@45.5C thermal@45.15C AO@44.5C GPU@44.5C PMIC@50C
10-01-2026 11:22:16 RAM 3666/6833MB (lfb 57x4MB) SWAP 29/3417MB (cached 0MB) CPU [13%@1190,0%@1190,5%@1190,14%@1190,13%@1420,0%@1420] EMC_FREQ 0% GR3D_FREQ 7% AUX@45C CPU@46C thermal@45.15C AO@45C GPU@44.5C PMIC@50C
10-01-2026 11:22:16 RAM 3668/6833MB (lfb 57x4MB) SWAP 29/3417MB (cached 0MB) CPU [5%@1190,18%@1420,4%@1420,26%@1420,0%@1420,5%@1420] EMC_FREQ 0% GR3D_FREQ 7% AUX@45C CPU@45.5C thermal@45.15C AO@45C GPU@45C PMIC@50C
10-01-2026 11:22:16 RAM 3668/6833MB (lfb 57x4MB) SWAP 29/3417MB (cached 0MB) CPU [10%@1190,5%@1190,0%@1190,61%@1190,0%@1420,5%@1420] EMC_FREQ 0% GR3D_FREQ 0% AUX@45C CPU@46C thermal@45.15C AO@44.5C GPU@44.5C PMIC@50C
10-01-2026 11:22:17 RAM 3668/6833MB (lfb 57x4MB) SWAP 29/3417MB (cached 0MB) CPU [10%@1190,5%@1190,5%@1190,10%@1190,13%@1190,9%@1190] EMC_FREQ 0% GR3D_FREQ 0% AUX@45C CPU@46C thermal@45.15C AO@44.5C GPU@45C PMIC@50C
10-01-2026 11:22:17 RAM 3671/6833MB (lfb 57x4MB) SWAP 29/3417MB (cached 0MB) CPU [0%@1420,5%@1420,0%@1420,28%@1420,10%@1420,10%@1420] EMC_FREQ 0% GR3D_FREQ 0% AUX@45C CPU@46C thermal@45C AO@45C GPU@44.5C PMIC@50C
10-01-2026 11:22:17 RAM 3672/6833MB (lfb 57x4MB) SWAP 29/3417MB (cached 0MB) CPU [0%@1420,5%@1420,0%@1420,73%@1420,14%@1420,4%@1420] EMC_FREQ 0% GR3D_FREQ 2% AUX@45C CPU@46C thermal@45C AO@45C GPU@44.5C PMIC@50C
10-01-2026 11:22:17 RAM 3673/6833MB (lfb 57x4MB) SWAP 29/3417MB (cached 0MB) CPU [13%@1420,0%@1420,9%@1420,80%@1420,14%@1420,5%@1420] EMC_FREQ 0% GR3D_FREQ 0% AUX@45C CPU@45.5C thermal@45C AO@44.5C GPU@44.5C PMIC@50C
10-01-2026 11:22:17 RAM 3677/6833MB (lfb 57x4MB) SWAP 29/3417MB (cached 0MB) CPU [5%@1420,5%@1420,0%@1420,80%@1420,14%@1420,9%@1420] EMC_FREQ 0% GR3D_FREQ 7% AUX@45C CPU@46C thermal@45C AO@44.5C GPU@44.5C PMIC@50C
10-01-2026 11:22:18 RAM 3677/6833MB (lfb 57x4MB) SWAP 29/3417MB (cached 0MB) CPU [5%@1190,5%@1190,5%@1420,0%@1420,4%@1420,5%@1420] EMC_FREQ 0% GR3D_FREQ 0% AUX@45C CPU@45.5C thermal@45C AO@44.5C GPU@44.5C PMIC@50C
10-01-2026 11:22:18 RAM 3730/6833MB (lfb 50x4MB) SWAP 29/3417MB (cached 0MB) CPU [14%@1420,5%@1420,4%@1420,78%@1420,10%@1420,13%@1420] EMC_FREQ 0% GR3D_FREQ 10% AUX@45C CPU@45.5C thermal@45C AO@44.5C GPU@44.5C PMIC@50C
10-01-2026 11:22:18 RAM 3730/6833MB (lfb 50x4MB) SWAP 29/3417MB (cached 0MB) CPU [5%@1190,5%@1190,4%@1190,57%@1190,5%@1190,5%@1190] EMC_FREQ 0% GR3D_FREQ 0% AUX@45C CPU@46C thermal@45C AO@44.5C GPU@44.5C PMIC@50C
10-01-2026 11:22:18 RAM 3732/6833MB (lfb 50x4MB) SWAP 29/3417MB (cached 0MB) CPU [5%@1420,5%@1420,0%@1420,68%@1420,9%@1420,0%@1420] EMC_FREQ 0% GR3D_FREQ 0% AUX@45C CPU@45.5C thermal@45C AO@45C GPU@44.5C PMIC@50C
10-01-2026 11:22:18 RAM 3732/6833MB (lfb 50x4MB) SWAP 29/3417MB (cached 0MB) CPU [14%@1420,9%@1420,0%@1420,66%@1420,0%@1420,0%@1420] EMC_FREQ 0% GR3D_FREQ 0% AUX@45C CPU@45.5C thermal@45C AO@44.5C GPU@44.5C PMIC@50C
10-01-2026 11:22:19 RAM 3734/6833MB (lfb 50x4MB) SWAP 29/3417MB (cached 0MB) CPU [19%@1420,10%@1420,0%@1420,54%@1420,0%@1420,5%@1420] EMC_FREQ 0% GR3D_FREQ 0% AUX@45C CPU@45.5C thermal@45C AO@44.5C GPU@44.5C PMIC@50C
10-01-2026 11:22:19 RAM 3736/6833MB (lfb 50x4MB) SWAP 29/3417MB (cached 0MB) CPU [15%@1420,5%@1420,0%@1420,70%@1420,5%@1420,4%@1420] EMC_FREQ 0% GR3D_FREQ 0% AUX@45C CPU@45.5C thermal@45C AO@44.5C GPU@44.5C PMIC@50C
10-01-2026 11:22:19 RAM 3736/6833MB (lfb 50x4MB) SWAP 29/3417MB (cached 0MB) CPU [10%@1420,10%@1420,0%@1190,55%@1190,0%@1190,9%@1190] EMC_FREQ 0% GR3D_FREQ 0% AUX@45C CPU@45.5C thermal@45C AO@44.5C GPU@44.5C PMIC@50C
10-01-2026 11:22:19 RAM 3738/6833MB (lfb 50x4MB) SWAP 29/3417MB (cached 0MB) CPU [15%@1420,4%@1420,0%@1420,76%@1420,13%@1420,5%@1420] EMC_FREQ 0% GR3D_FREQ 0% AUX@44.5C CPU@45.5C thermal@45C AO@44.5C GPU@44.5C PMIC@50C
10-01-2026 11:22:19 RAM 3738/6833MB (lfb 48x4MB) SWAP 29/3417MB (cached 0MB) CPU [22%@1420,13%@1420,5%@1420,15%@1420,28%@1420,0%@1420] EMC_FREQ 0% GR3D_FREQ 0% AUX@44.5C CPU@45.5C thermal@45C AO@44.5C GPU@44.5C PMIC@50C
10-01-2026 11:22:20 RAM 3739/6833MB (lfb 46x4MB) SWAP 29/3417MB (cached 0MB) CPU [42%@1420,0%@1420,9%@1420,5%@1420,50%@1420,10%@1420] EMC_FREQ 0% GR3D_FREQ 0% AUX@44.5C CPU@45.5C thermal@45C AO@44.5C GPU@44.5C PMIC@50C
10-01-2026 11:22:20 RAM 3762/6833MB (lfb 40x4MB) SWAP 29/3417MB (cached 0MB) CPU [25%@1420,14%@1420,10%@1420,45%@1420,10%@1420,4%@1420] EMC_FREQ 0% GR3D_FREQ 10% AUX@45C CPU@45.5C thermal@45C AO@44.5C GPU@44.5C PMIC@50C
10-01-2026 11:22:20 RAM 3765/6833MB (lfb 39x4MB) SWAP 29/3417MB (cached 0MB) CPU [0%@1420,10%@1420,66%@1420,0%@1420,13%@1420,5%@1420] EMC_FREQ 0% GR3D_FREQ 0% AUX@44.5C CPU@45.5C thermal@45C AO@44.5C GPU@44.5C PMIC@50C
10-01-2026 11:22:20 RAM 3773/6833MB (lfb 36x4MB) SWAP 29/3417MB (cached 0MB) CPU [9%@1420,5%@1420,9%@1420,38%@1420,5%@1420,10%@1420] EMC_FREQ 0% GR3D_FREQ 26% AUX@44.5C CPU@45.5C thermal@44.8C AO@44.5C GPU@44.5C PMIC@50C
10-01-2026 11:22:20 RAM 3773/6833MB (lfb 35x4MB) SWAP 29/3417MB (cached 0MB) CPU [14%@1420,9%@1420,4%@1420,65%@1420,0%@1420,9%@1420] EMC_FREQ 0% GR3D_FREQ 0% AUX@44.5C CPU@45.5C thermal@44.8C AO@44.5C GPU@44.5C PMIC@50C
10-01-2026 11:22:21 RAM 3774/6833MB (lfb 34x4MB) SWAP 29/3417MB (cached 0MB) CPU [9%@1420,4%@1420,5%@1420,80%@1420,4%@1420,5%@1420] EMC_FREQ 0% GR3D_FREQ 7% AUX@44.5C CPU@46C thermal@44.8C AO@44.5C GPU@44.5C PMIC@50C
10-01-2026 11:22:21 RAM 3777/6833MB (lfb 33x4MB) SWAP 29/3417MB (cached 0MB) CPU [10%@1420,0%@1420,71%@1420,0%@1420,0%@1420,5%@1420] EMC_FREQ 0% GR3D_FREQ 0% AUX@44.5C CPU@45.5C thermal@44.8C AO@44.5C GPU@44.5C PMIC@50C
10-01-2026 11:22:21 RAM 3781/6833MB (lfb 31x4MB) SWAP 29/3417MB (cached 0MB) CPU [10%@1420,10%@1420,57%@1420,0%@1420,0%@1420,5%@1420] EMC_FREQ 0% GR3D_FREQ 0% AUX@44.5C CPU@45.5C thermal@44.8C AO@44.5C GPU@44.5C PMIC@50C
10-01-2026 11:22:21 RAM 3786/6833MB (lfb 28x4MB) SWAP 29/3417MB (cached 0MB) CPU [10%@1420,9%@1420,59%@1420,14%@1420,9%@1420,9%@1420] EMC_FREQ 0% GR3D_FREQ 0% AUX@44.5C CPU@46C thermal@44.8C AO@44.5C GPU@44.5C PMIC@50C
10-01-2026 11:22:21 RAM 3790/6833MB (lfb 26x4MB) SWAP 29/3417MB (cached 0MB) CPU [5%@1420,0%@1420,75%@1420,13%@1420,9%@1420,5%@1420] EMC_FREQ 0% GR3D_FREQ 22% AUX@44.5C CPU@45.5C thermal@44.8C AO@45C GPU@44.5C PMIC@50C
10-01-2026 11:22:22 RAM 3790/6833MB (lfb 25x4MB) SWAP 29/3417MB (cached 0MB) CPU [10%@1420,5%@1420,72%@1420,0%@1420,0%@1420,9%@1420] EMC_FREQ 0% GR3D_FREQ 21% AUX@44.5C CPU@45.5C thermal@44.8C AO@44.5C GPU@44.5C PMIC@50C
10-01-2026 11:22:22 RAM 3800/6833MB (lfb 22x4MB) SWAP 29/3417MB (cached 0MB) CPU [50%@1420,5%@1420,23%@1420,9%@1420,0%@1420,9%@1420] EMC_FREQ 0% GR3D_FREQ 0% AUX@44.5C CPU@45.5C thermal@44.8C AO@44.5C GPU@44.5C PMIC@50C
10-01-2026 11:22:22 RAM 3804/6833MB (lfb 20x4MB) SWAP 29/3417MB (cached 0MB) CPU [35%@1420,65%@1420,0%@1420,9%@1420,4%@1420,0%@1420] EMC_FREQ 0% GR3D_FREQ 0% AUX@45C CPU@45.5C thermal@44.8C AO@44.5C GPU@44.5C PMIC@50C
10-01-2026 11:22:22 RAM 3808/6833MB (lfb 15x4MB) SWAP 28/3417MB (cached 0MB) CPU [14%@1420,78%@1420,18%@1420,0%@1420,0%@1420,9%@1420] EMC_FREQ 0% GR3D_FREQ 0% AUX@44.5C CPU@45.5C thermal@44.8C AO@44.5C GPU@44.5C PMIC@50C
10-01-2026 11:22:23 RAM 3809/6833MB (lfb 15x4MB) SWAP 28/3417MB (cached 0MB) CPU [19%@1190,20%@1420,0%@1420,0%@1420,5%@1420,0%@1420] EMC_FREQ 0% GR3D_FREQ 0% AUX@44.5C CPU@45.5C thermal@44.8C AO@44.5C GPU@44.5C PMIC@50C
10-01-2026 11:22:23 RAM 3871/6833MB (lfb 3x4MB) SWAP 28/3417MB (cached 0MB) CPU [5%@1420,60%@1420,5%@1420,30%@1420,14%@1420,5%@1420] EMC_FREQ 0% GR3D_FREQ 0% AUX@45C CPU@45.5C thermal@44.8C AO@44.5C GPU@44.5C PMIC@50C
10-01-2026 11:22:23 RAM 3887/6833MB (lfb 3x4MB) SWAP 28/3417MB (cached 0MB) CPU [6%@1420,70%@1420,15%@1420,9%@1420,37%@1420,8%@1420] EMC_FREQ 0% GR3D_FREQ 0% AUX@44.5C CPU@45.5C thermal@44.8C AO@44.5C GPU@44.5C PMIC@50C
10-01-2026 11:22:23 RAM 3895/6833MB (lfb 3x4MB) SWAP 28/3417MB (cached 0MB) CPU [14%@1420,38%@1420,0%@1420,14%@1420,0%@1420,5%@1420] EMC_FREQ 0% GR3D_FREQ 0% AUX@44.5C CPU@45.5C thermal@44.8C AO@44.5C GPU@44.5C PMIC@50C
10-01-2026 11:22:23 RAM 3895/6833MB (lfb 3x4MB) SWAP 28/3417MB (cached 0MB) CPU [0%@1420,94%@1420,15%@1420,5%@1420,0%@1420,5%@1420] EMC_FREQ 0% GR3D_FREQ 0% AUX@44.5C CPU@45.5C thermal@44.8C AO@44.5C GPU@44.5C PMIC@50C
10-01-2026 11:22:24 RAM 3895/6833MB (lfb 3x4MB) SWAP 28/3417MB (cached 0MB) CPU [5%@1190,52%@1420,17%@1420,5%@1420,9%@1420,4%@1420] EMC_FREQ 0% GR3D_FREQ 0% AUX@44.5C CPU@45.5C thermal@44.8C AO@44.5C GPU@44.5C PMIC@50C
10-01-2026 11:22:24 RAM 3899/6833MB (lfb 3x4MB) SWAP 28/3417MB (cached 0MB) CPU [4%@1420,85%@1420,5%@1420,10%@1420,0%@1420,0%@1420] EMC_FREQ 0% GR3D_FREQ 0% AUX@44.5C CPU@45.5C thermal@44.8C AO@44.5C GPU@44C PMIC@50C
10-01-2026 11:22:24 RAM 3904/6833MB (lfb 3x4MB) SWAP 28/3417MB (cached 0MB) CPU [9%@1420,61%@1420,9%@1420,15%@1420,14%@1420,0%@1420] EMC_FREQ 0% GR3D_FREQ 0% AUX@44.5C CPU@45.5C thermal@44.8C AO@44.5C GPU@44.5C PMIC@50C
10-01-2026 11:22:24 RAM 3904/6833MB (lfb 3x4MB) SWAP 28/3417MB (cached 0MB) CPU [5%@1190,28%@1190,4%@1190,14%@1190,0%@1190,10%@1190] EMC_FREQ 0% GR3D_FREQ 0% AUX@44.5C CPU@45.5C thermal@44.8C AO@44.5C GPU@44C PMIC@50C
10-01-2026 11:22:24 RAM 3925/6833MB (lfb 1x4MB) SWAP 28/3417MB (cached 0MB) CPU [5%@1420,90%@1420,5%@1420,5%@1420,5%@1420,13%@1420] EMC_FREQ 0% GR3D_FREQ 0% AUX@44.5C CPU@45.5C thermal@44.8C AO@44.5C GPU@44.5C PMIC@50C
10-01-2026 11:22:25 RAM 3925/6833MB (lfb 1x4MB) SWAP 28/3417MB (cached 0MB) CPU [9%@1420,42%@1420,5%@1420,0%@1420,0%@1420,10%@1420] EMC_FREQ 0% GR3D_FREQ 0% AUX@44.5C CPU@45.5C thermal@44.65C AO@44.5C GPU@44.5C PMIC@50C
10-01-2026 11:22:25 RAM 3932/6833MB (lfb 1x4MB) SWAP 28/3417MB (cached 0MB) CPU [5%@1420,65%@1420,10%@1420,14%@1420,4%@1420,14%@1420] EMC_FREQ 0% GR3D_FREQ 5% AUX@44.5C CPU@45.5C thermal@44.65C AO@44.5C GPU@44.5C PMIC@50C
10-01-2026 11:22:25 RAM 3936/6833MB (lfb 1x4MB) SWAP 28/3417MB (cached 0MB) CPU [4%@1420,85%@1420,0%@1420,0%@1420,13%@1420,10%@1420] EMC_FREQ 0% GR3D_FREQ 15% AUX@44.5C CPU@45.5C thermal@44.65C AO@44.5C GPU@44C PMIC@50C
10-01-2026 11:22:25 RAM 3953/6833MB (lfb 1x4MB) SWAP 28/3417MB (cached 0MB) CPU [14%@1420,94%@1420,14%@1420,9%@1420,0%@1420,15%@1420] EMC_FREQ 0% GR3D_FREQ 0% AUX@44.5C CPU@45.5C thermal@44.65C AO@44.5C GPU@44C PMIC@50C
10-01-2026 11:22:25 RAM 3958/6833MB (lfb 1x4MB) SWAP 28/3417MB (cached 0MB) CPU [5%@1420,85%@1420,9%@1420,4%@1420,5%@1420,14%@1420] EMC_FREQ 0% GR3D_FREQ 8% AUX@44.5C CPU@45.5C thermal@44.65C AO@44.5C GPU@44.5C PMIC@50C
10-01-2026 11:22:26 RAM 3960/6833MB (lfb 1x4MB) SWAP 28/3417MB (cached 0MB) CPU [9%@1420,9%@1420,72%@1420,0%@1420,9%@1420,5%@1420] EMC_FREQ 0% GR3D_FREQ 0% AUX@44.5C CPU@45.5C thermal@44.65C AO@44.5C GPU@44.5C PMIC@50C
10-01-2026 11:22:26 RAM 3966/6833MB (lfb 1x4MB) SWAP 28/3417MB (cached 0MB) CPU [0%@1190,4%@1190,5%@1420,22%@1420,10%@1420,5%@1420] EMC_FREQ 0% GR3D_FREQ 0% AUX@44.5C CPU@45.5C thermal@44.65C AO@44.5C GPU@44C PMIC@50C
10-01-2026 11:22:26 RAM 3972/6833MB (lfb 1x4MB) SWAP 28/3417MB (cached 0MB) CPU [5%@1420,0%@1420,4%@1420,85%@1420,10%@1420,0%@1420] EMC_FREQ 0% GR3D_FREQ 0% AUX@44.5C CPU@45.5C thermal@44.65C AO@44.5C GPU@44C PMIC@50C
10-01-2026 11:22:26 RAM 3979/6833MB (lfb 1x4MB) SWAP 28/3417MB (cached 0MB) CPU [5%@1420,9%@1420,9%@1420,90%@1420,5%@1420,5%@1420] EMC_FREQ 0% GR3D_FREQ 0% AUX@44.5C CPU@45.5C thermal@44.65C AO@44.5C GPU@44C PMIC@50C
10-01-2026 11:22:27 RAM 3980/6833MB (lfb 1x4MB) SWAP 28/3417MB (cached 0MB) CPU [13%@1420,5%@1420,0%@1420,75%@1420,5%@1420,5%@1420] EMC_FREQ 0% GR3D_FREQ 0% AUX@44.5C CPU@45.5C thermal@44.65C AO@44.5C GPU@44.5C PMIC@50C
10-01-2026 11:22:27 RAM 3984/6833MB (lfb 1x4MB) SWAP 28/3417MB (cached 0MB) CPU [0%@1420,10%@1420,0%@1420,71%@1420,10%@1420,9%@1420] EMC_FREQ 0% GR3D_FREQ 0% AUX@44.5C CPU@45.5C thermal@44.65C AO@44.5C GPU@44C PMIC@50C
10-01-2026 11:22:27 RAM 4026/6833MB (lfb 1x2MB) SWAP 28/3417MB (cached 0MB) CPU [14%@1420,5%@1420,18%@1420,89%@1420,21%@1420,5%@1420] EMC_FREQ 0% GR3D_FREQ 0% AUX@44.5C CPU@45.5C thermal@44.8C AO@44.5C GPU@44C PMIC@50C
10-01-2026 11:22:27 RAM 4028/6833MB (lfb 1x2MB) SWAP 28/3417MB (cached 0MB) CPU [5%@1344,14%@1344,0%@1344,77%@1344,0%@1344,0%@1344] EMC_FREQ 0% GR3D_FREQ 0% AUX@44.5C CPU@45.5C thermal@44.8C AO@44.5C GPU@44C PMIC@50C
10-01-2026 11:22:27 RAM 4032/6833MB (lfb 1x2MB) SWAP 28/3417MB (cached 0MB) CPU [19%@1420,0%@1420,85%@1420,0%@1420,5%@1420,0%@1420] EMC_FREQ 0% GR3D_FREQ 0% AUX@44.5C CPU@45C thermal@44.8C AO@44.5C GPU@44C PMIC@50C
10-01-2026 11:22:28 RAM 4041/6833MB (lfb 1x2MB) SWAP 28/3417MB (cached 0MB) CPU [5%@1420,14%@1420,42%@1420,0%@1420,5%@1420,9%@1420] EMC_FREQ 0% GR3D_FREQ 99% AUX@44.5C CPU@45C thermal@44.8C AO@44C GPU@44C PMIC@50C
10-01-2026 11:22:28 RAM 4044/6833MB (lfb 1x2MB) SWAP 28/3417MB (cached 0MB) CPU [15%@1420,13%@1420,70%@1420,9%@1420,0%@1420,4%@1420] EMC_FREQ 0% GR3D_FREQ 0% AUX@44.5C CPU@45.5C thermal@44.8C AO@44.5C GPU@44C PMIC@50C
10-01-2026 11:22:28 RAM 4053/6833MB (lfb 1x2MB) SWAP 28/3417MB (cached 0MB) CPU [10%@1420,5%@1420,4%@1420,5%@1420,66%@1420,31%@1420] EMC_FREQ 0% GR3D_FREQ 0% AUX@44.5C CPU@45.5C thermal@44.65C AO@44.5C GPU@44C PMIC@50C
10-01-2026 11:22:28 RAM 4064/6833MB (lfb 1x2MB) SWAP 28/3417MB (cached 0MB) CPU [4%@1190,5%@1420,5%@1420,0%@1420,0%@1420,15%@1420] EMC_FREQ 0% GR3D_FREQ 0% AUX@44.5C CPU@45.5C thermal@44.65C AO@44.5C GPU@44C PMIC@50C
10-01-2026 11:22:28 RAM 4072/6833MB (lfb 1x2MB) SWAP 28/3417MB (cached 0MB) CPU [5%@1420,4%@1420,0%@1420,0%@1420,13%@1420,27%@1420] EMC_FREQ 0% GR3D_FREQ 0% AUX@44.5C CPU@45.5C thermal@44.65C AO@44C GPU@44.5C PMIC@50C
10-01-2026 11:22:29 RAM 4084/6833MB (lfb 1x2MB) SWAP 28/3417MB (cached 0MB) CPU [5%@1420,10%@1420,4%@1420,4%@1420,23%@1420,15%@1420] EMC_FREQ 0% GR3D_FREQ 0% AUX@44.5C CPU@45.5C thermal@44.65C AO@44C GPU@44C PMIC@50C
10-01-2026 11:22:29 RAM 4097/6833MB (lfb 3x2MB) SWAP 28/3417MB (cached 0MB) CPU [9%@1190,10%@1190,0%@1190,0%@1190,20%@1190,10%@1190] EMC_FREQ 0% GR3D_FREQ 0% AUX@44.5C CPU@45.5C thermal@44.65C AO@44.5C GPU@44C PMIC@50C
10-01-2026 11:22:29 RAM 4108/6833MB (lfb 1x2MB) SWAP 28/3417MB (cached 0MB) CPU [5%@1190,5%@1190,5%@1190,5%@1420,14%@1420,5%@1420] EMC_FREQ 0% GR3D_FREQ 0% AUX@44.5C CPU@45.5C thermal@44.65C AO@44.5C GPU@44C PMIC@50C
10-01-2026 11:22:29 RAM 4122/6833MB (lfb 2x2MB) SWAP 28/3417MB (cached 0MB) CPU [13%@1190,9%@1190,5%@1190,0%@1190,25%@1190,5%@1190] EMC_FREQ 0% GR3D_FREQ 0% AUX@44.5C CPU@45.5C thermal@44.8C AO@44.5C GPU@44C PMIC@50C
10-01-2026 11:22:29 RAM 4129/6833MB (lfb 3x2MB) SWAP 28/3417MB (cached 0MB) CPU [0%@1420,14%@1190,0%@1190,13%@1190,15%@1190,5%@1190] EMC_FREQ 0% GR3D_FREQ 0% AUX@44.5C CPU@45.5C thermal@44.8C AO@44.5C GPU@44C PMIC@50C
10-01-2026 11:22:30 RAM 4139/6833MB (lfb 22x2MB) SWAP 28/3417MB (cached 0MB) CPU [10%@1420,5%@1420,4%@1420,0%@1420,20%@1420,25%@1420] EMC_FREQ 0% GR3D_FREQ 0% AUX@44C CPU@45C thermal@44.8C AO@44.5C GPU@44C PMIC@50C
10-01-2026 11:22:30 RAM 4149/6833MB (lfb 18x2MB) SWAP 28/3417MB (cached 0MB) CPU [4%@1190,9%@1420,0%@1420,9%@1420,10%@1420,10%@1420] EMC_FREQ 0% GR3D_FREQ 0% AUX@44.5C CPU@45.5C thermal@44.8C AO@44C GPU@44C PMIC@50C
10-01-2026 11:22:30 RAM 4161/6833MB (lfb 14x2MB) SWAP 28/3417MB (cached 0MB) CPU [0%@1190,5%@1190,4%@1190,4%@1190,5%@1190,23%@1420] EMC_FREQ 0% GR3D_FREQ 0% AUX@44C CPU@45C thermal@44.8C AO@44C GPU@44C PMIC@50C
10-01-2026 11:22:30 RAM 4174/6833MB (lfb 9x2MB) SWAP 28/3417MB (cached 0MB) CPU [5%@1420,9%@1420,5%@1420,5%@1420,5%@1420,10%@1420] EMC_FREQ 0% GR3D_FREQ 0% AUX@44C CPU@45.5C thermal@44.3C AO@44.5C GPU@44C PMIC@50C
10-01-2026 11:22:30 RAM 4185/6833MB (lfb 5x2MB) SWAP 28/3417MB (cached 0MB) CPU [9%@1420,0%@1420,4%@1420,5%@1420,14%@1420,14%@1420] EMC_FREQ 0% GR3D_FREQ 0% AUX@44C CPU@45.5C thermal@44.3C AO@44.5C GPU@44C PMIC@50C
10-01-2026 11:22:31 RAM 4197/6833MB (lfb 1x2MB) SWAP 28/3417MB (cached 0MB) CPU [5%@1190,9%@1190,5%@1190,5%@1190,0%@1190,15%@1190] EMC_FREQ 0% GR3D_FREQ 0% AUX@44C CPU@45.5C thermal@44.3C AO@44C GPU@44C PMIC@50C
10-01-2026 11:22:31 RAM 4203/6833MB (lfb 1x2MB) SWAP 28/3417MB (cached 0MB) CPU [0%@1190,0%@1190,9%@1190,5%@1190,13%@1190,5%@1190] EMC_FREQ 0% GR3D_FREQ 0% AUX@44C CPU@45C thermal@44.3C AO@44C GPU@44C PMIC@50C
10-01-2026 11:22:31 RAM 4215/6833MB (lfb 1x2MB) SWAP 28/3417MB (cached 0MB) CPU [9%@1420,5%@1420,14%@1420,5%@1420,10%@1420,28%@1420] EMC_FREQ 0% GR3D_FREQ 0% AUX@44C CPU@45C thermal@44.3C AO@44C GPU@44C PMIC@50C
10-01-2026 11:22:31 RAM 4228/6833MB (lfb 14x2MB) SWAP 28/3417MB (cached 0MB) CPU [36%@1420,19%@1420,73%@1420,5%@1420,15%@1420,30%@1420] EMC_FREQ 0% GR3D_FREQ 0% AUX@44C CPU@45C thermal@44.3C AO@44C GPU@44C PMIC@50C
10-01-2026 11:22:31 RAM 4240/6833MB (lfb 10x2MB) SWAP 28/3417MB (cached 0MB) CPU [5%@1190,10%@1420,0%@1420,0%@1420,18%@1420,10%@1420] EMC_FREQ 0% GR3D_FREQ 0% AUX@44C CPU@45.5C thermal@44.45C AO@44C GPU@44C PMIC@50C
10-01-2026 11:22:32 RAM 4252/6833MB (lfb 5x2MB) SWAP 28/3417MB (cached 0MB) CPU [5%@1190,0%@1190,0%@1190,4%@1190,15%@1190,15%@1190] EMC_FREQ 0% GR3D_FREQ 0% AUX@44C CPU@45.5C thermal@44.45C AO@44.5C GPU@44C PMIC@50C
10-01-2026 11:22:32 RAM 4264/6833MB (lfb 1x2MB) SWAP 28/3417MB (cached 0MB) CPU [9%@1420,9%@1420,0%@1420,0%@1420,18%@1420,14%@1420] EMC_FREQ 0% GR3D_FREQ 0% AUX@44.5C CPU@45.5C thermal@44.45C AO@44C GPU@44C PMIC@50C
10-01-2026 11:22:32 RAM 4267/6833MB (lfb 1x2MB) SWAP 28/3417MB (cached 0MB) CPU [0%@1190,0%@1190,0%@1190,8%@1190,5%@1420,19%@1420] EMC_FREQ 0% GR3D_FREQ 0% AUX@44C CPU@45C thermal@44.45C AO@44.5C GPU@44C PMIC@50C
10-01-2026 11:22:32 RAM 4279/6833MB (lfb 1x2MB) SWAP 28/3417MB (cached 0MB) CPU [10%@1190,13%@1190,9%@1420,5%@1420,5%@1420,28%@1420] EMC_FREQ 0% GR3D_FREQ 0% AUX@44C CPU@45C thermal@44.45C AO@44.5C GPU@44C PMIC@50C
10-01-2026 11:22:32 RAM 4292/6833MB (lfb 1x2MB) SWAP 28/3417MB (cached 0MB) CPU [15%@1420,5%@1420,0%@1420,5%@1420,0%@1420,19%@1420] EMC_FREQ 0% GR3D_FREQ 0% AUX@44C CPU@45C thermal@44.3C AO@44.5C GPU@44C PMIC@50C
10-01-2026 11:22:33 RAM 4305/6833MB (lfb 1x2MB) SWAP 28/3417MB (cached 0MB) CPU [23%@1190,0%@1190,5%@1190,9%@1190,10%@1190,5%@1190] EMC_FREQ 0% GR3D_FREQ 0% AUX@44C CPU@45C thermal@44.3C AO@44C GPU@44C PMIC@50C
10-01-2026 11:22:33 RAM 4315/6833MB (lfb 1x2MB) SWAP 28/3417MB (cached 0MB) CPU [28%@1190,14%@1190,0%@1190,5%@1190,5%@1190,5%@1190] EMC_FREQ 0% GR3D_FREQ 0% AUX@44C CPU@45C thermal@44.3C AO@44C GPU@44C PMIC@50C
10-01-2026 11:22:33 RAM 4348/6833MB (lfb 1x2MB) SWAP 28/3417MB (cached 0MB) CPU [36%@1420,35%@1420,15%@1420,15%@1420,9%@1420,5%@1420] EMC_FREQ 0% GR3D_FREQ 0% AUX@44C CPU@45C thermal@44.3C AO@44.5C GPU@44C PMIC@50C
10-01-2026 11:22:33 RAM 4416/6833MB (lfb 1x2MB) SWAP 28/3417MB (cached 0MB) CPU [10%@1420,28%@1420,10%@1420,95%@1420,66%@1420,10%@1420] EMC_FREQ 0% GR3D_FREQ 0% AUX@44C CPU@45C thermal@44.3C AO@44.5C GPU@44C PMIC@50C
10-01-2026 11:22:33 RAM 4471/6833MB (lfb 1x2MB) SWAP 28/3417MB (cached 0MB) CPU [22%@1420,55%@1420,14%@1420,100%@1420,10%@1420,4%@1420] EMC_FREQ 0% GR3D_FREQ 0% AUX@44C CPU@45C thermal@44.3C AO@44C GPU@44C PMIC@50C
10-01-2026 11:22:34 RAM 4524/6833MB (lfb 1x2MB) SWAP 28/3417MB (cached 0MB) CPU [9%@1420,4%@1420,20%@1420,100%@1420,14%@1420,0%@1420] EMC_FREQ 0% GR3D_FREQ 0% AUX@44C CPU@45.5C thermal@44.45C AO@44C GPU@44C PMIC@50C
10-01-2026 11:22:34 RAM 4636/6833MB (lfb 1x2MB) SWAP 28/3417MB (cached 0MB) CPU [40%@1420,50%@1420,14%@1420,40%@1420,50%@1420,15%@1420] EMC_FREQ 0% GR3D_FREQ 0% AUX@44C CPU@45C thermal@44.45C AO@44C GPU@44C PMIC@50C
10-01-2026 11:22:34 RAM 4691/6833MB (lfb 1x2MB) SWAP 28/3417MB (cached 0MB) CPU [15%@1420,27%@1420,14%@1420,89%@1420,28%@1420,18%@1420] EMC_FREQ 0% GR3D_FREQ 0% AUX@44C CPU@45.5C thermal@44.45C AO@44C GPU@44C PMIC@50C
10-01-2026 11:22:34 RAM 4707/6833MB (lfb 1x2MB) SWAP 28/3417MB (cached 0MB) CPU [10%@1420,10%@1420,9%@1420,14%@1420,33%@1420,14%@1420] EMC_FREQ 0% GR3D_FREQ 99% AUX@44C CPU@45.5C thermal@44.45C AO@44C GPU@45.5C PMIC@50C
10-01-2026 11:22:34 RAM 4680/6833MB (lfb 12x2MB) SWAP 28/3417MB (cached 0MB) CPU [9%@1420,5%@1420,0%@1420,25%@1420,30%@1420,5%@1420] EMC_FREQ 0% GR3D_FREQ 0% AUX@44C CPU@45.5C thermal@44.45C AO@44.5C GPU@44.5C PMIC@50C
10-01-2026 11:22:35 RAM 4691/6833MB (lfb 8x2MB) SWAP 28/3417MB (cached 0MB) CPU [9%@1190,9%@1190,4%@1190,4%@1190,10%@1190,10%@1420] EMC_FREQ 0% GR3D_FREQ 0% AUX@44C CPU@45C thermal@44.6C AO@44.5C GPU@44.5C PMIC@50C
10-01-2026 11:22:35 RAM 4698/6833MB (lfb 6x2MB) SWAP 28/3417MB (cached 0MB) CPU [10%@1190,5%@1190,5%@1190,10%@1190,5%@1420,15%@1420] EMC_FREQ 0% GR3D_FREQ 0% AUX@44.5C CPU@45C thermal@44.6C AO@44.5C GPU@44C PMIC@50C
10-01-2026 11:22:35 RAM 4710/6833MB (lfb 2x2MB) SWAP 28/3417MB (cached 0MB) CPU [57%@1190,5%@1420,0%@1420,5%@1420,10%@1420,10%@1420] EMC_FREQ 0% GR3D_FREQ 0% AUX@44C CPU@45C thermal@44.6C AO@44C GPU@44C PMIC@50C
10-01-2026 11:22:35 RAM 4720/6833MB (lfb 1x2MB) SWAP 28/3417MB (cached 0MB) CPU [4%@1190,4%@1190,5%@1190,5%@1190,9%@1190,25%@1190] EMC_FREQ 0% GR3D_FREQ 0% AUX@44C CPU@45.5C thermal@44.6C AO@44C GPU@44.5C PMIC@50C
10-01-2026 11:22:35 RAM 4732/6833MB (lfb 1x2MB) SWAP 28/3417MB (cached 0MB) CPU [0%@1190,14%@1190,5%@1190,5%@1190,5%@1190,30%@1190] EMC_FREQ 0% GR3D_FREQ 0% AUX@44C CPU@45.5C thermal@44.6C AO@44.5C GPU@44.5C PMIC@50C
10-01-2026 11:22:36 RAM 4741/6833MB (lfb 1x2MB) SWAP 28/3417MB (cached 0MB) CPU [13%@1267,9%@1267,5%@1267,0%@1267,5%@1267,28%@1267] EMC_FREQ 0% GR3D_FREQ 0% AUX@44C CPU@45C thermal@44.6C AO@44C GPU@44C PMIC@50C
10-01-2026 11:22:36 RAM 4749/6833MB (lfb 1x2MB) SWAP 28/3417MB (cached 0MB) CPU [15%@1420,0%@1420,0%@1420,0%@1420,5%@1420,21%@1420] EMC_FREQ 0% GR3D_FREQ 0% AUX@44C CPU@45C thermal@44.45C AO@44C GPU@44C PMIC@50C
10-01-2026 11:22:36 RAM 4761/6833MB (lfb 1x2MB) SWAP 28/3417MB (cached 0MB) CPU [20%@1420,9%@1420,0%@1420,0%@1420,13%@1420,18%@1420] EMC_FREQ 0% GR3D_FREQ 0% AUX@44C CPU@45C thermal@44.45C AO@44C GPU@44C PMIC@50C
10-01-2026 11:22:36 RAM 4763/6833MB (lfb 7x1MB) SWAP 30/3417MB (cached 0MB) CPU [90%@1420,9%@1420,71%@1420,17%@1420,42%@1420,72%@1420] EMC_FREQ 0% GR3D_FREQ 0% AUX@44C CPU@45.5C thermal@44.45C AO@44.5C GPU@44C PMIC@50C
10-01-2026 11:22:37 RAM 4755/6833MB (lfb 1x2MB) SWAP 41/3417MB (cached 0MB) CPU [72%@1420,6%@1420,5%@1420,38%@1420,34%@1420,0%@1420] EMC_FREQ 0% GR3D_FREQ 0% AUX@44C CPU@45.5C thermal@44.45C AO@44C GPU@44.5C PMIC@50C
10-01-2026 11:22:37 RAM 4752/6833MB (lfb 2x2MB) SWAP 41/3417MB (cached 0MB) CPU [5%@1190,5%@1420,0%@1420,36%@1420,5%@1420,5%@1420] EMC_FREQ 0% GR3D_FREQ 0% AUX@44C CPU@45C thermal@44.45C AO@44C GPU@44.5C PMIC@50C
10-01-2026 11:22:37 RAM 4752/6833MB (lfb 2x2MB) SWAP 41/3417MB (cached 0MB) CPU [5%@1190,4%@1420,9%@1420,0%@1420,4%@1420,0%@1420] EMC_FREQ 0% GR3D_FREQ 0% AUX@44C CPU@45C thermal@44.45C AO@44.5C GPU@44.5C PMIC@50C
10-01-2026 11:22:37 RAM 4752/6833MB (lfb 2x2MB) SWAP 41/3417MB (cached 0MB) CPU [0%@1190,5%@1190,0%@1190,0%@1190,5%@1420,4%@1420] EMC_FREQ 0% GR3D_FREQ 0% AUX@44C CPU@45C thermal@44.45C AO@44C GPU@44C PMIC@50C
10-01-2026 11:22:37 RAM 4752/6833MB (lfb 2x2MB) SWAP 41/3417MB (cached 0MB) CPU [5%@1420,0%@1420,5%@1420,4%@1420,15%@1420,5%@1420] EMC_FREQ 0% GR3D_FREQ 0% AUX@44C CPU@45.5C thermal@44.45C AO@44C GPU@44C PMIC@50C
10-01-2026 11:22:38 RAM 4752/6833MB (lfb 2x2MB) SWAP 41/3417MB (cached 0MB) CPU [4%@1190,9%@1190,0%@1190,0%@1190,0%@1190,4%@1190] EMC_FREQ 0% GR3D_FREQ 0% AUX@44C CPU@45C thermal@44.45C AO@44.5C GPU@44C PMIC@50C
10-01-2026 11:22:38 RAM 4752/6833MB (lfb 2x2MB) SWAP 41/3417MB (cached 0MB) CPU [0%@1420,4%@1420,4%@1420,4%@1420,0%@1420,0%@1420] EMC_FREQ 0% GR3D_FREQ 0% AUX@44C CPU@45C thermal@44.45C AO@44C GPU@44C PMIC@50C
10-01-2026 11:22:38 RAM 4753/6833MB (lfb 2x2MB) SWAP 41/3417MB (cached 0MB) CPU [9%@1190,0%@1190,0%@1190,0%@1190,5%@1420,0%@1420] EMC_FREQ 0% GR3D_FREQ 0% AUX@44C CPU@45C thermal@44.3C AO@44C GPU@44C PMIC@50C
10-01-2026 11:22:38 RAM 4753/6833MB (lfb 2x2MB) SWAP 41/3417MB (cached 0MB) CPU [0%@1190,4%@1190,0%@1190,4%@1190,4%@1190,5%@1420] EMC_FREQ 0% GR3D_FREQ 0% AUX@44C CPU@45C thermal@44.3C AO@44C GPU@44C PMIC@50C
10-01-2026 11:22:38 RAM 4753/6833MB (lfb 2x2MB) SWAP 41/3417MB (cached 0MB) CPU [4%@1420,0%@1420,0%@1420,0%@1420,66%@1420,0%@1420] EMC_FREQ 0% GR3D_FREQ 0% AUX@44C CPU@45C thermal@44.3C AO@44C GPU@44C PMIC@50C
10-01-2026 11:22:39 RAM 4753/6833MB (lfb 2x2MB) SWAP 41/3417MB (cached 0MB) CPU [0%@1420,4%@1420,0%@1420,0%@1420,5%@1420,5%@1420] EMC_FREQ 0% GR3D_FREQ 0% AUX@44C CPU@45C thermal@44.3C AO@44C GPU@44C PMIC@50C
10-01-2026 11:22:39 RAM 4753/6833MB (lfb 2x2MB) SWAP 41/3417MB (cached 0MB) CPU [4%@1190,5%@1420,0%@1420,0%@1420,0%@1420,4%@1420] EMC_FREQ 0% GR3D_FREQ 0% AUX@44C CPU@45C thermal@44.3C AO@44C GPU@44C PMIC@50C
10-01-2026 11:22:39 RAM 4753/6833MB (lfb 2x2MB) SWAP 41/3417MB (cached 0MB) CPU [0%@1420,4%@1420,0%@1420,0%@1420,4%@1420,5%@1420] EMC_FREQ 0% GR3D_FREQ 0% AUX@44C CPU@45C thermal@44.3C AO@44C GPU@44C PMIC@50C
10-01-2026 11:22:39 RAM 4753/6833MB (lfb 2x2MB) SWAP 41/3417MB (cached 0MB) CPU [4%@1420,0%@1420,0%@1420,0%@1420,0%@1420,9%@1420] EMC_FREQ 0% GR3D_FREQ 0% AUX@44C CPU@45C thermal@44.3C AO@44C GPU@44C PMIC@50C
10-01-2026 11:22:39 RAM 4753/6833MB (lfb 2x2MB) SWAP 41/3417MB (cached 0MB) CPU [5%@1190,4%@1190,5%@1420,0%@1420,0%@1420,9%@1420] EMC_FREQ 0% GR3D_FREQ 0% AUX@44C CPU@45C thermal@44.3C AO@44C GPU@44C PMIC@50C
10-01-2026 11:22:40 RAM 4753/6833MB (lfb 2x2MB) SWAP 41/3417MB (cached 0MB) CPU [4%@1190,5%@1420,0%@1420,0%@1420,0%@1420,4%@1420] EMC_FREQ 0% GR3D_FREQ 0% AUX@44C CPU@45C thermal@44.3C AO@44C GPU@43.5C PMIC@50C
10-01-2026 11:22:40 RAM 4753/6833MB (lfb 2x2MB) SWAP 41/3417MB (cached 0MB) CPU [0%@1190,0%@1190,0%@1190,0%@1190,4%@1190,0%@1190] EMC_FREQ 0% GR3D_FREQ 0% AUX@44C CPU@45C thermal@44.3C AO@43.5C GPU@43.5C PMIC@50C
10-01-2026 11:22:40 RAM 4754/6833MB (lfb 2x2MB) SWAP 41/3417MB (cached 0MB) CPU [0%@1190,5%@1190,9%@1190,0%@1420,0%@1420,4%@1420] EMC_FREQ 0% GR3D_FREQ 0% AUX@44C CPU@45C thermal@44.3C AO@44C GPU@44C PMIC@50C
10-01-2026 11:22:40 RAM 4754/6833MB (lfb 2x2MB) SWAP 41/3417MB (cached 0MB) CPU [5%@1420,0%@1420,0%@1420,9%@1420,4%@1420,0%@1420] EMC_FREQ 0% GR3D_FREQ 0% AUX@44C CPU@45C thermal@44.3C AO@44C GPU@44C PMIC@50C
10-01-2026 11:22:41 RAM 4754/6833MB (lfb 2x2MB) SWAP 41/3417MB (cached 0MB) CPU [4%@1190,4%@1190,0%@1190,0%@1190,0%@1190,4%@1190] EMC_FREQ 0% GR3D_FREQ 0% AUX@44C CPU@44.5C thermal@44.3C AO@44C GPU@43.5C PMIC@50C
10-01-2026 11:22:41 RAM 4754/6833MB (lfb 2x2MB) SWAP 41/3417MB (cached 0MB) CPU [0%@1190,0%@1190,0%@1190,9%@1420,0%@1420,4%@1420] EMC_FREQ 0% GR3D_FREQ 0% AUX@44C CPU@44.5C thermal@44.3C AO@44C GPU@43.5C PMIC@50C
10-01-2026 11:22:41 RAM 4754/6833MB (lfb 2x2MB) SWAP 41/3417MB (cached 0MB) CPU [0%@1190,9%@1190,4%@1420,0%@1420,0%@1420,0%@1420] EMC_FREQ 0% GR3D_FREQ 0% AUX@44C CPU@44.5C thermal@44.3C AO@44C GPU@44C PMIC@50C
10-01-2026 11:22:41 RAM 4754/6833MB (lfb 2x2MB) SWAP 41/3417MB (cached 0MB) CPU [0%@1420,0%@1420,5%@1420,0%@1420,4%@1420,0%@1420] EMC_FREQ 0% GR3D_FREQ 0% AUX@44C CPU@45C thermal@44.3C AO@43.5C GPU@43.5C PMIC@50C
10-01-2026 11:22:41 RAM 4754/6833MB (lfb 2x2MB) SWAP 41/3417MB (cached 0MB) CPU [0%@1190,0%@1190,0%@1190,0%@1190,0%@1420,4%@1420] EMC_FREQ 0% GR3D_FREQ 0% AUX@44C CPU@44.5C thermal@44.3C AO@43.5C GPU@43.5C PMIC@50C
10-01-2026 11:22:42 RAM 4754/6833MB (lfb 2x2MB) SWAP 41/3417MB (cached 0MB) CPU [5%@1420,0%@1420,0%@1420,5%@1420,0%@1420,5%@1420] EMC_FREQ 0% GR3D_FREQ 0% AUX@43.5C CPU@44.5C thermal@43.8C AO@43.5C GPU@43.5C PMIC@50C
10-01-2026 11:22:42 RAM 4754/6833MB (lfb 2x2MB) SWAP 41/3417MB (cached 0MB) CPU [4%@1190,4%@1420,4%@1420,0%@1420,0%@1420,0%@1420] EMC_FREQ 0% GR3D_FREQ 0% AUX@43.5C CPU@45C thermal@43.8C AO@43.5C GPU@43.5C PMIC@50C
10-01-2026 11:22:42 RAM 4754/6833MB (lfb 2x2MB) SWAP 41/3417MB (cached 0MB) CPU [4%@1190,0%@1190,0%@1190,4%@1190,5%@1190,0%@1190] EMC_FREQ 0% GR3D_FREQ 0% AUX@44C CPU@44.5C thermal@43.8C AO@44C GPU@43.5C PMIC@50C
10-01-2026 11:22:42 RAM 4754/6833MB (lfb 2x2MB) SWAP 41/3417MB (cached 0MB) CPU [0%@1420,0%@1420,0%@1420,0%@1420,4%@1420,4%@1420] EMC_FREQ 0% GR3D_FREQ 0% AUX@43.5C CPU@45C thermal@43.8C AO@43.5C GPU@43.5C PMIC@50C
10-01-2026 11:22:42 RAM 4755/6833MB (lfb 2x2MB) SWAP 41/3417MB (cached 0MB) CPU [0%@1420,4%@1420,0%@1420,0%@1420,4%@1420,0%@1420] EMC_FREQ 0% GR3D_FREQ 0% AUX@43.5C CPU@45C thermal@43.8C AO@44C GPU@43.5C PMIC@50C
10-01-2026 11:22:43 RAM 4755/6833MB (lfb 2x2MB) SWAP 41/3417MB (cached 0MB) CPU [4%@1190,4%@1420,13%@1420,0%@1420,5%@1420,0%@1420] EMC_FREQ 0% GR3D_FREQ 0% AUX@44C CPU@44.5C thermal@44C AO@44C GPU@43.5C PMIC@50C
10-01-2026 11:22:43 RAM 4755/6833MB (lfb 2x2MB) SWAP 41/3417MB (cached 0MB) CPU [0%@1420,4%@1420,0%@1420,5%@1420,0%@1420,5%@1420] EMC_FREQ 0% GR3D_FREQ 0% AUX@43.5C CPU@44.5C thermal@44C AO@44C GPU@43.5C PMIC@50C
10-01-2026 11:22:43 RAM 4755/6833MB (lfb 2x2MB) SWAP 41/3417MB (cached 0MB) CPU [0%@1190,0%@1190,0%@1420,4%@1420,0%@1420,4%@1420] EMC_FREQ 0% GR3D_FREQ 0% AUX@43.5C CPU@44.5C thermal@44C AO@43.5C GPU@43.5C PMIC@50C
10-01-2026 11:22:43 RAM 4755/6833MB (lfb 2x2MB) SWAP 41/3417MB (cached 0MB) CPU [4%@1190,0%@1420,9%@1420,4%@1420,4%@1420,0%@1420] EMC_FREQ 0% GR3D_FREQ 0% AUX@43.5C CPU@44.5C thermal@44C AO@43.5C GPU@43.5C PMIC@50C
10-01-2026 11:22:43 RAM 4755/6833MB (lfb 2x2MB) SWAP 41/3417MB (cached 0MB) CPU [5%@1190,0%@1190,0%@1190,0%@1420,0%@1420,0%@1420] EMC_FREQ 0% GR3D_FREQ 0% AUX@43.5C CPU@44.5C thermal@44C AO@43.5C GPU@43.5C PMIC@50C
10-01-2026 11:22:44 RAM 4756/6833MB (lfb 2x2MB) SWAP 41/3417MB (cached 0MB) CPU [9%@1190,4%@1190,4%@1190,4%@1190,0%@1420,0%@1420] EMC_FREQ 0% GR3D_FREQ 0% AUX@43.5C CPU@44.5C thermal@44C AO@43.5C GPU@43.5C PMIC@50C
10-01-2026 11:22:44 RAM 4756/6833MB (lfb 2x2MB) SWAP 41/3417MB (cached 0MB) CPU [5%@1420,0%@1420,0%@1420,0%@1420,0%@1420,68%@1420] EMC_FREQ 0% GR3D_FREQ 0% AUX@43.5C CPU@44.5C thermal@43.8C AO@43.5C GPU@43.5C PMIC@50C
10-01-2026 11:22:44 RAM 4756/6833MB (lfb 2x2MB) SWAP 41/3417MB (cached 0MB) CPU [0%@1420,0%@1420,0%@1420,4%@1420,4%@1420,0%@1420] EMC_FREQ 0% GR3D_FREQ 0% AUX@43.5C CPU@44.5C thermal@43.8C AO@43.5C GPU@43.5C PMIC@50C
10-01-2026 11:22:44 RAM 4756/6833MB (lfb 2x2MB) SWAP 41/3417MB (cached 0MB) CPU [0%@1190,5%@1190,4%@1190,0%@1420,0%@1420,0%@1420] EMC_FREQ 0% GR3D_FREQ 0% AUX@43.5C CPU@44.5C thermal@43.8C AO@43.5C GPU@43.5C PMIC@50C
10-01-2026 11:22:44 RAM 4756/6833MB (lfb 2x2MB) SWAP 41/3417MB (cached 0MB) CPU [0%@1190,0%@1190,0%@1190,0%@1190,4%@1190,0%@1190] EMC_FREQ 0% GR3D_FREQ 0% AUX@43.5C CPU@44.5C thermal@43.8C AO@43.5C GPU@43.5C PMIC@50C
10-01-2026 11:22:45 RAM 4756/6833MB (lfb 2x2MB) SWAP 41/3417MB (cached 0MB) CPU [5%@1420,0%@1420,9%@1420,0%@1420,4%@1420,0%@1420] EMC_FREQ 0% GR3D_FREQ 0% AUX@43.5C CPU@44.5C thermal@43.8C AO@43.5C GPU@43.5C PMIC@50C
10-01-2026 11:22:45 RAM 4757/6833MB (lfb 2x2MB) SWAP 41/3417MB (cached 0MB) CPU [0%@1190,4%@1190,4%@1190,9%@1420,0%@1420,4%@1420] EMC_FREQ 0% GR3D_FREQ 0% AUX@43.5C CPU@44.5C thermal@43.8C AO@43.5C GPU@43.5C PMIC@50C
10-01-2026 11:22:45 RAM 4757/6833MB (lfb 2x2MB) SWAP 41/3417MB (cached 0MB) CPU [0%@1190,0%@1190,0%@1190,0%@1190,0%@1190,0%@1420] EMC_FREQ 0% GR3D_FREQ 0% AUX@43.5C CPU@44.5C thermal@43.8C AO@43.5C GPU@43.5C PMIC@50C
10-01-2026 11:22:45 RAM 4757/6833MB (lfb 2x2MB) SWAP 41/3417MB (cached 0MB) CPU [4%@1420,9%@1420,5%@1420,9%@1420,0%@1420,4%@1420] EMC_FREQ 0% GR3D_FREQ 0% AUX@43.5C CPU@44.5C thermal@43.8C AO@43.5C GPU@43.5C PMIC@50C
10-01-2026 11:22:45 RAM 4757/6833MB (lfb 2x2MB) SWAP 41/3417MB (cached 0MB) CPU [0%@1190,4%@1190,0%@1190,5%@1190,0%@1420,0%@1420] EMC_FREQ 0% GR3D_FREQ 0% AUX@43.5C CPU@44.5C thermal@43.8C AO@43.5C GPU@43.5C PMIC@50C
10-01-2026 11:22:46 RAM 4758/6833MB (lfb 2x2MB) SWAP 41/3417MB (cached 0MB) CPU [0%@1420,9%@1420,4%@1420,0%@1420,9%@1420,4%@1420] EMC_FREQ 0% GR3D_FREQ 0% AUX@43.5C CPU@44.5C thermal@43.8C AO@43.5C GPU@43.5C PMIC@50C
10-01-2026 11:22:46 RAM 4758/6833MB (lfb 2x2MB) SWAP 41/3417MB (cached 0MB) CPU [5%@1420,0%@1420,4%@1420,0%@1420,9%@1420,0%@1420] EMC_FREQ 0% GR3D_FREQ 0% AUX@43.5C CPU@44.5C thermal@43.8C AO@43.5C GPU@43.5C PMIC@50C
10-01-2026 11:22:46 RAM 4758/6833MB (lfb 2x2MB) SWAP 41/3417MB (cached 0MB) CPU [0%@1420,9%@1420,0%@1420,0%@1420,0%@1420,0%@1420] EMC_FREQ 0% GR3D_FREQ 0% AUX@43.5C CPU@44.5C thermal@43.8C AO@43.5C GPU@43C PMIC@50C
10-01-2026 11:22:46 RAM 4758/6833MB (lfb 2x2MB) SWAP 41/3417MB (cached 0MB) CPU [4%@1190,4%@1190,0%@1420,0%@1420,4%@1420,0%@1420] EMC_FREQ 0% GR3D_FREQ 0% AUX@43.5C CPU@44.5C thermal@43.8C AO@43.5C GPU@43.5C PMIC@50C
10-01-2026 11:22:46 RAM 4759/6833MB (lfb 2x2MB) SWAP 41/3417MB (cached 0MB) CPU [0%@1420,0%@1420,4%@1420,0%@1420,0%@1420,4%@1420] EMC_FREQ 0% GR3D_FREQ 0% AUX@44C CPU@44.5C thermal@43.8C AO@43.5C GPU@43.5C PMIC@50C
10-01-2026 11:22:47 RAM 4759/6833MB (lfb 2x2MB) SWAP 41/3417MB (cached 0MB) CPU [4%@1190,0%@1420,5%@1420,0%@1420,0%@1420,0%@1420] EMC_FREQ 0% GR3D_FREQ 0% AUX@43.5C CPU@44.5C thermal@43.8C AO@43.5C GPU@43.5C PMIC@50C
10-01-2026 11:22:47 RAM 4759/6833MB (lfb 2x2MB) SWAP 41/3417MB (cached 0MB) CPU [0%@1190,4%@1190,4%@1420,0%@1420,4%@1420,0%@1420] EMC_FREQ 0% GR3D_FREQ 0% AUX@43.5C CPU@44.5C thermal@43.8C AO@43.5C GPU@43.5C PMIC@50C
10-01-2026 11:22:47 RAM 4759/6833MB (lfb 2x2MB) SWAP 41/3417MB (cached 0MB) CPU [9%@1190,9%@1190,0%@1190,4%@1420,0%@1420,5%@1420] EMC_FREQ 0% GR3D_FREQ 0% AUX@43.5C CPU@44.5C thermal@43.8C AO@43.5C GPU@43.5C PMIC@50C
10-01-2026 11:22:47 RAM 4760/6833MB (lfb 2x2MB) SWAP 41/3417MB (cached 0MB) CPU [4%@1190,0%@1190,4%@1420,0%@1420,0%@1420,0%@1420] EMC_FREQ 0% GR3D_FREQ 0% AUX@43.5C CPU@44.5C thermal@43.8C AO@43.5C GPU@43.5C PMIC@50C
10-01-2026 11:22:47 RAM 4760/6833MB (lfb 2x2MB) SWAP 41/3417MB (cached 0MB) CPU [5%@1190,0%@1420,0%@1420,0%@1420,4%@1420,4%@1420] EMC_FREQ 0% GR3D_FREQ 0% AUX@43.5C CPU@44.5C thermal@43.8C AO@43.5C GPU@43.5C PMIC@50C
10-01-2026 11:22:48 RAM 4760/6833MB (lfb 2x2MB) SWAP 41/3417MB (cached 0MB) CPU [0%@1420,4%@1420,0%@1420,5%@1420,4%@1420,0%@1420] EMC_FREQ 0% GR3D_FREQ 0% AUX@43.5C CPU@44.5C thermal@43.8C AO@43.5C GPU@43.5C PMIC@50C
10-01-2026 11:22:48 RAM 4760/6833MB (lfb 2x2MB) SWAP 41/3417MB (cached 0MB) CPU [0%@1420,5%@1420,0%@1420,8%@1420,0%@1420,5%@1420] EMC_FREQ 0% GR3D_FREQ 0% AUX@43.5C CPU@44.5C thermal@43.8C AO@43.5C GPU@43.5C PMIC@50C
10-01-2026 11:22:48 RAM 4760/6833MB (lfb 2x2MB) SWAP 41/3417MB (cached 0MB) CPU [5%@1190,4%@1190,9%@1420,0%@1420,0%@1420,4%@1420] EMC_FREQ 0% GR3D_FREQ 0% AUX@43.5C CPU@44.5C thermal@43.8C AO@43.5C GPU@43C PMIC@50C
10-01-2026 11:22:48 RAM 4760/6833MB (lfb 2x2MB) SWAP 41/3417MB (cached 0MB) CPU [0%@1420,9%@1420,4%@1420,0%@1420,0%@1420,0%@1420] EMC_FREQ 0% GR3D_FREQ 0% AUX@43.5C CPU@44.5C thermal@43.8C AO@43.5C GPU@43C PMIC@50C
10-01-2026 11:22:48 RAM 4761/6833MB (lfb 2x2MB) SWAP 41/3417MB (cached 0MB) CPU [4%@1190,0%@1190,0%@1190,4%@1190,4%@1420,5%@1420] EMC_FREQ 0% GR3D_FREQ 0% AUX@43.5C CPU@44.5C thermal@43.8C AO@43.5C GPU@43.5C PMIC@50C
10-01-2026 11:22:49 RAM 4761/6833MB (lfb 2x2MB) SWAP 41/3417MB (cached 0MB) CPU [4%@1190,4%@1190,0%@1420,0%@1420,0%@1420,4%@1420] EMC_FREQ 0% GR3D_FREQ 0% AUX@43.5C CPU@44.5C thermal@43.8C AO@43.5C GPU@43.5C PMIC@50C
10-01-2026 11:22:49 RAM 4761/6833MB (lfb 2x2MB) SWAP 41/3417MB (cached 0MB) CPU [0%@1420,4%@1420,0%@1420,0%@1420,0%@1420,5%@1420] EMC_FREQ 0% GR3D_FREQ 0% AUX@43.5C CPU@44.5C thermal@43.8C AO@43.5C GPU@43C PMIC@50C
10-01-2026 11:22:49 RAM 4761/6833MB (lfb 2x2MB) SWAP 41/3417MB (cached 0MB) CPU [5%@1190,65%@1190,4%@1190,0%@1190,4%@1190,0%@1190] EMC_FREQ 0% GR3D_FREQ 0% AUX@43.5C CPU@44.5C thermal@43.8C AO@43.5C GPU@43C PMIC@50C
10-01-2026 11:22:49 RAM 4762/6833MB (lfb 2x2MB) SWAP 41/3417MB (cached 0MB) CPU [4%@1420,0%@1420,4%@1420,4%@1420,0%@1420,9%@1420] EMC_FREQ 0% GR3D_FREQ 0% AUX@43C CPU@44.5C thermal@43.8C AO@43.5C GPU@43C PMIC@50C
10-01-2026 11:22:49 RAM 4762/6833MB (lfb 2x2MB) SWAP 41/3417MB (cached 0MB) CPU [5%@1190,0%@1190,0%@1190,0%@1190,0%@1420,4%@1420] EMC_FREQ 0% GR3D_FREQ 0% AUX@43.5C CPU@44.5C thermal@43.8C AO@43.5C GPU@43.5C PMIC@50C
10-01-2026 11:22:50 RAM 4762/6833MB (lfb 2x2MB) SWAP 41/3417MB (cached 0MB) CPU [0%@1190,0%@1190,4%@1190,4%@1420,4%@1420,0%@1420] EMC_FREQ 0% GR3D_FREQ 0% AUX@43.5C CPU@44.5C thermal@43.8C AO@43.5C GPU@43C PMIC@50C
10-01-2026 11:22:50 RAM 4762/6833MB (lfb 2x2MB) SWAP 41/3417MB (cached 0MB) CPU [0%@1420,4%@1420,0%@1420,4%@1420,0%@1420,0%@1420] EMC_FREQ 0% GR3D_FREQ 0% AUX@43C CPU@44.5C thermal@43.8C AO@43.5C GPU@43C PMIC@50C
10-01-2026 11:22:50 RAM 4763/6833MB (lfb 2x2MB) SWAP 41/3417MB (cached 0MB) CPU [9%@1190,0%@1420,4%@1420,0%@1420,4%@1420,0%@1420] EMC_FREQ 0% GR3D_FREQ 0% AUX@43.5C CPU@44.5C thermal@43.8C AO@43C GPU@43C PMIC@50C
10-01-2026 11:22:50 RAM 4763/6833MB (lfb 2x2MB) SWAP 41/3417MB (cached 0MB) CPU [0%@1420,4%@1420,0%@1420,5%@1420,4%@1420,0%@1420] EMC_FREQ 0% GR3D_FREQ 0% AUX@43C CPU@44.5C thermal@43.8C AO@43.5C GPU@43C PMIC@50C
10-01-2026 11:22:50 RAM 4764/6833MB (lfb 2x2MB) SWAP 41/3417MB (cached 0MB) CPU [4%@1190,0%@1190,0%@1190,4%@1420,0%@1420,0%@1420] EMC_FREQ 0% GR3D_FREQ 0% AUX@43C CPU@44.5C thermal@43.45C AO@43C GPU@43C PMIC@50C
10-01-2026 11:22:51 RAM 4764/6833MB (lfb 2x2MB) SWAP 41/3417MB (cached 0MB) CPU [0%@1190,0%@1190,0%@1190,9%@1190,0%@1190,4%@1420] EMC_FREQ 0% GR3D_FREQ 0% AUX@43C CPU@44.5C thermal@43.45C AO@43.5C GPU@43C PMIC@50C
10-01-2026 11:22:51 RAM 4764/6833MB (lfb 2x2MB) SWAP 41/3417MB (cached 0MB) CPU [0%@1420,5%@1420,5%@1420,0%@1420,4%@1420,0%@1420] EMC_FREQ 0% GR3D_FREQ 0% AUX@43.5C CPU@44.5C thermal@43.45C AO@43.5C GPU@43C PMIC@50C
10-01-2026 11:22:51 RAM 4764/6833MB (lfb 2x2MB) SWAP 41/3417MB (cached 0MB) CPU [0%@1190,9%@1420,0%@1420,4%@1420,0%@1420,4%@1420] EMC_FREQ 0% GR3D_FREQ 0% AUX@43C CPU@44C thermal@43.45C AO@43C GPU@43.5C PMIC@50C
10-01-2026 11:22:51 RAM 4764/6833MB (lfb 2x2MB) SWAP 41/3417MB (cached 0MB) CPU [0%@1420,5%@1420,0%@1420,0%@1420,4%@1420,5%@1420] EMC_FREQ 0% GR3D_FREQ 0% AUX@43C CPU@44C thermal@43.45C AO@43.5C GPU@43C PMIC@50C
10-01-2026 11:22:52 RAM 4765/6833MB (lfb 2x2MB) SWAP 41/3417MB (cached 0MB) CPU [0%@1420,0%@1420,9%@1420,0%@1420,0%@1420,0%@1420] EMC_FREQ 0% GR3D_FREQ 0% AUX@43C CPU@44C thermal@43.65C AO@43C GPU@43C PMIC@50C
10-01-2026 11:22:52 RAM 4765/6833MB (lfb 2x2MB) SWAP 41/3417MB (cached 0MB) CPU [0%@1420,4%@1420,5%@1420,5%@1420,4%@1420,4%@1420] EMC_FREQ 0% GR3D_FREQ 0% AUX@43C CPU@44.5C thermal@43.65C AO@43C GPU@43C PMIC@50C
10-01-2026 11:22:52 RAM 4766/6833MB (lfb 2x2MB) SWAP 41/3417MB (cached 0MB) CPU [0%@1420,0%@1420,4%@1420,4%@1420,4%@1420,0%@1420] EMC_FREQ 0% GR3D_FREQ 0% AUX@43C CPU@44C thermal@43.65C AO@43C GPU@43C PMIC@50C
10-01-2026 11:22:52 RAM 4766/6833MB (lfb 2x2MB) SWAP 41/3417MB (cached 0MB) CPU [4%@1190,0%@1190,0%@1190,5%@1190,4%@1190,5%@1190] EMC_FREQ 0% GR3D_FREQ 0% AUX@43C CPU@44.5C thermal@43.65C AO@43.5C GPU@43.5C PMIC@50C
10-01-2026 11:22:52 RAM 4766/6833MB (lfb 2x2MB) SWAP 41/3417MB (cached 0MB) CPU [4%@1190,0%@1190,0%@1190,0%@1190,0%@1190,0%@1190] EMC_FREQ 0% GR3D_FREQ 0% AUX@43C CPU@44.5C thermal@43.65C AO@43C GPU@43C PMIC@50C
10-01-2026 11:22:53 RAM 4767/6833MB (lfb 2x2MB) SWAP 41/3417MB (cached 0MB) CPU [0%@1190,9%@1190,0%@1190,0%@1420,0%@1420,0%@1420] EMC_FREQ 0% GR3D_FREQ 0% AUX@43C CPU@44C thermal@43.65C AO@43.5C GPU@43C PMIC@50C
10-01-2026 11:22:53 RAM 4767/6833MB (lfb 2x2MB) SWAP 41/3417MB (cached 0MB) CPU [0%@1190,0%@1420,4%@1420,13%@1420,0%@1420,0%@1420] EMC_FREQ 0% GR3D_FREQ 0% AUX@43C CPU@44C thermal@43.3C AO@43.5C GPU@43C PMIC@50C
10-01-2026 11:22:53 RAM 4767/6833MB (lfb 2x2MB) SWAP 41/3417MB (cached 0MB) CPU [0%@1190,4%@1190,0%@1190,9%@1420,4%@1420,4%@1420] EMC_FREQ 0% GR3D_FREQ 0% AUX@43C CPU@44C thermal@43.3C AO@43C GPU@43C PMIC@50C
10-01-2026 11:22:53 RAM 4768/6833MB (lfb 2x2MB) SWAP 41/3417MB (cached 0MB) CPU [0%@1420,4%@1420,4%@1420,5%@1420,0%@1420,0%@1420] EMC_FREQ 0% GR3D_FREQ 0% AUX@43.5C CPU@44.5C thermal@43.3C AO@43C GPU@43.5C PMIC@50C
10-01-2026 11:22:53 RAM 4768/6833MB (lfb 2x2MB) SWAP 41/3417MB (cached 0MB) CPU [0%@1190,5%@1190,0%@1190,0%@1190,0%@1190,4%@1190] EMC_FREQ 0% GR3D_FREQ 0% AUX@43.5C CPU@44C thermal@43.3C AO@43.5C GPU@43C PMIC@50C
10-01-2026 11:22:54 RAM 4768/6833MB (lfb 2x2MB) SWAP 41/3417MB (cached 0MB) CPU [4%@1190,0%@1190,0%@1190,4%@1190,9%@1420,4%@1420] EMC_FREQ 0% GR3D_FREQ 0% AUX@43C CPU@44C thermal@43.3C AO@43C GPU@43C PMIC@50C
10-01-2026 11:22:54 RAM 4769/6833MB (lfb 2x2MB) SWAP 41/3417MB (cached 0MB) CPU [4%@1420,4%@1420,9%@1420,0%@1420,0%@1420,0%@1420] EMC_FREQ 0% GR3D_FREQ 0% AUX@43C CPU@44C thermal@43.3C AO@43C GPU@43C PMIC@50C
10-01-2026 11:22:54 RAM 4769/6833MB (lfb 2x2MB) SWAP 41/3417MB (cached 0MB) CPU [5%@1420,0%@1420,4%@1420,0%@1420,0%@1420,0%@1420] EMC_FREQ 0% GR3D_FREQ 0% AUX@43C CPU@44C thermal@43.3C AO@43C GPU@43C PMIC@50C
10-01-2026 11:22:54 RAM 4771/6833MB (lfb 2x2MB) SWAP 41/3417MB (cached 0MB) CPU [0%@1190,4%@1190,5%@1190,9%@1190,9%@1190,0%@1190] EMC_FREQ 0% GR3D_FREQ 0% AUX@43.5C CPU@44C thermal@43.3C AO@43.5C GPU@43C PMIC@50C
10-01-2026 11:22:54 RAM 4771/6833MB (lfb 4x2MB) SWAP 41/3417MB (cached 0MB) CPU [63%@1190,0%@1420,0%@1420,5%@1420,4%@1420,9%@1420] EMC_FREQ 0% GR3D_FREQ 0% AUX@43C CPU@44C thermal@43.3C AO@43C GPU@43C PMIC@50C
10-01-2026 11:22:55 RAM 4771/6833MB (lfb 4x2MB) SWAP 41/3417MB (cached 0MB) CPU [0%@1190,0%@1190,9%@1190,0%@1190,4%@1190,0%@1190] EMC_FREQ 0% GR3D_FREQ 0% AUX@43C CPU@44C thermal@43.3C AO@43.5C GPU@43.5C PMIC@50C
10-01-2026 11:22:55 RAM 4771/6833MB (lfb 4x2MB) SWAP 41/3417MB (cached 0MB) CPU [0%@1190,0%@1420,0%@1420,0%@1420,0%@1420,0%@1420] EMC_FREQ 0% GR3D_FREQ 0% AUX@43C CPU@44C thermal@43.3C AO@43C GPU@43C PMIC@50C
10-01-2026 11:22:55 RAM 4772/6833MB (lfb 4x2MB) SWAP 41/3417MB (cached 0MB) CPU [4%@1190,4%@1190,5%@1190,0%@1420,4%@1420,0%@1420] EMC_FREQ 0% GR3D_FREQ 0% AUX@43C CPU@44C thermal@43.3C AO@43.5C GPU@43C PMIC@50C
10-01-2026 11:22:55 RAM 4772/6833MB (lfb 4x2MB) SWAP 41/3417MB (cached 0MB) CPU [0%@1190,0%@1190,5%@1190,9%@1420,0%@1420,4%@1420] EMC_FREQ 0% GR3D_FREQ 0% AUX@43C CPU@44C thermal@43.3C AO@43C GPU@43C PMIC@50C
10-01-2026 11:22:55 RAM 4772/6833MB (lfb 4x2MB) SWAP 41/3417MB (cached 0MB) CPU [0%@1190,0%@1190,0%@1190,4%@1190,0%@1420,0%@1420] EMC_FREQ 0% GR3D_FREQ 0% AUX@43C CPU@44C thermal@43.3C AO@43C GPU@43C PMIC@50C
10-01-2026 11:22:56 RAM 4772/6833MB (lfb 4x2MB) SWAP 41/3417MB (cached 0MB) CPU [0%@1420,0%@1420,5%@1420,70%@1420,4%@1420,4%@1420] EMC_FREQ 0% GR3D_FREQ 0% AUX@43C CPU@44C thermal@43.3C AO@43C GPU@43C PMIC@50C
10-01-2026 11:22:56 RAM 4772/6833MB (lfb 4x2MB) SWAP 41/3417MB (cached 0MB) CPU [4%@1190,5%@1190,0%@1190,4%@1190,0%@1190,0%@1190] EMC_FREQ 0% GR3D_FREQ 0% AUX@43C CPU@44C thermal@43.3C AO@43C GPU@43C PMIC@50C
10-01-2026 11:22:56 RAM 4772/6833MB (lfb 4x2MB) SWAP 41/3417MB (cached 0MB) CPU [4%@1190,0%@1190,4%@1190,0%@1420,0%@1420,9%@1420] EMC_FREQ 0% GR3D_FREQ 0% AUX@43C CPU@44C thermal@43.3C AO@43C GPU@43C PMIC@50C
10-01-2026 11:22:56 RAM 4773/6833MB (lfb 4x2MB) SWAP 41/3417MB (cached 0MB) CPU [5%@1420,5%@1420,4%@1420,66%@1420,0%@1420,0%@1420] EMC_FREQ 0% GR3D_FREQ 0% AUX@43C CPU@44C thermal@43.3C AO@43C GPU@43C PMIC@50C
10-01-2026 11:22:56 RAM 4773/6833MB (lfb 4x2MB) SWAP 41/3417MB (cached 0MB) CPU [4%@1190,0%@1190,0%@1190,0%@1190,4%@1190,0%@1190] EMC_FREQ 0% GR3D_FREQ 0% AUX@43C CPU@44C thermal@43.3C AO@43C GPU@43C PMIC@50C
10-01-2026 11:22:57 RAM 4773/6833MB (lfb 4x2MB) SWAP 41/3417MB (cached 0MB) CPU [0%@1190,4%@1190,0%@1190,0%@1420,4%@1420,9%@1420] EMC_FREQ 0% GR3D_FREQ 0% AUX@43C CPU@44C thermal@43.3C AO@43C GPU@43C PMIC@50C
10-01-2026 11:22:57 RAM 4773/6833MB (lfb 4x2MB) SWAP 41/3417MB (cached 0MB) CPU [4%@1420,4%@1420,0%@1420,0%@1420,0%@1420,4%@1420] EMC_FREQ 0% GR3D_FREQ 0% AUX@43.5C CPU@44C thermal@43.3C AO@43C GPU@43C PMIC@50C
10-01-2026 11:22:57 RAM 4774/6833MB (lfb 4x2MB) SWAP 41/3417MB (cached 0MB) CPU [4%@1190,5%@1190,0%@1190,4%@1190,0%@1190,0%@1190] EMC_FREQ 0% GR3D_FREQ 0% AUX@43C CPU@44C thermal@43.3C AO@43C GPU@43C PMIC@50C
10-01-2026 11:22:57 RAM 4774/6833MB (lfb 4x2MB) SWAP 41/3417MB (cached 0MB) CPU [0%@1420,5%@1420,0%@1420,0%@1420,0%@1420,0%@1420] EMC_FREQ 0% GR3D_FREQ 0% AUX@43C CPU@44C thermal@43.3C AO@43C GPU@43C PMIC@50C
10-01-2026 11:22:57 RAM 4774/6833MB (lfb 4x2MB) SWAP 41/3417MB (cached 0MB) CPU [0%@1190,0%@1420,0%@1420,0%@1420,4%@1420,4%@1420] EMC_FREQ 0% GR3D_FREQ 0% AUX@43C CPU@44C thermal@43.3C AO@43C GPU@43C PMIC@50C
10-01-2026 11:22:58 RAM 4775/6833MB (lfb 4x2MB) SWAP 41/3417MB (cached 0MB) CPU [5%@1190,4%@1420,0%@1420,0%@1420,0%@1420,0%@1420] EMC_FREQ 0% GR3D_FREQ 0% AUX@43C CPU@44C thermal@43.3C AO@43C GPU@43C PMIC@50C
10-01-2026 11:22:58 RAM 4775/6833MB (lfb 4x2MB) SWAP 41/3417MB (cached 0MB) CPU [0%@1190,0%@1420,0%@1420,9%@1420,5%@1420,4%@1420] EMC_FREQ 0% GR3D_FREQ 0% AUX@43C CPU@44C thermal@43.3C AO@43C GPU@42.5C PMIC@50C
10-01-2026 11:22:58 RAM 4776/6833MB (lfb 4x2MB) SWAP 41/3417MB (cached 0MB) CPU [4%@1190,9%@1190,0%@1190,9%@1420,0%@1420,5%@1420] EMC_FREQ 0% GR3D_FREQ 0% AUX@43C CPU@44C thermal@43.3C AO@43C GPU@43C PMIC@50C
10-01-2026 11:22:58 RAM 4776/6833MB (lfb 4x2MB) SWAP 41/3417MB (cached 0MB) CPU [0%@1190,0%@1190,4%@1190,0%@1190,5%@1190,5%@1190] EMC_FREQ 0% GR3D_FREQ 0% AUX@43C CPU@44C thermal@43.3C AO@43C GPU@43C PMIC@50C
10-01-2026 11:22:58 RAM 4776/6833MB (lfb 4x2MB) SWAP 41/3417MB (cached 0MB) CPU [0%@1420,0%@1420,9%@1420,4%@1420,0%@1420,4%@1420] EMC_FREQ 0% GR3D_FREQ 0% AUX@43C CPU@44C thermal@43.3C AO@43C GPU@43C PMIC@50C
10-01-2026 11:22:59 RAM 4776/6833MB (lfb 4x2MB) SWAP 41/3417MB (cached 0MB) CPU [0%@1190,0%@1190,0%@1190,4%@1420,4%@1420,0%@1420] EMC_FREQ 0% GR3D_FREQ 0% AUX@43C CPU@44C thermal@43.3C AO@43C GPU@43C PMIC@50C
10-01-2026 11:22:59 RAM 4777/6833MB (lfb 4x2MB) SWAP 41/3417MB (cached 0MB) CPU [4%@1190,0%@1420,5%@1420,0%@1420,0%@1420,4%@1420] EMC_FREQ 0% GR3D_FREQ 0% AUX@43C CPU@44C thermal@43.3C AO@43C GPU@43C PMIC@50C
10-01-2026 11:22:59 RAM 4778/6833MB (lfb 4x2MB) SWAP 41/3417MB (cached 0MB) CPU [0%@1190,4%@1420,0%@1420,9%@1420,4%@1420,5%@1420] EMC_FREQ 0% GR3D_FREQ 0% AUX@43C CPU@44C thermal@43.3C AO@43C GPU@43C PMIC@50C
10-01-2026 11:22:59 RAM 4778/6833MB (lfb 4x2MB) SWAP 41/3417MB (cached 0MB) CPU [0%@1420,0%@1420,0%@1420,5%@1420,5%@1420,4%@1420] EMC_FREQ 0% GR3D_FREQ 0% AUX@43C CPU@44C thermal@43.3C AO@42.5C GPU@43C PMIC@50C
10-01-2026 11:22:59 RAM 4778/6833MB (lfb 4x2MB) SWAP 41/3417MB (cached 0MB) CPU [68%@1190,4%@1190,5%@1190,5%@1190,4%@1190,0%@1190] EMC_FREQ 0% GR3D_FREQ 0% AUX@43C CPU@44C thermal@43.15C AO@43C GPU@43C PMIC@50C
10-01-2026 11:23:00 RAM 4778/6833MB (lfb 4x2MB) SWAP 41/3417MB (cached 0MB) CPU [4%@1190,4%@1420,9%@1420,5%@1420,0%@1420,0%@1420] EMC_FREQ 0% GR3D_FREQ 0% AUX@43C CPU@44C thermal@43.15C AO@43C GPU@43C PMIC@50C
10-01-2026 11:23:00 RAM 4779/6833MB (lfb 4x2MB) SWAP 41/3417MB (cached 0MB) CPU [4%@1190,0%@1190,9%@1190,4%@1420,4%@1420,0%@1420] EMC_FREQ 0% GR3D_FREQ 0% AUX@43C CPU@44C thermal@43.15C AO@43C GPU@43C PMIC@50C
10-01-2026 11:23:00 RAM 4779/6833MB (lfb 4x2MB) SWAP 41/3417MB (cached 0MB) CPU [4%@1190,0%@1190,0%@1190,5%@1190,0%@1190,0%@1420] EMC_FREQ 0% GR3D_FREQ 0% AUX@43C CPU@44C thermal@43.15C AO@43C GPU@42.5C PMIC@50C
10-01-2026 11:23:00 RAM 4779/6833MB (lfb 4x2MB) SWAP 41/3417MB (cached 0MB) CPU [0%@1190,0%@1190,0%@1190,4%@1190,0%@1190,5%@1190] EMC_FREQ 0% GR3D_FREQ 0% AUX@43C CPU@44C thermal@43.15C AO@43C GPU@42.5C PMIC@50C
10-01-2026 11:23:00 RAM 4780/6833MB (lfb 4x2MB) SWAP 41/3417MB (cached 0MB) CPU [0%@1190,4%@1190,0%@1190,0%@1190,4%@1190,4%@1190] EMC_FREQ 0% GR3D_FREQ 0% AUX@43C CPU@43.5C thermal@43.15C AO@43C GPU@42.5C PMIC@50C
10-01-2026 11:23:01 RAM 4780/6833MB (lfb 4x2MB) SWAP 41/3417MB (cached 0MB) CPU [0%@1190,0%@1190,9%@1190,9%@1190,0%@1190,4%@1190] EMC_FREQ 0% GR3D_FREQ 0% AUX@43C CPU@43.5C thermal@43.15C AO@43C GPU@42.5C PMIC@50C
10-01-2026 11:23:01 RAM 4780/6833MB (lfb 4x2MB) SWAP 41/3417MB (cached 0MB) CPU [0%@1420,0%@1420,0%@1420,0%@1420,4%@1420,0%@1420] EMC_FREQ 0% GR3D_FREQ 0% AUX@43C CPU@44C thermal@43.15C AO@43C GPU@42.5C PMIC@50C
10-01-2026 11:23:01 RAM 4781/6833MB (lfb 4x2MB) SWAP 41/3417MB (cached 0MB) CPU [4%@1190,9%@1420,5%@1420,0%@1420,0%@1420,4%@1420] EMC_FREQ 0% GR3D_FREQ 0% AUX@43C CPU@44C thermal@43.15C AO@42.5C GPU@42.5C PMIC@50C
10-01-2026 11:23:01 RAM 4781/6833MB (lfb 4x2MB) SWAP 41/3417MB (cached 0MB) CPU [0%@1190,0%@1190,0%@1190,0%@1190,0%@1420,5%@1420] EMC_FREQ 0% GR3D_FREQ 0% AUX@43C CPU@44C thermal@43.15C AO@43C GPU@43C PMIC@50C
10-01-2026 11:23:01 RAM 4782/6833MB (lfb 4x2MB) SWAP 41/3417MB (cached 0MB) CPU [0%@1420,0%@1420,0%@1420,5%@1420,0%@1420,4%@1420] EMC_FREQ 0% GR3D_FREQ 0% AUX@43C CPU@44C thermal@43.15C AO@43C GPU@42.5C PMIC@50C
10-01-2026 11:23:02 RAM 4782/6833MB (lfb 4x2MB) SWAP 41/3417MB (cached 0MB) CPU [0%@1420,0%@1420,0%@1420,9%@1420,4%@1420,0%@1420] EMC_FREQ 0% GR3D_FREQ 0% AUX@43C CPU@43.5C thermal@43.15C AO@43C GPU@42.5C PMIC@50C
10-01-2026 11:23:02 RAM 4783/6833MB (lfb 4x2MB) SWAP 41/3417MB (cached 0MB) CPU [13%@1420,0%@1190,0%@1190,0%@1190,0%@1190,4%@1190] EMC_FREQ 0% GR3D_FREQ 0% AUX@43C CPU@44C thermal@43.15C AO@42.5C GPU@43C PMIC@50C
10-01-2026 11:23:02 RAM 4783/6833MB (lfb 4x2MB) SWAP 41/3417MB (cached 0MB) CPU [4%@1420,0%@1420,0%@1420,9%@1420,0%@1420,0%@1420] EMC_FREQ 0% GR3D_FREQ 0% AUX@43C CPU@43.5C thermal@43.15C AO@42.5C GPU@42.5C PMIC@50C
10-01-2026 11:23:02 RAM 4783/6833MB (lfb 4x2MB) SWAP 41/3417MB (cached 0MB) CPU [0%@1420,4%@1420,0%@1420,0%@1420,0%@1420,0%@1420] EMC_FREQ 0% GR3D_FREQ 0% AUX@43C CPU@43.5C thermal@43.15C AO@43C GPU@42.5C PMIC@50C
10-01-2026 11:23:03 RAM 4784/6833MB (lfb 4x2MB) SWAP 41/3417MB (cached 0MB) CPU [9%@1420,4%@1420,4%@1420,0%@1420,9%@1420,0%@1420] EMC_FREQ 0% GR3D_FREQ 0% AUX@43C CPU@43.5C thermal@43.15C AO@43C GPU@42.5C PMIC@50C
10-01-2026 11:23:03 RAM 4784/6833MB (lfb 4x2MB) SWAP 41/3417MB (cached 0MB) CPU [5%@1420,5%@1420,0%@1420,4%@1420,0%@1420,9%@1420] EMC_FREQ 0% GR3D_FREQ 0% AUX@43C CPU@44C thermal@43.15C AO@43C GPU@42.5C PMIC@50C
10-01-2026 11:23:03 RAM 4785/6833MB (lfb 4x2MB) SWAP 41/3417MB (cached 0MB) CPU [5%@1420,0%@1420,0%@1420,4%@1420,0%@1420,5%@1420] EMC_FREQ 0% GR3D_FREQ 0% AUX@43C CPU@43.5C thermal@43.15C AO@42.5C GPU@42.5C PMIC@50C
10-01-2026 11:23:03 RAM 4785/6833MB (lfb 4x2MB) SWAP 41/3417MB (cached 0MB) CPU [0%@1420,4%@1420,5%@1420,0%@1420,4%@1420,0%@1420] EMC_FREQ 0% GR3D_FREQ 0% AUX@43C CPU@44C thermal@43.15C AO@42.5C GPU@42.5C PMIC@50C
10-01-2026 11:23:03 RAM 4785/6833MB (lfb 4x2MB) SWAP 41/3417MB (cached 0MB) CPU [0%@1420,0%@1420,0%@1420,0%@1420,4%@1420,0%@1420] EMC_FREQ 0% GR3D_FREQ 0% AUX@43C CPU@43.5C thermal@43.15C AO@43C GPU@42.5C PMIC@50C
10-01-2026 11:23:04 RAM 4786/6833MB (lfb 4x2MB) SWAP 41/3417MB (cached 0MB) CPU [0%@1190,4%@1420,9%@1420,0%@1420,0%@1420,0%@1420] EMC_FREQ 0% GR3D_FREQ 0% AUX@43C CPU@44C thermal@43.15C AO@42.5C GPU@42.5C PMIC@50C
10-01-2026 11:23:04 RAM 4786/6833MB (lfb 4x2MB) SWAP 41/3417MB (cached 0MB) CPU [0%@1420,0%@1420,4%@1420,5%@1420,0%@1420,0%@1420] EMC_FREQ 0% GR3D_FREQ 0% AUX@43C CPU@43.5C thermal@43.15C AO@43C GPU@42.5C PMIC@50C
10-01-2026 11:23:04 RAM 4786/6833MB (lfb 4x2MB) SWAP 41/3417MB (cached 0MB) CPU [9%@1190,0%@1190,5%@1190,0%@1420,4%@1420,15%@1420] EMC_FREQ 0% GR3D_FREQ 0% AUX@43C CPU@43.5C thermal@43C AO@42.5C GPU@42.5C PMIC@50C
10-01-2026 11:23:04 RAM 4787/6833MB (lfb 4x2MB) SWAP 41/3417MB (cached 0MB) CPU [9%@1190,0%@1190,9%@1190,0%@1190,0%@1420,55%@1420] EMC_FREQ 0% GR3D_FREQ 0% AUX@43C CPU@43.5C thermal@43C AO@42.5C GPU@42.5C PMIC@50C
10-01-2026 11:23:04 RAM 4787/6833MB (lfb 4x2MB) SWAP 41/3417MB (cached 0MB) CPU [0%@1420,4%@1420,0%@1420,4%@1420,0%@1420,0%@1420] EMC_FREQ 0% GR3D_FREQ 0% AUX@43C CPU@44C thermal@43C AO@42.5C GPU@42.5C PMIC@50C
10-01-2026 11:23:05 RAM 4788/6833MB (lfb 4x2MB) SWAP 41/3417MB (cached 0MB) CPU [0%@1190,4%@1190,0%@1190,4%@1190,0%@1420,0%@1420] EMC_FREQ 0% GR3D_FREQ 0% AUX@43C CPU@43.5C thermal@43C AO@42.5C GPU@42.5C PMIC@50C
10-01-2026 11:23:05 RAM 4788/6833MB (lfb 4x2MB) SWAP 41/3417MB (cached 0MB) CPU [66%@1420,0%@1420,4%@1420,5%@1420,4%@1420,0%@1420] EMC_FREQ 0% GR3D_FREQ 0% AUX@43C CPU@43.5C thermal@43C AO@42.5C GPU@42.5C PMIC@50C
10-01-2026 11:23:05 RAM 4789/6833MB (lfb 4x2MB) SWAP 41/3417MB (cached 0MB) CPU [0%@1420,4%@1420,0%@1420,4%@1420,0%@1420,9%@1420] EMC_FREQ 0% GR3D_FREQ 0% AUX@42.5C CPU@43.5C thermal@43.15C AO@42.5C GPU@42.5C PMIC@50C
10-01-2026 11:23:05 RAM 4789/6833MB (lfb 4x2MB) SWAP 41/3417MB (cached 0MB) CPU [0%@1420,0%@1420,9%@1420,5%@1420,4%@1420,0%@1420] EMC_FREQ 0% GR3D_FREQ 0% AUX@43C CPU@43.5C thermal@43.15C AO@43C GPU@42.5C PMIC@50C
10-01-2026 11:23:05 RAM 4790/6833MB (lfb 4x2MB) SWAP 41/3417MB (cached 0MB) CPU [0%@1190,0%@1190,4%@1420,0%@1420,4%@1420,0%@1420] EMC_FREQ 0% GR3D_FREQ 0% AUX@43C CPU@43.5C thermal@43.15C AO@42.5C GPU@42.5C PMIC@50C
10-01-2026 11:23:06 RAM 4791/6833MB (lfb 4x2MB) SWAP 41/3417MB (cached 0MB) CPU [9%@1420,4%@1420,0%@1420,4%@1420,0%@1420,9%@1420] EMC_FREQ 0% GR3D_FREQ 0% AUX@43C CPU@43.5C thermal@43.15C AO@42.5C GPU@42.5C PMIC@50C
10-01-2026 11:23:06 RAM 4789/6833MB (lfb 4x2MB) SWAP 45/3417MB (cached 0MB) CPU [4%@1420,0%@1420,4%@1420,30%@1420,4%@1420,0%@1420] EMC_FREQ 0% GR3D_FREQ 0% AUX@43C CPU@44C thermal@43.15C AO@42.5C GPU@42.5C PMIC@50C
10-01-2026 11:23:06 RAM 4789/6833MB (lfb 4x2MB) SWAP 45/3417MB (cached 0MB) CPU [0%@1420,4%@1420,0%@1420,0%@1420,0%@1420,4%@1420] EMC_FREQ 0% GR3D_FREQ 0% AUX@43C CPU@43.5C thermal@43.15C AO@43C GPU@42.5C PMIC@50C
10-01-2026 11:23:06 RAM 4789/6833MB (lfb 4x2MB) SWAP 45/3417MB (cached 0MB) CPU [0%@1190,0%@1190,5%@1190,4%@1190,0%@1190,0%@1190] EMC_FREQ 0% GR3D_FREQ 0% AUX@43C CPU@44C thermal@43C AO@43C GPU@42.5C PMIC@50C
10-01-2026 11:23:06 RAM 4790/6833MB (lfb 4x2MB) SWAP 45/3417MB (cached 0MB) CPU [0%@1190,4%@1420,0%@1420,0%@1420,0%@1420,9%@1420] EMC_FREQ 0% GR3D_FREQ 0% AUX@43C CPU@44C thermal@43C AO@43C GPU@42.5C PMIC@50C
10-01-2026 11:23:07 RAM 4790/6833MB (lfb 4x2MB) SWAP 45/3417MB (cached 0MB) CPU [4%@1190,0%@1420,4%@1420,0%@1420,4%@1420,4%@1420] EMC_FREQ 0% GR3D_FREQ 0% AUX@43C CPU@43.5C thermal@43C AO@43C GPU@42.5C PMIC@50C
10-01-2026 11:23:07 RAM 4790/6833MB (lfb 4x2MB) SWAP 45/3417MB (cached 0MB) CPU [0%@1420,4%@1420,0%@1420,0%@1420,4%@1420,0%@1420] EMC_FREQ 0% GR3D_FREQ 0% AUX@43C CPU@43.5C thermal@43C AO@42.5C GPU@42.5C PMIC@50C
10-01-2026 11:23:07 RAM 4790/6833MB (lfb 4x2MB) SWAP 45/3417MB (cached 0MB) CPU [0%@1420,0%@1420,0%@1420,9%@1420,4%@1420,4%@1420] EMC_FREQ 0% GR3D_FREQ 0% AUX@43C CPU@44C thermal@43C AO@43C GPU@42.5C PMIC@50C
10-01-2026 11:23:07 RAM 4791/6833MB (lfb 4x2MB) SWAP 45/3417MB (cached 0MB) CPU [0%@1420,0%@1420,4%@1420,0%@1420,0%@1420,0%@1420] EMC_FREQ 0% GR3D_FREQ 0% AUX@43C CPU@43.5C thermal@43C AO@43C GPU@42.5C PMIC@50C
10-01-2026 11:23:07 RAM 4791/6833MB (lfb 4x2MB) SWAP 45/3417MB (cached 0MB) CPU [9%@1190,0%@1190,0%@1190,4%@1420,5%@1420,0%@1420] EMC_FREQ 0% GR3D_FREQ 0% AUX@42.5C CPU@44C thermal@43C AO@43C GPU@42.5C PMIC@50C
10-01-2026 11:23:08 RAM 4791/6833MB (lfb 4x2MB) SWAP 45/3417MB (cached 0MB) CPU [0%@1420,9%@1420,4%@1420,4%@1420,0%@1420,5%@1420] EMC_FREQ 0% GR3D_FREQ 0% AUX@43C CPU@43.5C thermal@43C AO@43C GPU@42.5C PMIC@50C
10-01-2026 11:23:08 RAM 4791/6833MB (lfb 4x2MB) SWAP 45/3417MB (cached 0MB) CPU [4%@1190,0%@1190,0%@1190,0%@1420,9%@1420,4%@1420] EMC_FREQ 0% GR3D_FREQ 0% AUX@43C CPU@44C thermal@43C AO@43C GPU@42.5C PMIC@50C
10-01-2026 11:23:08 RAM 4791/6833MB (lfb 4x2MB) SWAP 45/3417MB (cached 0MB) CPU [0%@1420,4%@1420,0%@1420,9%@1420,0%@1420,0%@1420] EMC_FREQ 0% GR3D_FREQ 0% AUX@43C CPU@44C thermal@43C AO@43C GPU@43C PMIC@50C
10-01-2026 11:23:08 RAM 4792/6833MB (lfb 4x2MB) SWAP 45/3417MB (cached 0MB) CPU [0%@1420,0%@1420,4%@1420,0%@1420,0%@1420,5%@1420] EMC_FREQ 0% GR3D_FREQ 0% AUX@43C CPU@43.5C thermal@43C AO@43C GPU@42.5C PMIC@50C
10-01-2026 11:23:08 RAM 4792/6833MB (lfb 4x2MB) SWAP 45/3417MB (cached 0MB) CPU [4%@1420,0%@1420,0%@1420,0%@1420,0%@1420,0%@1420] EMC_FREQ 0% GR3D_FREQ 0% AUX@43C CPU@44C thermal@43C AO@43C GPU@43C PMIC@50C
10-01-2026 11:23:09 RAM 4793/6833MB (lfb 4x2MB) SWAP 45/3417MB (cached 0MB) CPU [5%@1420,0%@1420,5%@1420,0%@1420,4%@1420,0%@1420] EMC_FREQ 0% GR3D_FREQ 0% AUX@43C CPU@44C thermal@43C AO@43C GPU@42.5C PMIC@50C
10-01-2026 11:23:09 RAM 4793/6833MB (lfb 4x2MB) SWAP 45/3417MB (cached 0MB) CPU [4%@1190,0%@1190,0%@1190,5%@1420,0%@1420,4%@1420] EMC_FREQ 0% GR3D_FREQ 0% AUX@43C CPU@44C thermal@43C AO@43C GPU@43C PMIC@50C
10-01-2026 11:23:09 RAM 4794/6833MB (lfb 4x2MB) SWAP 45/3417MB (cached 0MB) CPU [0%@1190,5%@1190,4%@1190,0%@1420,9%@1420,4%@1420] EMC_FREQ 0% GR3D_FREQ 0% AUX@43C CPU@44C thermal@43C AO@43C GPU@43C PMIC@50C
10-01-2026 11:23:09 RAM 4794/6833MB (lfb 4x2MB) SWAP 45/3417MB (cached 0MB) CPU [68%@1420,0%@1420,4%@1420,0%@1420,0%@1420,0%@1420] EMC_FREQ 0% GR3D_FREQ 0% AUX@43C CPU@44C thermal@43C AO@43C GPU@43C PMIC@50C
10-01-2026 11:23:09 RAM 4795/6833MB (lfb 4x2MB) SWAP 45/3417MB (cached 0MB) CPU [0%@1190,4%@1190,0%@1190,9%@1190,0%@1190,0%@1190] EMC_FREQ 0% GR3D_FREQ 0% AUX@43C CPU@43.5C thermal@43.15C AO@43C GPU@43C PMIC@50C
10-01-2026 11:23:10 RAM 4795/6833MB (lfb 4x2MB) SWAP 45/3417MB (cached 0MB) CPU [4%@1190,0%@1190,0%@1190,5%@1420,0%@1420,9%@1420] EMC_FREQ 0% GR3D_FREQ 0% AUX@43C CPU@43.5C thermal@43.15C AO@43C GPU@43C PMIC@50C
10-01-2026 11:23:10 RAM 4795/6833MB (lfb 4x2MB) SWAP 45/3417MB (cached 0MB) CPU [0%@1190,4%@1420,0%@1420,9%@1420,9%@1420,0%@1420] EMC_FREQ 0% GR3D_FREQ 0% AUX@43C CPU@44C thermal@43.15C AO@43C GPU@43C PMIC@50C
10-01-2026 11:23:10 RAM 4796/6833MB (lfb 4x2MB) SWAP 45/3417MB (cached 0MB) CPU [65%@1190,0%@1420,4%@1420,4%@1420,4%@1420,9%@1420] EMC_FREQ 0% GR3D_FREQ 0% AUX@43C CPU@44C thermal@43.15C AO@43C GPU@43C PMIC@50C
10-01-2026 11:23:10 RAM 4796/6833MB (lfb 4x2MB) SWAP 45/3417MB (cached 0MB) CPU [0%@1190,4%@1420,0%@1420,5%@1420,5%@1420,0%@1420] EMC_FREQ 0% GR3D_FREQ 0% AUX@43C CPU@44C thermal@43.15C AO@43C GPU@43C PMIC@50C
10-01-2026 11:23:10 RAM 4797/6833MB (lfb 4x2MB) SWAP 45/3417MB (cached 0MB) CPU [0%@1420,5%@1420,4%@1420,0%@1420,0%@1420,0%@1420] EMC_FREQ 0% GR3D_FREQ 0% AUX@43C CPU@44C thermal@43.15C AO@43C GPU@43C PMIC@50C
10-01-2026 11:23:11 RAM 4797/6833MB (lfb 4x2MB) SWAP 45/3417MB (cached 0MB) CPU [0%@1190,0%@1420,0%@1420,5%@1420,0%@1420,0%@1420] EMC_FREQ 0% GR3D_FREQ 0% AUX@43C CPU@44C thermal@43.3C AO@43C GPU@43C PMIC@50C
10-01-2026 11:23:11 RAM 4797/6833MB (lfb 4x2MB) SWAP 45/3417MB (cached 0MB) CPU [0%@1190,4%@1420,0%@1420,0%@1420,0%@1420,0%@1420] EMC_FREQ 0% GR3D_FREQ 0% AUX@43C CPU@44C thermal@43.3C AO@43C GPU@43C PMIC@50C
10-01-2026 11:23:11 RAM 4798/6833MB (lfb 4x2MB) SWAP 45/3417MB (cached 0MB) CPU [4%@1190,4%@1190,0%@1190,5%@1420,4%@1420,0%@1420] EMC_FREQ 0% GR3D_FREQ 0% AUX@43C CPU@44C thermal@43.3C AO@43C GPU@43C PMIC@50C
10-01-2026 11:23:11 RAM 4799/6833MB (lfb 4x2MB) SWAP 45/3417MB (cached 0MB) CPU [4%@1420,4%@1420,5%@1420,0%@1420,0%@1420,9%@1420] EMC_FREQ 0% GR3D_FREQ 0% AUX@43C CPU@44C thermal@43.3C AO@43C GPU@43C PMIC@50C
10-01-2026 11:23:11 RAM 4799/6833MB (lfb 4x2MB) SWAP 45/3417MB (cached 0MB) CPU [9%@1420,0%@1420,0%@1420,0%@1420,5%@1420,0%@1420] EMC_FREQ 0% GR3D_FREQ 0% AUX@43C CPU@44C thermal@43.3C AO@43C GPU@43C PMIC@50C
10-01-2026 11:23:12 RAM 4799/6833MB (lfb 4x2MB) SWAP 45/3417MB (cached 0MB) CPU [4%@1420,0%@1420,0%@1420,0%@1420,0%@1420,0%@1420] EMC_FREQ 0% GR3D_FREQ 0% AUX@43C CPU@44C thermal@43.3C AO@43C GPU@43C PMIC@50C
10-01-2026 11:23:12 RAM 4799/6833MB (lfb 4x2MB) SWAP 45/3417MB (cached 0MB) CPU [0%@1420,9%@1420,4%@1420,9%@1420,4%@1420,4%@1420] EMC_FREQ 0% GR3D_FREQ 0% AUX@43C CPU@44C thermal@43.3C AO@43.5C GPU@43C PMIC@50C
10-01-2026 11:23:12 RAM 4800/6833MB (lfb 4x2MB) SWAP 45/3417MB (cached 0MB) CPU [0%@1420,0%@1420,0%@1420,0%@1420,0%@1420,0%@1420] EMC_FREQ 0% GR3D_FREQ 0% AUX@43C CPU@44C thermal@43.3C AO@43.5C GPU@43C PMIC@50C
10-01-2026 11:23:12 RAM 4800/6833MB (lfb 4x2MB) SWAP 45/3417MB (cached 0MB) CPU [0%@1190,9%@1190,9%@1190,5%@1420,0%@1420,5%@1420] EMC_FREQ 0% GR3D_FREQ 0% AUX@43.5C CPU@44C thermal@43.3C AO@43.5C GPU@43C PMIC@50C
10-01-2026 11:23:12 RAM 4801/6833MB (lfb 4x2MB) SWAP 45/3417MB (cached 0MB) CPU [0%@1190,5%@1420,4%@1420,0%@1420,4%@1420,4%@1420] EMC_FREQ 0% GR3D_FREQ 0% AUX@43.5C CPU@44C thermal@43.3C AO@43C GPU@43C PMIC@50C
10-01-2026 11:23:13 RAM 4801/6833MB (lfb 4x2MB) SWAP 45/3417MB (cached 0MB) CPU [0%@1190,0%@1190,4%@1190,4%@1190,4%@1190,0%@1190] EMC_FREQ 0% GR3D_FREQ 0% AUX@43C CPU@44C thermal@43.3C AO@43C GPU@43C PMIC@50C
10-01-2026 11:23:13 RAM 4801/6833MB (lfb 4x2MB) SWAP 45/3417MB (cached 0MB) CPU [0%@1190,4%@1190,0%@1190,0%@1190,0%@1190,0%@1190] EMC_FREQ 0% GR3D_FREQ 0% AUX@43.5C CPU@44C thermal@43.45C AO@43.5C GPU@43C PMIC@50C
10-01-2026 11:23:13 RAM 4801/6833MB (lfb 4x2MB) SWAP 45/3417MB (cached 0MB) CPU [4%@1420,0%@1420,0%@1420,0%@1420,0%@1420,4%@1420] EMC_FREQ 0% GR3D_FREQ 0% AUX@43.5C CPU@44C thermal@43.45C AO@43.5C GPU@43C PMIC@50C
10-01-2026 11:23:13 RAM 4802/6833MB (lfb 4x2MB) SWAP 45/3417MB (cached 0MB) CPU [0%@1190,4%@1190,0%@1420,0%@1420,5%@1420,0%@1420] EMC_FREQ 0% GR3D_FREQ 0% AUX@43C CPU@44.5C thermal@43.45C AO@43C GPU@43C PMIC@50C
10-01-2026 11:23:14 RAM 4802/6833MB (lfb 4x2MB) SWAP 45/3417MB (cached 0MB) CPU [0%@1420,4%@1420,0%@1420,0%@1420,0%@1420,4%@1420] EMC_FREQ 0% GR3D_FREQ 0% AUX@43C CPU@44.5C thermal@43.45C AO@43.5C GPU@43.5C PMIC@50C
10-01-2026 11:23:14 RAM 4802/6833MB (lfb 4x2MB) SWAP 45/3417MB (cached 0MB) CPU [4%@1190,5%@1420,0%@1420,0%@1420,5%@1420,0%@1420] EMC_FREQ 0% GR3D_FREQ 0% AUX@43.5C CPU@44.5C thermal@43.45C AO@43.5C GPU@43C PMIC@50C
10-01-2026 11:23:14 RAM 4803/6833MB (lfb 4x2MB) SWAP 45/3417MB (cached 0MB) CPU [5%@1190,5%@1190,4%@1190,4%@1190,0%@1420,4%@1420] EMC_FREQ 0% GR3D_FREQ 0% AUX@43.5C CPU@44.5C thermal@43.65C AO@43C GPU@43.5C PMIC@50C
10-01-2026 11:23:14 RAM 4803/6833MB (lfb 4x2MB) SWAP 45/3417MB (cached 0MB) CPU [0%@1420,9%@1420,0%@1420,0%@1420,4%@1420,5%@1420] EMC_FREQ 0% GR3D_FREQ 0% AUX@43.5C CPU@44.5C thermal@43.65C AO@43.5C GPU@43C PMIC@50C
10-01-2026 11:23:14 RAM 4803/6833MB (lfb 4x2MB) SWAP 45/3417MB (cached 0MB) CPU [4%@1190,0%@1420,4%@1420,0%@1420,0%@1420,4%@1420] EMC_FREQ 0% GR3D_FREQ 0% AUX@43.5C CPU@44C thermal@43.65C AO@43.5C GPU@43C PMIC@50C
10-01-2026 11:23:15 RAM 4804/6833MB (lfb 4x2MB) SWAP 45/3417MB (cached 0MB) CPU [0%@1420,4%@1420,0%@1420,0%@1420,4%@1420,0%@1420] EMC_FREQ 0% GR3D_FREQ 0% AUX@43C CPU@44.5C thermal@43.65C AO@43.5C GPU@43.5C PMIC@50C
10-01-2026 11:23:15 RAM 4804/6833MB (lfb 4x2MB) SWAP 45/3417MB (cached 0MB) CPU [5%@1190,0%@1190,0%@1190,4%@1190,0%@1190,4%@1190] EMC_FREQ 0% GR3D_FREQ 0% AUX@43.5C CPU@44C thermal@43.65C AO@43.5C GPU@43C PMIC@50C
10-01-2026 11:23:15 RAM 4804/6833MB (lfb 4x2MB) SWAP 45/3417MB (cached 0MB) CPU [4%@1190,0%@1190,4%@1190,9%@1190,5%@1190,0%@1420] EMC_FREQ 0% GR3D_FREQ 0% AUX@43.5C CPU@44C thermal@43.65C AO@43.5C GPU@43.5C PMIC@50C
10-01-2026 11:23:15 RAM 4804/6833MB (lfb 4x2MB) SWAP 45/3417MB (cached 0MB) CPU [63%@1420,4%@1420,0%@1420,5%@1420,0%@1420,0%@1420] EMC_FREQ 0% GR3D_FREQ 0% AUX@43.5C CPU@44.5C thermal@43.65C AO@43.5C GPU@43.5C PMIC@50C
10-01-2026 11:23:15 RAM 4805/6833MB (lfb 4x2MB) SWAP 45/3417MB (cached 0MB) CPU [4%@1190,0%@1190,0%@1190,4%@1190,0%@1190,4%@1190] EMC_FREQ 0% GR3D_FREQ 0% AUX@43.5C CPU@44.5C thermal@43.65C AO@43.5C GPU@43C PMIC@50C
10-01-2026 11:23:16 RAM 4805/6833MB (lfb 4x2MB) SWAP 45/3417MB (cached 0MB) CPU [0%@1190,4%@1190,4%@1190,4%@1190,5%@1190,4%@1190] EMC_FREQ 0% GR3D_FREQ 0% AUX@43.5C CPU@44.5C thermal@43.65C AO@43.5C GPU@43C PMIC@50C
10-01-2026 11:23:16 RAM 4806/6833MB (lfb 4x2MB) SWAP 45/3417MB (cached 0MB) CPU [9%@1420,0%@1420,0%@1420,0%@1420,4%@1420,0%@1420] EMC_FREQ 0% GR3D_FREQ 0% AUX@43.5C CPU@44.5C thermal@43.65C AO@43.5C GPU@43C PMIC@50C
10-01-2026 11:23:16 RAM 4806/6833MB (lfb 4x2MB) SWAP 45/3417MB (cached 0MB) CPU [0%@1190,4%@1190,5%@1190,0%@1190,0%@1420,5%@1420] EMC_FREQ 0% GR3D_FREQ 0% AUX@43.5C CPU@44.5C thermal@43.65C AO@43.5C GPU@43.5C PMIC@50C
10-01-2026 11:23:16 RAM 4807/6833MB (lfb 4x2MB) SWAP 45/3417MB (cached 0MB) CPU [0%@1190,0%@1190,4%@1190,5%@1190,9%@1420,0%@1420] EMC_FREQ 0% GR3D_FREQ 0% AUX@43.5C CPU@44.5C thermal@43.8C AO@43.5C GPU@43.5C PMIC@50C
10-01-2026 11:23:16 RAM 4807/6833MB (lfb 4x2MB) SWAP 45/3417MB (cached 0MB) CPU [4%@1190,9%@1190,0%@1190,0%@1420,4%@1420,0%@1420] EMC_FREQ 0% GR3D_FREQ 0% AUX@43.5C CPU@44.5C thermal@43.8C AO@43.5C GPU@43.5C PMIC@50C
10-01-2026 11:23:17 RAM 4807/6833MB (lfb 4x2MB) SWAP 45/3417MB (cached 0MB) CPU [0%@1190,0%@1190,0%@1190,4%@1420,0%@1420,5%@1420] EMC_FREQ 0% GR3D_FREQ 0% AUX@43.5C CPU@44.5C thermal@43.8C AO@43.5C GPU@43.5C PMIC@50C
10-01-2026 11:23:17 RAM 4808/6833MB (lfb 4x2MB) SWAP 45/3417MB (cached 0MB) CPU [0%@1420,0%@1420,0%@1420,0%@1420,0%@1420,4%@1420] EMC_FREQ 0% GR3D_FREQ 0% AUX@43.5C CPU@44.5C thermal@43.8C AO@43.5C GPU@43.5C PMIC@50C
10-01-2026 11:23:17 RAM 4808/6833MB (lfb 4x2MB) SWAP 45/3417MB (cached 0MB) CPU [5%@1420,0%@1420,0%@1420,5%@1420,5%@1420,0%@1420] EMC_FREQ 0% GR3D_FREQ 0% AUX@43.5C CPU@44.5C thermal@43.8C AO@43.5C GPU@43.5C PMIC@50C
10-01-2026 11:23:17 RAM 4808/6833MB (lfb 4x2MB) SWAP 45/3417MB (cached 0MB) CPU [4%@1190,0%@1420,4%@1420,0%@1420,4%@1420,0%@1420] EMC_FREQ 0% GR3D_FREQ 0% AUX@43.5C CPU@44.5C thermal@43.8C AO@43.5C GPU@43.5C PMIC@50C
10-01-2026 11:23:17 RAM 4808/6833MB (lfb 4x2MB) SWAP 45/3417MB (cached 0MB) CPU [0%@1190,4%@1190,0%@1190,4%@1190,9%@1420,0%@1420] EMC_FREQ 0% GR3D_FREQ 0% AUX@43.5C CPU@44.5C thermal@43.8C AO@43.5C GPU@43.5C PMIC@50C
10-01-2026 11:23:18 RAM 4809/6833MB (lfb 4x2MB) SWAP 45/3417MB (cached 0MB) CPU [0%@1420,0%@1420,0%@1420,13%@1420,0%@1420,4%@1420] EMC_FREQ 0% GR3D_FREQ 0% AUX@43.5C CPU@44.5C thermal@43.8C AO@43.5C GPU@43.5C PMIC@50C
10-01-2026 11:23:18 RAM 4809/6833MB (lfb 4x2MB) SWAP 45/3417MB (cached 0MB) CPU [9%@1190,4%@1190,0%@1190,0%@1190,4%@1190,5%@1190] EMC_FREQ 0% GR3D_FREQ 0% AUX@43.5C CPU@44.5C thermal@43.8C AO@43.5C GPU@43.5C PMIC@50C
10-01-2026 11:23:18 RAM 4810/6833MB (lfb 4x2MB) SWAP 45/3417MB (cached 0MB) CPU [0%@1190,9%@1190,0%@1190,4%@1190,0%@1190,0%@1420] EMC_FREQ 0% GR3D_FREQ 0% AUX@43.5C CPU@44.5C thermal@43.8C AO@43.5C GPU@43.5C PMIC@50C
10-01-2026 11:23:18 RAM 4810/6833MB (lfb 4x2MB) SWAP 45/3417MB (cached 0MB) CPU [0%@1190,0%@1190,4%@1190,0%@1190,4%@1190,9%@1420] EMC_FREQ 0% GR3D_FREQ 0% AUX@43.5C CPU@44.5C thermal@43.8C AO@44C GPU@43.5C PMIC@50C
10-01-2026 11:23:18 RAM 4810/6833MB (lfb 4x2MB) SWAP 45/3417MB (cached 0MB) CPU [0%@1190,5%@1420,0%@1420,0%@1420,4%@1420,0%@1420] EMC_FREQ 0% GR3D_FREQ 0% AUX@43.5C CPU@44.5C thermal@43.8C AO@43.5C GPU@43.5C PMIC@50C
10-01-2026 11:23:19 RAM 4811/6833MB (lfb 4x2MB) SWAP 45/3417MB (cached 0MB) CPU [4%@1420,0%@1420,0%@1420,4%@1420,0%@1420,0%@1420] EMC_FREQ 0% GR3D_FREQ 0% AUX@43.5C CPU@44.5C thermal@43.8C AO@43.5C GPU@43.5C PMIC@50C
10-01-2026 11:23:19 RAM 4812/6833MB (lfb 4x2MB) SWAP 45/3417MB (cached 0MB) CPU [0%@1190,5%@1420,4%@1420,0%@1420,4%@1420,0%@1420] EMC_FREQ 0% GR3D_FREQ 0% AUX@44C CPU@44.5C thermal@43.8C AO@43.5C GPU@43.5C PMIC@50C
10-01-2026 11:23:19 RAM 4812/6833MB (lfb 4x2MB) SWAP 45/3417MB (cached 0MB) CPU [0%@1190,5%@1190,0%@1190,0%@1190,0%@1190,0%@1190] EMC_FREQ 0% GR3D_FREQ 0% AUX@43.5C CPU@44.5C thermal@43.8C AO@43.5C GPU@43.5C PMIC@50C
10-01-2026 11:23:19 RAM 4813/6833MB (lfb 4x2MB) SWAP 45/3417MB (cached 0MB) CPU [9%@1420,4%@1420,4%@1420,9%@1420,0%@1420,5%@1420] EMC_FREQ 0% GR3D_FREQ 0% AUX@44C CPU@44.5C thermal@43.8C AO@44C GPU@43.5C PMIC@50C
10-01-2026 11:23:19 RAM 4813/6833MB (lfb 4x2MB) SWAP 45/3417MB (cached 0MB) CPU [0%@1420,0%@1420,0%@1420,0%@1420,0%@1420,0%@1420] EMC_FREQ 0% GR3D_FREQ 0% AUX@43.5C CPU@44.5C thermal@43.8C AO@43.5C GPU@43.5C PMIC@50C
10-01-2026 11:23:20 RAM 4814/6833MB (lfb 4x2MB) SWAP 45/3417MB (cached 0MB) CPU [52%@1420,0%@1420,4%@1420,5%@1420,0%@1420,0%@1420] EMC_FREQ 0% GR3D_FREQ 0% AUX@44C CPU@44.5C thermal@44C AO@43.5C GPU@43.5C PMIC@50C
10-01-2026 11:23:20 RAM 4814/6833MB (lfb 4x2MB) SWAP 45/3417MB (cached 0MB) CPU [22%@1190,0%@1190,9%@1420,4%@1420,9%@1420,4%@1420] EMC_FREQ 0% GR3D_FREQ 0% AUX@44C CPU@44.5C thermal@44C AO@43.5C GPU@43.5C PMIC@50C
10-01-2026 11:23:20 RAM 4814/6833MB (lfb 4x2MB) SWAP 45/3417MB (cached 0MB) CPU [0%@1190,4%@1190,0%@1420,4%@1420,5%@1420,0%@1420] EMC_FREQ 0% GR3D_FREQ 0% AUX@44C CPU@44.5C thermal@44C AO@44C GPU@43.5C PMIC@50C
10-01-2026 11:23:20 RAM 4814/6833MB (lfb 4x2MB) SWAP 45/3417MB (cached 0MB) CPU [0%@1190,5%@1190,0%@1190,4%@1190,0%@1190,0%@1190] EMC_FREQ 0% GR3D_FREQ 0% AUX@44C CPU@44.5C thermal@44C AO@43.5C GPU@43.5C PMIC@50C
10-01-2026 11:23:20 RAM 4815/6833MB (lfb 4x2MB) SWAP 45/3417MB (cached 0MB) CPU [65%@1190,0%@1420,4%@1420,0%@1420,5%@1420,9%@1420] EMC_FREQ 0% GR3D_FREQ 0% AUX@44C CPU@44.5C thermal@44C AO@44C GPU@43.5C PMIC@50C
10-01-2026 11:23:21 RAM 4815/6833MB (lfb 4x2MB) SWAP 45/3417MB (cached 0MB) CPU [0%@1420,4%@1420,0%@1420,0%@1420,4%@1420,4%@1420] EMC_FREQ 0% GR3D_FREQ 0% AUX@44C CPU@44.5C thermal@44C AO@44C GPU@43.5C PMIC@50C
10-01-2026 11:23:21 RAM 4815/6833MB (lfb 4x2MB) SWAP 45/3417MB (cached 0MB) CPU [0%@1190,0%@1190,0%@1190,9%@1190,4%@1190,9%@1190] EMC_FREQ 0% GR3D_FREQ 0% AUX@44C CPU@44.5C thermal@44C AO@44C GPU@43.5C PMIC@50C
10-01-2026 11:23:21 RAM 4815/6833MB (lfb 4x2MB) SWAP 45/3417MB (cached 0MB) CPU [0%@1190,0%@1190,0%@1190,0%@1420,0%@1420,0%@1420] EMC_FREQ 0% GR3D_FREQ 0% AUX@44C CPU@44.5C thermal@44C AO@44C GPU@43.5C PMIC@50C
10-01-2026 11:23:21 RAM 4815/6833MB (lfb 4x2MB) SWAP 45/3417MB (cached 0MB) CPU [5%@1190,0%@1420,4%@1420,4%@1420,0%@1420,4%@1420] EMC_FREQ 0% GR3D_FREQ 0% AUX@44C CPU@44.5C thermal@44C AO@44C GPU@43.5C PMIC@50C
10-01-2026 11:23:21 RAM 4816/6833MB (lfb 4x2MB) SWAP 45/3417MB (cached 0MB) CPU [0%@1190,4%@1190,0%@1190,0%@1190,5%@1190,0%@1190] EMC_FREQ 0% GR3D_FREQ 0% AUX@44C CPU@45C thermal@44C AO@44C GPU@43.5C PMIC@50C
10-01-2026 11:23:22 RAM 4817/6833MB (lfb 4x2MB) SWAP 45/3417MB (cached 0MB) CPU [9%@1420,0%@1420,0%@1420,5%@1420,0%@1420,5%@1420] EMC_FREQ 0% GR3D_FREQ 0% AUX@44C CPU@44.5C thermal@44C AO@44C GPU@43.5C PMIC@50C
10-01-2026 11:23:22 RAM 4817/6833MB (lfb 4x2MB) SWAP 45/3417MB (cached 0MB) CPU [0%@1190,5%@1190,4%@1190,4%@1190,4%@1190,0%@1190] EMC_FREQ 0% GR3D_FREQ 0% AUX@44C CPU@45C thermal@44.15C AO@44C GPU@43.5C PMIC@50C
10-01-2026 11:23:22 RAM 4818/6833MB (lfb 4x2MB) SWAP 45/3417MB (cached 0MB) CPU [0%@1190,0%@1420,0%@1420,0%@1420,0%@1420,9%@1420] EMC_FREQ 0% GR3D_FREQ 0% AUX@44C CPU@45C thermal@44.15C AO@44C GPU@44C PMIC@50C
10-01-2026 11:23:22 RAM 4818/6833MB (lfb 4x2MB) SWAP 45/3417MB (cached 0MB) CPU [5%@1190,9%@1190,4%@1190,4%@1190,0%@1420,0%@1420] EMC_FREQ 0% GR3D_FREQ 0% AUX@44C CPU@45C thermal@44.15C AO@44C GPU@43.5C PMIC@50C
10-01-2026 11:23:22 RAM 4818/6833MB (lfb 4x2MB) SWAP 45/3417MB (cached 0MB) CPU [4%@1190,0%@1190,0%@1190,9%@1420,4%@1420,4%@1420] EMC_FREQ 0% GR3D_FREQ 0% AUX@44C CPU@44.5C thermal@44.15C AO@44C GPU@44C PMIC@50C
10-01-2026 11:23:23 RAM 4818/6833MB (lfb 4x2MB) SWAP 45/3417MB (cached 0MB) CPU [0%@1190,5%@1190,0%@1190,0%@1420,0%@1420,4%@1420] EMC_FREQ 0% GR3D_FREQ 0% AUX@44C CPU@45C thermal@44.15C AO@44C GPU@43.5C PMIC@50C
10-01-2026 11:23:23 RAM 4819/6833MB (lfb 4x2MB) SWAP 45/3417MB (cached 0MB) CPU [4%@1420,4%@1420,0%@1420,0%@1420,9%@1420,0%@1420] EMC_FREQ 0% GR3D_FREQ 0% AUX@44C CPU@45C thermal@44.15C AO@44C GPU@43.5C PMIC@50C
10-01-2026 11:23:23 RAM 4819/6833MB (lfb 4x2MB) SWAP 45/3417MB (cached 0MB) CPU [4%@1190,4%@1190,0%@1420,0%@1420,0%@1420,0%@1420] EMC_FREQ 0% GR3D_FREQ 0% AUX@44C CPU@45C thermal@44.15C AO@44C GPU@44C PMIC@50C
10-01-2026 11:23:23 RAM 4820/6833MB (lfb 4x2MB) SWAP 45/3417MB (cached 0MB) CPU [0%@1190,0%@1190,0%@1190,9%@1190,5%@1190,0%@1190] EMC_FREQ 0% GR3D_FREQ 0% AUX@44C CPU@45C thermal@44.15C AO@44C GPU@44C PMIC@50C
10-01-2026 11:23:23 RAM 4820/6833MB (lfb 4x2MB) SWAP 45/3417MB (cached 0MB) CPU [0%@1190,4%@1190,0%@1190,0%@1420,4%@1420,0%@1420] EMC_FREQ 0% GR3D_FREQ 0% AUX@44C CPU@45C thermal@44.15C AO@44C GPU@43.5C PMIC@50C
10-01-2026 11:23:24 RAM 4821/6833MB (lfb 4x2MB) SWAP 45/3417MB (cached 0MB) CPU [0%@1190,4%@1190,4%@1420,4%@1420,0%@1420,0%@1420] EMC_FREQ 0% GR3D_FREQ 0% AUX@44C CPU@45C thermal@44.15C AO@44C GPU@44C PMIC@50C
10-01-2026 11:23:24 RAM 4821/6833MB (lfb 4x2MB) SWAP 45/3417MB (cached 0MB) CPU [4%@1190,5%@1420,0%@1420,0%@1420,9%@1420,9%@1420] EMC_FREQ 0% GR3D_FREQ 0% AUX@44C CPU@45C thermal@44.15C AO@44C GPU@44C PMIC@50C
10-01-2026 11:23:24 RAM 4821/6833MB (lfb 4x2MB) SWAP 45/3417MB (cached 0MB) CPU [0%@1190,0%@1420,0%@1420,4%@1420,0%@1420,9%@1420] EMC_FREQ 0% GR3D_FREQ 0% AUX@44C CPU@45C thermal@44.3C AO@44C GPU@44C PMIC@50C
10-01-2026 11:23:24 RAM 4822/6833MB (lfb 4x2MB) SWAP 45/3417MB (cached 0MB) CPU [0%@1190,4%@1190,5%@1190,0%@1190,0%@1190,0%@1190] EMC_FREQ 0% GR3D_FREQ 0% AUX@44.5C CPU@45C thermal@44.3C AO@44C GPU@44C PMIC@50C
10-01-2026 11:23:24 RAM 4822/6833MB (lfb 4x2MB) SWAP 45/3417MB (cached 0MB) CPU [9%@1420,47%@1420,0%@1420,0%@1420,4%@1420,0%@1420] EMC_FREQ 0% GR3D_FREQ 0% AUX@44.5C CPU@45C thermal@44.3C AO@44C GPU@44C PMIC@50C
10-01-2026 11:23:25 RAM 4822/6833MB (lfb 4x2MB) SWAP 45/3417MB (cached 0MB) CPU [5%@1420,19%@1420,4%@1420,5%@1420,4%@1420,0%@1420] EMC_FREQ 0% GR3D_FREQ 0% AUX@44C CPU@45C thermal@44.3C AO@44.5C GPU@44C PMIC@50C
10-01-2026 11:23:25 RAM 4823/6833MB (lfb 4x2MB) SWAP 45/3417MB (cached 0MB) CPU [0%@1190,9%@1190,9%@1190,4%@1190,0%@1190,0%@1420] EMC_FREQ 0% GR3D_FREQ 0% AUX@44C CPU@45C thermal@44.3C AO@44.5C GPU@44C PMIC@50C
10-01-2026 11:23:25 RAM 4823/6833MB (lfb 4x2MB) SWAP 45/3417MB (cached 0MB) CPU [0%@1190,0%@1190,0%@1190,9%@1190,0%@1190,0%@1190] EMC_FREQ 0% GR3D_FREQ 0% AUX@44C CPU@45C thermal@44.3C AO@44C GPU@44C PMIC@50C
10-01-2026 11:23:25 RAM 4824/6833MB (lfb 4x2MB) SWAP 45/3417MB (cached 0MB) CPU [4%@1420,4%@1420,0%@1420,0%@1420,5%@1420,4%@1420] EMC_FREQ 0% GR3D_FREQ 0% AUX@44C CPU@45C thermal@44.3C AO@44.5C GPU@44C PMIC@50C
10-01-2026 11:23:26 RAM 4824/6833MB (lfb 4x2MB) SWAP 45/3417MB (cached 0MB) CPU [66%@1420,4%@1420,0%@1420,0%@1420,4%@1420,4%@1420] EMC_FREQ 0% GR3D_FREQ 0% AUX@44.5C CPU@45C thermal@44.3C AO@44C GPU@44C PMIC@50C
10-01-2026 11:23:26 RAM 4825/6833MB (lfb 4x2MB) SWAP 45/3417MB (cached 0MB) CPU [0%@1420,0%@1420,4%@1420,0%@1420,0%@1420,0%@1420] EMC_FREQ 0% GR3D_FREQ 0% AUX@44C CPU@45.5C thermal@44.3C AO@44C GPU@44C PMIC@50C
10-01-2026 11:23:26 RAM 4825/6833MB (lfb 4x2MB) SWAP 45/3417MB (cached 0MB) CPU [0%@1420,0%@1420,0%@1420,5%@1420,0%@1420,0%@1420] EMC_FREQ 0% GR3D_FREQ 0% AUX@44C CPU@45C thermal@44.3C AO@44C GPU@44C PMIC@50C
10-01-2026 11:23:26 RAM 4825/6833MB (lfb 4x2MB) SWAP 45/3417MB (cached 0MB) CPU [0%@1190,4%@1190,4%@1420,4%@1420,5%@1420,9%@1420] EMC_FREQ 0% GR3D_FREQ 0% AUX@44.5C CPU@45C thermal@44.3C AO@44.5C GPU@44C PMIC@50C
10-01-2026 11:23:26 RAM 4826/6833MB (lfb 4x2MB) SWAP 45/3417MB (cached 0MB) CPU [0%@1420,0%@1420,0%@1420,0%@1420,0%@1420,0%@1420] EMC_FREQ 0% GR3D_FREQ 0% AUX@44C CPU@45C thermal@44.5C AO@44C GPU@44C PMIC@50C
10-01-2026 11:23:27 RAM 4826/6833MB (lfb 4x2MB) SWAP 45/3417MB (cached 0MB) CPU [5%@1190,0%@1190,9%@1420,4%@1420,0%@1420,9%@1420] EMC_FREQ 0% GR3D_FREQ 0% AUX@44.5C CPU@45C thermal@44.5C AO@44C GPU@44C PMIC@50C
10-01-2026 11:23:27 RAM 4826/6833MB (lfb 4x2MB) SWAP 45/3417MB (cached 0MB) CPU [0%@1420,4%@1420,4%@1420,0%@1420,0%@1420,5%@1420] EMC_FREQ 0% GR3D_FREQ 0% AUX@44.5C CPU@45.5C thermal@44.5C AO@44.5C GPU@44C PMIC@50C
10-01-2026 11:23:27 RAM 4826/6833MB (lfb 4x2MB) SWAP 45/3417MB (cached 0MB) CPU [0%@1190,0%@1420,0%@1420,0%@1420,4%@1420,0%@1420] EMC_FREQ 0% GR3D_FREQ 0% AUX@44.5C CPU@45C thermal@44.5C AO@44.5C GPU@44C PMIC@50C
10-01-2026 11:23:27 RAM 4827/6833MB (lfb 4x2MB) SWAP 45/3417MB (cached 0MB) CPU [0%@1190,4%@1190,0%@1190,9%@1420,9%@1420,0%@1420] EMC_FREQ 0% GR3D_FREQ 0% AUX@44.5C CPU@45C thermal@44.5C AO@44.5C GPU@44C PMIC@50C
10-01-2026 11:23:27 RAM 4827/6833MB (lfb 4x2MB) SWAP 45/3417MB (cached 0MB) CPU [0%@1190,0%@1190,0%@1420,9%@1420,0%@1420,5%@1420] EMC_FREQ 0% GR3D_FREQ 0% AUX@44.5C CPU@45C thermal@44.5C AO@44.5C GPU@44C PMIC@50C
10-01-2026 11:23:28 RAM 4828/6833MB (lfb 4x2MB) SWAP 45/3417MB (cached 0MB) CPU [0%@1190,0%@1190,0%@1190,4%@1190,9%@1190,0%@1190] EMC_FREQ 0% GR3D_FREQ 0% AUX@44.5C CPU@45C thermal@44.5C AO@44C GPU@44C PMIC@50C
10-01-2026 11:23:28 RAM 4828/6833MB (lfb 4x2MB) SWAP 45/3417MB (cached 0MB) CPU [4%@1420,4%@1420,4%@1420,0%@1420,0%@1420,5%@1420] EMC_FREQ 0% GR3D_FREQ 0% AUX@44.5C CPU@45C thermal@44.5C AO@44.5C GPU@44C PMIC@50C
10-01-2026 11:23:28 RAM 4828/6833MB (lfb 4x2MB) SWAP 45/3417MB (cached 0MB) CPU [0%@1190,4%@1190,0%@1190,4%@1190,4%@1420,4%@1420] EMC_FREQ 0% GR3D_FREQ 0% AUX@44.5C CPU@45C thermal@44.5C AO@44.5C GPU@44C PMIC@50C
10-01-2026 11:23:28 RAM 4829/6833MB (lfb 4x2MB) SWAP 45/3417MB (cached 0MB) CPU [4%@1190,0%@1190,0%@1420,0%@1420,9%@1420,0%@1420] EMC_FREQ 0% GR3D_FREQ 0% AUX@44.5C CPU@45C thermal@44.5C AO@44.5C GPU@44C PMIC@50C
10-01-2026 11:23:28 RAM 4829/6833MB (lfb 4x2MB) SWAP 45/3417MB (cached 0MB) CPU [0%@1420,5%@1420,0%@1420,0%@1420,0%@1420,0%@1420] EMC_FREQ 0% GR3D_FREQ 0% AUX@44.5C CPU@45C thermal@44.5C AO@44.5C GPU@44.5C PMIC@50C
10-01-2026 11:23:29 RAM 4829/6833MB (lfb 4x2MB) SWAP 45/3417MB (cached 0MB) CPU [0%@1190,0%@1420,0%@1420,0%@1420,5%@1420,5%@1420] EMC_FREQ 0% GR3D_FREQ 0% AUX@44.5C CPU@45C thermal@44.8C AO@44.5C GPU@44.5C PMIC@50C
10-01-2026 11:23:29 RAM 4830/6833MB (lfb 4x2MB) SWAP 45/3417MB (cached 0MB) CPU [0%@1190,9%@1420,0%@1420,0%@1420,0%@1420,0%@1420] EMC_FREQ 0% GR3D_FREQ 0% AUX@44.5C CPU@45.5C thermal@44.8C AO@44.5C GPU@44.5C PMIC@50C
10-01-2026 11:23:29 RAM 4830/6833MB (lfb 4x2MB) SWAP 45/3417MB (cached 0MB) CPU [0%@1190,4%@1190,4%@1190,0%@1420,0%@1420,0%@1420] EMC_FREQ 0% GR3D_FREQ 0% AUX@44.5C CPU@45.5C thermal@44.8C AO@44.5C GPU@44C PMIC@50C
10-01-2026 11:23:29 RAM 4831/6833MB (lfb 4x2MB) SWAP 45/3417MB (cached 0MB) CPU [0%@1420,5%@1420,0%@1420,0%@1420,4%@1420,0%@1420] EMC_FREQ 0% GR3D_FREQ 0% AUX@44.5C CPU@45.5C thermal@44.8C AO@44.5C GPU@44C PMIC@50C
10-01-2026 11:23:29 RAM 4831/6833MB (lfb 4x2MB) SWAP 45/3417MB (cached 0MB) CPU [0%@1420,0%@1420,5%@1420,4%@1420,5%@1420,9%@1420] EMC_FREQ 0% GR3D_FREQ 0% AUX@44.5C CPU@45.5C thermal@44.8C AO@44.5C GPU@44.5C PMIC@50C
10-01-2026 11:23:30 RAM 4831/6833MB (lfb 4x2MB) SWAP 45/3417MB (cached 0MB) CPU [4%@1420,4%@1420,0%@1420,5%@1420,0%@1420,0%@1420] EMC_FREQ 0% GR3D_FREQ 0% AUX@44.5C CPU@45.5C thermal@44.8C AO@44.5C GPU@44.5C PMIC@50C
10-01-2026 11:23:30 RAM 4832/6833MB (lfb 4x2MB) SWAP 45/3417MB (cached 0MB) CPU [0%@1420,0%@1420,0%@1420,4%@1420,0%@1420,4%@1420] EMC_FREQ 0% GR3D_FREQ 0% AUX@44.5C CPU@45.5C thermal@44.8C AO@44.5C GPU@44.5C PMIC@50C
10-01-2026 11:23:30 RAM 4833/6833MB (lfb 4x2MB) SWAP 45/3417MB (cached 0MB) CPU [4%@1420,5%@1420,4%@1420,9%@1420,0%@1420,5%@1420] EMC_FREQ 0% GR3D_FREQ 0% AUX@44C CPU@45.5C thermal@44.8C AO@44.5C GPU@44.5C PMIC@50C
10-01-2026 11:23:30 RAM 4833/6833MB (lfb 4x2MB) SWAP 45/3417MB (cached 0MB) CPU [0%@1420,5%@1420,4%@1420,0%@1420,0%@1420,4%@1420] EMC_FREQ 0% GR3D_FREQ 0% AUX@44.5C CPU@45.5C thermal@44.8C AO@44.5C GPU@44.5C PMIC@50C
10-01-2026 11:23:30 RAM 4834/6833MB (lfb 4x2MB) SWAP 45/3417MB (cached 0MB) CPU [5%@1190,9%@1190,0%@1190,4%@1190,0%@1190,0%@1190] EMC_FREQ 0% GR3D_FREQ 0% AUX@44.5C CPU@45.5C thermal@44.8C AO@44.5C GPU@44.5C PMIC@50C
10-01-2026 11:23:31 RAM 4834/6833MB (lfb 4x2MB) SWAP 45/3417MB (cached 0MB) CPU [4%@1190,0%@1190,0%@1190,0%@1190,4%@1420,0%@1420] EMC_FREQ 0% GR3D_FREQ 0% AUX@44.5C CPU@45.5C thermal@44.8C AO@44.5C GPU@44.5C PMIC@50C
10-01-2026 11:23:31 RAM 4835/6833MB (lfb 4x2MB) SWAP 45/3417MB (cached 0MB) CPU [63%@1420,9%@1420,0%@1420,5%@1420,5%@1420,0%@1420] EMC_FREQ 0% GR3D_FREQ 0% AUX@44.5C CPU@45.5C thermal@44.8C AO@44.5C GPU@44.5C PMIC@50C
10-01-2026 11:23:31 RAM 4835/6833MB (lfb 4x2MB) SWAP 45/3417MB (cached 0MB) CPU [0%@1190,0%@1190,0%@1190,4%@1420,4%@1420,9%@1420] EMC_FREQ 0% GR3D_FREQ 0% AUX@44.5C CPU@45.5C thermal@44.8C AO@44.5C GPU@44.5C PMIC@50C
10-01-2026 11:23:31 RAM 4836/6833MB (lfb 4x2MB) SWAP 45/3417MB (cached 0MB) CPU [0%@1190,4%@1190,4%@1190,0%@1420,4%@1420,0%@1420] EMC_FREQ 0% GR3D_FREQ 0% AUX@44.5C CPU@45.5C thermal@44.8C AO@44.5C GPU@44.5C PMIC@50C
10-01-2026 11:23:31 RAM 4836/6833MB (lfb 4x2MB) SWAP 45/3417MB (cached 0MB) CPU [0%@1190,4%@1190,0%@1190,0%@1190,0%@1190,0%@1190] EMC_FREQ 0% GR3D_FREQ 0% AUX@44.5C CPU@45.5C thermal@44.8C AO@44.5C GPU@44.5C PMIC@50C
10-01-2026 11:23:32 RAM 4836/6833MB (lfb 4x2MB) SWAP 45/3417MB (cached 0MB) CPU [0%@1420,5%@1420,0%@1420,0%@1420,0%@1420,0%@1420] EMC_FREQ 0% GR3D_FREQ 0% AUX@44.5C CPU@45.5C thermal@44.8C AO@44.5C GPU@44.5C PMIC@50C
10-01-2026 11:23:32 RAM 4837/6833MB (lfb 4x2MB) SWAP 45/3417MB (cached 0MB) CPU [4%@1190,4%@1420,4%@1420,0%@1420,0%@1420,0%@1420] EMC_FREQ 0% GR3D_FREQ 0% AUX@44.5C CPU@45.5C thermal@44.8C AO@45C GPU@44.5C PMIC@50C
10-01-2026 11:23:32 RAM 4837/6833MB (lfb 4x2MB) SWAP 45/3417MB (cached 0MB) CPU [4%@1190,0%@1190,4%@1190,0%@1190,0%@1190,4%@1190] EMC_FREQ 0% GR3D_FREQ 0% AUX@44.5C CPU@45.5C thermal@44.8C AO@45C GPU@44.5C PMIC@50C
10-01-2026 11:23:32 RAM 4838/6833MB (lfb 4x2MB) SWAP 45/3417MB (cached 0MB) CPU [4%@1190,4%@1190,0%@1190,4%@1190,4%@1420,13%@1420] EMC_FREQ 0% GR3D_FREQ 0% AUX@44.5C CPU@45.5C thermal@44.8C AO@45C GPU@44.5C PMIC@50C
10-01-2026 11:23:32 RAM 4838/6833MB (lfb 4x2MB) SWAP 45/3417MB (cached 0MB) CPU [5%@1420,0%@1420,0%@1420,9%@1420,4%@1420,0%@1420] EMC_FREQ 0% GR3D_FREQ 0% AUX@44.5C CPU@45.5C thermal@44.8C AO@44.5C GPU@44.5C PMIC@50C
10-01-2026 11:23:33 RAM 4838/6833MB (lfb 4x2MB) SWAP 45/3417MB (cached 0MB) CPU [0%@1190,5%@1190,4%@1190,0%@1190,0%@1190,0%@1190] EMC_FREQ 0% GR3D_FREQ 0% AUX@44.5C CPU@45.5C thermal@44.8C AO@44.5C GPU@44.5C PMIC@50C
10-01-2026 11:23:33 RAM 4838/6833MB (lfb 4x2MB) SWAP 45/3417MB (cached 0MB) CPU [0%@1190,4%@1420,4%@1420,0%@1420,0%@1420,0%@1420] EMC_FREQ 0% GR3D_FREQ 0% AUX@45C CPU@45.5C thermal@44.8C AO@45C GPU@44.5C PMIC@50C
10-01-2026 11:23:33 RAM 4839/6833MB (lfb 4x2MB) SWAP 45/3417MB (cached 0MB) CPU [0%@1190,5%@1190,0%@1190,4%@1190,0%@1420,4%@1420] EMC_FREQ 0% GR3D_FREQ 0% AUX@45C CPU@45.5C thermal@45C AO@45C GPU@44.5C PMIC@50C
10-01-2026 11:23:33 RAM 4839/6833MB (lfb 4x2MB) SWAP 45/3417MB (cached 0MB) CPU [0%@1420,0%@1420,0%@1420,0%@1420,4%@1420,0%@1420] EMC_FREQ 0% GR3D_FREQ 0% AUX@45C CPU@45.5C thermal@45C AO@44.5C GPU@44.5C PMIC@50C
10-01-2026 11:23:33 RAM 4840/6833MB (lfb 4x2MB) SWAP 45/3417MB (cached 0MB) CPU [0%@1190,5%@1190,0%@1190,4%@1190,0%@1420,5%@1420] EMC_FREQ 0% GR3D_FREQ 0% AUX@45C CPU@45.5C thermal@45C AO@45C GPU@45C PMIC@50C
10-01-2026 11:23:34 RAM 4840/6833MB (lfb 4x2MB) SWAP 45/3417MB (cached 0MB) CPU [4%@1420,9%@1420,4%@1420,0%@1420,4%@1420,9%@1420] EMC_FREQ 0% GR3D_FREQ 0% AUX@45C CPU@45.5C thermal@45C AO@44.5C GPU@44.5C PMIC@50C
10-01-2026 11:23:34 RAM 4840/6833MB (lfb 3x2MB) SWAP 45/3417MB (cached 0MB) CPU [0%@1190,5%@1420,4%@1420,0%@1420,5%@1420,0%@1420] EMC_FREQ 0% GR3D_FREQ 0% AUX@45C CPU@45.5C thermal@45C AO@45C GPU@45C PMIC@50C
10-01-2026 11:23:34 RAM 4840/6833MB (lfb 3x2MB) SWAP 45/3417MB (cached 0MB) CPU [9%@1190,5%@1190,4%@1420,4%@1420,0%@1420,0%@1420] EMC_FREQ 0% GR3D_FREQ 0% AUX@44.5C CPU@45.5C thermal@45C AO@45C GPU@44.5C PMIC@50C
10-01-2026 11:23:34 RAM 4840/6833MB (lfb 3x2MB) SWAP 45/3417MB (cached 0MB) CPU [0%@1190,0%@1190,0%@1420,4%@1420,0%@1420,4%@1420] EMC_FREQ 0% GR3D_FREQ 0% AUX@45C CPU@45.5C thermal@45C AO@45C GPU@44.5C PMIC@50C
10-01-2026 11:23:34 RAM 4840/6833MB (lfb 3x2MB) SWAP 45/3417MB (cached 0MB) CPU [5%@1190,4%@1420,0%@1420,9%@1420,0%@1420,4%@1420] EMC_FREQ 0% GR3D_FREQ 0% AUX@45C CPU@45.5C thermal@45C AO@45C GPU@44.5C PMIC@50C
10-01-2026 11:23:35 RAM 4841/6833MB (lfb 3x2MB) SWAP 45/3417MB (cached 0MB) CPU [4%@1190,0%@1190,0%@1190,0%@1190,5%@1420,20%@1420] EMC_FREQ 0% GR3D_FREQ 0% AUX@45C CPU@45.5C thermal@45C AO@45C GPU@44.5C PMIC@50C
10-01-2026 11:23:35 RAM 4841/6833MB (lfb 3x2MB) SWAP 45/3417MB (cached 0MB) CPU [5%@1420,0%@1420,0%@1420,0%@1420,4%@1420,47%@1420] EMC_FREQ 0% GR3D_FREQ 0% AUX@45C CPU@45.5C thermal@45C AO@45C GPU@44.5C PMIC@50C
10-01-2026 11:23:35 RAM 4841/6833MB (lfb 3x2MB) SWAP 45/3417MB (cached 0MB) CPU [5%@1420,0%@1420,4%@1420,0%@1420,0%@1420,4%@1420] EMC_FREQ 0% GR3D_FREQ 0% AUX@45C CPU@45.5C thermal@45C AO@45C GPU@44.5C PMIC@50C
10-01-2026 11:23:35 RAM 4841/6833MB (lfb 3x2MB) SWAP 45/3417MB (cached 0MB) CPU [0%@1190,4%@1190,0%@1190,0%@1420,4%@1420,0%@1420] EMC_FREQ 0% GR3D_FREQ 0% AUX@45C CPU@45.5C thermal@45C AO@45C GPU@44.5C PMIC@50C
10-01-2026 11:23:35 RAM 4841/6833MB (lfb 3x2MB) SWAP 45/3417MB (cached 0MB) CPU [0%@1420,0%@1420,4%@1420,0%@1420,5%@1420,4%@1420] EMC_FREQ 0% GR3D_FREQ 0% AUX@45C CPU@45.5C thermal@45C AO@45C GPU@45C PMIC@50C
10-01-2026 11:23:36 RAM 4841/6833MB (lfb 3x2MB) SWAP 45/3417MB (cached 0MB) CPU [9%@1190,4%@1420,0%@1420,0%@1420,0%@1420,9%@1420] EMC_FREQ 0% GR3D_FREQ 0% AUX@45C CPU@45.5C thermal@45C AO@45C GPU@45C PMIC@50C
10-01-2026 11:23:36 RAM 4841/6833MB (lfb 3x2MB) SWAP 45/3417MB (cached 0MB) CPU [4%@1190,0%@1190,9%@1420,4%@1420,9%@1420,0%@1420] EMC_FREQ 0% GR3D_FREQ 0% AUX@45C CPU@45.5C thermal@45C AO@45C GPU@44.5C PMIC@50C
10-01-2026 11:23:36 RAM 4841/6833MB (lfb 3x2MB) SWAP 45/3417MB (cached 0MB) CPU [68%@1420,5%@1420,0%@1420,4%@1420,4%@1420,4%@1420] EMC_FREQ 0% GR3D_FREQ 0% AUX@45C CPU@45.5C thermal@45C AO@45C GPU@45C PMIC@50C
10-01-2026 11:23:36 RAM 4841/6833MB (lfb 3x2MB) SWAP 45/3417MB (cached 0MB) CPU [4%@1190,4%@1190,0%@1190,0%@1190,0%@1190,0%@1190] EMC_FREQ 0% GR3D_FREQ 0% AUX@45C CPU@45.5C thermal@45C AO@45C GPU@44.5C PMIC@50C
10-01-2026 11:23:37 RAM 4841/6833MB (lfb 3x2MB) SWAP 45/3417MB (cached 0MB) CPU [0%@1190,0%@1190,0%@1190,4%@1190,0%@1190,0%@1190] EMC_FREQ 0% GR3D_FREQ 0% AUX@45C CPU@45.5C thermal@45C AO@45C GPU@44.5C PMIC@50C
10-01-2026 11:23:37 RAM 4841/6833MB (lfb 3x2MB) SWAP 45/3417MB (cached 0MB) CPU [0%@1190,4%@1190,0%@1420,4%@1420,0%@1420,0%@1420] EMC_FREQ 0% GR3D_FREQ 0% AUX@45C CPU@46C thermal@45C AO@45C GPU@44.5C PMIC@50C
10-01-2026 11:23:37 RAM 4841/6833MB (lfb 3x2MB) SWAP 45/3417MB (cached 0MB) CPU [0%@1420,9%@1420,4%@1420,0%@1420,4%@1420,5%@1420] EMC_FREQ 0% GR3D_FREQ 0% AUX@45C CPU@45.5C thermal@45C AO@45C GPU@44.5C PMIC@50C
10-01-2026 11:23:37 RAM 4841/6833MB (lfb 3x2MB) SWAP 45/3417MB (cached 0MB) CPU [0%@1190,5%@1190,0%@1190,5%@1190,0%@1420,4%@1420] EMC_FREQ 0% GR3D_FREQ 0% AUX@45C CPU@45.5C thermal@45C AO@45C GPU@45C PMIC@50C
10-01-2026 11:23:37 RAM 4841/6833MB (lfb 3x2MB) SWAP 45/3417MB (cached 0MB) CPU [4%@1190,0%@1190,4%@1190,4%@1190,4%@1190,0%@1190] EMC_FREQ 0% GR3D_FREQ 0% AUX@45C CPU@46C thermal@45C AO@45C GPU@45C PMIC@50C
10-01-2026 11:23:38 RAM 4841/6833MB (lfb 3x2MB) SWAP 45/3417MB (cached 0MB) CPU [9%@1190,4%@1190,0%@1190,0%@1190,5%@1190,0%@1420] EMC_FREQ 0% GR3D_FREQ 0% AUX@45C CPU@45.5C thermal@45.15C AO@45C GPU@44.5C PMIC@50C
10-01-2026 11:23:38 RAM 4841/6833MB (lfb 3x2MB) SWAP 45/3417MB (cached 0MB) CPU [0%@1190,4%@1420,0%@1420,0%@1420,4%@1420,4%@1420] EMC_FREQ 0% GR3D_FREQ 0% AUX@45C CPU@46C thermal@45.15C AO@45C GPU@45C PMIC@50C
10-01-2026 11:23:38 RAM 4841/6833MB (lfb 3x2MB) SWAP 45/3417MB (cached 0MB) CPU [0%@1190,0%@1190,0%@1190,0%@1420,0%@1420,0%@1420] EMC_FREQ 0% GR3D_FREQ 0% AUX@45C CPU@46C thermal@45.15C AO@45C GPU@45C PMIC@50C
10-01-2026 11:23:38 RAM 4841/6833MB (lfb 3x2MB) SWAP 45/3417MB (cached 0MB) CPU [0%@1190,4%@1190,0%@1190,4%@1190,0%@1190,5%@1190] EMC_FREQ 0% GR3D_FREQ 0% AUX@45C CPU@46C thermal@45.15C AO@45C GPU@45C PMIC@50C
10-01-2026 11:23:38 RAM 4841/6833MB (lfb 3x2MB) SWAP 45/3417MB (cached 0MB) CPU [9%@1190,0%@1190,0%@1190,0%@1420,5%@1420,4%@1420] EMC_FREQ 0% GR3D_FREQ 0% AUX@45C CPU@46C thermal@45.15C AO@45.5C GPU@45C PMIC@50C
10-01-2026 11:23:39 RAM 4841/6833MB (lfb 3x2MB) SWAP 45/3417MB (cached 0MB) CPU [0%@1190,0%@1420,9%@1420,4%@1420,0%@1420,0%@1420] EMC_FREQ 0% GR3D_FREQ 0% AUX@45C CPU@46C thermal@45.15C AO@45.5C GPU@45C PMIC@50C
10-01-2026 11:23:39 RAM 4841/6833MB (lfb 3x2MB) SWAP 45/3417MB (cached 0MB) CPU [4%@1190,0%@1420,0%@1420,0%@1420,0%@1420,0%@1420] EMC_FREQ 0% GR3D_FREQ 0% AUX@45C CPU@46C thermal@45.15C AO@45C GPU@44.5C PMIC@50C
10-01-2026 11:23:39 RAM 4841/6833MB (lfb 3x2MB) SWAP 45/3417MB (cached 0MB) CPU [0%@1190,0%@1420,0%@1420,9%@1420,4%@1420,0%@1420] EMC_FREQ 0% GR3D_FREQ 0% AUX@45C CPU@46C thermal@45.15C AO@45.5C GPU@44.5C PMIC@50C
10-01-2026 11:23:39 RAM 4841/6833MB (lfb 3x2MB) SWAP 45/3417MB (cached 0MB) CPU [9%@1190,0%@1420,4%@1420,0%@1420,0%@1420,4%@1420] EMC_FREQ 0% GR3D_FREQ 0% AUX@45C CPU@46C thermal@45.15C AO@45.5C GPU@45C PMIC@50C
10-01-2026 11:23:39 RAM 4841/6833MB (lfb 3x2MB) SWAP 45/3417MB (cached 0MB) CPU [0%@1190,4%@1190,5%@1420,5%@1420,0%@1420,0%@1420] EMC_FREQ 0% GR3D_FREQ 0% AUX@45C CPU@46C thermal@45.15C AO@45.5C GPU@45C PMIC@50C
10-01-2026 11:23:40 RAM 4841/6833MB (lfb 3x2MB) SWAP 45/3417MB (cached 0MB) CPU [5%@1190,4%@1190,0%@1420,9%@1420,0%@1420,4%@1420] EMC_FREQ 0% GR3D_FREQ 0% AUX@45C CPU@46C thermal@45.15C AO@45C GPU@45C PMIC@50C
10-01-2026 11:23:40 RAM 4841/6833MB (lfb 3x2MB) SWAP 45/3417MB (cached 0MB) CPU [0%@1420,0%@1420,4%@1420,0%@1420,4%@1420,9%@1420] EMC_FREQ 0% GR3D_FREQ 0% AUX@45C CPU@46C thermal@45.3C AO@45.5C GPU@45C PMIC@50C
10-01-2026 11:23:40 RAM 4841/6833MB (lfb 3x2MB) SWAP 45/3417MB (cached 0MB) CPU [0%@1420,4%@1420,5%@1420,5%@1420,4%@1420,0%@1420] EMC_FREQ 0% GR3D_FREQ 0% AUX@45C CPU@46C thermal@45.3C AO@45.5C GPU@45C PMIC@50C
10-01-2026 11:23:40 RAM 4842/6833MB (lfb 2x2MB) SWAP 45/3417MB (cached 0MB) CPU [5%@1420,0%@1420,0%@1420,0%@1420,5%@1420,0%@1420] EMC_FREQ 0% GR3D_FREQ 0% AUX@45C CPU@46C thermal@45.3C AO@45C GPU@45C PMIC@50C
10-01-2026 11:23:40 RAM 4842/6833MB (lfb 2x2MB) SWAP 45/3417MB (cached 0MB) CPU [0%@1420,0%@1420,0%@1420,0%@1420,4%@1420,5%@1420] EMC_FREQ 0% GR3D_FREQ 0% AUX@45C CPU@46C thermal@45.3C AO@45.5C GPU@45C PMIC@50C
10-01-2026 11:23:41 RAM 4842/6833MB (lfb 2x2MB) SWAP 45/3417MB (cached 0MB) CPU [0%@1190,0%@1190,0%@1190,0%@1420,5%@1420,0%@1420] EMC_FREQ 0% GR3D_FREQ 0% AUX@45C CPU@46C thermal@45.3C AO@45C GPU@45C PMIC@50C
10-01-2026 11:23:41 RAM 4842/6833MB (lfb 2x2MB) SWAP 45/3417MB (cached 0MB) CPU [13%@1190,0%@1190,4%@1190,4%@1190,0%@1420,0%@1420] EMC_FREQ 0% GR3D_FREQ 0% AUX@45C CPU@46C thermal@45.5C AO@45C GPU@45C PMIC@50C
10-01-2026 11:23:41 RAM 4842/6833MB (lfb 2x2MB) SWAP 45/3417MB (cached 0MB) CPU [0%@1190,9%@1420,0%@1420,0%@1420,9%@1420,0%@1420] EMC_FREQ 0% GR3D_FREQ 0% AUX@45C CPU@46C thermal@45.5C AO@45.5C GPU@45C PMIC@50C
10-01-2026 11:23:41 RAM 4842/6833MB (lfb 2x2MB) SWAP 45/3417MB (cached 0MB) CPU [9%@1420,0%@1420,0%@1420,4%@1420,4%@1420,9%@1190] EMC_FREQ 0% GR3D_FREQ 0% AUX@45C CPU@46C thermal@45.5C AO@45.5C GPU@45C PMIC@50C
10-01-2026 11:23:41 RAM 4842/6833MB (lfb 2x2MB) SWAP 45/3417MB (cached 0MB) CPU [5%@1190,63%@1420,0%@1420,0%@1420,0%@1420,4%@1420] EMC_FREQ 0% GR3D_FREQ 0% AUX@45.5C CPU@46C thermal@45.5C AO@45.5C GPU@45C PMIC@50C
10-01-2026 11:23:42 RAM 4842/6833MB (lfb 2x2MB) SWAP 45/3417MB (cached 0MB) CPU [0%@1190,5%@1190,4%@1190,0%@1190,0%@1190,0%@1420] EMC_FREQ 0% GR3D_FREQ 0% AUX@45C CPU@46C thermal@45.5C AO@45.5C GPU@45C PMIC@50C
10-01-2026 11:23:42 RAM 4842/6833MB (lfb 2x2MB) SWAP 45/3417MB (cached 0MB) CPU [5%@1190,0%@1190,4%@1190,4%@1190,0%@1420,0%@1420] EMC_FREQ 0% GR3D_FREQ 0% AUX@45C CPU@46C thermal@45.5C AO@45.5C GPU@45C PMIC@50C
10-01-2026 11:23:42 RAM 4842/6833MB (lfb 2x2MB) SWAP 45/3417MB (cached 0MB) CPU [0%@1190,0%@1190,0%@1190,9%@1420,9%@1420,5%@1420] EMC_FREQ 0% GR3D_FREQ 0% AUX@45C CPU@46C thermal@45.3C AO@45.5C GPU@45C PMIC@50C
10-01-2026 11:23:42 RAM 4842/6833MB (lfb 2x2MB) SWAP 45/3417MB (cached 0MB) CPU [0%@1190,0%@1420,0%@1420,0%@1420,4%@1420,0%@1420] EMC_FREQ 0% GR3D_FREQ 0% AUX@45C CPU@46C thermal@45.3C AO@45.5C GPU@45C PMIC@50C
10-01-2026 11:23:42 RAM 4842/6833MB (lfb 2x2MB) SWAP 45/3417MB (cached 0MB) CPU [9%@1190,9%@1190,0%@1190,0%@1190,0%@1190,5%@1190] EMC_FREQ 0% GR3D_FREQ 0% AUX@45C CPU@46C thermal@45.3C AO@45.5C GPU@45C PMIC@50C
10-01-2026 11:23:43 RAM 4842/6833MB (lfb 2x2MB) SWAP 45/3417MB (cached 0MB) CPU [4%@1420,5%@1420,4%@1420,0%@1420,4%@1420,4%@1420] EMC_FREQ 0% GR3D_FREQ 0% AUX@45.5C CPU@46C thermal@45.3C AO@45C GPU@45C PMIC@50C
10-01-2026 11:23:43 RAM 4842/6833MB (lfb 2x2MB) SWAP 45/3417MB (cached 0MB) CPU [0%@1420,0%@1420,0%@1420,5%@1420,0%@1420,0%@1420] EMC_FREQ 0% GR3D_FREQ 0% AUX@45C CPU@46C thermal@45.3C AO@45.5C GPU@45C PMIC@50C
10-01-2026 11:23:43 RAM 4842/6833MB (lfb 2x2MB) SWAP 45/3417MB (cached 0MB) CPU [4%@1190,0%@1190,0%@1190,0%@1190,4%@1420,0%@1420] EMC_FREQ 0% GR3D_FREQ 0% AUX@45.5C CPU@46C thermal@45.45C AO@45.5C GPU@45C PMIC@50C
10-01-2026 11:23:43 RAM 4842/6833MB (lfb 2x2MB) SWAP 45/3417MB (cached 0MB) CPU [0%@1190,5%@1420,9%@1420,4%@1420,0%@1420,0%@1420] EMC_FREQ 0% GR3D_FREQ 0% AUX@45C CPU@46C thermal@45.45C AO@45.5C GPU@45C PMIC@50C
10-01-2026 11:23:43 RAM 4842/6833MB (lfb 2x2MB) SWAP 45/3417MB (cached 0MB) CPU [0%@1420,4%@1420,0%@1420,5%@1420,0%@1420,4%@1420] EMC_FREQ 0% GR3D_FREQ 0% AUX@45.5C CPU@46C thermal@45.45C AO@46C GPU@45C PMIC@50C
10-01-2026 11:23:44 RAM 4842/6833MB (lfb 2x2MB) SWAP 45/3417MB (cached 0MB) CPU [0%@1190,0%@1190,4%@1190,0%@1190,4%@1190,4%@1190] EMC_FREQ 0% GR3D_FREQ 0% AUX@45.5C CPU@46C thermal@45.45C AO@45.5C GPU@45C PMIC@50C
10-01-2026 11:23:44 RAM 4842/6833MB (lfb 2x2MB) SWAP 45/3417MB (cached 0MB) CPU [4%@1190,0%@1190,0%@1190,4%@1420,0%@1420,0%@1420] EMC_FREQ 0% GR3D_FREQ 0% AUX@45.5C CPU@46.5C thermal@45.45C AO@45.5C GPU@45C PMIC@50C
10-01-2026 11:23:44 RAM 4842/6833MB (lfb 2x2MB) SWAP 45/3417MB (cached 0MB) CPU [4%@1190,9%@1420,0%@1420,5%@1420,0%@1420,5%@1420] EMC_FREQ 0% GR3D_FREQ 0% AUX@45.5C CPU@46.5C thermal@45.45C AO@45.5C GPU@45C PMIC@50C
10-01-2026 11:23:44 RAM 4842/6833MB (lfb 2x2MB) SWAP 45/3417MB (cached 0MB) CPU [5%@1190,0%@1190,0%@1190,4%@1190,0%@1420,0%@1420] EMC_FREQ 0% GR3D_FREQ 0% AUX@45.5C CPU@46C thermal@45.65C AO@46C GPU@45C PMIC@50C
10-01-2026 11:23:44 RAM 4842/6833MB (lfb 2x2MB) SWAP 45/3417MB (cached 0MB) CPU [4%@1420,0%@1420,4%@1420,9%@1420,9%@1420,4%@1420] EMC_FREQ 0% GR3D_FREQ 0% AUX@45.5C CPU@46.5C thermal@45.65C AO@45.5C GPU@45C PMIC@50C
10-01-2026 11:23:45 RAM 4842/6833MB (lfb 2x2MB) SWAP 45/3417MB (cached 0MB) CPU [5%@1190,0%@1190,0%@1190,0%@1190,0%@1420,4%@1420] EMC_FREQ 0% GR3D_FREQ 0% AUX@45.5C CPU@46.5C thermal@45.65C AO@45.5C GPU@45C PMIC@50C
10-01-2026 11:23:45 RAM 4842/6833MB (lfb 2x2MB) SWAP 45/3417MB (cached 0MB) CPU [0%@1190,5%@1190,0%@1190,5%@1190,0%@1420,0%@1420] EMC_FREQ 0% GR3D_FREQ 0% AUX@45.5C CPU@46C thermal@45.65C AO@45.5C GPU@45.5C PMIC@50C
10-01-2026 11:23:45 RAM 4842/6833MB (lfb 2x2MB) SWAP 45/3417MB (cached 0MB) CPU [0%@1420,4%@1420,5%@1420,0%@1420,0%@1420,0%@1420] EMC_FREQ 0% GR3D_FREQ 0% AUX@45.5C CPU@46C thermal@45.65C AO@46C GPU@45.5C PMIC@50C
10-01-2026 11:23:45 RAM 4842/6833MB (lfb 2x2MB) SWAP 45/3417MB (cached 0MB) CPU [0%@1420,0%@1420,0%@1420,0%@1420,4%@1420,13%@1420] EMC_FREQ 0% GR3D_FREQ 0% AUX@45.5C CPU@46C thermal@45.8C AO@45.5C GPU@45.5C PMIC@50C
10-01-2026 11:23:45 RAM 4842/6833MB (lfb 2x2MB) SWAP 45/3417MB (cached 0MB) CPU [4%@1190,4%@1190,4%@1420,4%@1420,4%@1420,4%@1420] EMC_FREQ 0% GR3D_FREQ 0% AUX@45.5C CPU@46.5C thermal@45.8C AO@45.5C GPU@45C PMIC@50C
10-01-2026 11:23:46 RAM 4842/6833MB (lfb 2x2MB) SWAP 45/3417MB (cached 0MB) CPU [0%@1190,4%@1190,4%@1420,9%@1420,0%@1420,0%@1420] EMC_FREQ 0% GR3D_FREQ 0% AUX@45.5C CPU@46C thermal@45.8C AO@45.5C GPU@45C PMIC@50C
10-01-2026 11:23:46 RAM 4842/6833MB (lfb 2x2MB) SWAP 45/3417MB (cached 0MB) CPU [9%@1190,5%@1190,0%@1420,0%@1420,4%@1420,5%@1420] EMC_FREQ 0% GR3D_FREQ 0% AUX@45.5C CPU@46.5C thermal@45.8C AO@46C GPU@45.5C PMIC@50C
10-01-2026 11:23:46 RAM 4842/6833MB (lfb 2x2MB) SWAP 45/3417MB (cached 0MB) CPU [5%@1420,4%@1420,0%@1420,4%@1420,0%@1420,4%@1420] EMC_FREQ 0% GR3D_FREQ 0% AUX@45.5C CPU@46.5C thermal@45.8C AO@45.5C GPU@45.5C PMIC@50C
10-01-2026 11:23:46 RAM 4842/6833MB (lfb 2x2MB) SWAP 45/3417MB (cached 0MB) CPU [0%@1190,0%@1190,4%@1420,0%@1420,0%@1420,0%@1420] EMC_FREQ 0% GR3D_FREQ 0% AUX@45.5C CPU@46.5C thermal@45.8C AO@45.5C GPU@45.5C PMIC@50C
10-01-2026 11:23:46 RAM 4842/6833MB (lfb 2x2MB) SWAP 45/3417MB (cached 0MB) CPU [66%@1190,9%@1190,4%@1190,4%@1190,4%@1190,4%@1190] EMC_FREQ 0% GR3D_FREQ 0% AUX@45.5C CPU@46.5C thermal@45.8C AO@46C GPU@45.5C PMIC@50C
10-01-2026 11:23:47 RAM 4842/6833MB (lfb 2x2MB) SWAP 45/3417MB (cached 0MB) CPU [4%@1420,0%@1420,0%@1420,0%@1420,0%@1420,0%@1420] EMC_FREQ 0% GR3D_FREQ 0% AUX@45.5C CPU@46.5C thermal@45.8C AO@46C GPU@45.5C PMIC@50C
10-01-2026 11:23:47 RAM 4842/6833MB (lfb 2x2MB) SWAP 45/3417MB (cached 0MB) CPU [9%@1420,0%@1420,5%@1420,4%@1420,5%@1420,0%@1420] EMC_FREQ 0% GR3D_FREQ 0% AUX@45.5C CPU@46.5C thermal@45.8C AO@46C GPU@45.5C PMIC@50C
10-01-2026 11:23:47 RAM 4842/6833MB (lfb 2x2MB) SWAP 45/3417MB (cached 0MB) CPU [0%@1190,5%@1420,4%@1420,0%@1420,0%@1420,9%@1420] EMC_FREQ 0% GR3D_FREQ 0% AUX@45.5C CPU@46.5C thermal@45.8C AO@45.5C GPU@45.5C PMIC@50C
10-01-2026 11:23:47 RAM 4842/6833MB (lfb 2x2MB) SWAP 45/3417MB (cached 0MB) CPU [5%@1190,0%@1420,0%@1420,0%@1420,0%@1420,4%@1420] EMC_FREQ 0% GR3D_FREQ 0% AUX@45.5C CPU@46.5C thermal@45.8C AO@46C GPU@45.5C PMIC@50C
10-01-2026 11:23:47 RAM 4842/6833MB (lfb 2x2MB) SWAP 45/3417MB (cached 0MB) CPU [4%@1420,4%@1420,0%@1420,9%@1420,0%@1420,0%@1420] EMC_FREQ 0% GR3D_FREQ 0% AUX@45.5C CPU@46.5C thermal@45.8C AO@45.5C GPU@45C PMIC@50C
10-01-2026 11:23:48 RAM 4842/6833MB (lfb 2x2MB) SWAP 45/3417MB (cached 0MB) CPU [0%@1190,9%@1190,0%@1190,0%@1190,0%@1190,4%@1190] EMC_FREQ 0% GR3D_FREQ 0% AUX@45.5C CPU@46.5C thermal@45.8C AO@45.5C GPU@45C PMIC@50C
10-01-2026 11:23:48 RAM 4842/6833MB (lfb 2x2MB) SWAP 45/3417MB (cached 0MB) CPU [5%@1420,4%@1420,0%@1420,5%@1420,9%@1420,0%@1420] EMC_FREQ 0% GR3D_FREQ 0% AUX@45.5C CPU@46.5C thermal@45.8C AO@46C GPU@45.5C PMIC@50C
10-01-2026 11:23:48 RAM 4842/6833MB (lfb 2x2MB) SWAP 45/3417MB (cached 0MB) CPU [0%@1420,5%@1420,5%@1420,0%@1420,0%@1420,5%@1420] EMC_FREQ 0% GR3D_FREQ 0% AUX@45.5C CPU@46.5C thermal@45.8C AO@45.5C GPU@45.5C PMIC@50C
10-01-2026 11:23:48 RAM 4842/6833MB (lfb 2x2MB) SWAP 45/3417MB (cached 0MB) CPU [0%@1190,0%@1190,0%@1190,4%@1190,5%@1190,0%@1420] EMC_FREQ 0% GR3D_FREQ 0% AUX@45.5C CPU@46.5C thermal@45.8C AO@46C GPU@45.5C PMIC@50C
10-01-2026 11:23:49 RAM 4842/6833MB (lfb 2x2MB) SWAP 45/3417MB (cached 0MB) CPU [0%@1190,4%@1420,0%@1420,0%@1420,0%@1420,5%@1420] EMC_FREQ 0% GR3D_FREQ 0% AUX@45.5C CPU@46.5C thermal@45.8C AO@45.5C GPU@45.5C PMIC@50C
10-01-2026 11:23:49 RAM 4842/6833MB (lfb 2x2MB) SWAP 45/3417MB (cached 0MB) CPU [4%@1420,0%@1420,4%@1420,5%@1420,0%@1420,4%@1420] EMC_FREQ 0% GR3D_FREQ 0% AUX@45.5C CPU@46.5C thermal@46C AO@46C GPU@45.5C PMIC@50C
10-01-2026 11:23:49 RAM 4842/6833MB (lfb 2x2MB) SWAP 45/3417MB (cached 0MB) CPU [0%@1190,0%@1190,0%@1190,4%@1190,0%@1190,4%@1190] EMC_FREQ 0% GR3D_FREQ 0% AUX@45.5C CPU@46.5C thermal@46C AO@46C GPU@45.5C PMIC@50C
10-01-2026 11:23:49 RAM 4843/6833MB (lfb 2x2MB) SWAP 45/3417MB (cached 0MB) CPU [0%@1190,4%@1190,5%@1190,0%@1190,0%@1190,4%@1420] EMC_FREQ 0% GR3D_FREQ 0% AUX@45.5C CPU@46.5C thermal@46C AO@45.5C GPU@45.5C PMIC@50C
10-01-2026 11:23:49 RAM 4843/6833MB (lfb 2x2MB) SWAP 45/3417MB (cached 0MB) CPU [4%@1420,0%@1420,9%@1420,0%@1420,4%@1420,0%@1420] EMC_FREQ 0% GR3D_FREQ 0% AUX@46C CPU@46.5C thermal@46C AO@46C GPU@45.5C PMIC@50C
10-01-2026 11:23:50 RAM 4843/6833MB (lfb 2x2MB) SWAP 45/3417MB (cached 0MB) CPU [5%@1190,0%@1420,0%@1420,0%@1420,9%@1420,4%@1420] EMC_FREQ 0% GR3D_FREQ 0% AUX@45.5C CPU@46.5C thermal@46C AO@46C GPU@45.5C PMIC@50C
10-01-2026 11:23:50 RAM 4843/6833MB (lfb 2x2MB) SWAP 45/3417MB (cached 0MB) CPU [4%@1190,0%@1190,0%@1420,4%@1420,0%@1420,0%@1420] EMC_FREQ 0% GR3D_FREQ 0% AUX@45.5C CPU@46.5C thermal@45.8C AO@46C GPU@45.5C PMIC@50C
10-01-2026 11:23:50 RAM 4843/6833MB (lfb 2x2MB) SWAP 45/3417MB (cached 0MB) CPU [4%@1190,9%@1190,0%@1190,9%@1190,0%@1190,0%@1190] EMC_FREQ 0% GR3D_FREQ 0% AUX@45.5C CPU@46.5C thermal@45.8C AO@46C GPU@45.5C PMIC@50C
10-01-2026 11:23:50 RAM 4843/6833MB (lfb 2x2MB) SWAP 45/3417MB (cached 0MB) CPU [5%@1420,5%@1420,4%@1420,0%@1420,0%@1420,68%@1420] EMC_FREQ 0% GR3D_FREQ 0% AUX@45.5C CPU@46.5C thermal@45.8C AO@46C GPU@45.5C PMIC@50C
10-01-2026 11:23:50 RAM 4843/6833MB (lfb 2x2MB) SWAP 45/3417MB (cached 0MB) CPU [4%@1190,0%@1420,4%@1420,0%@1420,4%@1420,0%@1420] EMC_FREQ 0% GR3D_FREQ 0% AUX@45.5C CPU@46.5C thermal@45.8C AO@46C GPU@45.5C PMIC@50C
10-01-2026 11:23:51 RAM 4843/6833MB (lfb 2x2MB) SWAP 45/3417MB (cached 0MB) CPU [0%@1420,0%@1420,0%@1420,4%@1420,0%@1420,0%@1420] EMC_FREQ 0% GR3D_FREQ 0% AUX@46C CPU@46.5C thermal@45.8C AO@46C GPU@45.5C PMIC@50C
10-01-2026 11:23:51 RAM 4843/6833MB (lfb 2x2MB) SWAP 45/3417MB (cached 0MB) CPU [0%@1420,9%@1420,0%@1420,5%@1420,0%@1420,0%@1420] EMC_FREQ 0% GR3D_FREQ 0% AUX@46C CPU@46.5C thermal@45.8C AO@46C GPU@45.5C PMIC@50C
10-01-2026 11:23:51 RAM 4843/6833MB (lfb 2x2MB) SWAP 45/3417MB (cached 0MB) CPU [0%@1420,4%@1420,5%@1420,5%@1420,0%@1420,5%@1420] EMC_FREQ 0% GR3D_FREQ 0% AUX@45.5C CPU@46.5C thermal@46C AO@46C GPU@45.5C PMIC@50C
10-01-2026 11:23:51 RAM 4843/6833MB (lfb 2x2MB) SWAP 45/3417MB (cached 0MB) CPU [0%@1190,5%@1190,4%@1190,0%@1190,4%@1190,0%@1190] EMC_FREQ 0% GR3D_FREQ 0% AUX@45.5C CPU@46.5C thermal@46C AO@46C GPU@45.5C PMIC@50C
10-01-2026 11:23:51 RAM 4843/6833MB (lfb 2x2MB) SWAP 45/3417MB (cached 0MB) CPU [4%@1190,0%@1190,4%@1190,0%@1190,0%@1190,4%@1190] EMC_FREQ 0% GR3D_FREQ 0% AUX@46C CPU@46.5C thermal@46C AO@46C GPU@45.5C PMIC@50C
10-01-2026 11:23:52 RAM 4843/6833MB (lfb 2x2MB) SWAP 45/3417MB (cached 0MB) CPU [4%@1190,5%@1190,4%@1190,4%@1190,0%@1420,0%@1420] EMC_FREQ 0% GR3D_FREQ 0% AUX@46C CPU@46.5C thermal@46C AO@46C GPU@46C PMIC@50C
10-01-2026 11:23:52 RAM 4844/6833MB (lfb 2x2MB) SWAP 45/3417MB (cached 0MB) CPU [65%@1190,5%@1190,4%@1190,4%@1190,0%@1190,4%@1420] EMC_FREQ 0% GR3D_FREQ 0% AUX@46C CPU@46.5C thermal@46C AO@46C GPU@45.5C PMIC@50C
10-01-2026 11:23:52 RAM 4844/6833MB (lfb 2x2MB) SWAP 45/3417MB (cached 0MB) CPU [0%@1420,4%@1420,5%@1420,0%@1420,0%@1420,0%@1420] EMC_FREQ 0% GR3D_FREQ 0% AUX@46C CPU@46.5C thermal@45.8C AO@46C GPU@45.5C PMIC@50C
10-01-2026 11:23:52 RAM 4844/6833MB (lfb 2x2MB) SWAP 45/3417MB (cached 0MB) CPU [0%@1190,5%@1190,0%@1190,4%@1190,0%@1190,5%@1190] EMC_FREQ 0% GR3D_FREQ 0% AUX@46C CPU@46.5C thermal@45.8C AO@46C GPU@45.5C PMIC@50C
10-01-2026 11:23:52 RAM 4844/6833MB (lfb 2x2MB) SWAP 45/3417MB (cached 0MB) CPU [0%@1190,0%@1190,4%@1190,0%@1190,0%@1190,0%@1190] EMC_FREQ 0% GR3D_FREQ 0% AUX@46C CPU@46.5C thermal@45.8C AO@46C GPU@45.5C PMIC@50C
10-01-2026 11:23:53 RAM 4844/6833MB (lfb 2x2MB) SWAP 45/3417MB (cached 0MB) CPU [0%@1190,4%@1190,0%@1190,0%@1420,0%@1420,5%@1420] EMC_FREQ 0% GR3D_FREQ 0% AUX@46C CPU@46.5C thermal@45.8C AO@46C GPU@45.5C PMIC@50C
10-01-2026 11:23:53 RAM 4844/6833MB (lfb 2x2MB) SWAP 45/3417MB (cached 0MB) CPU [0%@1190,0%@1420,4%@1420,0%@1420,9%@1420,4%@1420] EMC_FREQ 0% GR3D_FREQ 0% AUX@46C CPU@46.5C thermal@45.8C AO@46C GPU@45.5C PMIC@50C
10-01-2026 11:23:53 RAM 4844/6833MB (lfb 2x2MB) SWAP 45/3417MB (cached 0MB) CPU [0%@1420,5%@1420,4%@1420,0%@1420,4%@1420,5%@1420] EMC_FREQ 0% GR3D_FREQ 0% AUX@46C CPU@46.5C thermal@45.8C AO@46C GPU@45.5C PMIC@50C
10-01-2026 11:23:53 RAM 4844/6833MB (lfb 2x2MB) SWAP 45/3417MB (cached 0MB) CPU [13%@1190,5%@1190,0%@1190,0%@1190,5%@1420,4%@1420] EMC_FREQ 0% GR3D_FREQ 0% AUX@45.5C CPU@46.5C thermal@46C AO@46C GPU@45.5C PMIC@50C
10-01-2026 11:23:53 RAM 4844/6833MB (lfb 2x2MB) SWAP 45/3417MB (cached 0MB) CPU [0%@1420,4%@1420,0%@1420,9%@1420,4%@1420,0%@1420] EMC_FREQ 0% GR3D_FREQ 0% AUX@46C CPU@46.5C thermal@46C AO@46C GPU@45.5C PMIC@50C
10-01-2026 11:23:54 RAM 4844/6833MB (lfb 2x2MB) SWAP 45/3417MB (cached 0MB) CPU [0%@1190,0%@1190,0%@1190,0%@1190,0%@1190,9%@1190] EMC_FREQ 0% GR3D_FREQ 0% AUX@45.5C CPU@46.5C thermal@46C AO@46C GPU@45.5C PMIC@50C
10-01-2026 11:23:54 RAM 4844/6833MB (lfb 2x2MB) SWAP 45/3417MB (cached 0MB) CPU [4%@1190,9%@1190,4%@1190,4%@1190,0%@1190,0%@1190] EMC_FREQ 0% GR3D_FREQ 0% AUX@45.5C CPU@46.5C thermal@46C AO@46C GPU@45.5C PMIC@50C
10-01-2026 11:23:54 RAM 4844/6833MB (lfb 2x2MB) SWAP 45/3417MB (cached 0MB) CPU [0%@1420,0%@1420,0%@1420,0%@1420,0%@1420,4%@1420] EMC_FREQ 0% GR3D_FREQ 0% AUX@45.5C CPU@46.5C thermal@46C AO@45.5C GPU@45.5C PMIC@50C
10-01-2026 11:23:54 RAM 4844/6833MB (lfb 2x2MB) SWAP 45/3417MB (cached 0MB) CPU [0%@1190,4%@1190,0%@1190,0%@1420,0%@1420,9%@1420] EMC_FREQ 0% GR3D_FREQ 0% AUX@45.5C CPU@46.5C thermal@45.8C AO@45.5C GPU@45.5C PMIC@50C
10-01-2026 11:23:54 RAM 4844/6833MB (lfb 2x2MB) SWAP 45/3417MB (cached 0MB) CPU [9%@1190,0%@1420,0%@1420,9%@1420,0%@1420,0%@1420] EMC_FREQ 0% GR3D_FREQ 0% AUX@45.5C CPU@46.5C thermal@45.8C AO@46C GPU@45.5C PMIC@50C
10-01-2026 11:23:55 RAM 4844/6833MB (lfb 2x2MB) SWAP 45/3417MB (cached 0MB) CPU [0%@1190,0%@1190,0%@1420,0%@1420,0%@1420,5%@1420] EMC_FREQ 0% GR3D_FREQ 0% AUX@45.5C CPU@46.5C thermal@45.8C AO@46C GPU@45.5C PMIC@50C
10-01-2026 11:23:55 RAM 4844/6833MB (lfb 2x2MB) SWAP 45/3417MB (cached 0MB) CPU [0%@1190,9%@1190,4%@1190,9%@1190,0%@1190,0%@1190] EMC_FREQ 0% GR3D_FREQ 0% AUX@45.5C CPU@46.5C thermal@45.8C AO@46C GPU@45.5C PMIC@50C
10-01-2026 11:23:55 RAM 4844/6833MB (lfb 2x2MB) SWAP 45/3417MB (cached 0MB) CPU [4%@1190,4%@1190,4%@1190,0%@1190,4%@1190,0%@1420] EMC_FREQ 0% GR3D_FREQ 0% AUX@45.5C CPU@46.5C thermal@45.8C AO@46C GPU@45.5C PMIC@50C
10-01-2026 11:23:55 RAM 4844/6833MB (lfb 2x2MB) SWAP 45/3417MB (cached 0MB) CPU [0%@1190,5%@1190,0%@1190,5%@1190,0%@1190,0%@1420] EMC_FREQ 0% GR3D_FREQ 0% AUX@45.5C CPU@46.5C thermal@45.8C AO@46C GPU@45.5C PMIC@50C
10-01-2026 11:23:55 RAM 4844/6833MB (lfb 2x2MB) SWAP 45/3417MB (cached 0MB) CPU [0%@1190,0%@1420,0%@1420,0%@1420,0%@1420,5%@1420] EMC_FREQ 0% GR3D_FREQ 0% AUX@45.5C CPU@46.5C thermal@45.8C AO@46C GPU@45.5C PMIC@50C
10-01-2026 11:23:56 RAM 4844/6833MB (lfb 2x2MB) SWAP 45/3417MB (cached 0MB) CPU [4%@1190,4%@1420,0%@1420,4%@1420,0%@1420,0%@1420] EMC_FREQ 0% GR3D_FREQ 0% AUX@45.5C CPU@46.5C thermal@45.8C AO@46C GPU@45.5C PMIC@50C
10-01-2026 11:23:56 RAM 4844/6833MB (lfb 2x2MB) SWAP 45/3417MB (cached 0MB) CPU [0%@1190,0%@1190,0%@1190,0%@1190,9%@1190,5%@1190] EMC_FREQ 0% GR3D_FREQ 0% AUX@45.5C CPU@46.5C thermal@45.8C AO@46C GPU@45.5C PMIC@50C
10-01-2026 11:23:56 RAM 4844/6833MB (lfb 2x2MB) SWAP 45/3417MB (cached 0MB) CPU [0%@1190,9%@1190,0%@1190,4%@1190,4%@1190,4%@1190] EMC_FREQ 0% GR3D_FREQ 0% AUX@45.5C CPU@46.5C thermal@45.8C AO@46C GPU@45.5C PMIC@50C
10-01-2026 11:23:56 RAM 4844/6833MB (lfb 2x2MB) SWAP 45/3417MB (cached 0MB) CPU [0%@1420,0%@1420,0%@1420,9%@1420,0%@1420,4%@1420] EMC_FREQ 0% GR3D_FREQ 0% AUX@45.5C CPU@46.5C thermal@45.8C AO@46C GPU@45.5C PMIC@50C
10-01-2026 11:23:56 RAM 4844/6833MB (lfb 2x2MB) SWAP 45/3417MB (cached 0MB) CPU [0%@1420,0%@1420,4%@1420,0%@1420,4%@1420,0%@1420] EMC_FREQ 0% GR3D_FREQ 0% AUX@45.5C CPU@46.5C thermal@45.8C AO@45.5C GPU@45C PMIC@50C
10-01-2026 11:23:57 RAM 4844/6833MB (lfb 2x2MB) SWAP 45/3417MB (cached 0MB) CPU [9%@1190,4%@1420,4%@1420,4%@1420,4%@1420,5%@1420] EMC_FREQ 0% GR3D_FREQ 0% AUX@45.5C CPU@46.5C thermal@45.8C AO@45.5C GPU@45.5C PMIC@50C
10-01-2026 11:23:57 RAM 4844/6833MB (lfb 2x2MB) SWAP 45/3417MB (cached 0MB) CPU [4%@1190,5%@1190,0%@1190,0%@1190,0%@1190,0%@1190] EMC_FREQ 0% GR3D_FREQ 0% AUX@45.5C CPU@46C thermal@45.8C AO@45.5C GPU@45.5C PMIC@50C
10-01-2026 11:23:57 RAM 4844/6833MB (lfb 2x2MB) SWAP 45/3417MB (cached 0MB) CPU [65%@1420,4%@1420,4%@1420,0%@1420,0%@1420,0%@1420] EMC_FREQ 0% GR3D_FREQ 0% AUX@45.5C CPU@46.5C thermal@45.8C AO@45.5C GPU@45.5C PMIC@50C
10-01-2026 11:23:57 RAM 4844/6833MB (lfb 2x2MB) SWAP 45/3417MB (cached 0MB) CPU [0%@1190,5%@1420,5%@1420,4%@1420,4%@1420,4%@1420] EMC_FREQ 0% GR3D_FREQ 0% AUX@45.5C CPU@46C thermal@45.8C AO@45.5C GPU@45.5C PMIC@50C
10-01-2026 11:23:57 RAM 4844/6833MB (lfb 2x2MB) SWAP 45/3417MB (cached 0MB) CPU [4%@1190,0%@1420,0%@1420,0%@1420,5%@1420,5%@1420] EMC_FREQ 0% GR3D_FREQ 0% AUX@45.5C CPU@46.5C thermal@45.8C AO@45.5C GPU@45.5C PMIC@50C
10-01-2026 11:23:58 RAM 4844/6833MB (lfb 1x2MB) SWAP 45/3417MB (cached 0MB) CPU [0%@1420,0%@1420,5%@1420,4%@1420,9%@1420,0%@1420] EMC_FREQ 0% GR3D_FREQ 0% AUX@45.5C CPU@46.5C thermal@45.8C AO@45.5C GPU@45.5C PMIC@50C
10-01-2026 11:23:58 RAM 4845/6833MB (lfb 1x2MB) SWAP 45/3417MB (cached 0MB) CPU [0%@1190,15%@1420,4%@1420,5%@1420,0%@1420,0%@1420] EMC_FREQ 0% GR3D_FREQ 0% AUX@45.5C CPU@46.5C thermal@45.8C AO@46C GPU@45C PMIC@50C
10-01-2026 11:23:58 RAM 4845/6833MB (lfb 1x2MB) SWAP 45/3417MB (cached 0MB) CPU [5%@1190,55%@1420,4%@1420,4%@1420,4%@1420,0%@1420] EMC_FREQ 0% GR3D_FREQ 0% AUX@45.5C CPU@46C thermal@45.8C AO@45.5C GPU@45.5C PMIC@50C
10-01-2026 11:23:58 RAM 4845/6833MB (lfb 1x2MB) SWAP 45/3417MB (cached 0MB) CPU [9%@1190,0%@1190,0%@1190,0%@1420,0%@1420,9%@1420] EMC_FREQ 0% GR3D_FREQ 0% AUX@45C CPU@46.5C thermal@45.8C AO@45.5C GPU@45.5C PMIC@50C
10-01-2026 11:23:58 RAM 4845/6833MB (lfb 1x2MB) SWAP 45/3417MB (cached 0MB) CPU [4%@1190,5%@1420,0%@1420,4%@1420,0%@1420,5%@1420] EMC_FREQ 0% GR3D_FREQ 0% AUX@45.5C CPU@46C thermal@45.8C AO@45.5C GPU@45.5C PMIC@50C
10-01-2026 11:23:59 RAM 4845/6833MB (lfb 1x2MB) SWAP 45/3417MB (cached 0MB) CPU [0%@1190,0%@1420,4%@1420,5%@1420,0%@1420,0%@1420] EMC_FREQ 0% GR3D_FREQ 0% AUX@45.5C CPU@46C thermal@45.5C AO@45.5C GPU@45.5C PMIC@50C
10-01-2026 11:23:59 RAM 4845/6833MB (lfb 1x2MB) SWAP 45/3417MB (cached 0MB) CPU [0%@1190,4%@1420,4%@1420,4%@1420,5%@1420,0%@1420] EMC_FREQ 0% GR3D_FREQ 0% AUX@45.5C CPU@46C thermal@45.5C AO@45.5C GPU@45C PMIC@50C
10-01-2026 11:23:59 RAM 4845/6833MB (lfb 1x2MB) SWAP 45/3417MB (cached 0MB) CPU [0%@1190,5%@1420,0%@1420,4%@1420,4%@1420,4%@1420] EMC_FREQ 0% GR3D_FREQ 0% AUX@45C CPU@46.5C thermal@45.5C AO@45.5C GPU@45C PMIC@50C
10-01-2026 11:23:59 RAM 4845/6833MB (lfb 1x2MB) SWAP 45/3417MB (cached 0MB) CPU [0%@1190,4%@1420,0%@1420,0%@1420,0%@1420,0%@1420] EMC_FREQ 0% GR3D_FREQ 0% AUX@45.5C CPU@46C thermal@45.5C AO@45.5C GPU@45C PMIC@50C
10-01-2026 11:23:59 RAM 4845/6833MB (lfb 1x2MB) SWAP 45/3417MB (cached 0MB) CPU [0%@1420,0%@1420,9%@1420,4%@1420,0%@1420,0%@1420] EMC_FREQ 0% GR3D_FREQ 0% AUX@45.5C CPU@46C thermal@45.5C AO@45.5C GPU@45.5C PMIC@50C
10-01-2026 11:24:00 RAM 4846/6833MB (lfb 1x2MB) SWAP 45/3417MB (cached 0MB) CPU [5%@1420,4%@1420,0%@1420,5%@1420,0%@1420,0%@1420] EMC_FREQ 0% GR3D_FREQ 0% AUX@45C CPU@46C thermal@45.5C AO@45.5C GPU@45C PMIC@50C
10-01-2026 11:24:00 RAM 4846/6833MB (lfb 1x2MB) SWAP 45/3417MB (cached 0MB) CPU [0%@1420,0%@1420,4%@1420,0%@1420,0%@1420,4%@1420] EMC_FREQ 0% GR3D_FREQ 0% AUX@45.5C CPU@46C thermal@45.3C AO@45.5C GPU@45C PMIC@50C
10-01-2026 11:24:00 RAM 4846/6833MB (lfb 1x2MB) SWAP 45/3417MB (cached 0MB) CPU [9%@1190,5%@1190,5%@1420,0%@1420,9%@1420,0%@1420] EMC_FREQ 0% GR3D_FREQ 0% AUX@45.5C CPU@46C thermal@45.3C AO@45.5C GPU@45.5C PMIC@50C
10-01-2026 11:24:00 RAM 4846/6833MB (lfb 1x2MB) SWAP 45/3417MB (cached 0MB) CPU [0%@1420,0%@1420,0%@1420,0%@1420,0%@1420,0%@1420] EMC_FREQ 0% GR3D_FREQ 0% AUX@45.5C CPU@46C thermal@45.3C AO@45.5C GPU@45C PMIC@50C
10-01-2026 11:24:01 RAM 4846/6833MB (lfb 1x2MB) SWAP 45/3417MB (cached 0MB) CPU [0%@1190,4%@1190,9%@1190,5%@1190,4%@1190,0%@1420] EMC_FREQ 0% GR3D_FREQ 0% AUX@45C CPU@46.5C thermal@45.3C AO@45.5C GPU@45C PMIC@50C
10-01-2026 11:24:01 RAM 4846/6833MB (lfb 1x2MB) SWAP 45/3417MB (cached 0MB) CPU [0%@1190,0%@1190,0%@1190,9%@1190,0%@1420,4%@1420] EMC_FREQ 0% GR3D_FREQ 0% AUX@45.5C CPU@46C thermal@45.3C AO@45.5C GPU@45C PMIC@50C
10-01-2026 11:24:01 RAM 4846/6833MB (lfb 1x2MB) SWAP 45/3417MB (cached 0MB) CPU [4%@1190,0%@1190,5%@1190,0%@1190,0%@1420,5%@1420] EMC_FREQ 0% GR3D_FREQ 0% AUX@45.5C CPU@46C thermal@45.5C AO@45.5C GPU@45C PMIC@50C
10-01-2026 11:24:01 RAM 4846/6833MB (lfb 1x2MB) SWAP 45/3417MB (cached 0MB) CPU [0%@1420,4%@1420,0%@1420,9%@1420,0%@1420,4%@1420] EMC_FREQ 0% GR3D_FREQ 0% AUX@45C CPU@46C thermal@45.5C AO@45.5C GPU@45C PMIC@50C
10-01-2026 11:24:01 RAM 4846/6833MB (lfb 1x2MB) SWAP 45/3417MB (cached 0MB) CPU [0%@1420,0%@1420,4%@1420,4%@1420,4%@1420,0%@1420] EMC_FREQ 0% GR3D_FREQ 0% AUX@45C CPU@46C thermal@45.5C AO@45C GPU@45C PMIC@50C
10-01-2026 11:24:02 RAM 4846/6833MB (lfb 1x2MB) SWAP 45/3417MB (cached 0MB) CPU [0%@1190,0%@1190,0%@1420,0%@1420,5%@1420,0%@1420] EMC_FREQ 0% GR3D_FREQ 0% AUX@45C CPU@46C thermal@45.5C AO@45C GPU@45C PMIC@50C
10-01-2026 11:24:02 RAM 4846/6833MB (lfb 1x2MB) SWAP 45/3417MB (cached 0MB) CPU [9%@1190,4%@1190,4%@1190,0%@1190,0%@1420,5%@1420] EMC_FREQ 0% GR3D_FREQ 0% AUX@45C CPU@46C thermal@45.5C AO@45C GPU@45C PMIC@50C
10-01-2026 11:24:02 RAM 4846/6833MB (lfb 1x2MB) SWAP 45/3417MB (cached 0MB) CPU [71%@1420,0%@1420,4%@1420,4%@1420,5%@1420,4%@1420] EMC_FREQ 0% GR3D_FREQ 0% AUX@45C CPU@46C thermal@45.5C AO@45.5C GPU@45C PMIC@50C
10-01-2026 11:24:02 RAM 4846/6833MB (lfb 1x2MB) SWAP 45/3417MB (cached 0MB) CPU [0%@1420,4%@1420,0%@1420,5%@1420,0%@1420,0%@1420] EMC_FREQ 0% GR3D_FREQ 0% AUX@45.5C CPU@46C thermal@45.3C AO@45.5C GPU@45C PMIC@50C
10-01-2026 11:24:02 RAM 4846/6833MB (lfb 1x2MB) SWAP 45/3417MB (cached 0MB) CPU [0%@1190,5%@1420,0%@1420,5%@1420,4%@1420,0%@1420] EMC_FREQ 0% GR3D_FREQ 0% AUX@45.5C CPU@46C thermal@45.3C AO@45.5C GPU@45C PMIC@50C
10-01-2026 11:24:03 RAM 4846/6833MB (lfb 1x2MB) SWAP 45/3417MB (cached 0MB) CPU [0%@1420,0%@1420,0%@1420,0%@1420,0%@1420,4%@1420] EMC_FREQ 0% GR3D_FREQ 0% AUX@45C CPU@46C thermal@45.3C AO@45.5C GPU@45C PMIC@50C
10-01-2026 11:24:03 RAM 4846/6833MB (lfb 1x2MB) SWAP 45/3417MB (cached 0MB) CPU [0%@1420,4%@1420,4%@1420,0%@1420,0%@1420,0%@1420] EMC_FREQ 0% GR3D_FREQ 0% AUX@45C CPU@46C thermal@45.3C AO@45.5C GPU@45C PMIC@50C
10-01-2026 11:24:03 RAM 4846/6833MB (lfb 1x2MB) SWAP 45/3417MB (cached 0MB) CPU [9%@1420,0%@1420,0%@1420,0%@1420,0%@1420,0%@1420] EMC_FREQ 0% GR3D_FREQ 0% AUX@45C CPU@46C thermal@45.3C AO@45.5C GPU@45C PMIC@50C
10-01-2026 11:24:03 RAM 4846/6833MB (lfb 1x2MB) SWAP 45/3417MB (cached 0MB) CPU [0%@1420,9%@1420,0%@1420,9%@1420,0%@1420,4%@1420] EMC_FREQ 0% GR3D_FREQ 0% AUX@45C CPU@46C thermal@45.3C AO@45.5C GPU@45C PMIC@50C
10-01-2026 11:24:03 RAM 4846/6833MB (lfb 1x2MB) SWAP 45/3417MB (cached 0MB) CPU [66%@1420,0%@1420,4%@1420,4%@1420,0%@1420,4%@1420] EMC_FREQ 0% GR3D_FREQ 0% AUX@45.5C CPU@46C thermal@45.3C AO@45.5C GPU@45C PMIC@50C
10-01-2026 11:24:04 RAM 4846/6833MB (lfb 1x2MB) SWAP 45/3417MB (cached 0MB) CPU [0%@1190,4%@1190,5%@1190,0%@1420,9%@1420,0%@1420] EMC_FREQ 0% GR3D_FREQ 0% AUX@45C CPU@46C thermal@45.3C AO@45.5C GPU@45C PMIC@50C
10-01-2026 11:24:04 RAM 4846/6833MB (lfb 1x2MB) SWAP 45/3417MB (cached 0MB) CPU [0%@1420,0%@1420,0%@1420,0%@1420,0%@1420,0%@1420] EMC_FREQ 0% GR3D_FREQ 0% AUX@45C CPU@45.5C thermal@45.3C AO@45.5C GPU@45C PMIC@50C
10-01-2026 11:24:04 RAM 4846/6833MB (lfb 1x2MB) SWAP 45/3417MB (cached 0MB) CPU [0%@1420,0%@1420,0%@1420,4%@1420,9%@1420,0%@1420] EMC_FREQ 0% GR3D_FREQ 0% AUX@45C CPU@46C thermal@45.3C AO@45C GPU@45C PMIC@50C
10-01-2026 11:24:04 RAM 4846/6833MB (lfb 1x2MB) SWAP 45/3417MB (cached 0MB) CPU [0%@1420,5%@1420,0%@1420,0%@1420,0%@1420,0%@1420] EMC_FREQ 0% GR3D_FREQ 0% AUX@45C CPU@46C thermal@45.3C AO@45C GPU@45C PMIC@50C
10-01-2026 11:24:04 RAM 4846/6833MB (lfb 1x2MB) SWAP 45/3417MB (cached 0MB) CPU [4%@1420,4%@1420,4%@1420,0%@1420,4%@1420,9%@1420] EMC_FREQ 0% GR3D_FREQ 0% AUX@45C CPU@46C thermal@45.3C AO@45.5C GPU@45C PMIC@50C
10-01-2026 11:24:05 RAM 4846/6833MB (lfb 1x2MB) SWAP 45/3417MB (cached 0MB) CPU [4%@1420,0%@1420,0%@1420,0%@1420,0%@1420,5%@1420] EMC_FREQ 0% GR3D_FREQ 0% AUX@45C CPU@46C thermal@45.3C AO@45C GPU@45C PMIC@50C
10-01-2026 11:24:05 RAM 4846/6833MB (lfb 1x2MB) SWAP 45/3417MB (cached 0MB) CPU [0%@1420,9%@1420,0%@1420,9%@1420,4%@1420,0%@1420] EMC_FREQ 0% GR3D_FREQ 0% AUX@45C CPU@46C thermal@45.3C AO@45C GPU@45C PMIC@50C
10-01-2026 11:24:05 RAM 4846/6833MB (lfb 1x2MB) SWAP 45/3417MB (cached 0MB) CPU [9%@1190,0%@1420,9%@1420,0%@1420,0%@1420,0%@1420] EMC_FREQ 0% GR3D_FREQ 0% AUX@45C CPU@46C thermal@45.3C AO@45C GPU@44.5C PMIC@50C
10-01-2026 11:24:05 RAM 4846/6833MB (lfb 1x2MB) SWAP 45/3417MB (cached 0MB) CPU [9%@1420,5%@1420,0%@1420,4%@1420,0%@1420,4%@1420] EMC_FREQ 0% GR3D_FREQ 0% AUX@45C CPU@46C thermal@45.3C AO@45.5C GPU@45C PMIC@50C
10-01-2026 11:24:05 RAM 4846/6833MB (lfb 1x2MB) SWAP 45/3417MB (cached 0MB) CPU [0%@1267,4%@1267,5%@1267,23%@1267,4%@1267,5%@1267] EMC_FREQ 0% GR3D_FREQ 0% AUX@45C CPU@45.5C thermal@45.15C AO@45C GPU@45C PMIC@50C
10-01-2026 11:24:06 RAM 4846/6833MB (lfb 1x2MB) SWAP 45/3417MB (cached 0MB) CPU [5%@1190,5%@1420,0%@1420,47%@1420,0%@1420,0%@1420] EMC_FREQ 0% GR3D_FREQ 0% AUX@45C CPU@46C thermal@45.15C AO@45C GPU@44.5C PMIC@50C
10-01-2026 11:24:06 RAM 4846/6833MB (lfb 1x2MB) SWAP 45/3417MB (cached 0MB) CPU [4%@1190,0%@1190,0%@1190,0%@1190,0%@1420,5%@1420] EMC_FREQ 0% GR3D_FREQ 0% AUX@45C CPU@46C thermal@45.15C AO@45C GPU@44.5C PMIC@50C
10-01-2026 11:24:06 RAM 4846/6833MB (lfb 1x2MB) SWAP 45/3417MB (cached 0MB) CPU [0%@1420,4%@1420,5%@1420,0%@1420,0%@1420,4%@1420] EMC_FREQ 0% GR3D_FREQ 0% AUX@45C CPU@45.5C thermal@45.15C AO@45C GPU@45C PMIC@50C
10-01-2026 11:24:06 RAM 4846/6833MB (lfb 1x2MB) SWAP 45/3417MB (cached 0MB) CPU [0%@1420,0%@1420,0%@1420,0%@1420,4%@1420,4%@1420] EMC_FREQ 0% GR3D_FREQ 0% AUX@45C CPU@46C thermal@45.15C AO@45C GPU@45C PMIC@50C
10-01-2026 11:24:06 RAM 4846/6833MB (lfb 1x2MB) SWAP 45/3417MB (cached 0MB) CPU [9%@1190,0%@1190,0%@1190,0%@1190,0%@1190,0%@1190] EMC_FREQ 0% GR3D_FREQ 0% AUX@45C CPU@46C thermal@45.15C AO@45C GPU@45C PMIC@50C
10-01-2026 11:24:07 RAM 4846/6833MB (lfb 1x2MB) SWAP 45/3417MB (cached 0MB) CPU [0%@1420,9%@1420,0%@1420,0%@1420,4%@1420,9%@1420] EMC_FREQ 0% GR3D_FREQ 0% AUX@45C CPU@46C thermal@45.3C AO@45C GPU@45C PMIC@50C
10-01-2026 11:24:07 RAM 4846/6833MB (lfb 1x2MB) SWAP 45/3417MB (cached 0MB) CPU [4%@1190,5%@1190,0%@1190,4%@1190,0%@1420,5%@1420] EMC_FREQ 0% GR3D_FREQ 0% AUX@45C CPU@45.5C thermal@45.3C AO@45C GPU@45C PMIC@50C
10-01-2026 11:24:07 RAM 4846/6833MB (lfb 1x2MB) SWAP 45/3417MB (cached 0MB) CPU [0%@1420,5%@1420,0%@1420,0%@1420,13%@1420,0%@1420] EMC_FREQ 0% GR3D_FREQ 0% AUX@45C CPU@45.5C thermal@45.3C AO@45C GPU@44.5C PMIC@50C
10-01-2026 11:24:07 RAM 4846/6833MB (lfb 1x2MB) SWAP 45/3417MB (cached 0MB) CPU [0%@1420,4%@1420,4%@1420,4%@1420,4%@1420,0%@1420] EMC_FREQ 0% GR3D_FREQ 0% AUX@45C CPU@45.5C thermal@45.3C AO@45C GPU@44.5C PMIC@50C
10-01-2026 11:24:07 RAM 4846/6833MB (lfb 1x2MB) SWAP 45/3417MB (cached 0MB) CPU [0%@1190,0%@1190,4%@1190,0%@1420,0%@1420,0%@1420] EMC_FREQ 0% GR3D_FREQ 0% AUX@45C CPU@46C thermal@45.3C AO@45C GPU@44.5C PMIC@50C
10-01-2026 11:24:08 RAM 4846/6833MB (lfb 1x2MB) SWAP 45/3417MB (cached 0MB) CPU [0%@1420,5%@1420,0%@1420,4%@1420,0%@1420,0%@1420] EMC_FREQ 0% GR3D_FREQ 0% AUX@45C CPU@45.5C thermal@45C AO@45C GPU@44.5C PMIC@50C
10-01-2026 11:24:08 RAM 4846/6833MB (lfb 1x2MB) SWAP 45/3417MB (cached 0MB) CPU [4%@1190,4%@1190,0%@1420,0%@1420,0%@1420,0%@1420] EMC_FREQ 0% GR3D_FREQ 0% AUX@45C CPU@45.5C thermal@45C AO@45C GPU@44.5C PMIC@50C
10-01-2026 11:24:08 RAM 4846/6833MB (lfb 1x2MB) SWAP 45/3417MB (cached 0MB) CPU [9%@1190,9%@1190,0%@1190,4%@1190,0%@1190,4%@1190] EMC_FREQ 0% GR3D_FREQ 0% AUX@45C CPU@45.5C thermal@45C AO@45C GPU@45C PMIC@50C
10-01-2026 11:24:08 RAM 4846/6833MB (lfb 1x2MB) SWAP 45/3417MB (cached 0MB) CPU [0%@1190,0%@1190,4%@1190,0%@1190,4%@1190,4%@1190] EMC_FREQ 0% GR3D_FREQ 0% AUX@45C CPU@46C thermal@45C AO@45C GPU@45C PMIC@50C
10-01-2026 11:24:08 RAM 4846/6833MB (lfb 1x2MB) SWAP 45/3417MB (cached 0MB) CPU [4%@1190,4%@1190,0%@1420,0%@1420,0%@1420,4%@1420] EMC_FREQ 0% GR3D_FREQ 0% AUX@45C CPU@46C thermal@45C AO@44.5C GPU@44.5C PMIC@50C
10-01-2026 11:24:09 RAM 4846/6833MB (lfb 1x2MB) SWAP 45/3417MB (cached 0MB) CPU [66%@1420,9%@1420,0%@1420,0%@1420,4%@1420,0%@1420] EMC_FREQ 0% GR3D_FREQ 0% AUX@45C CPU@45.5C thermal@45C AO@45C GPU@44.5C PMIC@50C
10-01-2026 11:24:09 RAM 4846/6833MB (lfb 1x2MB) SWAP 45/3417MB (cached 0MB) CPU [4%@1190,0%@1420,0%@1420,0%@1420,0%@1420,0%@1420] EMC_FREQ 0% GR3D_FREQ 0% AUX@45C CPU@45.5C thermal@45C AO@45C GPU@44.5C PMIC@50C
10-01-2026 11:24:09 RAM 4846/6833MB (lfb 1x2MB) SWAP 45/3417MB (cached 0MB) CPU [0%@1190,13%@1190,0%@1190,4%@1190,5%@1190,9%@1190] EMC_FREQ 0% GR3D_FREQ 0% AUX@45C CPU@45.5C thermal@45C AO@44.5C GPU@44.5C PMIC@50C
10-01-2026 11:24:09 RAM 4846/6833MB (lfb 1x2MB) SWAP 45/3417MB (cached 0MB) CPU [0%@1190,0%@1190,9%@1190,0%@1190,4%@1190,0%@1190] EMC_FREQ 0% GR3D_FREQ 0% AUX@45C CPU@45.5C thermal@45C AO@44.5C GPU@44.5C PMIC@50C
10-01-2026 11:24:09 RAM 4846/6833MB (lfb 1x2MB) SWAP 45/3417MB (cached 0MB) CPU [5%@1190,0%@1190,0%@1190,0%@1190,0%@1420,0%@1420] EMC_FREQ 0% GR3D_FREQ 0% AUX@45C CPU@45.5C thermal@45C AO@45C GPU@44.5C PMIC@50C
10-01-2026 11:24:10 RAM 4846/6833MB (lfb 1x2MB) SWAP 45/3417MB (cached 0MB) CPU [4%@1190,0%@1190,0%@1190,0%@1190,0%@1420,4%@1420] EMC_FREQ 0% GR3D_FREQ 0% AUX@45C CPU@45.5C thermal@45C AO@45C GPU@44.5C PMIC@50C
10-01-2026 11:24:10 RAM 4846/6833MB (lfb 1x2MB) SWAP 45/3417MB (cached 0MB) CPU [4%@1420,4%@1420,4%@1420,0%@1420,0%@1420,0%@1420] EMC_FREQ 0% GR3D_FREQ 0% AUX@44.5C CPU@45.5C thermal@45C AO@44.5C GPU@44.5C PMIC@50C
10-01-2026 11:24:10 RAM 4846/6833MB (lfb 1x2MB) SWAP 45/3417MB (cached 0MB) CPU [9%@1190,5%@1190,9%@1190,0%@1190,5%@1420,4%@1420] EMC_FREQ 0% GR3D_FREQ 0% AUX@45C CPU@45.5C thermal@45C AO@44.5C GPU@44.5C PMIC@50C
10-01-2026 11:24:10 RAM 4846/6833MB (lfb 1x2MB) SWAP 45/3417MB (cached 0MB) CPU [0%@1420,4%@1420,0%@1420,9%@1420,0%@1420,0%@1420] EMC_FREQ 0% GR3D_FREQ 0% AUX@44.5C CPU@45.5C thermal@45C AO@45C GPU@44.5C PMIC@50C
10-01-2026 11:24:10 RAM 4846/6833MB (lfb 1x2MB) SWAP 45/3417MB (cached 0MB) CPU [0%@1420,5%@1420,0%@1420,0%@1420,5%@1420,9%@1420] EMC_FREQ 0% GR3D_FREQ 0% AUX@45C CPU@45.5C thermal@45C AO@44.5C GPU@44.5C PMIC@50C
10-01-2026 11:24:11 RAM 4846/6833MB (lfb 1x2MB) SWAP 45/3417MB (cached 0MB) CPU [9%@1190,4%@1420,4%@1420,68%@1420,0%@1420,0%@1420] EMC_FREQ 0% GR3D_FREQ 0% AUX@45C CPU@45.5C thermal@45C AO@44.5C GPU@44.5C PMIC@50C
10-01-2026 11:24:11 RAM 4846/6833MB (lfb 1x2MB) SWAP 45/3417MB (cached 0MB) CPU [0%@1420,0%@1420,0%@1420,0%@1420,0%@1420,0%@1420] EMC_FREQ 0% GR3D_FREQ 0% AUX@45C CPU@45.5C thermal@45C AO@44.5C GPU@44.5C PMIC@50C
10-01-2026 11:24:11 RAM 4846/6833MB (lfb 1x2MB) SWAP 45/3417MB (cached 0MB) CPU [4%@1420,0%@1420,4%@1420,0%@1420,0%@1420,9%@1420] EMC_FREQ 0% GR3D_FREQ 0% AUX@45C CPU@45.5C thermal@45C AO@44.5C GPU@44.5C PMIC@50C
10-01-2026 11:24:11 RAM 4846/6833MB (lfb 1x2MB) SWAP 45/3417MB (cached 0MB) CPU [0%@1190,4%@1190,4%@1190,0%@1190,0%@1420,0%@1420] EMC_FREQ 0% GR3D_FREQ 0% AUX@45C CPU@45.5C thermal@45C AO@44.5C GPU@44.5C PMIC@50C
10-01-2026 11:24:11 RAM 4846/6833MB (lfb 1x2MB) SWAP 45/3417MB (cached 0MB) CPU [9%@1420,5%@1420,0%@1420,5%@1420,5%@1420,4%@1420] EMC_FREQ 0% GR3D_FREQ 0% AUX@44.5C CPU@45.5C thermal@45C AO@44.5C GPU@44.5C PMIC@50C
10-01-2026 11:24:12 RAM 4846/6833MB (lfb 1x2MB) SWAP 45/3417MB (cached 0MB) CPU [0%@1190,0%@1190,9%@1190,0%@1420,4%@1420,4%@1420] EMC_FREQ 0% GR3D_FREQ 0% AUX@45C CPU@45.5C thermal@45C AO@44.5C GPU@44.5C PMIC@50C
10-01-2026 11:24:12 RAM 4846/6833MB (lfb 1x2MB) SWAP 45/3417MB (cached 0MB) CPU [0%@1190,5%@1190,0%@1420,4%@1420,4%@1420,0%@1420] EMC_FREQ 0% GR3D_FREQ 0% AUX@45C CPU@45.5C thermal@45C AO@44.5C GPU@44.5C PMIC@50C
10-01-2026 11:24:12 RAM 4846/6833MB (lfb 1x2MB) SWAP 45/3417MB (cached 0MB) CPU [4%@1420,4%@1420,0%@1420,0%@1420,0%@1420,0%@1420] EMC_FREQ 0% GR3D_FREQ 0% AUX@44.5C CPU@45.5C thermal@45C AO@44.5C GPU@44.5C PMIC@50C
10-01-2026 11:24:12 RAM 4846/6833MB (lfb 1x2MB) SWAP 45/3417MB (cached 0MB) CPU [5%@1190,0%@1190,0%@1190,0%@1190,5%@1190,0%@1190] EMC_FREQ 0% GR3D_FREQ 0% AUX@44.5C CPU@45.5C thermal@45C AO@44.5C GPU@44.5C PMIC@50C
10-01-2026 11:24:13 RAM 4846/6833MB (lfb 1x2MB) SWAP 45/3417MB (cached 0MB) CPU [4%@1190,4%@1420,0%@1420,4%@1420,0%@1420,4%@1420] EMC_FREQ 0% GR3D_FREQ 0% AUX@45C CPU@45.5C thermal@45C AO@44.5C GPU@44.5C PMIC@50C
10-01-2026 11:24:13 RAM 4846/6833MB (lfb 1x2MB) SWAP 45/3417MB (cached 0MB) CPU [5%@1190,5%@1190,0%@1420,5%@1420,4%@1420,5%@1420] EMC_FREQ 0% GR3D_FREQ 0% AUX@44.5C CPU@45.5C thermal@45C AO@44.5C GPU@44.5C PMIC@50C
10-01-2026 11:24:13 RAM 4846/6833MB (lfb 1x2MB) SWAP 45/3417MB (cached 0MB) CPU [0%@1190,0%@1190,0%@1420,0%@1420,4%@1420,4%@1420] EMC_FREQ 0% GR3D_FREQ 0% AUX@44.5C CPU@45.5C thermal@45C AO@44.5C GPU@44.5C PMIC@50C
10-01-2026 11:24:13 RAM 4846/6833MB (lfb 1x2MB) SWAP 45/3417MB (cached 0MB) CPU [13%@1190,5%@1420,4%@1420,0%@1420,0%@1420,4%@1420] EMC_FREQ 0% GR3D_FREQ 0% AUX@44.5C CPU@45.5C thermal@45C AO@44.5C GPU@44.5C PMIC@50C
10-01-2026 11:24:13 RAM 4846/6833MB (lfb 1x2MB) SWAP 45/3417MB (cached 0MB) CPU [5%@1420,0%@1420,0%@1420,4%@1420,0%@1420,4%@1420] EMC_FREQ 0% GR3D_FREQ 0% AUX@44.5C CPU@45.5C thermal@44.8C AO@44.5C GPU@44.5C PMIC@50C
10-01-2026 11:24:14 RAM 4846/6833MB (lfb 1x2MB) SWAP 45/3417MB (cached 0MB) CPU [0%@1190,9%@1190,0%@1190,4%@1190,0%@1190,0%@1190] EMC_FREQ 0% GR3D_FREQ 0% AUX@44.5C CPU@45.5C thermal@44.8C AO@44.5C GPU@44.5C PMIC@50C
10-01-2026 11:24:14 RAM 4846/6833MB (lfb 1x2MB) SWAP 45/3417MB (cached 0MB) CPU [66%@1420,0%@1420,4%@1420,9%@1420,0%@1420,0%@1420] EMC_FREQ 0% GR3D_FREQ 0% AUX@44.5C CPU@45.5C thermal@44.8C AO@44.5C GPU@44.5C PMIC@50C
10-01-2026 11:24:14 RAM 4846/6833MB (lfb 1x2MB) SWAP 45/3417MB (cached 0MB) CPU [0%@1190,5%@1190,0%@1420,0%@1420,4%@1420,0%@1420] EMC_FREQ 0% GR3D_FREQ 0% AUX@44.5C CPU@45.5C thermal@44.8C AO@44.5C GPU@44.5C PMIC@50C
10-01-2026 11:24:14 RAM 4846/6833MB (lfb 1x2MB) SWAP 45/3417MB (cached 0MB) CPU [0%@1420,4%@1420,0%@1420,0%@1420,5%@1420,0%@1420] EMC_FREQ 0% GR3D_FREQ 0% AUX@44.5C CPU@45.5C thermal@44.8C AO@44.5C GPU@44.5C PMIC@50C
10-01-2026 11:24:14 RAM 4846/6833MB (lfb 1x2MB) SWAP 45/3417MB (cached 0MB) CPU [4%@1420,0%@1420,0%@1420,5%@1420,0%@1420,4%@1420] EMC_FREQ 0% GR3D_FREQ 0% AUX@44.5C CPU@45.5C thermal@44.65C AO@44.5C GPU@44.5C PMIC@50C
10-01-2026 11:24:15 RAM 4846/6833MB (lfb 1x2MB) SWAP 45/3417MB (cached 0MB) CPU [4%@1420,5%@1420,0%@1420,4%@1190,0%@1190,4%@1190] EMC_FREQ 0% GR3D_FREQ 0% AUX@44.5C CPU@45.5C thermal@44.65C AO@44.5C GPU@44.5C PMIC@50C
10-01-2026 11:24:15 RAM 4846/6833MB (lfb 1x2MB) SWAP 45/3417MB (cached 0MB) CPU [9%@1190,0%@1190,4%@1190,0%@1190,0%@1190,4%@1190] EMC_FREQ 0% GR3D_FREQ 0% AUX@44.5C CPU@45C thermal@44.65C AO@44.5C GPU@44C PMIC@50C
10-01-2026 11:24:15 RAM 4848/6833MB (lfb 1x2MB) SWAP 45/3417MB (cached 0MB) CPU [5%@1190,4%@1420,0%@1420,9%@1420,0%@1420,5%@1420] EMC_FREQ 0% GR3D_FREQ 0% AUX@44.5C CPU@45.5C thermal@44.65C AO@44C GPU@44.5C PMIC@50C
10-01-2026 11:24:15 RAM 4848/6833MB (lfb 1x2MB) SWAP 45/3417MB (cached 0MB) CPU [0%@1190,5%@1190,4%@1190,0%@1420,0%@1420,0%@1420] EMC_FREQ 0% GR3D_FREQ 0% AUX@44.5C CPU@45.5C thermal@44.65C AO@44.5C GPU@44.5C PMIC@50C
10-01-2026 11:24:15 RAM 4848/6833MB (lfb 1x2MB) SWAP 45/3417MB (cached 0MB) CPU [5%@1190,0%@1190,4%@1420,5%@1420,0%@1420,0%@1420] EMC_FREQ 0% GR3D_FREQ 0% AUX@44.5C CPU@45C thermal@44.65C AO@44.5C GPU@44.5C PMIC@50C
10-01-2026 11:24:16 RAM 4848/6833MB (lfb 1x2MB) SWAP 45/3417MB (cached 0MB) CPU [4%@1190,9%@1190,0%@1190,0%@1420,0%@1420,0%@1420] EMC_FREQ 0% GR3D_FREQ 0% AUX@44.5C CPU@45.5C thermal@44.6C AO@44C GPU@44.5C PMIC@50C
10-01-2026 11:24:16 RAM 4848/6833MB (lfb 1x2MB) SWAP 45/3417MB (cached 0MB) CPU [0%@1190,0%@1190,0%@1190,4%@1190,0%@1190,9%@1190] EMC_FREQ 0% GR3D_FREQ 0% AUX@44.5C CPU@45.5C thermal@44.6C AO@44.5C GPU@44.5C PMIC@50C
10-01-2026 11:24:16 RAM 4848/6833MB (lfb 1x2MB) SWAP 45/3417MB (cached 0MB) CPU [0%@1420,61%@1420,9%@1420,0%@1420,4%@1420,4%@1420] EMC_FREQ 0% GR3D_FREQ 0% AUX@44.5C CPU@45.5C thermal@44.6C AO@44.5C GPU@44.5C PMIC@50C
10-01-2026 11:24:16 RAM 4848/6833MB (lfb 1x2MB) SWAP 45/3417MB (cached 0MB) CPU [4%@1420,0%@1420,0%@1420,0%@1420,4%@1420,5%@1420] EMC_FREQ 0% GR3D_FREQ 0% AUX@44.5C CPU@45.5C thermal@44.6C AO@44.5C GPU@44.5C PMIC@50C
10-01-2026 11:24:16 RAM 4848/6833MB (lfb 1x2MB) SWAP 45/3417MB (cached 0MB) CPU [0%@1190,9%@1420,9%@1420,9%@1420,0%@1420,0%@1420] EMC_FREQ 0% GR3D_FREQ 0% AUX@44.5C CPU@45.5C thermal@44.6C AO@44.5C GPU@44.5C PMIC@50C
10-01-2026 11:24:17 RAM 4848/6833MB (lfb 1x2MB) SWAP 45/3417MB (cached 0MB) CPU [4%@1190,0%@1420,0%@1420,4%@1420,5%@1420,0%@1420] EMC_FREQ 0% GR3D_FREQ 0% AUX@44.5C CPU@45C thermal@44.8C AO@44.5C GPU@44.5C PMIC@50C
10-01-2026 11:24:17 RAM 4848/6833MB (lfb 1x2MB) SWAP 45/3417MB (cached 0MB) CPU [0%@1190,4%@1190,4%@1190,0%@1190,0%@1190,5%@1190] EMC_FREQ 0% GR3D_FREQ 0% AUX@44.5C CPU@45.5C thermal@44.8C AO@44.5C GPU@44C PMIC@50C
10-01-2026 11:24:17 RAM 4848/6833MB (lfb 1x2MB) SWAP 45/3417MB (cached 0MB) CPU [0%@1190,0%@1190,0%@1190,0%@1190,4%@1190,0%@1190] EMC_FREQ 0% GR3D_FREQ 0% AUX@44.5C CPU@45C thermal@44.8C AO@44.5C GPU@44.5C PMIC@50C
10-01-2026 11:24:17 RAM 4848/6833MB (lfb 1x2MB) SWAP 45/3417MB (cached 0MB) CPU [0%@1190,4%@1190,4%@1190,4%@1190,0%@1190,4%@1190] EMC_FREQ 0% GR3D_FREQ 0% AUX@44.5C CPU@45C thermal@44.8C AO@44.5C GPU@44.5C PMIC@50C
10-01-2026 11:24:17 RAM 4848/6833MB (lfb 1x2MB) SWAP 45/3417MB (cached 0MB) CPU [5%@1190,0%@1420,0%@1420,5%@1420,0%@1420,5%@1420] EMC_FREQ 0% GR3D_FREQ 0% AUX@44.5C CPU@45.5C thermal@44.8C AO@44.5C GPU@44C PMIC@50C
10-01-2026 11:24:18 RAM 4848/6833MB (lfb 1x2MB) SWAP 45/3417MB (cached 0MB) CPU [4%@1190,0%@1420,0%@1420,0%@1420,4%@1420,4%@1420] EMC_FREQ 0% GR3D_FREQ 0% AUX@44C CPU@45C thermal@44.8C AO@44.5C GPU@44.5C PMIC@50C
10-01-2026 11:24:18 RAM 4848/6833MB (lfb 1x2MB) SWAP 45/3417MB (cached 0MB) CPU [0%@1190,4%@1190,0%@1190,9%@1190,5%@1420,0%@1420] EMC_FREQ 0% GR3D_FREQ 0% AUX@44.5C CPU@45.5C thermal@44.5C AO@44C GPU@44C PMIC@50C
10-01-2026 11:24:18 RAM 4848/6833MB (lfb 1x2MB) SWAP 45/3417MB (cached 0MB) CPU [0%@1420,0%@1420,0%@1420,0%@1420,0%@1420,9%@1420] EMC_FREQ 0% GR3D_FREQ 0% AUX@44.5C CPU@45C thermal@44.5C AO@44C GPU@44C PMIC@50C
10-01-2026 11:24:18 RAM 4848/6833MB (lfb 1x2MB) SWAP 45/3417MB (cached 0MB) CPU [4%@1190,4%@1190,0%@1190,5%@1190,0%@1190,5%@1190] EMC_FREQ 0% GR3D_FREQ 0% AUX@44C CPU@45C thermal@44.5C AO@44C GPU@44.5C PMIC@50C
10-01-2026 11:24:18 RAM 4848/6833MB (lfb 1x2MB) SWAP 45/3417MB (cached 0MB) CPU [0%@1420,9%@1420,4%@1420,0%@1420,4%@1420,0%@1420] EMC_FREQ 0% GR3D_FREQ 0% AUX@44.5C CPU@45C thermal@44.5C AO@44.5C GPU@44C PMIC@50C
10-01-2026 11:24:19 RAM 4848/6833MB (lfb 1x2MB) SWAP 45/3417MB (cached 0MB) CPU [9%@1420,0%@1420,0%@1420,4%@1420,4%@1420,4%@1420] EMC_FREQ 0% GR3D_FREQ 0% AUX@44C CPU@45C thermal@44.5C AO@44C GPU@44C PMIC@50C
10-01-2026 11:24:19 RAM 4848/6833MB (lfb 1x2MB) SWAP 45/3417MB (cached 0MB) CPU [0%@1420,0%@1420,4%@1420,0%@1420,9%@1420,0%@1420] EMC_FREQ 0% GR3D_FREQ 0% AUX@44.5C CPU@45C thermal@44.3C AO@44.5C GPU@44.5C PMIC@50C
10-01-2026 11:24:19 RAM 4848/6833MB (lfb 1x2MB) SWAP 45/3417MB (cached 0MB) CPU [0%@1420,66%@1420,0%@1420,0%@1420,5%@1420,5%@1420] EMC_FREQ 0% GR3D_FREQ 0% AUX@44C CPU@45C thermal@44.3C AO@44.5C GPU@44.5C PMIC@50C
10-01-2026 11:24:19 RAM 4848/6833MB (lfb 1x2MB) SWAP 45/3417MB (cached 0MB) CPU [0%@1190,5%@1420,4%@1420,13%@1420,5%@1420,5%@1420] EMC_FREQ 0% GR3D_FREQ 0% AUX@44.5C CPU@45C thermal@44.3C AO@44.5C GPU@44C PMIC@50C
10-01-2026 11:24:19 RAM 4848/6833MB (lfb 1x2MB) SWAP 45/3417MB (cached 0MB) CPU [4%@1190,0%@1190,0%@1190,0%@1190,0%@1190,4%@1190] EMC_FREQ 0% GR3D_FREQ 0% AUX@44C CPU@45C thermal@44.3C AO@44C GPU@44C PMIC@50C
10-01-2026 11:24:20 RAM 4848/6833MB (lfb 1x2MB) SWAP 45/3417MB (cached 0MB) CPU [0%@1420,4%@1420,5%@1420,0%@1420,0%@1420,4%@1420] EMC_FREQ 0% GR3D_FREQ 0% AUX@44C CPU@45C thermal@44.3C AO@44.5C GPU@44.5C PMIC@50C
10-01-2026 11:24:20 RAM 4848/6833MB (lfb 1x2MB) SWAP 45/3417MB (cached 0MB) CPU [0%@1190,0%@1190,0%@1190,4%@1420,4%@1420,0%@1420] EMC_FREQ 0% GR3D_FREQ 0% AUX@44C CPU@45C thermal@44.3C AO@44C GPU@44.5C PMIC@50C
10-01-2026 11:24:20 RAM 4848/6833MB (lfb 1x2MB) SWAP 45/3417MB (cached 0MB) CPU [0%@1190,0%@1190,4%@1190,0%@1190,5%@1420,9%@1420] EMC_FREQ 0% GR3D_FREQ 0% AUX@44C CPU@45C thermal@44.45C AO@44C GPU@44C PMIC@50C
10-01-2026 11:24:20 RAM 4848/6833MB (lfb 1x2MB) SWAP 45/3417MB (cached 0MB) CPU [0%@1190,5%@1190,0%@1190,0%@1420,13%@1420,0%@1420] EMC_FREQ 0% GR3D_FREQ 0% AUX@44C CPU@44.5C thermal@44.45C AO@44C GPU@44C PMIC@50C
10-01-2026 11:24:20 RAM 4848/6833MB (lfb 1x2MB) SWAP 45/3417MB (cached 0MB) CPU [9%@1190,0%@1190,4%@1190,0%@1420,0%@1420,0%@1420] EMC_FREQ 0% GR3D_FREQ 0% AUX@44C CPU@45C thermal@44.45C AO@44C GPU@44C PMIC@50C
10-01-2026 11:24:21 RAM 4848/6833MB (lfb 1x2MB) SWAP 45/3417MB (cached 0MB) CPU [0%@1420,4%@1420,0%@1420,0%@1420,0%@1420,4%@1420] EMC_FREQ 0% GR3D_FREQ 0% AUX@44C CPU@45C thermal@44.45C AO@44C GPU@44C PMIC@50C
10-01-2026 11:24:21 RAM 4848/6833MB (lfb 1x2MB) SWAP 45/3417MB (cached 0MB) CPU [4%@1420,0%@1420,0%@1420,0%@1420,0%@1420,5%@1420] EMC_FREQ 0% GR3D_FREQ 0% AUX@44.5C CPU@45C thermal@44.45C AO@44C GPU@44C PMIC@50C
10-01-2026 11:24:21 RAM 4848/6833MB (lfb 1x2MB) SWAP 45/3417MB (cached 0MB) CPU [4%@1190,4%@1190,0%@1190,0%@1190,4%@1190,4%@1190] EMC_FREQ 0% GR3D_FREQ 0% AUX@44C CPU@45C thermal@44.3C AO@44C GPU@44.5C PMIC@50C
10-01-2026 11:24:21 RAM 4848/6833MB (lfb 1x2MB) SWAP 45/3417MB (cached 0MB) CPU [25%@1420,4%@1420,5%@1420,0%@1420,0%@1420,0%@1420] EMC_FREQ 0% GR3D_FREQ 0% AUX@44C CPU@45C thermal@44.3C AO@44C GPU@44C PMIC@50C
10-01-2026 11:24:21 RAM 4848/6833MB (lfb 1x2MB) SWAP 45/3417MB (cached 0MB) CPU [42%@1190,0%@1420,4%@1420,4%@1420,0%@1420,0%@1420] EMC_FREQ 0% GR3D_FREQ 0% AUX@44C CPU@45C thermal@44.3C AO@44C GPU@44C PMIC@50C
10-01-2026 11:24:22 RAM 4848/6833MB (lfb 1x2MB) SWAP 45/3417MB (cached 0MB) CPU [9%@1190,4%@1420,9%@1420,0%@1420,5%@1420,9%@1420] EMC_FREQ 0% GR3D_FREQ 0% AUX@44C CPU@45.5C thermal@44.3C AO@44C GPU@44C PMIC@50C
10-01-2026 11:24:22 RAM 4848/6833MB (lfb 1x2MB) SWAP 45/3417MB (cached 0MB) CPU [0%@1420,0%@1420,0%@1420,0%@1420,4%@1420,0%@1420] EMC_FREQ 0% GR3D_FREQ 0% AUX@44C CPU@45C thermal@44.3C AO@44C GPU@44C PMIC@50C
10-01-2026 11:24:22 RAM 4848/6833MB (lfb 1x2MB) SWAP 45/3417MB (cached 0MB) CPU [0%@1420,5%@1420,0%@1420,0%@1420,0%@1420,9%@1420] EMC_FREQ 0% GR3D_FREQ 0% AUX@44C CPU@45C thermal@44.3C AO@44C GPU@44C PMIC@50C
10-01-2026 11:24:22 RAM 4848/6833MB (lfb 1x2MB) SWAP 45/3417MB (cached 0MB) CPU [5%@1190,0%@1190,0%@1190,4%@1190,0%@1190,4%@1190] EMC_FREQ 0% GR3D_FREQ 0% AUX@44C CPU@45C thermal@44.3C AO@44C GPU@44C PMIC@50C
10-01-2026 11:24:22 RAM 4848/6833MB (lfb 1x2MB) SWAP 45/3417MB (cached 0MB) CPU [0%@1190,5%@1420,0%@1420,4%@1420,9%@1420,4%@1420] EMC_FREQ 0% GR3D_FREQ 0% AUX@44C CPU@45C thermal@44.3C AO@44C GPU@44C PMIC@50C
10-01-2026 11:24:23 RAM 4848/6833MB (lfb 1x2MB) SWAP 45/3417MB (cached 0MB) CPU [0%@1190,5%@1420,4%@1420,0%@1420,0%@1420,0%@1420] EMC_FREQ 0% GR3D_FREQ 0% AUX@44C CPU@45C thermal@44.3C AO@44C GPU@44C PMIC@50C
10-01-2026 11:24:23 RAM 4848/6833MB (lfb 1x2MB) SWAP 45/3417MB (cached 0MB) CPU [0%@1420,0%@1420,4%@1420,0%@1420,0%@1420,0%@1420] EMC_FREQ 0% GR3D_FREQ 0% AUX@44C CPU@45C thermal@44.3C AO@44C GPU@44C PMIC@50C
10-01-2026 11:24:23 RAM 4848/6833MB (lfb 1x2MB) SWAP 45/3417MB (cached 0MB) CPU [9%@1190,0%@1190,0%@1190,0%@1190,4%@1420,4%@1420] EMC_FREQ 0% GR3D_FREQ 0% AUX@44C CPU@45C thermal@44.3C AO@44C GPU@44C PMIC@50C
10-01-2026 11:24:23 RAM 4848/6833MB (lfb 1x2MB) SWAP 45/3417MB (cached 0MB) CPU [0%@1190,4%@1190,0%@1190,0%@1190,5%@1420,9%@1420] EMC_FREQ 0% GR3D_FREQ 0% AUX@44C CPU@45C thermal@44.3C AO@44C GPU@44C PMIC@50C
10-01-2026 11:24:24 RAM 4848/6833MB (lfb 1x2MB) SWAP 45/3417MB (cached 0MB) CPU [0%@1190,4%@1190,4%@1420,4%@1420,0%@1420,0%@1420] EMC_FREQ 0% GR3D_FREQ 0% AUX@44C CPU@45C thermal@44.3C AO@44C GPU@44C PMIC@50C
10-01-2026 11:24:24 RAM 4848/6833MB (lfb 1x2MB) SWAP 45/3417MB (cached 0MB) CPU [4%@1420,4%@1420,0%@1420,9%@1420,0%@1420,0%@1420] EMC_FREQ 0% GR3D_FREQ 0% AUX@44C CPU@45C thermal@44.3C AO@44C GPU@44C PMIC@50C
10-01-2026 11:24:24 RAM 4848/6833MB (lfb 1x2MB) SWAP 45/3417MB (cached 0MB) CPU [5%@1420,5%@1420,0%@1420,0%@1420,9%@1420,9%@1420] EMC_FREQ 0% GR3D_FREQ 0% AUX@44C CPU@45C thermal@44.3C AO@44C GPU@44C PMIC@50C
10-01-2026 11:24:24 RAM 4848/6833MB (lfb 1x2MB) SWAP 45/3417MB (cached 0MB) CPU [9%@1190,0%@1190,5%@1420,0%@1420,0%@1420,5%@1420] EMC_FREQ 0% GR3D_FREQ 0% AUX@44C CPU@45C thermal@44.3C AO@43.5C GPU@44C PMIC@50C
10-01-2026 11:24:24 RAM 4848/6833MB (lfb 1x2MB) SWAP 45/3417MB (cached 0MB) CPU [5%@1420,65%@1420,4%@1420,0%@1420,9%@1420,4%@1420] EMC_FREQ 0% GR3D_FREQ 0% AUX@44C CPU@45C thermal@44.3C AO@44C GPU@44C PMIC@50C
10-01-2026 11:24:25 RAM 4848/6833MB (lfb 1x2MB) SWAP 45/3417MB (cached 0MB) CPU [4%@1190,4%@1420,9%@1420,0%@1420,0%@1420,0%@1420] EMC_FREQ 0% GR3D_FREQ 0% AUX@44C CPU@45C thermal@44.15C AO@44C GPU@44C PMIC@50C
10-01-2026 11:24:25 RAM 4848/6833MB (lfb 1x2MB) SWAP 45/3417MB (cached 0MB) CPU [4%@1190,0%@1190,0%@1190,4%@1190,0%@1190,0%@1190] EMC_FREQ 0% GR3D_FREQ 0% AUX@44C CPU@45C thermal@44.15C AO@44C GPU@44C PMIC@50C
10-01-2026 11:24:25 RAM 4848/6833MB (lfb 1x2MB) SWAP 45/3417MB (cached 0MB) CPU [0%@1190,0%@1190,0%@1420,0%@1420,9%@1420,0%@1420] EMC_FREQ 0% GR3D_FREQ 0% AUX@44C CPU@45C thermal@44.15C AO@44C GPU@43.5C PMIC@50C
10-01-2026 11:24:25 RAM 4848/6833MB (lfb 1x2MB) SWAP 45/3417MB (cached 0MB) CPU [5%@1190,0%@1190,4%@1190,4%@1190,4%@1190,4%@1190] EMC_FREQ 0% GR3D_FREQ 0% AUX@44C CPU@44.5C thermal@44.15C AO@44C GPU@43.5C PMIC@50C
10-01-2026 11:24:25 RAM 4848/6833MB (lfb 1x2MB) SWAP 45/3417MB (cached 0MB) CPU [0%@1190,4%@1420,0%@1420,9%@1420,0%@1420,5%@1420] EMC_FREQ 0% GR3D_FREQ 0% AUX@44C CPU@44.5C thermal@44.15C AO@44C GPU@44C PMIC@50C
10-01-2026 11:24:26 RAM 4848/6833MB (lfb 1x2MB) SWAP 45/3417MB (cached 0MB) CPU [4%@1420,5%@1420,0%@1420,0%@1420,0%@1420,0%@1420] EMC_FREQ 0% GR3D_FREQ 0% AUX@44C CPU@44.5C thermal@44.3C AO@44C GPU@44C PMIC@50C
10-01-2026 11:24:26 RAM 4848/6833MB (lfb 1x2MB) SWAP 45/3417MB (cached 0MB) CPU [0%@1190,0%@1190,4%@1190,4%@1190,4%@1420,0%@1420] EMC_FREQ 0% GR3D_FREQ 0% AUX@44C CPU@45C thermal@44.3C AO@43.5C GPU@43.5C PMIC@50C
10-01-2026 11:24:26 RAM 4848/6833MB (lfb 1x2MB) SWAP 45/3417MB (cached 0MB) CPU [4%@1190,4%@1420,0%@1420,4%@1420,0%@1420,4%@1420] EMC_FREQ 0% GR3D_FREQ 0% AUX@44C CPU@44.5C thermal@44.3C AO@44C GPU@44C PMIC@50C
10-01-2026 11:24:26 RAM 4848/6833MB (lfb 1x2MB) SWAP 45/3417MB (cached 0MB) CPU [0%@1190,0%@1190,5%@1420,0%@1420,0%@1420,5%@1420] EMC_FREQ 0% GR3D_FREQ 0% AUX@44C CPU@44.5C thermal@44.3C AO@44C GPU@44C PMIC@50C
10-01-2026 11:24:26 RAM 4848/6833MB (lfb 1x2MB) SWAP 45/3417MB (cached 0MB) CPU [10%@1420,5%@1420,52%@1420,0%@1420,31%@1420,68%@1420] EMC_FREQ 0% GR3D_FREQ 0% AUX@44C CPU@44.5C thermal@44.3C AO@44C GPU@44C PMIC@50C
10-01-2026 11:24:27 RAM 4848/6833MB (lfb 1x2MB) SWAP 45/3417MB (cached 0MB) CPU [5%@1190,5%@1190,23%@1420,0%@1420,0%@1420,5%@1420] EMC_FREQ 0% GR3D_FREQ 0% AUX@44C CPU@44.5C thermal@44.3C AO@43.5C GPU@44C PMIC@50C
10-01-2026 11:24:27 RAM 4848/6833MB (lfb 1x2MB) SWAP 45/3417MB (cached 0MB) CPU [4%@1420,4%@1420,0%@1420,0%@1420,0%@1420,5%@1420] EMC_FREQ 0% GR3D_FREQ 0% AUX@44C CPU@44.5C thermal@44.15C AO@44C GPU@44C PMIC@50C
10-01-2026 11:24:27 RAM 4848/6833MB (lfb 1x2MB) SWAP 45/3417MB (cached 0MB) CPU [0%@1420,0%@1420,0%@1420,0%@1420,0%@1420,5%@1420] EMC_FREQ 0% GR3D_FREQ 0% AUX@44C CPU@44.5C thermal@44.15C AO@44C GPU@43.5C PMIC@50C
10-01-2026 11:24:27 RAM 4848/6833MB (lfb 1x2MB) SWAP 45/3417MB (cached 0MB) CPU [4%@1420,5%@1420,4%@1420,0%@1420,0%@1420,4%@1420] EMC_FREQ 0% GR3D_FREQ 0% AUX@44C CPU@44.5C thermal@44.15C AO@44C GPU@43.5C PMIC@50C
10-01-2026 11:24:27 RAM 4848/6833MB (lfb 1x2MB) SWAP 45/3417MB (cached 0MB) CPU [5%@1190,4%@1420,4%@1420,0%@1420,5%@1420,5%@1420] EMC_FREQ 0% GR3D_FREQ 0% AUX@44C CPU@44.5C thermal@44.15C AO@43.5C GPU@44C PMIC@50C
10-01-2026 11:24:28 RAM 4848/6833MB (lfb 1x2MB) SWAP 45/3417MB (cached 0MB) CPU [4%@1420,0%@1420,0%@1420,0%@1420,0%@1420,0%@1420] EMC_FREQ 0% GR3D_FREQ 0% AUX@44C CPU@44.5C thermal@44.15C AO@44C GPU@43.5C PMIC@50C
10-01-2026 11:24:28 RAM 4848/6833MB (lfb 1x2MB) SWAP 45/3417MB (cached 0MB) CPU [4%@1190,0%@1190,4%@1190,0%@1190,0%@1190,4%@1190] EMC_FREQ 0% GR3D_FREQ 0% AUX@44C CPU@45C thermal@44C AO@43.5C GPU@43.5C PMIC@50C
10-01-2026 11:24:28 RAM 4848/6833MB (lfb 1x2MB) SWAP 45/3417MB (cached 0MB) CPU [4%@1190,0%@1190,0%@1420,0%@1420,4%@1420,5%@1420] EMC_FREQ 0% GR3D_FREQ 0% AUX@44C CPU@44.5C thermal@44C AO@44C GPU@44C PMIC@50C
10-01-2026 11:24:28 RAM 4848/6833MB (lfb 1x2MB) SWAP 45/3417MB (cached 0MB) CPU [0%@1190,4%@1190,0%@1420,9%@1420,4%@1420,0%@1420] EMC_FREQ 0% GR3D_FREQ 0% AUX@44C CPU@44.5C thermal@44C AO@44C GPU@44C PMIC@50C
10-01-2026 11:24:28 RAM 4848/6833MB (lfb 1x2MB) SWAP 45/3417MB (cached 0MB) CPU [0%@1190,0%@1190,0%@1190,4%@1190,4%@1190,9%@1190] EMC_FREQ 0% GR3D_FREQ 0% AUX@44C CPU@44.5C thermal@44C AO@44C GPU@43.5C PMIC@50C
10-01-2026 11:24:29 RAM 4848/6833MB (lfb 1x2MB) SWAP 44/3417MB (cached 0MB) CPU [0%@1190,5%@1190,0%@1190,5%@1420,4%@1420,4%@1420] EMC_FREQ 0% GR3D_FREQ 0% AUX@44C CPU@44.5C thermal@44C AO@43.5C GPU@44C PMIC@50C
10-01-2026 11:24:29 RAM 4848/6833MB (lfb 1x2MB) SWAP 44/3417MB (cached 0MB) CPU [0%@1190,0%@1190,0%@1190,0%@1190,0%@1420,5%@1420] EMC_FREQ 0% GR3D_FREQ 0% AUX@44C CPU@44.5C thermal@44C AO@43.5C GPU@43.5C PMIC@50C
10-01-2026 11:24:29 RAM 4848/6833MB (lfb 1x2MB) SWAP 44/3417MB (cached 0MB) CPU [5%@1420,0%@1420,0%@1420,5%@1420,4%@1420,4%@1420] EMC_FREQ 0% GR3D_FREQ 0% AUX@43.5C CPU@44.5C thermal@44C AO@44C GPU@43.5C PMIC@50C
10-01-2026 11:24:29 RAM 4848/6833MB (lfb 1x2MB) SWAP 44/3417MB (cached 0MB) CPU [0%@1190,0%@1190,4%@1190,0%@1190,4%@1190,0%@1190] EMC_FREQ 0% GR3D_FREQ 0% AUX@44C CPU@44.5C thermal@44C AO@43.5C GPU@43.5C PMIC@50C
10-01-2026 11:24:29 RAM 4848/6833MB (lfb 1x2MB) SWAP 44/3417MB (cached 0MB) CPU [5%@1420,13%@1420,0%@1420,4%@1420,5%@1420,0%@1420] EMC_FREQ 0% GR3D_FREQ 0% AUX@44C CPU@44.5C thermal@44C AO@43.5C GPU@43.5C PMIC@50C
10-01-2026 11:24:30 RAM 4848/6833MB (lfb 1x2MB) SWAP 44/3417MB (cached 0MB) CPU [5%@1420,66%@1420,0%@1420,0%@1420,0%@1420,5%@1420] EMC_FREQ 0% GR3D_FREQ 0% AUX@43.5C CPU@44.5C thermal@44C AO@43.5C GPU@43.5C PMIC@50C
10-01-2026 11:24:30 RAM 4848/6833MB (lfb 1x2MB) SWAP 44/3417MB (cached 0MB) CPU [4%@1190,0%@1420,0%@1420,0%@1420,0%@1420,5%@1420] EMC_FREQ 0% GR3D_FREQ 0% AUX@44C CPU@44.5C thermal@44C AO@43.5C GPU@43.5C PMIC@50C
10-01-2026 11:24:30 RAM 4848/6833MB (lfb 1x2MB) SWAP 44/3417MB (cached 0MB) CPU [0%@1190,0%@1190,4%@1190,0%@1190,5%@1190,9%@1190] EMC_FREQ 0% GR3D_FREQ 0% AUX@43.5C CPU@44.5C thermal@44C AO@43.5C GPU@43.5C PMIC@50C
10-01-2026 11:24:30 RAM 4848/6833MB (lfb 1x2MB) SWAP 44/3417MB (cached 0MB) CPU [9%@1190,0%@1190,4%@1190,4%@1190,0%@1190,0%@1190] EMC_FREQ 0% GR3D_FREQ 0% AUX@44C CPU@44.5C thermal@44C AO@44C GPU@43.5C PMIC@50C
10-01-2026 11:24:30 RAM 4848/6833MB (lfb 1x2MB) SWAP 44/3417MB (cached 0MB) CPU [0%@1420,5%@1420,0%@1420,0%@1420,5%@1420,5%@1420] EMC_FREQ 0% GR3D_FREQ 0% AUX@43.5C CPU@44.5C thermal@44C AO@43.5C GPU@43.5C PMIC@50C
10-01-2026 11:24:31 RAM 4848/6833MB (lfb 1x2MB) SWAP 44/3417MB (cached 0MB) CPU [0%@1190,4%@1190,0%@1420,0%@1420,4%@1420,0%@1420] EMC_FREQ 0% GR3D_FREQ 0% AUX@43.5C CPU@44.5C thermal@44C AO@43.5C GPU@43.5C PMIC@50C
10-01-2026 11:24:31 RAM 4848/6833MB (lfb 1x2MB) SWAP 44/3417MB (cached 0MB) CPU [4%@1190,0%@1190,4%@1190,0%@1190,0%@1190,4%@1190] EMC_FREQ 0% GR3D_FREQ 0% AUX@43.5C CPU@44.5C thermal@44C AO@43.5C GPU@43.5C PMIC@50C
10-01-2026 11:24:31 RAM 4848/6833MB (lfb 1x2MB) SWAP 44/3417MB (cached 0MB) CPU [5%@1420,5%@1420,0%@1420,9%@1420,0%@1420,5%@1420] EMC_FREQ 0% GR3D_FREQ 0% AUX@43.5C CPU@44.5C thermal@44C AO@43.5C GPU@43.5C PMIC@50C
10-01-2026 11:24:31 RAM 4848/6833MB (lfb 1x2MB) SWAP 44/3417MB (cached 0MB) CPU [0%@1420,0%@1420,4%@1420,0%@1420,9%@1420,0%@1420] EMC_FREQ 0% GR3D_FREQ 0% AUX@44C CPU@44.5C thermal@43.8C AO@43.5C GPU@43.5C PMIC@50C
10-01-2026 11:24:31 RAM 4848/6833MB (lfb 1x2MB) SWAP 44/3417MB (cached 0MB) CPU [4%@1190,0%@1190,0%@1420,4%@1420,4%@1420,0%@1420] EMC_FREQ 0% GR3D_FREQ 0% AUX@43.5C CPU@44.5C thermal@43.8C AO@43.5C GPU@43.5C PMIC@50C
10-01-2026 11:24:32 RAM 4848/6833MB (lfb 1x2MB) SWAP 44/3417MB (cached 0MB) CPU [0%@1420,0%@1190,0%@1190,0%@1190,4%@1190,65%@1190] EMC_FREQ 0% GR3D_FREQ 0% AUX@43.5C CPU@44.5C thermal@43.8C AO@43.5C GPU@43.5C PMIC@50C
10-01-2026 11:24:32 RAM 4848/6833MB (lfb 1x2MB) SWAP 44/3417MB (cached 0MB) CPU [0%@1420,9%@1420,4%@1420,0%@1420,0%@1420,0%@1420] EMC_FREQ 0% GR3D_FREQ 0% AUX@43.5C CPU@44.5C thermal@43.8C AO@43.5C GPU@43.5C PMIC@50C
10-01-2026 11:24:32 RAM 4848/6833MB (lfb 1x2MB) SWAP 44/3417MB (cached 0MB) CPU [5%@1420,0%@1420,0%@1420,0%@1420,0%@1420,4%@1420] EMC_FREQ 0% GR3D_FREQ 0% AUX@43.5C CPU@44.5C thermal@43.8C AO@43.5C GPU@43.5C PMIC@50C
10-01-2026 11:24:32 RAM 4848/6833MB (lfb 1x2MB) SWAP 44/3417MB (cached 0MB) CPU [4%@1190,0%@1190,0%@1190,0%@1420,5%@1420,5%@1420] EMC_FREQ 0% GR3D_FREQ 0% AUX@43.5C CPU@44.5C thermal@43.8C AO@43.5C GPU@43.5C PMIC@50C
10-01-2026 11:24:32 RAM 4848/6833MB (lfb 1x2MB) SWAP 44/3417MB (cached 0MB) CPU [9%@1420,0%@1420,4%@1420,4%@1420,4%@1420,4%@1420] EMC_FREQ 0% GR3D_FREQ 0% AUX@43.5C CPU@44.5C thermal@43.8C AO@43.5C GPU@43.5C PMIC@50C
10-01-2026 11:24:33 RAM 4848/6833MB (lfb 1x2MB) SWAP 44/3417MB (cached 0MB) CPU [0%@1190,0%@1190,0%@1190,4%@1420,5%@1420,4%@1420] EMC_FREQ 0% GR3D_FREQ 0% AUX@43.5C CPU@44.5C thermal@43.8C AO@43.5C GPU@43.5C PMIC@50C
10-01-2026 11:24:33 RAM 4848/6833MB (lfb 1x2MB) SWAP 44/3417MB (cached 0MB) CPU [0%@1190,9%@1190,0%@1190,0%@1190,4%@1190,5%@1190] EMC_FREQ 0% GR3D_FREQ 0% AUX@43.5C CPU@44.5C thermal@43.8C AO@43.5C GPU@43C PMIC@50C
10-01-2026 11:24:33 RAM 4848/6833MB (lfb 1x2MB) SWAP 44/3417MB (cached 0MB) CPU [9%@1190,0%@1190,0%@1190,0%@1190,0%@1190,4%@1190] EMC_FREQ 0% GR3D_FREQ 0% AUX@43.5C CPU@44C thermal@43.8C AO@43.5C GPU@43.5C PMIC@50C
10-01-2026 11:24:33 RAM 4848/6833MB (lfb 1x2MB) SWAP 44/3417MB (cached 0MB) CPU [4%@1420,0%@1420,0%@1420,0%@1420,0%@1420,0%@1420] EMC_FREQ 0% GR3D_FREQ 0% AUX@43.5C CPU@44.5C thermal@43.8C AO@43.5C GPU@43.5C PMIC@50C
10-01-2026 11:24:33 RAM 4848/6833MB (lfb 1x2MB) SWAP 44/3417MB (cached 0MB) CPU [0%@1190,9%@1420,4%@1420,5%@1420,5%@1420,0%@1420] EMC_FREQ 0% GR3D_FREQ 0% AUX@43.5C CPU@44C thermal@43.8C AO@43.5C GPU@43.5C PMIC@50C
10-01-2026 11:24:34 RAM 4848/6833MB (lfb 1x2MB) SWAP 44/3417MB (cached 0MB) CPU [0%@1190,0%@1190,0%@1190,0%@1190,4%@1190,4%@1190] EMC_FREQ 0% GR3D_FREQ 0% AUX@43.5C CPU@44.5C thermal@43.8C AO@43.5C GPU@43.5C PMIC@50C
10-01-2026 11:24:34 RAM 4849/6833MB (lfb 1x2MB) SWAP 44/3417MB (cached 0MB) CPU [0%@1420,4%@1420,4%@1420,4%@1420,4%@1420,4%@1420] EMC_FREQ 0% GR3D_FREQ 0% AUX@43.5C CPU@44.5C thermal@43.8C AO@43.5C GPU@43.5C PMIC@50C
10-01-2026 11:24:34 RAM 4849/6833MB (lfb 1x2MB) SWAP 44/3417MB (cached 0MB) CPU [0%@1190,4%@1190,0%@1190,0%@1190,0%@1190,5%@1190] EMC_FREQ 0% GR3D_FREQ 0% AUX@43.5C CPU@44.5C thermal@43.8C AO@43.5C GPU@43.5C PMIC@50C
10-01-2026 11:24:34 RAM 4849/6833MB (lfb 1x2MB) SWAP 44/3417MB (cached 0MB) CPU [0%@1420,0%@1420,0%@1420,9%@1420,0%@1420,0%@1420] EMC_FREQ 0% GR3D_FREQ 0% AUX@43.5C CPU@44.5C thermal@43.8C AO@43.5C GPU@43.5C PMIC@50C
10-01-2026 11:24:35 RAM 4849/6833MB (lfb 1x2MB) SWAP 44/3417MB (cached 0MB) CPU [4%@1420,9%@1420,0%@1420,9%@1420,0%@1420,9%@1420] EMC_FREQ 0% GR3D_FREQ 0% AUX@43.5C CPU@44.5C thermal@43.65C AO@43.5C GPU@43C PMIC@50C
10-01-2026 11:24:35 RAM 4849/6833MB (lfb 1x2MB) SWAP 44/3417MB (cached 0MB) CPU [4%@1420,0%@1420,4%@1420,0%@1420,0%@1420,4%@1420] EMC_FREQ 0% GR3D_FREQ 0% AUX@43.5C CPU@44.5C thermal@43.65C AO@43.5C GPU@43C PMIC@50C
10-01-2026 11:24:35 RAM 4849/6833MB (lfb 1x2MB) SWAP 44/3417MB (cached 0MB) CPU [66%@1190,9%@1190,0%@1190,0%@1420,5%@1420,0%@1420] EMC_FREQ 0% GR3D_FREQ 0% AUX@43.5C CPU@44.5C thermal@43.65C AO@43.5C GPU@43C PMIC@50C
10-01-2026 11:24:35 RAM 4849/6833MB (lfb 1x2MB) SWAP 44/3417MB (cached 0MB) CPU [0%@1420,5%@1420,4%@1420,4%@1420,0%@1420,4%@1420] EMC_FREQ 0% GR3D_FREQ 0% AUX@43.5C CPU@44.5C thermal@43.65C AO@43.5C GPU@43.5C PMIC@50C
10-01-2026 11:24:35 RAM 4849/6833MB (lfb 1x2MB) SWAP 44/3417MB (cached 0MB) CPU [9%@1190,0%@1190,0%@1420,0%@1420,0%@1420,5%@1420] EMC_FREQ 0% GR3D_FREQ 0% AUX@43.5C CPU@44.5C thermal@43.65C AO@43.5C GPU@43.5C PMIC@50C
10-01-2026 11:24:36 RAM 4849/6833MB (lfb 1x2MB) SWAP 44/3417MB (cached 0MB) CPU [0%@1420,5%@1420,0%@1420,0%@1420,4%@1420,0%@1420] EMC_FREQ 0% GR3D_FREQ 0% AUX@43.5C CPU@44.5C thermal@43.65C AO@43.5C GPU@43C PMIC@50C
10-01-2026 11:24:36 RAM 4849/6833MB (lfb 1x2MB) SWAP 44/3417MB (cached 0MB) CPU [0%@1420,5%@1420,4%@1420,4%@1420,10%@1420,5%@1420] EMC_FREQ 0% GR3D_FREQ 0% AUX@43.5C CPU@44C thermal@43.65C AO@43.5C GPU@43.5C PMIC@50C
10-01-2026 11:24:36 RAM 4849/6833MB (lfb 1x2MB) SWAP 44/3417MB (cached 0MB) CPU [4%@1420,4%@1420,0%@1420,5%@1420,0%@1420,4%@1420] EMC_FREQ 0% GR3D_FREQ 0% AUX@43.5C CPU@44C thermal@43.65C AO@43.5C GPU@43C PMIC@50C
10-01-2026 11:24:36 RAM 4849/6833MB (lfb 1x2MB) SWAP 44/3417MB (cached 0MB) CPU [5%@1190,4%@1420,0%@1420,0%@1420,4%@1420,4%@1420] EMC_FREQ 0% GR3D_FREQ 0% AUX@43.5C CPU@44C thermal@43.65C AO@43.5C GPU@43.5C PMIC@50C
10-01-2026 11:24:36 RAM 4849/6833MB (lfb 1x2MB) SWAP 44/3417MB (cached 0MB) CPU [0%@1420,0%@1420,0%@1420,0%@1420,5%@1420,0%@1420] EMC_FREQ 0% GR3D_FREQ 0% AUX@43.5C CPU@44.5C thermal@43.65C AO@43.5C GPU@43.5C PMIC@50C
10-01-2026 11:24:37 RAM 4849/6833MB (lfb 1x2MB) SWAP 44/3417MB (cached 0MB) CPU [0%@1420,0%@1420,0%@1420,0%@1420,0%@1420,4%@1420] EMC_FREQ 0% GR3D_FREQ 0% AUX@43.5C CPU@44C thermal@43.65C AO@43.5C GPU@43C PMIC@50C
10-01-2026 11:24:37 RAM 4849/6833MB (lfb 1x2MB) SWAP 44/3417MB (cached 0MB) CPU [9%@1190,0%@1190,0%@1420,4%@1420,0%@1420,0%@1420] EMC_FREQ 0% GR3D_FREQ 0% AUX@43.5C CPU@44C thermal@43.5C AO@43.5C GPU@43.5C PMIC@50C
10-01-2026 11:24:37 RAM 4849/6833MB (lfb 1x2MB) SWAP 44/3417MB (cached 0MB) CPU [57%@1420,5%@1420,0%@1420,0%@1420,9%@1420,5%@1420] EMC_FREQ 0% GR3D_FREQ 0% AUX@43.5C CPU@44C thermal@43.5C AO@43.5C GPU@43C PMIC@50C
10-01-2026 11:24:37 RAM 4849/6833MB (lfb 1x2MB) SWAP 44/3417MB (cached 0MB) CPU [10%@1190,0%@1190,9%@1190,9%@1420,9%@1420,9%@1420] EMC_FREQ 0% GR3D_FREQ 0% AUX@43.5C CPU@44C thermal@43.5C AO@43C GPU@43C PMIC@50C
10-01-2026 11:24:37 RAM 4849/6833MB (lfb 1x2MB) SWAP 44/3417MB (cached 0MB) CPU [0%@1190,5%@1420,5%@1420,0%@1420,0%@1420,0%@1420] EMC_FREQ 0% GR3D_FREQ 0% AUX@43.5C CPU@44C thermal@43.5C AO@43.5C GPU@43.5C PMIC@50C
10-01-2026 11:24:38 RAM 4849/6833MB (lfb 1x2MB) SWAP 44/3417MB (cached 0MB) CPU [5%@1420,9%@1420,0%@1420,0%@1420,0%@1420,20%@1420] EMC_FREQ 0% GR3D_FREQ 0% AUX@43.5C CPU@44.5C thermal@43.5C AO@43.5C GPU@43C PMIC@50C
10-01-2026 11:24:38 RAM 4849/6833MB (lfb 1x2MB) SWAP 44/3417MB (cached 0MB) CPU [0%@1190,4%@1420,4%@1420,0%@1420,0%@1420,4%@1420] EMC_FREQ 0% GR3D_FREQ 0% AUX@43.5C CPU@44C thermal@43.5C AO@43.5C GPU@43C PMIC@50C
10-01-2026 11:24:38 RAM 4849/6833MB (lfb 1x2MB) SWAP 44/3417MB (cached 0MB) CPU [0%@1420,0%@1420,0%@1420,0%@1420,4%@1420,4%@1420] EMC_FREQ 0% GR3D_FREQ 0% AUX@43C CPU@44C thermal@43.3C AO@43.5C GPU@43C PMIC@50C
10-01-2026 11:24:38 RAM 4849/6833MB (lfb 1x2MB) SWAP 44/3417MB (cached 0MB) CPU [0%@1190,0%@1190,0%@1190,4%@1190,0%@1190,5%@1190] EMC_FREQ 0% GR3D_FREQ 0% AUX@43.5C CPU@44C thermal@43.3C AO@43C GPU@43.5C PMIC@50C
10-01-2026 11:24:38 RAM 4849/6833MB (lfb 1x2MB) SWAP 44/3417MB (cached 0MB) CPU [0%@1190,0%@1190,4%@1190,4%@1190,0%@1420,4%@1420] EMC_FREQ 0% GR3D_FREQ 0% AUX@43.5C CPU@44C thermal@43.3C AO@43.5C GPU@43C PMIC@50C
10-01-2026 11:24:39 RAM 4849/6833MB (lfb 1x2MB) SWAP 44/3417MB (cached 0MB) CPU [9%@1420,4%@1420,4%@1420,0%@1420,0%@1420,4%@1420] EMC_FREQ 0% GR3D_FREQ 0% AUX@43.5C CPU@44C thermal@43.3C AO@43C GPU@43C PMIC@50C
10-01-2026 11:24:39 RAM 4849/6833MB (lfb 1x2MB) SWAP 44/3417MB (cached 0MB) CPU [0%@1420,4%@1420,0%@1420,0%@1420,4%@1420,5%@1420] EMC_FREQ 0% GR3D_FREQ 0% AUX@43.5C CPU@44C thermal@43.3C AO@43C GPU@43C PMIC@50C
10-01-2026 11:24:39 RAM 4849/6833MB (lfb 1x2MB) SWAP 44/3417MB (cached 0MB) CPU [0%@1420,0%@1420,0%@1420,4%@1420,0%@1420,0%@1420] EMC_FREQ 0% GR3D_FREQ 0% AUX@43.5C CPU@44C thermal@43.5C AO@43C GPU@43C PMIC@50C
10-01-2026 11:24:39 RAM 4849/6833MB (lfb 1x2MB) SWAP 44/3417MB (cached 0MB) CPU [0%@1420,5%@1420,0%@1420,0%@1420,5%@1420,0%@1420] EMC_FREQ 0% GR3D_FREQ 0% AUX@43C CPU@44C thermal@43.5C AO@43C GPU@43C PMIC@50C
10-01-2026 11:24:39 RAM 4849/6833MB (lfb 1x2MB) SWAP 44/3417MB (cached 0MB) CPU [4%@1190,0%@1190,0%@1190,5%@1190,4%@1190,0%@1190] EMC_FREQ 0% GR3D_FREQ 0% AUX@43C CPU@44C thermal@43.5C AO@43C GPU@43C PMIC@50C
10-01-2026 11:24:40 RAM 4849/6833MB (lfb 1x2MB) SWAP 44/3417MB (cached 0MB) CPU [4%@1420,5%@1420,4%@1420,0%@1420,0%@1420,0%@1420] EMC_FREQ 0% GR3D_FREQ 0% AUX@43C CPU@44C thermal@43.5C AO@43C GPU@43.5C PMIC@50C
10-01-2026 11:24:40 RAM 4849/6833MB (lfb 1x2MB) SWAP 44/3417MB (cached 0MB) CPU [0%@1190,0%@1420,5%@1420,9%@1420,0%@1420,4%@1420] EMC_FREQ 0% GR3D_FREQ 0% AUX@43C CPU@44C thermal@43.5C AO@43C GPU@43.5C PMIC@50C
10-01-2026 11:24:40 RAM 4849/6833MB (lfb 1x2MB) SWAP 44/3417MB (cached 0MB) CPU [0%@1190,5%@1420,0%@1420,4%@1420,4%@1420,0%@1420] EMC_FREQ 0% GR3D_FREQ 0% AUX@43C CPU@44C thermal@43.5C AO@43C GPU@43C PMIC@50C
10-01-2026 11:24:40 RAM 4849/6833MB (lfb 1x2MB) SWAP 44/3417MB (cached 0MB) CPU [68%@1190,4%@1420,4%@1420,0%@1420,0%@1420,0%@1420] EMC_FREQ 0% GR3D_FREQ 0% AUX@43C CPU@44C thermal@43.3C AO@43.5C GPU@43C PMIC@50C
10-01-2026 11:24:40 RAM 4849/6833MB (lfb 1x2MB) SWAP 44/3417MB (cached 0MB) CPU [4%@1420,4%@1420,4%@1420,0%@1420,4%@1420,0%@1420] EMC_FREQ 0% GR3D_FREQ 0% AUX@43C CPU@44C thermal@43.3C AO@43C GPU@43C PMIC@50C
10-01-2026 11:24:41 RAM 4849/6833MB (lfb 1x2MB) SWAP 44/3417MB (cached 0MB) CPU [0%@1190,5%@1190,0%@1190,0%@1190,0%@1190,4%@1190] EMC_FREQ 0% GR3D_FREQ 0% AUX@43C CPU@44C thermal@43.3C AO@43C GPU@43C PMIC@50C
10-01-2026 11:24:41 RAM 4849/6833MB (lfb 1x2MB) SWAP 44/3417MB (cached 0MB) CPU [5%@1420,0%@1420,0%@1420,0%@1420,0%@1420,0%@1420] EMC_FREQ 0% GR3D_FREQ 0% AUX@43C CPU@44C thermal@43.3C AO@43C GPU@43C PMIC@50C
10-01-2026 11:24:41 RAM 4849/6833MB (lfb 1x2MB) SWAP 44/3417MB (cached 0MB) CPU [4%@1190,0%@1190,0%@1190,4%@1420,0%@1420,0%@1420] EMC_FREQ 0% GR3D_FREQ 0% AUX@43C CPU@44C thermal@43.3C AO@43C GPU@43C PMIC@50C
10-01-2026 11:24:41 RAM 4849/6833MB (lfb 1x2MB) SWAP 44/3417MB (cached 0MB) CPU [0%@1190,9%@1420,0%@1420,4%@1420,0%@1420,0%@1420] EMC_FREQ 0% GR3D_FREQ 0% AUX@43C CPU@44C thermal@43.3C AO@43C GPU@43C PMIC@50C
10-01-2026 11:24:41 RAM 4849/6833MB (lfb 1x2MB) SWAP 44/3417MB (cached 0MB) CPU [0%@1190,9%@1190,0%@1190,0%@1190,4%@1190,4%@1190] EMC_FREQ 0% GR3D_FREQ 0% AUX@43C CPU@44C thermal@43.3C AO@43C GPU@43C PMIC@50C
10-01-2026 11:24:42 RAM 4849/6833MB (lfb 1x2MB) SWAP 44/3417MB (cached 0MB) CPU [0%@1190,0%@1190,0%@1190,0%@1190,4%@1190,0%@1190] EMC_FREQ 0% GR3D_FREQ 0% AUX@43C CPU@44C thermal@43.3C AO@43.5C GPU@43C PMIC@50C
10-01-2026 11:24:42 RAM 4849/6833MB (lfb 1x2MB) SWAP 44/3417MB (cached 0MB) CPU [0%@1190,0%@1190,0%@1190,4%@1190,0%@1190,5%@1190] EMC_FREQ 0% GR3D_FREQ 0% AUX@43C CPU@44C thermal@43.3C AO@43C GPU@43C PMIC@50C
10-01-2026 11:24:42 RAM 4849/6833MB (lfb 1x2MB) SWAP 44/3417MB (cached 0MB) CPU [5%@1420,40%@1420,0%@1420,5%@1420,0%@1420,4%@1420] EMC_FREQ 0% GR3D_FREQ 0% AUX@43C CPU@44C thermal@43.3C AO@43C GPU@43C PMIC@50C
10-01-2026 11:24:42 RAM 4849/6833MB (lfb 1x2MB) SWAP 44/3417MB (cached 0MB) CPU [4%@1420,25%@1420,4%@1420,4%@1420,0%@1420,0%@1420] EMC_FREQ 0% GR3D_FREQ 0% AUX@43C CPU@44C thermal@43.3C AO@43C GPU@43C PMIC@50C
10-01-2026 11:24:42 RAM 4849/6833MB (lfb 1x2MB) SWAP 44/3417MB (cached 0MB) CPU [13%@1420,4%@1420,0%@1420,0%@1420,4%@1420,0%@1420] EMC_FREQ 0% GR3D_FREQ 0% AUX@43C CPU@44C thermal@43.15C AO@43C GPU@43C PMIC@50C
10-01-2026 11:24:43 RAM 4849/6833MB (lfb 1x2MB) SWAP 44/3417MB (cached 0MB) CPU [0%@1190,5%@1420,4%@1420,0%@1420,0%@1420,5%@1420] EMC_FREQ 0% GR3D_FREQ 0% AUX@43C CPU@44C thermal@43.15C AO@43C GPU@43C PMIC@50C
10-01-2026 11:24:43 RAM 4849/6833MB (lfb 1x2MB) SWAP 44/3417MB (cached 0MB) CPU [0%@1190,0%@1190,0%@1190,0%@1190,0%@1190,4%@1190] EMC_FREQ 0% GR3D_FREQ 0% AUX@43C CPU@44C thermal@43.15C AO@43C GPU@43C PMIC@50C
10-01-2026 11:24:43 RAM 4849/6833MB (lfb 1x2MB) SWAP 44/3417MB (cached 0MB) CPU [0%@1420,4%@1420,0%@1420,0%@1420,4%@1420,5%@1420] EMC_FREQ 0% GR3D_FREQ 0% AUX@43C CPU@44C thermal@43.15C AO@43C GPU@43C PMIC@50C
10-01-2026 11:24:43 RAM 4849/6833MB (lfb 1x2MB) SWAP 44/3417MB (cached 0MB) CPU [0%@1190,0%@1420,0%@1420,9%@1420,0%@1420,0%@1420] EMC_FREQ 0% GR3D_FREQ 0% AUX@43C CPU@44C thermal@43.15C AO@43C GPU@43C PMIC@50C
10-01-2026 11:24:43 RAM 4849/6833MB (lfb 1x2MB) SWAP 44/3417MB (cached 0MB) CPU [9%@1420,5%@1420,0%@1420,0%@1420,4%@1420,4%@1420] EMC_FREQ 0% GR3D_FREQ 0% AUX@43C CPU@44C thermal@43.3C AO@43C GPU@43C PMIC@50C
10-01-2026 11:24:44 RAM 4849/6833MB (lfb 1x2MB) SWAP 44/3417MB (cached 0MB) CPU [0%@1190,0%@1190,5%@1190,4%@1190,0%@1190,0%@1190] EMC_FREQ 0% GR3D_FREQ 0% AUX@43C CPU@44C thermal@43.3C AO@43C GPU@43C PMIC@50C
10-01-2026 11:24:44 RAM 4849/6833MB (lfb 1x2MB) SWAP 44/3417MB (cached 0MB) CPU [5%@1190,5%@1190,4%@1190,5%@1420,0%@1420,5%@1420] EMC_FREQ 0% GR3D_FREQ 0% AUX@43C CPU@43.5C thermal@43.3C AO@43C GPU@43C PMIC@50C
10-01-2026 11:24:44 RAM 4849/6833MB (lfb 1x2MB) SWAP 44/3417MB (cached 0MB) CPU [9%@1190,0%@1190,0%@1190,0%@1190,0%@1190,4%@1190] EMC_FREQ 0% GR3D_FREQ 0% AUX@43C CPU@43.5C thermal@43.3C AO@43C GPU@43C PMIC@50C
10-01-2026 11:24:44 RAM 4849/6833MB (lfb 1x2MB) SWAP 44/3417MB (cached 0MB) CPU [0%@1190,0%@1420,4%@1420,0%@1420,4%@1420,4%@1420] EMC_FREQ 0% GR3D_FREQ 0% AUX@43C CPU@43.5C thermal@43.3C AO@43C GPU@43C PMIC@50C
10-01-2026 11:24:44 RAM 4849/6833MB (lfb 1x2MB) SWAP 44/3417MB (cached 0MB) CPU [9%@1190,0%@1420,4%@1420,0%@1420,0%@1420,4%@1420] EMC_FREQ 0% GR3D_FREQ 0% AUX@43C CPU@43.5C thermal@43.3C AO@43C GPU@43C PMIC@50C
10-01-2026 11:24:45 RAM 4849/6833MB (lfb 1x2MB) SWAP 44/3417MB (cached 0MB) CPU [0%@1420,5%@1420,4%@1420,9%@1420,0%@1420,0%@1420] EMC_FREQ 0% GR3D_FREQ 0% AUX@43C CPU@43.5C thermal@43.3C AO@43.5C GPU@43C PMIC@50C
10-01-2026 11:24:45 RAM 4849/6833MB (lfb 1x2MB) SWAP 44/3417MB (cached 0MB) CPU [0%@1190,4%@1190,0%@1420,0%@1420,0%@1420,0%@1420] EMC_FREQ 0% GR3D_FREQ 0% AUX@43C CPU@44C thermal@43.3C AO@43C GPU@43C PMIC@50C
10-01-2026 11:24:45 RAM 4849/6833MB (lfb 1x2MB) SWAP 44/3417MB (cached 0MB) CPU [0%@1190,5%@1190,0%@1190,0%@1420,9%@1420,0%@1420] EMC_FREQ 0% GR3D_FREQ 0% AUX@43C CPU@43.5C thermal@43.3C AO@43C GPU@43C PMIC@50C
10-01-2026 11:24:45 RAM 4849/6833MB (lfb 1x2MB) SWAP 44/3417MB (cached 0MB) CPU [4%@1190,4%@1190,0%@1420,0%@1420,4%@1420,0%@1420] EMC_FREQ 0% GR3D_FREQ 0% AUX@43C CPU@43.5C thermal@43.3C AO@43C GPU@43C PMIC@50C
10-01-2026 11:24:46 RAM 4849/6833MB (lfb 1x2MB) SWAP 44/3417MB (cached 0MB) CPU [0%@1190,5%@1190,0%@1190,4%@1190,0%@1190,65%@1190] EMC_FREQ 0% GR3D_FREQ 0% AUX@43C CPU@44C thermal@43.3C AO@43C GPU@43C PMIC@50C
10-01-2026 11:24:46 RAM 4768/6833MB (lfb 1x2MB) SWAP 44/3417MB (cached 0MB) CPU [23%@1420,0%@1420,5%@1420,9%@1420,15%@1420,19%@1420] EMC_FREQ 0% GR3D_FREQ 0% AUX@43C CPU@44C thermal@43.15C AO@43C GPU@42.5C PMIC@50C
10-01-2026 11:24:46 RAM 4151/6833MB (lfb 22x4MB) SWAP 44/3417MB (cached 0MB) CPU [100%@1420,0%@1420,0%@1420,0%@1420,4%@1420,5%@1420] EMC_FREQ 0% GR3D_FREQ 0% AUX@43C CPU@44C thermal@43.15C AO@43C GPU@43C PMIC@50C
10-01-2026 11:24:46 RAM 3009/6833MB (lfb 165x4MB) SWAP 44/3417MB (cached 0MB) CPU [100%@1420,4%@1420,0%@1420,0%@1420,4%@1420,4%@1420] EMC_FREQ 0% GR3D_FREQ 0% AUX@43C CPU@44C thermal@43.15C AO@42.5C GPU@43C PMIC@50C
10-01-2026 11:24:46 RAM 2328/6833MB (lfb 217x4MB) SWAP 44/3417MB (cached 0MB) CPU [100%@1420,4%@1420,4%@1420,0%@1420,0%@1420,0%@1420] EMC_FREQ 0% GR3D_FREQ 0% AUX@43C CPU@44C thermal@43.15C AO@43C GPU@43C PMIC@50C
10-01-2026 11:24:47 RAM 1359/6833MB (lfb 242x4MB) SWAP 44/3417MB (cached 0MB) CPU [100%@1420,23%@1420,9%@1420,10%@1420,31%@1420,5%@1420] EMC_FREQ 0% GR3D_FREQ 0% AUX@43C CPU@44C thermal@43.15C AO@43C GPU@43C PMIC@50C
